Div,Date,HomeTeam,AwayTeam,FTHG,FTAG,FTR,HS,AS,HST,AST,HF,AF,HC,AC,HY,AY,HR,AR,B365H,B365D,B365A,PSH,PSD,PSA,BbMxH,BbMxD,BbMxA,BbAvH,BbAvD,BbAvA,Bb1X2,Season
F1,2014-08-08,Reims,Paris Saint-Germain,2.0,2.0,D,9.0,16.0,3.0,6.0,15.0,16.0,1.0,5.0,0.0,2.0,0.0,0.0,9.5,4.5,1.36,10.88,4.97,1.37,13.0,5.4,1.45,9.68,4.72,1.35,42.0,2014/2015
F1,2014-08-09,Bastia,Marseille,3.0,3.0,D,13.0,9.0,4.0,4.0,25.0,21.0,1.0,4.0,3.0,1.0,0.0,0.0,3.9,3.1,2.05,3.98,3.34,2.11,4.25,3.45,2.12,3.73,3.25,2.04,46.0,2014/2015
F1,2014-08-09,Evian Thonon Gaillard,Caen,0.0,3.0,A,10.0,12.0,2.0,7.0,12.0,9.0,5.0,6.0,1.0,1.0,0.0,0.0,2.38,3.2,3.0,2.44,3.28,3.22,2.5,3.4,3.3,2.37,3.15,3.05,46.0,2014/2015
F1,2014-08-09,Guingamp,Saint-Etienne,0.0,2.0,A,6.0,7.0,3.0,2.0,9.0,19.0,4.0,5.0,3.0,4.0,0.0,0.0,3.3,3.1,2.3,3.45,3.12,2.41,3.4,3.3,2.5,3.19,3.09,2.35,45.0,2014/2015
F1,2014-08-09,Lille,Metz,0.0,0.0,D,14.0,2.0,3.0,1.0,9.0,23.0,8.0,3.0,0.0,1.0,0.0,0.0,1.5,4.1,6.5,1.53,4.13,7.65,1.56,4.2,8.0,1.51,3.9,6.94,46.0,2014/2015
F1,2014-08-09,Montpellier,Bordeaux,0.0,1.0,A,15.0,7.0,3.0,3.0,15.0,21.0,5.0,1.0,2.0,2.0,0.0,0.0,2.3,3.1,3.2,2.53,3.08,3.29,2.56,3.22,3.3,2.39,3.08,3.12,46.0,2014/2015
F1,2014-08-09,Nantes,Lens,1.0,0.0,H,14.0,5.0,4.0,2.0,8.0,7.0,3.0,2.0,0.0,1.0,0.0,0.0,2.0,3.25,3.9,2.04,3.28,4.36,2.05,3.4,4.4,2.01,3.25,3.88,46.0,2014/2015
F1,2014-08-09,Nice,Toulouse,3.0,2.0,H,22.0,11.0,8.0,3.0,10.0,9.0,12.0,7.0,0.0,1.0,0.0,0.0,2.63,3.1,2.75,2.85,3.09,2.85,2.85,3.2,3.0,2.67,3.03,2.79,45.0,2014/2015
F1,2014-08-10,Lyon,Rennes,2.0,0.0,H,19.0,7.0,6.0,1.0,19.0,13.0,5.0,1.0,2.0,1.0,0.0,0.0,1.8,3.4,4.75,1.85,3.52,4.95,1.91,3.55,4.95,1.84,3.38,4.49,46.0,2014/2015
F1,2014-08-10,Monaco,Lorient,1.0,2.0,A,12.0,9.0,7.0,3.0,11.0,19.0,10.0,4.0,3.0,2.0,1.0,0.0,1.4,4.33,8.5,1.42,4.7,9.4,1.45,4.8,10.0,1.4,4.35,8.41,45.0,2014/2015
F1,2014-08-15,Caen,Lille,0.0,1.0,A,11.0,8.0,3.0,1.0,10.0,4.0,3.0,9.0,2.0,2.0,1.0,0.0,3.6,3.1,2.15,3.72,3.21,2.25,4.1,3.37,2.4,3.68,3.2,2.11,48.0,2014/2015
F1,2014-08-16,Metz,Nantes,1.0,1.0,D,12.0,6.0,5.0,2.0,12.0,17.0,4.0,7.0,2.0,1.0,0.0,0.0,2.38,3.0,3.2,2.4,3.14,3.46,2.5,3.35,3.5,2.38,3.06,3.18,49.0,2014/2015
F1,2014-08-16,Lorient,Nice,0.0,0.0,D,13.0,9.0,6.0,2.0,14.0,10.0,8.0,2.0,1.0,1.0,0.0,0.0,1.75,3.4,5.0,1.78,3.55,5.48,1.9,3.6,5.6,1.77,3.4,4.86,49.0,2014/2015
F1,2014-08-16,Lens,Guingamp,0.0,1.0,A,14.0,10.0,4.0,4.0,14.0,5.0,7.0,2.0,4.0,1.0,0.0,0.0,2.88,3.0,2.63,2.89,3.1,2.8,2.94,3.2,3.1,2.77,3.05,2.7,49.0,2014/2015
F1,2014-08-16,Toulouse,Lyon,2.0,1.0,H,10.0,18.0,6.0,3.0,11.0,12.0,6.0,4.0,3.0,1.0,0.0,0.0,2.5,3.25,2.8,2.51,3.27,3.13,2.6,3.35,3.2,2.48,3.18,2.92,49.0,2014/2015
F1,2014-08-16,Rennes,Evian Thonon Gaillard,6.0,2.0,H,9.0,9.0,7.0,3.0,4.0,12.0,6.0,1.0,0.0,1.0,0.0,0.0,1.73,3.5,5.0,1.79,3.58,5.22,1.8,3.7,5.4,1.76,3.45,4.85,49.0,2014/2015
F1,2014-08-16,Paris Saint-Germain,Bastia,2.0,0.0,H,15.0,5.0,5.0,1.0,9.0,15.0,4.0,4.0,1.0,3.0,0.0,0.0,1.13,8.0,19.0,1.15,9.0,21.5,1.19,9.2,23.0,1.15,7.78,17.42,48.0,2014/2015
F1,2014-08-17,Bordeaux,Monaco,4.0,1.0,H,9.0,9.0,5.0,3.0,12.0,21.0,3.0,4.0,1.0,3.0,0.0,0.0,2.8,3.2,2.55,3.02,3.22,2.61,3.15,3.3,2.61,2.88,3.15,2.52,49.0,2014/2015
F1,2014-08-17,Marseille,Montpellier,0.0,2.0,A,22.0,10.0,5.0,3.0,18.0,17.0,6.0,1.0,1.0,0.0,0.0,0.0,1.55,3.75,6.5,1.59,3.98,6.9,1.65,4.0,6.9,1.58,3.73,6.15,49.0,2014/2015
F1,2014-08-17,Saint-Etienne,Reims,3.0,1.0,H,19.0,7.0,9.0,2.0,8.0,11.0,6.0,3.0,2.0,2.0,0.0,0.0,1.5,3.75,7.5,1.52,4.2,7.9,1.6,4.2,8.0,1.51,3.87,7.15,49.0,2014/2015
F1,2014-08-22,Evian Thonon Gaillard,Paris Saint-Germain,0.0,0.0,D,9.0,7.0,2.0,3.0,18.0,7.0,5.0,0.0,3.0,2.0,0.0,1.0,9.0,4.6,1.36,10.3,5.12,1.37,10.5,5.3,1.45,8.98,4.79,1.36,49.0,2014/2015
F1,2014-08-23,Bastia,Toulouse,1.0,0.0,H,8.0,14.0,3.0,3.0,13.0,19.0,3.0,0.0,3.0,1.0,0.0,0.0,2.9,3.1,2.5,2.84,3.35,2.68,2.92,3.35,2.8,2.76,3.17,2.61,50.0,2014/2015
F1,2014-08-23,Guingamp,Marseille,0.0,1.0,A,4.0,16.0,2.0,3.0,16.0,14.0,4.0,6.0,1.0,3.0,0.0,0.0,2.9,3.1,2.5,3.03,3.2,2.61,3.3,3.3,2.64,2.96,3.12,2.5,50.0,2014/2015
F1,2014-08-23,Lille,Lorient,2.0,0.0,H,13.0,7.0,6.0,1.0,12.0,8.0,2.0,3.0,0.0,1.0,0.0,0.0,1.75,3.4,5.0,1.79,3.55,5.44,1.85,3.65,5.7,1.77,3.39,5.01,50.0,2014/2015
F1,2014-08-23,Montpellier,Metz,2.0,0.0,H,12.0,12.0,5.0,3.0,13.0,19.0,5.0,5.0,0.0,2.0,0.0,0.0,1.85,3.5,4.2,1.92,3.37,4.82,1.96,3.52,5.2,1.87,3.32,4.49,50.0,2014/2015
F1,2014-08-23,Nice,Bordeaux,1.0,3.0,A,11.0,12.0,2.0,7.0,12.0,21.0,7.0,1.0,2.0,4.0,0.0,1.0,3.2,3.2,2.3,3.37,3.21,2.4,3.45,3.3,2.6,3.18,3.14,2.35,50.0,2014/2015
F1,2014-08-23,Reims,Caen,0.0,2.0,A,12.0,16.0,4.0,6.0,4.0,12.0,5.0,3.0,1.0,0.0,0.0,0.0,2.38,3.25,3.0,2.47,3.29,3.17,2.56,3.35,3.17,2.41,3.18,3.02,50.0,2014/2015
F1,2014-08-24,Lyon,Lens,0.0,1.0,A,16.0,7.0,4.0,2.0,19.0,17.0,5.0,1.0,1.0,3.0,0.0,0.0,1.44,4.33,7.0,1.53,4.09,7.74,1.55,4.4,8.0,1.51,3.99,6.89,50.0,2014/2015
F1,2014-08-24,Nantes,Monaco,0.0,1.0,A,15.0,6.0,5.0,2.0,12.0,10.0,5.0,9.0,0.0,2.0,0.0,0.0,3.5,3.3,2.1,3.74,3.23,2.23,3.75,3.32,2.3,3.43,3.19,2.2,49.0,2014/2015
F1,2014-08-24,Saint-Etienne,Rennes,0.0,0.0,D,11.0,5.0,2.0,0.0,14.0,21.0,8.0,3.0,2.0,3.0,0.0,0.0,1.73,3.3,5.5,1.72,3.59,6.01,1.8,3.7,6.01,1.72,3.45,5.24,50.0,2014/2015
F1,2014-08-29,Marseille,Nice,4.0,0.0,H,20.0,8.0,8.0,3.0,12.0,16.0,11.0,4.0,1.0,2.0,0.0,0.0,1.5,4.0,7.0,1.55,4.12,7.65,1.55,4.2,8.0,1.51,3.96,6.95,50.0,2014/2015
F1,2014-08-30,Caen,Rennes,0.0,1.0,A,13.0,10.0,4.0,1.0,8.0,19.0,6.0,1.0,0.0,2.0,1.0,0.0,2.63,3.1,2.75,2.72,3.16,2.93,2.8,3.2,2.96,2.65,3.08,2.79,48.0,2014/2015
F1,2014-08-30,Lens,Reims,4.0,2.0,H,17.0,10.0,6.0,2.0,14.0,14.0,4.0,7.0,2.0,2.0,0.0,1.0,2.1,3.2,3.6,2.18,3.27,3.84,2.21,3.4,4.0,2.11,3.23,3.61,50.0,2014/2015
F1,2014-08-30,Lorient,Guingamp,4.0,0.0,H,11.0,8.0,6.0,2.0,7.0,9.0,7.0,8.0,2.0,1.0,0.0,0.0,2.1,3.2,3.6,2.17,3.13,4.1,2.21,3.3,4.1,2.12,3.14,3.69,50.0,2014/2015
F1,2014-08-30,Monaco,Lille,1.0,1.0,D,13.0,4.0,2.0,2.0,11.0,18.0,7.0,2.0,1.0,3.0,0.0,0.0,1.95,3.2,4.2,1.98,3.35,4.6,2.06,3.5,4.61,1.96,3.23,4.15,50.0,2014/2015
F1,2014-08-30,Nantes,Montpellier,1.0,0.0,H,14.0,7.0,5.0,0.0,19.0,10.0,7.0,4.0,2.0,0.0,0.0,0.0,2.25,3.1,3.4,2.36,3.04,3.68,2.36,3.3,3.8,2.25,3.09,3.39,50.0,2014/2015
F1,2014-08-30,Toulouse,Evian Thonon Gaillard,1.0,0.0,H,10.0,7.0,5.0,2.0,12.0,19.0,2.0,7.0,1.0,2.0,0.0,1.0,1.75,3.4,5.0,1.8,3.61,5.18,1.84,3.65,5.3,1.76,3.48,4.8,50.0,2014/2015
F1,2014-08-31,Bordeaux,Bastia,1.0,1.0,D,23.0,8.0,4.0,4.0,17.0,17.0,4.0,0.0,0.0,3.0,0.0,0.0,1.62,3.6,6.0,1.63,3.76,6.79,1.68,4.05,7.2,1.6,3.66,5.99,50.0,2014/2015
F1,2014-08-31,Metz,Lyon,2.0,1.0,H,7.0,17.0,3.0,5.0,19.0,12.0,7.0,4.0,1.0,0.0,0.0,0.0,2.8,3.1,2.6,2.91,3.11,2.77,2.98,3.25,2.77,2.8,3.07,2.6,50.0,2014/2015
F1,2014-08-31,Paris Saint-Germain,Saint-Etienne,5.0,0.0,H,13.0,8.0,8.0,2.0,7.0,14.0,4.0,7.0,0.0,1.0,0.0,0.0,1.53,3.8,6.5,1.52,4.22,7.81,1.56,4.33,8.0,1.5,3.99,6.88,48.0,2014/2015
F1,2014-09-12,Lyon,Monaco,2.0,1.0,H,11.0,16.0,3.0,9.0,13.0,10.0,6.0,7.0,1.0,1.0,0.0,0.0,2.5,3.1,2.9,2.66,3.15,3.05,2.68,3.2,3.15,2.52,3.1,2.96,46.0,2014/2015
F1,2014-09-13,Bastia,Lens,1.0,1.0,D,9.0,6.0,4.0,2.0,12.0,9.0,8.0,2.0,1.0,2.0,0.0,0.0,1.95,3.2,4.2,2.1,3.3,4.07,2.15,3.4,4.33,2.02,3.26,3.88,46.0,2014/2015
F1,2014-09-13,Montpellier,Lorient,1.0,0.0,H,11.0,11.0,1.0,4.0,11.0,16.0,3.0,3.0,1.0,2.0,0.0,0.0,2.05,3.1,3.9,2.13,3.18,4.14,2.25,3.3,4.25,2.09,3.14,3.75,46.0,2014/2015
F1,2014-09-13,Nice,Metz,1.0,0.0,H,9.0,12.0,2.0,1.0,11.0,20.0,8.0,3.0,1.0,2.0,0.0,0.0,2.25,3.1,3.4,2.28,3.11,3.77,2.38,3.2,3.79,2.24,3.07,3.47,46.0,2014/2015
F1,2014-09-13,Reims,Toulouse,2.0,0.0,H,6.0,14.0,3.0,1.0,14.0,14.0,3.0,5.0,0.0,0.0,0.0,0.0,2.88,3.3,2.4,3.16,3.13,2.57,3.2,3.3,2.63,2.94,3.14,2.49,46.0,2014/2015
F1,2014-09-13,Rennes,Paris Saint-Germain,1.0,1.0,D,5.0,8.0,2.0,5.0,11.0,5.0,1.0,2.0,1.0,1.0,0.0,0.0,7.0,4.0,1.5,7.28,4.37,1.52,7.65,4.43,1.53,6.96,4.15,1.48,46.0,2014/2015
F1,2014-09-13,Saint-Etienne,Caen,1.0,0.0,H,12.0,5.0,3.0,1.0,8.0,13.0,6.0,2.0,0.0,2.0,0.0,0.0,1.65,3.6,5.5,1.68,3.79,6.01,1.74,3.8,6.1,1.66,3.66,5.44,46.0,2014/2015
F1,2014-09-14,Evian Thonon Gaillard,Marseille,1.0,3.0,A,10.0,6.0,1.0,4.0,13.0,11.0,5.0,3.0,1.0,0.0,0.0,0.0,3.8,3.1,2.1,3.8,3.32,2.17,3.8,3.35,2.26,3.5,3.22,2.16,46.0,2014/2015
F1,2014-09-14,Guingamp,Bordeaux,2.0,1.0,H,11.0,7.0,6.0,2.0,14.0,10.0,2.0,4.0,0.0,2.0,0.0,0.0,2.75,2.88,2.8,2.85,3.04,2.9,2.89,3.2,2.92,2.73,2.98,2.79,46.0,2014/2015
F1,2014-09-14,Lille,Nantes,2.0,0.0,H,13.0,10.0,5.0,3.0,18.0,21.0,5.0,5.0,2.0,1.0,0.0,0.0,1.73,3.4,5.25,1.79,3.43,5.77,1.8,3.55,6.1,1.74,3.37,5.34,46.0,2014/2015
F1,2014-09-19,Bordeaux,Evian Thonon Gaillard,2.0,1.0,H,7.0,8.0,2.0,2.0,12.0,16.0,4.0,7.0,0.0,2.0,0.0,0.0,1.53,3.8,6.5,1.56,4.2,7.2,1.58,4.2,7.7,1.54,3.91,6.7,46.0,2014/2015
F1,2014-09-20,Metz,Bastia,3.0,1.0,H,19.0,10.0,9.0,1.0,12.0,12.0,4.0,4.0,1.0,2.0,0.0,0.0,2.2,3.2,3.4,2.18,3.17,3.99,2.26,3.3,3.99,2.18,3.15,3.53,45.0,2014/2015
F1,2014-09-20,Marseille,Rennes,3.0,0.0,H,16.0,13.0,7.0,5.0,16.0,22.0,7.0,5.0,1.0,1.0,0.0,0.0,1.57,3.75,6.0,1.6,3.99,6.7,1.7,4.0,6.7,1.62,3.72,5.85,46.0,2014/2015
F1,2014-09-20,Toulouse,Caen,3.0,3.0,D,23.0,12.0,7.0,5.0,10.0,15.0,4.0,6.0,2.0,3.0,0.0,0.0,2.25,3.1,3.4,2.35,3.05,3.64,2.41,3.3,3.7,2.28,3.07,3.41,45.0,2014/2015
F1,2014-09-20,Nantes,Nice,2.0,1.0,H,19.0,4.0,4.0,2.0,14.0,11.0,10.0,4.0,0.0,1.0,0.0,0.0,1.83,3.25,4.75,1.84,3.41,5.32,1.92,3.5,5.32,1.85,3.34,4.6,45.0,2014/2015
F1,2014-09-20,Lorient,Reims,0.0,1.0,A,6.0,7.0,0.0,3.0,9.0,15.0,3.0,1.0,1.0,2.0,0.0,0.0,1.75,3.4,5.0,1.76,3.61,5.51,1.86,3.7,5.6,1.76,3.47,4.95,45.0,2014/2015
F1,2014-09-21,Lens,Saint-Etienne,0.0,1.0,A,9.0,15.0,4.0,3.0,15.0,13.0,5.0,7.0,2.0,2.0,0.0,0.0,3.4,3.25,2.15,3.83,3.12,2.26,4.0,3.3,2.4,3.49,3.14,2.2,44.0,2014/2015
F1,2014-09-21,Lille,Montpellier,0.0,0.0,D,13.0,5.0,2.0,0.0,15.0,10.0,7.0,4.0,0.0,0.0,0.0,0.0,1.8,3.4,4.75,1.81,3.36,5.66,1.86,3.6,5.66,1.78,3.3,5.03,44.0,2014/2015
F1,2014-09-21,Monaco,Guingamp,1.0,0.0,H,19.0,3.0,7.0,2.0,15.0,17.0,6.0,2.0,3.0,2.0,0.0,0.0,1.57,3.7,6.5,1.58,3.97,7.08,1.68,4.0,7.08,1.6,3.71,6.06,44.0,2014/2015
F1,2014-09-21,Paris Saint-Germain,Lyon,1.0,1.0,D,12.0,9.0,3.0,5.0,13.0,17.0,4.0,2.0,3.0,1.0,0.0,0.0,1.33,5.0,9.0,1.32,5.64,11.46,1.38,5.64,12.0,1.32,5.0,9.99,44.0,2014/2015
F1,2014-09-23,Reims,Marseille,0.0,5.0,A,10.0,21.0,3.0,11.0,17.0,14.0,3.0,6.0,1.0,1.0,0.0,0.0,4.0,3.3,1.95,4.38,3.34,2.03,4.5,3.4,2.06,4.05,3.28,1.98,44.0,2014/2015
F1,2014-09-23,Rennes,Toulouse,0.0,3.0,A,16.0,9.0,4.0,5.0,14.0,10.0,6.0,7.0,3.0,3.0,0.0,0.0,2.25,3.25,3.25,2.36,3.37,3.34,2.43,3.37,3.5,2.28,3.24,3.22,44.0,2014/2015
F1,2014-09-24,Guingamp,Metz,0.0,1.0,A,12.0,9.0,1.0,4.0,10.0,29.0,7.0,8.0,1.0,2.0,0.0,1.0,2.05,3.3,3.6,2.15,3.16,4.1,2.21,3.3,4.2,2.07,3.17,3.83,44.0,2014/2015
F1,2014-09-24,Evian Thonon Gaillard,Lens,2.0,1.0,H,14.0,9.0,3.0,4.0,7.0,16.0,4.0,2.0,0.0,0.0,0.0,0.0,2.1,3.25,3.6,2.15,3.36,3.75,2.31,3.38,3.75,2.17,3.25,3.42,44.0,2014/2015
F1,2014-09-24,Bastia,Nantes,0.0,0.0,D,4.0,14.0,0.0,2.0,11.0,17.0,4.0,6.0,2.0,2.0,1.0,0.0,2.4,3.2,3.0,2.41,3.21,3.35,2.47,3.25,3.5,2.33,3.13,3.22,44.0,2014/2015
F1,2014-09-24,Montpellier,Monaco,0.0,1.0,A,9.0,13.0,3.0,7.0,9.0,15.0,4.0,4.0,1.0,1.0,0.0,0.0,3.0,3.2,2.38,3.26,3.23,2.48,3.33,3.35,2.51,3.08,3.18,2.38,44.0,2014/2015
F1,2014-09-24,Nice,Lille,1.0,0.0,H,9.0,6.0,3.0,3.0,15.0,16.0,11.0,2.0,1.0,1.0,0.0,0.0,3.6,3.2,2.1,4.01,3.21,2.16,4.01,3.3,2.25,3.65,3.14,2.14,44.0,2014/2015
F1,2014-09-24,Lyon,Lorient,4.0,0.0,H,14.0,13.0,9.0,2.0,7.0,12.0,5.0,7.0,0.0,1.0,0.0,0.0,1.73,3.4,5.25,1.73,3.71,5.72,1.81,3.71,5.8,1.72,3.52,5.18,43.0,2014/2015
F1,2014-09-24,Caen,Paris Saint-Germain,0.0,2.0,A,14.0,16.0,3.0,8.0,7.0,8.0,2.0,3.0,0.0,0.0,0.0,0.0,6.5,4.2,1.5,7.29,4.38,1.52,7.5,4.55,1.55,6.66,4.14,1.5,44.0,2014/2015
F1,2014-09-25,Saint-Etienne,Bordeaux,1.0,1.0,D,22.0,3.0,7.0,2.0,18.0,19.0,11.0,1.0,1.0,3.0,0.0,0.0,2.05,3.3,3.6,2.07,3.34,4.1,2.21,3.36,4.09,2.08,3.25,3.69,44.0,2014/2015
F1,2014-09-27,Montpellier,Guingamp,2.0,1.0,H,9.0,11.0,5.0,6.0,14.0,21.0,5.0,4.0,0.0,3.0,0.0,1.0,2.0,3.2,4.0,2.01,3.3,4.47,2.07,3.4,4.55,1.96,3.25,4.16,46.0,2014/2015
F1,2014-09-27,Toulouse,Paris Saint-Germain,1.0,1.0,D,11.0,8.0,5.0,2.0,23.0,16.0,4.0,5.0,0.0,3.0,0.0,0.0,5.25,3.6,1.67,5.41,3.8,1.74,6.0,3.8,1.8,5.14,3.63,1.7,46.0,2014/2015
F1,2014-09-27,Lille,Bastia,1.0,0.0,H,19.0,8.0,7.0,2.0,10.0,20.0,5.0,1.0,3.0,3.0,0.0,0.0,1.53,3.8,6.5,1.57,3.85,7.76,1.63,4.0,7.76,1.57,3.67,6.71,46.0,2014/2015
F1,2014-09-27,Lorient,Evian Thonon Gaillard,0.0,2.0,A,16.0,5.0,4.0,3.0,12.0,13.0,9.0,3.0,1.0,2.0,1.0,0.0,1.85,3.4,4.33,1.99,3.4,4.38,2.01,3.6,4.7,1.94,3.35,4.1,46.0,2014/2015
F1,2014-09-27,Metz,Reims,3.0,0.0,H,17.0,4.0,9.0,1.0,14.0,10.0,4.0,3.0,0.0,1.0,0.0,2.0,2.0,3.2,4.0,2.01,3.38,4.31,2.21,3.4,4.33,2.01,3.26,3.96,43.0,2014/2015
F1,2014-09-27,Monaco,Nice,0.0,1.0,A,8.0,8.0,1.0,2.0,13.0,23.0,5.0,2.0,2.0,4.0,0.0,0.0,1.5,4.0,7.0,1.51,4.1,8.32,1.65,4.2,8.32,1.51,3.95,6.97,46.0,2014/2015
F1,2014-09-28,Lens,Caen,0.0,0.0,D,9.0,13.0,2.0,2.0,8.0,8.0,1.0,0.0,1.0,0.0,0.0,0.0,2.8,3.2,2.5,2.95,3.23,2.66,2.98,3.3,2.76,2.79,3.14,2.61,46.0,2014/2015
F1,2014-09-28,Bordeaux,Rennes,2.0,1.0,H,14.0,12.0,4.0,6.0,8.0,8.0,3.0,3.0,1.0,1.0,0.0,0.0,1.73,3.5,5.0,1.75,3.78,5.31,1.81,3.8,5.6,1.75,3.57,4.82,44.0,2014/2015
F1,2014-09-28,Nantes,Lyon,1.0,1.0,D,14.0,10.0,4.0,5.0,13.0,9.0,5.0,3.0,2.0,1.0,0.0,0.0,2.75,3.1,2.63,2.75,3.18,2.88,2.9,3.3,2.9,2.71,3.09,2.73,46.0,2014/2015
F1,2014-09-28,Marseille,Saint-Etienne,2.0,1.0,H,14.0,11.0,8.0,5.0,8.0,12.0,6.0,1.0,1.0,2.0,0.0,0.0,1.85,3.5,4.2,1.86,3.59,4.78,1.92,3.8,4.89,1.83,3.51,4.38,43.0,2014/2015
F1,2014-10-03,Reims,Bordeaux,1.0,0.0,H,7.0,12.0,0.0,3.0,16.0,10.0,6.0,4.0,2.0,2.0,0.0,0.0,3.8,3.2,2.05,3.97,3.3,2.15,4.05,3.4,2.2,3.65,3.24,2.09,44.0,2014/2015
F1,2014-10-04,Bastia,Lorient,0.0,2.0,A,6.0,14.0,3.0,6.0,17.0,15.0,3.0,3.0,1.0,2.0,0.0,0.0,2.15,3.1,3.6,2.23,3.19,3.78,2.32,3.3,3.78,2.17,3.18,3.48,44.0,2014/2015
F1,2014-10-04,Caen,Marseille,1.0,2.0,A,11.0,22.0,4.0,9.0,10.0,11.0,4.0,9.0,0.0,1.0,0.0,0.0,4.0,3.3,1.95,4.02,3.37,2.08,4.05,3.46,2.1,3.74,3.3,2.03,44.0,2014/2015
F1,2014-10-04,Evian Thonon Gaillard,Metz,3.0,0.0,H,8.0,8.0,2.0,3.0,22.0,24.0,2.0,3.0,1.0,5.0,0.0,0.0,2.38,3.1,3.1,2.35,3.2,3.48,2.42,3.3,3.5,2.31,3.13,3.22,42.0,2014/2015
F1,2014-10-04,Nice,Montpellier,1.0,1.0,D,10.0,7.0,2.0,2.0,13.0,16.0,4.0,3.0,1.0,3.0,0.0,0.0,2.3,3.1,3.2,2.49,3.19,3.23,2.52,3.27,3.3,2.4,3.11,3.09,44.0,2014/2015
F1,2014-10-04,Rennes,Lens,2.0,0.0,H,16.0,8.0,7.0,1.0,9.0,7.0,6.0,7.0,1.0,1.0,0.0,0.0,1.83,3.4,4.5,1.87,3.51,4.87,1.92,3.51,4.9,1.84,3.4,4.46,44.0,2014/2015
F1,2014-10-05,Guingamp,Nantes,0.0,1.0,A,16.0,12.0,4.0,3.0,9.0,16.0,6.0,5.0,1.0,3.0,0.0,0.0,2.5,3.0,3.0,2.73,3.01,3.07,2.74,3.1,3.13,2.58,2.97,2.95,44.0,2014/2015
F1,2014-10-05,Lyon,Lille,3.0,0.0,H,14.0,12.0,6.0,2.0,21.0,20.0,3.0,1.0,1.0,4.0,0.0,0.0,2.1,3.1,3.8,2.16,3.24,3.96,2.25,3.3,4.0,2.11,3.16,3.68,44.0,2014/2015
F1,2014-10-05,Paris Saint-Germain,Monaco,1.0,1.0,D,7.0,15.0,2.0,5.0,11.0,17.0,2.0,7.0,3.0,2.0,0.0,0.0,1.44,4.2,7.5,1.48,4.36,8.41,1.51,4.5,8.6,1.46,4.19,7.2,44.0,2014/2015
F1,2014-10-05,Saint-Etienne,Toulouse,0.0,1.0,A,21.0,7.0,1.0,1.0,14.0,16.0,10.0,2.0,1.0,1.0,0.0,0.0,1.8,3.4,4.75,1.91,3.5,4.65,1.92,3.5,4.75,1.87,3.38,4.35,44.0,2014/2015
F1,2014-10-17,Lens,Paris Saint-Germain,1.0,3.0,A,12.0,15.0,4.0,8.0,16.0,8.0,3.0,0.0,0.0,0.0,2.0,1.0,10.0,4.6,1.33,11.07,5.12,1.36,11.5,5.2,1.45,9.85,4.84,1.33,46.0,2014/2015
F1,2014-10-18,Lille,Guingamp,1.0,2.0,A,29.0,6.0,10.0,4.0,8.0,17.0,9.0,1.0,3.0,2.0,0.0,1.0,1.65,3.6,5.5,1.72,3.51,6.33,1.75,3.7,6.5,1.69,3.45,5.66,46.0,2014/2015
F1,2014-10-18,Lorient,Saint-Etienne,0.0,1.0,A,3.0,15.0,1.0,6.0,13.0,15.0,3.0,7.0,2.0,2.0,0.0,0.0,3.1,3.1,2.38,3.45,2.98,2.5,3.45,3.2,2.5,3.16,3.06,2.4,46.0,2014/2015
F1,2014-10-18,Metz,Rennes,0.0,0.0,D,13.0,14.0,3.0,3.0,8.0,11.0,6.0,7.0,2.0,0.0,0.0,0.0,2.38,3.1,3.1,2.54,3.11,3.23,2.58,3.2,3.25,2.41,3.1,3.05,46.0,2014/2015
F1,2014-10-18,Monaco,Evian Thonon Gaillard,2.0,0.0,H,9.0,11.0,4.0,3.0,15.0,12.0,0.0,4.0,3.0,3.0,0.0,0.0,1.44,4.33,7.0,1.5,4.36,7.87,1.53,4.5,8.5,1.46,4.19,7.27,46.0,2014/2015
F1,2014-10-18,Nantes,Reims,1.0,1.0,D,10.0,12.0,4.0,6.0,12.0,14.0,3.0,2.0,2.0,4.0,0.0,0.0,1.62,3.4,6.5,1.67,3.58,6.78,1.75,3.75,6.78,1.66,3.48,5.94,46.0,2014/2015
F1,2014-10-18,Nice,Bastia,0.0,1.0,A,19.0,3.0,4.0,1.0,15.0,13.0,7.0,1.0,3.0,3.0,0.0,0.0,2.05,3.2,3.8,2.11,3.21,4.19,2.15,3.3,4.25,2.07,3.17,3.83,46.0,2014/2015
F1,2014-10-19,Bordeaux,Caen,1.0,1.0,D,12.0,11.0,1.0,4.0,12.0,20.0,5.0,6.0,2.0,3.0,0.0,0.0,1.95,3.3,4.0,1.91,3.56,4.54,1.96,3.6,4.7,1.89,3.41,4.22,46.0,2014/2015
F1,2014-10-19,Lyon,Montpellier,5.0,1.0,H,20.0,10.0,11.0,2.0,18.0,11.0,7.0,6.0,6.0,3.0,0.0,0.0,1.73,3.5,5.0,1.78,3.63,5.38,1.8,3.85,5.5,1.75,3.54,4.88,45.0,2014/2015
F1,2014-10-19,Marseille,Toulouse,2.0,0.0,H,15.0,7.0,5.0,1.0,17.0,22.0,9.0,3.0,2.0,3.0,0.0,0.0,1.67,3.6,5.25,1.68,3.83,5.85,1.73,3.9,5.9,1.67,3.64,5.37,46.0,2014/2015
F1,2014-10-24,Toulouse,Lens,0.0,2.0,A,16.0,7.0,4.0,2.0,8.0,10.0,15.0,2.0,1.0,2.0,0.0,0.0,1.57,3.6,6.5,1.56,4.06,7.3,1.65,4.3,8.06,1.5,3.99,7.07,45.0,2014/2015
F1,2014-10-25,Evian Thonon Gaillard,Nantes,0.0,2.0,A,9.0,14.0,0.0,7.0,9.0,16.0,2.0,4.0,2.0,2.0,0.0,0.0,2.5,3.2,2.88,2.73,3.02,3.07,2.78,3.2,3.1,2.61,3.02,2.88,45.0,2014/2015
F1,2014-10-25,Caen,Lorient,2.0,1.0,H,14.0,8.0,5.0,2.0,10.0,15.0,3.0,4.0,1.0,3.0,0.0,0.0,1.91,3.4,4.0,1.98,3.34,4.5,2.05,3.4,4.46,1.96,3.3,4.05,45.0,2014/2015
F1,2014-10-25,Reims,Montpellier,1.0,0.0,H,12.0,13.0,1.0,5.0,15.0,12.0,5.0,6.0,3.0,0.0,0.0,0.0,2.63,3.1,2.8,2.78,3.04,2.97,2.9,3.2,3.1,2.64,3.05,2.83,45.0,2014/2015
F1,2014-10-25,Paris Saint-Germain,Bordeaux,3.0,0.0,H,11.0,8.0,5.0,1.0,16.0,11.0,5.0,4.0,2.0,0.0,1.0,1.0,1.4,4.6,7.5,1.44,4.69,8.51,1.47,4.7,9.2,1.42,4.37,8.1,45.0,2014/2015
F1,2014-10-25,Bastia,Monaco,1.0,3.0,A,9.0,17.0,5.0,8.0,12.0,19.0,4.0,5.0,3.0,2.0,0.0,0.0,3.6,3.25,2.1,4.2,3.25,2.08,4.34,3.35,2.2,3.8,3.22,2.05,45.0,2014/2015
F1,2014-10-26,Guingamp,Nice,2.0,7.0,A,14.0,13.0,5.0,10.0,12.0,15.0,5.0,7.0,0.0,1.0,0.0,0.0,2.2,3.1,3.5,2.2,3.11,3.99,2.3,3.2,3.97,2.19,3.08,3.56,45.0,2014/2015
F1,2014-10-26,Lyon,Marseille,1.0,0.0,H,10.0,11.0,5.0,4.0,25.0,19.0,3.0,3.0,1.0,3.0,0.0,0.0,2.4,3.3,2.88,2.55,3.44,2.92,2.68,3.55,3.0,2.48,3.33,2.8,45.0,2014/2015
F1,2014-10-26,Rennes,Lille,2.0,0.0,H,12.0,7.0,6.0,3.0,12.0,6.0,5.0,4.0,1.0,2.0,0.0,0.0,2.5,3.2,2.8,2.71,2.95,3.17,2.75,3.2,3.15,2.6,3.0,2.93,45.0,2014/2015
F1,2014-10-26,Saint-Etienne,Metz,1.0,0.0,H,12.0,10.0,5.0,1.0,6.0,16.0,12.0,1.0,1.0,2.0,0.0,0.0,1.57,3.6,6.5,1.65,3.75,6.57,1.7,3.95,7.0,1.61,3.62,6.16,45.0,2014/2015
F1,2014-10-31,Monaco,Reims,1.0,1.0,D,12.0,7.0,5.0,1.0,9.0,15.0,6.0,5.0,1.0,2.0,0.0,0.0,1.44,4.2,7.5,1.47,4.58,8.19,1.55,4.57,9.0,1.44,4.29,7.74,46.0,2014/2015
F1,2014-11-01,Lorient,Paris Saint-Germain,1.0,2.0,A,17.0,12.0,5.0,8.0,15.0,17.0,2.0,4.0,2.0,0.0,0.0,0.0,7.0,4.33,1.44,7.98,4.18,1.52,8.2,4.33,1.53,7.25,4.04,1.48,46.0,2014/2015
F1,2014-11-01,Lille,Saint-Etienne,1.0,1.0,D,17.0,7.0,8.0,3.0,10.0,13.0,6.0,7.0,2.0,2.0,0.0,0.0,2.5,3.0,3.0,2.63,3.03,3.18,2.66,3.1,3.3,2.52,2.95,3.09,46.0,2014/2015
F1,2014-11-01,Guingamp,Bastia,1.0,0.0,H,9.0,7.0,2.0,3.0,13.0,9.0,4.0,5.0,2.0,1.0,0.0,0.0,2.05,3.2,3.75,2.1,3.19,4.24,2.15,3.3,4.3,2.06,3.18,3.86,46.0,2014/2015
F1,2014-11-01,Metz,Caen,3.0,2.0,H,11.0,12.0,4.0,3.0,15.0,6.0,0.0,5.0,2.0,0.0,0.0,1.0,2.5,3.2,2.88,2.62,3.21,3.01,2.64,3.3,3.1,2.5,3.09,2.96,46.0,2014/2015
F1,2014-11-01,Nice,Lyon,1.0,3.0,A,9.0,16.0,3.0,8.0,15.0,19.0,5.0,5.0,3.0,2.0,0.0,0.0,3.3,3.1,2.3,3.25,3.28,2.43,3.4,3.3,2.48,3.16,3.18,2.33,46.0,2014/2015
F1,2014-11-01,Montpellier,Evian Thonon Gaillard,2.0,0.0,H,14.0,7.0,6.0,1.0,13.0,19.0,4.0,5.0,2.0,1.0,0.0,0.0,2.0,3.2,4.0,2.07,3.27,4.22,2.07,3.4,4.6,1.98,3.19,4.14,46.0,2014/2015
F1,2014-11-02,Bordeaux,Toulouse,2.0,1.0,H,13.0,10.0,3.0,2.0,11.0,24.0,4.0,9.0,0.0,4.0,0.0,0.0,2.25,3.25,3.2,2.25,3.35,3.56,2.32,3.4,3.75,2.21,3.22,3.37,46.0,2014/2015
F1,2014-11-02,Marseille,Lens,2.0,1.0,H,14.0,15.0,5.0,4.0,12.0,16.0,9.0,2.0,2.0,1.0,1.0,0.0,1.25,5.25,13.0,1.28,5.92,13.49,1.33,6.0,15.0,1.26,5.45,11.72,46.0,2014/2015
F1,2014-11-02,Nantes,Rennes,1.0,1.0,D,12.0,2.0,3.0,1.0,12.0,18.0,6.0,2.0,3.0,3.0,0.0,0.0,2.05,3.2,3.75,2.14,3.16,4.13,2.21,3.2,4.5,2.1,3.08,3.87,46.0,2014/2015
F1,2014-11-07,Rennes,Lorient,1.0,0.0,H,8.0,6.0,3.0,2.0,16.0,12.0,1.0,3.0,3.0,3.0,0.0,0.0,2.0,3.2,4.0,2.04,3.29,4.41,2.08,3.35,4.42,2.0,3.23,4.03,44.0,2014/2015
F1,2014-11-08,Lens,Bordeaux,1.0,2.0,A,8.0,12.0,2.0,3.0,10.0,10.0,6.0,2.0,2.0,3.0,0.0,0.0,3.5,3.25,2.1,3.57,3.24,2.29,3.75,3.31,2.32,3.44,3.2,2.19,44.0,2014/2015
F1,2014-11-08,Toulouse,Metz,3.0,0.0,H,11.0,12.0,4.0,2.0,18.0,18.0,6.0,2.0,1.0,1.0,0.0,0.0,1.65,3.6,5.5,1.68,3.77,6.02,1.75,3.8,6.02,1.67,3.6,5.45,44.0,2014/2015
F1,2014-11-08,Bastia,Montpellier,2.0,0.0,H,10.0,7.0,5.0,1.0,21.0,17.0,2.0,5.0,2.0,3.0,0.0,0.0,2.5,3.0,3.0,2.6,3.16,3.08,2.64,3.2,3.2,2.5,3.08,2.98,44.0,2014/2015
F1,2014-11-08,Caen,Nantes,1.0,2.0,A,13.0,7.0,5.0,3.0,9.0,12.0,10.0,1.0,0.0,3.0,0.0,0.0,2.38,3.1,3.1,2.51,3.15,3.23,2.54,3.2,3.4,2.41,3.07,3.13,44.0,2014/2015
F1,2014-11-08,Evian Thonon Gaillard,Nice,1.0,0.0,H,10.0,8.0,2.0,4.0,14.0,17.0,3.0,5.0,1.0,3.0,0.0,0.0,2.4,3.1,3.1,2.44,3.11,3.41,2.54,3.2,3.41,2.43,3.03,3.13,44.0,2014/2015
F1,2014-11-09,Lyon,Guingamp,3.0,1.0,H,13.0,11.0,6.0,5.0,21.0,9.0,8.0,3.0,1.0,1.0,0.0,0.0,1.5,4.0,7.0,1.5,4.32,8.0,1.53,4.5,8.5,1.48,4.04,7.36,44.0,2014/2015
F1,2014-11-09,Paris Saint-Germain,Marseille,2.0,0.0,H,21.0,17.0,10.0,2.0,15.0,12.0,6.0,8.0,1.0,0.0,0.0,1.0,1.62,3.75,5.5,1.66,4.07,5.64,1.7,4.1,5.75,1.65,3.8,5.21,44.0,2014/2015
F1,2014-11-09,Reims,Lille,2.0,0.0,H,18.0,9.0,11.0,2.0,15.0,16.0,9.0,3.0,2.0,3.0,0.0,1.0,3.75,3.1,2.1,3.96,3.09,2.23,4.1,3.3,2.3,3.67,3.06,2.17,44.0,2014/2015
F1,2014-11-09,Saint-Etienne,Monaco,1.0,1.0,D,11.0,6.0,3.0,2.0,11.0,19.0,5.0,1.0,2.0,2.0,0.0,1.0,2.25,3.2,3.2,2.36,3.16,3.51,2.45,3.3,3.6,2.32,3.08,3.29,44.0,2014/2015
F1,2014-11-21,Metz,Paris Saint-Germain,2.0,3.0,A,14.0,14.0,4.0,9.0,16.0,13.0,3.0,3.0,4.0,1.0,0.0,0.0,7.5,4.2,1.44,7.94,4.49,1.49,8.0,4.53,1.53,7.19,4.19,1.48,46.0,2014/2015
F1,2014-11-22,Bastia,Lyon,0.0,0.0,D,9.0,7.0,2.0,1.0,19.0,17.0,4.0,6.0,4.0,1.0,0.0,0.0,3.6,3.3,2.05,4.01,3.46,2.07,4.02,3.45,2.15,3.67,3.3,2.06,46.0,2014/2015
F1,2014-11-22,Guingamp,Rennes,0.0,1.0,A,16.0,13.0,2.0,5.0,11.0,17.0,7.0,4.0,2.0,3.0,0.0,0.0,2.5,3.1,2.9,2.74,2.97,3.09,2.8,3.3,3.1,2.61,3.0,2.93,46.0,2014/2015
F1,2014-11-22,Lorient,Lens,1.0,0.0,H,24.0,5.0,13.0,1.0,14.0,14.0,8.0,1.0,1.0,0.0,0.0,1.0,1.8,3.3,4.75,1.88,3.45,4.91,1.91,3.55,5.1,1.83,3.41,4.57,46.0,2014/2015
F1,2014-11-22,Monaco,Caen,2.0,2.0,D,25.0,13.0,9.0,3.0,9.0,17.0,7.0,4.0,0.0,2.0,0.0,0.0,1.62,3.6,6.0,1.63,3.97,6.23,1.67,4.0,7.0,1.62,3.7,5.87,46.0,2014/2015
F1,2014-11-22,Nice,Reims,0.0,0.0,D,13.0,10.0,3.0,2.0,13.0,15.0,6.0,5.0,2.0,2.0,0.0,0.0,1.91,3.4,4.0,2.01,3.37,4.46,2.05,3.45,4.46,1.96,3.29,4.07,46.0,2014/2015
F1,2014-11-23,Marseille,Bordeaux,3.0,1.0,H,26.0,12.0,12.0,4.0,11.0,15.0,4.0,7.0,0.0,1.0,0.0,0.0,1.62,3.6,6.0,1.66,3.86,6.13,1.7,3.9,6.55,1.62,3.73,5.75,46.0,2014/2015
F1,2014-11-23,Montpellier,Toulouse,2.0,0.0,H,19.0,7.0,7.0,1.0,15.0,18.0,2.0,5.0,1.0,2.0,0.0,0.0,2.5,3.1,2.9,2.7,3.13,2.98,2.75,3.25,3.1,2.56,3.09,2.89,46.0,2014/2015
F1,2014-11-23,Nantes,Saint-Etienne,0.0,0.0,D,11.0,13.0,7.0,5.0,17.0,11.0,7.0,3.0,2.0,3.0,0.0,0.0,2.7,3.1,2.7,2.9,2.96,2.94,2.94,3.3,2.93,2.77,2.98,2.77,46.0,2014/2015
F1,2014-11-28,Marseille,Nantes,2.0,0.0,H,15.0,13.0,4.0,4.0,9.0,11.0,5.0,8.0,1.0,2.0,0.0,0.0,1.53,3.75,7.5,1.6,3.91,7.13,1.6,4.0,7.6,1.54,3.86,6.86,45.0,2014/2015
F1,2014-11-29,Paris Saint-Germain,Nice,1.0,0.0,H,10.0,9.0,2.0,4.0,7.0,12.0,4.0,5.0,1.0,2.0,0.0,0.0,1.22,6.5,13.0,1.22,6.89,16.44,1.24,7.5,19.0,1.2,6.44,14.72,46.0,2014/2015
F1,2014-11-29,Caen,Montpellier,1.0,1.0,D,21.0,8.0,8.0,4.0,11.0,11.0,7.0,6.0,2.0,0.0,0.0,0.0,2.3,3.1,3.4,2.36,3.23,3.44,2.5,3.25,3.6,2.31,3.13,3.27,47.0,2014/2015
F1,2014-11-29,Lens,Metz,2.0,0.0,H,15.0,6.0,4.0,1.0,8.0,17.0,5.0,1.0,1.0,3.0,0.0,0.0,2.6,3.1,2.9,2.68,3.09,3.0,2.7,3.19,3.3,2.57,3.06,2.92,47.0,2014/2015
F1,2014-11-29,Rennes,Monaco,2.0,0.0,H,6.0,9.0,3.0,3.0,10.0,9.0,5.0,7.0,1.0,2.0,0.0,0.0,2.9,3.1,2.6,3.01,3.18,2.64,3.0,3.3,2.8,2.84,3.09,2.62,47.0,2014/2015
F1,2014-11-29,Toulouse,Lorient,2.0,3.0,A,14.0,15.0,4.0,9.0,15.0,7.0,1.0,4.0,1.0,0.0,0.0,0.0,1.83,3.5,4.5,1.81,3.49,5.34,1.85,3.65,5.5,1.78,3.43,4.93,46.0,2014/2015
F1,2014-11-29,Reims,Bastia,2.0,1.0,H,11.0,7.0,4.0,3.0,14.0,10.0,6.0,3.0,0.0,1.0,0.0,0.0,2.15,3.25,3.6,2.15,3.23,3.98,2.25,3.3,3.98,2.13,3.17,3.63,46.0,2014/2015
F1,2014-11-30,Bordeaux,Lille,1.0,0.0,H,13.0,7.0,2.0,1.0,8.0,11.0,5.0,2.0,0.0,1.0,0.0,0.0,2.25,3.1,3.5,2.29,3.18,3.65,2.32,3.3,4.0,2.21,3.11,3.54,47.0,2014/2015
F1,2014-11-30,Evian Thonon Gaillard,Guingamp,2.0,0.0,H,9.0,12.0,3.0,5.0,13.0,8.0,4.0,5.0,1.0,1.0,0.0,0.0,2.2,3.1,3.6,2.25,3.09,3.89,2.27,3.3,3.9,2.2,3.1,3.56,47.0,2014/2015
F1,2014-11-30,Saint-Etienne,Lyon,3.0,0.0,H,11.0,12.0,5.0,3.0,22.0,13.0,4.0,6.0,1.0,0.0,0.0,0.0,2.4,3.2,3.1,2.47,3.14,3.32,2.5,3.3,3.45,2.37,3.14,3.14,47.0,2014/2015
F1,2014-12-02,Lorient,Marseille,1.0,1.0,D,11.0,16.0,3.0,8.0,9.0,14.0,4.0,5.0,0.0,1.0,0.0,0.0,4.2,3.5,1.91,4.19,3.58,1.99,4.5,3.6,2.0,4.04,3.45,1.93,48.0,2014/2015
F1,2014-12-02,Monaco,Lens,2.0,0.0,H,8.0,14.0,5.0,3.0,12.0,19.0,5.0,2.0,0.0,2.0,1.0,0.0,1.4,4.5,9.0,1.45,4.45,9.53,1.47,4.8,10.0,1.41,4.36,8.43,47.0,2014/2015
F1,2014-12-02,Nantes,Toulouse,1.0,2.0,A,17.0,8.0,4.0,2.0,10.0,15.0,3.0,4.0,1.0,3.0,0.0,0.0,2.1,3.1,3.8,2.17,3.27,3.94,2.3,3.27,3.94,2.18,3.15,3.57,47.0,2014/2015
F1,2014-12-03,Lille,Paris Saint-Germain,1.0,1.0,D,18.0,15.0,5.0,8.0,14.0,16.0,2.0,7.0,0.0,1.0,0.0,0.0,5.75,3.5,1.7,6.01,3.69,1.7,6.02,3.8,1.75,5.52,3.57,1.67,48.0,2014/2015
F1,2014-12-03,Bastia,Evian Thonon Gaillard,1.0,2.0,A,10.0,8.0,3.0,4.0,18.0,13.0,10.0,2.0,4.0,3.0,0.0,0.0,2.3,3.2,3.25,2.33,3.15,3.56,2.44,3.2,3.57,2.32,3.11,3.27,48.0,2014/2015
F1,2014-12-03,Guingamp,Caen,5.0,1.0,H,17.0,5.0,9.0,2.0,9.0,13.0,6.0,4.0,2.0,1.0,0.0,1.0,2.6,3.2,2.8,2.71,3.21,2.9,2.72,3.22,3.0,2.58,3.12,2.86,48.0,2014/2015
F1,2014-12-03,Montpellier,Saint-Etienne,0.0,2.0,A,9.0,9.0,3.0,6.0,10.0,22.0,6.0,3.0,2.0,0.0,0.0,1.0,3.2,3.0,2.5,3.29,3.17,2.47,3.3,3.2,2.6,3.08,3.06,2.45,48.0,2014/2015
F1,2014-12-03,Nice,Rennes,1.0,2.0,A,10.0,4.0,3.0,2.0,13.0,16.0,7.0,0.0,2.0,1.0,0.0,0.0,2.63,3.0,2.9,2.66,3.21,2.97,2.8,3.2,2.97,2.67,3.06,2.79,48.0,2014/2015
F1,2014-12-03,Metz,Bordeaux,0.0,0.0,D,10.0,13.0,4.0,1.0,21.0,15.0,4.0,3.0,3.0,2.0,0.0,0.0,2.75,3.0,2.8,2.68,3.24,2.9,2.8,3.25,2.92,2.66,3.1,2.79,48.0,2014/2015
F1,2014-12-04,Lyon,Reims,2.0,1.0,H,17.0,12.0,5.0,5.0,20.0,14.0,4.0,3.0,1.0,1.0,0.0,0.0,1.5,4.2,7.0,1.52,4.31,7.52,1.54,4.5,8.0,1.49,4.15,6.93,48.0,2014/2015
F1,2014-12-05,Toulouse,Monaco,0.0,2.0,A,11.0,10.0,1.0,5.0,15.0,13.0,6.0,7.0,1.0,2.0,0.0,0.0,2.63,3.2,2.8,2.8,3.24,2.82,2.84,3.24,2.9,2.71,3.11,2.74,46.0,2014/2015
F1,2014-12-06,Bordeaux,Lorient,3.0,2.0,H,23.0,15.0,11.0,4.0,8.0,6.0,13.0,5.0,0.0,1.0,0.0,0.0,1.85,3.5,4.5,1.91,3.47,4.69,1.93,3.7,4.8,1.87,3.44,4.32,47.0,2014/2015
F1,2014-12-06,Caen,Nice,2.0,3.0,A,15.0,18.0,5.0,10.0,18.0,14.0,7.0,5.0,2.0,1.0,0.0,0.0,2.0,3.3,4.0,2.03,3.4,4.21,2.2,3.55,4.24,2.01,3.29,3.88,47.0,2014/2015
F1,2014-12-06,Paris Saint-Germain,Nantes,2.0,1.0,H,12.0,3.0,4.0,2.0,10.0,16.0,5.0,2.0,1.0,2.0,0.0,0.0,1.29,5.5,11.0,1.3,5.6,12.65,1.33,5.9,14.0,1.28,5.29,11.26,47.0,2014/2015
F1,2014-12-06,Rennes,Montpellier,0.0,4.0,A,15.0,11.0,3.0,10.0,9.0,14.0,7.0,2.0,2.0,1.0,0.0,0.0,2.05,3.2,4.0,2.06,3.33,4.17,2.1,3.4,4.33,2.03,3.25,3.86,47.0,2014/2015
F1,2014-12-06,Saint-Etienne,Bastia,1.0,0.0,H,14.0,12.0,2.0,3.0,10.0,10.0,5.0,3.0,1.0,1.0,0.0,0.0,1.45,4.2,8.0,1.47,4.26,9.06,1.5,4.3,9.2,1.46,4.02,8.12,47.0,2014/2015
F1,2014-12-07,Lens,Lille,1.0,1.0,D,14.0,5.0,3.0,2.0,18.0,6.0,10.0,2.0,4.0,1.0,0.0,0.0,4.2,3.2,2.0,4.38,3.26,2.04,4.39,3.35,2.1,4.06,3.17,2.0,47.0,2014/2015
F1,2014-12-07,Evian Thonon Gaillard,Lyon,2.0,3.0,A,6.0,20.0,2.0,8.0,16.0,22.0,1.0,6.0,2.0,3.0,0.0,0.0,3.5,3.3,2.15,3.71,3.38,2.17,3.8,3.38,2.28,3.43,3.23,2.17,45.0,2014/2015
F1,2014-12-07,Reims,Guingamp,2.0,3.0,A,14.0,7.0,5.0,5.0,15.0,21.0,7.0,3.0,2.0,3.0,0.0,0.0,2.15,3.0,3.8,2.29,3.17,3.67,2.34,3.3,3.9,2.22,3.1,3.46,47.0,2014/2015
F1,2014-12-07,Marseille,Metz,3.0,1.0,H,16.0,14.0,7.0,5.0,9.0,9.0,4.0,5.0,0.0,1.0,0.0,0.0,1.4,4.75,8.0,1.41,4.91,9.0,1.45,5.0,9.0,1.4,4.48,7.93,47.0,2014/2015
F1,2014-12-12,Lyon,Caen,3.0,0.0,H,23.0,9.0,12.0,2.0,9.0,17.0,7.0,2.0,1.0,2.0,0.0,0.0,1.45,4.33,7.5,1.5,4.82,6.9,1.51,4.82,8.0,1.47,4.39,6.77,48.0,2014/2015
F1,2014-12-13,Bastia,Rennes,2.0,0.0,H,16.0,5.0,6.0,1.0,17.0,6.0,6.0,2.0,3.0,2.0,0.0,1.0,3.0,3.2,2.5,2.97,3.06,2.73,3.13,3.2,2.73,2.94,3.05,2.55,47.0,2014/2015
F1,2014-12-13,Lorient,Metz,3.0,1.0,H,21.0,11.0,8.0,2.0,7.0,17.0,3.0,7.0,1.0,1.0,0.0,0.0,1.91,3.4,4.33,1.98,3.41,4.4,1.99,3.5,4.6,1.92,3.34,4.2,47.0,2014/2015
F1,2014-12-13,Montpellier,Lens,3.0,3.0,D,12.0,16.0,5.0,7.0,15.0,30.0,5.0,3.0,2.0,2.0,0.0,0.0,1.8,3.5,4.75,1.85,3.5,5.08,1.86,3.6,5.7,1.79,3.42,4.82,47.0,2014/2015
F1,2014-12-13,Nantes,Bordeaux,2.0,1.0,H,6.0,11.0,1.0,5.0,17.0,15.0,3.0,4.0,1.0,1.0,0.0,0.0,2.2,3.1,3.6,2.22,3.17,3.86,2.4,3.25,3.86,2.21,3.1,3.53,47.0,2014/2015
F1,2014-12-13,Reims,Evian Thonon Gaillard,3.0,2.0,H,14.0,9.0,5.0,5.0,10.0,16.0,5.0,3.0,3.0,3.0,0.0,1.0,2.2,3.2,3.5,2.19,3.17,3.95,2.25,3.3,3.95,2.17,3.14,3.57,47.0,2014/2015
F1,2014-12-14,Lille,Toulouse,3.0,0.0,H,15.0,3.0,7.0,1.0,16.0,18.0,4.0,1.0,3.0,2.0,0.0,1.0,2.05,3.2,4.0,2.11,3.16,4.26,2.14,3.35,4.4,2.05,3.13,3.99,47.0,2014/2015
F1,2014-12-14,Monaco,Marseille,1.0,0.0,H,12.0,10.0,3.0,3.0,16.0,16.0,6.0,8.0,3.0,2.0,0.0,0.0,2.6,3.2,2.8,2.73,3.31,2.8,2.75,3.35,2.9,2.62,3.17,2.77,47.0,2014/2015
F1,2014-12-14,Guingamp,Paris Saint-Germain,1.0,0.0,H,7.0,15.0,2.0,3.0,12.0,12.0,4.0,5.0,0.0,3.0,0.0,0.0,7.5,4.5,1.44,8.31,4.39,1.48,8.6,4.6,1.5,7.57,4.17,1.46,47.0,2014/2015
F1,2014-12-14,Nice,Saint-Etienne,0.0,0.0,D,5.0,11.0,3.0,2.0,12.0,23.0,7.0,6.0,1.0,1.0,1.0,1.0,3.4,3.1,2.3,3.43,3.07,2.45,3.5,3.2,2.5,3.29,3.05,2.35,47.0,2014/2015
F1,2014-12-19,Lens,Nice,2.0,0.0,H,10.0,5.0,5.0,1.0,18.0,13.0,5.0,4.0,3.0,2.0,0.0,0.0,2.4,3.2,3.1,2.49,3.21,3.26,2.5,3.26,3.31,2.42,3.13,3.08,47.0,2014/2015
F1,2014-12-20,Caen,Bastia,1.0,1.0,D,13.0,9.0,1.0,3.0,14.0,15.0,2.0,1.0,1.0,3.0,0.0,0.0,1.95,3.3,4.33,1.99,3.47,4.24,2.05,3.48,4.4,1.96,3.33,4.04,46.0,2014/2015
F1,2014-12-20,Lorient,Nantes,1.0,2.0,A,20.0,14.0,10.0,7.0,8.0,11.0,7.0,4.0,0.0,0.0,0.0,0.0,2.38,3.1,3.3,2.3,3.2,3.6,2.5,3.3,3.6,2.3,3.12,3.29,47.0,2014/2015
F1,2014-12-20,Metz,Monaco,0.0,1.0,A,18.0,10.0,7.0,3.0,17.0,16.0,7.0,4.0,3.0,1.0,0.0,0.0,3.75,3.25,2.1,4.0,3.3,2.14,4.0,3.35,2.2,3.65,3.24,2.11,47.0,2014/2015
F1,2014-12-20,Paris Saint-Germain,Montpellier,0.0,0.0,D,12.0,1.0,4.0,0.0,14.0,19.0,8.0,5.0,1.0,4.0,0.0,0.0,1.25,5.75,13.0,1.24,6.46,15.49,1.29,6.41,17.0,1.24,5.78,12.63,46.0,2014/2015
F1,2014-12-20,Rennes,Reims,1.0,3.0,A,7.0,12.0,2.0,5.0,13.0,9.0,2.0,4.0,2.0,3.0,0.0,0.0,1.83,3.4,4.75,1.86,3.48,4.98,1.92,3.54,5.4,1.83,3.37,4.64,47.0,2014/2015
F1,2014-12-20,Toulouse,Guingamp,1.0,1.0,D,11.0,10.0,5.0,3.0,15.0,12.0,7.0,5.0,2.0,0.0,0.0,0.0,1.91,3.4,4.33,1.96,3.44,4.48,2.0,3.5,4.7,1.92,3.34,4.17,47.0,2014/2015
F1,2014-12-21,Bordeaux,Lyon,0.0,5.0,A,11.0,18.0,4.0,9.0,11.0,12.0,3.0,2.0,1.0,1.0,1.0,0.0,2.6,3.2,2.88,2.57,3.24,3.06,2.65,3.3,3.1,2.52,3.17,2.89,47.0,2014/2015
F1,2014-12-21,Marseille,Lille,2.0,1.0,H,13.0,10.0,1.0,2.0,16.0,9.0,10.0,1.0,1.0,1.0,0.0,0.0,1.67,3.8,5.5,1.64,3.88,6.31,1.71,3.9,6.5,1.65,3.61,5.7,47.0,2014/2015
F1,2014-12-21,Saint-Etienne,Evian Thonon Gaillard,3.0,0.0,H,7.0,6.0,4.0,1.0,8.0,12.0,7.0,2.0,1.0,0.0,0.0,0.0,1.5,4.0,7.5,1.52,4.03,8.57,1.55,4.15,9.0,1.49,3.84,7.82,46.0,2014/2015
F1,2015-01-07,Lille,Evian Thonon Gaillard,1.0,0.0,H,11.0,6.0,3.0,2.0,10.0,15.0,3.0,6.0,0.0,1.0,0.0,0.0,1.67,3.5,6.0,1.71,3.59,6.21,1.75,3.7,6.5,1.68,3.51,5.6,45.0,2014/2015
F1,2015-01-09,Montpellier,Marseille,2.0,1.0,H,12.0,12.0,4.0,4.0,17.0,23.0,3.0,2.0,0.0,3.0,0.0,0.0,4.33,3.4,1.91,4.34,3.42,2.01,4.42,3.45,2.2,4.04,3.31,1.97,46.0,2014/2015
F1,2015-01-10,Guingamp,Lens,2.0,0.0,H,14.0,10.0,3.0,2.0,10.0,21.0,8.0,8.0,1.0,3.0,0.0,0.0,2.0,3.3,4.0,2.06,3.31,4.21,2.1,3.4,4.3,2.0,3.26,3.95,46.0,2014/2015
F1,2015-01-10,Evian Thonon Gaillard,Rennes,1.0,1.0,D,9.0,11.0,3.0,7.0,11.0,9.0,6.0,5.0,3.0,0.0,0.0,0.0,2.7,3.1,2.8,2.78,3.18,2.85,2.8,3.25,2.92,2.67,3.11,2.76,46.0,2014/2015
F1,2015-01-10,Bastia,Paris Saint-Germain,4.0,2.0,H,6.0,10.0,4.0,4.0,21.0,11.0,2.0,0.0,3.0,1.0,0.0,0.0,8.0,4.75,1.4,9.14,4.69,1.42,9.7,4.8,1.47,7.9,4.4,1.42,46.0,2014/2015
F1,2015-01-10,Reims,Saint-Etienne,1.0,2.0,A,25.0,14.0,7.0,6.0,14.0,15.0,9.0,5.0,3.0,1.0,1.0,0.0,3.75,3.25,2.1,3.97,3.27,2.14,4.1,3.3,2.2,3.76,3.19,2.09,45.0,2014/2015
F1,2015-01-10,Nice,Lorient,3.0,1.0,H,20.0,5.0,9.0,1.0,14.0,11.0,8.0,1.0,1.0,0.0,0.0,0.0,2.3,3.2,3.3,2.26,3.26,3.56,2.5,3.28,3.7,2.24,3.19,3.34,46.0,2014/2015
F1,2015-01-10,Lille,Caen,1.0,0.0,H,14.0,5.0,4.0,2.0,9.0,13.0,7.0,6.0,1.0,1.0,0.0,0.0,1.8,3.5,4.75,1.83,3.46,5.29,1.87,3.51,5.29,1.81,3.38,4.76,46.0,2014/2015
F1,2015-01-11,Lyon,Toulouse,3.0,0.0,H,8.0,9.0,5.0,2.0,14.0,17.0,2.0,5.0,1.0,3.0,0.0,0.0,1.57,4.0,6.0,1.58,4.15,6.6,1.65,4.2,6.9,1.57,3.9,5.96,46.0,2014/2015
F1,2015-01-11,Monaco,Bordeaux,0.0,0.0,D,14.0,9.0,4.0,5.0,16.0,15.0,13.0,2.0,1.0,1.0,0.0,0.0,1.75,3.5,5.0,1.73,3.6,5.87,1.8,3.6,5.87,1.74,3.47,5.11,46.0,2014/2015
F1,2015-01-11,Nantes,Metz,0.0,0.0,D,11.0,9.0,1.0,3.0,13.0,18.0,4.0,4.0,1.0,3.0,0.0,0.0,1.75,3.6,5.0,1.8,3.51,5.42,1.85,3.65,5.5,1.77,3.42,4.94,46.0,2014/2015
F1,2015-01-16,Bordeaux,Nice,1.0,2.0,A,8.0,9.0,3.0,2.0,19.0,19.0,1.0,6.0,2.0,5.0,0.0,0.0,1.91,3.3,4.5,1.97,3.45,4.47,2.05,3.45,4.6,1.96,3.28,4.09,48.0,2014/2015
F1,2015-01-17,Caen,Reims,4.0,1.0,H,15.0,12.0,7.0,2.0,16.0,18.0,6.0,8.0,1.0,3.0,0.0,0.0,2.2,3.3,3.4,2.26,3.32,3.55,2.3,3.4,3.6,2.22,3.26,3.32,48.0,2014/2015
F1,2015-01-17,Lens,Lyon,0.0,2.0,A,12.0,8.0,4.0,4.0,16.0,12.0,7.0,1.0,0.0,0.0,0.0,0.0,4.5,3.5,1.85,4.84,3.55,1.86,4.9,3.65,1.91,4.46,3.43,1.83,48.0,2014/2015
F1,2015-01-17,Lorient,Lille,1.0,0.0,H,15.0,13.0,6.0,4.0,22.0,13.0,6.0,7.0,2.0,1.0,0.0,0.0,2.75,3.0,2.88,2.83,3.09,2.87,2.9,3.15,2.94,2.72,3.04,2.75,46.0,2014/2015
F1,2015-01-17,Metz,Montpellier,2.0,3.0,A,7.0,14.0,3.0,5.0,13.0,14.0,5.0,6.0,0.0,1.0,0.0,0.0,2.4,3.1,3.2,2.49,3.12,3.3,2.5,3.2,3.3,2.43,3.08,3.09,48.0,2014/2015
F1,2015-01-17,Monaco,Nantes,1.0,0.0,H,11.0,13.0,4.0,2.0,6.0,18.0,3.0,5.0,1.0,1.0,0.0,0.0,1.62,3.6,6.5,1.65,3.71,6.8,1.72,3.8,7.23,1.6,3.62,6.24,48.0,2014/2015
F1,2015-01-17,Toulouse,Bastia,1.0,1.0,D,13.0,3.0,4.0,1.0,16.0,18.0,7.0,2.0,1.0,1.0,0.0,0.0,1.91,3.3,4.5,1.88,3.53,4.78,1.95,3.5,4.78,1.87,3.34,4.41,48.0,2014/2015
F1,2015-01-18,Marseille,Guingamp,2.0,1.0,H,16.0,11.0,7.0,4.0,16.0,13.0,5.0,4.0,2.0,1.0,1.0,0.0,1.44,4.5,7.5,1.44,4.67,8.47,1.48,4.7,9.4,1.42,4.45,7.76,48.0,2014/2015
F1,2015-01-18,Paris Saint-Germain,Evian Thonon Gaillard,4.0,2.0,H,10.0,5.0,8.0,1.0,11.0,14.0,7.0,4.0,3.0,1.0,0.0,0.0,1.18,7.0,17.0,1.18,7.8,21.6,1.2,8.2,23.0,1.17,7.07,16.63,48.0,2014/2015
F1,2015-01-18,Rennes,Saint-Etienne,0.0,0.0,D,6.0,5.0,1.0,1.0,14.0,19.0,3.0,8.0,1.0,1.0,0.0,0.0,3.0,3.0,2.6,3.22,3.0,2.63,3.35,3.2,2.65,3.0,3.0,2.55,48.0,2014/2015
F1,2015-01-23,Nice,Marseille,2.0,1.0,H,10.0,18.0,3.0,3.0,13.0,23.0,4.0,5.0,3.0,3.0,1.0,0.0,3.5,3.3,2.15,3.82,3.41,2.15,3.87,3.45,2.3,3.5,3.32,2.13,50.0,2014/2015
F1,2015-01-24,Bastia,Bordeaux,0.0,0.0,D,11.0,13.0,4.0,4.0,13.0,14.0,5.0,5.0,1.0,2.0,1.0,0.0,2.5,3.1,3.1,2.62,3.2,3.02,2.68,3.25,3.1,2.56,3.09,2.91,50.0,2014/2015
F1,2015-01-24,Guingamp,Lorient,3.0,2.0,H,11.0,17.0,6.0,5.0,12.0,8.0,5.0,2.0,2.0,1.0,1.0,0.0,2.25,3.2,3.4,2.23,3.29,3.68,2.32,3.3,3.68,2.22,3.18,3.4,51.0,2014/2015
F1,2015-01-24,Lille,Monaco,0.0,1.0,A,11.0,9.0,1.0,2.0,13.0,24.0,5.0,4.0,2.0,2.0,0.0,0.0,2.8,3.1,2.7,2.94,2.99,2.85,2.95,3.2,2.88,2.81,2.96,2.75,50.0,2014/2015
F1,2015-01-24,Montpellier,Nantes,4.0,0.0,H,9.0,14.0,6.0,6.0,12.0,17.0,2.0,2.0,0.0,2.0,0.0,0.0,2.3,3.1,3.4,2.37,3.15,3.49,2.38,3.25,3.6,2.27,3.12,3.36,51.0,2014/2015
F1,2015-01-25,Reims,Lens,0.0,0.0,D,12.0,20.0,3.0,7.0,17.0,21.0,4.0,6.0,2.0,1.0,0.0,0.0,2.3,3.2,3.3,2.39,3.28,3.31,2.42,3.3,3.5,2.3,3.18,3.22,51.0,2014/2015
F1,2015-01-25,Lyon,Metz,2.0,0.0,H,21.0,5.0,6.0,2.0,9.0,17.0,6.0,2.0,2.0,2.0,0.0,1.0,1.36,4.75,9.0,1.35,5.12,11.34,1.4,5.3,11.5,1.34,4.86,9.43,50.0,2014/2015
F1,2015-01-25,Saint-Etienne,Paris Saint-Germain,0.0,1.0,A,10.0,11.0,1.0,3.0,11.0,8.0,8.0,3.0,2.0,3.0,0.0,0.0,3.6,3.4,2.1,3.72,3.25,2.23,3.75,3.4,2.25,3.51,3.23,2.16,50.0,2014/2015
F1,2015-01-25,Rennes,Caen,1.0,4.0,A,14.0,11.0,5.0,5.0,13.0,14.0,4.0,3.0,0.0,0.0,0.0,0.0,2.0,3.3,4.0,2.03,3.42,4.17,2.07,3.5,4.5,1.99,3.32,3.94,51.0,2014/2015
F1,2015-01-25,Evian Thonon Gaillard,Toulouse,1.0,0.0,H,7.0,9.0,3.0,4.0,13.0,17.0,5.0,4.0,0.0,2.0,0.0,1.0,2.5,3.2,2.9,2.62,3.21,3.01,2.68,3.25,3.03,2.54,3.12,2.89,49.0,2014/2015
F1,2015-01-30,Paris Saint-Germain,Rennes,1.0,0.0,H,8.0,7.0,2.0,2.0,7.0,15.0,5.0,6.0,2.0,1.0,0.0,0.0,1.22,6.0,15.0,1.24,6.63,15.65,1.26,6.8,18.0,1.22,6.13,13.7,49.0,2014/2015
F1,2015-01-31,Nantes,Lille,1.0,1.0,D,14.0,14.0,7.0,3.0,13.0,7.0,13.0,1.0,1.0,1.0,0.0,0.0,2.4,3.0,3.3,2.53,3.01,3.36,2.53,3.2,3.6,2.38,2.96,3.3,51.0,2014/2015
F1,2015-01-31,Toulouse,Reims,1.0,0.0,H,16.0,5.0,3.0,2.0,10.0,20.0,8.0,0.0,3.0,2.0,0.0,0.0,1.83,3.5,4.5,1.85,3.58,4.83,2.0,3.58,5.0,1.85,3.41,4.44,51.0,2014/2015
F1,2015-01-31,Lens,Bastia,1.0,1.0,D,20.0,4.0,5.0,1.0,14.0,12.0,5.0,2.0,1.0,2.0,0.0,0.0,2.1,3.2,3.8,2.22,3.2,3.81,2.23,3.35,4.0,2.15,3.17,3.57,50.0,2014/2015
F1,2015-01-31,Lorient,Montpellier,0.0,0.0,D,13.0,7.0,5.0,1.0,19.0,10.0,9.0,3.0,2.0,1.0,0.0,0.0,2.38,3.2,3.2,2.55,3.25,3.08,2.55,3.26,3.4,2.39,3.15,3.08,51.0,2014/2015
F1,2015-01-31,Marseille,Evian Thonon Gaillard,1.0,0.0,H,18.0,3.0,1.0,1.0,11.0,17.0,3.0,0.0,0.0,2.0,0.0,0.0,1.33,5.0,10.0,1.32,5.38,12.05,1.4,5.5,12.0,1.33,4.96,9.5,50.0,2014/2015
F1,2015-01-31,Metz,Nice,0.0,0.0,D,10.0,4.0,3.0,0.0,13.0,13.0,4.0,1.0,2.0,1.0,0.0,1.0,2.6,3.0,3.0,2.63,3.2,3.01,2.75,3.23,3.1,2.58,3.08,2.87,51.0,2014/2015
F1,2015-02-01,Monaco,Lyon,0.0,0.0,D,9.0,6.0,1.0,3.0,15.0,14.0,5.0,2.0,1.0,1.0,0.0,0.0,2.1,3.2,3.8,2.18,3.26,3.86,2.3,3.4,3.9,2.14,3.17,3.56,50.0,2014/2015
F1,2015-02-01,Bordeaux,Guingamp,1.0,1.0,D,14.0,9.0,3.0,5.0,8.0,11.0,7.0,4.0,2.0,4.0,1.0,0.0,1.95,3.3,4.2,2.0,3.49,4.27,2.05,3.45,4.4,1.97,3.29,3.96,51.0,2014/2015
F1,2015-02-01,Caen,Saint-Etienne,1.0,0.0,H,14.0,11.0,5.0,1.0,13.0,12.0,4.0,12.0,2.0,2.0,0.0,0.0,3.5,3.1,2.25,3.53,3.31,2.29,3.7,3.35,2.32,3.32,3.17,2.24,50.0,2014/2015
F1,2015-02-06,Saint-Etienne,Lens,3.0,3.0,D,14.0,13.0,6.0,8.0,15.0,10.0,3.0,4.0,3.0,2.0,0.0,0.0,1.57,3.75,7.0,1.62,3.99,6.53,1.63,4.0,7.5,1.57,3.73,6.55,51.0,2014/2015
F1,2015-02-07,Bastia,Metz,2.0,0.0,H,14.0,8.0,8.0,5.0,12.0,17.0,2.0,2.0,1.0,3.0,0.0,1.0,2.2,3.1,3.6,2.21,3.17,3.9,2.27,3.25,4.0,2.18,3.1,3.6,51.0,2014/2015
F1,2015-02-07,Caen,Toulouse,2.0,0.0,H,12.0,13.0,4.0,1.0,15.0,15.0,3.0,8.0,0.0,2.0,0.0,0.0,2.25,3.2,3.4,2.29,3.43,3.36,2.38,3.43,3.55,2.23,3.28,3.27,51.0,2014/2015
F1,2015-02-07,Evian Thonon Gaillard,Bordeaux,0.0,1.0,A,8.0,4.0,4.0,1.0,18.0,19.0,5.0,1.0,1.0,3.0,0.0,0.0,2.9,3.1,2.6,2.93,3.18,2.71,2.93,3.21,2.76,2.8,3.1,2.63,51.0,2014/2015
F1,2015-02-07,Montpellier,Lille,1.0,2.0,A,13.0,9.0,8.0,5.0,19.0,20.0,9.0,1.0,0.0,1.0,0.0,0.0,2.2,3.2,3.6,2.29,3.13,3.72,2.31,3.2,3.75,2.22,3.05,3.49,51.0,2014/2015
F1,2015-02-07,Reims,Lorient,1.0,3.0,A,10.0,12.0,4.0,4.0,12.0,14.0,7.0,6.0,1.0,1.0,0.0,0.0,2.5,3.2,3.0,2.55,3.28,3.05,2.6,3.3,3.1,2.45,3.18,2.96,51.0,2014/2015
F1,2015-02-07,Rennes,Marseille,1.0,1.0,D,11.0,10.0,2.0,2.0,11.0,12.0,4.0,4.0,2.0,3.0,0.0,1.0,3.3,3.2,2.3,3.39,3.33,2.33,3.55,3.35,2.36,3.29,3.21,2.25,50.0,2014/2015
F1,2015-02-08,Guingamp,Monaco,1.0,0.0,H,7.0,19.0,2.0,5.0,9.0,14.0,2.0,7.0,2.0,2.0,1.0,0.0,3.5,3.1,2.25,3.48,3.15,2.38,3.5,3.25,2.45,3.32,3.07,2.3,51.0,2014/2015
F1,2015-02-08,Lyon,Paris Saint-Germain,1.0,1.0,D,7.0,14.0,2.0,6.0,15.0,11.0,3.0,3.0,3.0,2.0,0.0,0.0,3.4,3.3,2.2,3.63,3.39,2.19,3.7,3.4,2.28,3.42,3.25,2.18,50.0,2014/2015
F1,2015-02-08,Nice,Nantes,0.0,0.0,D,19.0,8.0,7.0,2.0,11.0,17.0,5.0,1.0,2.0,2.0,0.0,0.0,2.2,3.1,3.7,2.24,3.22,3.73,2.3,3.24,3.75,2.18,3.12,3.56,51.0,2014/2015
F1,2015-02-13,Marseille,Reims,2.0,2.0,D,21.0,14.0,5.0,5.0,7.0,15.0,14.0,4.0,1.0,2.0,0.0,0.0,1.33,5.0,9.5,1.37,5.24,9.9,1.4,5.6,10.0,1.35,4.99,8.65,49.0,2014/2015
F1,2015-02-14,Toulouse,Rennes,2.0,1.0,H,18.0,11.0,6.0,3.0,16.0,21.0,5.0,5.0,1.0,1.0,0.0,0.0,2.25,3.2,3.4,2.26,3.23,3.67,2.3,3.3,3.75,2.22,3.18,3.42,50.0,2014/2015
F1,2015-02-14,Nantes,Bastia,0.0,2.0,A,11.0,6.0,3.0,2.0,13.0,14.0,0.0,3.0,3.0,2.0,1.0,0.0,1.91,3.3,4.5,2.0,3.41,4.31,2.01,3.4,4.75,1.94,3.23,4.3,50.0,2014/2015
F1,2015-02-14,Lens,Evian Thonon Gaillard,0.0,2.0,A,13.0,8.0,3.0,3.0,8.0,18.0,5.0,2.0,1.0,2.0,1.0,1.0,1.95,3.4,4.2,1.95,3.45,4.49,2.0,3.45,4.6,1.93,3.3,4.21,50.0,2014/2015
F1,2015-02-14,Lille,Nice,0.0,0.0,D,8.0,5.0,1.0,1.0,9.0,21.0,5.0,3.0,3.0,3.0,1.0,0.0,2.0,3.2,4.2,2.0,3.27,4.54,2.06,3.4,4.9,1.96,3.17,4.3,48.0,2014/2015
F1,2015-02-14,Paris Saint-Germain,Caen,2.0,2.0,D,13.0,14.0,6.0,7.0,11.0,17.0,5.0,5.0,1.0,2.0,0.0,0.0,1.25,6.0,12.0,1.27,6.2,13.35,1.3,7.0,15.0,1.25,5.88,11.46,49.0,2014/2015
F1,2015-02-15,Bordeaux,Saint-Etienne,1.0,0.0,H,13.0,11.0,4.0,4.0,13.0,14.0,5.0,3.0,0.0,2.0,0.0,0.0,2.6,3.1,2.9,2.7,3.14,2.97,2.74,3.2,3.0,2.61,3.06,2.86,49.0,2014/2015
F1,2015-02-15,Lorient,Lyon,1.0,1.0,D,13.0,9.0,3.0,6.0,14.0,15.0,3.0,5.0,1.0,3.0,0.0,0.0,3.25,3.25,2.3,3.24,3.39,2.37,3.6,3.4,2.41,3.2,3.25,2.28,49.0,2014/2015
F1,2015-02-15,Metz,Guingamp,0.0,2.0,A,14.0,13.0,2.0,5.0,19.0,9.0,7.0,3.0,3.0,1.0,0.0,0.0,2.6,3.1,2.9,2.77,3.02,3.01,2.78,3.2,3.01,2.66,2.99,2.83,49.0,2014/2015
F1,2015-02-20,Nice,Monaco,0.0,1.0,A,10.0,10.0,3.0,2.0,16.0,13.0,7.0,3.0,5.0,0.0,0.0,1.0,3.2,3.0,2.38,3.57,3.07,2.42,3.5,3.2,2.6,3.28,3.0,2.39,49.0,2014/2015
F1,2015-02-21,Caen,Lens,4.0,1.0,H,8.0,14.0,4.0,3.0,13.0,14.0,3.0,7.0,1.0,2.0,0.0,0.0,2.0,3.4,3.9,2.0,3.49,4.18,2.1,3.49,4.18,2.01,3.32,3.89,49.0,2014/2015
F1,2015-02-21,Paris Saint-Germain,Toulouse,3.0,1.0,H,8.0,8.0,4.0,3.0,12.0,12.0,7.0,3.0,2.0,1.0,0.0,0.0,1.25,6.0,12.0,1.29,5.93,12.41,1.31,6.12,13.0,1.28,5.67,10.76,48.0,2014/2015
F1,2015-02-21,Bastia,Lille,2.0,1.0,H,7.0,10.0,5.0,3.0,11.0,14.0,4.0,8.0,0.0,1.0,0.0,0.0,2.8,3.0,2.75,2.88,2.94,2.96,2.9,3.2,3.01,2.77,2.93,2.82,49.0,2014/2015
F1,2015-02-21,Rennes,Bordeaux,1.0,1.0,D,8.0,20.0,3.0,6.0,11.0,11.0,4.0,9.0,3.0,3.0,0.0,0.0,2.4,3.1,3.2,2.47,3.17,3.28,2.5,3.25,3.35,2.4,3.11,3.13,49.0,2014/2015
F1,2015-02-22,Guingamp,Montpellier,0.0,2.0,A,4.0,16.0,2.0,9.0,13.0,19.0,1.0,4.0,0.0,1.0,0.0,0.0,2.25,3.2,3.4,2.44,3.27,3.24,2.44,3.27,3.45,2.33,3.15,3.22,49.0,2014/2015
F1,2015-02-22,Lyon,Nantes,1.0,0.0,H,15.0,5.0,3.0,0.0,14.0,22.0,5.0,4.0,2.0,5.0,0.0,0.0,1.57,3.8,6.5,1.53,4.16,7.51,1.57,4.2,7.73,1.54,3.88,6.72,48.0,2014/2015
F1,2015-02-22,Reims,Metz,0.0,0.0,D,13.0,12.0,3.0,6.0,14.0,15.0,7.0,6.0,1.0,2.0,0.0,0.0,2.15,3.1,3.8,2.1,3.32,4.05,2.2,3.33,4.1,2.11,3.19,3.72,49.0,2014/2015
F1,2015-02-22,Saint-Etienne,Marseille,2.0,2.0,D,16.0,13.0,6.0,4.0,22.0,19.0,3.0,5.0,1.0,4.0,0.0,0.0,2.55,3.2,2.9,2.52,3.24,3.13,2.62,3.3,3.13,2.49,3.14,2.97,48.0,2014/2015
F1,2015-02-27,Marseille,Caen,2.0,3.0,A,21.0,15.0,9.0,10.0,12.0,7.0,4.0,6.0,1.0,1.0,0.0,0.0,1.44,4.5,7.5,1.47,4.75,7.8,1.52,4.8,8.5,1.44,4.47,7.23,47.0,2014/2015
F1,2015-02-28,Bordeaux,Reims,1.0,1.0,D,14.0,7.0,6.0,3.0,9.0,15.0,6.0,3.0,1.0,1.0,0.0,0.0,1.7,3.6,5.5,1.71,3.79,5.66,1.8,3.8,5.75,1.71,3.57,5.15,49.0,2014/2015
F1,2015-02-28,Lens,Rennes,0.0,1.0,A,13.0,8.0,2.0,2.0,16.0,13.0,1.0,2.0,3.0,1.0,0.0,0.0,2.3,3.2,3.3,2.45,3.22,3.27,2.45,3.3,3.45,2.36,3.14,3.18,49.0,2014/2015
F1,2015-02-28,Lille,Lyon,2.0,1.0,H,13.0,10.0,3.0,4.0,27.0,23.0,0.0,5.0,2.0,2.0,0.0,0.0,2.8,3.1,2.7,2.91,3.09,2.8,3.0,3.2,2.8,2.8,3.05,2.68,47.0,2014/2015
F1,2015-02-28,Lorient,Bastia,2.0,0.0,H,18.0,8.0,6.0,4.0,9.0,12.0,7.0,8.0,1.0,1.0,0.0,0.0,1.95,3.3,4.33,1.93,3.49,4.53,2.1,3.53,4.8,1.94,3.31,4.15,48.0,2014/2015
F1,2015-02-28,Metz,Evian Thonon Gaillard,1.0,2.0,A,13.0,5.0,5.0,2.0,13.0,9.0,3.0,8.0,3.0,1.0,0.0,0.0,2.15,3.25,3.6,2.19,3.23,3.86,2.22,3.3,4.09,2.14,3.17,3.63,48.0,2014/2015
F1,2015-02-28,Toulouse,Saint-Etienne,1.0,1.0,D,11.0,7.0,4.0,4.0,11.0,17.0,6.0,1.0,2.0,1.0,0.0,0.0,2.88,3.1,2.63,2.98,3.13,2.7,3.1,3.2,2.7,2.87,3.04,2.62,47.0,2014/2015
F1,2015-03-01,Monaco,Paris Saint-Germain,0.0,0.0,D,6.0,12.0,1.0,2.0,18.0,14.0,1.0,7.0,1.0,2.0,0.0,0.0,3.25,3.1,2.38,3.39,3.14,2.43,3.5,3.25,2.45,3.29,3.08,2.33,45.0,2014/2015
F1,2015-03-01,Montpellier,Nice,2.0,1.0,H,12.0,15.0,5.0,7.0,19.0,17.0,1.0,1.0,3.0,4.0,0.0,0.0,2.1,3.2,3.8,2.09,3.25,4.2,2.16,3.3,4.2,2.08,3.18,3.81,47.0,2014/2015
F1,2015-03-01,Nantes,Guingamp,1.0,0.0,H,9.0,3.0,3.0,2.0,25.0,11.0,1.0,2.0,4.0,4.0,1.0,0.0,2.2,3.1,3.6,2.2,3.22,3.84,2.3,3.25,3.9,2.2,3.09,3.56,48.0,2014/2015
F1,2015-03-04,Evian Thonon Gaillard,Lorient,1.0,0.0,H,7.0,17.0,2.0,7.0,13.0,8.0,4.0,5.0,3.0,3.0,0.0,0.0,2.63,3.25,2.75,2.78,3.09,2.93,2.87,3.25,3.0,2.67,3.12,2.77,47.0,2014/2015
F1,2015-03-06,Toulouse,Marseille,1.0,6.0,A,16.0,11.0,2.0,8.0,19.0,23.0,4.0,4.0,1.0,2.0,0.0,0.0,3.1,3.2,2.4,3.13,3.34,2.49,3.25,3.35,2.5,3.01,3.23,2.41,46.0,2014/2015
F1,2015-03-07,Bastia,Nice,2.0,1.0,H,14.0,5.0,7.0,1.0,17.0,15.0,10.0,2.0,3.0,3.0,0.0,2.0,2.3,3.1,3.4,2.41,3.17,3.4,2.5,3.25,3.5,2.33,3.07,3.3,46.0,2014/2015
F1,2015-03-07,Caen,Bordeaux,1.0,2.0,A,8.0,15.0,1.0,5.0,11.0,15.0,3.0,4.0,1.0,3.0,1.0,0.0,2.7,3.0,2.88,2.63,3.35,2.88,2.9,3.35,2.88,2.64,3.17,2.74,47.0,2014/2015
F1,2015-03-07,Evian Thonon Gaillard,Monaco,1.0,3.0,A,11.0,11.0,6.0,5.0,11.0,8.0,6.0,3.0,0.0,1.0,0.0,0.0,4.2,3.1,2.05,4.57,3.24,2.01,4.6,3.4,2.1,4.11,3.19,2.0,46.0,2014/2015
F1,2015-03-07,Paris Saint-Germain,Lens,4.0,1.0,H,27.0,8.0,14.0,3.0,8.0,17.0,7.0,3.0,1.0,3.0,0.0,0.0,1.2,6.25,15.0,1.23,6.65,16.35,1.25,7.3,19.0,1.21,6.33,14.09,46.0,2014/2015
F1,2015-03-07,Reims,Nantes,3.0,1.0,H,22.0,7.0,9.0,4.0,10.0,15.0,8.0,4.0,4.0,2.0,0.0,1.0,2.5,3.1,3.1,2.54,3.17,3.17,2.6,3.2,3.25,2.45,3.07,3.07,47.0,2014/2015
F1,2015-03-07,Rennes,Metz,1.0,0.0,H,7.0,16.0,4.0,4.0,9.0,8.0,3.0,3.0,1.0,1.0,0.0,0.0,1.85,3.4,4.75,1.91,3.39,4.83,1.92,3.5,5.0,1.85,3.32,4.57,47.0,2014/2015
F1,2015-03-08,Guingamp,Lille,0.0,1.0,A,4.0,15.0,2.0,4.0,21.0,14.0,3.0,8.0,2.0,3.0,0.0,0.0,2.63,3.1,2.88,2.77,3.12,2.91,2.8,3.3,3.0,2.62,3.03,2.88,47.0,2014/2015
F1,2015-03-08,Montpellier,Lyon,1.0,5.0,A,10.0,15.0,4.0,8.0,16.0,22.0,1.0,1.0,4.0,5.0,0.0,0.0,2.9,3.1,2.5,2.96,3.32,2.58,3.1,3.32,2.72,2.88,3.17,2.53,46.0,2014/2015
F1,2015-03-08,Saint-Etienne,Lorient,2.0,0.0,H,15.0,5.0,4.0,2.0,15.0,16.0,3.0,4.0,3.0,0.0,0.0,1.0,1.65,3.6,6.0,1.64,3.88,6.3,1.69,3.88,7.0,1.63,3.66,5.87,46.0,2014/2015
F1,2015-03-13,Monaco,Bastia,3.0,0.0,H,15.0,6.0,9.0,0.0,10.0,13.0,8.0,1.0,0.0,0.0,0.0,2.0,1.57,3.7,7.0,1.66,3.85,6.35,1.66,3.9,7.66,1.6,3.65,6.4,47.0,2014/2015
F1,2015-03-13,Nice,Guingamp,1.0,2.0,A,12.0,10.0,2.0,5.0,14.0,16.0,4.0,4.0,2.0,2.0,0.0,0.0,2.4,3.0,3.3,2.46,3.17,3.35,2.5,3.2,3.6,2.38,3.04,3.24,47.0,2014/2015
F1,2015-03-14,Metz,Saint-Etienne,2.0,3.0,A,13.0,7.0,4.0,4.0,14.0,12.0,8.0,4.0,2.0,0.0,0.0,0.0,3.8,3.2,2.1,4.13,3.16,2.14,4.13,3.4,2.18,3.78,3.16,2.1,46.0,2014/2015
F1,2015-03-14,Lorient,Caen,2.0,1.0,H,27.0,9.0,8.0,3.0,15.0,9.0,9.0,3.0,0.0,1.0,0.0,1.0,1.91,3.5,4.2,1.95,3.66,4.19,2.0,3.66,4.33,1.92,3.45,4.01,47.0,2014/2015
F1,2015-03-14,Nantes,Evian Thonon Gaillard,2.0,1.0,H,10.0,12.0,4.0,4.0,9.0,14.0,2.0,3.0,2.0,4.0,0.0,0.0,2.0,3.2,4.2,2.1,3.2,4.24,2.14,3.4,4.4,2.03,3.15,4.03,47.0,2014/2015
F1,2015-03-14,Montpellier,Reims,3.0,1.0,H,14.0,14.0,7.0,5.0,14.0,15.0,2.0,5.0,1.0,1.0,0.0,0.0,1.85,3.3,4.75,1.84,3.66,4.77,1.88,3.66,5.2,1.82,3.45,4.56,47.0,2014/2015
F1,2015-03-14,Lens,Toulouse,1.0,0.0,H,11.0,12.0,4.0,2.0,15.0,13.0,6.0,6.0,2.0,1.0,0.0,0.0,2.5,3.1,3.1,2.43,3.31,3.21,2.5,3.31,3.21,2.42,3.17,3.03,47.0,2014/2015
F1,2015-03-15,Bordeaux,Paris Saint-Germain,3.0,2.0,H,22.0,7.0,6.0,5.0,18.0,17.0,6.0,3.0,2.0,3.0,0.0,0.0,4.2,3.4,1.95,4.42,3.5,1.95,4.45,3.5,2.0,4.09,3.34,1.94,45.0,2014/2015
F1,2015-03-15,Lille,Rennes,3.0,0.0,H,16.0,9.0,4.0,2.0,9.0,18.0,5.0,7.0,1.0,1.0,0.0,0.0,1.91,3.2,4.75,1.93,3.31,4.91,1.95,3.6,5.2,1.89,3.25,4.54,47.0,2014/2015
F1,2015-03-15,Marseille,Lyon,0.0,0.0,D,17.0,11.0,5.0,7.0,15.0,19.0,5.0,7.0,4.0,3.0,1.0,0.0,2.05,3.3,3.8,2.07,3.64,3.75,2.15,3.64,3.9,2.04,3.42,3.61,46.0,2014/2015
F1,2015-03-20,Paris Saint-Germain,Lorient,3.0,1.0,H,17.0,10.0,10.0,4.0,9.0,12.0,10.0,5.0,2.0,3.0,0.0,0.0,1.25,6.0,12.0,1.27,6.11,13.33,1.3,7.0,16.0,1.26,5.7,11.68,48.0,2014/2015
F1,2015-03-21,Bastia,Guingamp,0.0,0.0,D,15.0,12.0,5.0,4.0,19.0,20.0,3.0,7.0,1.0,1.0,0.0,0.0,2.9,3.1,2.6,3.0,3.17,2.65,3.0,3.3,3.0,2.85,3.06,2.6,49.0,2014/2015
F1,2015-03-21,Caen,Metz,0.0,0.0,D,15.0,9.0,4.0,2.0,11.0,11.0,8.0,2.0,0.0,0.0,0.0,0.0,1.91,3.5,4.2,1.95,3.5,4.42,1.96,3.58,4.6,1.9,3.4,4.18,49.0,2014/2015
F1,2015-03-21,Evian Thonon Gaillard,Montpellier,1.0,0.0,H,10.0,7.0,1.0,3.0,15.0,11.0,1.0,5.0,2.0,0.0,0.0,0.0,3.0,3.1,2.55,3.05,3.2,2.6,3.05,3.3,3.0,2.88,3.08,2.57,49.0,2014/2015
F1,2015-03-21,Lyon,Nice,1.0,2.0,A,21.0,10.0,8.0,4.0,14.0,16.0,4.0,4.0,4.0,2.0,0.0,1.0,1.53,4.0,7.0,1.56,4.16,6.87,1.57,4.6,8.5,1.52,3.95,6.65,48.0,2014/2015
F1,2015-03-21,Rennes,Nantes,0.0,0.0,D,8.0,9.0,2.0,0.0,10.0,12.0,5.0,2.0,0.0,2.0,0.0,0.0,2.2,3.25,3.5,2.24,3.15,3.84,2.25,3.3,4.05,2.16,3.08,3.62,49.0,2014/2015
F1,2015-03-21,Toulouse,Bordeaux,2.0,1.0,H,10.0,14.0,5.0,7.0,16.0,9.0,8.0,9.0,2.0,2.0,0.0,1.0,2.6,3.0,3.0,2.6,3.21,3.04,2.7,3.3,3.1,2.52,3.09,2.93,49.0,2014/2015
F1,2015-03-22,Lens,Marseille,0.0,4.0,A,16.0,15.0,3.0,6.0,18.0,17.0,9.0,3.0,3.0,2.0,0.0,0.0,4.5,3.6,1.8,4.84,3.7,1.83,4.85,3.7,1.9,4.47,3.51,1.8,46.0,2014/2015
F1,2015-03-22,Reims,Monaco,1.0,3.0,A,16.0,12.0,3.0,5.0,12.0,10.0,5.0,3.0,3.0,2.0,0.0,0.0,4.5,3.3,1.91,4.91,3.35,1.91,5.0,3.4,2.1,4.41,3.25,1.91,49.0,2014/2015
F1,2015-03-22,Saint-Etienne,Lille,2.0,0.0,H,12.0,6.0,6.0,1.0,17.0,8.0,6.0,3.0,3.0,1.0,0.0,1.0,2.0,3.2,4.2,1.98,3.24,4.75,2.05,3.5,4.8,1.96,3.18,4.24,46.0,2014/2015
F1,2015-04-03,Monaco,Saint-Etienne,1.0,1.0,D,7.0,11.0,1.0,3.0,19.0,20.0,6.0,1.0,3.0,1.0,0.0,0.0,1.91,3.2,4.75,1.88,3.34,5.3,2.1,3.4,5.3,1.87,3.22,4.71,48.0,2014/2015
F1,2015-04-04,Montpellier,Bastia,3.0,1.0,H,11.0,6.0,5.0,1.0,10.0,23.0,8.0,1.0,1.0,2.0,0.0,0.0,1.85,3.5,4.5,1.87,3.53,4.83,1.91,3.6,5.0,1.83,3.46,4.47,49.0,2014/2015
F1,2015-04-04,Nice,Evian Thonon Gaillard,2.0,2.0,D,10.0,8.0,3.0,3.0,22.0,19.0,6.0,2.0,5.0,4.0,0.0,0.0,1.95,3.25,4.33,1.91,3.4,4.82,2.0,3.4,5.0,1.92,3.25,4.37,49.0,2014/2015
F1,2015-04-04,Guingamp,Lyon,1.0,3.0,A,4.0,10.0,1.0,6.0,14.0,21.0,0.0,3.0,1.0,2.0,1.0,0.0,3.6,3.25,2.15,3.7,3.37,2.18,4.0,3.55,2.21,3.52,3.28,2.14,47.0,2014/2015
F1,2015-04-04,Lille,Reims,3.0,1.0,H,14.0,10.0,8.0,3.0,16.0,19.0,0.0,2.0,1.0,3.0,0.0,0.0,1.67,3.5,6.0,1.71,3.64,6.08,1.75,3.65,6.5,1.67,3.51,5.73,49.0,2014/2015
F1,2015-04-04,Lorient,Rennes,0.0,3.0,A,24.0,10.0,8.0,5.0,11.0,5.0,5.0,2.0,1.0,1.0,0.0,0.0,2.05,3.3,3.8,1.96,3.44,4.44,2.1,3.45,4.44,1.99,3.31,3.96,49.0,2014/2015
F1,2015-04-04,Metz,Toulouse,3.0,2.0,H,21.0,5.0,8.0,3.0,15.0,9.0,7.0,3.0,2.0,3.0,0.0,1.0,2.8,3.1,2.7,2.83,3.14,2.83,2.88,3.25,2.9,2.72,3.1,2.72,49.0,2014/2015
F1,2015-04-05,Nantes,Caen,1.0,2.0,A,8.0,11.0,4.0,3.0,15.0,8.0,3.0,12.0,1.0,2.0,0.0,0.0,2.2,3.2,3.5,2.24,3.31,3.61,2.3,3.31,3.75,2.2,3.2,3.43,48.0,2014/2015
F1,2015-04-05,Bordeaux,Lens,2.0,1.0,H,17.0,9.0,8.0,2.0,10.0,17.0,3.0,8.0,1.0,2.0,0.0,0.0,1.62,3.8,6.0,1.68,3.94,5.74,1.7,4.0,6.5,1.62,3.79,5.63,48.0,2014/2015
F1,2015-04-05,Marseille,Paris Saint-Germain,2.0,3.0,A,17.0,13.0,5.0,7.0,16.0,16.0,3.0,2.0,3.0,2.0,1.0,0.0,3.1,3.25,2.38,3.18,3.36,2.42,3.21,3.4,2.45,3.05,3.28,2.35,49.0,2014/2015
F1,2015-04-07,Monaco,Montpellier,0.0,0.0,D,10.0,4.0,2.0,1.0,15.0,17.0,9.0,5.0,1.0,2.0,0.0,0.0,1.73,3.5,5.5,1.72,3.77,5.75,1.75,3.8,6.31,1.68,3.56,5.49,47.0,2014/2015
F1,2015-04-10,Caen,Monaco,0.0,3.0,A,7.0,11.0,2.0,4.0,11.0,5.0,5.0,3.0,2.0,0.0,0.0,0.0,3.3,3.3,2.25,3.72,3.3,2.22,3.72,3.4,2.25,3.43,3.23,2.19,49.0,2014/2015
F1,2015-04-12,Bordeaux,Marseille,1.0,0.0,H,11.0,15.0,1.0,3.0,17.0,9.0,5.0,6.0,2.0,1.0,0.0,0.0,2.6,3.3,2.75,2.63,3.38,2.86,2.88,3.4,2.9,2.6,3.24,2.71,50.0,2014/2015
F1,2015-04-12,Evian Thonon Gaillard,Lille,0.0,1.0,A,9.0,9.0,3.0,1.0,15.0,12.0,8.0,1.0,2.0,2.0,0.0,0.0,3.25,3.1,2.4,3.29,3.08,2.52,3.4,3.3,2.6,3.15,3.03,2.43,50.0,2014/2015
F1,2015-04-12,Lens,Lorient,0.0,0.0,D,9.0,7.0,2.0,3.0,14.0,12.0,3.0,5.0,3.0,1.0,0.0,0.0,2.7,3.2,2.75,2.7,3.35,2.82,2.85,3.4,2.88,2.65,3.21,2.72,50.0,2014/2015
F1,2015-04-12,Reims,Nice,0.0,1.0,A,17.0,11.0,3.0,5.0,17.0,15.0,7.0,4.0,3.0,3.0,0.0,0.0,2.3,3.2,3.3,2.36,3.3,3.37,2.4,3.3,3.6,2.29,3.18,3.26,50.0,2014/2015
F1,2015-04-12,Rennes,Guingamp,1.0,0.0,H,11.0,6.0,5.0,1.0,14.0,13.0,7.0,4.0,3.0,3.0,0.0,1.0,2.2,3.1,3.6,2.23,3.26,3.7,2.3,3.3,3.88,2.17,3.18,3.53,50.0,2014/2015
F1,2015-04-12,Saint-Etienne,Nantes,1.0,0.0,H,6.0,9.0,2.0,2.0,11.0,16.0,7.0,7.0,4.0,2.0,0.0,0.0,1.62,3.6,6.5,1.63,3.7,7.17,1.73,4.0,7.17,1.64,3.55,6.04,50.0,2014/2015
F1,2015-04-12,Toulouse,Montpellier,1.0,0.0,H,10.0,9.0,3.0,2.0,24.0,18.0,4.0,6.0,2.0,2.0,0.0,0.0,2.38,3.3,3.1,2.45,3.33,3.16,2.5,3.34,3.3,2.38,3.21,3.05,50.0,2014/2015
F1,2015-04-15,Lyon,Bastia,2.0,0.0,H,15.0,6.0,7.0,3.0,14.0,12.0,9.0,4.0,2.0,0.0,0.0,0.0,1.4,4.5,8.0,1.38,4.9,10.49,1.4,5.5,12.5,1.36,4.63,9.3,50.0,2014/2015
F1,2015-04-17,Nantes,Marseille,1.0,0.0,H,8.0,6.0,2.0,2.0,17.0,12.0,4.0,7.0,1.0,3.0,0.0,0.0,4.2,3.3,1.95,4.5,3.48,1.95,4.52,3.55,2.05,4.13,3.35,1.93,48.0,2014/2015
F1,2015-04-18,Bastia,Reims,1.0,2.0,A,5.0,6.0,1.0,5.0,19.0,16.0,4.0,5.0,3.0,5.0,0.0,0.0,2.15,3.25,3.6,2.25,3.32,3.57,2.25,3.4,3.8,2.17,3.24,3.45,48.0,2014/2015
F1,2015-04-18,Guingamp,Evian Thonon Gaillard,1.0,1.0,D,11.0,7.0,6.0,3.0,8.0,15.0,5.0,0.0,1.0,2.0,0.0,0.0,1.95,3.3,4.33,1.96,3.45,4.45,2.0,3.49,4.6,1.92,3.31,4.23,48.0,2014/2015
F1,2015-04-18,Lorient,Toulouse,0.0,1.0,A,13.0,9.0,1.0,3.0,11.0,20.0,9.0,3.0,3.0,0.0,0.0,1.0,2.15,3.25,3.6,2.13,3.49,3.71,2.2,3.49,3.94,2.11,3.29,3.56,48.0,2014/2015
F1,2015-04-18,Metz,Lens,3.0,1.0,H,18.0,6.0,7.0,2.0,16.0,15.0,5.0,4.0,1.0,2.0,0.0,0.0,2.2,3.3,3.4,2.22,3.38,3.59,2.25,3.4,3.85,2.18,3.25,3.42,49.0,2014/2015
F1,2015-04-18,Monaco,Rennes,1.0,1.0,D,9.0,9.0,1.0,3.0,12.0,13.0,6.0,1.0,1.0,2.0,0.0,0.0,1.67,3.6,6.0,1.65,3.77,6.59,1.7,3.8,6.7,1.64,3.57,5.98,48.0,2014/2015
F1,2015-04-18,Nice,Paris Saint-Germain,1.0,3.0,A,17.0,14.0,4.0,8.0,9.0,13.0,3.0,8.0,1.0,2.0,0.0,0.0,6.0,3.8,1.62,6.36,3.97,1.63,7.1,4.0,1.75,6.16,3.79,1.58,48.0,2014/2015
F1,2015-04-19,Lille,Bordeaux,2.0,0.0,H,6.0,8.0,4.0,4.0,14.0,21.0,3.0,10.0,3.0,3.0,0.0,0.0,2.15,3.1,3.8,2.21,3.15,3.92,2.25,3.2,4.1,2.15,3.1,3.69,49.0,2014/2015
F1,2015-04-19,Lyon,Saint-Etienne,2.0,2.0,D,21.0,11.0,6.0,6.0,11.0,22.0,7.0,4.0,2.0,5.0,1.0,0.0,1.95,3.4,4.2,1.93,3.6,4.48,1.95,3.6,4.65,1.9,3.39,4.23,47.0,2014/2015
F1,2015-04-19,Montpellier,Caen,1.0,0.0,H,12.0,6.0,6.0,2.0,10.0,17.0,7.0,3.0,1.0,1.0,0.0,0.0,1.95,3.5,4.0,1.98,3.51,4.26,1.99,3.6,4.6,1.92,3.43,4.04,48.0,2014/2015
F1,2015-04-24,Marseille,Lorient,3.0,5.0,A,12.0,11.0,5.0,6.0,11.0,17.0,5.0,1.0,1.0,5.0,0.0,0.0,1.36,4.8,9.0,1.4,5.07,9.18,1.5,5.5,9.8,1.38,4.79,8.11,47.0,2014/2015
F1,2015-04-25,Bordeaux,Metz,1.0,1.0,D,18.0,7.0,4.0,3.0,9.0,14.0,13.0,2.0,1.0,3.0,0.0,0.0,1.62,3.75,6.0,1.62,4.13,5.94,1.67,4.2,7.0,1.59,3.86,5.84,47.0,2014/2015
F1,2015-04-25,Caen,Guingamp,0.0,2.0,A,12.0,7.0,0.0,3.0,12.0,7.0,13.0,2.0,3.0,2.0,0.0,0.0,2.2,3.1,3.6,2.3,3.26,3.52,2.38,3.3,3.8,2.22,3.18,3.41,47.0,2014/2015
F1,2015-04-25,Rennes,Nice,2.0,1.0,H,11.0,9.0,5.0,3.0,12.0,15.0,2.0,1.0,1.0,2.0,0.0,0.0,2.0,3.2,4.2,2.08,3.33,4.11,2.13,3.4,4.4,2.02,3.25,3.91,47.0,2014/2015
F1,2015-04-25,Toulouse,Nantes,1.0,1.0,D,11.0,12.0,3.0,3.0,7.0,16.0,6.0,6.0,1.0,2.0,0.0,0.0,2.05,3.2,4.0,2.17,3.24,4.0,2.17,3.4,4.33,2.08,3.18,3.84,47.0,2014/2015
F1,2015-04-25,Evian Thonon Gaillard,Bastia,1.0,2.0,A,12.0,13.0,2.0,4.0,12.0,12.0,6.0,3.0,0.0,2.0,0.0,0.0,2.0,3.2,4.0,2.1,3.28,4.09,2.2,3.4,4.09,2.09,3.21,3.74,47.0,2014/2015
F1,2015-04-25,Paris Saint-Germain,Lille,6.0,1.0,H,11.0,9.0,7.0,1.0,22.0,9.0,1.0,7.0,1.0,3.0,0.0,1.0,1.36,4.6,10.0,1.38,4.92,10.33,1.4,5.0,11.5,1.36,4.68,9.36,47.0,2014/2015
F1,2015-04-26,Reims,Lyon,2.0,4.0,A,17.0,14.0,5.0,10.0,16.0,14.0,4.0,4.0,1.0,3.0,0.0,0.0,5.0,3.6,1.75,5.07,3.82,1.77,5.25,3.81,1.85,4.73,3.65,1.75,46.0,2014/2015
F1,2015-04-26,Saint-Etienne,Montpellier,1.0,0.0,H,8.0,10.0,3.0,3.0,12.0,11.0,3.0,8.0,1.0,2.0,0.0,0.0,1.75,3.4,5.5,1.77,3.64,5.37,1.8,3.8,5.5,1.73,3.53,5.06,47.0,2014/2015
F1,2015-04-26,Lens,Monaco,0.0,3.0,A,8.0,13.0,1.0,6.0,12.0,7.0,3.0,4.0,3.0,1.0,0.0,0.0,5.75,3.4,1.73,5.63,3.83,1.7,6.0,4.0,1.75,5.32,3.58,1.69,47.0,2014/2015
F1,2015-04-28,Paris Saint-Germain,Metz,3.0,1.0,H,11.0,8.0,5.0,2.0,7.0,14.0,11.0,3.0,1.0,1.0,0.0,0.0,1.13,9.0,19.0,1.17,8.7,17.18,1.18,9.2,22.27,1.15,7.82,16.54,47.0,2014/2015
F1,2015-05-01,Metz,Marseille,0.0,2.0,A,17.0,11.0,6.0,8.0,11.0,19.0,5.0,7.0,1.0,3.0,0.0,0.0,4.6,3.8,1.75,5.16,3.96,1.74,5.25,4.0,1.9,4.65,3.78,1.73,47.0,2014/2015
F1,2015-05-02,Bastia,Saint-Etienne,1.0,0.0,H,11.0,7.0,4.0,1.0,15.0,14.0,2.0,5.0,4.0,2.0,0.0,0.0,3.6,3.1,2.25,3.6,3.18,2.32,3.8,3.3,2.31,3.5,3.12,2.22,47.0,2014/2015
F1,2015-05-02,Guingamp,Reims,2.0,0.0,H,9.0,6.0,3.0,1.0,19.0,14.0,3.0,5.0,1.0,1.0,0.0,0.0,2.05,3.4,3.75,2.14,3.49,3.68,2.14,3.52,4.1,2.04,3.38,3.68,48.0,2014/2015
F1,2015-05-02,Lorient,Bordeaux,0.0,0.0,D,6.0,14.0,2.0,4.0,12.0,12.0,6.0,11.0,0.0,1.0,0.0,0.0,2.5,3.2,3.0,2.69,3.31,2.85,2.69,3.31,3.05,2.53,3.17,2.87,48.0,2014/2015
F1,2015-05-02,Lyon,Evian Thonon Gaillard,2.0,0.0,H,16.0,8.0,6.0,3.0,10.0,9.0,6.0,3.0,1.0,1.0,0.0,0.0,1.25,5.75,13.0,1.27,6.25,13.25,1.3,6.5,14.5,1.25,5.81,11.81,47.0,2014/2015
F1,2015-05-02,Montpellier,Rennes,0.0,0.0,D,11.0,4.0,1.0,1.0,9.0,13.0,9.0,4.0,1.0,0.0,1.0,0.0,2.05,3.3,3.8,2.11,3.42,3.88,2.11,3.47,4.5,2.04,3.32,3.74,48.0,2014/2015
F1,2015-05-02,Nice,Caen,1.0,1.0,D,16.0,16.0,1.0,5.0,10.0,9.0,5.0,10.0,2.0,1.0,0.0,0.0,2.1,3.3,3.7,2.2,3.44,3.59,2.2,3.43,3.82,2.12,3.29,3.52,48.0,2014/2015
F1,2015-05-03,Lille,Lens,3.0,1.0,H,14.0,3.0,8.0,1.0,11.0,23.0,7.0,3.0,3.0,3.0,0.0,0.0,1.53,3.8,7.5,1.53,4.25,7.39,1.55,4.25,8.0,1.51,3.94,7.0,48.0,2014/2015
F1,2015-05-03,Monaco,Toulouse,4.0,1.0,H,6.0,11.0,6.0,4.0,15.0,20.0,2.0,5.0,2.0,0.0,1.0,1.0,1.44,4.33,8.0,1.46,4.42,8.67,1.48,4.7,9.5,1.44,4.29,7.79,48.0,2014/2015
F1,2015-05-03,Nantes,Paris Saint-Germain,0.0,2.0,A,12.0,14.0,3.0,7.0,18.0,6.0,5.0,4.0,4.0,3.0,0.0,0.0,10.0,5.0,1.33,11.25,4.75,1.37,11.5,5.0,1.4,10.14,4.66,1.34,48.0,2014/2015
F1,2015-05-08,Paris Saint-Germain,Guingamp,6.0,0.0,H,14.0,6.0,10.0,2.0,10.0,13.0,3.0,2.0,1.0,2.0,0.0,0.0,1.13,8.5,23.0,1.13,9.98,26.01,1.15,10.0,29.0,1.13,8.64,20.35,46.0,2014/2015
F1,2015-05-09,Bordeaux,Nantes,2.0,1.0,H,14.0,7.0,7.0,4.0,7.0,14.0,6.0,1.0,3.0,2.0,0.0,0.0,1.57,3.6,7.0,1.58,3.88,7.39,1.62,3.9,7.5,1.58,3.69,6.45,47.0,2014/2015
F1,2015-05-09,Caen,Lyon,3.0,0.0,H,18.0,13.0,9.0,8.0,9.0,13.0,4.0,6.0,1.0,1.0,0.0,0.0,5.0,3.75,1.73,4.98,4.04,1.74,5.1,4.04,1.75,4.75,3.82,1.7,46.0,2014/2015
F1,2015-05-09,Evian Thonon Gaillard,Reims,2.0,3.0,A,9.0,14.0,4.0,3.0,14.0,17.0,2.0,6.0,2.0,3.0,0.0,0.0,2.1,3.3,3.75,2.18,3.44,3.63,2.2,3.45,3.81,2.12,3.3,3.48,47.0,2014/2015
F1,2015-05-09,Metz,Lorient,0.0,4.0,A,18.0,18.0,7.0,11.0,12.0,7.0,3.0,11.0,2.0,1.0,0.0,0.0,2.6,3.25,2.8,2.61,3.34,2.93,2.7,3.39,2.93,2.56,3.24,2.77,47.0,2014/2015
F1,2015-05-09,Rennes,Bastia,0.0,1.0,A,16.0,6.0,6.0,5.0,12.0,8.0,7.0,1.0,4.0,2.0,0.0,1.0,2.05,3.25,4.0,2.09,3.38,4.0,2.1,3.4,4.25,2.02,3.26,3.84,47.0,2014/2015
F1,2015-05-09,Toulouse,Lille,3.0,2.0,H,16.0,17.0,4.0,7.0,12.0,8.0,2.0,8.0,1.0,1.0,0.0,0.0,2.5,3.2,3.0,2.54,3.22,3.11,2.63,3.25,3.15,2.49,3.12,2.95,47.0,2014/2015
F1,2015-05-10,Saint-Etienne,Nice,5.0,0.0,H,15.0,7.0,9.0,2.0,12.0,12.0,3.0,7.0,2.0,2.0,0.0,0.0,1.62,3.75,6.0,1.63,3.88,6.42,1.65,4.0,7.0,1.6,3.68,6.15,47.0,2014/2015
F1,2015-05-10,Lens,Montpellier,0.0,1.0,A,6.0,18.0,4.0,4.0,10.0,11.0,2.0,8.0,0.0,2.0,1.0,0.0,4.33,3.4,1.91,4.47,3.54,1.93,4.5,3.6,2.05,4.14,3.4,1.9,47.0,2014/2015
F1,2015-05-10,Marseille,Monaco,2.0,1.0,H,14.0,13.0,6.0,4.0,16.0,14.0,2.0,5.0,3.0,2.0,0.0,0.0,2.2,3.3,3.4,2.23,3.51,3.43,2.3,3.51,3.5,2.22,3.32,3.23,47.0,2014/2015
F1,2015-05-16,Guingamp,Toulouse,2.0,1.0,H,12.0,15.0,4.0,6.0,14.0,15.0,4.0,9.0,1.0,1.0,1.0,0.0,2.5,3.2,3.0,2.61,3.37,2.89,2.65,3.37,3.0,2.52,3.19,2.84,44.0,2014/2015
F1,2015-05-16,Lille,Marseille,0.0,4.0,A,13.0,16.0,2.0,5.0,17.0,25.0,5.0,2.0,2.0,3.0,0.0,0.0,3.2,3.3,2.3,3.3,3.5,2.29,3.4,3.5,2.4,3.11,3.33,2.28,44.0,2014/2015
F1,2015-05-16,Lyon,Bordeaux,1.0,1.0,D,10.0,14.0,4.0,5.0,15.0,18.0,5.0,5.0,2.0,4.0,0.0,0.0,1.8,3.8,4.33,1.79,3.86,4.86,1.83,3.86,5.2,1.77,3.65,4.49,44.0,2014/2015
F1,2015-05-16,Evian Thonon Gaillard,Saint-Etienne,1.0,2.0,A,14.0,19.0,3.0,4.0,15.0,14.0,8.0,3.0,5.0,1.0,1.0,0.0,4.2,3.5,1.91,4.41,3.54,1.94,4.6,3.7,1.95,4.15,3.42,1.9,44.0,2014/2015
F1,2015-05-16,Bastia,Caen,1.0,1.0,D,8.0,9.0,3.0,4.0,10.0,6.0,8.0,4.0,1.0,1.0,0.0,0.0,2.3,3.3,3.2,2.35,3.4,3.26,2.4,3.4,3.4,2.3,3.24,3.14,44.0,2014/2015
F1,2015-05-16,Reims,Rennes,1.0,0.0,H,12.0,10.0,1.0,3.0,16.0,15.0,0.0,5.0,2.0,2.0,0.0,0.0,2.15,3.3,3.5,2.14,3.43,3.77,2.15,3.44,4.2,2.08,3.3,3.59,44.0,2014/2015
F1,2015-05-16,Nantes,Lorient,1.0,1.0,D,11.0,3.0,6.0,1.0,11.0,7.0,8.0,3.0,2.0,1.0,0.0,0.0,2.7,3.2,2.7,2.77,3.21,2.83,2.8,3.21,2.9,2.65,3.13,2.74,43.0,2014/2015
F1,2015-05-16,Montpellier,Paris Saint-Germain,1.0,2.0,A,9.0,13.0,2.0,4.0,18.0,17.0,4.0,4.0,3.0,5.0,0.0,0.0,7.5,4.5,1.44,7.32,4.6,1.49,8.3,4.75,1.5,7.19,4.28,1.46,43.0,2014/2015
F1,2015-05-16,Monaco,Metz,2.0,0.0,H,19.0,9.0,5.0,2.0,12.0,19.0,10.0,2.0,0.0,2.0,0.0,0.0,1.22,6.0,15.0,1.25,6.12,15.92,1.25,6.9,18.0,1.22,5.87,14.35,44.0,2014/2015
F1,2015-05-16,Nice,Lens,2.0,1.0,H,18.0,9.0,7.0,4.0,15.0,11.0,7.0,1.0,1.0,1.0,0.0,0.0,1.62,3.8,6.0,1.62,3.96,6.4,1.65,4.0,6.5,1.6,3.73,5.93,44.0,2014/2015
F1,2015-05-23,Bordeaux,Montpellier,2.0,1.0,H,22.0,7.0,9.0,1.0,13.0,11.0,7.0,2.0,0.0,1.0,0.0,0.0,2.05,3.4,3.8,2.0,3.57,4.08,2.1,3.58,4.1,1.99,3.37,3.81,44.0,2014/2015
F1,2015-05-23,Marseille,Bastia,3.0,0.0,H,16.0,7.0,5.0,1.0,6.0,20.0,5.0,0.0,1.0,1.0,0.0,0.0,1.22,6.5,13.0,1.23,7.13,13.82,1.25,7.14,15.0,1.22,6.3,11.94,44.0,2014/2015
F1,2015-05-23,Caen,Evian Thonon Gaillard,3.0,2.0,H,21.0,15.0,6.0,8.0,9.0,10.0,13.0,8.0,0.0,1.0,0.0,0.0,1.75,3.8,4.5,1.79,3.79,4.92,1.9,3.8,4.95,1.79,3.6,4.45,44.0,2014/2015
F1,2015-05-23,Lorient,Monaco,0.0,1.0,A,7.0,18.0,1.0,8.0,13.0,13.0,4.0,10.0,2.0,3.0,0.0,0.0,7.0,4.2,1.5,7.33,4.54,1.5,7.7,4.8,1.53,6.81,4.19,1.48,44.0,2014/2015
F1,2015-05-23,Lens,Nantes,1.0,0.0,H,7.0,16.0,4.0,5.0,14.0,15.0,1.0,3.0,2.0,2.0,0.0,0.0,3.4,3.3,2.2,3.68,3.41,2.18,3.68,3.41,2.3,3.4,3.25,2.17,44.0,2014/2015
F1,2015-05-23,Metz,Lille,1.0,4.0,A,16.0,20.0,4.0,10.0,10.0,4.0,4.0,7.0,0.0,0.0,0.0,0.0,3.3,3.3,2.25,3.37,3.36,2.32,3.44,3.4,2.32,3.22,3.29,2.23,44.0,2014/2015
F1,2015-05-23,Rennes,Lyon,0.0,1.0,A,10.0,9.0,2.0,2.0,5.0,7.0,5.0,1.0,0.0,0.0,0.0,0.0,3.1,3.4,2.3,3.1,3.57,2.37,3.3,3.56,2.4,3.05,3.34,2.29,44.0,2014/2015
F1,2015-05-23,Toulouse,Nice,2.0,3.0,A,9.0,8.0,4.0,4.0,17.0,19.0,3.0,3.0,2.0,4.0,0.0,0.0,1.91,3.6,4.0,1.94,3.74,4.13,2.0,3.75,4.3,1.89,3.54,3.96,44.0,2014/2015
F1,2015-05-23,Saint-Etienne,Guingamp,2.0,1.0,H,10.0,11.0,6.0,3.0,22.0,9.0,5.0,4.0,2.0,1.0,0.0,0.0,1.25,6.0,12.0,1.27,6.08,13.85,1.29,6.5,17.0,1.25,5.66,12.07,44.0,2014/2015
F1,2015-05-23,Paris Saint-Germain,Reims,3.0,2.0,H,14.0,10.0,6.0,4.0,10.0,15.0,5.0,8.0,0.0,2.0,0.0,0.0,1.14,9.0,17.0,1.14,9.96,19.71,1.2,9.96,23.0,1.13,8.63,17.42,44.0,2014/2015
F1,2015-08-07,Lille,Paris Saint-Germain,0.0,1.0,A,12.0,7.0,2.0,2.0,20.0,17.0,3.0,2.0,3.0,2.0,0.0,1.0,6.5,3.6,1.57,6.64,3.78,1.65,7.0,3.8,1.75,6.12,3.61,1.62,42.0,2015/2016
F1,2015-08-08,Nice,Monaco,1.0,2.0,A,5.0,19.0,2.0,6.0,18.0,18.0,2.0,10.0,2.0,2.0,1.0,0.0,4.0,3.1,2.05,4.14,3.38,2.05,4.3,3.38,2.3,3.78,3.2,2.06,45.0,2015/2016
F1,2015-08-08,Troyes,Ajaccio GFCO,0.0,0.0,D,12.0,6.0,4.0,1.0,11.0,8.0,9.0,3.0,0.0,4.0,0.0,0.0,2.05,3.2,3.75,2.03,3.26,4.43,2.1,3.3,4.43,2.01,3.18,3.97,43.0,2015/2016
F1,2015-08-08,Bastia,Rennes,2.0,1.0,H,11.0,6.0,3.0,3.0,15.0,19.0,6.0,2.0,0.0,1.0,1.0,0.0,2.6,3.1,2.8,2.71,3.09,3.0,2.71,3.18,3.1,2.56,3.02,2.92,45.0,2015/2016
F1,2015-08-08,Marseille,Caen,0.0,1.0,A,17.0,8.0,4.0,4.0,10.0,10.0,14.0,2.0,1.0,0.0,0.0,0.0,1.57,4.0,6.0,1.56,4.35,6.59,1.6,4.4,6.59,1.55,4.01,6.0,45.0,2015/2016
F1,2015-08-08,Montpellier,Angers,0.0,2.0,A,11.0,16.0,4.0,6.0,12.0,15.0,5.0,9.0,3.0,2.0,0.0,0.0,1.83,3.4,4.75,1.81,3.44,5.53,1.83,3.5,5.53,1.77,3.32,5.04,45.0,2015/2016
F1,2015-08-08,Nantes,Guingamp,1.0,0.0,H,9.0,10.0,4.0,4.0,13.0,16.0,6.0,2.0,2.0,2.0,0.0,0.0,2.2,3.1,3.6,2.2,3.11,4.01,2.25,3.19,4.2,2.16,3.04,3.69,45.0,2015/2016
F1,2015-08-09,Bordeaux,Reims,1.0,2.0,A,14.0,14.0,4.0,6.0,14.0,12.0,4.0,3.0,2.0,2.0,0.0,0.0,1.67,3.75,5.5,1.69,3.85,5.8,1.73,3.85,6.0,1.67,3.65,5.31,45.0,2015/2016
F1,2015-08-09,Lyon,Lorient,0.0,0.0,D,21.0,10.0,6.0,5.0,11.0,12.0,7.0,2.0,1.0,2.0,0.0,0.0,1.57,4.0,6.0,1.57,4.16,6.67,1.6,4.3,7.0,1.55,3.92,6.17,45.0,2015/2016
F1,2015-08-09,Toulouse,Saint-Etienne,2.0,1.0,H,9.0,11.0,3.0,2.0,10.0,10.0,3.0,4.0,0.0,1.0,1.0,0.0,3.1,3.1,2.4,3.12,3.12,2.6,3.2,3.2,2.64,2.93,3.08,2.49,45.0,2015/2016
F1,2015-08-14,Monaco,Lille,0.0,0.0,D,9.0,9.0,3.0,2.0,12.0,19.0,4.0,6.0,1.0,5.0,0.0,0.0,1.62,3.6,6.5,1.63,3.8,7.0,1.7,3.8,7.5,1.59,3.63,6.52,43.0,2015/2016
F1,2015-08-15,Angers,Nantes,0.0,0.0,D,10.0,2.0,3.0,1.0,12.0,17.0,4.0,2.0,3.0,4.0,0.0,0.0,2.5,3.1,3.1,2.55,3.03,3.3,2.6,3.25,3.4,2.46,3.01,3.11,43.0,2015/2016
F1,2015-08-15,Caen,Toulouse,1.0,0.0,H,9.0,13.0,3.0,4.0,14.0,14.0,3.0,3.0,1.0,3.0,0.0,1.0,2.2,3.4,3.25,2.32,3.34,3.39,2.4,3.4,3.4,2.27,3.26,3.19,43.0,2015/2016
F1,2015-08-15,Guingamp,Lyon,0.0,1.0,A,11.0,11.0,3.0,3.0,16.0,18.0,9.0,2.0,2.0,2.0,0.0,0.0,3.6,3.25,2.15,3.78,3.33,2.17,3.78,3.4,2.3,3.49,3.25,2.14,43.0,2015/2016
F1,2015-08-15,Rennes,Montpellier,1.0,0.0,H,10.0,4.0,2.0,0.0,11.0,9.0,3.0,4.0,3.0,1.0,0.0,0.0,2.25,3.1,3.5,2.27,3.17,3.73,2.3,3.3,3.8,2.21,3.13,3.49,43.0,2015/2016
F1,2015-08-15,Saint-Etienne,Bordeaux,1.0,1.0,D,7.0,17.0,2.0,3.0,17.0,11.0,1.0,8.0,2.0,1.0,0.0,0.0,1.95,3.4,4.2,2.01,3.3,4.45,2.01,3.4,4.5,1.97,3.24,4.13,43.0,2015/2016
F1,2015-08-15,Troyes,Nice,3.0,3.0,D,11.0,18.0,7.0,6.0,11.0,13.0,11.0,3.0,3.0,3.0,1.0,0.0,2.15,3.25,3.6,2.11,3.32,3.94,2.3,3.32,4.0,2.11,3.2,3.66,42.0,2015/2016
F1,2015-08-16,Lorient,Bastia,1.0,1.0,D,12.0,7.0,4.0,2.0,13.0,15.0,4.0,2.0,3.0,2.0,0.0,0.0,1.85,3.4,4.75,1.86,3.39,5.18,2.0,3.6,5.18,1.86,3.35,4.49,43.0,2015/2016
F1,2015-08-16,Paris Saint-Germain,Ajaccio GFCO,2.0,0.0,H,18.0,8.0,6.0,2.0,8.0,14.0,4.0,1.0,1.0,3.0,0.0,0.0,1.11,10.0,21.0,1.13,10.0,27.7,1.15,11.0,41.0,1.1,9.26,26.42,43.0,2015/2016
F1,2015-08-16,Reims,Marseille,1.0,0.0,H,15.0,13.0,5.0,4.0,13.0,14.0,8.0,7.0,2.0,2.0,0.0,1.0,3.5,3.25,2.2,3.44,3.48,2.24,3.6,3.5,2.26,3.32,3.31,2.19,43.0,2015/2016
F1,2015-08-21,Montpellier,Paris Saint-Germain,0.0,1.0,A,10.0,9.0,3.0,5.0,13.0,8.0,2.0,1.0,2.0,1.0,0.0,0.0,8.0,4.2,1.45,9.1,4.4,1.46,9.1,4.4,1.5,7.91,4.13,1.45,40.0,2015/2016
F1,2015-08-22,Ajaccio GFCO,Angers,0.0,2.0,A,8.0,9.0,3.0,5.0,12.0,10.0,9.0,3.0,2.0,2.0,0.0,0.0,2.3,3.0,3.6,2.31,3.04,3.8,2.38,3.2,3.8,2.27,2.97,3.54,39.0,2015/2016
F1,2015-08-22,Bastia,Guingamp,3.0,0.0,H,10.0,15.0,5.0,4.0,14.0,13.0,3.0,5.0,2.0,3.0,0.0,0.0,2.3,3.0,3.4,2.44,3.05,3.48,2.5,3.15,3.5,2.36,2.97,3.33,40.0,2015/2016
F1,2015-08-22,Lyon,Rennes,1.0,2.0,A,15.0,6.0,4.0,3.0,12.0,13.0,6.0,1.0,1.0,3.0,0.0,0.0,1.57,3.75,7.0,1.62,3.88,6.65,1.62,4.0,7.5,1.57,3.74,6.5,40.0,2015/2016
F1,2015-08-22,Nantes,Reims,1.0,0.0,H,13.0,2.0,6.0,1.0,12.0,10.0,1.0,2.0,1.0,3.0,0.0,0.0,2.2,3.1,3.6,2.29,3.12,3.73,2.3,3.2,4.0,2.2,3.04,3.63,40.0,2015/2016
F1,2015-08-22,Nice,Caen,2.0,1.0,H,7.0,12.0,4.0,6.0,7.0,16.0,2.0,3.0,1.0,3.0,0.0,0.0,2.2,3.3,3.4,2.28,3.37,3.46,2.3,3.4,3.5,2.23,3.25,3.27,40.0,2015/2016
F1,2015-08-22,Toulouse,Monaco,1.0,1.0,D,13.0,14.0,4.0,3.0,13.0,20.0,4.0,5.0,0.0,4.0,0.0,0.0,3.1,3.1,2.5,3.06,3.22,2.58,3.25,3.3,2.6,2.99,3.14,2.45,40.0,2015/2016
F1,2015-08-23,Marseille,Troyes,6.0,0.0,H,16.0,6.0,7.0,1.0,8.0,9.0,6.0,5.0,1.0,1.0,0.0,0.0,1.62,3.8,6.0,1.65,3.91,6.07,1.7,4.0,6.5,1.62,3.76,5.67,40.0,2015/2016
F1,2015-08-23,Lille,Bordeaux,0.0,0.0,D,15.0,12.0,5.0,4.0,11.0,23.0,12.0,10.0,1.0,5.0,0.0,0.0,2.1,3.2,3.8,2.11,3.28,4.06,2.25,3.3,4.06,2.1,3.16,3.73,40.0,2015/2016
F1,2015-08-23,Lorient,Saint-Etienne,0.0,1.0,A,10.0,12.0,2.0,5.0,12.0,24.0,3.0,4.0,0.0,3.0,1.0,0.0,2.63,3.0,3.0,2.67,3.08,3.07,2.75,3.3,3.07,2.6,3.02,2.89,40.0,2015/2016
F1,2015-08-28,Guingamp,Marseille,2.0,0.0,H,12.0,14.0,5.0,6.0,10.0,13.0,4.0,8.0,1.0,5.0,0.0,0.0,4.0,3.3,2.0,4.25,3.34,2.06,4.33,3.4,2.1,3.9,3.25,2.02,37.0,2015/2016
F1,2015-08-29,Lille,Ajaccio GFCO,1.0,0.0,H,13.0,12.0,5.0,6.0,13.0,17.0,7.0,4.0,1.0,3.0,0.0,0.0,1.4,4.0,10.0,1.48,4.11,9.5,1.5,4.33,10.5,1.44,3.96,8.6,37.0,2015/2016
F1,2015-08-29,Caen,Lyon,0.0,4.0,A,14.0,13.0,6.0,5.0,13.0,17.0,8.0,3.0,1.0,0.0,1.0,0.0,3.3,3.3,2.25,3.47,3.42,2.25,3.5,3.42,2.3,3.29,3.24,2.22,37.0,2015/2016
F1,2015-08-29,Angers,Nice,1.0,1.0,D,5.0,11.0,2.0,5.0,14.0,8.0,3.0,6.0,2.0,2.0,0.0,0.0,2.3,3.1,3.4,2.29,3.18,3.64,2.5,3.25,3.7,2.24,3.08,3.4,37.0,2015/2016
F1,2015-08-29,Reims,Lorient,4.0,1.0,H,14.0,13.0,10.0,4.0,12.0,8.0,5.0,5.0,3.0,1.0,0.0,0.0,2.25,3.1,3.5,2.32,3.28,3.47,2.33,3.3,3.6,2.24,3.15,3.35,37.0,2015/2016
F1,2015-08-29,Troyes,Montpellier,0.0,0.0,D,8.0,13.0,1.0,4.0,16.0,10.0,4.0,5.0,2.0,1.0,0.0,0.0,2.5,3.1,3.0,2.45,3.25,3.24,2.52,3.25,3.24,2.42,3.1,3.04,37.0,2015/2016
F1,2015-08-29,Rennes,Toulouse,3.0,1.0,H,13.0,8.0,5.0,3.0,12.0,9.0,7.0,3.0,2.0,3.0,0.0,0.0,2.15,3.25,3.6,2.23,3.25,3.72,2.25,3.31,3.8,2.17,3.15,3.51,37.0,2015/2016
F1,2015-08-30,Bordeaux,Nantes,2.0,0.0,H,19.0,11.0,4.0,1.0,9.0,17.0,7.0,5.0,3.0,3.0,0.0,1.0,2.0,3.25,4.2,2.07,3.17,4.41,2.1,3.35,5.0,2.0,3.11,4.2,37.0,2015/2016
F1,2015-08-30,Monaco,Paris Saint-Germain,0.0,3.0,A,3.0,19.0,2.0,8.0,7.0,12.0,3.0,2.0,0.0,1.0,0.0,0.0,4.2,3.25,2.0,4.31,3.36,2.02,4.5,3.36,2.05,4.09,3.22,1.97,37.0,2015/2016
F1,2015-08-30,Saint-Etienne,Bastia,2.0,1.0,H,23.0,6.0,6.0,1.0,11.0,6.0,12.0,0.0,1.0,1.0,0.0,2.0,1.73,3.4,5.75,1.7,3.59,6.36,1.73,3.6,6.5,1.67,3.44,5.79,37.0,2015/2016
F1,2015-09-11,Paris Saint-Germain,Bordeaux,2.0,2.0,D,19.0,10.0,5.0,3.0,11.0,14.0,11.0,6.0,2.0,2.0,0.0,1.0,1.25,5.75,13.0,1.28,5.96,13.94,1.29,6.0,17.0,1.26,5.61,12.64,37.0,2015/2016
F1,2015-09-12,Lorient,Angers,3.0,1.0,H,14.0,7.0,6.0,1.0,10.0,18.0,6.0,2.0,1.0,1.0,0.0,0.0,1.91,3.3,4.5,2.0,3.31,4.48,2.1,3.4,4.75,1.96,3.24,4.18,37.0,2015/2016
F1,2015-09-12,Lyon,Lille,0.0,0.0,D,13.0,9.0,6.0,3.0,14.0,20.0,7.0,1.0,1.0,4.0,0.0,0.0,1.83,3.4,4.75,1.83,3.49,5.17,1.87,3.5,5.25,1.81,3.35,4.8,36.0,2015/2016
F1,2015-09-12,Montpellier,Saint-Etienne,1.0,2.0,A,16.0,12.0,8.0,3.0,16.0,20.0,9.0,5.0,3.0,2.0,0.0,0.0,2.5,3.1,3.1,2.85,3.1,2.88,2.85,3.2,3.1,2.66,3.0,2.85,37.0,2015/2016
F1,2015-09-12,Nice,Guingamp,0.0,1.0,A,16.0,8.0,1.0,3.0,10.0,23.0,1.0,1.0,1.0,3.0,0.0,0.0,2.25,3.1,3.5,2.25,3.29,3.68,2.3,3.4,3.75,2.2,3.18,3.44,36.0,2015/2016
F1,2015-09-12,Toulouse,Reims,2.0,2.0,D,15.0,9.0,6.0,4.0,10.0,15.0,2.0,4.0,2.0,2.0,0.0,0.0,2.0,3.5,3.75,2.02,3.53,4.05,2.1,3.56,4.15,1.99,3.38,3.82,36.0,2015/2016
F1,2015-09-12,Troyes,Caen,1.0,3.0,A,14.0,15.0,6.0,8.0,7.0,9.0,6.0,5.0,4.0,0.0,0.0,1.0,2.25,3.2,3.4,2.35,3.35,3.33,2.4,3.38,3.4,2.28,3.23,3.21,36.0,2015/2016
F1,2015-09-13,Marseille,Bastia,4.0,1.0,H,12.0,6.0,7.0,2.0,11.0,9.0,5.0,0.0,2.0,1.0,0.0,0.0,1.44,4.2,8.5,1.5,4.27,7.99,1.53,4.33,8.5,1.48,4.06,7.35,37.0,2015/2016
F1,2015-09-13,Nantes,Rennes,0.0,2.0,A,10.0,16.0,3.0,6.0,14.0,11.0,1.0,6.0,2.0,3.0,2.0,0.0,2.6,2.88,3.1,2.69,3.0,3.17,2.75,3.1,3.25,2.62,2.9,3.0,37.0,2015/2016
F1,2015-09-13,Ajaccio GFCO,Monaco,0.0,1.0,A,24.0,13.0,4.0,8.0,16.0,15.0,14.0,4.0,3.0,3.0,0.0,0.0,4.5,3.3,1.91,4.61,3.32,1.99,5.0,3.32,2.1,4.42,3.21,1.92,36.0,2015/2016
F1,2015-09-18,Rennes,Lille,1.0,1.0,D,9.0,15.0,3.0,5.0,17.0,18.0,8.0,2.0,3.0,4.0,0.0,1.0,2.38,3.0,3.4,2.45,3.12,3.42,2.45,3.2,3.6,2.36,3.02,3.27,39.0,2015/2016
F1,2015-09-19,Angers,Troyes,1.0,0.0,H,16.0,14.0,4.0,0.0,15.0,15.0,6.0,5.0,2.0,3.0,1.0,0.0,2.1,3.1,4.0,2.06,3.32,4.18,2.15,3.34,4.18,2.05,3.2,3.81,39.0,2015/2016
F1,2015-09-19,Bastia,Nice,1.0,3.0,A,8.0,9.0,2.0,6.0,11.0,14.0,7.0,3.0,1.0,2.0,0.0,0.0,2.25,3.1,3.5,2.3,3.23,3.56,2.37,3.3,3.64,2.23,3.16,3.38,39.0,2015/2016
F1,2015-09-19,Caen,Montpellier,2.0,1.0,H,16.0,3.0,6.0,2.0,15.0,24.0,3.0,5.0,2.0,4.0,0.0,0.0,2.15,3.1,3.75,2.22,3.43,3.53,2.22,3.45,3.75,2.16,3.28,3.41,39.0,2015/2016
F1,2015-09-19,Guingamp,Ajaccio GFCO,2.0,1.0,H,14.0,7.0,4.0,3.0,6.0,16.0,10.0,1.0,2.0,4.0,0.0,1.0,1.85,3.3,4.75,1.92,3.32,4.94,1.92,3.41,5.15,1.85,3.26,4.68,39.0,2015/2016
F1,2015-09-19,Reims,Paris Saint-Germain,1.0,1.0,D,7.0,17.0,3.0,6.0,9.0,9.0,3.0,9.0,2.0,2.0,0.0,0.0,8.0,4.75,1.4,8.95,4.75,1.43,10.0,5.0,1.45,8.3,4.41,1.4,39.0,2015/2016
F1,2015-09-20,Marseille,Lyon,1.0,1.0,D,14.0,12.0,4.0,5.0,15.0,12.0,1.0,5.0,4.0,1.0,1.0,0.0,2.05,3.3,3.8,2.11,3.56,3.76,2.2,3.59,3.8,2.07,3.39,3.52,39.0,2015/2016
F1,2015-09-20,Monaco,Lorient,2.0,3.0,A,13.0,16.0,6.0,7.0,11.0,15.0,3.0,3.0,4.0,4.0,0.0,0.0,1.7,3.6,5.5,1.68,3.87,5.81,1.73,3.9,5.9,1.66,3.62,5.47,39.0,2015/2016
F1,2015-09-20,Bordeaux,Toulouse,1.0,1.0,D,17.0,9.0,5.0,5.0,18.0,11.0,6.0,3.0,2.0,2.0,0.0,1.0,2.1,3.1,4.0,2.09,3.42,3.93,2.15,3.42,4.2,2.06,3.28,3.68,39.0,2015/2016
F1,2015-09-20,Saint-Etienne,Nantes,2.0,0.0,H,12.0,11.0,3.0,2.0,11.0,9.0,3.0,9.0,2.0,1.0,0.0,0.0,1.67,3.5,6.0,1.69,3.59,6.59,1.75,3.6,6.61,1.68,3.4,5.83,39.0,2015/2016
F1,2015-09-22,Angers,Reims,0.0,0.0,D,8.0,3.0,3.0,1.0,8.0,19.0,1.0,3.0,1.0,3.0,0.0,0.0,2.5,3.0,3.2,2.48,3.1,3.33,2.56,3.15,3.33,2.46,3.0,3.1,39.0,2015/2016
F1,2015-09-22,Paris Saint-Germain,Guingamp,3.0,0.0,H,18.0,10.0,10.0,4.0,10.0,10.0,9.0,4.0,1.0,1.0,0.0,0.0,1.2,6.5,17.0,1.21,6.81,18.34,1.23,7.0,23.0,1.2,6.27,15.94,39.0,2015/2016
F1,2015-09-23,Ajaccio GFCO,Rennes,1.0,1.0,D,13.0,16.0,2.0,8.0,6.0,14.0,3.0,3.0,0.0,1.0,0.0,0.0,3.5,3.0,2.3,3.67,3.04,2.36,3.7,3.15,2.4,3.44,2.98,2.3,38.0,2015/2016
F1,2015-09-23,Lorient,Caen,2.0,0.0,H,8.0,14.0,4.0,2.0,13.0,10.0,4.0,11.0,2.0,2.0,0.0,0.0,2.2,3.2,3.5,2.29,3.37,3.42,2.29,3.37,3.75,2.21,3.2,3.37,39.0,2015/2016
F1,2015-09-23,Lyon,Bastia,2.0,0.0,H,14.0,4.0,7.0,2.0,9.0,7.0,3.0,2.0,2.0,1.0,0.0,1.0,1.5,4.0,7.5,1.47,4.49,8.27,1.6,4.49,8.5,1.47,4.06,7.44,39.0,2015/2016
F1,2015-09-23,Nice,Bordeaux,6.0,1.0,H,17.0,6.0,10.0,3.0,14.0,8.0,4.0,4.0,0.0,1.0,0.0,1.0,2.7,3.0,2.88,2.75,3.22,2.85,2.8,3.22,3.1,2.65,3.07,2.77,39.0,2015/2016
F1,2015-09-23,Toulouse,Marseille,1.0,1.0,D,11.0,8.0,3.0,1.0,12.0,14.0,3.0,5.0,2.0,0.0,2.0,1.0,2.9,3.1,2.6,2.87,3.38,2.62,3.0,3.38,2.62,2.81,3.22,2.53,39.0,2015/2016
F1,2015-09-23,Troyes,Saint-Etienne,0.0,1.0,A,14.0,13.0,4.0,6.0,10.0,14.0,7.0,6.0,3.0,0.0,0.0,0.0,3.4,3.1,2.3,3.67,3.22,2.26,3.67,3.22,2.38,3.37,3.09,2.26,39.0,2015/2016
F1,2015-09-24,Montpellier,Monaco,2.0,3.0,A,16.0,13.0,5.0,5.0,13.0,18.0,2.0,7.0,2.0,1.0,0.0,0.0,3.2,3.1,2.4,3.24,3.13,2.49,3.31,3.15,2.6,3.11,3.02,2.42,39.0,2015/2016
F1,2015-09-25,Reims,Lille,1.0,0.0,H,10.0,10.0,5.0,3.0,16.0,23.0,4.0,6.0,3.0,3.0,0.0,0.0,2.7,3.1,2.8,2.85,3.12,2.87,2.85,3.2,2.91,2.72,3.04,2.77,41.0,2015/2016
F1,2015-09-26,Bordeaux,Lyon,3.0,1.0,H,10.0,10.0,4.0,4.0,10.0,9.0,3.0,5.0,2.0,0.0,0.0,0.0,2.75,3.0,2.8,2.8,3.16,2.85,2.8,3.25,2.88,2.72,3.06,2.73,40.0,2015/2016
F1,2015-09-26,Bastia,Toulouse,3.0,0.0,H,9.0,16.0,6.0,5.0,10.0,10.0,1.0,18.0,3.0,3.0,0.0,0.0,2.88,3.1,2.63,3.03,3.16,2.68,3.03,3.2,2.75,2.84,3.07,2.61,40.0,2015/2016
F1,2015-09-26,Caen,Ajaccio GFCO,2.0,0.0,H,16.0,8.0,9.0,2.0,12.0,15.0,8.0,7.0,1.0,4.0,0.0,0.0,1.75,3.6,5.0,1.8,3.59,5.23,1.81,3.6,5.5,1.77,3.46,4.85,39.0,2015/2016
F1,2015-09-26,Rennes,Troyes,1.0,1.0,D,19.0,12.0,5.0,6.0,11.0,9.0,8.0,3.0,1.0,3.0,1.0,0.0,1.73,3.5,5.5,1.76,3.55,5.72,1.83,3.6,5.78,1.75,3.42,5.12,40.0,2015/2016
F1,2015-09-26,Nantes,Paris Saint-Germain,1.0,4.0,A,7.0,14.0,2.0,7.0,20.0,9.0,4.0,7.0,2.0,1.0,0.0,0.0,10.0,4.33,1.4,10.71,4.44,1.41,10.74,4.46,1.45,9.11,4.22,1.41,40.0,2015/2016
F1,2015-09-27,Guingamp,Monaco,3.0,3.0,D,16.0,9.0,7.0,4.0,19.0,16.0,4.0,1.0,5.0,3.0,0.0,0.0,3.25,3.1,2.38,3.42,3.1,2.44,3.5,3.2,2.45,3.22,3.04,2.38,40.0,2015/2016
F1,2015-09-27,Marseille,Angers,1.0,2.0,A,18.0,6.0,4.0,3.0,12.0,13.0,6.0,4.0,3.0,3.0,0.0,0.0,1.4,4.5,8.5,1.44,4.5,9.1,1.47,4.53,9.5,1.42,4.25,8.32,40.0,2015/2016
F1,2015-09-27,Montpellier,Lorient,2.0,1.0,H,11.0,10.0,4.0,3.0,11.0,21.0,9.0,3.0,2.0,5.0,0.0,1.0,2.2,3.25,3.5,2.26,3.25,3.64,2.26,3.4,3.8,2.19,3.23,3.4,40.0,2015/2016
F1,2015-09-27,Saint-Etienne,Nice,1.0,4.0,A,13.0,8.0,5.0,6.0,12.0,7.0,8.0,2.0,4.0,1.0,0.0,2.0,1.73,3.6,5.25,1.71,3.74,5.72,1.76,3.75,5.93,1.71,3.53,5.22,40.0,2015/2016
F1,2015-09-29,Lille,Nantes,0.0,1.0,A,20.0,9.0,4.0,2.0,8.0,21.0,11.0,2.0,0.0,3.0,0.0,0.0,1.85,3.2,5.0,1.85,3.32,5.43,1.88,3.32,5.5,1.83,3.21,4.92,43.0,2015/2016
F1,2015-10-02,Lille,Montpellier,2.0,0.0,H,22.0,9.0,5.0,3.0,17.0,15.0,9.0,2.0,3.0,1.0,0.0,0.0,2.0,3.1,4.33,2.06,3.28,4.33,2.07,3.3,4.5,2.01,3.13,4.13,43.0,2015/2016
F1,2015-10-03,Ajaccio GFCO,Toulouse,2.0,2.0,D,7.0,12.0,3.0,5.0,16.0,11.0,6.0,7.0,3.0,0.0,0.0,0.0,3.1,3.2,2.4,3.16,3.28,2.48,3.25,3.3,2.54,3.01,3.14,2.43,43.0,2015/2016
F1,2015-10-03,Angers,Bastia,1.0,0.0,H,17.0,8.0,6.0,2.0,16.0,16.0,7.0,5.0,1.0,2.0,0.0,0.0,2.1,3.1,4.0,2.17,3.24,3.92,2.2,3.4,4.0,2.13,3.15,3.66,43.0,2015/2016
F1,2015-10-03,Lyon,Reims,1.0,0.0,H,17.0,8.0,6.0,3.0,11.0,9.0,5.0,1.0,2.0,2.0,0.0,0.0,1.62,3.75,6.0,1.59,4.13,6.47,1.7,4.13,6.5,1.6,3.86,5.74,43.0,2015/2016
F1,2015-10-03,Troyes,Guingamp,0.0,1.0,A,12.0,18.0,2.0,7.0,22.0,16.0,5.0,4.0,1.0,2.0,1.0,0.0,2.63,3.1,2.88,2.72,3.26,2.85,2.75,3.26,2.93,2.65,3.12,2.75,43.0,2015/2016
F1,2015-10-04,Caen,Saint-Etienne,1.0,0.0,H,14.0,10.0,7.0,3.0,11.0,13.0,5.0,7.0,0.0,3.0,0.0,0.0,2.45,3.2,2.88,2.61,3.31,2.98,2.65,3.31,3.1,2.49,3.18,2.89,43.0,2015/2016
F1,2015-10-04,Lorient,Bordeaux,3.0,2.0,H,7.0,9.0,4.0,5.0,8.0,17.0,3.0,5.0,0.0,2.0,1.0,1.0,2.6,3.2,2.8,2.61,3.33,2.93,2.7,3.33,3.0,2.56,3.16,2.81,43.0,2015/2016
F1,2015-10-04,Monaco,Rennes,1.0,1.0,D,14.0,8.0,6.0,3.0,14.0,16.0,8.0,3.0,3.0,2.0,0.0,0.0,1.85,3.4,4.75,1.87,3.49,4.92,1.91,3.5,4.92,1.85,3.35,4.51,43.0,2015/2016
F1,2015-10-04,Paris Saint-Germain,Marseille,2.0,1.0,H,16.0,13.0,8.0,8.0,13.0,12.0,4.0,6.0,2.0,3.0,0.0,0.0,1.33,5.0,10.0,1.36,5.24,10.39,1.4,5.24,10.39,1.35,4.77,9.05,43.0,2015/2016
F1,2015-10-16,Monaco,Lyon,1.0,1.0,D,12.0,18.0,4.0,6.0,19.0,16.0,3.0,4.0,2.0,2.0,1.0,0.0,2.55,3.2,2.9,2.72,3.22,2.93,2.72,3.4,3.15,2.54,3.16,2.89,44.0,2015/2016
F1,2015-10-17,Bastia,Paris Saint-Germain,0.0,2.0,A,6.0,13.0,2.0,5.0,14.0,15.0,2.0,3.0,3.0,1.0,0.0,0.0,10.0,5.0,1.33,10.76,5.15,1.35,12.0,5.5,1.4,9.86,4.89,1.33,44.0,2015/2016
F1,2015-10-17,Guingamp,Lille,1.0,1.0,D,10.0,10.0,2.0,2.0,11.0,25.0,3.0,3.0,1.0,3.0,0.0,1.0,2.6,3.1,2.9,2.73,3.1,2.98,2.76,3.15,3.01,2.65,3.0,2.88,45.0,2015/2016
F1,2015-10-17,Nantes,Troyes,3.0,0.0,H,17.0,14.0,4.0,2.0,4.0,8.0,5.0,4.0,0.0,1.0,0.0,0.0,1.95,3.3,4.2,1.97,3.35,4.57,2.0,3.35,4.8,1.93,3.23,4.35,45.0,2015/2016
F1,2015-10-17,Reims,Caen,0.0,1.0,A,12.0,11.0,2.0,4.0,13.0,16.0,4.0,6.0,2.0,3.0,0.0,0.0,2.5,3.2,2.9,2.68,3.26,2.9,2.7,3.35,3.1,2.5,3.19,2.9,45.0,2015/2016
F1,2015-10-17,Saint-Etienne,Ajaccio GFCO,2.0,0.0,H,13.0,4.0,6.0,0.0,11.0,13.0,5.0,3.0,0.0,0.0,0.0,0.0,1.5,3.8,8.0,1.48,4.23,8.77,1.53,4.27,9.0,1.48,3.94,7.84,45.0,2015/2016
F1,2015-10-17,Toulouse,Angers,1.0,2.0,A,21.0,7.0,6.0,5.0,12.0,17.0,9.0,1.0,1.0,1.0,0.0,0.0,2.05,3.3,3.8,2.09,3.44,3.92,2.15,3.47,4.1,2.06,3.23,3.78,45.0,2015/2016
F1,2015-10-18,Bordeaux,Montpellier,0.0,0.0,D,16.0,6.0,3.0,0.0,16.0,10.0,7.0,2.0,4.0,2.0,0.0,0.0,1.75,3.6,5.0,1.79,3.6,5.27,1.85,3.7,5.27,1.8,3.48,4.67,45.0,2015/2016
F1,2015-10-18,Marseille,Lorient,1.0,1.0,D,21.0,6.0,8.0,2.0,19.0,14.0,11.0,4.0,1.0,3.0,0.0,0.0,1.57,4.0,6.0,1.57,4.31,6.4,1.62,4.34,6.5,1.56,4.0,5.94,45.0,2015/2016
F1,2015-10-18,Rennes,Nice,1.0,4.0,A,15.0,12.0,3.0,7.0,15.0,7.0,4.0,3.0,2.0,2.0,0.0,0.0,2.1,3.25,3.75,2.13,3.39,3.84,2.25,3.46,3.9,2.13,3.27,3.54,45.0,2015/2016
F1,2015-10-23,Caen,Nantes,0.0,2.0,A,16.0,10.0,4.0,3.0,8.0,19.0,7.0,6.0,1.0,2.0,0.0,0.0,1.91,3.3,4.5,1.96,3.34,4.71,2.0,3.5,4.79,1.94,3.24,4.32,42.0,2015/2016
F1,2015-10-23,Lyon,Toulouse,3.0,0.0,H,20.0,7.0,8.0,3.0,16.0,18.0,4.0,5.0,1.0,4.0,0.0,0.0,1.73,3.6,5.25,1.79,3.73,5.18,1.8,3.82,5.5,1.74,3.61,4.9,42.0,2015/2016
F1,2015-10-24,Ajaccio GFCO,Nice,3.0,1.0,H,13.0,9.0,6.0,2.0,16.0,11.0,5.0,3.0,3.0,3.0,1.0,0.0,3.4,3.3,2.2,3.84,3.37,2.14,3.84,3.5,2.2,3.5,3.25,2.14,43.0,2015/2016
F1,2015-10-24,Angers,Guingamp,0.0,0.0,D,10.0,11.0,2.0,2.0,20.0,12.0,7.0,7.0,2.0,2.0,1.0,0.0,2.4,3.0,3.3,2.53,3.04,3.32,2.62,3.15,3.32,2.46,3.0,3.13,43.0,2015/2016
F1,2015-10-24,Lorient,Rennes,1.0,1.0,D,10.0,11.0,5.0,3.0,12.0,15.0,3.0,8.0,0.0,0.0,1.0,1.0,2.4,3.1,3.2,2.5,3.24,3.21,2.52,3.25,3.3,2.4,3.11,3.11,43.0,2015/2016
F1,2015-10-24,Montpellier,Bastia,2.0,0.0,H,10.0,13.0,3.0,1.0,8.0,12.0,5.0,4.0,1.0,3.0,0.0,0.0,1.95,3.3,4.2,1.96,3.41,4.51,2.0,3.41,4.75,1.93,3.28,4.22,43.0,2015/2016
F1,2015-10-25,Bordeaux,Troyes,1.0,0.0,H,16.0,11.0,4.0,2.0,9.0,16.0,5.0,4.0,1.0,4.0,0.0,0.0,1.5,3.8,7.5,1.56,4.28,6.87,1.6,4.28,7.5,1.55,3.9,6.35,43.0,2015/2016
F1,2015-10-25,Lille,Marseille,1.0,2.0,A,10.0,12.0,4.0,6.0,14.0,24.0,3.0,5.0,3.0,4.0,0.0,0.0,2.6,3.1,2.9,2.61,3.18,3.05,2.7,3.25,3.05,2.59,3.1,2.85,43.0,2015/2016
F1,2015-10-25,Paris Saint-Germain,Saint-Etienne,4.0,1.0,H,21.0,14.0,10.0,6.0,9.0,15.0,5.0,0.0,0.0,0.0,0.0,0.0,1.25,6.0,12.0,1.28,6.0,13.78,1.3,6.0,15.0,1.26,5.59,11.5,43.0,2015/2016
F1,2015-10-25,Reims,Monaco,0.0,1.0,A,13.0,16.0,6.0,4.0,13.0,12.0,3.0,5.0,1.0,2.0,1.0,0.0,3.0,3.1,2.5,3.01,3.21,2.66,3.25,3.25,2.66,3.01,3.1,2.47,43.0,2015/2016
F1,2015-10-30,Rennes,Paris Saint-Germain,0.0,1.0,A,5.0,13.0,2.0,5.0,14.0,11.0,1.0,3.0,0.0,0.0,0.0,0.0,7.5,4.0,1.5,7.25,4.17,1.56,8.4,4.33,1.57,6.82,4.01,1.51,48.0,2015/2016
F1,2015-10-31,Bastia,Caen,1.0,0.0,H,11.0,5.0,6.0,3.0,12.0,17.0,8.0,2.0,1.0,2.0,0.0,0.0,2.9,3.1,2.6,3.13,3.16,2.57,3.13,3.26,2.68,2.91,3.11,2.54,47.0,2015/2016
F1,2015-10-31,Ajaccio GFCO,Bordeaux,2.0,0.0,H,7.0,7.0,4.0,0.0,20.0,10.0,2.0,5.0,3.0,4.0,1.0,0.0,4.2,3.4,1.95,4.47,3.52,1.93,5.0,3.65,1.95,4.28,3.39,1.89,47.0,2015/2016
F1,2015-10-31,Guingamp,Lorient,2.0,2.0,D,13.0,12.0,4.0,4.0,10.0,19.0,4.0,3.0,3.0,1.0,1.0,1.0,2.0,3.3,4.0,2.07,3.47,3.96,2.1,3.5,4.1,2.03,3.32,3.78,47.0,2015/2016
F1,2015-10-31,Saint-Etienne,Reims,3.0,0.0,H,20.0,8.0,8.0,5.0,11.0,10.0,7.0,12.0,1.0,1.0,0.0,0.0,1.62,3.8,6.0,1.62,4.07,6.15,1.67,4.08,6.5,1.61,3.8,5.71,47.0,2015/2016
F1,2015-10-31,Troyes,Lyon,0.0,1.0,A,8.0,31.0,2.0,6.0,12.0,14.0,3.0,10.0,2.0,0.0,1.0,0.0,5.5,3.6,1.7,5.75,3.59,1.75,5.75,3.8,1.77,5.17,3.55,1.72,47.0,2015/2016
F1,2015-10-31,Toulouse,Montpellier,1.0,1.0,D,10.0,7.0,5.0,1.0,22.0,15.0,3.0,7.0,4.0,2.0,0.0,0.0,2.1,3.25,3.75,2.2,3.28,3.76,2.2,3.35,3.9,2.14,3.21,3.55,47.0,2015/2016
F1,2015-11-01,Monaco,Angers,1.0,0.0,H,13.0,15.0,2.0,5.0,7.0,21.0,2.0,4.0,3.0,4.0,0.0,0.0,1.6,3.75,6.5,1.61,3.85,6.92,1.7,3.85,7.5,1.6,3.66,6.3,46.0,2015/2016
F1,2015-11-01,Nantes,Marseille,0.0,1.0,A,12.0,12.0,4.0,3.0,20.0,18.0,5.0,2.0,2.0,1.0,0.0,0.0,4.0,3.1,2.1,4.15,3.3,2.08,4.15,3.3,2.15,3.77,3.16,2.09,47.0,2015/2016
F1,2015-11-01,Nice,Lille,0.0,0.0,D,9.0,9.0,4.0,1.0,24.0,26.0,7.0,5.0,3.0,3.0,0.0,0.0,2.38,3.2,3.2,2.35,3.27,3.42,2.4,3.3,3.42,2.32,3.18,3.16,46.0,2015/2016
F1,2015-11-04,Nice,Nantes,1.0,2.0,A,9.0,12.0,3.0,6.0,7.0,16.0,3.0,6.0,1.0,3.0,0.0,0.0,2.0,3.25,4.2,2.0,3.39,4.36,2.1,3.4,4.36,1.97,3.28,4.03,42.0,2015/2016
F1,2015-11-06,Angers,Rennes,0.0,2.0,A,18.0,10.0,3.0,2.0,8.0,15.0,5.0,2.0,1.0,2.0,0.0,0.0,2.88,3.0,2.7,2.89,3.0,2.89,3.0,3.1,2.89,2.86,2.93,2.73,43.0,2015/2016
F1,2015-11-07,Lorient,Troyes,4.0,1.0,H,29.0,13.0,10.0,6.0,9.0,11.0,10.0,5.0,0.0,0.0,0.0,0.0,1.67,3.75,5.5,1.67,3.89,5.92,1.73,3.92,6.0,1.65,3.64,5.54,43.0,2015/2016
F1,2015-11-07,Lille,Bastia,1.0,1.0,D,10.0,9.0,1.0,2.0,14.0,12.0,5.0,5.0,1.0,3.0,1.0,0.0,1.67,3.5,6.0,1.71,3.64,6.0,1.73,3.66,6.0,1.69,3.46,5.63,43.0,2015/2016
F1,2015-11-07,Caen,Guingamp,2.0,1.0,H,16.0,13.0,5.0,6.0,11.0,14.0,11.0,6.0,1.0,1.0,0.0,0.0,2.2,3.2,3.5,2.2,3.26,3.79,2.2,3.3,3.82,2.16,3.18,3.54,43.0,2015/2016
F1,2015-11-07,Montpellier,Nantes,2.0,1.0,H,10.0,10.0,4.0,2.0,6.0,14.0,2.0,6.0,0.0,4.0,0.0,0.0,2.2,3.1,3.6,2.27,3.14,3.76,2.3,3.2,3.9,2.21,3.07,3.54,43.0,2015/2016
F1,2015-11-07,Reims,Ajaccio GFCO,1.0,2.0,A,13.0,11.0,2.0,4.0,10.0,12.0,7.0,1.0,3.0,2.0,0.0,0.0,1.91,3.2,4.75,1.94,3.31,4.77,2.0,3.4,4.8,1.91,3.25,4.41,43.0,2015/2016
F1,2015-11-07,Paris Saint-Germain,Toulouse,5.0,0.0,H,15.0,7.0,9.0,0.0,13.0,13.0,5.0,0.0,2.0,1.0,0.0,0.0,1.18,7.0,17.0,1.19,7.8,18.52,1.22,7.8,21.0,1.18,6.78,15.75,43.0,2015/2016
F1,2015-11-08,Bordeaux,Monaco,3.0,1.0,H,9.0,13.0,4.0,6.0,17.0,14.0,5.0,10.0,2.0,2.0,0.0,0.0,2.3,3.1,3.4,2.42,3.22,3.33,2.42,3.25,3.4,2.33,3.13,3.21,43.0,2015/2016
F1,2015-11-08,Lyon,Saint-Etienne,3.0,0.0,H,17.0,6.0,8.0,1.0,19.0,20.0,5.0,3.0,4.0,4.0,0.0,0.0,1.95,3.5,4.0,1.97,3.66,4.07,1.98,3.63,4.33,1.93,3.41,4.02,43.0,2015/2016
F1,2015-11-08,Marseille,Nice,0.0,1.0,A,14.0,9.0,3.0,4.0,14.0,11.0,7.0,5.0,2.0,2.0,0.0,0.0,1.67,4.0,5.0,1.7,4.08,5.16,1.75,4.08,5.25,1.7,3.77,4.83,43.0,2015/2016
F1,2015-11-20,Nice,Lyon,3.0,0.0,H,13.0,13.0,8.0,1.0,13.0,3.0,3.0,2.0,1.0,2.0,0.0,0.0,3.4,3.4,2.15,3.64,3.48,2.18,3.7,3.5,2.25,3.41,3.32,2.16,46.0,2015/2016
F1,2015-11-21,Montpellier,Reims,3.0,1.0,H,11.0,11.0,4.0,4.0,12.0,18.0,3.0,4.0,3.0,2.0,0.0,0.0,2.1,3.25,3.75,2.09,3.38,3.98,2.17,3.4,4.1,2.07,3.23,3.74,45.0,2015/2016
F1,2015-11-21,Troyes,Lille,1.0,1.0,D,10.0,16.0,5.0,6.0,17.0,20.0,6.0,12.0,2.0,1.0,0.0,0.0,3.6,3.2,2.15,3.83,3.28,2.18,3.83,3.3,2.35,3.48,3.14,2.2,45.0,2015/2016
F1,2015-11-21,Guingamp,Toulouse,2.0,0.0,H,7.0,13.0,5.0,3.0,17.0,24.0,3.0,7.0,3.0,3.0,0.0,1.0,2.1,3.4,3.6,2.14,3.44,3.76,2.17,3.52,3.9,2.07,3.34,3.6,45.0,2015/2016
F1,2015-11-21,Lorient,Paris Saint-Germain,1.0,2.0,A,13.0,8.0,6.0,3.0,13.0,14.0,3.0,2.0,2.0,1.0,0.0,0.0,7.5,4.5,1.44,7.58,4.52,1.49,8.0,4.65,1.5,7.14,4.35,1.45,45.0,2015/2016
F1,2015-11-21,Monaco,Nantes,1.0,0.0,H,8.0,12.0,4.0,2.0,13.0,16.0,6.0,3.0,2.0,1.0,0.0,0.0,1.7,3.6,5.5,1.76,3.68,5.43,1.76,3.7,5.9,1.72,3.5,5.21,45.0,2015/2016
F1,2015-11-22,Bastia,Ajaccio GFCO,1.0,2.0,A,9.0,15.0,5.0,4.0,11.0,14.0,2.0,4.0,2.0,1.0,0.0,0.0,2.1,3.2,3.8,2.12,3.2,4.16,2.14,3.3,4.16,2.08,3.13,3.81,44.0,2015/2016
F1,2015-11-22,Caen,Angers,0.0,0.0,D,13.0,11.0,2.0,4.0,8.0,13.0,4.0,8.0,1.0,1.0,1.0,0.0,1.8,3.4,5.0,1.85,3.33,5.34,1.94,3.4,5.4,1.83,3.27,4.8,45.0,2015/2016
F1,2015-11-22,Rennes,Bordeaux,2.0,2.0,D,8.0,8.0,4.0,5.0,17.0,10.0,5.0,2.0,2.0,2.0,0.0,1.0,2.3,3.2,3.3,2.39,3.27,3.33,2.42,3.27,3.5,2.34,3.11,3.21,45.0,2015/2016
F1,2015-11-22,Saint-Etienne,Marseille,0.0,2.0,A,12.0,14.0,4.0,6.0,10.0,9.0,5.0,7.0,1.0,1.0,0.0,0.0,2.45,3.25,3.0,2.43,3.35,3.18,2.55,3.5,3.18,2.43,3.25,2.94,45.0,2015/2016
F1,2015-11-27,Lyon,Montpellier,2.0,4.0,A,12.0,15.0,5.0,9.0,13.0,17.0,5.0,2.0,3.0,4.0,0.0,0.0,1.57,3.8,6.5,1.58,4.1,7.02,1.62,4.1,7.02,1.57,3.86,6.3,52.0,2015/2016
F1,2015-11-28,Ajaccio GFCO,Lorient,1.0,1.0,D,17.0,5.0,3.0,2.0,12.0,8.0,4.0,3.0,2.0,1.0,0.0,0.0,2.8,3.2,2.6,2.79,3.29,2.76,2.94,3.31,2.8,2.74,3.14,2.64,52.0,2015/2016
F1,2015-11-28,Angers,Lille,2.0,0.0,H,9.0,8.0,5.0,0.0,22.0,13.0,1.0,4.0,2.0,3.0,0.0,1.0,2.9,2.9,2.8,2.94,2.9,2.94,3.0,3.1,2.94,2.88,2.84,2.77,52.0,2015/2016
F1,2015-11-28,Nantes,Bastia,0.0,0.0,D,14.0,6.0,3.0,1.0,24.0,11.0,7.0,1.0,2.0,2.0,1.0,0.0,1.91,3.2,4.75,1.93,3.28,4.93,1.95,3.4,5.2,1.89,3.21,4.56,52.0,2015/2016
F1,2015-11-28,Paris Saint-Germain,Troyes,4.0,1.0,H,22.0,11.0,9.0,3.0,5.0,8.0,7.0,2.0,0.0,1.0,0.0,0.0,1.08,10.0,34.0,1.1,11.5,33.5,1.12,12.0,38.0,1.09,9.91,28.11,52.0,2015/2016
F1,2015-11-28,Reims,Rennes,2.0,2.0,D,12.0,11.0,4.0,6.0,14.0,17.0,3.0,2.0,3.0,4.0,1.0,0.0,3.0,3.0,2.6,2.95,3.15,2.71,3.0,3.2,2.71,2.89,3.07,2.57,52.0,2015/2016
F1,2015-11-28,Toulouse,Nice,2.0,0.0,H,10.0,8.0,6.0,3.0,13.0,9.0,3.0,3.0,2.0,2.0,0.0,1.0,2.38,3.4,3.0,2.5,3.4,3.02,2.57,3.4,3.1,2.43,3.25,2.93,52.0,2015/2016
F1,2015-11-29,Bordeaux,Caen,1.0,4.0,A,10.0,13.0,3.0,10.0,15.0,15.0,4.0,6.0,3.0,2.0,1.0,0.0,1.95,3.5,4.0,1.97,3.51,4.3,2.0,3.51,4.4,1.93,3.35,4.07,51.0,2015/2016
F1,2015-11-29,Marseille,Monaco,3.0,3.0,D,12.0,10.0,6.0,5.0,15.0,23.0,3.0,4.0,1.0,3.0,0.0,0.0,1.95,3.5,4.0,1.98,3.58,4.17,2.1,3.6,4.3,1.96,3.39,3.89,50.0,2015/2016
F1,2015-11-29,Saint-Etienne,Guingamp,3.0,0.0,H,10.0,14.0,7.0,4.0,23.0,18.0,4.0,3.0,2.0,3.0,1.0,0.0,1.83,3.3,5.0,1.91,3.39,4.85,1.91,3.55,5.4,1.81,3.33,4.8,51.0,2015/2016
F1,2015-12-01,Lorient,Nice,0.0,0.0,D,10.0,12.0,3.0,7.0,13.0,16.0,7.0,2.0,2.0,5.0,0.0,0.0,2.25,3.3,3.3,2.24,3.48,3.49,2.35,3.48,3.5,2.22,3.32,3.29,50.0,2015/2016
F1,2015-12-01,Nantes,Lyon,0.0,0.0,D,9.0,10.0,3.0,5.0,23.0,10.0,3.0,1.0,1.0,2.0,0.0,0.0,3.6,3.25,2.15,3.73,3.32,2.22,3.8,3.32,2.22,3.55,3.22,2.16,51.0,2015/2016
F1,2015-12-01,Angers,Paris Saint-Germain,0.0,0.0,D,8.0,12.0,1.0,3.0,8.0,8.0,3.0,12.0,0.0,1.0,0.0,0.0,10.0,5.0,1.33,11.96,5.02,1.36,13.0,5.04,1.36,10.89,4.83,1.32,51.0,2015/2016
F1,2015-12-02,Bastia,Bordeaux,1.0,0.0,H,8.0,6.0,4.0,2.0,18.0,13.0,7.0,6.0,1.0,1.0,0.0,0.0,3.0,3.2,2.5,3.18,3.2,2.51,3.2,3.3,2.55,3.04,3.13,2.44,51.0,2015/2016
F1,2015-12-02,Guingamp,Reims,1.0,2.0,A,8.0,6.0,2.0,4.0,21.0,26.0,4.0,0.0,2.0,4.0,1.0,1.0,1.91,3.3,4.5,1.93,3.48,4.57,2.0,3.5,4.6,1.92,3.35,4.23,51.0,2015/2016
F1,2015-12-02,Lille,Saint-Etienne,1.0,0.0,H,13.0,9.0,5.0,0.0,12.0,26.0,6.0,4.0,2.0,2.0,0.0,0.0,2.5,3.1,3.1,2.5,3.12,3.3,2.51,3.2,3.4,2.44,3.03,3.15,51.0,2015/2016
F1,2015-12-02,Monaco,Caen,1.0,1.0,D,10.0,8.0,4.0,3.0,9.0,14.0,4.0,4.0,0.0,2.0,0.0,0.0,1.85,3.5,4.33,1.97,3.52,4.28,1.97,3.55,4.6,1.89,3.41,4.25,51.0,2015/2016
F1,2015-12-02,Montpellier,Ajaccio GFCO,0.0,2.0,A,16.0,6.0,6.0,3.0,7.0,13.0,9.0,0.0,1.0,4.0,0.0,0.0,1.83,3.5,4.5,1.91,3.36,4.92,1.91,3.5,5.0,1.85,3.34,4.61,51.0,2015/2016
F1,2015-12-02,Troyes,Toulouse,0.0,3.0,A,18.0,11.0,7.0,8.0,11.0,15.0,10.0,6.0,0.0,1.0,1.0,1.0,3.0,3.3,2.4,3.15,3.32,2.46,3.15,3.32,2.55,2.96,3.23,2.43,51.0,2015/2016
F1,2015-12-03,Rennes,Marseille,0.0,1.0,A,10.0,11.0,1.0,5.0,17.0,11.0,5.0,3.0,4.0,2.0,0.0,0.0,3.1,3.1,2.5,3.17,3.2,2.52,3.2,3.25,2.63,3.01,3.09,2.47,50.0,2015/2016
F1,2015-12-04,Nice,Paris Saint-Germain,0.0,3.0,A,7.0,15.0,2.0,6.0,9.0,12.0,3.0,2.0,0.0,2.0,1.0,0.0,6.5,4.33,1.5,7.12,4.51,1.52,8.0,4.51,1.52,6.81,4.27,1.49,49.0,2015/2016
F1,2015-12-05,Ajaccio GFCO,Nantes,1.0,1.0,D,25.0,12.0,6.0,3.0,11.0,19.0,5.0,2.0,2.0,2.0,0.0,0.0,2.5,3.0,3.1,2.64,3.05,3.14,2.7,3.1,3.14,2.58,2.97,3.0,50.0,2015/2016
F1,2015-12-05,Lyon,Angers,0.0,2.0,A,13.0,9.0,1.0,6.0,15.0,7.0,7.0,1.0,3.0,1.0,0.0,0.0,1.53,3.75,7.5,1.6,3.94,6.91,1.65,4.0,7.5,1.56,3.76,6.64,50.0,2015/2016
F1,2015-12-05,Caen,Lille,1.0,2.0,A,15.0,12.0,5.0,5.0,16.0,14.0,14.0,2.0,2.0,3.0,0.0,0.0,2.4,3.1,3.25,2.45,3.1,3.4,2.5,3.17,3.4,2.38,3.07,3.19,50.0,2015/2016
F1,2015-12-05,Toulouse,Lorient,2.0,3.0,A,20.0,5.0,3.0,4.0,15.0,17.0,10.0,2.0,1.0,2.0,0.0,0.0,2.0,3.4,3.8,2.18,3.42,3.64,2.25,3.42,3.8,2.14,3.3,3.46,50.0,2015/2016
F1,2015-12-05,Reims,Troyes,1.0,1.0,D,11.0,14.0,3.0,4.0,8.0,12.0,7.0,2.0,1.0,1.0,0.0,0.0,1.67,3.75,5.5,1.75,3.79,5.24,1.8,3.8,5.5,1.73,3.64,4.87,50.0,2015/2016
F1,2015-12-05,Bastia,Monaco,1.0,2.0,A,5.0,7.0,2.0,2.0,13.0,13.0,2.0,3.0,3.0,1.0,0.0,0.0,3.5,3.3,2.15,3.75,3.23,2.23,3.75,3.3,2.4,3.48,3.17,2.2,50.0,2015/2016
F1,2015-12-06,Bordeaux,Guingamp,1.0,0.0,H,13.0,8.0,4.0,2.0,10.0,17.0,4.0,2.0,1.0,2.0,0.0,0.0,2.0,3.2,4.2,2.09,3.33,4.05,2.09,3.4,4.3,2.02,3.26,3.9,50.0,2015/2016
F1,2015-12-06,Marseille,Montpellier,2.0,2.0,D,14.0,6.0,8.0,2.0,10.0,12.0,6.0,3.0,2.0,1.0,0.0,0.0,1.65,3.75,5.5,1.68,3.91,5.79,1.7,4.0,6.0,1.65,3.75,5.44,50.0,2015/2016
F1,2015-12-06,Saint-Etienne,Rennes,1.0,1.0,D,14.0,5.0,4.0,3.0,15.0,10.0,12.0,3.0,2.0,3.0,0.0,0.0,2.05,3.1,4.2,2.09,3.19,4.3,2.1,3.3,4.3,2.04,3.17,3.95,50.0,2015/2016
F1,2015-12-11,Rennes,Caen,1.0,1.0,D,22.0,12.0,8.0,3.0,7.0,9.0,12.0,7.0,1.0,0.0,0.0,1.0,2.38,3.25,3.2,2.43,3.28,3.3,2.47,3.28,3.4,2.35,3.16,3.18,49.0,2015/2016
F1,2015-12-12,Lille,Lorient,3.0,0.0,H,16.0,11.0,7.0,3.0,13.0,10.0,3.0,6.0,2.0,2.0,0.0,0.0,1.75,3.5,5.25,1.81,3.47,5.44,1.9,3.5,5.44,1.8,3.37,4.85,50.0,2015/2016
F1,2015-12-12,Montpellier,Guingamp,2.0,1.0,H,10.0,9.0,6.0,4.0,13.0,20.0,1.0,5.0,3.0,2.0,0.0,1.0,2.0,3.3,4.0,2.06,3.32,4.19,2.1,3.4,4.2,2.03,3.23,3.9,50.0,2015/2016
F1,2015-12-12,Nantes,Toulouse,1.0,1.0,D,15.0,5.0,2.0,3.0,18.0,15.0,4.0,1.0,4.0,4.0,0.0,1.0,2.38,3.1,3.3,2.46,3.25,3.21,2.47,3.25,3.4,2.36,3.11,3.18,50.0,2015/2016
F1,2015-12-12,Reims,Nice,1.0,1.0,D,17.0,7.0,7.0,3.0,12.0,13.0,3.0,2.0,2.0,2.0,1.0,0.0,2.6,3.1,2.9,2.67,3.35,2.84,2.7,3.35,2.9,2.61,3.19,2.75,50.0,2015/2016
F1,2015-12-12,Troyes,Bastia,1.0,1.0,D,17.0,11.0,4.0,3.0,11.0,21.0,10.0,5.0,2.0,4.0,0.0,0.0,2.38,3.1,3.3,2.38,3.21,3.41,2.41,3.25,3.41,2.33,3.13,3.22,50.0,2015/2016
F1,2015-12-13,Angers,Bordeaux,1.0,1.0,D,7.0,3.0,3.0,2.0,13.0,9.0,5.0,4.0,1.0,2.0,0.0,0.0,2.4,3.0,3.3,2.45,3.1,3.39,2.5,3.15,3.5,2.42,3.0,3.19,49.0,2015/2016
F1,2015-12-13,Marseille,Ajaccio GFCO,1.0,1.0,D,9.0,9.0,3.0,2.0,12.0,24.0,2.0,3.0,2.0,4.0,1.0,0.0,1.4,4.75,8.0,1.44,4.63,8.68,1.44,4.78,9.5,1.41,4.42,8.15,50.0,2015/2016
F1,2015-12-13,Monaco,Saint-Etienne,1.0,0.0,H,10.0,5.0,4.0,0.0,20.0,17.0,10.0,5.0,3.0,2.0,0.0,1.0,2.05,3.25,4.0,2.13,3.23,4.07,2.14,3.3,4.1,2.07,3.19,3.81,50.0,2015/2016
F1,2015-12-13,Paris Saint-Germain,Lyon,5.0,1.0,H,11.0,9.0,8.0,3.0,16.0,9.0,6.0,1.0,2.0,1.0,0.0,0.0,1.25,5.5,13.0,1.27,6.21,13.42,1.3,6.21,15.0,1.25,5.64,12.17,49.0,2015/2016
F1,2015-12-18,Nice,Montpellier,1.0,0.0,H,9.0,10.0,4.0,6.0,18.0,15.0,9.0,8.0,2.0,2.0,0.0,0.0,2.3,3.25,3.2,2.4,3.31,3.33,2.42,3.31,3.35,2.35,3.19,3.15,50.0,2015/2016
F1,2015-12-19,Bastia,Reims,2.0,0.0,H,7.0,11.0,2.0,2.0,18.0,7.0,4.0,5.0,3.0,1.0,0.0,0.0,2.45,3.1,3.1,2.45,3.17,3.32,2.5,3.25,3.35,2.4,3.08,3.14,49.0,2015/2016
F1,2015-12-19,Toulouse,Lille,1.0,1.0,D,7.0,24.0,4.0,6.0,18.0,11.0,2.0,8.0,2.0,1.0,1.0,0.0,2.55,3.1,3.0,2.52,3.18,3.2,2.56,3.2,3.22,2.47,3.06,3.04,49.0,2015/2016
F1,2015-12-19,Caen,Paris Saint-Germain,0.0,3.0,A,8.0,18.0,1.0,10.0,9.0,11.0,7.0,7.0,3.0,2.0,0.0,0.0,7.0,4.2,1.5,7.95,4.37,1.49,8.0,4.6,1.53,7.14,4.2,1.47,49.0,2015/2016
F1,2015-12-19,Lorient,Nantes,0.0,0.0,D,18.0,13.0,2.0,6.0,6.0,17.0,9.0,7.0,0.0,3.0,0.0,0.0,2.15,3.1,3.75,2.28,3.27,3.56,2.3,3.3,3.8,2.2,3.13,3.48,49.0,2015/2016
F1,2015-12-19,Guingamp,Rennes,0.0,2.0,A,13.0,9.0,4.0,5.0,11.0,11.0,10.0,3.0,1.0,2.0,0.0,0.0,2.5,3.0,3.2,2.53,3.09,3.27,2.6,3.11,3.3,2.46,3.0,3.12,49.0,2015/2016
F1,2015-12-19,Troyes,Monaco,0.0,0.0,D,11.0,16.0,2.0,5.0,6.0,17.0,6.0,15.0,2.0,3.0,1.0,0.0,4.2,3.5,1.91,4.45,3.58,1.92,4.5,3.6,1.95,4.15,3.41,1.91,49.0,2015/2016
F1,2015-12-20,Ajaccio GFCO,Lyon,2.0,1.0,H,12.0,9.0,8.0,2.0,21.0,12.0,5.0,2.0,3.0,1.0,0.0,0.0,3.25,3.3,2.3,3.24,3.35,2.39,3.4,3.4,2.39,3.22,3.22,2.28,48.0,2015/2016
F1,2015-12-20,Bordeaux,Marseille,1.0,1.0,D,11.0,7.0,3.0,4.0,13.0,14.0,3.0,6.0,3.0,3.0,0.0,0.0,2.8,3.2,2.63,2.88,3.27,2.68,2.9,3.3,2.75,2.77,3.15,2.63,49.0,2015/2016
F1,2015-12-20,Saint-Etienne,Angers,1.0,0.0,H,15.0,11.0,1.0,2.0,9.0,16.0,9.0,5.0,3.0,3.0,0.0,0.0,1.91,3.3,4.5,1.92,3.28,5.02,1.93,3.4,5.2,1.88,3.23,4.59,49.0,2015/2016
F1,2016-01-08,Paris Saint-Germain,Bastia,2.0,0.0,H,14.0,5.0,3.0,0.0,10.0,18.0,8.0,0.0,1.0,3.0,0.0,0.0,1.1,10.0,26.0,1.09,12.0,46.02,1.12,12.15,45.68,1.09,9.58,27.17,47.0,2015/2016
F1,2016-01-09,Angers,Caen,2.0,0.0,H,13.0,15.0,5.0,3.0,6.0,8.0,7.0,8.0,0.0,2.0,0.0,0.0,2.5,3.0,3.2,2.48,3.14,3.3,2.6,3.15,3.3,2.45,3.01,3.14,48.0,2015/2016
F1,2016-01-09,Lyon,Troyes,4.0,1.0,H,22.0,9.0,8.0,3.0,16.0,20.0,4.0,1.0,1.0,1.0,0.0,0.0,1.33,5.0,9.0,1.33,5.44,10.88,1.4,5.44,10.88,1.34,4.96,9.02,48.0,2015/2016
F1,2016-01-09,Monaco,Ajaccio GFCO,2.0,2.0,D,11.0,10.0,4.0,2.0,16.0,21.0,6.0,1.0,2.0,3.0,0.0,0.0,1.62,3.75,6.0,1.63,3.93,6.43,1.65,4.0,7.5,1.6,3.76,6.09,48.0,2015/2016
F1,2016-01-09,Montpellier,Bordeaux,0.0,1.0,A,12.0,13.0,4.0,3.0,13.0,11.0,8.0,5.0,2.0,1.0,0.0,0.0,2.4,3.1,3.25,2.43,3.17,3.34,2.43,3.2,3.45,2.34,3.09,3.26,48.0,2015/2016
F1,2016-01-09,Reims,Toulouse,1.0,3.0,A,8.0,8.0,3.0,3.0,18.0,15.0,2.0,1.0,2.0,4.0,1.0,0.0,2.6,3.1,2.9,2.63,3.21,3.0,2.63,3.3,3.01,2.54,3.15,2.88,48.0,2015/2016
F1,2016-01-09,Rennes,Lorient,2.0,2.0,D,12.0,6.0,4.0,2.0,8.0,11.0,5.0,3.0,0.0,1.0,0.0,0.0,2.0,3.25,4.2,1.98,3.31,4.59,2.0,3.4,4.59,1.97,3.27,4.13,48.0,2015/2016
F1,2016-01-10,Lille,Nice,1.0,1.0,D,10.0,9.0,3.0,3.0,20.0,21.0,2.0,6.0,3.0,3.0,0.0,0.0,1.85,3.4,4.75,1.88,3.49,4.87,1.91,3.49,4.87,1.87,3.32,4.49,47.0,2015/2016
F1,2016-01-10,Marseille,Guingamp,0.0,0.0,D,15.0,7.0,3.0,1.0,18.0,15.0,8.0,0.0,2.0,1.0,0.0,0.0,1.62,3.75,6.0,1.65,3.88,6.13,1.67,4.0,6.5,1.62,3.71,5.83,47.0,2015/2016
F1,2016-01-10,Nantes,Saint-Etienne,2.0,1.0,H,18.0,10.0,6.0,2.0,18.0,14.0,6.0,6.0,1.0,3.0,0.0,0.0,2.5,3.0,3.1,2.68,3.02,3.12,2.8,3.1,3.2,2.57,2.96,3.0,48.0,2015/2016
F1,2016-01-15,Nice,Angers,2.0,1.0,H,11.0,9.0,5.0,4.0,9.0,17.0,6.0,3.0,2.0,3.0,0.0,0.0,2.05,3.1,4.0,2.11,3.21,4.25,2.2,3.22,4.25,2.1,3.09,3.91,44.0,2015/2016
F1,2016-01-16,Bordeaux,Lille,1.0,0.0,H,14.0,10.0,3.0,7.0,17.0,17.0,8.0,1.0,2.0,1.0,0.0,0.0,2.4,3.0,3.3,2.48,3.01,3.45,2.5,3.15,3.48,2.39,3.0,3.25,45.0,2015/2016
F1,2016-01-16,Bastia,Montpellier,1.0,0.0,H,2.0,7.0,1.0,1.0,21.0,11.0,1.0,5.0,3.0,1.0,1.0,1.0,2.75,3.0,2.8,2.85,3.02,2.91,2.85,3.15,2.91,2.71,3.0,2.8,45.0,2015/2016
F1,2016-01-16,Ajaccio GFCO,Reims,2.0,2.0,D,18.0,10.0,4.0,6.0,13.0,8.0,4.0,2.0,2.0,0.0,0.0,0.0,2.05,3.2,4.0,2.08,3.34,4.08,2.2,3.34,4.08,2.1,3.19,3.72,45.0,2015/2016
F1,2016-01-16,Troyes,Rennes,2.0,4.0,A,12.0,19.0,5.0,13.0,7.0,7.0,8.0,7.0,3.0,1.0,0.0,0.0,3.75,3.3,2.1,3.71,3.39,2.17,3.75,3.41,2.25,3.45,3.27,2.16,45.0,2015/2016
F1,2016-01-16,Toulouse,Paris Saint-Germain,0.0,1.0,A,9.0,12.0,3.0,4.0,9.0,9.0,2.0,7.0,1.0,0.0,0.0,0.0,8.0,4.75,1.4,7.87,4.75,1.45,8.25,4.8,1.47,7.49,4.5,1.43,45.0,2015/2016
F1,2016-01-16,Guingamp,Nantes,2.0,2.0,D,8.0,8.0,4.0,1.0,10.0,14.0,7.0,7.0,4.0,1.0,1.0,0.0,2.4,3.0,3.3,2.47,3.06,3.4,2.5,3.15,3.44,2.4,3.02,3.22,45.0,2015/2016
F1,2016-01-17,Caen,Marseille,1.0,3.0,A,7.0,15.0,3.0,9.0,16.0,12.0,0.0,4.0,2.0,1.0,0.0,0.0,2.9,3.2,2.55,2.94,3.29,2.63,3.1,3.3,2.65,2.89,3.18,2.51,45.0,2015/2016
F1,2016-01-17,Lorient,Monaco,0.0,2.0,A,8.0,6.0,2.0,4.0,14.0,12.0,3.0,5.0,2.0,1.0,0.0,0.0,3.0,3.0,2.6,3.04,3.24,2.58,3.1,3.25,2.62,2.92,3.14,2.52,45.0,2015/2016
F1,2016-01-17,Saint-Etienne,Lyon,1.0,0.0,H,9.0,18.0,2.0,5.0,25.0,13.0,2.0,8.0,3.0,1.0,0.0,0.0,2.88,3.1,2.63,2.84,3.24,2.74,2.88,3.3,2.8,2.73,3.17,2.66,45.0,2015/2016
F1,2016-01-22,Rennes,Ajaccio GFCO,1.0,0.0,H,10.0,8.0,3.0,2.0,9.0,15.0,8.0,2.0,3.0,3.0,0.0,0.0,1.91,3.3,4.5,1.93,3.49,4.65,1.95,3.5,4.75,1.9,3.33,4.37,45.0,2015/2016
F1,2016-01-23,Guingamp,Bastia,1.0,0.0,H,16.0,4.0,3.0,1.0,6.0,17.0,5.0,0.0,1.0,1.0,0.0,2.0,1.85,3.25,5.0,1.87,3.33,5.26,2.0,3.4,5.5,1.83,3.24,4.92,46.0,2015/2016
F1,2016-01-23,Lille,Troyes,1.0,3.0,A,20.0,7.0,5.0,4.0,11.0,5.0,9.0,3.0,2.0,1.0,0.0,0.0,1.36,4.75,9.5,1.41,4.72,9.45,1.5,4.8,9.8,1.4,4.42,8.65,46.0,2015/2016
F1,2016-01-23,Montpellier,Caen,1.0,2.0,A,15.0,10.0,2.0,4.0,7.0,12.0,5.0,4.0,2.0,1.0,0.0,0.0,2.25,3.2,3.4,2.23,3.31,3.64,2.3,3.31,3.75,2.2,3.19,3.45,46.0,2015/2016
F1,2016-01-23,Nantes,Bordeaux,2.0,2.0,D,8.0,8.0,2.0,5.0,17.0,12.0,4.0,3.0,2.0,4.0,0.0,0.0,2.38,3.1,3.3,2.52,3.12,3.24,2.53,3.2,3.3,2.44,3.05,3.12,46.0,2015/2016
F1,2016-01-23,Nice,Lorient,2.0,1.0,H,8.0,12.0,2.0,4.0,17.0,15.0,4.0,3.0,1.0,2.0,0.0,0.0,1.91,3.4,4.33,1.86,3.54,4.85,2.1,3.6,4.85,1.87,3.4,4.35,46.0,2015/2016
F1,2016-01-23,Paris Saint-Germain,Angers,5.0,1.0,H,16.0,11.0,10.0,4.0,8.0,11.0,3.0,1.0,0.0,1.0,0.0,0.0,1.17,7.0,19.0,1.2,6.75,21.0,1.21,7.5,23.0,1.18,6.54,17.58,46.0,2015/2016
F1,2016-01-24,Lyon,Marseille,1.0,1.0,D,22.0,7.0,9.0,4.0,17.0,20.0,8.0,2.0,2.0,2.0,0.0,0.0,2.25,3.3,3.3,2.22,3.31,3.67,2.3,3.4,3.67,2.21,3.24,3.35,46.0,2015/2016
F1,2016-01-24,Monaco,Toulouse,4.0,0.0,H,14.0,9.0,5.0,3.0,21.0,16.0,6.0,3.0,4.0,1.0,0.0,0.0,1.91,3.3,4.5,1.91,3.49,4.65,1.91,3.51,4.79,1.88,3.39,4.33,46.0,2015/2016
F1,2016-01-24,Reims,Saint-Etienne,1.0,1.0,D,12.0,5.0,3.0,1.0,16.0,18.0,5.0,1.0,2.0,2.0,0.0,0.0,2.7,3.1,2.8,2.76,3.16,2.89,2.9,3.22,2.89,2.73,3.06,2.74,46.0,2015/2016
F1,2016-01-29,Marseille,Lille,1.0,1.0,D,16.0,12.0,3.0,4.0,12.0,21.0,7.0,1.0,1.0,1.0,1.0,0.0,1.95,3.3,4.33,2.08,3.43,4.04,2.12,3.7,4.33,2.0,3.34,3.95,46.0,2015/2016
F1,2016-01-30,Ajaccio GFCO,Montpellier,0.0,4.0,A,16.0,8.0,3.0,4.0,14.0,10.0,5.0,4.0,3.0,3.0,0.0,0.0,2.4,3.2,3.1,2.52,3.17,3.19,2.6,3.2,3.25,2.48,3.07,3.04,46.0,2015/2016
F1,2016-01-30,Angers,Monaco,3.0,0.0,H,19.0,9.0,10.0,4.0,16.0,10.0,5.0,5.0,2.0,3.0,0.0,0.0,3.4,3.0,2.38,3.53,3.05,2.42,3.53,3.1,2.47,3.33,2.99,2.36,47.0,2015/2016
F1,2016-01-30,Bastia,Lyon,1.0,0.0,H,7.0,9.0,3.0,2.0,13.0,18.0,1.0,6.0,3.0,2.0,1.0,0.0,5.5,3.5,1.73,5.6,3.55,1.77,5.74,3.6,1.85,5.08,3.45,1.75,47.0,2015/2016
F1,2016-01-30,Lorient,Reims,2.0,0.0,H,8.0,12.0,4.0,3.0,15.0,14.0,6.0,6.0,3.0,2.0,0.0,0.0,2.05,3.3,3.8,2.06,3.36,4.14,2.12,3.5,4.16,2.04,3.26,3.81,47.0,2015/2016
F1,2016-01-30,Toulouse,Guingamp,1.0,2.0,A,14.0,7.0,6.0,3.0,17.0,18.0,6.0,5.0,1.0,4.0,1.0,0.0,2.15,3.3,3.6,2.09,3.32,4.07,2.2,3.37,4.17,2.11,3.22,3.68,47.0,2015/2016
F1,2016-01-30,Troyes,Nantes,0.0,1.0,A,13.0,10.0,5.0,3.0,12.0,16.0,6.0,4.0,1.0,3.0,0.0,0.0,3.2,3.3,2.3,3.36,3.35,2.33,3.44,3.49,2.4,3.14,3.25,2.31,47.0,2015/2016
F1,2016-01-31,Bordeaux,Rennes,4.0,0.0,H,21.0,8.0,7.0,3.0,8.0,11.0,3.0,5.0,2.0,1.0,0.0,0.0,2.3,3.2,3.3,2.38,3.18,3.44,2.38,3.34,3.44,2.28,3.17,3.29,46.0,2015/2016
F1,2016-01-31,Caen,Nice,2.0,0.0,H,9.0,15.0,5.0,6.0,12.0,14.0,3.0,15.0,1.0,2.0,0.0,0.0,2.3,3.2,3.1,2.47,3.32,3.14,2.5,3.45,3.2,2.37,3.21,3.08,47.0,2015/2016
F1,2016-01-31,Saint-Etienne,Paris Saint-Germain,0.0,2.0,A,12.0,12.0,3.0,5.0,23.0,11.0,7.0,6.0,4.0,2.0,0.0,0.0,7.5,3.8,1.53,8.55,4.02,1.52,8.57,4.16,1.58,7.0,3.85,1.52,47.0,2015/2016
F1,2016-02-02,Monaco,Bastia,2.0,0.0,H,8.0,11.0,4.0,3.0,12.0,10.0,4.0,1.0,2.0,1.0,0.0,0.0,1.44,4.0,9.0,1.45,4.36,9.35,1.5,4.37,9.4,1.44,4.1,8.54,47.0,2015/2016
F1,2016-02-02,Montpellier,Marseille,0.0,1.0,A,11.0,4.0,3.0,1.0,18.0,13.0,6.0,5.0,2.0,3.0,0.0,1.0,2.6,3.2,2.88,2.63,3.25,2.98,2.66,3.37,3.01,2.55,3.14,2.86,48.0,2015/2016
F1,2016-02-03,Paris Saint-Germain,Lorient,3.0,1.0,H,16.0,11.0,7.0,4.0,9.0,11.0,4.0,8.0,1.0,1.0,0.0,0.0,1.18,6.5,21.0,1.19,7.83,17.7,1.22,7.83,21.0,1.17,7.02,16.09,48.0,2015/2016
F1,2016-02-03,Reims,Angers,2.0,1.0,H,13.0,11.0,4.0,5.0,10.0,15.0,8.0,5.0,0.0,3.0,0.0,1.0,2.4,3.0,3.3,2.39,3.06,3.57,2.4,3.12,3.6,2.33,2.99,3.39,48.0,2015/2016
F1,2016-02-03,Guingamp,Troyes,4.0,0.0,H,12.0,15.0,5.0,4.0,11.0,12.0,3.0,8.0,1.0,3.0,0.0,0.0,1.62,3.8,6.0,1.6,3.97,6.86,1.65,4.0,6.93,1.59,3.79,6.02,47.0,2015/2016
F1,2016-02-03,Lille,Caen,1.0,0.0,H,12.0,10.0,6.0,2.0,18.0,15.0,9.0,4.0,0.0,1.0,0.0,1.0,1.75,3.5,5.0,1.83,3.48,5.28,1.87,3.6,5.28,1.81,3.39,4.8,48.0,2015/2016
F1,2016-02-03,Lyon,Bordeaux,3.0,0.0,H,17.0,12.0,5.0,4.0,9.0,12.0,3.0,8.0,2.0,4.0,0.0,0.0,1.67,3.75,5.5,1.68,3.75,6.15,1.75,3.87,6.24,1.67,3.66,5.42,48.0,2015/2016
F1,2016-02-03,Nantes,Ajaccio GFCO,3.0,1.0,H,16.0,4.0,8.0,2.0,16.0,18.0,4.0,1.0,1.0,1.0,0.0,1.0,1.91,3.3,4.5,1.96,3.32,4.68,2.02,3.35,4.7,1.95,3.21,4.3,47.0,2015/2016
F1,2016-02-03,Nice,Toulouse,1.0,0.0,H,10.0,7.0,2.0,1.0,10.0,9.0,7.0,4.0,1.0,1.0,0.0,0.0,2.2,3.25,3.5,2.2,3.38,3.64,2.27,3.51,3.72,2.17,3.28,3.42,48.0,2015/2016
F1,2016-02-04,Rennes,Saint-Etienne,0.0,1.0,A,5.0,13.0,0.0,4.0,9.0,16.0,4.0,8.0,2.0,2.0,0.0,0.0,2.25,3.1,3.5,2.38,3.08,3.57,2.4,3.29,3.61,2.29,3.05,3.39,46.0,2015/2016
F1,2016-02-06,Angers,Lyon,0.0,3.0,A,5.0,8.0,0.0,3.0,9.0,16.0,2.0,6.0,1.0,2.0,1.0,0.0,3.6,3.1,2.2,3.73,3.26,2.22,3.75,3.3,2.32,3.49,3.15,2.2,45.0,2015/2016
F1,2016-02-06,Ajaccio GFCO,Guingamp,0.0,0.0,D,17.0,3.0,2.0,0.0,14.0,8.0,4.0,2.0,1.0,0.0,0.0,1.0,2.6,3.1,2.9,2.68,3.04,3.09,2.7,3.19,3.09,2.6,3.01,2.93,44.0,2015/2016
F1,2016-02-06,Bastia,Troyes,2.0,0.0,H,11.0,11.0,5.0,1.0,8.0,12.0,8.0,6.0,0.0,2.0,1.0,2.0,1.83,3.5,4.5,1.87,3.57,4.75,1.92,3.61,4.8,1.84,3.44,4.45,45.0,2015/2016
F1,2016-02-06,Caen,Reims,0.0,2.0,A,12.0,12.0,4.0,5.0,13.0,13.0,6.0,2.0,3.0,2.0,0.0,0.0,2.05,3.3,3.8,2.1,3.43,3.88,2.17,3.51,4.0,2.06,3.29,3.73,45.0,2015/2016
F1,2016-02-06,Monaco,Nice,1.0,0.0,H,8.0,12.0,4.0,3.0,14.0,14.0,5.0,7.0,4.0,6.0,1.0,0.0,1.8,3.5,4.75,1.91,3.55,4.55,1.94,3.6,4.8,1.85,3.41,4.47,45.0,2015/2016
F1,2016-02-06,Lorient,Montpellier,1.0,1.0,D,6.0,11.0,4.0,5.0,10.0,8.0,7.0,1.0,1.0,1.0,1.0,0.0,2.4,3.2,3.1,2.42,3.26,3.27,2.45,3.31,3.32,2.37,3.13,3.13,45.0,2015/2016
F1,2016-02-06,Toulouse,Nantes,0.0,0.0,D,9.0,15.0,2.0,7.0,15.0,21.0,5.0,7.0,2.0,4.0,0.0,0.0,2.25,3.1,3.5,2.3,3.28,3.5,2.37,3.28,3.6,2.23,3.13,3.41,44.0,2015/2016
F1,2016-02-07,Bordeaux,Saint-Etienne,1.0,4.0,A,10.0,14.0,3.0,8.0,19.0,19.0,3.0,4.0,4.0,1.0,1.0,0.0,2.25,3.2,3.4,2.24,3.24,3.7,2.4,3.31,3.7,2.24,3.12,3.42,45.0,2015/2016
F1,2016-02-07,Lille,Rennes,1.0,1.0,D,17.0,10.0,6.0,3.0,12.0,12.0,4.0,4.0,1.0,4.0,1.0,0.0,2.0,3.2,4.2,1.99,3.3,4.55,2.04,3.34,4.6,1.97,3.21,4.16,45.0,2015/2016
F1,2016-02-07,Marseille,Paris Saint-Germain,1.0,2.0,A,18.0,11.0,7.0,3.0,7.0,10.0,6.0,2.0,0.0,1.0,0.0,0.0,5.25,3.6,1.73,5.53,3.82,1.72,5.7,3.88,1.75,5.21,3.61,1.7,45.0,2015/2016
F1,2016-02-12,Rennes,Angers,1.0,0.0,H,10.0,9.0,2.0,0.0,10.0,18.0,7.0,3.0,0.0,1.0,0.0,0.0,1.91,3.25,4.5,1.93,3.37,4.9,2.0,3.37,5.0,1.91,3.26,4.48,45.0,2015/2016
F1,2016-02-13,Montpellier,Toulouse,2.0,0.0,H,7.0,9.0,2.0,3.0,14.0,13.0,4.0,4.0,0.0,2.0,0.0,0.0,2.1,3.2,3.8,2.13,3.29,3.98,2.19,3.44,4.12,2.09,3.21,3.74,45.0,2015/2016
F1,2016-02-13,Guingamp,Bordeaux,2.0,4.0,A,10.0,13.0,2.0,7.0,18.0,9.0,5.0,4.0,1.0,0.0,0.0,0.0,2.25,3.2,3.4,2.3,3.2,3.6,2.5,3.33,3.61,2.27,3.14,3.33,45.0,2015/2016
F1,2016-02-13,Ajaccio GFCO,Troyes,2.0,3.0,A,18.0,6.0,6.0,3.0,17.0,10.0,11.0,1.0,2.0,3.0,0.0,0.0,1.67,3.6,5.75,1.68,3.78,6.09,1.73,3.88,6.1,1.66,3.64,5.58,44.0,2015/2016
F1,2016-02-13,Nantes,Lorient,2.0,1.0,H,9.0,4.0,2.0,1.0,18.0,14.0,5.0,5.0,1.0,3.0,0.0,1.0,2.1,3.1,4.0,2.11,3.26,4.1,2.18,3.33,4.16,2.09,3.15,3.82,45.0,2015/2016
F1,2016-02-13,Reims,Bastia,0.0,1.0,A,13.0,13.0,5.0,3.0,25.0,17.0,3.0,5.0,5.0,3.0,0.0,0.0,1.85,3.25,5.0,1.88,3.29,5.29,1.92,3.4,5.5,1.84,3.25,4.87,45.0,2015/2016
F1,2016-02-13,Paris Saint-Germain,Lille,0.0,0.0,D,12.0,5.0,4.0,0.0,13.0,10.0,3.0,2.0,2.0,3.0,0.0,0.0,1.4,4.75,8.0,1.4,4.77,9.91,1.41,4.91,12.0,1.36,4.62,9.58,45.0,2015/2016
F1,2016-02-14,Lyon,Caen,4.0,1.0,H,20.0,15.0,8.0,6.0,14.0,12.0,5.0,7.0,3.0,5.0,0.0,0.0,1.57,3.8,6.5,1.56,3.99,7.45,1.6,4.25,7.49,1.54,3.9,6.56,45.0,2015/2016
F1,2016-02-14,Nice,Marseille,1.0,1.0,D,9.0,11.0,3.0,6.0,14.0,14.0,0.0,6.0,1.0,2.0,0.0,0.0,3.1,3.2,2.4,3.4,3.33,2.32,3.43,3.42,2.5,3.18,3.21,2.31,44.0,2015/2016
F1,2016-02-14,Saint-Etienne,Monaco,1.0,1.0,D,19.0,8.0,6.0,2.0,8.0,11.0,12.0,6.0,0.0,1.0,0.0,0.0,2.55,3.1,3.0,2.61,3.11,3.11,2.62,3.3,3.13,2.53,3.07,2.95,45.0,2015/2016
F1,2016-02-19,Bordeaux,Nice,0.0,0.0,D,15.0,10.0,2.0,2.0,6.0,8.0,7.0,5.0,0.0,2.0,0.0,0.0,2.0,3.3,4.0,2.05,3.42,4.15,2.14,3.5,4.15,2.02,3.34,3.86,46.0,2015/2016
F1,2016-02-20,Paris Saint-Germain,Reims,4.0,1.0,H,15.0,10.0,6.0,3.0,8.0,11.0,9.0,5.0,2.0,0.0,0.0,0.0,1.18,7.0,17.0,1.21,7.2,16.95,1.22,7.2,19.0,1.19,6.51,15.16,46.0,2015/2016
F1,2016-02-20,Toulouse,Ajaccio GFCO,1.0,1.0,D,13.0,9.0,3.0,2.0,13.0,18.0,5.0,3.0,1.0,2.0,0.0,1.0,1.8,3.3,4.75,1.85,3.58,4.88,2.0,3.6,5.05,1.83,3.43,4.6,45.0,2015/2016
F1,2016-02-20,Angers,Montpellier,2.0,3.0,A,13.0,12.0,4.0,5.0,14.0,17.0,1.0,6.0,0.0,1.0,0.0,0.0,2.9,3.0,2.65,2.99,3.03,2.77,3.05,3.05,2.83,2.88,2.95,2.68,46.0,2015/2016
F1,2016-02-20,Lorient,Guingamp,4.0,3.0,H,26.0,14.0,9.0,7.0,15.0,6.0,6.0,5.0,4.0,1.0,0.0,0.0,2.2,3.1,3.6,2.17,3.28,3.86,2.25,3.35,3.87,2.17,3.2,3.52,46.0,2015/2016
F1,2016-02-20,Monaco,Troyes,3.0,1.0,H,16.0,14.0,8.0,7.0,10.0,12.0,5.0,7.0,2.0,0.0,0.0,0.0,1.36,4.75,9.5,1.38,5.22,9.23,1.4,5.25,9.55,1.37,4.85,8.4,45.0,2015/2016
F1,2016-02-21,Marseille,Saint-Etienne,1.0,1.0,D,8.0,15.0,2.0,1.0,15.0,21.0,9.0,6.0,0.0,1.0,1.0,0.0,1.91,3.3,4.5,1.93,3.44,4.66,2.0,3.44,4.7,1.91,3.31,4.33,45.0,2015/2016
F1,2016-02-21,Caen,Rennes,1.0,0.0,H,10.0,7.0,5.0,1.0,13.0,15.0,8.0,2.0,1.0,1.0,0.0,0.0,2.7,3.1,2.8,2.85,3.14,2.81,2.86,3.15,2.9,2.71,3.07,2.74,44.0,2015/2016
F1,2016-02-21,Lille,Lyon,1.0,0.0,H,9.0,11.0,2.0,3.0,17.0,20.0,8.0,7.0,5.0,3.0,0.0,2.0,2.63,3.1,2.8,2.72,3.15,2.94,2.75,3.2,2.97,2.66,3.06,2.8,45.0,2015/2016
F1,2016-02-26,Nice,Bastia,0.0,2.0,A,10.0,10.0,5.0,4.0,15.0,19.0,5.0,1.0,3.0,5.0,1.0,0.0,1.83,3.4,4.75,1.85,3.37,5.34,1.87,3.4,5.5,1.81,3.29,5.04,49.0,2015/2016
F1,2016-02-27,Guingamp,Angers,2.0,2.0,D,15.0,8.0,3.0,2.0,11.0,16.0,8.0,0.0,3.0,3.0,0.0,1.0,2.05,3.1,4.2,2.22,3.11,3.94,2.25,3.2,4.2,2.12,3.09,3.82,48.0,2015/2016
F1,2016-02-27,Montpellier,Lille,3.0,0.0,H,10.0,6.0,5.0,2.0,14.0,19.0,3.0,3.0,1.0,3.0,0.0,0.0,2.4,3.0,3.3,2.55,2.97,3.35,2.6,3.1,3.38,2.48,2.95,3.16,48.0,2015/2016
F1,2016-02-27,Reims,Bordeaux,4.0,1.0,H,15.0,6.0,7.0,1.0,16.0,16.0,7.0,1.0,2.0,2.0,0.0,0.0,2.45,3.1,3.1,2.53,3.34,3.03,2.65,3.34,3.1,2.48,3.19,2.91,48.0,2015/2016
F1,2016-02-27,Toulouse,Rennes,1.0,2.0,A,6.0,18.0,1.0,5.0,19.0,9.0,4.0,5.0,2.0,0.0,0.0,0.0,2.3,3.1,3.4,2.35,3.33,3.34,2.38,3.33,3.4,2.27,3.21,3.26,48.0,2015/2016
F1,2016-02-27,Troyes,Lorient,0.0,1.0,A,12.0,19.0,6.0,7.0,6.0,9.0,5.0,7.0,2.0,1.0,1.0,0.0,3.3,3.3,2.2,3.3,3.5,2.29,3.9,3.62,2.31,3.14,3.44,2.23,48.0,2015/2016
F1,2016-02-28,Lyon,Paris Saint-Germain,2.0,1.0,H,14.0,6.0,7.0,3.0,21.0,14.0,6.0,2.0,3.0,5.0,0.0,0.0,5.0,3.6,1.75,4.71,3.74,1.83,5.0,3.75,1.83,4.56,3.57,1.79,46.0,2015/2016
F1,2016-02-28,Nantes,Monaco,0.0,0.0,D,14.0,4.0,4.0,1.0,13.0,15.0,8.0,3.0,1.0,1.0,0.0,0.0,2.45,3.0,3.2,2.56,3.14,3.17,2.6,3.14,3.2,2.53,3.04,2.98,45.0,2015/2016
F1,2016-02-28,Saint-Etienne,Caen,1.0,2.0,A,16.0,16.0,4.0,6.0,9.0,11.0,4.0,3.0,2.0,1.0,0.0,0.0,1.73,3.6,5.25,1.78,3.69,5.19,1.8,3.69,5.3,1.77,3.53,4.86,44.0,2015/2016
F1,2016-03-04,Caen,Monaco,2.0,2.0,D,14.0,9.0,6.0,3.0,11.0,13.0,4.0,2.0,1.0,4.0,0.0,0.0,3.25,3.2,2.38,3.23,3.22,2.5,3.25,3.25,2.51,3.12,3.12,2.41,47.0,2015/2016
F1,2016-03-05,Paris Saint-Germain,Montpellier,0.0,0.0,D,7.0,6.0,5.0,0.0,11.0,8.0,5.0,4.0,0.0,1.0,0.0,0.0,1.44,4.0,9.0,1.47,4.4,8.46,1.49,4.4,9.0,1.44,4.18,8.2,47.0,2015/2016
F1,2016-03-05,Lille,Reims,2.0,0.0,H,8.0,9.0,5.0,5.0,15.0,22.0,2.0,6.0,2.0,2.0,0.0,1.0,1.83,3.3,5.0,1.85,3.44,5.16,1.87,3.45,5.16,1.83,3.34,4.77,47.0,2015/2016
F1,2016-03-05,Bordeaux,Ajaccio GFCO,1.0,1.0,D,12.0,4.0,3.0,2.0,13.0,13.0,3.0,2.0,2.0,2.0,0.0,0.0,1.67,3.75,5.5,1.71,3.75,5.76,1.8,3.75,5.76,1.71,3.58,5.24,46.0,2015/2016
F1,2016-03-05,Bastia,Lorient,0.0,0.0,D,24.0,2.0,7.0,1.0,15.0,12.0,8.0,2.0,3.0,4.0,0.0,0.0,2.3,3.1,3.4,2.4,3.1,3.49,2.5,3.21,3.49,2.37,3.06,3.24,47.0,2015/2016
F1,2016-03-05,Nice,Troyes,2.0,1.0,H,18.0,10.0,7.0,4.0,6.0,11.0,7.0,4.0,1.0,1.0,0.0,0.0,1.53,4.0,6.5,1.54,4.42,6.62,1.57,4.42,6.62,1.53,4.16,6.21,47.0,2015/2016
F1,2016-03-05,Angers,Saint-Etienne,0.0,0.0,D,7.0,7.0,1.0,1.0,8.0,15.0,4.0,5.0,4.0,3.0,0.0,0.0,3.1,3.0,2.55,3.1,3.02,2.69,3.15,3.15,2.7,3.05,2.94,2.57,47.0,2015/2016
F1,2016-03-06,Lyon,Guingamp,5.0,1.0,H,16.0,11.0,9.0,5.0,13.0,10.0,6.0,3.0,2.0,3.0,0.0,0.0,1.45,4.0,9.0,1.49,4.56,7.4,1.51,4.56,9.0,1.46,4.26,7.08,46.0,2015/2016
F1,2016-03-06,Marseille,Toulouse,1.0,1.0,D,20.0,18.0,8.0,7.0,12.0,13.0,9.0,3.0,2.0,1.0,0.0,0.0,1.7,3.6,5.5,1.7,3.91,5.51,1.75,4.0,5.51,1.67,3.72,5.22,46.0,2015/2016
F1,2016-03-06,Rennes,Nantes,4.0,1.0,H,11.0,11.0,7.0,6.0,10.0,16.0,2.0,3.0,1.0,2.0,1.0,0.0,2.2,3.0,3.6,2.33,3.06,3.71,2.35,3.2,3.71,2.28,3.04,3.44,46.0,2015/2016
F1,2016-03-09,Ajaccio GFCO,Marseille,1.0,1.0,D,17.0,6.0,6.0,5.0,24.0,17.0,7.0,3.0,2.0,2.0,0.0,0.0,3.6,3.25,2.15,3.61,3.38,2.21,3.7,3.39,2.25,3.49,3.24,2.17,45.0,2015/2016
F1,2016-03-09,Bastia,Nantes,0.0,0.0,D,5.0,8.0,1.0,2.0,13.0,18.0,6.0,1.0,1.0,4.0,0.0,0.0,2.88,2.9,2.8,2.86,3.02,2.9,2.97,3.02,2.9,2.84,2.89,2.78,47.0,2015/2016
F1,2016-03-11,Monaco,Reims,2.0,2.0,D,12.0,9.0,7.0,4.0,15.0,11.0,10.0,7.0,2.0,2.0,0.0,0.0,1.62,3.8,6.0,1.65,3.94,6.17,1.67,4.07,6.57,1.63,3.77,5.7,46.0,2015/2016
F1,2016-03-12,Ajaccio GFCO,Caen,1.0,0.0,H,19.0,9.0,4.0,4.0,10.0,6.0,4.0,4.0,0.0,0.0,0.0,0.0,2.45,3.1,3.2,2.51,3.27,3.13,2.6,3.3,3.2,2.45,3.15,3.01,43.0,2015/2016
F1,2016-03-12,Bastia,Lille,1.0,2.0,A,10.0,9.0,1.0,4.0,18.0,11.0,5.0,4.0,2.0,3.0,0.0,0.0,3.1,2.9,2.6,3.12,2.99,2.7,3.12,3.1,2.75,2.99,2.91,2.63,45.0,2015/2016
F1,2016-03-12,Guingamp,Saint-Etienne,2.0,0.0,H,8.0,13.0,3.0,2.0,10.0,14.0,4.0,9.0,0.0,2.0,0.0,0.0,3.0,3.1,2.55,3.02,3.16,2.65,3.02,3.25,2.7,2.91,3.09,2.55,45.0,2015/2016
F1,2016-03-12,Lorient,Marseille,1.0,1.0,D,15.0,10.0,10.0,2.0,14.0,12.0,7.0,5.0,1.0,2.0,0.0,0.0,3.1,3.3,2.35,3.15,3.38,2.42,3.16,3.45,2.44,3.05,3.26,2.35,45.0,2015/2016
F1,2016-03-12,Montpellier,Nice,0.0,2.0,A,11.0,10.0,6.0,3.0,17.0,11.0,4.0,4.0,2.0,1.0,0.0,0.0,2.0,3.3,4.0,2.03,3.33,4.3,2.1,3.36,4.3,2.02,3.24,3.92,44.0,2015/2016
F1,2016-03-12,Toulouse,Bordeaux,4.0,0.0,H,20.0,13.0,11.0,2.0,20.0,19.0,3.0,3.0,3.0,3.0,0.0,1.0,2.3,3.3,3.2,2.36,3.46,3.2,2.43,3.46,3.25,2.32,3.29,3.08,45.0,2015/2016
F1,2016-03-13,Nantes,Angers,2.0,0.0,H,11.0,6.0,7.0,0.0,15.0,11.0,6.0,0.0,2.0,3.0,0.0,0.0,1.85,3.25,5.0,1.87,3.28,5.42,2.0,3.3,5.42,1.84,3.2,4.95,44.0,2015/2016
F1,2016-03-13,Rennes,Lyon,2.0,2.0,D,13.0,17.0,4.0,7.0,16.0,11.0,2.0,8.0,5.0,4.0,0.0,0.0,3.2,3.2,2.38,3.26,3.29,2.42,3.3,3.35,2.45,3.13,3.19,2.35,44.0,2015/2016
F1,2016-03-13,Troyes,Paris Saint-Germain,0.0,9.0,A,16.0,22.0,3.0,15.0,9.0,7.0,5.0,8.0,1.0,0.0,1.0,0.0,12.0,6.0,1.25,13.0,6.2,1.27,15.0,6.5,1.3,11.83,5.86,1.24,44.0,2015/2016
F1,2016-03-18,Marseille,Rennes,2.0,5.0,A,14.0,12.0,5.0,8.0,8.0,17.0,11.0,3.0,2.0,1.0,0.0,0.0,1.91,3.5,4.2,2.0,3.5,4.26,2.01,3.6,4.4,1.94,3.39,4.08,46.0,2015/2016
F1,2016-03-19,Angers,Lorient,5.0,1.0,H,23.0,6.0,10.0,2.0,12.0,17.0,6.0,2.0,1.0,4.0,0.0,0.0,2.6,3.0,3.0,2.64,3.15,3.05,2.64,3.2,3.13,2.54,3.05,2.96,46.0,2015/2016
F1,2016-03-19,Caen,Troyes,2.0,1.0,H,23.0,4.0,6.0,2.0,15.0,8.0,7.0,2.0,1.0,2.0,0.0,0.0,1.5,4.33,6.5,1.5,4.65,7.02,1.53,4.8,7.5,1.46,4.4,6.74,47.0,2015/2016
F1,2016-03-19,Lille,Toulouse,1.0,0.0,H,6.0,10.0,2.0,3.0,8.0,13.0,3.0,3.0,3.0,3.0,0.0,0.0,1.91,3.3,4.5,1.93,3.43,4.67,2.0,3.45,4.7,1.91,3.33,4.23,46.0,2015/2016
F1,2016-03-19,Lyon,Nantes,2.0,0.0,H,8.0,7.0,4.0,1.0,12.0,14.0,3.0,2.0,1.0,2.0,0.0,0.0,1.62,3.75,6.0,1.69,3.85,5.75,1.69,3.85,6.5,1.64,3.7,5.64,46.0,2015/2016
F1,2016-03-19,Reims,Guingamp,0.0,1.0,A,19.0,2.0,3.0,2.0,16.0,10.0,7.0,1.0,4.0,2.0,0.0,0.0,2.2,3.2,3.5,2.18,3.35,3.73,2.25,3.4,3.73,2.17,3.25,3.45,47.0,2015/2016
F1,2016-03-19,Saint-Etienne,Montpellier,3.0,0.0,H,9.0,7.0,4.0,1.0,14.0,13.0,5.0,7.0,1.0,3.0,0.0,0.0,2.0,3.2,4.2,2.08,3.33,4.1,2.1,3.35,4.33,2.02,3.24,3.93,47.0,2015/2016
F1,2016-03-20,Bordeaux,Bastia,1.0,1.0,D,12.0,8.0,4.0,4.0,10.0,13.0,6.0,3.0,2.0,2.0,0.0,0.0,1.75,3.3,5.5,1.79,3.5,5.5,1.8,3.6,6.0,1.74,3.41,5.26,47.0,2015/2016
F1,2016-03-20,Nice,Ajaccio GFCO,3.0,0.0,H,10.0,12.0,5.0,2.0,3.0,10.0,3.0,5.0,1.0,2.0,0.0,0.0,1.8,3.5,4.75,1.88,3.51,4.74,1.88,3.7,4.9,1.83,3.45,4.5,44.0,2015/2016
F1,2016-03-20,Paris Saint-Germain,Monaco,0.0,2.0,A,23.0,12.0,4.0,5.0,7.0,6.0,10.0,2.0,1.0,1.0,0.0,0.0,1.33,5.0,10.0,1.34,5.22,11.46,1.4,5.25,12.0,1.32,4.87,10.23,47.0,2015/2016
F1,2016-04-01,Monaco,Bordeaux,1.0,2.0,A,15.0,10.0,5.0,4.0,18.0,17.0,8.0,3.0,1.0,1.0,0.0,0.0,1.73,3.6,4.75,1.8,3.76,5.06,1.9,3.76,5.16,1.77,3.55,4.76,45.0,2015/2016
F1,2016-04-02,Ajaccio GFCO,Saint-Etienne,0.0,2.0,A,17.0,7.0,5.0,4.0,13.0,11.0,7.0,6.0,1.0,0.0,0.0,0.0,3.3,3.0,2.4,3.17,3.08,2.6,3.3,3.15,2.6,3.08,3.01,2.48,42.0,2015/2016
F1,2016-04-02,Guingamp,Montpellier,2.0,2.0,D,10.0,12.0,3.0,4.0,15.0,16.0,6.0,5.0,2.0,2.0,0.0,0.0,2.3,3.0,3.5,2.48,3.15,3.28,2.54,3.15,3.5,2.4,3.04,3.18,45.0,2015/2016
F1,2016-04-02,Paris Saint-Germain,Nice,4.0,1.0,H,13.0,6.0,7.0,4.0,12.0,9.0,7.0,6.0,1.0,0.0,0.0,0.0,1.57,3.75,6.5,1.59,4.18,6.33,1.67,4.18,6.5,1.6,3.83,5.78,45.0,2015/2016
F1,2016-04-02,Rennes,Reims,3.0,1.0,H,10.0,10.0,5.0,4.0,15.0,16.0,2.0,6.0,1.0,0.0,0.0,0.0,1.95,3.2,4.5,1.95,3.58,4.29,1.95,3.65,4.5,1.92,3.45,4.07,45.0,2015/2016
F1,2016-04-02,Toulouse,Caen,2.0,0.0,H,7.0,6.0,1.0,1.0,13.0,20.0,4.0,5.0,1.0,1.0,0.0,0.0,2.0,3.3,4.0,2.06,3.62,3.79,2.1,3.63,4.0,2.01,3.43,3.72,45.0,2015/2016
F1,2016-04-02,Troyes,Angers,0.0,1.0,A,12.0,17.0,7.0,3.0,12.0,14.0,5.0,4.0,1.0,1.0,0.0,0.0,3.4,3.1,2.3,3.3,3.44,2.32,3.45,3.44,2.4,3.2,3.28,2.26,45.0,2015/2016
F1,2016-04-03,Bastia,Marseille,2.0,1.0,H,6.0,7.0,1.0,2.0,19.0,20.0,6.0,2.0,3.0,2.0,0.0,1.0,3.25,3.1,2.38,3.17,3.17,2.54,3.31,3.2,2.54,3.11,3.1,2.41,45.0,2015/2016
F1,2016-04-03,Lorient,Lyon,1.0,3.0,A,8.0,17.0,2.0,7.0,7.0,14.0,6.0,3.0,0.0,0.0,0.0,0.0,3.8,3.5,2.0,3.74,3.76,2.03,3.8,3.76,2.2,3.56,3.55,2.02,44.0,2015/2016
F1,2016-04-03,Nantes,Lille,0.0,3.0,A,13.0,11.0,6.0,7.0,12.0,11.0,8.0,4.0,2.0,1.0,0.0,0.0,2.3,2.9,3.75,2.47,2.93,3.59,2.5,3.1,3.75,2.37,2.89,3.44,45.0,2015/2016
F1,2016-04-08,Montpellier,Lyon,0.0,2.0,A,7.0,14.0,2.0,8.0,15.0,9.0,4.0,1.0,1.0,2.0,0.0,0.0,3.5,3.4,2.1,3.51,3.42,2.23,3.75,3.45,2.23,3.36,3.36,2.16,47.0,2015/2016
F1,2016-04-09,Angers,Ajaccio GFCO,0.0,0.0,D,7.0,2.0,1.0,1.0,9.0,26.0,2.0,6.0,1.0,5.0,0.0,0.0,2.15,3.2,3.5,2.19,3.18,3.94,2.2,3.3,4.0,2.11,3.14,3.71,47.0,2015/2016
F1,2016-04-09,Caen,Lorient,1.0,2.0,A,18.0,17.0,4.0,7.0,10.0,10.0,6.0,5.0,1.0,0.0,0.0,0.0,2.15,3.4,3.3,2.08,3.58,3.78,2.16,3.58,3.78,2.09,3.39,3.47,47.0,2015/2016
F1,2016-04-09,Guingamp,Paris Saint-Germain,0.0,2.0,A,8.0,13.0,2.0,6.0,17.0,10.0,9.0,4.0,1.0,0.0,0.0,0.0,3.75,3.2,2.05,3.53,3.43,2.22,3.8,3.45,2.25,3.44,3.33,2.13,47.0,2015/2016
F1,2016-04-09,Reims,Nantes,2.0,1.0,H,10.0,14.0,4.0,5.0,10.0,14.0,5.0,4.0,2.0,3.0,0.0,1.0,2.4,3.0,3.2,2.52,3.12,3.25,2.54,3.25,3.3,2.43,3.03,3.12,47.0,2015/2016
F1,2016-04-09,Saint-Etienne,Troyes,1.0,0.0,H,16.0,9.0,7.0,1.0,13.0,12.0,10.0,5.0,2.0,2.0,0.0,0.0,1.29,5.25,10.0,1.28,6.08,12.43,1.33,6.08,13.0,1.28,5.45,10.32,47.0,2015/2016
F1,2016-04-09,Toulouse,Bastia,4.0,0.0,H,11.0,4.0,7.0,1.0,14.0,16.0,2.0,2.0,1.0,0.0,0.0,1.0,1.75,3.6,4.75,1.8,3.53,5.39,1.85,3.6,5.39,1.77,3.44,4.91,47.0,2015/2016
F1,2016-04-10,Lille,Monaco,4.0,1.0,H,8.0,7.0,4.0,4.0,12.0,14.0,3.0,4.0,1.0,2.0,1.0,1.0,2.25,3.0,3.5,2.3,3.2,3.59,2.4,3.25,3.59,2.28,3.07,3.35,46.0,2015/2016
F1,2016-04-10,Marseille,Bordeaux,0.0,0.0,D,7.0,9.0,4.0,3.0,13.0,11.0,9.0,5.0,2.0,2.0,0.0,0.0,1.83,3.5,4.33,1.87,3.65,4.62,2.0,3.65,4.7,1.85,3.45,4.3,46.0,2015/2016
F1,2016-04-10,Nice,Rennes,3.0,0.0,H,12.0,8.0,8.0,3.0,7.0,11.0,2.0,7.0,0.0,0.0,0.0,0.0,2.3,3.25,3.1,2.32,3.37,3.36,2.4,3.4,3.36,2.29,3.25,3.14,46.0,2015/2016
F1,2016-04-15,Lyon,Nice,1.0,1.0,D,14.0,6.0,3.0,2.0,16.0,20.0,5.0,3.0,2.0,2.0,1.0,0.0,1.55,4.2,6.0,1.59,4.3,6.3,1.64,4.31,6.4,1.56,4.11,5.82,47.0,2015/2016
F1,2016-04-16,Bordeaux,Angers,1.0,3.0,A,16.0,4.0,4.0,4.0,14.0,15.0,9.0,0.0,2.0,2.0,0.0,1.0,1.85,3.3,4.75,1.96,3.24,4.84,1.96,3.4,5.0,1.88,3.21,4.6,46.0,2015/2016
F1,2016-04-16,Ajaccio GFCO,Lille,2.0,4.0,A,13.0,13.0,4.0,5.0,14.0,9.0,1.0,6.0,2.0,2.0,1.0,0.0,3.2,3.2,2.38,3.36,3.19,2.41,3.44,3.2,2.47,3.23,3.06,2.37,45.0,2015/2016
F1,2016-04-16,Bastia,Saint-Etienne,0.0,1.0,A,16.0,9.0,2.0,4.0,11.0,16.0,3.0,4.0,3.0,2.0,0.0,0.0,4.0,3.2,2.0,4.07,3.19,2.15,4.07,3.21,2.2,3.78,3.11,2.1,46.0,2015/2016
F1,2016-04-16,Paris Saint-Germain,Caen,6.0,0.0,H,22.0,15.0,10.0,8.0,11.0,8.0,4.0,3.0,0.0,0.0,0.0,0.0,1.36,5.0,8.5,1.41,5.2,8.18,1.45,5.25,8.75,1.37,4.91,8.01,46.0,2015/2016
F1,2016-04-16,Troyes,Reims,2.0,1.0,H,21.0,15.0,12.0,4.0,18.0,10.0,10.0,7.0,2.0,3.0,0.0,0.0,5.0,4.0,1.67,5.45,4.16,1.66,5.45,4.16,1.8,4.89,3.94,1.66,46.0,2015/2016
F1,2016-04-16,Lorient,Toulouse,1.0,1.0,D,11.0,11.0,4.0,2.0,16.0,15.0,2.0,2.0,1.0,2.0,0.0,0.0,2.8,3.4,2.5,2.97,3.29,2.61,2.97,3.5,2.61,2.81,3.27,2.51,46.0,2015/2016
F1,2016-04-17,Monaco,Marseille,2.0,1.0,H,14.0,7.0,4.0,2.0,16.0,14.0,7.0,1.0,1.0,0.0,0.0,0.0,2.1,3.4,3.6,2.14,3.45,3.73,2.17,3.5,3.85,2.09,3.35,3.52,45.0,2015/2016
F1,2016-04-17,Nantes,Montpellier,0.0,2.0,A,9.0,11.0,0.0,5.0,14.0,14.0,6.0,7.0,1.0,2.0,0.0,0.0,2.4,3.1,3.2,2.5,3.22,3.18,2.5,3.22,3.25,2.42,3.06,3.1,45.0,2015/2016
F1,2016-04-17,Rennes,Guingamp,0.0,3.0,A,9.0,12.0,3.0,7.0,12.0,6.0,6.0,3.0,3.0,2.0,0.0,0.0,1.91,3.6,4.0,1.92,3.56,4.5,1.92,3.6,4.5,1.87,3.47,4.22,45.0,2015/2016
F1,2016-04-22,Nice,Reims,2.0,0.0,H,10.0,10.0,5.0,4.0,11.0,14.0,10.0,4.0,1.0,3.0,0.0,0.0,1.65,3.8,5.5,1.65,4.05,5.96,1.76,4.05,6.03,1.65,3.84,5.28,46.0,2015/2016
F1,2016-04-23,Toulouse,Lyon,2.0,3.0,A,9.0,11.0,5.0,3.0,13.0,18.0,5.0,2.0,2.0,3.0,0.0,0.0,3.5,3.4,2.1,3.49,3.6,2.17,3.5,3.6,2.4,3.24,3.39,2.19,44.0,2015/2016
F1,2016-04-24,Montpellier,Troyes,4.0,1.0,H,15.0,17.0,7.0,7.0,7.0,6.0,4.0,7.0,0.0,2.0,1.0,0.0,1.25,5.5,12.0,1.28,6.47,11.6,1.29,6.47,13.0,1.26,5.77,10.99,44.0,2015/2016
F1,2016-04-24,Rennes,Monaco,1.0,1.0,D,11.0,10.0,3.0,6.0,12.0,19.0,9.0,6.0,1.0,3.0,0.0,0.0,2.7,3.1,2.8,2.68,3.36,2.82,2.7,3.36,2.9,2.6,3.2,2.75,45.0,2015/2016
F1,2016-04-24,Ajaccio GFCO,Bastia,3.0,2.0,H,8.0,17.0,5.0,7.0,21.0,13.0,2.0,4.0,4.0,2.0,0.0,0.0,1.91,3.2,4.75,1.94,3.37,4.68,1.95,3.5,4.8,1.89,3.3,4.4,41.0,2015/2016
F1,2016-04-24,Guingamp,Caen,1.0,1.0,D,11.0,12.0,2.0,5.0,11.0,14.0,9.0,0.0,1.0,0.0,1.0,1.0,1.95,3.3,4.2,1.98,3.45,4.32,2.0,3.6,4.32,1.94,3.4,4.01,45.0,2015/2016
F1,2016-04-24,Marseille,Nantes,1.0,1.0,D,7.0,7.0,3.0,3.0,14.0,23.0,4.0,2.0,1.0,3.0,1.0,0.0,,,,1.75,3.55,5.85,1.78,3.6,5.85,1.73,3.46,5.16,45.0,2015/2016
F1,2016-04-24,Saint-Etienne,Lorient,2.0,0.0,H,12.0,9.0,5.0,1.0,14.0,9.0,4.0,5.0,2.0,1.0,0.0,0.0,1.44,4.33,8.0,1.49,4.39,7.87,1.5,4.5,8.0,1.47,4.18,7.08,45.0,2015/2016
F1,2016-04-27,Lille,Angers,0.0,0.0,D,12.0,7.0,3.0,4.0,12.0,18.0,9.0,3.0,1.0,4.0,0.0,0.0,1.62,3.6,6.5,1.66,3.64,6.78,1.7,3.75,7.0,1.64,3.52,6.14,45.0,2015/2016
F1,2016-04-29,Paris Saint-Germain,Rennes,4.0,0.0,H,27.0,9.0,12.0,2.0,6.0,8.0,5.0,2.0,1.0,1.0,0.0,0.0,1.3,5.5,10.0,1.33,5.9,9.9,1.35,6.0,10.0,1.3,5.63,8.98,47.0,2015/2016
F1,2016-04-30,Caen,Bastia,0.0,0.0,D,14.0,7.0,5.0,2.0,9.0,13.0,4.0,3.0,1.0,3.0,0.0,0.0,1.95,3.25,4.33,1.96,3.33,4.65,2.2,3.4,4.65,1.95,3.27,4.16,45.0,2015/2016
F1,2016-04-30,Lorient,Lille,0.0,1.0,A,13.0,14.0,3.0,5.0,13.0,14.0,5.0,6.0,1.0,2.0,0.0,0.0,3.5,3.25,2.2,3.47,3.48,2.22,3.5,3.55,2.22,3.4,3.3,2.16,45.0,2015/2016
F1,2016-04-30,Lyon,Ajaccio GFCO,2.0,1.0,H,6.0,5.0,2.0,2.0,11.0,20.0,5.0,0.0,1.0,2.0,0.0,0.0,1.3,5.25,11.0,1.31,5.69,11.59,1.35,5.75,12.0,1.3,5.31,9.97,44.0,2015/2016
F1,2016-04-30,Monaco,Guingamp,3.0,2.0,H,16.0,8.0,8.0,4.0,14.0,15.0,5.0,4.0,2.0,1.0,0.0,0.0,1.44,4.33,8.0,1.49,4.51,7.61,1.5,4.51,8.0,1.46,4.25,7.23,45.0,2015/2016
F1,2016-04-30,Nantes,Nice,1.0,0.0,H,18.0,5.0,4.0,2.0,9.0,12.0,7.0,6.0,1.0,1.0,0.0,0.0,3.0,3.2,2.5,3.07,3.3,2.52,3.1,3.3,2.52,2.94,3.19,2.45,46.0,2015/2016
F1,2016-04-30,Reims,Montpellier,2.0,3.0,A,15.0,10.0,7.0,5.0,12.0,12.0,9.0,9.0,2.0,1.0,0.0,0.0,2.0,3.3,4.0,2.08,3.58,3.77,2.2,3.58,4.0,2.04,3.38,3.65,45.0,2015/2016
F1,2016-04-30,Saint-Etienne,Toulouse,0.0,0.0,D,9.0,9.0,0.0,7.0,21.0,17.0,2.0,6.0,2.0,2.0,1.0,0.0,2.0,3.3,4.0,2.01,3.58,4.0,2.05,3.6,4.2,1.98,3.42,3.82,45.0,2015/2016
F1,2016-04-30,Troyes,Bordeaux,2.0,4.0,A,18.0,13.0,7.0,9.0,11.0,9.0,9.0,3.0,4.0,1.0,0.0,0.0,4.5,4.0,1.73,4.73,4.09,1.76,5.3,4.15,1.76,4.66,3.86,1.7,44.0,2015/2016
F1,2016-05-01,Angers,Marseille,0.0,1.0,A,12.0,12.0,1.0,4.0,14.0,13.0,2.0,3.0,2.0,4.0,0.0,0.0,3.4,3.2,2.25,3.39,3.3,2.34,3.5,3.4,2.34,3.32,3.22,2.23,45.0,2015/2016
F1,2016-05-07,Lyon,Monaco,6.0,1.0,H,23.0,11.0,15.0,1.0,9.0,15.0,7.0,4.0,0.0,3.0,0.0,1.0,1.7,3.8,4.75,1.76,3.84,5.11,1.9,3.9,5.3,1.74,3.69,4.72,47.0,2015/2016
F1,2016-05-07,Ajaccio GFCO,Paris Saint-Germain,0.0,4.0,A,7.0,9.0,1.0,6.0,9.0,11.0,3.0,3.0,1.0,1.0,0.0,0.0,7.5,4.33,1.45,7.09,4.38,1.53,7.5,4.5,1.53,6.59,4.3,1.48,46.0,2015/2016
F1,2016-05-07,Bastia,Angers,1.0,0.0,H,9.0,11.0,6.0,2.0,16.0,15.0,6.0,5.0,1.0,1.0,0.0,0.0,2.5,3.1,3.1,2.47,3.2,3.24,2.53,3.2,3.25,2.44,3.08,3.06,48.0,2015/2016
F1,2016-05-07,Lille,Guingamp,0.0,0.0,D,28.0,2.0,7.0,0.0,15.0,22.0,11.0,3.0,1.0,4.0,0.0,0.0,1.44,4.33,8.0,1.49,4.41,7.86,1.5,4.41,8.5,1.45,4.2,7.48,48.0,2015/2016
F1,2016-05-07,Bordeaux,Lorient,3.0,0.0,H,11.0,10.0,7.0,2.0,16.0,9.0,7.0,4.0,0.0,1.0,0.0,0.0,1.7,3.8,4.75,1.77,3.91,4.9,1.9,3.91,5.0,1.77,3.7,4.47,48.0,2015/2016
F1,2016-05-07,Nantes,Caen,1.0,2.0,A,15.0,9.0,5.0,3.0,9.0,10.0,6.0,1.0,2.0,2.0,0.0,0.0,1.83,3.4,4.75,1.95,3.49,4.42,2.05,3.5,4.75,1.9,3.39,4.21,48.0,2015/2016
F1,2016-05-07,Montpellier,Rennes,2.0,0.0,H,17.0,10.0,5.0,2.0,9.0,5.0,8.0,3.0,0.0,0.0,0.0,0.0,2.38,3.3,3.1,2.37,3.47,3.17,2.4,3.47,3.3,2.31,3.31,3.08,48.0,2015/2016
F1,2016-05-07,Nice,Saint-Etienne,2.0,0.0,H,11.0,2.0,4.0,1.0,11.0,14.0,5.0,3.0,2.0,3.0,0.0,2.0,2.2,3.25,3.5,2.2,3.41,3.6,2.3,3.41,3.6,2.18,3.27,3.39,48.0,2015/2016
F1,2016-05-07,Toulouse,Troyes,1.0,0.0,H,14.0,3.0,4.0,1.0,10.0,21.0,9.0,2.0,2.0,3.0,0.0,0.0,1.22,6.5,13.0,1.23,7.09,13.75,1.25,7.35,15.0,1.21,6.59,12.21,47.0,2015/2016
F1,2016-05-07,Marseille,Reims,1.0,0.0,H,21.0,14.0,8.0,2.0,15.0,9.0,7.0,4.0,2.0,1.0,0.0,0.0,1.91,3.3,4.2,1.98,3.87,3.8,2.0,4.0,4.2,1.93,3.7,3.7,48.0,2015/2016
F1,2016-05-11,Bordeaux,Paris Saint-Germain,1.0,1.0,D,8.0,9.0,3.0,2.0,11.0,7.0,5.0,3.0,1.0,2.0,0.0,0.0,5.5,4.33,1.57,5.77,4.46,1.59,6.3,4.46,1.67,5.56,4.21,1.56,49.0,2015/2016
F1,2016-05-14,Lorient,Ajaccio GFCO,1.0,0.0,H,8.0,18.0,4.0,3.0,9.0,11.0,1.0,5.0,1.0,1.0,0.0,0.0,3.1,3.6,2.2,3.17,3.56,2.33,3.25,3.62,2.33,3.06,3.41,2.26,42.0,2015/2016
F1,2016-05-14,Angers,Toulouse,2.0,3.0,A,6.0,14.0,2.0,7.0,17.0,14.0,2.0,8.0,4.0,1.0,0.0,0.0,4.75,3.4,1.85,4.52,3.68,1.88,5.6,3.7,1.88,4.43,3.51,1.82,50.0,2015/2016
F1,2016-05-14,Caen,Bordeaux,1.0,0.0,H,10.0,11.0,4.0,5.0,15.0,15.0,4.0,6.0,1.0,4.0,0.0,0.0,2.38,3.5,2.9,2.37,3.57,3.09,2.42,3.57,3.25,2.32,3.39,2.99,50.0,2015/2016
F1,2016-05-14,Guingamp,Nice,2.0,3.0,A,15.0,10.0,3.0,3.0,9.0,10.0,4.0,2.0,2.0,1.0,0.0,0.0,4.2,3.75,1.85,4.59,3.84,1.83,4.59,3.84,1.87,4.23,3.62,1.82,50.0,2015/2016
F1,2016-05-14,Monaco,Montpellier,2.0,0.0,H,15.0,10.0,7.0,4.0,16.0,15.0,5.0,7.0,3.0,1.0,0.0,0.0,1.4,4.33,8.5,1.43,5.11,7.54,1.44,5.11,9.0,1.4,4.68,7.6,50.0,2015/2016
F1,2016-05-14,Paris Saint-Germain,Nantes,4.0,0.0,H,20.0,13.0,13.0,3.0,10.0,8.0,10.0,4.0,1.0,1.0,0.0,0.0,1.29,6.0,9.5,1.28,6.28,11.46,1.31,6.5,11.46,1.28,5.86,9.59,50.0,2015/2016
F1,2016-05-14,Rennes,Bastia,1.0,2.0,A,17.0,9.0,8.0,5.0,5.0,15.0,8.0,2.0,3.0,5.0,0.0,0.0,1.83,3.6,4.33,1.87,3.77,4.44,1.92,3.77,4.53,1.86,3.55,4.15,50.0,2015/2016
F1,2016-05-14,Saint-Etienne,Lille,0.0,1.0,A,12.0,12.0,3.0,6.0,14.0,12.0,7.0,3.0,1.0,2.0,0.0,0.0,2.38,3.2,3.1,2.45,3.34,3.14,2.46,3.35,3.41,2.36,3.19,3.1,50.0,2015/2016
F1,2016-05-14,Troyes,Marseille,1.0,1.0,D,9.0,19.0,4.0,6.0,8.0,7.0,5.0,13.0,2.0,1.0,0.0,0.0,5.0,4.2,1.65,4.78,4.5,1.69,5.25,4.5,1.7,4.71,4.15,1.65,50.0,2015/2016
F1,2016-05-14,Reims,Lyon,4.0,1.0,H,14.0,9.0,6.0,3.0,21.0,14.0,0.0,4.0,4.0,2.0,0.0,0.0,3.3,3.75,2.05,3.42,4.04,2.06,3.45,4.04,2.11,3.28,3.74,2.05,50.0,2015/2016
F1,2016-08-12,Bastia,Paris Saint-Germain,0.0,1.0,A,10.0,9.0,0.0,6.0,15.0,16.0,2.0,6.0,3.0,3.0,0.0,0.0,13.0,4.75,1.29,11.39,5.14,1.36,13.0,5.35,1.4,10.57,4.93,1.32,53.0,2016/2017
F1,2016-08-12,Monaco,Guingamp,2.0,2.0,D,18.0,9.0,4.0,5.0,14.0,15.0,8.0,2.0,3.0,4.0,0.0,0.0,1.62,3.8,5.25,1.68,3.81,6.11,1.73,3.85,6.22,1.66,3.7,5.44,53.0,2016/2017
F1,2016-08-13,Bordeaux,Saint-Etienne,3.0,2.0,H,10.0,14.0,6.0,5.0,9.0,20.0,3.0,6.0,1.0,2.0,0.0,0.0,2.5,3.1,3.1,2.52,3.06,3.29,2.54,3.2,3.29,2.43,3.06,3.13,52.0,2016/2017
F1,2016-08-13,Caen,Lorient,3.0,2.0,H,15.0,8.0,6.0,2.0,13.0,9.0,10.0,2.0,1.0,2.0,0.0,1.0,2.2,3.25,3.5,2.19,3.38,3.66,2.2,3.4,3.78,2.15,3.27,3.5,53.0,2016/2017
F1,2016-08-13,Dijon,Nantes,0.0,1.0,A,6.0,10.0,2.0,3.0,6.0,11.0,3.0,4.0,0.0,2.0,0.0,0.0,2.5,3.1,3.1,2.56,3.09,3.21,2.62,3.1,3.3,2.45,3.0,3.17,53.0,2016/2017
F1,2016-08-13,Metz,Lille,3.0,2.0,H,7.0,13.0,3.0,4.0,13.0,9.0,4.0,5.0,2.0,2.0,0.0,0.0,3.4,3.2,2.2,3.65,3.07,2.35,3.65,3.2,2.35,3.44,3.06,2.27,53.0,2016/2017
F1,2016-08-13,Montpellier,Angers,1.0,0.0,H,14.0,12.0,3.0,2.0,9.0,12.0,7.0,2.0,1.0,2.0,0.0,0.0,2.1,3.1,4.0,2.09,3.17,4.32,2.13,3.2,4.32,2.07,3.1,3.97,53.0,2016/2017
F1,2016-08-14,Nancy,Lyon,0.0,3.0,A,11.0,9.0,1.0,7.0,18.0,14.0,4.0,4.0,4.0,2.0,0.0,0.0,3.5,3.3,2.15,3.66,3.44,2.17,3.66,3.44,2.22,3.45,3.29,2.15,53.0,2016/2017
F1,2016-08-14,Nice,Rennes,1.0,0.0,H,7.0,19.0,1.0,4.0,12.0,9.0,4.0,8.0,0.0,1.0,0.0,0.0,2.38,3.1,3.25,2.51,3.18,3.2,2.51,3.21,3.3,2.38,3.11,3.15,53.0,2016/2017
F1,2016-08-14,Marseille,Toulouse,0.0,0.0,D,10.0,6.0,2.0,2.0,14.0,12.0,9.0,6.0,3.0,1.0,0.0,0.0,2.0,3.3,4.0,2.03,3.37,4.22,2.1,3.41,4.22,2.0,3.31,3.92,53.0,2016/2017
F1,2016-08-19,Lyon,Caen,2.0,0.0,H,21.0,7.0,7.0,1.0,17.0,14.0,13.0,3.0,3.0,4.0,0.0,0.0,1.33,4.75,9.5,1.38,5.4,9.15,1.45,5.4,9.5,1.37,4.9,8.28,56.0,2016/2017
F1,2016-08-20,Angers,Nice,0.0,1.0,A,21.0,14.0,6.0,8.0,11.0,10.0,10.0,3.0,1.0,2.0,0.0,0.0,2.5,3.0,3.2,2.55,2.93,3.43,2.56,3.1,3.43,2.47,2.9,3.25,56.0,2016/2017
F1,2016-08-20,Lille,Dijon,1.0,0.0,H,10.0,7.0,3.0,2.0,12.0,15.0,6.0,5.0,1.0,2.0,0.0,0.0,1.67,3.5,6.0,1.68,3.67,6.38,1.71,3.67,6.5,1.66,3.53,5.85,56.0,2016/2017
F1,2016-08-20,Lorient,Bastia,0.0,3.0,A,10.0,16.0,3.0,7.0,15.0,11.0,2.0,5.0,2.0,4.0,2.0,0.0,1.85,3.5,4.5,1.9,3.37,4.96,1.92,3.5,5.0,1.86,3.33,4.59,56.0,2016/2017
F1,2016-08-20,Nantes,Monaco,0.0,1.0,A,8.0,8.0,2.0,3.0,15.0,18.0,10.0,3.0,2.0,4.0,0.0,0.0,2.5,3.0,3.0,2.63,3.08,3.12,2.7,3.12,3.2,2.55,3.03,2.98,56.0,2016/2017
F1,2016-08-20,Rennes,Nancy,2.0,0.0,H,9.0,8.0,3.0,1.0,11.0,8.0,3.0,7.0,4.0,2.0,0.0,0.0,2.1,3.25,3.8,2.11,3.23,4.15,2.14,3.3,4.2,2.08,3.19,3.82,55.0,2016/2017
F1,2016-08-20,Toulouse,Bordeaux,4.0,1.0,H,11.0,9.0,5.0,2.0,19.0,14.0,3.0,6.0,1.0,3.0,0.0,1.0,2.3,3.2,3.25,2.5,3.14,3.26,2.5,3.3,3.3,2.37,3.13,3.18,56.0,2016/2017
F1,2016-08-21,Guingamp,Marseille,2.0,1.0,H,14.0,8.0,4.0,3.0,9.0,15.0,4.0,6.0,0.0,1.0,0.0,0.0,2.7,3.1,2.8,2.67,3.22,2.94,2.88,3.25,2.94,2.69,3.14,2.74,56.0,2016/2017
F1,2016-08-21,Paris Saint-Germain,Metz,3.0,0.0,H,29.0,11.0,8.0,6.0,10.0,6.0,15.0,2.0,1.0,1.0,0.0,0.0,1.13,8.0,26.0,1.13,9.63,28.24,1.18,10.03,34.0,1.12,8.64,22.25,56.0,2016/2017
F1,2016-08-21,Saint-Etienne,Montpellier,3.0,1.0,H,14.0,13.0,5.0,3.0,9.0,12.0,4.0,6.0,1.0,1.0,0.0,0.0,2.05,3.25,3.75,2.05,3.15,4.55,2.14,3.3,4.55,2.03,3.2,3.95,55.0,2016/2017
F1,2016-08-26,Marseille,Lorient,2.0,0.0,H,13.0,10.0,8.0,5.0,15.0,11.0,3.0,4.0,1.0,1.0,0.0,0.0,1.75,3.6,5.0,1.79,3.82,4.9,1.82,3.85,5.2,1.76,3.62,4.75,52.0,2016/2017
F1,2016-08-27,Caen,Bastia,2.0,0.0,H,17.0,5.0,4.0,1.0,15.0,20.0,5.0,2.0,1.0,5.0,0.0,0.0,2.1,3.25,3.8,2.16,3.17,4.05,2.2,3.3,4.05,2.1,3.17,3.73,52.0,2016/2017
F1,2016-08-27,Dijon,Lyon,4.0,2.0,H,8.0,25.0,5.0,9.0,11.0,9.0,2.0,10.0,2.0,2.0,0.0,0.0,4.33,3.6,1.83,4.87,3.81,1.79,5.0,3.81,1.85,4.57,3.57,1.79,52.0,2016/2017
F1,2016-08-27,Metz,Angers,2.0,0.0,H,7.0,23.0,2.0,7.0,9.0,11.0,5.0,9.0,2.0,2.0,0.0,0.0,2.5,3.0,3.2,2.55,2.99,3.35,2.57,3.1,3.4,2.46,2.96,3.18,52.0,2016/2017
F1,2016-08-27,Montpellier,Rennes,1.0,1.0,D,11.0,12.0,5.0,2.0,13.0,16.0,4.0,4.0,1.0,2.0,0.0,0.0,2.38,3.1,3.2,2.5,3.18,3.22,2.5,3.2,3.3,2.39,3.09,3.15,52.0,2016/2017
F1,2016-08-27,Nancy,Guingamp,0.0,2.0,A,19.0,14.0,3.0,6.0,9.0,10.0,5.0,3.0,2.0,1.0,0.0,0.0,2.15,3.25,3.6,2.2,3.26,3.79,2.25,3.3,3.8,2.17,3.18,3.55,52.0,2016/2017
F1,2016-08-27,Nice,Lille,1.0,1.0,D,13.0,8.0,6.0,3.0,13.0,13.0,4.0,6.0,2.0,2.0,0.0,0.0,2.5,3.0,3.0,2.73,2.91,3.17,2.73,3.1,3.25,2.58,2.9,3.06,52.0,2016/2017
F1,2016-08-28,Bordeaux,Nantes,1.0,0.0,H,9.0,16.0,7.0,6.0,16.0,16.0,4.0,8.0,2.0,1.0,0.0,0.0,2.05,3.1,4.2,2.17,3.19,3.97,2.17,3.3,4.2,2.1,3.18,3.77,51.0,2016/2017
F1,2016-08-28,Monaco,Paris Saint-Germain,3.0,1.0,H,9.0,6.0,2.0,2.0,9.0,10.0,2.0,7.0,1.0,2.0,0.0,0.0,4.75,3.5,1.8,4.93,3.85,1.78,5.0,3.85,1.82,4.63,3.62,1.77,51.0,2016/2017
F1,2016-08-28,Saint-Etienne,Toulouse,0.0,0.0,D,16.0,9.0,3.0,2.0,9.0,16.0,7.0,4.0,2.0,1.0,0.0,0.0,2.15,3.25,3.6,2.18,3.31,3.79,2.2,3.31,3.81,2.14,3.22,3.59,49.0,2016/2017
F1,2016-09-09,Paris Saint-Germain,Saint-Etienne,1.0,1.0,D,15.0,5.0,4.0,2.0,11.0,13.0,4.0,1.0,2.0,4.0,0.0,0.0,1.33,5.25,9.5,1.33,5.5,11.25,1.42,6.0,12.5,1.32,5.19,9.57,53.0,2016/2017
F1,2016-09-10,Guingamp,Montpellier,1.0,1.0,D,12.0,5.0,4.0,2.0,14.0,14.0,7.0,3.0,1.0,1.0,0.0,0.0,2.3,3.1,3.5,2.43,3.17,3.36,2.55,3.25,3.5,2.36,3.12,3.22,56.0,2016/2017
F1,2016-09-10,Bastia,Toulouse,2.0,1.0,H,5.0,8.0,4.0,3.0,15.0,21.0,5.0,1.0,4.0,4.0,0.0,0.0,2.75,3.0,2.75,2.87,3.01,2.94,2.87,3.15,3.0,2.72,3.0,2.82,56.0,2016/2017
F1,2016-09-10,Angers,Dijon,3.0,1.0,H,13.0,7.0,7.0,2.0,13.0,9.0,6.0,1.0,1.0,2.0,1.0,1.0,2.25,3.1,3.5,2.33,3.09,3.66,2.34,3.21,3.8,2.25,3.07,3.51,56.0,2016/2017
F1,2016-09-10,Lyon,Bordeaux,1.0,3.0,A,11.0,10.0,4.0,6.0,14.0,7.0,4.0,4.0,2.0,1.0,1.0,0.0,1.62,3.8,5.5,1.65,4.01,5.89,1.75,4.22,5.9,1.67,3.85,5.15,56.0,2016/2017
F1,2016-09-10,Lorient,Nancy,0.0,2.0,A,9.0,7.0,2.0,3.0,11.0,20.0,8.0,3.0,0.0,5.0,0.0,0.0,2.38,3.1,3.3,2.39,3.12,3.5,2.45,3.34,3.5,2.34,3.14,3.24,56.0,2016/2017
F1,2016-09-10,Lille,Monaco,1.0,4.0,A,6.0,9.0,3.0,6.0,19.0,13.0,8.0,1.0,3.0,1.0,0.0,0.0,2.6,2.9,3.1,2.59,3.04,3.22,2.66,3.12,3.25,2.53,2.98,3.08,56.0,2016/2017
F1,2016-09-11,Nantes,Metz,0.0,3.0,A,13.0,10.0,3.0,4.0,8.0,19.0,8.0,3.0,1.0,4.0,0.0,0.0,1.73,3.4,5.5,1.81,3.46,5.47,1.81,3.65,6.05,1.74,3.4,5.38,56.0,2016/2017
F1,2016-09-11,Nice,Marseille,3.0,2.0,H,18.0,14.0,7.0,5.0,10.0,15.0,6.0,3.0,2.0,3.0,0.0,0.0,2.3,3.2,3.4,2.39,3.26,3.33,2.6,3.28,3.41,2.35,3.15,3.21,56.0,2016/2017
F1,2016-09-11,Rennes,Caen,2.0,0.0,H,5.0,8.0,4.0,4.0,12.0,7.0,2.0,8.0,2.0,1.0,0.0,0.0,2.0,3.3,4.0,2.01,3.52,4.12,2.05,3.52,4.3,1.98,3.36,3.93,56.0,2016/2017
F1,2016-09-16,Caen,Paris Saint-Germain,0.0,6.0,A,13.0,21.0,1.0,7.0,9.0,10.0,4.0,3.0,1.0,1.0,0.0,0.0,7.0,4.5,1.4,7.36,4.74,1.48,7.8,4.75,1.55,6.89,4.4,1.47,56.0,2016/2017
F1,2016-09-17,Bordeaux,Angers,0.0,1.0,A,10.0,5.0,4.0,5.0,9.0,17.0,3.0,5.0,0.0,4.0,1.0,0.0,1.8,3.5,4.75,1.83,3.47,5.28,1.86,3.68,5.35,1.81,3.39,4.79,56.0,2016/2017
F1,2016-09-17,Dijon,Metz,0.0,0.0,D,16.0,7.0,6.0,3.0,15.0,18.0,8.0,3.0,4.0,3.0,0.0,1.0,2.15,3.1,3.75,2.11,3.28,4.05,2.2,3.42,4.05,2.09,3.24,3.7,55.0,2016/2017
F1,2016-09-17,Lorient,Lille,1.0,0.0,H,9.0,10.0,4.0,0.0,12.0,10.0,4.0,2.0,2.0,2.0,0.0,0.0,3.1,3.1,2.5,3.32,3.24,2.41,3.32,3.24,2.55,3.08,3.11,2.43,56.0,2016/2017
F1,2016-09-17,Monaco,Rennes,3.0,0.0,H,17.0,5.0,7.0,3.0,13.0,10.0,3.0,4.0,1.0,1.0,0.0,0.0,1.73,3.5,5.0,1.8,3.67,5.05,1.82,3.79,5.11,1.76,3.58,4.77,56.0,2016/2017
F1,2016-09-17,Nancy,Nantes,1.0,1.0,D,9.0,14.0,2.0,5.0,10.0,18.0,2.0,2.0,0.0,0.0,0.0,0.0,2.6,2.9,3.1,2.67,2.95,3.21,2.71,3.15,3.79,2.51,2.95,3.14,54.0,2016/2017
F1,2016-09-17,Toulouse,Guingamp,2.0,1.0,H,13.0,5.0,5.0,3.0,18.0,11.0,8.0,1.0,4.0,3.0,0.0,1.0,2.0,3.25,4.0,2.12,3.34,3.95,2.2,3.44,4.0,2.07,3.23,3.79,56.0,2016/2017
F1,2016-09-18,Marseille,Lyon,0.0,0.0,D,13.0,14.0,2.0,1.0,16.0,12.0,6.0,1.0,3.0,2.0,0.0,0.0,2.7,3.4,2.6,2.74,3.4,2.74,2.87,3.51,2.74,2.7,3.3,2.61,54.0,2016/2017
F1,2016-09-18,Montpellier,Nice,1.0,1.0,D,15.0,9.0,5.0,4.0,18.0,12.0,6.0,3.0,1.0,1.0,0.0,0.0,2.3,3.2,3.3,2.35,3.23,3.44,2.4,3.3,3.47,2.29,3.17,3.29,56.0,2016/2017
F1,2016-09-18,Saint-Etienne,Bastia,1.0,0.0,H,13.0,9.0,3.0,3.0,19.0,11.0,4.0,4.0,2.0,4.0,0.0,0.0,1.65,3.6,6.0,1.68,3.66,6.4,1.71,3.78,6.4,1.67,3.5,5.84,54.0,2016/2017
F1,2016-09-20,Lille,Toulouse,1.0,2.0,A,19.0,7.0,5.0,2.0,13.0,21.0,5.0,3.0,2.0,5.0,0.0,0.0,2.05,3.1,4.0,2.2,3.16,3.94,2.2,3.28,4.1,2.12,3.13,3.76,56.0,2016/2017
F1,2016-09-20,Paris Saint-Germain,Dijon,3.0,0.0,H,8.0,8.0,4.0,4.0,8.0,7.0,5.0,4.0,1.0,0.0,0.0,0.0,1.11,9.0,23.0,1.12,10.5,25.48,1.18,10.86,31.0,1.12,9.18,21.0,56.0,2016/2017
F1,2016-09-21,Lyon,Montpellier,5.0,1.0,H,16.0,8.0,8.0,2.0,10.0,15.0,11.0,1.0,0.0,1.0,0.0,1.0,1.57,4.0,6.0,1.64,4.18,5.73,1.67,4.31,6.5,1.6,3.99,5.61,56.0,2016/2017
F1,2016-09-21,Bastia,Nancy,0.0,0.0,D,10.0,4.0,5.0,2.0,12.0,19.0,5.0,3.0,0.0,0.0,0.0,0.0,2.4,3.0,3.3,2.47,2.99,3.51,2.53,3.1,3.51,2.41,2.95,3.3,56.0,2016/2017
F1,2016-09-21,Guingamp,Lorient,1.0,0.0,H,8.0,13.0,4.0,3.0,10.0,14.0,4.0,7.0,1.0,2.0,0.0,0.0,2.05,3.2,4.0,2.05,3.45,4.05,2.15,3.49,4.05,2.04,3.33,3.76,56.0,2016/2017
F1,2016-09-21,Angers,Caen,2.0,1.0,H,13.0,6.0,5.0,1.0,12.0,11.0,1.0,4.0,0.0,1.0,0.0,0.0,2.25,3.2,3.4,2.24,3.2,3.76,2.3,3.27,3.76,2.22,3.13,3.48,56.0,2016/2017
F1,2016-09-21,Metz,Bordeaux,0.0,3.0,A,12.0,20.0,4.0,7.0,16.0,4.0,1.0,6.0,2.0,0.0,0.0,0.0,3.2,3.1,2.4,3.33,3.24,2.4,3.35,3.35,2.5,3.12,3.18,2.37,56.0,2016/2017
F1,2016-09-21,Nantes,Saint-Etienne,0.0,0.0,D,17.0,6.0,6.0,0.0,16.0,14.0,6.0,2.0,4.0,0.0,0.0,1.0,2.5,2.9,3.1,2.66,3.0,3.18,2.74,3.2,3.27,2.53,2.95,3.1,53.0,2016/2017
F1,2016-09-21,Rennes,Marseille,3.0,2.0,H,13.0,8.0,5.0,4.0,11.0,24.0,4.0,4.0,1.0,1.0,0.0,1.0,2.3,3.3,3.2,2.36,3.3,3.29,2.4,3.42,3.4,2.32,3.24,3.16,56.0,2016/2017
F1,2016-09-21,Nice,Monaco,4.0,0.0,H,9.0,17.0,7.0,7.0,12.0,16.0,2.0,6.0,1.0,1.0,0.0,1.0,3.1,3.2,2.4,3.35,3.29,2.37,3.35,3.39,2.5,3.14,3.23,2.34,56.0,2016/2017
F1,2016-09-23,Toulouse,Paris Saint-Germain,2.0,0.0,H,11.0,12.0,3.0,3.0,12.0,11.0,3.0,7.0,3.0,1.0,0.0,1.0,7.0,4.2,1.5,7.78,4.57,1.49,7.78,4.57,1.57,6.82,4.21,1.5,56.0,2016/2017
F1,2016-09-24,Dijon,Rennes,3.0,0.0,H,15.0,19.0,5.0,4.0,7.0,12.0,7.0,3.0,1.0,1.0,0.0,0.0,2.8,3.2,2.6,2.8,3.3,2.73,2.89,3.31,2.8,2.72,3.2,2.66,54.0,2016/2017
F1,2016-09-24,Bastia,Guingamp,1.0,0.0,H,11.0,3.0,6.0,3.0,17.0,17.0,5.0,1.0,1.0,1.0,1.0,1.0,2.4,3.0,3.3,2.58,3.01,3.27,2.6,3.17,3.3,2.47,3.0,3.14,54.0,2016/2017
F1,2016-09-24,Bordeaux,Caen,0.0,0.0,D,12.0,13.0,2.0,4.0,7.0,16.0,4.0,5.0,0.0,2.0,0.0,0.0,1.85,3.6,4.33,1.88,3.77,4.42,1.91,3.81,4.51,1.85,3.59,4.26,55.0,2016/2017
F1,2016-09-24,Monaco,Angers,2.0,1.0,H,13.0,11.0,4.0,4.0,10.0,9.0,12.0,7.0,1.0,1.0,0.0,0.0,1.62,3.75,6.0,1.65,3.84,6.35,1.7,3.97,6.35,1.64,3.69,5.75,54.0,2016/2017
F1,2016-09-24,Montpellier,Metz,0.0,1.0,A,16.0,4.0,2.0,3.0,14.0,20.0,7.0,5.0,2.0,3.0,0.0,0.0,1.67,3.6,5.75,1.71,3.83,5.52,1.78,3.97,5.8,1.69,3.69,5.15,54.0,2016/2017
F1,2016-09-24,Lorient,Lyon,1.0,0.0,H,11.0,18.0,2.0,8.0,13.0,8.0,3.0,8.0,2.0,1.0,0.0,0.0,4.2,3.5,1.91,4.24,3.74,1.92,4.33,3.76,1.97,4.02,3.55,1.9,54.0,2016/2017
F1,2016-09-25,Marseille,Nantes,2.0,1.0,H,14.0,13.0,5.0,4.0,13.0,17.0,5.0,5.0,1.0,3.0,0.0,0.0,2.0,3.1,4.33,2.06,3.33,4.15,2.06,3.4,4.39,1.99,3.25,4.06,54.0,2016/2017
F1,2016-09-25,Nancy,Nice,0.0,1.0,A,15.0,13.0,0.0,4.0,17.0,16.0,6.0,2.0,3.0,1.0,0.0,0.0,2.5,3.1,3.1,2.7,3.11,3.0,2.7,3.28,3.13,2.52,3.13,2.94,53.0,2016/2017
F1,2016-09-25,Saint-Etienne,Lille,3.0,1.0,H,9.0,12.0,3.0,3.0,17.0,15.0,4.0,5.0,3.0,1.0,0.0,1.0,2.3,3.0,3.5,2.45,3.17,3.32,2.45,3.2,3.53,2.35,3.06,3.31,50.0,2016/2017
F1,2016-09-30,Rennes,Guingamp,1.0,0.0,H,13.0,6.0,3.0,1.0,10.0,12.0,6.0,2.0,2.0,1.0,0.0,1.0,2.05,3.2,4.0,2.05,3.26,4.34,2.16,3.37,4.34,2.06,3.2,3.92,53.0,2016/2017
F1,2016-10-01,Lille,Nancy,1.0,0.0,H,14.0,5.0,4.0,3.0,14.0,12.0,8.0,4.0,2.0,3.0,0.0,0.0,1.85,3.2,5.0,1.92,3.29,5.01,1.92,3.42,5.3,1.86,3.24,4.82,52.0,2016/2017
F1,2016-10-01,Dijon,Montpellier,3.0,3.0,D,8.0,15.0,6.0,6.0,12.0,12.0,5.0,4.0,2.0,2.0,0.0,0.0,2.6,3.0,3.0,2.7,3.07,3.03,2.7,3.22,3.11,2.58,3.06,2.93,53.0,2016/2017
F1,2016-10-01,Caen,Toulouse,1.0,0.0,H,12.0,9.0,3.0,1.0,11.0,17.0,4.0,2.0,1.0,6.0,0.0,0.0,2.5,3.1,3.0,2.67,3.1,3.06,2.75,3.24,3.06,2.6,3.09,2.88,53.0,2016/2017
F1,2016-10-01,Metz,Monaco,0.0,7.0,A,14.0,14.0,2.0,9.0,14.0,12.0,7.0,4.0,2.0,1.0,1.0,0.0,4.5,3.6,1.8,4.65,3.69,1.85,4.74,3.81,1.91,4.43,3.57,1.82,53.0,2016/2017
F1,2016-10-01,Paris Saint-Germain,Bordeaux,2.0,0.0,H,14.0,6.0,7.0,2.0,8.0,9.0,11.0,2.0,1.0,1.0,0.0,0.0,1.25,5.75,13.0,1.25,6.62,13.93,1.3,6.75,15.0,1.25,5.99,11.95,53.0,2016/2017
F1,2016-10-01,Nantes,Bastia,1.0,0.0,H,20.0,12.0,8.0,6.0,19.0,9.0,3.0,2.0,4.0,3.0,0.0,0.0,1.95,3.2,4.5,1.99,3.15,4.87,2.1,3.29,4.87,1.97,3.12,4.41,53.0,2016/2017
F1,2016-10-02,Angers,Marseille,1.0,1.0,D,17.0,9.0,5.0,2.0,6.0,12.0,3.0,7.0,1.0,0.0,0.0,0.0,2.63,3.0,3.0,2.6,3.13,3.11,2.7,3.2,3.11,2.59,3.06,2.92,53.0,2016/2017
F1,2016-10-02,Lyon,Saint-Etienne,2.0,0.0,H,14.0,11.0,7.0,3.0,18.0,15.0,7.0,7.0,3.0,1.0,0.0,0.0,1.73,3.6,5.0,1.71,3.75,5.78,1.8,4.0,5.95,1.71,3.64,5.1,51.0,2016/2017
F1,2016-10-02,Nice,Lorient,2.0,1.0,H,8.0,17.0,2.0,4.0,9.0,14.0,3.0,5.0,2.0,3.0,1.0,0.0,1.8,3.5,4.75,1.88,3.69,4.51,1.91,3.81,4.85,1.84,3.57,4.36,53.0,2016/2017
F1,2016-10-14,Nice,Lyon,2.0,0.0,H,16.0,4.0,6.0,3.0,13.0,22.0,1.0,4.0,3.0,3.0,0.0,1.0,2.9,3.4,2.38,2.92,3.58,2.51,3.05,3.6,2.6,2.85,3.38,2.45,48.0,2016/2017
F1,2016-10-14,Toulouse,Monaco,3.0,1.0,H,17.0,4.0,6.0,1.0,14.0,17.0,6.0,1.0,2.0,1.0,0.0,0.0,3.0,3.2,2.5,2.92,3.3,2.67,3.1,3.37,2.67,2.86,3.2,2.53,48.0,2016/2017
F1,2016-10-15,Bastia,Angers,1.0,2.0,A,12.0,7.0,3.0,3.0,8.0,11.0,6.0,4.0,2.0,0.0,0.0,0.0,2.5,2.8,3.25,2.67,2.9,3.27,2.67,3.15,3.4,2.54,2.86,3.18,49.0,2016/2017
F1,2016-10-15,Guingamp,Lille,1.0,0.0,H,13.0,12.0,4.0,3.0,13.0,21.0,7.0,0.0,1.0,0.0,0.0,0.0,2.45,3.1,3.1,2.53,3.11,3.24,2.7,3.2,3.24,2.51,3.02,3.04,49.0,2016/2017
F1,2016-10-15,Lorient,Nantes,1.0,2.0,A,15.0,5.0,5.0,3.0,12.0,9.0,6.0,1.0,4.0,4.0,0.0,0.0,2.5,3.2,3.0,2.67,3.06,3.09,2.7,3.2,3.1,2.54,3.06,2.95,48.0,2016/2017
F1,2016-10-15,Montpellier,Caen,3.0,2.0,H,11.0,12.0,7.0,5.0,13.0,6.0,5.0,2.0,0.0,0.0,1.0,0.0,1.85,3.4,4.5,2.0,3.45,4.25,2.1,3.5,4.5,1.93,3.38,4.13,49.0,2016/2017
F1,2016-10-15,Nancy,Paris Saint-Germain,1.0,2.0,A,6.0,7.0,3.0,3.0,16.0,10.0,4.0,1.0,1.0,1.0,0.0,0.0,10.0,5.0,1.33,12.18,5.15,1.34,12.18,5.2,1.42,9.92,4.77,1.34,49.0,2016/2017
F1,2016-10-16,Marseille,Metz,1.0,0.0,H,16.0,11.0,6.0,1.0,14.0,10.0,2.0,6.0,1.0,2.0,0.0,0.0,1.44,4.33,7.5,1.48,4.79,7.22,1.55,4.79,7.5,1.47,4.42,6.65,49.0,2016/2017
F1,2016-10-16,Rennes,Bordeaux,1.0,1.0,D,15.0,7.0,4.0,1.0,15.0,11.0,8.0,3.0,1.0,2.0,0.0,0.0,2.38,3.3,3.1,2.47,3.14,3.31,2.5,3.3,3.31,2.41,3.13,3.09,49.0,2016/2017
F1,2016-10-16,Saint-Etienne,Dijon,1.0,1.0,D,17.0,11.0,3.0,3.0,11.0,8.0,10.0,4.0,1.0,3.0,0.0,1.0,1.73,3.6,5.0,1.72,3.67,5.84,1.8,3.67,5.84,1.73,3.52,5.12,49.0,2016/2017
F1,2016-10-21,Monaco,Montpellier,6.0,2.0,H,14.0,9.0,9.0,3.0,14.0,10.0,6.0,2.0,2.0,0.0,0.0,0.0,1.67,3.75,5.5,1.64,4.01,6.19,1.7,4.01,6.4,1.64,3.83,5.52,56.0,2016/2017
F1,2016-10-22,Angers,Toulouse,0.0,0.0,D,11.0,6.0,3.0,2.0,14.0,12.0,4.0,2.0,2.0,4.0,0.0,0.0,2.5,3.1,3.1,2.68,3.03,3.1,2.7,3.1,3.15,2.57,2.99,2.99,55.0,2016/2017
F1,2016-10-22,Bordeaux,Nancy,1.0,1.0,D,12.0,11.0,2.0,3.0,12.0,16.0,5.0,4.0,1.0,3.0,0.0,0.0,1.8,3.4,5.0,1.84,3.46,5.23,1.88,3.5,5.35,1.82,3.37,4.75,54.0,2016/2017
F1,2016-10-22,Dijon,Lorient,1.0,0.0,H,13.0,15.0,3.0,5.0,7.0,14.0,5.0,5.0,1.0,2.0,0.0,0.0,2.15,3.3,3.6,2.27,3.32,3.52,2.28,3.37,3.8,2.17,3.27,3.44,55.0,2016/2017
F1,2016-10-22,Lille,Bastia,2.0,1.0,H,17.0,5.0,8.0,1.0,17.0,20.0,8.0,4.0,3.0,1.0,0.0,0.0,1.73,3.4,5.25,1.75,3.5,5.94,1.81,3.5,6.3,1.74,3.36,5.46,55.0,2016/2017
F1,2016-10-22,Lyon,Guingamp,1.0,3.0,A,18.0,6.0,6.0,5.0,13.0,20.0,9.0,5.0,1.0,3.0,0.0,0.0,1.53,4.1,6.5,1.53,4.29,7.17,1.62,4.3,7.2,1.54,4.06,6.2,55.0,2016/2017
F1,2016-10-22,Nantes,Rennes,1.0,2.0,A,9.0,7.0,4.0,3.0,12.0,8.0,3.0,0.0,1.0,3.0,0.0,0.0,2.25,3.1,3.6,2.3,3.06,3.79,2.35,3.15,3.8,2.25,3.03,3.52,55.0,2016/2017
F1,2016-10-23,Caen,Saint-Etienne,0.0,2.0,A,9.0,13.0,1.0,6.0,7.0,13.0,4.0,5.0,1.0,1.0,0.0,0.0,2.55,3.1,2.88,2.69,3.08,3.04,2.8,3.17,3.04,2.65,3.04,2.82,54.0,2016/2017
F1,2016-10-23,Metz,Nice,2.0,4.0,A,9.0,17.0,5.0,8.0,17.0,1.0,4.0,3.0,4.0,0.0,0.0,0.0,3.75,3.4,2.05,3.81,3.44,2.12,3.81,3.53,2.14,3.58,3.36,2.06,55.0,2016/2017
F1,2016-10-23,Paris Saint-Germain,Marseille,0.0,0.0,D,17.0,0.0,3.0,0.0,4.0,10.0,9.0,0.0,0.0,2.0,0.0,0.0,1.29,5.5,11.0,1.29,6.1,11.95,1.35,6.4,13.0,1.28,5.67,10.34,55.0,2016/2017
F1,2016-10-28,Lille,Paris Saint-Germain,0.0,1.0,A,10.0,17.0,1.0,7.0,21.0,17.0,2.0,4.0,2.0,1.0,0.0,0.0,6.5,4.0,1.55,6.94,4.03,1.59,7.2,4.15,1.64,6.23,3.86,1.58,57.0,2016/2017
F1,2016-10-29,Lorient,Montpellier,2.0,2.0,D,17.0,8.0,3.0,4.0,13.0,9.0,5.0,5.0,2.0,1.0,0.0,0.0,2.3,3.1,3.4,2.34,3.37,3.31,2.4,3.4,3.42,2.31,3.22,3.19,56.0,2016/2017
F1,2016-10-29,Bastia,Dijon,0.0,0.0,D,19.0,8.0,11.0,2.0,11.0,25.0,13.0,5.0,1.0,1.0,0.0,0.0,2.3,3.1,3.4,2.28,3.07,3.83,2.36,3.2,3.83,2.26,3.05,3.5,56.0,2016/2017
F1,2016-10-29,Guingamp,Angers,1.0,0.0,H,13.0,15.0,5.0,3.0,9.0,12.0,7.0,5.0,1.0,3.0,0.0,0.0,2.3,3.2,3.3,2.44,3.09,3.44,2.5,3.25,3.6,2.32,3.06,3.35,56.0,2016/2017
F1,2016-10-29,Saint-Etienne,Monaco,1.0,1.0,D,8.0,13.0,2.0,6.0,11.0,15.0,4.0,9.0,0.0,4.0,0.0,0.0,2.75,3.0,2.8,2.78,3.25,2.79,2.86,3.25,2.8,2.7,3.14,2.71,54.0,2016/2017
F1,2016-10-29,Toulouse,Lyon,1.0,2.0,A,12.0,7.0,1.0,3.0,16.0,16.0,3.0,2.0,2.0,2.0,0.0,1.0,2.8,3.25,2.6,2.83,3.34,2.68,2.83,3.38,2.7,2.74,3.25,2.6,56.0,2016/2017
F1,2016-10-29,Nancy,Caen,2.0,0.0,H,11.0,14.0,3.0,5.0,17.0,10.0,4.0,3.0,3.0,3.0,0.0,0.0,2.15,3.1,3.8,2.15,3.14,4.16,2.23,3.21,4.16,2.15,3.08,3.75,55.0,2016/2017
F1,2016-10-30,Marseille,Bordeaux,0.0,0.0,D,10.0,5.0,3.0,1.0,13.0,8.0,3.0,0.0,1.0,1.0,0.0,0.0,2.1,3.2,3.8,2.13,3.42,3.8,2.2,3.5,4.05,2.08,3.32,3.63,56.0,2016/2017
F1,2016-10-30,Nice,Nantes,4.0,1.0,H,12.0,16.0,7.0,4.0,12.0,19.0,2.0,4.0,1.0,3.0,0.0,0.0,1.91,3.3,4.5,2.02,3.3,4.4,2.02,3.4,4.75,1.94,3.27,4.24,54.0,2016/2017
F1,2016-10-30,Rennes,Metz,1.0,0.0,H,10.0,8.0,4.0,2.0,9.0,17.0,3.0,4.0,0.0,3.0,0.0,0.0,1.57,4.0,6.0,1.61,3.89,6.81,1.65,4.1,6.81,1.59,3.83,5.98,56.0,2016/2017
F1,2016-11-04,Montpellier,Marseille,3.0,1.0,H,13.0,10.0,4.0,2.0,10.0,9.0,1.0,5.0,1.0,1.0,0.0,0.0,2.55,3.2,2.88,2.75,3.16,2.95,2.8,3.3,2.95,2.64,3.12,2.82,51.0,2016/2017
F1,2016-11-05,Dijon,Guingamp,3.0,3.0,D,13.0,14.0,7.0,6.0,12.0,17.0,6.0,3.0,0.0,1.0,0.0,0.0,2.5,3.0,3.2,2.56,3.2,3.11,2.6,3.2,3.2,2.48,3.11,3.01,50.0,2016/2017
F1,2016-11-05,Angers,Lille,1.0,0.0,H,9.0,6.0,1.0,1.0,14.0,12.0,2.0,3.0,0.0,0.0,0.0,0.0,2.4,3.0,3.3,2.42,3.03,3.55,2.6,3.1,3.55,2.4,2.97,3.3,51.0,2016/2017
F1,2016-11-05,Bordeaux,Lorient,2.0,1.0,H,12.0,9.0,6.0,1.0,2.0,10.0,4.0,7.0,3.0,2.0,0.0,1.0,1.75,3.5,5.0,1.81,3.65,5.01,1.87,3.65,5.14,1.8,3.51,4.66,51.0,2016/2017
F1,2016-11-05,Monaco,Nancy,6.0,0.0,H,16.0,8.0,8.0,1.0,10.0,18.0,4.0,6.0,0.0,1.0,0.0,0.0,1.5,4.0,7.5,1.5,4.27,8.09,1.59,4.35,8.5,1.49,4.11,7.25,51.0,2016/2017
F1,2016-11-05,Nantes,Toulouse,1.0,1.0,D,13.0,4.0,2.0,4.0,17.0,8.0,6.0,2.0,4.0,2.0,0.0,0.0,2.3,3.0,3.5,2.41,3.13,3.45,2.41,3.2,3.6,2.3,3.05,3.39,49.0,2016/2017
F1,2016-11-05,Lyon,Bastia,2.0,1.0,H,23.0,10.0,7.0,4.0,7.0,14.0,9.0,3.0,1.0,2.0,0.0,2.0,1.44,4.2,8.5,1.44,4.49,9.21,1.49,4.64,9.5,1.42,4.39,8.08,51.0,2016/2017
F1,2016-11-06,Caen,Nice,1.0,0.0,H,12.0,4.0,7.0,1.0,11.0,18.0,4.0,4.0,2.0,3.0,0.0,0.0,3.25,3.25,2.3,3.17,3.35,2.43,3.25,3.4,2.5,3.05,3.25,2.37,51.0,2016/2017
F1,2016-11-06,Metz,Saint-Etienne,0.0,0.0,D,14.0,8.0,2.0,2.0,17.0,15.0,2.0,1.0,2.0,0.0,0.0,1.0,3.8,3.2,2.1,4.06,3.3,2.1,4.06,3.35,2.15,3.76,3.24,2.07,50.0,2016/2017
F1,2016-11-06,Paris Saint-Germain,Rennes,4.0,0.0,H,18.0,4.0,6.0,1.0,7.0,10.0,9.0,2.0,1.0,2.0,0.0,0.0,1.22,6.5,13.0,1.23,6.8,16.0,1.31,7.0,16.0,1.23,6.25,12.77,51.0,2016/2017
F1,2016-11-18,Lille,Lyon,0.0,1.0,A,14.0,17.0,3.0,3.0,15.0,15.0,5.0,5.0,2.0,3.0,1.0,0.0,3.1,3.1,2.45,3.24,3.16,2.53,3.24,3.33,2.62,3.04,3.15,2.46,53.0,2016/2017
F1,2016-11-18,Lorient,Monaco,0.0,3.0,A,15.0,11.0,3.0,6.0,15.0,12.0,2.0,4.0,0.0,1.0,0.0,0.0,4.33,3.6,1.8,4.53,3.87,1.85,4.65,3.96,1.89,4.28,3.68,1.83,53.0,2016/2017
F1,2016-11-19,Bastia,Montpellier,1.0,1.0,D,16.0,11.0,3.0,4.0,15.0,14.0,5.0,6.0,2.0,0.0,0.0,0.0,2.8,3.0,2.8,2.85,3.16,2.8,2.87,3.27,2.9,2.75,3.05,2.75,52.0,2016/2017
F1,2016-11-19,Toulouse,Metz,1.0,2.0,A,15.0,4.0,4.0,2.0,13.0,14.0,3.0,0.0,0.0,1.0,0.0,0.0,1.5,4.2,7.0,1.5,4.16,8.57,1.55,4.35,8.57,1.5,4.03,7.24,52.0,2016/2017
F1,2016-11-19,Nancy,Dijon,1.0,0.0,H,13.0,12.0,4.0,5.0,17.0,22.0,7.0,8.0,1.0,3.0,0.0,0.0,2.1,3.1,4.0,2.14,3.32,3.89,2.2,3.43,4.0,2.11,3.19,3.77,52.0,2016/2017
F1,2016-11-19,Rennes,Angers,1.0,1.0,D,11.0,7.0,2.0,4.0,10.0,13.0,6.0,2.0,2.0,2.0,0.0,2.0,2.25,3.0,3.5,2.38,3.01,3.72,2.4,3.2,3.95,2.28,3.0,3.55,52.0,2016/2017
F1,2016-11-19,Paris Saint-Germain,Nantes,2.0,0.0,H,10.0,12.0,5.0,1.0,9.0,9.0,4.0,5.0,0.0,1.0,0.0,0.0,1.2,6.5,15.0,1.22,6.8,16.42,1.25,6.95,17.0,1.21,6.29,14.47,50.0,2016/2017
F1,2016-11-20,Saint-Etienne,Nice,0.0,1.0,A,8.0,15.0,1.0,5.0,12.0,9.0,1.0,4.0,2.0,1.0,0.0,0.0,2.1,3.4,3.6,2.17,3.22,3.95,2.25,3.47,3.95,2.13,3.22,3.63,52.0,2016/2017
F1,2016-11-20,Guingamp,Bordeaux,1.0,1.0,D,15.0,8.0,4.0,3.0,13.0,16.0,7.0,2.0,2.0,1.0,0.0,0.0,2.45,3.2,3.0,2.51,3.2,3.18,2.6,3.36,3.2,2.46,3.15,3.03,52.0,2016/2017
F1,2016-11-20,Marseille,Caen,1.0,0.0,H,14.0,3.0,1.0,0.0,18.0,16.0,8.0,2.0,2.0,1.0,0.0,0.0,1.7,3.75,5.0,1.78,3.72,5.12,1.81,3.88,5.6,1.74,3.65,4.85,52.0,2016/2017
F1,2016-11-25,Rennes,Toulouse,1.0,0.0,H,11.0,12.0,3.0,3.0,14.0,19.0,4.0,4.0,2.0,2.0,0.0,1.0,2.4,3.1,3.1,2.48,3.16,3.32,2.57,3.25,3.32,2.45,3.09,3.09,49.0,2016/2017
F1,2016-11-26,Bordeaux,Dijon,3.0,2.0,H,14.0,9.0,6.0,6.0,14.0,14.0,6.0,4.0,0.0,2.0,0.0,0.0,1.73,3.6,5.25,1.74,3.75,5.51,1.78,3.8,5.51,1.72,3.6,5.04,49.0,2016/2017
F1,2016-11-26,Caen,Guingamp,1.0,1.0,D,18.0,11.0,4.0,4.0,11.0,18.0,5.0,2.0,0.0,2.0,0.0,0.0,2.38,3.1,3.3,2.37,3.13,3.51,2.5,3.21,3.51,2.36,3.1,3.24,48.0,2016/2017
F1,2016-11-26,Metz,Lorient,3.0,3.0,D,11.0,10.0,6.0,6.0,10.0,18.0,6.0,3.0,2.0,2.0,0.0,0.0,2.7,3.25,2.7,2.81,3.14,2.86,2.81,3.39,3.0,2.67,3.14,2.74,49.0,2016/2017
F1,2016-11-26,Monaco,Marseille,4.0,0.0,H,15.0,9.0,9.0,3.0,5.0,9.0,3.0,4.0,1.0,2.0,0.0,0.0,1.67,3.75,5.5,1.66,4.05,5.69,1.75,4.15,5.75,1.65,3.88,5.26,49.0,2016/2017
F1,2016-11-26,Montpellier,Nancy,0.0,0.0,D,12.0,5.0,4.0,2.0,5.0,16.0,5.0,0.0,2.0,3.0,1.0,0.0,1.91,3.4,4.2,1.97,3.46,4.36,2.03,3.5,4.36,1.96,3.35,4.01,48.0,2016/2017
F1,2016-11-26,Nantes,Lille,0.0,0.0,D,8.0,9.0,1.0,3.0,22.0,11.0,4.0,3.0,1.0,2.0,0.0,0.0,2.25,3.0,3.6,2.31,3.08,3.74,2.5,3.1,3.75,2.29,2.98,3.5,46.0,2016/2017
F1,2016-11-27,Lyon,Paris Saint-Germain,1.0,2.0,A,14.0,11.0,3.0,5.0,8.0,17.0,6.0,8.0,1.0,6.0,0.0,0.0,3.6,3.4,2.1,3.76,3.59,2.08,4.0,3.62,2.15,3.52,3.44,2.07,49.0,2016/2017
F1,2016-11-27,Nice,Bastia,1.0,1.0,D,12.0,11.0,7.0,2.0,10.0,16.0,5.0,4.0,0.0,3.0,0.0,0.0,1.62,3.75,6.0,1.66,3.85,6.14,1.7,3.9,6.3,1.65,3.69,5.57,49.0,2016/2017
F1,2016-11-27,Angers,Saint-Etienne,1.0,2.0,A,14.0,8.0,6.0,5.0,21.0,11.0,6.0,5.0,3.0,3.0,0.0,1.0,2.5,3.0,3.2,2.54,2.98,3.39,2.65,3.1,3.4,2.5,2.95,3.16,48.0,2016/2017
F1,2016-11-29,Lille,Caen,4.0,2.0,H,19.0,13.0,8.0,2.0,8.0,12.0,3.0,2.0,0.0,1.0,0.0,0.0,1.8,3.4,5.0,1.79,3.51,5.7,1.87,3.51,5.7,1.79,3.36,5.13,45.0,2016/2017
F1,2016-11-29,Lorient,Rennes,2.0,1.0,H,10.0,15.0,3.0,8.0,15.0,11.0,2.0,3.0,1.0,1.0,0.0,0.0,2.38,3.25,3.1,2.49,3.41,3.07,2.65,3.41,3.15,2.47,3.21,2.95,45.0,2016/2017
F1,2016-11-29,Dijon,Monaco,1.0,1.0,D,12.0,9.0,2.0,4.0,7.0,12.0,6.0,4.0,2.0,0.0,0.0,0.0,5.5,4.0,1.62,5.82,4.2,1.64,6.15,4.2,1.7,5.43,4.03,1.61,46.0,2016/2017
F1,2016-11-30,Saint-Etienne,Marseille,0.0,0.0,D,7.0,13.0,3.0,7.0,5.0,12.0,2.0,2.0,0.0,1.0,0.0,0.0,2.15,3.25,3.6,2.26,3.21,3.69,2.31,3.28,3.7,2.21,3.16,3.47,44.0,2016/2017
F1,2016-11-30,Toulouse,Montpellier,1.0,0.0,H,5.0,12.0,3.0,2.0,14.0,12.0,1.0,6.0,2.0,3.0,0.0,0.0,2.05,3.4,3.75,2.07,3.4,4.06,2.15,3.5,4.06,2.06,3.34,3.69,45.0,2016/2017
F1,2016-11-30,Bastia,Bordeaux,1.0,1.0,D,13.0,8.0,6.0,3.0,7.0,14.0,6.0,4.0,2.0,4.0,1.0,0.0,2.9,3.0,2.7,3.0,3.04,2.75,3.05,3.1,2.77,2.87,2.99,2.68,45.0,2016/2017
F1,2016-11-30,Guingamp,Nice,0.0,1.0,A,11.0,12.0,5.0,4.0,18.0,16.0,9.0,3.0,2.0,1.0,0.0,0.0,2.45,3.2,3.0,2.56,3.24,3.07,2.75,3.34,3.07,2.55,3.13,2.91,45.0,2016/2017
F1,2016-11-30,Nancy,Metz,4.0,0.0,H,17.0,8.0,7.0,4.0,16.0,14.0,6.0,3.0,5.0,2.0,0.0,1.0,1.91,3.5,4.2,1.98,3.38,4.38,2.0,3.5,4.55,1.92,3.34,4.23,45.0,2016/2017
F1,2016-11-30,Nantes,Lyon,0.0,6.0,A,12.0,20.0,1.0,9.0,11.0,11.0,5.0,10.0,1.0,1.0,0.0,0.0,3.75,3.25,2.1,4.0,3.22,2.15,4.0,3.3,2.3,3.62,3.19,2.15,44.0,2016/2017
F1,2016-11-30,Paris Saint-Germain,Angers,2.0,0.0,H,15.0,14.0,4.0,3.0,12.0,8.0,10.0,4.0,2.0,1.0,0.0,0.0,1.2,7.0,15.0,1.21,6.99,17.11,1.23,7.0,19.0,1.19,6.61,15.41,45.0,2016/2017
F1,2016-12-02,Caen,Dijon,3.0,3.0,D,16.0,13.0,9.0,4.0,15.0,16.0,6.0,1.0,4.0,2.0,0.0,1.0,2.1,3.3,3.6,2.19,3.38,3.73,2.25,3.4,3.75,2.15,3.27,3.54,47.0,2016/2017
F1,2016-12-03,Angers,Lorient,2.0,2.0,D,19.0,13.0,5.0,5.0,5.0,9.0,6.0,11.0,0.0,1.0,0.0,0.0,2.0,3.3,4.0,2.02,3.42,4.2,2.1,3.45,4.2,2.01,3.31,3.88,46.0,2016/2017
F1,2016-12-03,Bordeaux,Lille,0.0,1.0,A,8.0,16.0,1.0,9.0,15.0,17.0,5.0,5.0,2.0,4.0,0.0,0.0,2.15,3.1,3.8,2.22,3.11,3.94,2.27,3.3,3.94,2.18,3.12,3.64,46.0,2016/2017
F1,2016-12-03,Guingamp,Nantes,2.0,0.0,H,15.0,8.0,6.0,2.0,11.0,18.0,9.0,1.0,0.0,2.0,0.0,1.0,2.1,3.25,3.75,2.21,3.19,3.86,2.27,3.28,3.86,2.18,3.14,3.58,45.0,2016/2017
F1,2016-12-03,Monaco,Bastia,5.0,0.0,H,12.0,7.0,7.0,0.0,16.0,11.0,6.0,5.0,3.0,3.0,0.0,0.0,1.36,4.5,11.0,1.33,5.34,11.6,1.37,5.34,12.0,1.32,4.96,10.15,46.0,2016/2017
F1,2016-12-03,Montpellier,Paris Saint-Germain,3.0,0.0,H,6.0,10.0,3.0,3.0,8.0,15.0,3.0,2.0,0.0,2.0,0.0,0.0,6.5,4.2,1.53,6.75,4.39,1.54,7.1,4.45,1.6,6.21,4.11,1.53,44.0,2016/2017
F1,2016-12-04,Marseille,Nancy,3.0,0.0,H,19.0,7.0,9.0,2.0,14.0,8.0,6.0,1.0,1.0,1.0,0.0,1.0,1.8,3.4,5.0,1.82,3.51,5.23,1.85,3.55,5.23,1.79,3.43,4.81,46.0,2016/2017
F1,2016-12-04,Nice,Toulouse,3.0,0.0,H,11.0,12.0,6.0,0.0,6.0,15.0,2.0,2.0,0.0,2.0,0.0,0.0,2.1,3.2,3.8,2.08,3.33,4.09,2.16,3.33,4.1,2.08,3.22,3.75,46.0,2016/2017
F1,2016-12-04,Rennes,Saint-Etienne,2.0,0.0,H,14.0,4.0,5.0,0.0,18.0,6.0,7.0,4.0,3.0,2.0,0.0,0.0,2.4,3.0,3.3,2.38,3.12,3.46,2.5,3.15,3.46,2.38,3.06,3.23,44.0,2016/2017
F1,2016-12-10,Bastia,Metz,2.0,0.0,H,16.0,8.0,6.0,1.0,13.0,19.0,5.0,5.0,2.0,2.0,0.0,0.0,1.83,3.4,4.75,1.93,3.33,4.82,2.0,3.42,4.82,1.91,3.3,4.38,50.0,2016/2017
F1,2016-12-10,Bordeaux,Monaco,0.0,4.0,A,9.0,16.0,2.0,6.0,11.0,15.0,9.0,9.0,3.0,1.0,1.0,0.0,3.75,3.3,2.1,3.75,3.55,2.1,3.87,3.59,2.2,3.52,3.42,2.1,51.0,2016/2017
F1,2016-12-10,Dijon,Marseille,1.0,2.0,A,14.0,12.0,5.0,7.0,12.0,18.0,7.0,4.0,1.0,2.0,0.0,0.0,3.2,3.25,2.3,3.22,3.34,2.44,3.22,3.47,2.52,3.02,3.32,2.37,51.0,2016/2017
F1,2016-12-10,Lille,Montpellier,2.0,1.0,H,12.0,17.0,4.0,6.0,17.0,13.0,1.0,3.0,1.0,1.0,0.0,0.0,2.0,3.1,4.33,2.03,3.3,4.37,2.11,3.31,4.4,2.01,3.22,4.08,50.0,2016/2017
F1,2016-12-10,Nancy,Angers,2.0,0.0,H,12.0,10.0,6.0,2.0,7.0,8.0,2.0,12.0,1.0,1.0,0.0,0.0,2.5,2.9,3.25,2.73,2.99,3.08,2.73,3.1,3.25,2.57,2.95,3.06,50.0,2016/2017
F1,2016-12-10,Toulouse,Lorient,3.0,2.0,H,10.0,17.0,5.0,8.0,8.0,5.0,3.0,8.0,2.0,0.0,0.0,0.0,2.0,3.3,4.0,2.03,3.35,4.26,2.05,3.47,4.56,1.98,3.31,4.05,50.0,2016/2017
F1,2016-12-11,Lyon,Rennes,1.0,0.0,H,5.0,13.0,4.0,5.0,16.0,15.0,4.0,6.0,3.0,0.0,0.0,1.0,1.57,3.75,7.0,1.53,4.25,7.29,1.6,4.35,7.29,1.54,4.05,6.33,49.0,2016/2017
F1,2016-12-11,Paris Saint-Germain,Nice,2.0,2.0,D,22.0,5.0,10.0,3.0,17.0,10.0,9.0,0.0,2.0,3.0,0.0,0.0,1.36,5.0,8.5,1.38,5.23,9.08,1.46,5.29,9.65,1.36,4.96,8.35,49.0,2016/2017
F1,2016-12-11,Saint-Etienne,Guingamp,1.0,0.0,H,7.0,18.0,2.0,8.0,13.0,14.0,4.0,4.0,0.0,2.0,0.0,0.0,2.0,3.25,4.2,2.04,3.32,4.3,2.1,3.32,4.3,2.01,3.23,4.02,47.0,2016/2017
F1,2016-12-16,Angers,Nantes,0.0,2.0,A,15.0,11.0,2.0,4.0,12.0,9.0,6.0,1.0,1.0,3.0,0.0,0.0,2.4,3.0,3.2,2.45,2.98,3.61,2.53,3.1,3.61,2.41,2.95,3.34,52.0,2016/2017
F1,2016-12-17,Guingamp,Paris Saint-Germain,2.0,1.0,H,11.0,15.0,2.0,7.0,18.0,16.0,4.0,7.0,0.0,0.0,0.0,0.0,7.0,4.33,1.44,7.57,4.38,1.51,8.12,4.6,1.56,7.09,4.25,1.48,49.0,2016/2017
F1,2016-12-17,Lorient,Saint-Etienne,2.0,1.0,H,21.0,9.0,9.0,3.0,12.0,13.0,6.0,3.0,4.0,2.0,0.0,1.0,2.4,3.2,3.0,2.58,3.2,3.07,2.8,3.32,3.1,2.53,3.15,2.93,52.0,2016/2017
F1,2016-12-17,Montpellier,Bordeaux,4.0,0.0,H,22.0,12.0,8.0,3.0,11.0,12.0,5.0,1.0,2.0,2.0,0.0,1.0,2.25,3.3,3.2,2.28,3.29,3.56,2.4,3.34,3.56,2.26,3.23,3.33,48.0,2016/2017
F1,2016-12-17,Rennes,Bastia,1.0,2.0,A,12.0,14.0,4.0,4.0,15.0,11.0,6.0,6.0,1.0,0.0,0.0,0.0,1.8,3.4,4.75,1.81,3.48,5.36,1.89,3.5,5.36,1.81,3.36,4.92,50.0,2016/2017
F1,2016-12-17,Toulouse,Nancy,1.0,1.0,D,5.0,10.0,2.0,3.0,17.0,12.0,3.0,3.0,1.0,3.0,0.0,0.0,1.91,3.2,4.33,1.96,3.19,4.99,2.03,3.3,5.25,1.93,3.17,4.49,50.0,2016/2017
F1,2016-12-18,Caen,Metz,3.0,0.0,H,17.0,16.0,8.0,3.0,8.0,13.0,4.0,6.0,2.0,3.0,0.0,1.0,1.75,3.5,4.75,1.83,3.6,5.02,1.91,3.64,5.02,1.82,3.49,4.6,49.0,2016/2017
F1,2016-12-18,Marseille,Lille,2.0,0.0,H,13.0,13.0,5.0,4.0,13.0,15.0,6.0,2.0,0.0,0.0,0.0,0.0,2.05,3.2,3.75,2.17,3.21,3.97,2.25,3.35,3.97,2.15,3.16,3.66,50.0,2016/2017
F1,2016-12-18,Monaco,Lyon,1.0,3.0,A,13.0,17.0,4.0,10.0,20.0,20.0,6.0,9.0,4.0,2.0,1.0,0.0,1.83,3.75,4.0,1.88,3.78,4.39,1.95,3.9,4.39,1.88,3.65,4.05,50.0,2016/2017
F1,2016-12-18,Nice,Dijon,2.0,1.0,H,8.0,11.0,3.0,4.0,13.0,21.0,3.0,3.0,1.0,3.0,0.0,1.0,1.53,4.2,5.75,1.58,4.31,6.18,1.61,4.33,6.5,1.56,4.12,5.81,50.0,2016/2017
F1,2016-12-21,Bastia,Marseille,1.0,2.0,A,17.0,7.0,4.0,3.0,7.0,13.0,6.0,4.0,1.0,3.0,0.0,0.0,3.2,3.1,2.4,3.36,3.17,2.43,3.42,3.2,2.5,3.23,3.12,2.38,51.0,2016/2017
F1,2016-12-21,Lille,Rennes,1.0,1.0,D,18.0,10.0,6.0,4.0,11.0,20.0,2.0,1.0,1.0,1.0,0.0,0.0,2.05,3.2,4.0,2.1,3.29,4.12,2.15,3.3,4.26,2.07,3.22,3.9,51.0,2016/2017
F1,2016-12-21,Dijon,Toulouse,2.0,0.0,H,11.0,6.0,6.0,3.0,12.0,19.0,3.0,5.0,2.0,4.0,0.0,0.0,2.5,3.2,3.0,2.51,3.26,3.12,2.65,3.31,3.13,2.47,3.17,3.0,50.0,2016/2017
F1,2016-12-21,Lyon,Angers,2.0,0.0,H,14.0,11.0,3.0,3.0,12.0,15.0,7.0,3.0,0.0,2.0,0.0,0.0,1.44,4.5,7.5,1.49,4.52,7.68,1.5,4.6,8.32,1.46,4.35,7.24,51.0,2016/2017
F1,2016-12-21,Bordeaux,Nice,0.0,0.0,D,15.0,15.0,3.0,4.0,16.0,8.0,8.0,0.0,2.0,2.0,0.0,2.0,2.7,3.1,2.8,2.69,3.2,2.94,2.85,3.34,2.94,2.61,3.17,2.82,51.0,2016/2017
F1,2016-12-21,Monaco,Caen,2.0,1.0,H,21.0,16.0,6.0,5.0,15.0,12.0,5.0,2.0,3.0,0.0,0.0,1.0,1.25,6.0,12.0,1.29,6.08,11.77,1.32,6.2,12.38,1.28,5.69,10.48,52.0,2016/2017
F1,2016-12-21,Paris Saint-Germain,Lorient,5.0,0.0,H,19.0,4.0,7.0,1.0,8.0,10.0,13.0,3.0,0.0,1.0,0.0,0.0,1.18,7.5,15.0,1.2,7.92,15.33,1.22,8.05,18.32,1.19,7.18,14.1,52.0,2016/2017
F1,2016-12-21,Nantes,Montpellier,1.0,0.0,H,5.0,18.0,2.0,4.0,15.0,12.0,2.0,8.0,2.0,0.0,0.0,0.0,2.25,3.2,3.4,2.29,3.29,3.52,2.38,3.3,3.53,2.25,3.19,3.39,51.0,2016/2017
F1,2016-12-21,Metz,Guingamp,2.0,2.0,D,9.0,9.0,4.0,4.0,16.0,11.0,5.0,2.0,2.0,1.0,0.0,0.0,3.4,3.1,2.3,3.23,3.39,2.38,3.4,3.39,2.45,3.15,3.23,2.35,51.0,2016/2017
F1,2016-12-21,Saint-Etienne,Nancy,0.0,0.0,D,18.0,5.0,3.0,3.0,15.0,11.0,12.0,2.0,1.0,1.0,0.0,1.0,2.0,3.1,4.33,2.09,3.12,4.42,2.15,3.3,4.75,2.06,3.11,4.11,51.0,2016/2017
F1,2017-01-13,Lille,Saint-Etienne,1.0,1.0,D,22.0,8.0,8.0,3.0,14.0,14.0,6.0,4.0,0.0,3.0,0.0,0.0,2.05,3.1,4.2,2.09,3.18,4.4,2.2,3.2,4.4,2.08,3.1,4.04,49.0,2016/2017
F1,2017-01-14,Angers,Bordeaux,1.0,1.0,D,7.0,9.0,3.0,0.0,15.0,16.0,2.0,3.0,4.0,3.0,0.0,0.0,2.8,3.0,2.75,2.89,3.08,2.82,2.95,3.2,2.98,2.78,3.03,2.76,50.0,2016/2017
F1,2017-01-14,Lorient,Guingamp,3.0,1.0,H,16.0,12.0,5.0,7.0,12.0,14.0,3.0,6.0,2.0,3.0,0.0,0.0,2.45,3.2,3.0,2.44,3.38,3.13,2.62,3.4,3.2,2.46,3.24,2.98,49.0,2016/2017
F1,2017-01-14,Montpellier,Dijon,1.0,1.0,D,24.0,6.0,3.0,2.0,8.0,12.0,14.0,5.0,0.0,0.0,0.0,0.0,1.8,3.5,4.75,1.81,3.75,4.88,1.85,3.8,5.0,1.79,3.65,4.57,48.0,2016/2017
F1,2017-01-14,Nancy,Bastia,1.0,0.0,H,15.0,11.0,4.0,2.0,10.0,13.0,6.0,5.0,2.0,0.0,0.0,1.0,1.95,3.1,4.75,2.05,3.12,4.61,2.1,3.25,4.75,1.99,3.11,4.39,49.0,2016/2017
F1,2017-01-14,Rennes,Paris Saint-Germain,0.0,1.0,A,12.0,9.0,1.0,4.0,15.0,7.0,5.0,2.0,0.0,2.0,0.0,0.0,7.0,4.0,1.53,7.97,4.17,1.52,7.99,4.2,1.6,6.96,4.0,1.52,50.0,2016/2017
F1,2017-01-14,Toulouse,Nantes,0.0,1.0,A,15.0,8.0,4.0,1.0,11.0,17.0,7.0,3.0,1.0,3.0,0.0,0.0,2.05,3.1,4.1,2.04,3.17,4.55,2.15,3.25,4.55,2.07,3.14,4.02,49.0,2016/2017
F1,2017-01-15,Nice,Metz,0.0,0.0,D,12.0,15.0,2.0,3.0,16.0,13.0,3.0,4.0,2.0,1.0,0.0,0.0,1.5,4.2,7.0,1.47,4.55,7.88,1.53,4.55,7.88,1.49,4.27,6.94,49.0,2016/2017
F1,2017-01-15,Caen,Lyon,3.0,2.0,H,12.0,16.0,5.0,5.0,26.0,21.0,7.0,5.0,3.0,3.0,0.0,0.0,4.75,3.75,1.75,4.71,3.97,1.78,5.0,3.97,1.85,4.51,3.78,1.77,50.0,2016/2017
F1,2017-01-15,Marseille,Monaco,1.0,4.0,A,8.0,14.0,3.0,9.0,7.0,7.0,11.0,6.0,1.0,1.0,0.0,0.0,3.0,3.3,2.4,3.18,3.53,2.34,3.18,3.55,2.46,2.99,3.36,2.38,49.0,2016/2017
F1,2017-01-18,Nantes,Caen,1.0,0.0,H,16.0,9.0,6.0,3.0,12.0,9.0,5.0,4.0,2.0,2.0,0.0,0.0,2.0,3.4,4.0,2.05,3.37,4.15,2.1,3.4,4.26,2.01,3.29,3.98,49.0,2016/2017
F1,2017-01-20,Bastia,Nice,1.0,1.0,D,11.0,17.0,2.0,5.0,16.0,9.0,0.0,4.0,1.0,0.0,1.0,0.0,3.0,3.1,2.55,3.31,3.15,2.5,3.31,3.15,2.6,3.12,3.05,2.49,50.0,2016/2017
F1,2017-01-21,Bordeaux,Toulouse,1.0,0.0,H,22.0,8.0,10.0,6.0,18.0,16.0,6.0,4.0,2.0,1.0,0.0,1.0,2.1,3.25,3.8,2.11,3.25,4.11,2.17,3.4,4.11,2.09,3.19,3.84,48.0,2016/2017
F1,2017-01-21,Dijon,Lille,0.0,0.0,D,19.0,11.0,4.0,3.0,17.0,19.0,10.0,7.0,2.0,2.0,0.0,0.0,3.0,3.1,2.55,2.99,3.24,2.62,3.05,3.25,2.64,2.91,3.13,2.56,48.0,2016/2017
F1,2017-01-21,Guingamp,Rennes,1.0,1.0,D,15.0,7.0,4.0,3.0,11.0,16.0,4.0,1.0,2.0,2.0,0.0,1.0,2.3,3.1,3.4,2.29,3.24,3.58,2.43,3.28,3.59,2.26,3.17,3.39,49.0,2016/2017
F1,2017-01-21,Metz,Montpellier,2.0,0.0,H,6.0,15.0,4.0,4.0,18.0,10.0,4.0,8.0,1.0,2.0,0.0,0.0,3.1,3.2,2.4,3.23,3.33,2.41,3.23,3.4,2.7,3.05,3.23,2.41,49.0,2016/2017
F1,2017-01-21,Nantes,Paris Saint-Germain,0.0,2.0,A,7.0,15.0,0.0,5.0,15.0,11.0,6.0,5.0,2.0,1.0,0.0,0.0,10.0,4.33,1.4,9.61,4.76,1.41,10.0,4.76,1.45,8.79,4.5,1.4,49.0,2016/2017
F1,2017-01-22,Lyon,Marseille,3.0,1.0,H,19.0,11.0,8.0,4.0,14.0,18.0,6.0,8.0,1.0,2.0,0.0,0.0,1.73,3.75,5.0,1.69,3.89,5.65,1.8,4.04,5.65,1.71,3.75,5.0,49.0,2016/2017
F1,2017-01-22,Monaco,Lorient,4.0,0.0,H,16.0,6.0,7.0,3.0,7.0,12.0,3.0,6.0,1.0,1.0,0.0,0.0,1.33,5.0,10.0,1.35,5.75,9.13,1.37,5.8,10.0,1.33,5.33,8.72,49.0,2016/2017
F1,2017-01-22,Saint-Etienne,Angers,2.0,1.0,H,12.0,16.0,4.0,5.0,8.0,8.0,6.0,3.0,2.0,3.0,0.0,0.0,1.85,3.4,4.75,1.91,3.31,5.05,1.93,3.4,5.2,1.88,3.25,4.7,49.0,2016/2017
F1,2017-01-27,Marseille,Montpellier,5.0,1.0,H,17.0,19.0,9.0,9.0,12.0,7.0,7.0,5.0,1.0,1.0,0.0,1.0,1.67,3.75,5.5,1.71,3.97,5.46,1.75,3.97,5.75,1.68,3.74,5.28,50.0,2016/2017
F1,2017-01-28,Angers,Metz,2.0,1.0,H,19.0,3.0,10.0,0.0,9.0,8.0,10.0,1.0,0.0,0.0,0.0,2.0,2.0,3.2,4.2,2.03,3.18,4.58,2.08,3.35,4.58,1.99,3.18,4.24,49.0,2016/2017
F1,2017-01-28,Lyon,Lille,1.0,2.0,A,13.0,9.0,6.0,4.0,18.0,15.0,4.0,1.0,1.0,3.0,0.0,0.0,1.45,4.33,7.5,1.49,4.41,7.92,1.56,4.6,8.32,1.47,4.29,7.28,49.0,2016/2017
F1,2017-01-28,Lorient,Dijon,2.0,3.0,A,15.0,5.0,6.0,4.0,13.0,11.0,2.0,2.0,4.0,3.0,0.0,0.0,2.05,3.5,3.6,2.09,3.59,3.75,2.14,3.6,3.75,2.07,3.49,3.54,50.0,2016/2017
F1,2017-01-28,Rennes,Nantes,1.0,1.0,D,7.0,10.0,1.0,3.0,10.0,15.0,3.0,2.0,3.0,1.0,0.0,0.0,2.2,3.1,3.6,2.18,3.15,4.03,2.23,3.25,4.03,2.16,3.11,3.71,50.0,2016/2017
F1,2017-01-28,Nancy,Bordeaux,0.0,2.0,A,11.0,9.0,1.0,3.0,11.0,9.0,6.0,8.0,0.0,2.0,0.0,0.0,2.63,3.0,3.0,2.73,3.07,3.0,2.77,3.15,3.07,2.63,3.03,2.91,49.0,2016/2017
F1,2017-01-28,Bastia,Caen,1.0,1.0,D,11.0,18.0,3.0,5.0,11.0,14.0,4.0,9.0,2.0,2.0,0.0,0.0,2.25,3.1,3.5,2.36,3.13,3.56,2.37,3.2,3.56,2.28,3.1,3.43,49.0,2016/2017
F1,2017-01-29,Nice,Guingamp,3.0,1.0,H,9.0,13.0,4.0,4.0,14.0,21.0,3.0,7.0,3.0,3.0,0.0,0.0,1.95,3.4,4.2,2.02,3.5,4.08,2.03,3.6,5.0,1.95,3.44,4.01,48.0,2016/2017
F1,2017-01-29,Paris Saint-Germain,Monaco,1.0,1.0,D,11.0,14.0,4.0,7.0,13.0,11.0,4.0,13.0,0.0,1.0,0.0,0.0,1.67,4.0,5.0,1.65,4.23,5.49,1.71,4.23,5.5,1.65,3.96,5.11,48.0,2016/2017
F1,2017-01-29,Toulouse,Saint-Etienne,0.0,3.0,A,13.0,20.0,3.0,6.0,17.0,21.0,3.0,3.0,2.0,4.0,1.0,0.0,2.3,3.0,3.6,2.33,3.08,3.68,2.44,3.17,3.7,2.3,3.03,3.46,48.0,2016/2017
F1,2017-02-03,Metz,Marseille,1.0,0.0,H,9.0,11.0,3.0,2.0,12.0,15.0,0.0,7.0,1.0,3.0,0.0,0.0,4.33,3.6,1.85,4.29,3.72,1.93,4.41,3.75,2.0,4.12,3.61,1.89,48.0,2016/2017
F1,2017-02-04,Guingamp,Caen,0.0,1.0,A,13.0,10.0,4.0,2.0,11.0,13.0,9.0,1.0,1.0,2.0,0.0,0.0,1.95,3.5,4.0,1.97,3.58,4.19,2.0,3.58,4.38,1.95,3.44,4.02,49.0,2016/2017
F1,2017-02-04,Dijon,Paris Saint-Germain,1.0,3.0,A,7.0,21.0,1.0,8.0,12.0,5.0,2.0,9.0,1.0,2.0,0.0,0.0,11.0,5.5,1.3,10.46,5.45,1.34,11.0,5.65,1.4,9.61,5.22,1.32,48.0,2016/2017
F1,2017-02-04,Bordeaux,Rennes,1.0,1.0,D,9.0,17.0,2.0,5.0,11.0,8.0,1.0,7.0,1.0,1.0,0.0,0.0,1.91,3.4,4.33,2.0,3.28,4.57,2.03,3.4,4.57,1.96,3.25,4.26,48.0,2016/2017
F1,2017-02-04,Lille,Lorient,0.0,1.0,A,15.0,12.0,3.0,5.0,16.0,17.0,5.0,3.0,1.0,1.0,0.0,0.0,1.73,3.8,4.75,1.82,3.71,4.84,1.86,3.8,5.35,1.76,3.63,4.79,48.0,2016/2017
F1,2017-02-04,Montpellier,Bastia,2.0,1.0,H,13.0,15.0,5.0,2.0,10.0,17.0,2.0,4.0,3.0,1.0,0.0,1.0,1.8,3.6,4.5,1.85,3.71,4.67,1.93,3.72,4.76,1.84,3.5,4.48,48.0,2016/2017
F1,2017-02-04,Monaco,Nice,3.0,0.0,H,14.0,11.0,7.0,1.0,21.0,11.0,4.0,4.0,1.0,1.0,0.0,0.0,1.53,4.0,6.5,1.58,4.41,6.06,1.65,4.5,6.5,1.56,4.16,5.9,48.0,2016/2017
F1,2017-02-05,Nantes,Nancy,0.0,2.0,A,14.0,8.0,3.0,3.0,14.0,12.0,9.0,5.0,2.0,1.0,1.0,1.0,2.05,3.1,4.2,2.08,3.1,4.52,2.13,3.2,4.52,2.05,3.06,4.15,48.0,2016/2017
F1,2017-02-05,Saint-Etienne,Lyon,2.0,0.0,H,13.0,12.0,6.0,4.0,17.0,19.0,8.0,3.0,2.0,2.0,1.0,2.0,3.6,3.4,2.1,3.76,3.53,2.1,3.76,3.53,2.3,3.54,3.37,2.1,48.0,2016/2017
F1,2017-02-05,Toulouse,Angers,4.0,0.0,H,15.0,12.0,8.0,3.0,16.0,12.0,4.0,5.0,2.0,4.0,0.0,0.0,2.1,3.2,3.8,2.21,3.11,3.98,2.24,3.2,4.2,2.15,3.07,3.78,48.0,2016/2017
F1,2017-02-07,Caen,Bordeaux,0.0,4.0,A,4.0,13.0,1.0,4.0,18.0,8.0,3.0,2.0,1.0,1.0,0.0,0.0,2.5,3.2,3.0,2.6,3.29,2.98,2.63,3.3,3.0,2.54,3.21,2.88,47.0,2016/2017
F1,2017-02-07,Montpellier,Monaco,1.0,2.0,A,11.0,11.0,2.0,5.0,15.0,13.0,6.0,3.0,1.0,1.0,0.0,1.0,4.6,3.8,1.75,4.83,3.98,1.76,4.83,4.0,1.82,4.49,3.83,1.76,46.0,2016/2017
F1,2017-02-07,Paris Saint-Germain,Lille,2.0,1.0,H,20.0,4.0,7.0,3.0,9.0,11.0,9.0,1.0,1.0,3.0,0.0,0.0,1.2,6.5,15.0,1.22,6.78,17.26,1.25,6.78,17.26,1.22,6.29,13.95,44.0,2016/2017
F1,2017-02-08,Lorient,Toulouse,1.0,1.0,D,10.0,12.0,5.0,4.0,7.0,9.0,9.0,4.0,2.0,2.0,0.0,0.0,2.3,3.2,3.3,2.35,3.32,3.35,2.46,3.32,3.47,2.3,3.24,3.25,47.0,2016/2017
F1,2017-02-08,Angers,Rennes,0.0,0.0,D,12.0,9.0,2.0,3.0,20.0,12.0,6.0,9.0,2.0,1.0,0.0,1.0,2.5,3.0,3.2,2.54,3.1,3.24,2.55,3.1,3.28,2.48,3.02,3.15,47.0,2016/2017
F1,2017-02-08,Lyon,Nancy,4.0,0.0,H,18.0,7.0,6.0,2.0,15.0,6.0,8.0,3.0,1.0,1.0,0.0,0.0,1.4,4.75,8.0,1.42,4.78,8.77,1.49,4.8,8.77,1.42,4.57,7.74,47.0,2016/2017
F1,2017-02-08,Marseille,Guingamp,2.0,0.0,H,20.0,6.0,5.0,1.0,18.0,6.0,4.0,4.0,2.0,1.0,0.0,0.0,1.7,3.75,5.25,1.7,3.89,5.54,1.76,3.92,5.85,1.69,3.73,5.22,47.0,2016/2017
F1,2017-02-08,Nice,Saint-Etienne,1.0,0.0,H,14.0,10.0,5.0,2.0,7.0,16.0,2.0,6.0,1.0,3.0,0.0,0.0,2.05,3.4,3.8,2.05,3.37,4.16,2.1,3.5,4.2,2.03,3.32,3.87,43.0,2016/2017
F1,2017-02-08,Metz,Dijon,2.0,1.0,H,13.0,12.0,3.0,5.0,14.0,11.0,3.0,1.0,1.0,2.0,0.0,1.0,2.5,3.2,3.0,2.51,3.34,3.05,2.6,3.35,3.13,2.45,3.23,2.99,47.0,2016/2017
F1,2017-02-10,Bordeaux,Paris Saint-Germain,0.0,3.0,A,14.0,8.0,4.0,5.0,8.0,7.0,3.0,2.0,0.0,1.0,0.0,0.0,5.5,4.0,1.62,5.81,4.11,1.65,6.0,4.2,1.68,5.51,3.97,1.62,41.0,2016/2017
F1,2017-02-11,Dijon,Caen,2.0,0.0,H,8.0,11.0,3.0,5.0,17.0,13.0,2.0,5.0,1.0,0.0,0.0,0.0,2.38,3.3,3.1,2.32,3.51,3.24,2.43,3.51,3.24,2.32,3.32,3.12,40.0,2016/2017
F1,2017-02-11,Guingamp,Lyon,2.0,1.0,H,7.0,14.0,2.0,5.0,19.0,13.0,1.0,11.0,2.0,2.0,0.0,0.0,3.7,3.6,2.0,3.81,3.73,2.02,3.9,3.73,2.07,3.7,3.54,2.0,40.0,2016/2017
F1,2017-02-11,Lille,Angers,1.0,2.0,A,16.0,14.0,3.0,5.0,14.0,14.0,4.0,3.0,1.0,2.0,1.0,0.0,1.91,3.2,4.75,1.94,3.31,4.8,1.99,3.4,5.05,1.9,3.26,4.56,41.0,2016/2017
F1,2017-02-11,Monaco,Metz,5.0,0.0,H,26.0,5.0,13.0,1.0,7.0,11.0,8.0,3.0,1.0,3.0,0.0,0.0,1.22,6.5,13.0,1.26,6.64,12.48,1.27,6.82,13.87,1.24,6.34,11.47,40.0,2016/2017
F1,2017-02-11,Nancy,Montpellier,0.0,3.0,A,14.0,10.0,3.0,5.0,11.0,13.0,5.0,2.0,3.0,2.0,0.0,0.0,2.5,3.1,3.1,2.51,3.17,3.21,2.6,3.22,3.21,2.47,3.11,3.08,40.0,2016/2017
F1,2017-02-11,Toulouse,Bastia,4.0,1.0,H,18.0,12.0,7.0,4.0,13.0,12.0,7.0,3.0,3.0,1.0,0.0,2.0,1.83,3.3,5.0,1.82,3.4,5.49,1.88,3.41,5.55,1.82,3.32,4.95,40.0,2016/2017
F1,2017-02-12,Saint-Etienne,Lorient,4.0,0.0,H,11.0,5.0,5.0,2.0,13.0,10.0,4.0,2.0,0.0,0.0,0.0,0.0,1.91,3.5,4.2,1.91,3.62,4.43,1.98,3.62,4.43,1.9,3.46,4.21,40.0,2016/2017
F1,2017-02-12,Nantes,Marseille,3.0,2.0,H,15.0,11.0,7.0,3.0,14.0,9.0,8.0,7.0,1.0,1.0,0.0,0.0,3.25,3.1,2.38,3.23,3.32,2.41,3.3,3.32,2.47,3.18,3.22,2.34,40.0,2016/2017
F1,2017-02-12,Rennes,Nice,2.0,2.0,D,14.0,6.0,6.0,3.0,14.0,14.0,6.0,0.0,1.0,2.0,0.0,0.0,2.63,3.1,2.88,2.72,3.0,3.08,2.84,3.25,3.08,2.66,3.03,2.89,41.0,2016/2017
F1,2017-02-17,Bastia,Monaco,1.0,1.0,D,9.0,16.0,3.0,4.0,14.0,10.0,3.0,8.0,2.0,0.0,0.0,0.0,7.0,4.2,1.5,6.98,4.37,1.53,7.09,4.45,1.65,6.44,4.18,1.52,43.0,2016/2017
F1,2017-02-18,Angers,Nancy,1.0,0.0,H,14.0,8.0,5.0,1.0,9.0,8.0,7.0,3.0,0.0,1.0,0.0,0.0,2.05,3.1,4.2,2.12,3.09,4.34,2.12,3.2,4.34,2.05,3.1,4.11,44.0,2016/2017
F1,2017-02-18,Caen,Lille,0.0,1.0,A,15.0,7.0,3.0,3.0,12.0,8.0,3.0,3.0,1.0,1.0,0.0,1.0,2.5,3.0,3.2,2.65,3.17,3.01,2.65,3.21,3.2,2.54,3.09,2.98,44.0,2016/2017
F1,2017-02-18,Lorient,Nice,0.0,1.0,A,16.0,5.0,5.0,4.0,14.0,15.0,5.0,1.0,3.0,2.0,0.0,1.0,2.9,3.25,2.5,2.9,3.36,2.61,2.91,3.4,2.63,2.82,3.25,2.54,44.0,2016/2017
F1,2017-02-18,Marseille,Rennes,2.0,0.0,H,11.0,8.0,5.0,1.0,11.0,1.0,3.0,5.0,1.0,0.0,0.0,0.0,1.67,3.75,5.5,1.71,3.89,5.42,1.76,3.89,5.5,1.7,3.7,5.09,43.0,2016/2017
F1,2017-02-18,Metz,Nantes,1.0,1.0,D,10.0,9.0,1.0,4.0,9.0,20.0,4.0,8.0,1.0,4.0,0.0,0.0,3.25,3.0,2.45,3.08,3.09,2.66,3.25,3.15,2.8,2.99,3.04,2.57,44.0,2016/2017
F1,2017-02-19,Bordeaux,Guingamp,3.0,0.0,H,21.0,14.0,7.0,4.0,14.0,17.0,5.0,6.0,2.0,2.0,0.0,1.0,1.91,3.5,4.2,1.96,3.51,4.33,2.0,3.51,4.5,1.93,3.38,4.12,44.0,2016/2017
F1,2017-02-19,Lyon,Dijon,4.0,2.0,H,33.0,8.0,13.0,3.0,10.0,14.0,9.0,2.0,1.0,4.0,0.0,0.0,1.36,4.75,9.5,1.36,5.41,9.7,1.4,5.55,9.7,1.36,5.03,8.36,44.0,2016/2017
F1,2017-02-19,Montpellier,Saint-Etienne,2.0,1.0,H,17.0,7.0,4.0,4.0,6.0,13.0,4.0,5.0,1.0,0.0,0.0,1.0,2.25,3.2,3.4,2.29,3.28,3.52,2.4,3.31,3.52,2.29,3.18,3.3,43.0,2016/2017
F1,2017-02-19,Paris Saint-Germain,Toulouse,0.0,0.0,D,14.0,3.0,3.0,1.0,11.0,16.0,7.0,2.0,1.0,3.0,0.0,0.0,1.2,6.5,15.0,1.21,7.02,18.16,1.25,7.02,18.16,1.21,6.37,14.36,44.0,2016/2017
F1,2017-02-21,Caen,Nancy,1.0,0.0,H,15.0,6.0,6.0,2.0,16.0,13.0,5.0,6.0,3.0,2.0,0.0,1.0,2.15,3.2,3.75,2.18,3.21,3.93,2.22,3.25,3.93,2.16,3.18,3.68,47.0,2016/2017
F1,2017-02-24,Nantes,Dijon,3.0,1.0,H,20.0,9.0,6.0,3.0,19.0,13.0,3.0,1.0,3.0,2.0,0.0,1.0,1.73,3.6,5.25,1.76,3.79,5.36,1.85,3.79,5.5,1.74,3.6,5.07,47.0,2016/2017
F1,2017-02-24,Nice,Montpellier,2.0,1.0,H,12.0,11.0,4.0,1.0,10.0,10.0,1.0,3.0,2.0,0.0,0.0,0.0,2.05,3.3,3.8,2.05,3.46,4.11,2.08,3.46,4.26,2.02,3.35,3.9,49.0,2016/2017
F1,2017-02-25,Angers,Bastia,3.0,0.0,H,24.0,12.0,15.0,3.0,12.0,6.0,5.0,7.0,2.0,0.0,0.0,1.0,1.85,3.2,5.0,1.81,3.47,5.14,1.88,3.49,5.25,1.82,3.3,4.99,49.0,2016/2017
F1,2017-02-25,Guingamp,Monaco,1.0,2.0,A,5.0,14.0,2.0,5.0,16.0,14.0,4.0,4.0,3.0,2.0,0.0,0.0,5.0,3.75,1.73,4.86,3.85,1.79,5.0,3.97,1.8,4.67,3.74,1.75,48.0,2016/2017
F1,2017-02-25,Lille,Bordeaux,2.0,3.0,A,7.0,14.0,2.0,9.0,14.0,12.0,3.0,3.0,4.0,2.0,2.0,0.0,2.4,3.1,3.25,2.5,3.15,3.26,2.55,3.2,3.28,2.44,3.09,3.14,48.0,2016/2017
F1,2017-02-25,Nancy,Toulouse,0.0,0.0,D,9.0,10.0,2.0,4.0,12.0,20.0,5.0,6.0,2.0,3.0,0.0,0.0,2.7,3.0,2.88,2.89,2.92,2.97,2.89,3.1,2.97,2.75,2.94,2.88,48.0,2016/2017
F1,2017-02-25,Rennes,Lorient,1.0,0.0,H,14.0,6.0,9.0,2.0,10.0,19.0,2.0,3.0,0.0,3.0,0.0,0.0,2.05,3.4,3.75,2.17,3.35,3.76,2.2,3.5,4.2,2.06,3.34,3.74,49.0,2016/2017
F1,2017-02-26,Lyon,Metz,5.0,0.0,H,27.0,9.0,7.0,2.0,10.0,7.0,10.0,1.0,1.0,3.0,0.0,0.0,1.22,7.0,12.0,1.24,7.0,13.35,1.3,7.0,13.5,1.22,6.47,11.97,48.0,2016/2017
F1,2017-02-26,Marseille,Paris Saint-Germain,1.0,5.0,A,9.0,17.0,0.0,11.0,9.0,6.0,4.0,7.0,1.0,1.0,0.0,0.0,5.5,3.75,1.67,5.49,3.98,1.69,5.7,4.06,1.72,5.14,3.82,1.68,48.0,2016/2017
F1,2017-02-26,Saint-Etienne,Caen,0.0,1.0,A,11.0,10.0,1.0,3.0,10.0,12.0,5.0,2.0,0.0,2.0,0.0,0.0,1.75,3.4,5.25,1.78,3.65,5.26,1.82,3.65,5.6,1.76,3.53,4.93,48.0,2016/2017
F1,2017-03-01,Bastia,Nantes,2.0,2.0,D,6.0,13.0,2.0,3.0,7.0,9.0,3.0,7.0,3.0,1.0,1.0,0.0,3.3,2.9,2.5,3.17,3.05,2.62,3.3,3.05,2.65,3.15,2.94,2.52,47.0,2016/2017
F1,2017-03-03,Bordeaux,Lyon,1.0,1.0,D,16.0,13.0,4.0,2.0,21.0,17.0,5.0,4.0,5.0,4.0,0.0,0.0,3.2,3.4,2.25,3.35,3.65,2.21,3.35,3.77,2.3,3.2,3.52,2.2,48.0,2016/2017
F1,2017-03-04,Dijon,Nice,0.0,1.0,A,13.0,11.0,2.0,5.0,13.0,7.0,6.0,4.0,2.0,1.0,0.0,0.0,3.25,3.4,2.2,3.35,3.38,2.32,3.38,3.4,2.38,3.25,3.25,2.29,47.0,2016/2017
F1,2017-03-04,Bastia,Saint-Etienne,0.0,0.0,D,5.0,11.0,1.0,2.0,8.0,15.0,4.0,4.0,1.0,1.0,1.0,1.0,3.3,3.1,2.38,3.43,3.12,2.42,3.47,3.15,2.5,3.28,3.03,2.39,47.0,2016/2017
F1,2017-03-04,Caen,Angers,2.0,3.0,A,16.0,9.0,3.0,4.0,11.0,9.0,4.0,3.0,1.0,2.0,0.0,0.0,2.38,3.1,3.3,2.38,3.14,3.5,2.42,3.17,3.5,2.35,3.09,3.3,47.0,2016/2017
F1,2017-03-04,Montpellier,Guingamp,1.0,1.0,D,11.0,6.0,2.0,3.0,9.0,9.0,9.0,7.0,1.0,0.0,0.0,0.0,2.0,3.5,3.8,2.01,3.54,4.08,2.08,3.6,4.08,2.0,3.43,3.8,47.0,2016/2017
F1,2017-03-04,Paris Saint-Germain,Nancy,1.0,0.0,H,23.0,10.0,7.0,3.0,13.0,18.0,13.0,2.0,2.0,3.0,0.0,0.0,1.14,8.0,21.0,1.15,8.82,23.03,1.16,9.71,26.74,1.14,8.23,19.79,48.0,2016/2017
F1,2017-03-04,Metz,Rennes,1.0,1.0,D,10.0,17.0,4.0,8.0,11.0,17.0,3.0,4.0,3.0,3.0,0.0,0.0,3.2,3.0,2.5,3.09,3.19,2.58,3.2,3.2,2.65,3.0,3.1,2.52,47.0,2016/2017
F1,2017-03-05,Lorient,Marseille,1.0,4.0,A,11.0,15.0,4.0,7.0,12.0,13.0,5.0,8.0,2.0,1.0,0.0,0.0,3.1,3.4,2.25,3.28,3.46,2.32,3.28,3.5,2.45,3.08,3.36,2.33,46.0,2016/2017
F1,2017-03-05,Monaco,Nantes,4.0,0.0,H,13.0,10.0,7.0,3.0,10.0,16.0,5.0,7.0,2.0,2.0,0.0,0.0,1.4,5.0,7.5,1.4,4.91,9.26,1.43,5.05,9.5,1.39,4.71,8.24,46.0,2016/2017
F1,2017-03-05,Toulouse,Lille,1.0,1.0,D,10.0,14.0,5.0,5.0,16.0,21.0,3.0,3.0,2.0,2.0,0.0,0.0,2.05,3.3,4.0,2.14,3.16,4.16,2.2,3.3,4.16,2.13,3.11,3.82,45.0,2016/2017
F1,2017-03-10,Marseille,Angers,3.0,0.0,H,11.0,14.0,4.0,7.0,11.0,10.0,2.0,4.0,1.0,0.0,0.0,0.0,1.67,3.75,5.5,1.71,3.9,5.6,1.75,3.92,5.75,1.69,3.7,5.22,45.0,2016/2017
F1,2017-03-10,Nice,Caen,2.0,2.0,D,14.0,6.0,4.0,2.0,13.0,12.0,6.0,0.0,2.0,1.0,0.0,0.0,1.67,3.6,5.75,1.7,3.85,5.82,1.75,3.85,5.85,1.68,3.68,5.4,45.0,2016/2017
F1,2017-03-11,Guingamp,Bastia,5.0,0.0,H,21.0,2.0,8.0,1.0,10.0,13.0,5.0,8.0,0.0,2.0,0.0,1.0,1.73,3.6,5.25,1.76,3.58,5.67,1.8,3.67,5.67,1.74,3.5,5.17,45.0,2016/2017
F1,2017-03-11,Nancy,Lille,1.0,2.0,A,16.0,10.0,3.0,6.0,11.0,13.0,5.0,4.0,4.0,2.0,0.0,0.0,2.6,3.1,2.9,2.74,2.97,3.1,2.8,3.1,3.1,2.64,2.94,2.98,44.0,2016/2017
F1,2017-03-11,Monaco,Bordeaux,2.0,1.0,H,11.0,9.0,6.0,2.0,9.0,11.0,10.0,3.0,1.0,3.0,0.0,0.0,1.45,4.5,7.5,1.48,4.78,7.11,1.51,4.78,7.69,1.47,4.44,6.77,44.0,2016/2017
F1,2017-03-11,Montpellier,Nantes,2.0,3.0,A,14.0,14.0,8.0,7.0,6.0,17.0,3.0,5.0,0.0,3.0,0.0,0.0,2.1,3.25,3.8,2.13,3.31,3.96,2.2,3.4,3.96,2.1,3.25,3.7,44.0,2016/2017
F1,2017-03-11,Rennes,Dijon,1.0,1.0,D,14.0,11.0,4.0,8.0,10.0,11.0,1.0,4.0,2.0,1.0,0.0,0.0,1.8,3.5,4.75,1.77,3.66,5.38,1.85,3.66,5.38,1.77,3.51,4.93,44.0,2016/2017
F1,2017-03-12,Lorient,Paris Saint-Germain,1.0,2.0,A,6.0,12.0,2.0,6.0,9.0,7.0,3.0,9.0,2.0,1.0,0.0,0.0,9.5,5.25,1.33,10.25,5.92,1.32,10.25,5.92,1.36,9.27,5.32,1.32,45.0,2016/2017
F1,2017-03-12,Lyon,Toulouse,4.0,0.0,H,12.0,10.0,7.0,4.0,10.0,12.0,4.0,3.0,1.0,2.0,0.0,0.0,1.44,4.5,7.5,1.48,4.79,7.04,1.51,4.8,7.5,1.46,4.53,6.66,44.0,2016/2017
F1,2017-03-12,Saint-Etienne,Metz,2.0,2.0,D,14.0,12.0,7.0,6.0,14.0,20.0,4.0,3.0,0.0,1.0,0.0,0.0,1.62,3.8,6.0,1.63,3.88,6.59,1.67,3.93,6.59,1.61,3.75,6.05,44.0,2016/2017
F1,2017-03-17,Lille,Marseille,0.0,0.0,D,9.0,7.0,2.0,4.0,18.0,7.0,7.0,8.0,1.0,4.0,0.0,0.0,3.1,3.2,2.38,3.18,3.18,2.55,3.18,3.32,2.6,2.98,3.18,2.49,47.0,2016/2017
F1,2017-03-17,Metz,Bastia,1.0,0.0,H,9.0,6.0,2.0,0.0,12.0,12.0,4.0,4.0,2.0,2.0,0.0,0.0,1.8,3.4,4.75,1.83,3.68,4.97,2.15,3.7,5.0,1.85,3.49,4.51,47.0,2016/2017
F1,2017-03-18,Angers,Guingamp,3.0,0.0,H,15.0,10.0,5.0,1.0,11.0,6.0,8.0,3.0,2.0,1.0,0.0,0.0,2.2,3.1,3.6,2.25,3.21,3.71,2.35,3.28,3.75,2.24,3.14,3.48,46.0,2016/2017
F1,2017-03-18,Toulouse,Rennes,0.0,0.0,D,6.0,17.0,0.0,3.0,14.0,14.0,5.0,9.0,1.0,2.0,1.0,0.0,2.2,3.0,3.75,2.25,3.22,3.71,2.26,3.25,3.87,2.17,3.16,3.65,46.0,2016/2017
F1,2017-03-18,Bordeaux,Montpellier,5.0,1.0,H,13.0,13.0,7.0,4.0,7.0,9.0,5.0,8.0,0.0,0.0,0.0,1.0,2.0,3.5,3.8,2.04,3.54,3.95,2.07,3.6,4.45,1.99,3.44,3.82,46.0,2016/2017
F1,2017-03-18,Nantes,Nice,1.0,1.0,D,18.0,5.0,5.0,2.0,7.0,12.0,5.0,4.0,3.0,1.0,0.0,0.0,2.4,3.1,3.25,2.55,3.07,3.25,2.75,3.25,3.25,2.47,3.07,3.1,47.0,2016/2017
F1,2017-03-18,Nancy,Lorient,2.0,3.0,A,14.0,7.0,7.0,5.0,16.0,7.0,8.0,3.0,1.0,2.0,0.0,0.0,2.15,3.3,3.6,2.16,3.4,3.74,2.24,3.4,4.2,2.11,3.31,3.6,46.0,2016/2017
F1,2017-03-19,Caen,Monaco,0.0,3.0,A,5.0,16.0,1.0,7.0,8.0,14.0,2.0,7.0,1.0,0.0,0.0,0.0,5.25,3.8,1.67,5.3,4.08,1.69,6.0,4.1,1.71,5.18,3.9,1.65,47.0,2016/2017
F1,2017-03-19,Dijon,Saint-Etienne,0.0,1.0,A,17.0,16.0,0.0,4.0,13.0,9.0,3.0,6.0,2.0,1.0,0.0,0.0,3.0,3.1,2.55,3.04,3.19,2.62,3.1,3.25,2.85,2.92,3.11,2.57,46.0,2016/2017
F1,2017-03-19,Paris Saint-Germain,Lyon,2.0,1.0,H,12.0,11.0,4.0,2.0,11.0,8.0,8.0,10.0,2.0,1.0,0.0,0.0,1.44,4.75,6.75,1.46,5.07,6.93,1.51,5.07,7.75,1.47,4.65,6.38,46.0,2016/2017
F1,2017-03-31,Guingamp,Nancy,1.0,0.0,H,17.0,4.0,3.0,1.0,14.0,9.0,12.0,1.0,1.0,2.0,0.0,1.0,1.8,3.6,4.75,1.81,3.54,5.44,1.9,3.62,5.44,1.79,3.46,4.84,47.0,2016/2017
F1,2017-04-01,Bastia,Lille,0.0,1.0,A,14.0,9.0,2.0,3.0,9.0,15.0,5.0,0.0,1.0,1.0,0.0,0.0,3.4,3.0,2.38,3.49,3.16,2.37,3.6,3.16,2.4,3.38,3.05,2.33,46.0,2016/2017
F1,2017-04-01,Marseille,Dijon,1.0,1.0,D,19.0,8.0,5.0,5.0,9.0,17.0,4.0,3.0,2.0,4.0,0.0,0.0,1.4,4.75,8.0,1.43,4.99,7.89,1.45,4.99,8.0,1.42,4.7,7.26,46.0,2016/2017
F1,2017-04-02,Nantes,Angers,2.0,1.0,H,13.0,18.0,3.0,3.0,9.0,9.0,4.0,3.0,1.0,1.0,0.0,1.0,2.15,3.3,3.6,2.18,3.23,3.88,2.23,3.3,4.0,2.16,3.18,3.65,46.0,2016/2017
F1,2017-04-02,Nice,Bordeaux,2.0,1.0,H,10.0,18.0,4.0,4.0,15.0,14.0,3.0,6.0,2.0,1.0,0.0,0.0,2.25,3.3,3.3,2.32,3.4,3.32,2.33,3.4,3.45,2.26,3.27,3.26,46.0,2016/2017
F1,2017-04-02,Lorient,Caen,1.0,0.0,H,13.0,16.0,2.0,3.0,8.0,9.0,8.0,3.0,1.0,1.0,1.0,1.0,2.2,3.4,3.3,2.26,3.53,3.34,2.31,3.53,3.4,2.24,3.35,3.24,46.0,2016/2017
F1,2017-04-02,Montpellier,Toulouse,0.0,1.0,A,18.0,9.0,2.0,4.0,9.0,9.0,5.0,8.0,2.0,2.0,0.0,0.0,2.1,3.4,3.6,2.09,3.43,3.93,2.16,3.5,3.93,2.07,3.36,3.64,46.0,2016/2017
F1,2017-04-02,Rennes,Lyon,1.0,1.0,D,7.0,20.0,2.0,6.0,8.0,17.0,4.0,8.0,1.0,1.0,1.0,0.0,4.2,3.75,1.85,4.42,3.73,1.88,4.42,3.85,1.91,4.12,3.67,1.85,46.0,2016/2017
F1,2017-04-05,Metz,Lyon,0.0,3.0,A,15.0,18.0,3.0,6.0,11.0,15.0,7.0,6.0,3.0,1.0,0.0,0.0,6.0,4.0,1.57,,,,6.25,4.3,1.65,5.45,3.98,1.6,35.0,2016/2017
F1,2017-04-07,Lille,Nice,1.0,2.0,A,11.0,12.0,3.0,7.0,22.0,13.0,5.0,3.0,1.0,1.0,0.0,0.0,2.63,3.0,3.0,2.71,3.11,3.03,2.74,3.3,3.1,2.61,3.06,2.93,47.0,2016/2017
F1,2017-04-08,Angers,Monaco,0.0,1.0,A,16.0,11.0,4.0,6.0,13.0,15.0,4.0,6.0,2.0,1.0,0.0,0.0,4.8,3.8,1.73,5.11,4.06,1.71,5.25,4.2,1.78,4.86,3.8,1.71,46.0,2016/2017
F1,2017-04-08,Bordeaux,Metz,3.0,0.0,H,17.0,9.0,6.0,5.0,8.0,14.0,4.0,2.0,2.0,2.0,0.0,1.0,1.45,4.2,8.0,1.46,4.67,7.99,1.51,4.7,8.5,1.46,4.31,7.22,46.0,2016/2017
F1,2017-04-08,Caen,Montpellier,0.0,2.0,A,14.0,15.0,4.0,6.0,15.0,12.0,2.0,5.0,4.0,3.0,0.0,0.0,2.38,3.25,3.1,2.44,3.41,3.11,2.55,3.41,3.22,2.39,3.26,3.04,46.0,2016/2017
F1,2017-04-08,Dijon,Bastia,1.0,2.0,A,14.0,13.0,6.0,7.0,14.0,11.0,8.0,2.0,2.0,0.0,0.0,0.0,1.95,3.3,4.2,1.95,3.49,4.43,2.0,3.6,4.43,1.92,3.42,4.14,47.0,2016/2017
F1,2017-04-08,Lyon,Lorient,1.0,4.0,A,16.0,14.0,5.0,6.0,13.0,10.0,5.0,4.0,3.0,1.0,0.0,0.0,1.29,6.0,9.5,1.28,6.7,10.52,1.33,6.7,11.0,1.29,5.89,9.24,46.0,2016/2017
F1,2017-04-08,Nancy,Rennes,3.0,0.0,H,14.0,9.0,5.0,5.0,12.0,18.0,4.0,4.0,2.0,1.0,0.0,0.0,2.8,3.0,2.8,2.86,3.07,2.86,2.86,3.15,2.95,2.76,2.98,2.81,46.0,2016/2017
F1,2017-04-09,Paris Saint-Germain,Guingamp,4.0,0.0,H,17.0,12.0,7.0,4.0,12.0,12.0,7.0,4.0,1.0,2.0,0.0,0.0,1.14,8.0,19.0,1.17,9.0,17.0,1.18,9.0,22.78,1.15,8.03,16.35,46.0,2016/2017
F1,2017-04-09,Saint-Etienne,Nantes,1.0,1.0,D,11.0,10.0,4.0,3.0,12.0,11.0,8.0,2.0,3.0,2.0,0.0,0.0,2.05,3.2,4.0,2.07,3.27,4.24,2.12,3.3,4.24,2.05,3.2,3.94,46.0,2016/2017
F1,2017-04-09,Toulouse,Marseille,0.0,0.0,D,11.0,15.0,4.0,3.0,16.0,12.0,7.0,7.0,2.0,2.0,0.0,0.0,3.0,3.2,2.5,2.93,3.4,2.57,3.0,3.4,2.6,2.88,3.25,2.5,45.0,2016/2017
F1,2017-04-14,Angers,Paris Saint-Germain,0.0,2.0,A,17.0,10.0,4.0,2.0,13.0,12.0,5.0,1.0,2.0,1.0,0.0,0.0,11.0,5.5,1.3,11.09,5.64,1.32,12.5,5.8,1.33,10.68,5.42,1.29,45.0,2016/2017
F1,2017-04-15,Monaco,Dijon,2.0,1.0,H,20.0,8.0,7.0,4.0,11.0,14.0,15.0,4.0,1.0,3.0,0.0,0.0,1.22,6.5,11.0,1.27,6.85,11.09,1.29,7.08,12.0,1.24,6.31,10.79,44.0,2016/2017
F1,2017-04-15,Metz,Caen,2.0,2.0,D,8.0,13.0,2.0,3.0,12.0,7.0,1.0,2.0,1.0,1.0,0.0,0.0,2.38,3.25,3.0,2.55,3.22,3.1,2.55,3.3,3.3,2.43,3.19,2.98,44.0,2016/2017
F1,2017-04-15,Guingamp,Toulouse,2.0,1.0,H,20.0,9.0,8.0,2.0,11.0,19.0,11.0,2.0,3.0,2.0,0.0,0.0,2.1,3.3,3.5,2.18,3.37,3.63,2.2,3.4,3.8,2.13,3.26,3.54,45.0,2016/2017
F1,2017-04-15,Rennes,Lille,2.0,0.0,H,10.0,22.0,3.0,5.0,11.0,10.0,1.0,10.0,1.0,2.0,0.0,0.0,2.3,3.1,3.25,2.41,3.08,3.51,2.5,3.2,3.55,2.32,3.04,3.36,45.0,2016/2017
F1,2017-04-15,Nice,Nancy,3.0,1.0,H,14.0,8.0,4.0,3.0,8.0,16.0,1.0,7.0,1.0,2.0,0.0,0.0,1.65,3.6,5.5,1.68,3.74,6.19,1.73,3.8,6.3,1.66,3.59,5.62,45.0,2016/2017
F1,2017-04-15,Montpellier,Lorient,2.0,0.0,H,10.0,11.0,5.0,3.0,5.0,7.0,3.0,8.0,1.0,2.0,0.0,0.0,1.91,3.5,4.0,1.92,3.73,4.25,2.2,3.8,4.25,1.91,3.59,3.9,45.0,2016/2017
F1,2017-04-16,Bastia,Lyon,0.0,3.0,A,,,,,,,,,,,,,5.5,4.0,1.57,6.03,4.4,1.58,6.03,4.4,1.63,5.64,4.03,1.59,44.0,2016/2017
F1,2017-04-16,Marseille,Saint-Etienne,4.0,0.0,H,12.0,7.0,7.0,3.0,14.0,16.0,3.0,3.0,1.0,2.0,0.0,0.0,1.8,3.5,4.5,1.85,3.64,4.77,1.89,3.7,4.8,1.83,3.5,4.46,44.0,2016/2017
F1,2017-04-16,Nantes,Bordeaux,0.0,1.0,A,10.0,12.0,0.0,5.0,15.0,13.0,6.0,3.0,1.0,3.0,0.0,0.0,2.5,3.2,2.88,2.56,3.34,2.98,2.65,3.34,3.0,2.53,3.2,2.87,44.0,2016/2017
F1,2017-04-18,Metz,Paris Saint-Germain,2.0,3.0,A,6.0,18.0,2.0,6.0,13.0,11.0,1.0,8.0,1.0,1.0,0.0,0.0,17.0,7.5,1.17,18.47,8.09,1.18,18.47,8.09,1.2,15.14,7.34,1.18,45.0,2016/2017
F1,2017-04-21,Nancy,Marseille,0.0,0.0,D,9.0,18.0,2.0,3.0,9.0,10.0,3.0,7.0,0.0,2.0,0.0,0.0,3.75,3.4,2.05,3.83,3.62,2.07,3.9,3.62,2.1,3.71,3.44,2.03,46.0,2016/2017
F1,2017-04-22,Bordeaux,Bastia,2.0,0.0,H,14.0,13.0,6.0,1.0,12.0,16.0,5.0,7.0,2.0,2.0,0.0,1.0,1.36,5.25,8.0,1.39,4.83,10.02,1.42,5.25,10.02,1.37,4.66,8.98,45.0,2016/2017
F1,2017-04-22,Caen,Nantes,0.0,2.0,A,13.0,16.0,2.0,8.0,11.0,10.0,8.0,2.0,1.0,1.0,0.0,0.0,2.5,3.25,2.9,2.57,3.19,3.11,2.57,3.25,3.2,2.47,3.13,3.01,45.0,2016/2017
F1,2017-04-22,Dijon,Angers,3.0,2.0,H,15.0,9.0,6.0,5.0,11.0,13.0,4.0,5.0,2.0,2.0,0.0,0.0,2.2,3.3,3.4,2.23,3.3,3.66,2.26,3.4,3.66,2.2,3.23,3.44,45.0,2016/2017
F1,2017-04-22,Lille,Guingamp,3.0,0.0,H,25.0,10.0,9.0,7.0,14.0,11.0,4.0,8.0,0.0,2.0,0.0,0.0,1.95,3.5,4.0,1.93,3.54,4.42,2.0,3.55,4.42,1.94,3.37,4.12,45.0,2016/2017
F1,2017-04-22,Lorient,Metz,5.0,1.0,H,19.0,7.0,9.0,3.0,12.0,10.0,8.0,4.0,1.0,1.0,0.0,0.0,1.73,4.0,4.5,1.75,3.95,4.95,1.8,4.02,4.95,1.74,3.81,4.55,45.0,2016/2017
F1,2017-04-22,Paris Saint-Germain,Montpellier,2.0,0.0,H,19.0,15.0,9.0,4.0,10.0,5.0,6.0,6.0,1.0,0.0,0.0,0.0,1.17,8.0,15.0,1.18,8.64,15.29,1.2,8.64,17.62,1.17,7.9,14.3,45.0,2016/2017
F1,2017-04-23,Lyon,Monaco,1.0,2.0,A,8.0,14.0,3.0,6.0,14.0,12.0,7.0,6.0,2.0,1.0,0.0,0.0,2.6,3.6,2.6,2.69,3.67,2.62,2.8,3.8,2.65,2.64,3.49,2.57,45.0,2016/2017
F1,2017-04-23,Saint-Etienne,Rennes,1.0,1.0,D,7.0,7.0,2.0,2.0,11.0,14.0,6.0,4.0,1.0,3.0,0.0,0.0,2.1,3.1,4.0,2.11,3.24,4.12,2.14,3.3,4.2,2.06,3.17,3.91,45.0,2016/2017
F1,2017-04-23,Toulouse,Nice,1.0,1.0,D,4.0,14.0,3.0,3.0,20.0,11.0,6.0,5.0,3.0,5.0,0.0,0.0,2.6,3.2,2.88,2.67,3.17,2.99,2.77,3.28,2.99,2.63,3.12,2.83,45.0,2016/2017
F1,2017-04-28,Angers,Lyon,1.0,2.0,A,23.0,8.0,7.0,3.0,14.0,11.0,8.0,8.0,2.0,3.0,1.0,0.0,3.3,3.4,2.2,3.54,3.63,2.14,3.55,3.7,2.2,3.32,3.52,2.13,44.0,2016/2017
F1,2017-04-29,Bastia,Rennes,1.0,0.0,H,4.0,12.0,3.0,4.0,12.0,17.0,2.0,7.0,1.0,1.0,0.0,0.0,3.6,3.2,2.2,,,,3.6,3.35,2.5,3.36,3.11,2.27,40.0,2016/2017
F1,2017-04-29,Guingamp,Saint-Etienne,0.0,2.0,A,12.0,11.0,4.0,8.0,10.0,11.0,2.0,3.0,0.0,0.0,0.0,0.0,2.4,3.1,3.2,2.49,3.07,3.36,2.49,3.3,3.36,2.39,3.13,3.14,44.0,2016/2017
F1,2017-04-29,Metz,Nancy,2.0,1.0,H,12.0,8.0,7.0,4.0,17.0,17.0,8.0,5.0,2.0,3.0,0.0,0.0,2.63,3.1,2.9,2.68,3.17,3.0,2.7,3.3,3.05,2.57,3.13,2.88,44.0,2016/2017
F1,2017-04-29,Monaco,Toulouse,3.0,1.0,H,28.0,7.0,11.0,3.0,8.0,15.0,11.0,2.0,1.0,4.0,0.0,0.0,1.22,6.5,13.0,1.27,6.49,11.66,1.3,6.5,15.0,1.24,6.09,11.82,45.0,2016/2017
F1,2017-04-29,Montpellier,Lille,0.0,3.0,A,18.0,11.0,7.0,5.0,7.0,14.0,8.0,3.0,1.0,2.0,0.0,0.0,2.15,3.3,3.6,2.09,3.45,3.91,2.2,3.45,3.91,2.11,3.32,3.57,45.0,2016/2017
F1,2017-04-29,Nantes,Lorient,1.0,0.0,H,15.0,4.0,7.0,0.0,10.0,10.0,5.0,6.0,0.0,2.0,0.0,0.0,2.05,3.4,3.75,2.04,3.58,3.91,2.1,3.58,3.95,2.03,3.43,3.67,43.0,2016/2017
F1,2017-04-30,Nice,Paris Saint-Germain,3.0,1.0,H,6.0,16.0,3.0,5.0,11.0,15.0,2.0,8.0,2.0,3.0,0.0,2.0,6.0,4.33,1.53,6.08,4.41,1.58,6.5,4.5,1.6,5.81,4.18,1.55,44.0,2016/2017
F1,2017-04-30,Caen,Marseille,1.0,5.0,A,14.0,13.0,5.0,8.0,4.0,11.0,11.0,2.0,2.0,4.0,0.0,0.0,3.6,3.4,2.1,3.81,3.65,2.06,3.81,3.65,2.15,3.55,3.45,2.05,44.0,2016/2017
F1,2017-04-30,Dijon,Bordeaux,0.0,0.0,D,16.0,13.0,6.0,1.0,11.0,13.0,5.0,7.0,0.0,1.0,0.0,0.0,3.4,3.4,2.2,3.25,3.51,2.31,3.4,3.51,2.34,3.15,3.38,2.26,44.0,2016/2017
F1,2017-05-05,Saint-Etienne,Bordeaux,2.0,2.0,D,15.0,11.0,5.0,5.0,14.0,11.0,7.0,7.0,1.0,2.0,0.0,1.0,2.7,3.1,2.8,2.71,3.18,2.96,2.72,3.25,2.96,2.64,3.12,2.82,44.0,2016/2017
F1,2017-05-06,Guingamp,Dijon,4.0,0.0,H,14.0,20.0,8.0,5.0,13.0,12.0,9.0,15.0,0.0,0.0,0.0,0.0,2.15,3.4,3.4,2.14,3.69,3.48,2.2,3.69,3.54,2.12,3.46,3.41,43.0,2016/2017
F1,2017-05-06,Lille,Metz,0.0,2.0,A,12.0,7.0,0.0,3.0,14.0,9.0,11.0,2.0,1.0,0.0,0.0,0.0,1.67,4.0,5.0,1.69,3.96,5.49,1.7,4.12,5.6,1.66,3.87,5.08,44.0,2016/2017
F1,2017-05-06,Lorient,Angers,1.0,1.0,D,6.0,9.0,3.0,4.0,11.0,8.0,2.0,7.0,1.0,0.0,0.0,0.0,2.25,3.4,3.25,2.21,3.59,3.4,2.25,3.59,4.1,2.18,3.41,3.32,43.0,2016/2017
F1,2017-05-06,Nancy,Monaco,0.0,3.0,A,6.0,18.0,2.0,8.0,8.0,7.0,5.0,5.0,1.0,1.0,0.0,0.0,7.0,4.5,1.45,7.42,4.56,1.49,7.42,4.76,1.55,6.78,4.4,1.47,43.0,2016/2017
F1,2017-05-06,Paris Saint-Germain,Bastia,5.0,0.0,H,27.0,6.0,12.0,0.0,11.0,3.0,11.0,4.0,1.0,2.0,0.0,0.0,1.13,9.0,21.0,1.12,10.55,24.12,1.15,10.55,31.0,1.11,9.3,22.78,44.0,2016/2017
F1,2017-05-06,Toulouse,Caen,0.0,1.0,A,9.0,11.0,5.0,4.0,10.0,9.0,5.0,5.0,3.0,2.0,0.0,0.0,2.2,3.3,3.4,2.19,3.46,3.58,2.3,3.5,3.6,2.18,3.34,3.38,43.0,2016/2017
F1,2017-05-07,Lyon,Nantes,3.0,2.0,H,16.0,5.0,7.0,2.0,10.0,20.0,9.0,5.0,0.0,1.0,0.0,0.0,1.67,4.0,5.0,1.7,4.1,5.21,1.75,4.33,5.21,1.7,3.91,4.8,43.0,2016/2017
F1,2017-05-07,Marseille,Nice,2.0,1.0,H,18.0,17.0,7.0,5.0,15.0,8.0,4.0,5.0,5.0,1.0,0.0,0.0,1.95,3.5,3.75,1.96,3.74,4.01,2.0,3.8,4.1,1.93,3.62,3.84,43.0,2016/2017
F1,2017-05-07,Rennes,Montpellier,1.0,0.0,H,10.0,6.0,4.0,1.0,13.0,9.0,2.0,6.0,3.0,2.0,0.0,0.0,2.3,3.25,3.1,2.36,3.42,3.23,2.36,3.42,3.37,2.28,3.31,3.19,43.0,2016/2017
F1,2017-05-14,Dijon,Nancy,2.0,0.0,H,20.0,9.0,5.0,2.0,17.0,17.0,4.0,6.0,2.0,2.0,0.0,0.0,2.0,3.5,3.75,2.01,3.62,3.98,2.2,3.62,3.98,2.01,3.45,3.72,44.0,2016/2017
F1,2017-05-14,Bastia,Lorient,2.0,0.0,H,11.0,9.0,6.0,1.0,14.0,11.0,5.0,9.0,3.0,2.0,0.0,0.0,3.2,3.2,2.3,3.15,3.48,2.38,3.2,3.5,2.6,3.05,3.32,2.34,44.0,2016/2017
F1,2017-05-14,Metz,Toulouse,1.0,1.0,D,14.0,17.0,6.0,6.0,16.0,13.0,6.0,3.0,0.0,0.0,0.0,0.0,2.6,3.25,2.8,2.61,3.36,2.91,2.63,3.4,2.91,2.53,3.27,2.81,44.0,2016/2017
F1,2017-05-14,Caen,Rennes,0.0,1.0,A,10.0,10.0,2.0,7.0,7.0,9.0,11.0,1.0,2.0,1.0,0.0,0.0,1.8,3.6,4.6,1.85,3.66,4.74,1.9,3.71,4.75,1.83,3.53,4.45,45.0,2016/2017
F1,2017-05-14,Bordeaux,Marseille,1.0,1.0,D,11.0,14.0,5.0,3.0,18.0,14.0,3.0,4.0,1.0,2.0,0.0,0.0,2.45,3.4,2.88,2.48,3.61,2.9,2.51,3.65,3.0,2.43,3.41,2.86,45.0,2016/2017
F1,2017-05-14,Nice,Angers,0.0,2.0,A,12.0,14.0,5.0,6.0,11.0,6.0,7.0,4.0,1.0,1.0,0.0,0.0,1.73,3.6,5.25,1.76,3.96,4.94,1.78,3.96,5.25,1.73,3.74,4.82,45.0,2016/2017
F1,2017-05-14,Nantes,Guingamp,4.0,1.0,H,14.0,8.0,5.0,2.0,6.0,10.0,9.0,6.0,2.0,4.0,0.0,0.0,2.05,3.5,3.6,2.05,3.52,3.95,2.1,3.6,3.95,2.04,3.43,3.66,45.0,2016/2017
F1,2017-05-14,Saint-Etienne,Paris Saint-Germain,0.0,5.0,A,9.0,21.0,2.0,11.0,9.0,5.0,5.0,8.0,1.0,1.0,0.0,0.0,9.0,5.0,1.33,8.85,5.26,1.38,10.02,5.4,1.4,8.75,5.03,1.35,43.0,2016/2017
F1,2017-05-14,Montpellier,Lyon,1.0,3.0,A,15.0,14.0,4.0,6.0,16.0,10.0,4.0,1.0,3.0,1.0,0.0,0.0,3.1,3.6,2.25,3.19,3.43,2.38,3.2,3.7,2.4,3.06,3.4,2.31,45.0,2016/2017
F1,2017-05-14,Monaco,Lille,4.0,0.0,H,11.0,14.0,3.0,4.0,17.0,10.0,6.0,7.0,1.0,2.0,0.0,0.0,1.17,8.0,15.0,1.19,8.7,15.0,1.22,8.7,17.0,1.17,7.68,14.32,44.0,2016/2017
F1,2017-05-17,Monaco,Saint-Etienne,2.0,0.0,H,14.0,5.0,5.0,3.0,6.0,9.0,10.0,4.0,1.0,1.0,0.0,0.0,1.2,7.0,13.0,1.22,7.46,13.5,1.23,7.57,17.0,1.2,6.84,12.85,42.0,2016/2017
F1,2017-05-20,Lyon,Nice,3.0,3.0,D,15.0,14.0,4.0,7.0,14.0,11.0,8.0,2.0,0.0,1.0,0.0,0.0,1.53,4.75,5.25,1.61,4.61,5.22,1.7,4.8,5.25,1.6,4.38,4.93,44.0,2016/2017
F1,2017-05-20,Angers,Montpellier,2.0,0.0,H,18.0,12.0,5.0,5.0,6.0,10.0,6.0,4.0,0.0,2.0,0.0,0.0,2.1,3.5,3.5,2.11,3.6,3.66,2.2,3.6,3.66,2.11,3.47,3.41,44.0,2016/2017
F1,2017-05-20,Guingamp,Metz,1.0,0.0,H,21.0,8.0,6.0,0.0,14.0,15.0,7.0,3.0,0.0,2.0,0.0,0.0,1.6,4.2,5.5,1.68,4.09,5.35,1.75,4.25,5.5,1.66,3.98,5.03,44.0,2016/2017
F1,2017-05-20,Lorient,Bordeaux,1.0,1.0,D,9.0,10.0,4.0,4.0,12.0,12.0,7.0,3.0,2.0,2.0,0.0,0.0,2.5,3.5,2.75,2.49,3.79,2.79,2.55,3.82,2.8,2.46,3.56,2.71,44.0,2016/2017
F1,2017-05-20,Lille,Nantes,3.0,0.0,H,17.0,9.0,6.0,2.0,5.0,13.0,2.0,10.0,0.0,2.0,0.0,1.0,2.5,3.3,2.9,2.45,3.56,2.98,2.5,3.56,3.0,2.41,3.35,2.91,44.0,2016/2017
F1,2017-05-20,Marseille,Bastia,1.0,0.0,H,12.0,4.0,3.0,0.0,17.0,20.0,6.0,1.0,3.0,2.0,0.0,0.0,1.29,5.5,11.0,1.32,5.89,10.02,1.36,6.0,11.0,1.31,5.48,9.22,44.0,2016/2017
F1,2017-05-20,Paris Saint-Germain,Caen,1.0,1.0,D,18.0,16.0,5.0,6.0,11.0,8.0,8.0,5.0,0.0,1.0,0.0,0.0,1.18,7.5,13.0,1.2,8.01,15.44,1.35,8.01,17.0,1.19,7.44,13.16,44.0,2016/2017
F1,2017-05-20,Rennes,Monaco,2.0,3.0,A,18.0,23.0,5.0,12.0,9.0,12.0,3.0,5.0,0.0,0.0,0.0,0.0,3.5,3.6,2.05,3.53,3.8,2.09,3.6,3.8,2.3,3.43,3.63,2.06,43.0,2016/2017
F1,2017-05-20,Toulouse,Dijon,0.0,0.0,D,16.0,8.0,2.0,5.0,11.0,16.0,8.0,4.0,1.0,2.0,0.0,0.0,2.5,3.4,2.8,2.55,3.43,2.93,2.6,3.5,2.95,2.5,3.34,2.81,44.0,2016/2017
F1,2017-05-20,Nancy,Saint-Etienne,3.0,1.0,H,14.0,8.0,5.0,2.0,14.0,10.0,7.0,5.0,2.0,0.0,0.0,0.0,2.05,3.5,3.6,2.11,3.66,3.59,2.2,3.66,3.6,2.12,3.44,3.42,43.0,2016/2017
F1,2017-08-04,Monaco,Toulouse,3.0,2.0,H,17.0,6.0,7.0,3.0,12.0,23.0,8.0,2.0,1.0,3.0,0.0,0.0,1.3,5.5,10.0,1.32,5.72,11.12,1.35,6.0,11.2,1.32,5.24,9.82,41.0,2017/2018
F1,2017-08-05,Saint-Etienne,Nice,1.0,0.0,H,8.0,6.0,3.0,2.0,11.0,8.0,2.0,7.0,2.0,1.0,0.0,0.0,2.2,3.2,3.5,2.28,3.17,3.69,2.33,3.25,3.75,2.25,3.14,3.41,41.0,2017/2018
F1,2017-08-05,Troyes,Rennes,1.0,1.0,D,11.0,16.0,4.0,4.0,13.0,8.0,6.0,7.0,1.0,0.0,0.0,0.0,2.6,3.1,2.9,2.8,3.16,2.9,2.84,3.2,2.91,2.66,3.08,2.81,41.0,2017/2018
F1,2017-08-05,Lyon,Strasbourg,4.0,0.0,H,12.0,7.0,7.0,1.0,11.0,16.0,3.0,4.0,2.0,3.0,0.0,0.0,1.36,5.0,8.5,1.4,5.19,8.99,1.44,5.19,9.0,1.38,4.81,7.95,41.0,2017/2018
F1,2017-08-05,Metz,Guingamp,1.0,3.0,A,6.0,13.0,4.0,5.0,9.0,13.0,3.0,3.0,1.0,2.0,0.0,0.0,2.8,3.2,2.63,2.95,3.2,2.71,2.96,3.25,2.78,2.8,3.14,2.63,41.0,2017/2018
F1,2017-08-05,Montpellier,Caen,1.0,0.0,H,10.0,8.0,2.0,1.0,9.0,11.0,9.0,3.0,2.0,1.0,0.0,0.0,1.91,3.5,4.2,1.88,3.54,4.74,1.95,3.6,4.74,1.88,3.44,4.26,41.0,2017/2018
F1,2017-08-05,Paris Saint-Germain,Amiens,2.0,0.0,H,16.0,7.0,5.0,1.0,9.0,12.0,8.0,3.0,0.0,1.0,0.0,0.0,1.11,9.0,25.0,1.13,10.7,26.0,1.17,10.97,34.25,1.11,9.21,22.92,41.0,2017/2018
F1,2017-08-06,Lille,Nantes,3.0,0.0,H,14.0,9.0,5.0,4.0,11.0,17.0,15.0,3.0,2.0,3.0,0.0,0.0,2.0,3.2,4.1,2.09,3.29,4.2,2.3,3.3,4.2,2.1,3.16,3.79,40.0,2017/2018
F1,2017-08-06,Marseille,Dijon,3.0,0.0,H,18.0,12.0,5.0,1.0,7.0,10.0,7.0,3.0,1.0,0.0,0.0,0.0,1.4,4.75,8.0,1.4,5.19,8.88,1.45,5.19,8.88,1.39,4.69,7.94,40.0,2017/2018
F1,2017-08-06,Angers,Bordeaux,2.0,2.0,D,9.0,7.0,5.0,4.0,16.0,15.0,0.0,5.0,3.0,2.0,0.0,0.0,2.5,3.1,3.1,2.63,3.06,3.14,2.71,3.1,3.2,2.54,3.02,2.99,39.0,2017/2018
F1,2017-08-11,Nice,Troyes,1.0,2.0,A,20.0,10.0,6.0,4.0,11.0,8.0,10.0,4.0,2.0,3.0,0.0,0.0,1.53,4.0,7.0,1.53,4.5,6.95,1.6,4.5,8.0,1.52,4.17,6.47,40.0,2017/2018
F1,2017-08-11,Rennes,Lyon,1.0,2.0,A,17.0,17.0,5.0,8.0,9.0,16.0,14.0,2.0,1.0,3.0,0.0,0.0,3.6,3.5,2.0,3.69,3.68,2.09,3.8,3.68,2.1,3.64,3.49,2.02,40.0,2017/2018
F1,2017-08-12,Amiens,Angers,0.0,2.0,A,10.0,12.0,1.0,6.0,8.0,18.0,5.0,5.0,3.0,2.0,0.0,0.0,2.9,3.1,2.63,3.04,3.12,2.66,3.04,3.14,2.75,2.89,3.02,2.62,39.0,2017/2018
F1,2017-08-12,Bordeaux,Metz,2.0,0.0,H,12.0,6.0,5.0,1.0,17.0,10.0,5.0,1.0,1.0,2.0,0.0,0.0,1.44,4.2,8.5,1.46,4.6,8.15,1.5,4.6,8.5,1.45,4.36,7.21,40.0,2017/2018
F1,2017-08-12,Caen,Saint-Etienne,0.0,1.0,A,10.0,6.0,4.0,4.0,12.0,15.0,8.0,2.0,1.0,1.0,0.0,0.0,3.0,3.1,2.5,3.08,3.08,2.66,3.1,3.2,2.66,2.92,3.05,2.58,39.0,2017/2018
F1,2017-08-12,Nantes,Marseille,0.0,1.0,A,14.0,13.0,3.0,10.0,13.0,12.0,6.0,9.0,1.0,3.0,0.0,0.0,3.5,3.4,2.15,3.46,3.43,2.25,3.7,3.44,2.25,3.37,3.33,2.17,39.0,2017/2018
F1,2017-08-12,Toulouse,Montpellier,1.0,0.0,H,8.0,14.0,4.0,1.0,25.0,12.0,5.0,3.0,4.0,3.0,0.0,0.0,2.2,3.2,3.5,2.28,3.13,3.74,2.38,3.25,3.74,2.25,3.12,3.42,39.0,2017/2018
F1,2017-08-13,Dijon,Monaco,1.0,4.0,A,15.0,16.0,3.0,6.0,10.0,12.0,6.0,10.0,0.0,2.0,0.0,0.0,7.0,4.2,1.5,6.62,4.4,1.55,7.1,4.5,1.6,6.04,4.22,1.53,39.0,2017/2018
F1,2017-08-13,Guingamp,Paris Saint-Germain,0.0,3.0,A,4.0,21.0,0.0,8.0,9.0,13.0,4.0,6.0,2.0,2.0,0.0,0.0,15.0,6.0,1.22,12.75,6.0,1.28,15.0,6.5,1.3,11.53,5.7,1.26,39.0,2017/2018
F1,2017-08-13,Strasbourg,Lille,3.0,0.0,H,22.0,12.0,9.0,2.0,8.0,13.0,7.0,5.0,1.0,2.0,0.0,1.0,3.75,3.3,2.1,3.65,3.44,2.17,3.8,3.44,2.2,3.52,3.3,2.12,39.0,2017/2018
F1,2017-08-18,Metz,Monaco,0.0,1.0,A,9.0,22.0,5.0,5.0,17.0,16.0,6.0,6.0,2.0,1.0,0.0,0.0,10.0,5.0,1.3,10.3,5.93,1.33,10.3,5.93,1.35,9.06,5.4,1.32,36.0,2017/2018
F1,2017-08-19,Lyon,Bordeaux,3.0,3.0,D,8.0,16.0,5.0,6.0,20.0,16.0,0.0,8.0,2.0,2.0,1.0,0.0,1.57,4.33,5.5,1.67,4.25,5.27,1.67,4.33,5.75,1.62,4.03,5.15,36.0,2017/2018
F1,2017-08-19,Montpellier,Strasbourg,1.0,1.0,D,16.0,7.0,5.0,1.0,6.0,18.0,9.0,2.0,2.0,3.0,0.0,0.0,1.85,3.5,4.5,1.86,3.74,4.51,1.88,3.75,4.85,1.83,3.54,4.35,36.0,2017/2018
F1,2017-08-19,Nice,Guingamp,2.0,0.0,H,14.0,13.0,8.0,1.0,12.0,15.0,4.0,5.0,2.0,2.0,0.0,0.0,2.0,3.3,4.0,2.07,3.22,4.3,2.08,3.45,4.55,2.0,3.27,3.97,36.0,2017/2018
F1,2017-08-19,Rennes,Dijon,2.0,2.0,D,14.0,12.0,7.0,4.0,9.0,13.0,7.0,0.0,2.0,4.0,0.0,0.0,1.6,3.9,6.0,1.61,4.04,6.41,1.65,4.15,6.41,1.61,3.81,5.74,36.0,2017/2018
F1,2017-08-19,Saint-Etienne,Amiens,3.0,0.0,H,13.0,16.0,5.0,1.0,11.0,12.0,3.0,11.0,2.0,2.0,0.0,0.0,1.53,4.0,7.0,1.57,4.01,7.16,1.57,4.1,7.75,1.54,3.82,6.76,36.0,2017/2018
F1,2017-08-19,Troyes,Nantes,0.0,1.0,A,8.0,11.0,1.0,4.0,7.0,8.0,2.0,10.0,1.0,0.0,0.0,1.0,2.5,3.1,3.1,2.6,3.23,3.02,2.7,3.23,3.1,2.54,3.15,2.9,36.0,2017/2018
F1,2017-08-20,Lille,Caen,0.0,2.0,A,15.0,11.0,4.0,3.0,9.0,12.0,5.0,3.0,2.0,2.0,0.0,0.0,1.6,3.8,6.0,1.66,4.0,5.79,1.7,4.0,6.0,1.65,3.79,5.34,36.0,2017/2018
F1,2017-08-20,Marseille,Angers,1.0,1.0,D,12.0,11.0,2.0,4.0,20.0,7.0,11.0,2.0,3.0,2.0,1.0,0.0,1.6,3.9,5.75,1.62,4.07,6.21,1.67,4.07,6.3,1.61,3.85,5.57,35.0,2017/2018
F1,2017-08-20,Paris Saint-Germain,Toulouse,6.0,2.0,H,24.0,7.0,15.0,1.0,8.0,19.0,7.0,1.0,0.0,4.0,1.0,0.0,1.08,11.0,34.0,1.1,12.65,27.99,1.12,12.65,41.0,1.08,10.4,28.07,36.0,2017/2018
F1,2017-08-25,Paris Saint-Germain,Saint-Etienne,3.0,0.0,H,14.0,12.0,4.0,2.0,20.0,12.0,8.0,3.0,2.0,3.0,0.0,0.0,1.08,11.0,29.0,1.11,12.0,28.0,1.13,12.5,34.25,1.09,10.47,25.48,34.0,2017/2018
F1,2017-08-26,Caen,Metz,1.0,0.0,H,16.0,9.0,4.0,2.0,11.0,16.0,9.0,3.0,2.0,2.0,0.0,0.0,1.85,3.4,4.75,1.86,3.54,4.89,1.87,3.6,5.0,1.82,3.46,4.61,34.0,2017/2018
F1,2017-08-26,Amiens,Nice,3.0,0.0,H,12.0,12.0,4.0,3.0,14.0,7.0,3.0,4.0,3.0,3.0,0.0,0.0,3.3,3.2,2.3,3.62,3.26,2.26,3.62,3.3,2.38,3.34,3.17,2.26,34.0,2017/2018
F1,2017-08-26,Bordeaux,Troyes,2.0,1.0,H,12.0,5.0,8.0,2.0,9.0,17.0,4.0,4.0,0.0,1.0,0.0,0.0,1.44,4.5,7.5,1.43,4.77,8.7,1.48,4.8,8.7,1.42,4.47,7.55,34.0,2017/2018
F1,2017-08-26,Nantes,Lyon,0.0,0.0,D,6.0,16.0,2.0,3.0,13.0,11.0,1.0,8.0,1.0,1.0,0.0,0.0,3.6,3.4,2.1,3.47,3.66,2.16,3.75,3.66,2.16,3.47,3.46,2.09,34.0,2017/2018
F1,2017-08-26,Toulouse,Rennes,3.0,2.0,H,11.0,14.0,7.0,3.0,19.0,22.0,3.0,4.0,4.0,3.0,0.0,1.0,2.3,3.1,3.4,2.32,3.23,3.51,2.35,3.28,3.51,2.27,3.14,3.35,34.0,2017/2018
F1,2017-08-26,Dijon,Montpellier,2.0,1.0,H,7.0,11.0,2.0,2.0,18.0,14.0,2.0,4.0,2.0,2.0,0.0,0.0,2.55,3.2,2.88,2.63,3.28,2.94,2.65,3.32,2.95,2.55,3.21,2.82,34.0,2017/2018
F1,2017-08-27,Angers,Lille,1.0,1.0,D,11.0,13.0,2.0,3.0,10.0,10.0,7.0,1.0,2.0,5.0,0.0,0.0,2.25,3.1,3.5,2.21,3.27,3.75,2.3,3.3,3.76,2.19,3.18,3.5,34.0,2017/2018
F1,2017-08-27,Guingamp,Strasbourg,2.0,0.0,H,14.0,15.0,6.0,3.0,12.0,14.0,2.0,7.0,1.0,2.0,0.0,0.0,1.91,3.4,4.33,1.91,3.44,4.76,2.0,3.5,4.76,1.9,3.36,4.28,34.0,2017/2018
F1,2017-08-27,Monaco,Marseille,6.0,1.0,H,14.0,10.0,8.0,3.0,11.0,14.0,1.0,1.0,2.0,3.0,0.0,0.0,1.62,4.0,5.5,1.63,4.23,5.74,1.65,4.25,5.74,1.61,4.09,5.23,34.0,2017/2018
F1,2017-09-08,Lille,Bordeaux,0.0,0.0,D,8.0,17.0,2.0,1.0,11.0,13.0,5.0,3.0,2.0,4.0,1.0,0.0,3.0,3.3,2.45,2.96,3.35,2.61,3.0,3.35,2.65,2.85,3.25,2.52,34.0,2017/2018
F1,2017-09-08,Metz,Paris Saint-Germain,1.0,5.0,A,8.0,23.0,1.0,12.0,10.0,8.0,6.0,7.0,0.0,1.0,1.0,0.0,19.0,10.0,1.13,27.0,10.2,1.13,27.6,10.97,1.16,20.82,9.07,1.12,34.0,2017/2018
F1,2017-09-09,Nice,Monaco,4.0,0.0,H,9.0,11.0,5.0,1.0,19.0,14.0,2.0,11.0,2.0,2.0,0.0,0.0,4.75,3.6,1.8,4.61,3.86,1.81,4.75,3.9,1.9,4.29,3.7,1.81,34.0,2017/2018
F1,2017-09-09,Strasbourg,Amiens,0.0,1.0,A,10.0,8.0,3.0,3.0,22.0,14.0,6.0,0.0,1.0,3.0,1.0,0.0,2.0,3.2,4.2,2.04,3.37,4.19,2.2,3.37,4.2,2.03,3.26,3.86,34.0,2017/2018
F1,2017-09-09,Caen,Dijon,2.0,1.0,H,12.0,9.0,3.0,4.0,19.0,17.0,8.0,3.0,1.0,2.0,1.0,0.0,2.05,3.2,4.0,2.04,3.41,4.12,2.08,3.5,4.12,2.02,3.35,3.78,34.0,2017/2018
F1,2017-09-09,Montpellier,Nantes,0.0,1.0,A,11.0,12.0,3.0,4.0,7.0,12.0,8.0,3.0,1.0,2.0,1.0,0.0,2.15,3.2,3.8,2.28,3.12,3.77,2.3,3.25,3.8,2.23,3.08,3.51,34.0,2017/2018
F1,2017-09-09,Troyes,Toulouse,0.0,0.0,D,11.0,7.0,3.0,0.0,12.0,13.0,4.0,1.0,2.0,3.0,0.0,0.0,2.88,3.2,2.6,2.98,3.28,2.6,2.98,3.31,2.63,2.86,3.2,2.52,34.0,2017/2018
F1,2017-09-10,Marseille,Rennes,1.0,3.0,A,10.0,17.0,4.0,4.0,18.0,14.0,5.0,2.0,6.0,1.0,0.0,0.0,1.67,4.0,5.0,1.7,4.02,5.28,1.75,4.05,5.6,1.68,3.8,4.98,34.0,2017/2018
F1,2017-09-10,Saint-Etienne,Angers,1.0,1.0,D,8.0,15.0,4.0,6.0,9.0,19.0,1.0,3.0,3.0,2.0,1.0,1.0,2.15,3.2,3.75,2.15,3.17,4.08,2.18,3.21,4.08,2.13,3.1,3.75,34.0,2017/2018
F1,2017-09-10,Lyon,Guingamp,2.0,1.0,H,12.0,13.0,4.0,6.0,16.0,16.0,3.0,6.0,2.0,2.0,0.0,0.0,1.4,4.75,8.5,1.38,5.37,8.67,1.42,5.45,8.67,1.38,4.94,7.67,34.0,2017/2018
F1,2017-09-15,Toulouse,Bordeaux,0.0,1.0,A,16.0,14.0,5.0,4.0,17.0,10.0,3.0,9.0,3.0,1.0,0.0,0.0,2.9,3.1,2.5,3.15,3.27,2.52,3.15,3.3,2.62,2.95,3.19,2.47,37.0,2017/2018
F1,2017-09-16,Nantes,Caen,1.0,0.0,H,8.0,8.0,4.0,1.0,12.0,12.0,4.0,3.0,0.0,2.0,0.0,0.0,1.95,3.25,4.33,1.99,3.31,4.53,2.0,3.31,4.61,1.94,3.23,4.31,37.0,2017/2018
F1,2017-09-16,Troyes,Montpellier,0.0,1.0,A,7.0,9.0,0.0,3.0,19.0,10.0,2.0,6.0,3.0,3.0,1.0,0.0,2.8,3.2,2.7,2.83,3.14,2.83,2.85,3.3,2.9,2.7,3.16,2.71,37.0,2017/2018
F1,2017-09-16,Dijon,Saint-Etienne,0.0,1.0,A,18.0,16.0,7.0,6.0,13.0,14.0,1.0,4.0,3.0,3.0,0.0,0.0,3.0,3.2,2.5,3.14,3.22,2.53,3.25,3.28,2.53,3.06,3.14,2.43,37.0,2017/2018
F1,2017-09-16,Guingamp,Lille,1.0,0.0,H,20.0,10.0,4.0,5.0,8.0,17.0,8.0,8.0,1.0,1.0,0.0,0.0,2.15,3.3,3.5,2.14,3.29,3.94,2.27,3.4,3.94,2.11,3.28,3.59,37.0,2017/2018
F1,2017-09-16,Monaco,Strasbourg,3.0,0.0,H,14.0,10.0,5.0,1.0,13.0,12.0,5.0,5.0,2.0,2.0,0.0,0.0,1.18,7.5,15.0,1.22,7.25,14.75,1.23,7.5,15.0,1.2,6.73,13.52,37.0,2017/2018
F1,2017-09-17,Amiens,Marseille,0.0,2.0,A,8.0,22.0,3.0,6.0,11.0,15.0,6.0,3.0,2.0,3.0,0.0,0.0,4.0,3.2,2.05,4.09,3.47,2.03,4.2,3.47,2.1,3.84,3.31,2.02,37.0,2017/2018
F1,2017-09-17,Angers,Metz,0.0,1.0,A,18.0,10.0,5.0,5.0,14.0,14.0,4.0,5.0,1.0,3.0,0.0,0.0,1.5,4.0,7.5,1.53,4.24,7.46,1.65,4.24,7.5,1.52,3.97,6.87,37.0,2017/2018
F1,2017-09-17,Paris Saint-Germain,Lyon,2.0,0.0,H,14.0,12.0,5.0,5.0,11.0,13.0,9.0,4.0,3.0,2.0,0.0,0.0,1.17,7.5,17.0,1.18,9.0,15.0,1.2,9.5,19.0,1.16,8.07,14.95,36.0,2017/2018
F1,2017-09-17,Rennes,Nice,0.0,1.0,A,17.0,6.0,4.0,3.0,17.0,17.0,6.0,5.0,1.0,5.0,0.0,0.0,2.3,3.2,3.3,2.36,3.45,3.21,2.5,3.45,3.3,2.33,3.26,3.13,37.0,2017/2018
F1,2017-09-22,Lille,Monaco,0.0,4.0,A,11.0,12.0,2.0,7.0,18.0,14.0,1.0,1.0,1.0,2.0,0.0,0.0,4.75,3.8,1.7,5.14,4.05,1.72,5.15,4.05,1.79,4.76,3.82,1.72,40.0,2017/2018
F1,2017-09-22,Nice,Angers,2.0,2.0,D,17.0,15.0,3.0,6.0,13.0,18.0,8.0,1.0,4.0,2.0,0.0,0.0,1.8,3.5,4.5,1.83,3.64,5.01,1.86,3.65,5.01,1.81,3.47,4.62,40.0,2017/2018
F1,2017-09-23,Bordeaux,Guingamp,3.0,1.0,H,21.0,10.0,8.0,4.0,14.0,14.0,5.0,2.0,4.0,2.0,0.0,0.0,1.73,3.5,5.5,1.79,3.76,4.95,1.83,3.76,5.6,1.76,3.56,4.79,40.0,2017/2018
F1,2017-09-23,Caen,Amiens,1.0,0.0,H,17.0,2.0,4.0,0.0,14.0,19.0,7.0,3.0,1.0,2.0,0.0,0.0,1.85,3.3,4.75,1.92,3.39,4.8,1.96,3.4,4.8,1.89,3.28,4.42,40.0,2017/2018
F1,2017-09-23,Lyon,Dijon,3.0,3.0,D,20.0,11.0,6.0,6.0,17.0,19.0,8.0,1.0,1.0,5.0,0.0,0.0,1.29,5.75,10.0,1.28,6.27,11.8,1.31,6.5,12.0,1.27,5.86,10.01,40.0,2017/2018
F1,2017-09-23,Metz,Troyes,0.0,1.0,A,15.0,9.0,7.0,2.0,11.0,12.0,5.0,4.0,3.0,3.0,0.0,1.0,2.0,3.3,4.0,2.18,3.42,3.65,2.2,3.43,4.0,2.12,3.31,3.53,40.0,2017/2018
F1,2017-09-23,Montpellier,Paris Saint-Germain,0.0,0.0,D,5.0,10.0,2.0,1.0,15.0,13.0,2.0,11.0,2.0,2.0,0.0,0.0,17.0,7.5,1.17,16.0,6.85,1.22,18.0,7.75,1.25,14.17,6.57,1.2,40.0,2017/2018
F1,2017-09-24,Marseille,Toulouse,2.0,0.0,H,22.0,8.0,6.0,1.0,11.0,10.0,12.0,5.0,2.0,0.0,0.0,0.0,1.53,4.2,6.5,1.62,4.15,6.0,1.65,4.25,6.75,1.57,3.97,5.95,40.0,2017/2018
F1,2017-09-24,Saint-Etienne,Rennes,2.0,2.0,D,9.0,9.0,4.0,4.0,11.0,14.0,9.0,5.0,3.0,3.0,1.0,0.0,2.05,3.2,4.0,2.16,3.36,3.79,2.16,3.36,4.0,2.09,3.24,3.7,40.0,2017/2018
F1,2017-09-24,Strasbourg,Nantes,1.0,2.0,A,21.0,12.0,6.0,5.0,7.0,5.0,12.0,3.0,1.0,1.0,0.0,0.0,2.55,3.0,3.1,2.77,2.97,3.06,2.77,3.2,3.1,2.6,2.97,2.96,40.0,2017/2018
F1,2017-09-29,Monaco,Montpellier,1.0,1.0,D,8.0,15.0,1.0,3.0,19.0,12.0,3.0,4.0,3.0,1.0,0.0,0.0,1.36,5.0,8.5,1.34,5.58,9.77,1.36,5.75,11.0,1.32,5.24,9.45,40.0,2017/2018
F1,2017-09-30,Nantes,Metz,1.0,0.0,H,15.0,9.0,6.0,1.0,14.0,9.0,4.0,4.0,2.0,4.0,0.0,1.0,1.67,3.5,6.0,1.7,3.71,5.96,1.75,3.75,6.25,1.66,3.55,5.69,38.0,2017/2018
F1,2017-09-30,Guingamp,Toulouse,1.0,1.0,D,6.0,11.0,4.0,2.0,17.0,18.0,6.0,4.0,1.0,2.0,0.0,0.0,1.91,3.4,4.33,1.96,3.44,4.44,2.1,3.45,4.44,1.94,3.31,4.1,38.0,2017/2018
F1,2017-09-30,Rennes,Caen,0.0,1.0,A,9.0,10.0,2.0,3.0,14.0,25.0,8.0,3.0,4.0,1.0,0.0,0.0,1.91,3.25,4.5,1.93,3.4,4.66,2.0,3.45,4.66,1.92,3.32,4.2,38.0,2017/2018
F1,2017-09-30,Paris Saint-Germain,Bordeaux,6.0,2.0,H,11.0,17.0,9.0,6.0,10.0,18.0,1.0,5.0,1.0,2.0,0.0,0.0,1.14,9.0,15.0,1.14,10.52,19.0,1.16,10.52,22.0,1.13,8.79,17.37,38.0,2017/2018
F1,2017-09-30,Dijon,Strasbourg,1.0,1.0,D,13.0,7.0,6.0,1.0,10.0,17.0,7.0,4.0,0.0,2.0,1.0,0.0,2.05,3.2,4.0,2.11,3.54,3.73,2.15,3.54,4.0,2.06,3.29,3.65,38.0,2017/2018
F1,2017-10-01,Angers,Lyon,3.0,3.0,D,15.0,13.0,4.0,6.0,12.0,14.0,9.0,4.0,2.0,3.0,0.0,1.0,3.25,3.25,2.3,3.34,3.52,2.26,3.4,3.52,2.3,3.17,3.36,2.23,38.0,2017/2018
F1,2017-10-01,Nice,Marseille,2.0,4.0,A,19.0,17.0,10.0,9.0,14.0,16.0,9.0,5.0,2.0,3.0,0.0,1.0,2.38,3.4,3.0,2.38,3.5,3.13,2.42,3.5,3.2,2.33,3.33,3.01,38.0,2017/2018
F1,2017-10-01,Troyes,Saint-Etienne,2.0,1.0,H,11.0,14.0,7.0,4.0,7.0,17.0,5.0,8.0,3.0,1.0,1.0,1.0,3.3,3.2,2.3,3.46,3.21,2.36,3.46,3.3,2.4,3.22,3.14,2.31,37.0,2017/2018
F1,2017-10-13,Lyon,Monaco,3.0,2.0,H,22.0,14.0,7.0,7.0,9.0,15.0,7.0,5.0,4.0,1.0,0.0,0.0,2.1,3.75,3.3,2.14,4.02,3.29,2.3,4.03,3.45,2.1,3.77,3.15,36.0,2017/2018
F1,2017-10-14,Caen,Angers,0.0,2.0,A,22.0,12.0,5.0,4.0,12.0,18.0,4.0,4.0,1.0,4.0,0.0,0.0,2.5,3.1,3.1,2.5,3.07,3.34,2.6,3.15,3.34,2.46,3.03,3.1,34.0,2017/2018
F1,2017-10-14,Dijon,Paris Saint-Germain,1.0,2.0,A,15.0,18.0,5.0,8.0,10.0,13.0,5.0,9.0,3.0,4.0,0.0,0.0,21.0,9.0,1.13,26.28,9.54,1.13,29.0,10.0,1.15,20.64,8.79,1.12,35.0,2017/2018
F1,2017-10-14,Guingamp,Rennes,2.0,0.0,H,16.0,11.0,9.0,0.0,19.0,15.0,6.0,5.0,3.0,6.0,0.0,1.0,2.15,3.3,3.5,2.16,3.45,3.67,2.18,3.45,3.8,2.13,3.27,3.55,33.0,2017/2018
F1,2017-10-14,Lille,Troyes,2.0,2.0,D,16.0,10.0,6.0,2.0,16.0,12.0,3.0,1.0,1.0,2.0,1.0,0.0,1.55,3.8,6.5,1.6,4.02,6.76,1.65,4.02,6.76,1.58,3.79,6.12,34.0,2017/2018
F1,2017-10-14,Saint-Etienne,Metz,3.0,1.0,H,20.0,10.0,5.0,2.0,10.0,16.0,12.0,5.0,2.0,1.0,0.0,0.0,1.53,4.0,7.0,1.58,4.06,6.81,1.58,4.33,7.33,1.53,3.99,6.53,34.0,2017/2018
F1,2017-10-14,Toulouse,Amiens,1.0,0.0,H,16.0,7.0,6.0,2.0,14.0,21.0,3.0,0.0,1.0,5.0,0.0,1.0,1.73,3.5,5.0,1.79,3.32,5.98,1.85,3.5,5.98,1.78,3.32,5.08,34.0,2017/2018
F1,2017-10-15,Bordeaux,Nantes,1.0,1.0,D,18.0,14.0,3.0,4.0,13.0,15.0,6.0,2.0,3.0,2.0,0.0,0.0,1.67,3.5,6.0,1.67,3.79,6.19,1.8,3.79,6.19,1.67,3.59,5.54,34.0,2017/2018
F1,2017-10-15,Montpellier,Nice,2.0,0.0,H,14.0,15.0,4.0,8.0,14.0,15.0,4.0,7.0,3.0,1.0,0.0,0.0,2.4,3.2,3.1,2.51,3.27,3.12,2.55,3.28,3.15,2.43,3.17,3.01,34.0,2017/2018
F1,2017-10-15,Strasbourg,Marseille,3.0,3.0,D,19.0,20.0,9.0,7.0,14.0,9.0,4.0,4.0,3.0,3.0,0.0,0.0,4.2,3.4,1.91,3.84,3.57,2.06,4.2,3.65,2.06,3.69,3.48,2.0,34.0,2017/2018
F1,2017-10-20,Saint-Etienne,Montpellier,0.0,1.0,A,21.0,15.0,4.0,4.0,25.0,17.0,6.0,2.0,2.0,3.0,0.0,0.0,2.14,3.25,3.6,2.22,3.18,3.92,2.25,3.25,3.92,2.19,3.08,3.63,36.0,2017/2018
F1,2017-10-21,Amiens,Bordeaux,1.0,0.0,H,13.0,14.0,4.0,4.0,12.0,13.0,4.0,3.0,3.0,1.0,0.0,0.0,5.5,3.79,1.64,5.88,3.88,1.67,6.25,3.9,1.85,5.54,3.69,1.64,35.0,2017/2018
F1,2017-10-21,Angers,Toulouse,0.0,1.0,A,14.0,3.0,4.0,1.0,11.0,16.0,4.0,2.0,2.0,4.0,0.0,0.0,2.0,3.39,4.0,2.01,3.31,4.43,2.1,3.39,4.43,1.99,3.24,4.02,35.0,2017/2018
F1,2017-10-21,Metz,Dijon,1.0,2.0,A,15.0,8.0,5.0,6.0,11.0,15.0,2.0,5.0,1.0,2.0,1.0,0.0,2.75,3.29,2.62,2.84,3.25,2.74,2.84,3.35,2.85,2.67,3.22,2.67,35.0,2017/2018
F1,2017-10-21,Monaco,Caen,2.0,0.0,H,15.0,8.0,6.0,1.0,12.0,17.0,7.0,7.0,3.0,2.0,0.0,0.0,1.33,5.0,10.0,1.37,5.25,9.55,1.4,5.5,10.0,1.34,5.02,8.63,36.0,2017/2018
F1,2017-10-21,Nantes,Guingamp,2.0,1.0,H,9.0,10.0,3.0,4.0,13.0,12.0,3.0,6.0,3.0,1.0,0.0,0.0,2.1,3.29,3.75,2.18,3.15,4.03,2.18,3.3,4.03,2.13,3.16,3.67,36.0,2017/2018
F1,2017-10-21,Rennes,Lille,1.0,0.0,H,9.0,7.0,6.0,1.0,13.0,17.0,2.0,6.0,1.0,2.0,0.0,1.0,2.14,3.29,3.5,2.25,3.28,3.62,2.3,3.3,3.7,2.18,3.23,3.44,34.0,2017/2018
F1,2017-10-22,Nice,Strasbourg,1.0,2.0,A,14.0,15.0,9.0,6.0,5.0,5.0,9.0,1.0,0.0,1.0,0.0,1.0,1.57,4.0,6.0,1.61,4.28,5.84,1.63,4.28,6.0,1.59,3.98,5.55,35.0,2017/2018
F1,2017-10-22,Troyes,Lyon,0.0,5.0,A,9.0,14.0,3.0,10.0,12.0,13.0,4.0,3.0,2.0,2.0,1.0,0.0,5.0,4.0,1.66,5.77,4.09,1.65,5.77,4.2,1.7,5.13,3.87,1.64,36.0,2017/2018
F1,2017-10-22,Marseille,Paris Saint-Germain,2.0,2.0,D,11.0,7.0,3.0,3.0,18.0,14.0,3.0,4.0,4.0,3.0,0.0,1.0,6.5,5.0,1.44,7.55,5.54,1.4,7.55,5.54,1.45,6.64,4.98,1.41,35.0,2017/2018
F1,2017-10-27,Paris Saint-Germain,Nice,3.0,0.0,H,16.0,8.0,8.0,1.0,10.0,9.0,8.0,2.0,0.0,0.0,0.0,0.0,1.14,9.0,17.0,1.16,9.7,18.0,1.2,9.7,21.9,1.14,8.63,16.46,35.0,2017/2018
F1,2017-10-28,Bordeaux,Monaco,0.0,2.0,A,12.0,12.0,4.0,5.0,22.0,12.0,6.0,2.0,2.0,0.0,0.0,0.0,2.5,3.39,2.79,2.58,3.55,2.83,2.7,3.7,2.83,2.53,3.41,2.69,32.0,2017/2018
F1,2017-10-28,Caen,Troyes,1.0,0.0,H,16.0,8.0,3.0,3.0,12.0,13.0,6.0,6.0,1.0,3.0,0.0,0.0,1.66,3.6,5.75,1.68,3.53,6.67,1.75,3.75,6.67,1.67,3.52,5.68,35.0,2017/2018
F1,2017-10-28,Dijon,Nantes,1.0,0.0,H,6.0,10.0,1.0,0.0,15.0,19.0,1.0,5.0,3.0,2.0,0.0,0.0,2.6,3.1,2.89,2.66,3.17,3.0,2.72,3.2,3.0,2.59,3.09,2.84,35.0,2017/2018
F1,2017-10-28,Guingamp,Amiens,1.0,1.0,D,12.0,7.0,4.0,2.0,16.0,20.0,5.0,5.0,1.0,5.0,0.0,1.0,1.66,3.5,6.0,1.67,3.78,6.24,1.75,3.78,6.24,1.65,3.59,5.67,35.0,2017/2018
F1,2017-10-28,Montpellier,Rennes,0.0,1.0,A,9.0,7.0,4.0,2.0,15.0,17.0,4.0,1.0,4.0,2.0,0.0,0.0,2.04,3.1,4.09,2.0,3.19,4.72,2.08,3.35,4.72,1.99,3.16,4.14,35.0,2017/2018
F1,2017-10-28,Strasbourg,Angers,2.0,2.0,D,14.0,5.0,6.0,2.0,10.0,12.0,4.0,2.0,3.0,2.0,0.0,0.0,2.7,3.1,2.79,2.76,3.16,2.89,2.76,3.2,2.95,2.61,3.1,2.81,35.0,2017/2018
F1,2017-10-29,Lyon,Metz,2.0,0.0,H,12.0,7.0,4.0,4.0,13.0,17.0,3.0,2.0,0.0,3.0,0.0,0.0,1.18,7.5,15.0,1.21,8.14,13.13,1.22,8.14,17.0,1.18,7.37,12.99,34.0,2017/2018
F1,2017-10-29,Toulouse,Saint-Etienne,0.0,0.0,D,11.0,4.0,4.0,2.0,16.0,19.0,7.0,1.0,2.0,3.0,0.0,0.0,2.2,3.1,3.6,2.26,3.2,3.69,2.3,3.25,3.7,2.22,3.12,3.45,34.0,2017/2018
F1,2017-10-29,Lille,Marseille,0.0,1.0,A,18.0,10.0,7.0,3.0,18.0,17.0,11.0,4.0,2.0,3.0,0.0,0.0,3.39,3.25,2.25,3.36,3.62,2.22,3.45,3.62,2.27,3.2,3.39,2.22,34.0,2017/2018
F1,2017-11-03,Rennes,Bordeaux,1.0,0.0,H,6.0,6.0,2.0,0.0,14.0,26.0,8.0,0.0,2.0,5.0,0.0,0.0,3.25,3.25,2.29,3.37,3.27,2.36,3.43,3.27,2.5,3.24,3.17,2.33,36.0,2017/2018
F1,2017-11-04,Angers,Paris Saint-Germain,0.0,5.0,A,9.0,15.0,3.0,7.0,8.0,13.0,2.0,4.0,1.0,3.0,0.0,0.0,15.0,7.0,1.19,13.5,6.65,1.25,15.0,7.6,1.26,12.48,6.61,1.21,37.0,2017/2018
F1,2017-11-04,Monaco,Guingamp,6.0,0.0,H,18.0,12.0,9.0,3.0,17.0,9.0,4.0,1.0,1.0,1.0,0.0,0.0,1.44,4.75,7.0,1.46,5.06,7.05,1.46,5.1,8.0,1.42,4.73,6.9,36.0,2017/2018
F1,2017-11-04,Montpellier,Amiens,1.0,1.0,D,10.0,12.0,3.0,1.0,11.0,12.0,3.0,2.0,2.0,1.0,0.0,0.0,1.75,3.39,5.5,1.79,3.28,6.2,1.83,3.4,6.2,1.77,3.27,5.34,36.0,2017/2018
F1,2017-11-04,Nantes,Toulouse,2.0,1.0,H,11.0,10.0,6.0,3.0,20.0,16.0,9.0,4.0,2.0,4.0,0.0,0.0,2.0,3.1,4.33,2.04,3.02,4.91,2.1,3.25,5.1,1.99,3.04,4.41,36.0,2017/2018
F1,2017-11-04,Troyes,Strasbourg,3.0,0.0,H,13.0,10.0,6.0,2.0,18.0,8.0,4.0,1.0,3.0,1.0,0.0,1.0,2.75,3.29,2.62,2.76,3.4,2.71,2.9,3.4,2.75,2.71,3.24,2.63,36.0,2017/2018
F1,2017-11-05,Marseille,Caen,5.0,0.0,H,28.0,11.0,11.0,3.0,5.0,9.0,13.0,6.0,0.0,0.0,0.0,0.0,1.53,4.0,7.0,1.5,4.42,7.66,1.53,4.6,7.8,1.48,4.22,6.76,36.0,2017/2018
F1,2017-11-05,Metz,Lille,0.0,3.0,A,19.0,14.0,5.0,7.0,13.0,19.0,9.0,0.0,3.0,2.0,0.0,0.0,3.29,3.2,2.29,3.18,3.27,2.47,3.29,3.3,2.47,3.1,3.19,2.36,36.0,2017/2018
F1,2017-11-05,Nice,Dijon,1.0,0.0,H,11.0,13.0,4.0,4.0,14.0,9.0,6.0,4.0,1.0,1.0,1.0,0.0,1.72,3.6,5.25,1.76,3.83,5.09,1.8,3.9,5.25,1.74,3.66,4.74,36.0,2017/2018
F1,2017-11-05,Saint-Etienne,Lyon,0.0,5.0,A,13.0,13.0,2.0,10.0,22.0,17.0,5.0,1.0,1.0,2.0,1.0,0.0,4.2,3.39,1.95,3.89,3.79,1.98,4.2,3.79,1.98,3.83,3.56,1.93,35.0,2017/2018
F1,2017-11-17,Amiens,Monaco,1.0,1.0,D,10.0,15.0,2.0,4.0,15.0,15.0,4.0,4.0,2.0,3.0,0.0,0.0,5.25,3.79,1.66,5.6,3.99,1.69,5.6,4.0,1.73,5.07,3.8,1.68,36.0,2017/2018
F1,2017-11-17,Lille,Saint-Etienne,3.0,1.0,H,12.0,8.0,5.0,3.0,10.0,16.0,8.0,10.0,2.0,3.0,0.0,0.0,2.1,3.25,3.75,2.17,3.26,3.96,2.24,3.35,4.0,2.12,3.2,3.71,36.0,2017/2018
F1,2017-11-18,Dijon,Troyes,3.0,1.0,H,15.0,11.0,8.0,4.0,13.0,12.0,4.0,4.0,1.0,1.0,0.0,0.0,1.9,3.39,4.33,1.93,3.52,4.48,2.0,3.6,4.5,1.9,3.43,4.2,36.0,2017/2018
F1,2017-11-18,Guingamp,Angers,1.0,1.0,D,9.0,10.0,2.0,2.0,15.0,18.0,1.0,7.0,4.0,4.0,1.0,0.0,2.29,3.2,3.29,2.31,3.47,3.3,2.33,3.5,3.4,2.26,3.29,3.23,36.0,2017/2018
F1,2017-11-18,Paris Saint-Germain,Nantes,4.0,1.0,H,23.0,8.0,10.0,1.0,9.0,17.0,9.0,2.0,2.0,3.0,0.0,0.0,1.11,10.0,21.0,1.11,11.76,23.49,1.12,13.28,34.0,1.1,10.16,23.64,36.0,2017/2018
F1,2017-11-18,Strasbourg,Rennes,2.0,1.0,H,11.0,13.0,5.0,4.0,18.0,8.0,6.0,7.0,1.0,0.0,0.0,1.0,2.29,3.2,3.29,2.27,3.27,3.58,2.4,3.3,3.6,2.24,3.19,3.37,36.0,2017/2018
F1,2017-11-18,Toulouse,Metz,0.0,0.0,D,21.0,12.0,3.0,5.0,16.0,11.0,9.0,4.0,2.0,3.0,0.0,1.0,1.72,3.6,5.25,1.73,3.72,5.61,1.77,3.75,5.61,1.72,3.56,5.16,36.0,2017/2018
F1,2017-11-19,Caen,Nice,1.0,1.0,D,18.0,12.0,4.0,7.0,10.0,11.0,12.0,3.0,2.0,3.0,0.0,0.0,2.6,3.1,2.89,2.66,3.19,2.98,2.7,3.21,3.0,2.6,3.11,2.85,36.0,2017/2018
F1,2017-11-19,Lyon,Montpellier,0.0,0.0,D,15.0,15.0,3.0,2.0,11.0,9.0,9.0,6.0,2.0,1.0,0.0,0.0,1.39,4.5,9.0,1.39,5.09,9.02,1.44,5.2,9.25,1.39,4.72,8.09,36.0,2017/2018
F1,2017-11-19,Bordeaux,Marseille,1.0,1.0,D,9.0,14.0,3.0,3.0,16.0,14.0,3.0,6.0,4.0,2.0,0.0,0.0,2.29,3.39,3.1,2.38,3.41,3.22,2.45,3.55,3.25,2.31,3.35,3.08,36.0,2017/2018
F1,2017-11-20,Amiens,Lille,3.0,0.0,H,8.0,12.0,4.0,1.0,12.0,10.0,4.0,6.0,3.0,2.0,0.0,0.0,2.7,3.1,2.7,2.88,3.22,2.76,3.06,3.27,2.76,2.85,3.11,2.64,36.0,2017/2018
F1,2017-11-24,Saint-Etienne,Strasbourg,2.0,2.0,D,12.0,10.0,6.0,4.0,14.0,10.0,7.0,4.0,4.0,2.0,0.0,0.0,2.0,3.5,3.75,1.98,3.56,4.26,2.02,3.62,4.28,1.94,3.45,3.97,35.0,2017/2018
F1,2017-11-25,Rennes,Nantes,2.0,1.0,H,15.0,10.0,5.0,1.0,17.0,14.0,8.0,2.0,3.0,6.0,0.0,1.0,2.39,3.1,3.2,2.57,2.99,3.31,2.57,3.1,3.45,2.43,2.98,3.19,35.0,2017/2018
F1,2017-11-25,Troyes,Angers,3.0,0.0,H,9.0,7.0,3.0,3.0,15.0,15.0,4.0,3.0,2.0,4.0,0.0,0.0,3.2,3.2,2.37,3.17,3.32,2.45,3.3,3.32,2.6,3.1,3.18,2.37,35.0,2017/2018
F1,2017-11-25,Caen,Bordeaux,1.0,0.0,H,12.0,10.0,2.0,2.0,13.0,14.0,4.0,8.0,2.0,3.0,0.0,0.0,3.39,3.1,2.29,3.38,3.24,2.38,3.4,3.3,2.4,3.27,3.15,2.29,35.0,2017/2018
F1,2017-11-25,Dijon,Toulouse,3.0,1.0,H,13.0,12.0,5.0,4.0,11.0,16.0,6.0,2.0,3.0,2.0,0.0,0.0,2.25,3.2,3.39,2.35,3.23,3.44,2.35,3.25,3.46,2.27,3.17,3.29,35.0,2017/2018
F1,2017-11-25,Metz,Amiens,0.0,2.0,A,21.0,11.0,6.0,2.0,17.0,8.0,8.0,1.0,1.0,0.0,0.0,0.0,2.37,3.2,3.2,2.45,3.16,3.33,2.5,3.25,3.33,2.4,3.1,3.12,35.0,2017/2018
F1,2017-11-25,Montpellier,Lille,3.0,0.0,H,18.0,10.0,6.0,4.0,13.0,14.0,6.0,7.0,1.0,6.0,0.0,0.0,2.14,3.2,3.7,2.15,3.22,4.02,2.22,3.25,4.02,2.15,3.14,3.61,35.0,2017/2018
F1,2017-11-26,Marseille,Guingamp,1.0,0.0,H,21.0,4.0,7.0,1.0,11.0,13.0,6.0,2.0,2.0,2.0,0.0,0.0,1.5,4.33,6.5,1.53,4.47,6.78,1.57,4.5,6.8,1.51,4.24,6.09,35.0,2017/2018
F1,2017-11-26,Monaco,Paris Saint-Germain,1.0,2.0,A,8.0,18.0,2.0,5.0,17.0,13.0,1.0,4.0,3.0,4.0,0.0,0.0,5.25,4.75,1.53,5.67,4.7,1.57,6.0,4.8,1.6,5.28,4.43,1.55,35.0,2017/2018
F1,2017-11-26,Nice,Lyon,0.0,5.0,A,10.0,11.0,3.0,7.0,19.0,13.0,2.0,2.0,5.0,3.0,1.0,0.0,3.29,3.39,2.2,3.18,3.74,2.26,3.33,3.75,2.26,3.18,3.51,2.17,35.0,2017/2018
F1,2017-11-28,Amiens,Dijon,2.0,1.0,H,8.0,16.0,5.0,6.0,5.0,14.0,3.0,6.0,0.0,3.0,0.0,0.0,2.37,3.1,3.25,2.41,3.26,3.34,2.42,3.26,3.35,2.34,3.15,3.21,35.0,2017/2018
F1,2017-11-28,Bordeaux,Saint-Etienne,3.0,0.0,H,12.0,11.0,6.0,5.0,12.0,19.0,2.0,6.0,1.0,2.0,0.0,0.0,1.83,3.39,4.75,1.81,3.54,5.45,1.84,3.55,5.45,1.79,3.4,4.94,35.0,2017/2018
F1,2017-11-28,Strasbourg,Caen,0.0,0.0,D,6.0,15.0,3.0,1.0,13.0,13.0,2.0,3.0,1.0,2.0,0.0,0.0,1.95,3.25,4.2,2.06,3.5,4.0,2.1,3.5,4.2,2.02,3.33,3.8,35.0,2017/2018
F1,2017-11-29,Angers,Rennes,1.0,2.0,A,10.0,8.0,4.0,3.0,9.0,11.0,7.0,4.0,0.0,1.0,0.0,0.0,2.1,3.2,3.79,2.09,3.25,4.14,2.2,3.3,4.14,2.09,3.2,3.75,34.0,2017/2018
F1,2017-11-29,Guingamp,Montpellier,0.0,0.0,D,10.0,6.0,1.0,4.0,15.0,21.0,8.0,3.0,1.0,3.0,0.0,0.0,2.39,3.1,3.25,2.51,3.12,3.27,2.55,3.25,3.27,2.43,3.08,3.11,34.0,2017/2018
F1,2017-11-29,Lyon,Lille,1.0,2.0,A,21.0,7.0,5.0,3.0,8.0,13.0,4.0,2.0,0.0,1.0,0.0,0.0,1.33,5.0,10.0,1.32,6.1,9.81,1.4,6.1,10.0,1.32,5.34,9.0,34.0,2017/2018
F1,2017-11-29,Metz,Marseille,0.0,3.0,A,9.0,21.0,4.0,8.0,13.0,8.0,0.0,9.0,1.0,0.0,0.0,0.0,6.5,4.33,1.5,6.23,4.7,1.53,6.6,4.7,1.55,6.11,4.31,1.51,34.0,2017/2018
F1,2017-11-29,Nantes,Monaco,1.0,0.0,H,16.0,9.0,5.0,1.0,9.0,12.0,11.0,5.0,0.0,0.0,0.0,0.0,3.75,3.39,2.04,3.94,3.5,2.06,4.0,3.5,2.1,3.76,3.35,2.02,34.0,2017/2018
F1,2017-11-29,Paris Saint-Germain,Troyes,2.0,0.0,H,19.0,6.0,6.0,3.0,14.0,16.0,11.0,1.0,0.0,1.0,0.0,0.0,1.04,17.0,34.0,,,,1.06,19.0,61.0,1.05,14.54,36.91,31.0,2017/2018
F1,2017-11-29,Toulouse,Nice,1.0,2.0,A,14.0,8.0,3.0,4.0,16.0,12.0,6.0,4.0,3.0,4.0,1.0,1.0,2.62,3.0,2.89,2.69,3.1,3.03,2.7,3.2,3.05,2.62,3.04,2.88,34.0,2017/2018
F1,2017-12-01,Dijon,Bordeaux,3.0,2.0,H,17.0,14.0,5.0,6.0,15.0,14.0,6.0,4.0,2.0,2.0,0.0,0.0,3.1,3.1,2.5,3.05,3.3,2.57,3.1,3.31,2.6,2.95,3.18,2.49,35.0,2017/2018
F1,2017-12-02,Lille,Toulouse,1.0,0.0,H,10.0,10.0,3.0,3.0,17.0,18.0,3.0,6.0,2.0,3.0,0.0,0.0,2.04,3.29,3.89,2.09,3.23,4.19,2.11,3.3,4.19,2.04,3.23,3.87,35.0,2017/2018
F1,2017-12-02,Monaco,Angers,1.0,0.0,H,5.0,8.0,3.0,3.0,13.0,19.0,5.0,3.0,3.0,3.0,0.0,0.0,1.39,4.75,8.0,1.39,5.32,8.4,1.42,5.5,8.4,1.39,4.91,7.41,35.0,2017/2018
F1,2017-12-02,Nice,Metz,3.0,1.0,H,15.0,13.0,7.0,5.0,10.0,17.0,1.0,5.0,0.0,2.0,0.0,0.0,1.44,4.0,8.5,1.44,4.7,8.53,1.45,4.7,8.75,1.43,4.3,7.83,35.0,2017/2018
F1,2017-12-02,Rennes,Amiens,2.0,0.0,H,25.0,6.0,5.0,2.0,10.0,7.0,16.0,0.0,1.0,5.0,0.0,0.0,2.0,3.0,4.75,1.99,3.08,5.05,2.05,3.2,5.05,1.99,3.07,4.36,35.0,2017/2018
F1,2017-12-02,Strasbourg,Paris Saint-Germain,2.0,1.0,H,5.0,29.0,2.0,5.0,20.0,5.0,0.0,13.0,4.0,3.0,0.0,0.0,15.0,8.0,1.16,15.25,8.26,1.19,19.0,8.3,1.2,14.24,7.42,1.17,35.0,2017/2018
F1,2017-12-02,Troyes,Guingamp,0.0,1.0,A,14.0,11.0,3.0,5.0,13.0,9.0,5.0,3.0,2.0,2.0,1.0,1.0,2.62,3.1,2.89,2.69,3.26,2.88,2.69,3.3,2.9,2.6,3.15,2.79,35.0,2017/2018
F1,2017-12-03,Caen,Lyon,1.0,2.0,A,19.0,11.0,4.0,4.0,18.0,15.0,9.0,4.0,1.0,3.0,0.0,0.0,4.33,3.6,1.85,4.71,3.81,1.82,4.71,3.81,1.85,4.39,3.6,1.8,33.0,2017/2018
F1,2017-12-03,Montpellier,Marseille,1.0,1.0,D,13.0,6.0,4.0,2.0,9.0,23.0,1.0,3.0,4.0,2.0,0.0,0.0,3.39,3.29,2.2,3.31,3.39,2.33,3.5,3.39,2.33,3.27,3.25,2.24,34.0,2017/2018
F1,2017-12-03,Saint-Etienne,Nantes,1.0,1.0,D,13.0,22.0,4.0,6.0,18.0,10.0,5.0,9.0,4.0,1.0,0.0,0.0,2.29,3.0,3.6,2.38,3.0,3.67,2.4,3.1,3.76,2.31,2.96,3.46,35.0,2017/2018
F1,2017-12-08,Bordeaux,Strasbourg,0.0,3.0,A,12.0,10.0,2.0,4.0,14.0,10.0,10.0,5.0,3.0,1.0,0.0,0.0,1.64,3.75,5.75,1.7,3.96,5.41,1.75,4.0,5.75,1.68,3.78,5.18,37.0,2017/2018
F1,2017-12-09,Angers,Montpellier,1.0,1.0,D,13.0,10.0,4.0,6.0,15.0,10.0,5.0,4.0,3.0,2.0,0.0,0.0,2.39,3.1,3.25,2.57,3.11,3.18,2.8,3.2,3.25,2.49,3.05,3.06,37.0,2017/2018
F1,2017-12-09,Toulouse,Caen,2.0,0.0,H,10.0,11.0,3.0,3.0,15.0,10.0,4.0,5.0,1.0,2.0,0.0,0.0,2.25,2.89,3.79,2.28,3.12,3.78,2.35,3.23,3.79,2.23,3.06,3.56,37.0,2017/2018
F1,2017-12-09,Paris Saint-Germain,Lille,3.0,1.0,H,14.0,7.0,5.0,2.0,14.0,19.0,5.0,4.0,2.0,2.0,0.0,0.0,1.12,9.0,21.0,1.13,11.2,18.45,1.17,11.2,24.75,1.13,9.29,17.75,37.0,2017/2018
F1,2017-12-09,Monaco,Troyes,3.0,2.0,H,19.0,5.0,6.0,3.0,14.0,22.0,16.0,1.0,4.0,5.0,0.0,0.0,1.3,5.5,10.0,1.32,5.72,10.56,1.35,5.81,12.0,1.32,5.32,9.5,37.0,2017/2018
F1,2017-12-09,Metz,Rennes,1.0,1.0,D,13.0,5.0,6.0,4.0,14.0,11.0,5.0,6.0,3.0,3.0,0.0,0.0,3.7,3.0,2.25,3.77,3.18,2.24,3.8,3.3,2.3,3.51,3.13,2.22,37.0,2017/2018
F1,2017-12-09,Guingamp,Dijon,4.0,0.0,H,17.0,8.0,9.0,1.0,5.0,7.0,18.0,2.0,0.0,0.0,0.0,1.0,2.1,3.29,3.75,2.12,3.31,3.9,2.16,3.47,3.9,2.09,3.3,3.64,37.0,2017/2018
F1,2017-12-10,Amiens,Lyon,1.0,2.0,A,14.0,12.0,6.0,3.0,11.0,15.0,2.0,2.0,1.0,2.0,0.0,0.0,5.5,4.0,1.61,5.31,4.05,1.69,5.75,4.2,1.7,5.24,3.96,1.64,37.0,2017/2018
F1,2017-12-10,Marseille,Saint-Etienne,3.0,0.0,H,18.0,5.0,7.0,1.0,13.0,10.0,7.0,2.0,1.0,2.0,0.0,1.0,1.5,4.2,7.0,1.55,4.43,6.57,1.6,4.5,7.0,1.53,4.23,6.07,37.0,2017/2018
F1,2017-12-10,Nantes,Nice,1.0,2.0,A,22.0,12.0,4.0,5.0,13.0,12.0,5.0,3.0,1.0,4.0,0.0,0.0,2.1,3.1,3.89,2.21,3.2,3.85,2.24,3.32,3.89,2.15,3.15,3.64,37.0,2017/2018
F1,2017-12-15,Saint-Etienne,Monaco,0.0,4.0,A,5.0,22.0,3.0,9.0,11.0,11.0,4.0,4.0,1.0,0.0,1.0,0.0,4.75,3.75,1.75,4.72,3.82,1.83,4.77,3.82,2.0,4.46,3.67,1.8,34.0,2017/2018
F1,2017-12-16,Caen,Guingamp,0.0,0.0,D,11.0,8.0,2.0,5.0,20.0,13.0,5.0,4.0,2.0,4.0,0.0,0.0,2.14,3.25,3.6,2.18,3.29,3.78,2.21,3.4,3.78,2.14,3.23,3.57,33.0,2017/2018
F1,2017-12-16,Dijon,Lille,3.0,0.0,H,13.0,9.0,8.0,5.0,14.0,9.0,3.0,4.0,1.0,1.0,0.0,0.0,2.25,3.2,3.39,2.36,3.29,3.36,2.37,3.36,3.4,2.29,3.2,3.25,34.0,2017/2018
F1,2017-12-16,Montpellier,Metz,1.0,3.0,A,9.0,6.0,3.0,4.0,10.0,21.0,3.0,2.0,1.0,2.0,0.0,0.0,1.44,4.2,8.0,1.49,4.25,8.56,1.5,4.43,8.62,1.46,4.15,7.76,33.0,2017/2018
F1,2017-12-16,Rennes,Paris Saint-Germain,1.0,4.0,A,14.0,21.0,2.0,10.0,16.0,10.0,4.0,11.0,4.0,3.0,1.0,1.0,11.0,7.0,1.22,13.09,6.54,1.26,15.0,7.0,1.27,11.75,6.24,1.24,34.0,2017/2018
F1,2017-12-16,Strasbourg,Toulouse,2.0,1.0,H,9.0,11.0,5.0,3.0,17.0,15.0,5.0,5.0,2.0,4.0,0.0,0.0,2.1,3.2,3.7,2.17,3.34,3.77,2.23,3.43,3.8,2.14,3.24,3.55,34.0,2017/2018
F1,2017-12-16,Troyes,Amiens,1.0,0.0,H,19.0,11.0,7.0,3.0,18.0,14.0,9.0,0.0,4.0,2.0,0.0,0.0,2.29,3.1,3.39,2.34,3.14,3.59,2.5,3.25,3.59,2.29,3.11,3.34,34.0,2017/2018
F1,2017-12-17,Lyon,Marseille,2.0,0.0,H,8.0,19.0,5.0,5.0,10.0,19.0,5.0,10.0,0.0,2.0,0.0,0.0,2.04,3.6,3.5,2.04,3.88,3.6,2.11,3.88,3.6,2.03,3.64,3.44,34.0,2017/2018
F1,2017-12-17,Nantes,Angers,1.0,0.0,H,10.0,7.0,4.0,0.0,9.0,15.0,3.0,6.0,3.0,2.0,1.0,0.0,2.04,3.2,4.0,2.09,3.19,4.28,2.11,3.4,4.6,2.02,3.18,4.07,34.0,2017/2018
F1,2017-12-17,Nice,Bordeaux,1.0,0.0,H,11.0,10.0,3.0,1.0,10.0,15.0,2.0,4.0,1.0,2.0,0.0,0.0,2.29,3.25,3.2,2.32,3.35,3.4,2.33,3.41,3.45,2.25,3.26,3.27,34.0,2017/2018
F1,2017-12-20,Amiens,Nantes,0.0,1.0,A,12.0,14.0,5.0,5.0,17.0,13.0,5.0,2.0,3.0,2.0,0.0,0.0,2.79,3.1,2.7,2.92,3.06,2.82,2.93,3.15,2.82,2.79,3.04,2.73,35.0,2017/2018
F1,2017-12-20,Angers,Dijon,2.0,1.0,H,24.0,16.0,11.0,3.0,16.0,18.0,7.0,3.0,3.0,4.0,0.0,1.0,2.14,3.25,3.6,2.26,3.24,3.66,2.29,3.35,3.74,2.19,3.24,3.45,35.0,2017/2018
F1,2017-12-20,Bordeaux,Montpellier,0.0,2.0,A,8.0,14.0,1.0,6.0,14.0,13.0,4.0,2.0,3.0,3.0,0.0,0.0,2.1,3.2,3.79,2.09,3.29,4.13,2.16,3.31,4.13,2.09,3.2,3.8,35.0,2017/2018
F1,2017-12-20,Guingamp,Saint-Etienne,2.0,1.0,H,27.0,3.0,6.0,3.0,13.0,13.0,10.0,0.0,3.0,2.0,0.0,1.0,1.9,3.25,4.5,2.0,3.21,4.57,2.02,3.38,4.65,1.96,3.25,4.23,35.0,2017/2018
F1,2017-12-20,Lille,Nice,1.0,1.0,D,5.0,8.0,1.0,3.0,18.0,11.0,3.0,4.0,2.0,4.0,0.0,0.0,2.54,3.2,2.89,2.65,3.22,2.96,2.7,3.32,2.99,2.54,3.2,2.87,35.0,2017/2018
F1,2017-12-20,Marseille,Troyes,3.0,1.0,H,20.0,8.0,8.0,3.0,11.0,13.0,8.0,2.0,1.0,0.0,0.0,0.0,1.3,5.5,10.0,1.3,5.97,11.1,1.33,5.97,11.5,1.3,5.44,9.88,35.0,2017/2018
F1,2017-12-20,Metz,Strasbourg,3.0,0.0,H,26.0,7.0,9.0,2.0,17.0,13.0,10.0,8.0,4.0,1.0,0.0,0.0,3.0,3.29,2.45,2.93,3.35,2.6,3.1,3.36,2.6,2.91,3.23,2.49,35.0,2017/2018
F1,2017-12-20,Monaco,Rennes,2.0,1.0,H,14.0,8.0,4.0,2.0,21.0,19.0,8.0,1.0,3.0,2.0,0.0,0.0,1.39,4.75,8.0,1.42,5.03,8.22,1.45,5.2,8.6,1.4,4.77,7.66,35.0,2017/2018
F1,2017-12-20,Paris Saint-Germain,Caen,3.0,1.0,H,21.0,9.0,7.0,4.0,7.0,12.0,5.0,6.0,2.0,2.0,0.0,0.0,1.07,12.0,29.0,1.08,14.45,37.01,1.1,14.6,51.0,1.07,12.12,28.72,35.0,2017/2018
F1,2017-12-20,Toulouse,Lyon,1.0,2.0,A,17.0,14.0,5.0,10.0,16.0,11.0,8.0,4.0,3.0,2.0,0.0,0.0,4.33,3.79,1.8,4.75,3.81,1.81,4.75,3.9,1.87,4.37,3.68,1.81,35.0,2017/2018
F1,2018-01-12,Strasbourg,Guingamp,0.0,2.0,A,14.0,10.0,3.0,5.0,14.0,14.0,7.0,7.0,1.0,2.0,0.0,0.0,2.5,3.25,2.87,2.6,3.29,3.02,2.65,3.32,3.11,2.5,3.21,2.92,35.0,2017/2018
F1,2018-01-13,Caen,Lille,0.0,1.0,A,15.0,12.0,7.0,5.0,15.0,11.0,5.0,3.0,3.0,3.0,1.0,1.0,2.6,2.89,3.1,2.57,2.97,3.34,2.63,3.06,3.34,2.5,2.94,3.17,35.0,2017/2018
F1,2018-01-13,Nice,Amiens,1.0,0.0,H,20.0,9.0,7.0,3.0,10.0,13.0,7.0,1.0,1.0,0.0,0.0,0.0,1.6,3.6,6.5,1.63,3.97,6.21,1.75,4.03,6.5,1.61,3.77,5.89,36.0,2017/2018
F1,2018-01-13,Montpellier,Monaco,0.0,0.0,D,16.0,13.0,4.0,6.0,15.0,10.0,10.0,6.0,5.0,1.0,0.0,0.0,3.5,3.25,2.2,3.54,3.4,2.23,3.7,3.4,2.27,3.43,3.28,2.18,36.0,2017/2018
F1,2018-01-13,Troyes,Bordeaux,0.0,1.0,A,8.0,10.0,3.0,4.0,15.0,13.0,2.0,2.0,4.0,0.0,0.0,0.0,3.25,3.1,2.37,3.45,3.23,2.35,3.45,3.28,2.6,3.23,3.16,2.34,36.0,2017/2018
F1,2018-01-13,Rennes,Marseille,0.0,3.0,A,13.0,18.0,3.0,5.0,8.0,18.0,3.0,2.0,1.0,2.0,0.0,0.0,4.0,3.29,2.0,4.32,3.52,1.96,4.4,3.57,2.2,3.99,3.38,1.97,36.0,2017/2018
F1,2018-01-13,Dijon,Metz,1.0,1.0,D,12.0,12.0,7.0,6.0,10.0,15.0,6.0,7.0,2.0,2.0,1.0,0.0,1.85,3.5,4.33,1.88,3.68,4.47,1.96,3.7,4.47,1.88,3.52,4.16,36.0,2017/2018
F1,2018-01-14,Lyon,Angers,1.0,1.0,D,19.0,9.0,7.0,2.0,11.0,18.0,12.0,1.0,2.0,4.0,0.0,1.0,1.44,4.5,7.5,1.48,4.74,7.18,1.5,4.75,7.7,1.45,4.49,6.79,36.0,2017/2018
F1,2018-01-14,Nantes,Paris Saint-Germain,0.0,1.0,A,13.0,20.0,3.0,3.0,17.0,11.0,2.0,5.0,3.0,2.0,1.0,0.0,12.0,6.0,1.25,12.56,6.18,1.28,13.0,6.5,1.29,11.39,5.89,1.25,36.0,2017/2018
F1,2018-01-14,Saint-Etienne,Toulouse,2.0,0.0,H,11.0,19.0,5.0,8.0,14.0,22.0,4.0,10.0,1.0,3.0,0.0,0.0,2.1,3.0,4.0,2.25,3.17,3.76,2.35,3.27,4.0,2.2,3.11,3.55,36.0,2017/2018
F1,2018-01-16,Bordeaux,Caen,0.0,2.0,A,13.0,10.0,5.0,3.0,13.0,12.0,7.0,2.0,3.0,5.0,1.0,0.0,1.8,3.39,5.0,1.86,3.46,5.01,1.91,3.52,5.11,1.84,3.39,4.61,35.0,2017/2018
F1,2018-01-16,Marseille,Strasbourg,2.0,0.0,H,15.0,4.0,7.0,2.0,6.0,15.0,7.0,4.0,2.0,3.0,0.0,0.0,1.28,5.5,11.0,1.28,6.33,11.53,1.32,6.33,11.53,1.28,5.83,10.06,34.0,2017/2018
F1,2018-01-16,Monaco,Nice,2.0,2.0,D,6.0,9.0,3.0,5.0,10.0,12.0,6.0,3.0,4.0,4.0,0.0,0.0,1.7,3.79,5.0,1.75,3.86,5.13,1.78,4.06,5.2,1.72,3.84,4.74,35.0,2017/2018
F1,2018-01-17,Angers,Troyes,3.0,1.0,H,12.0,8.0,5.0,2.0,15.0,17.0,8.0,2.0,0.0,5.0,0.0,0.0,1.8,3.5,4.75,1.85,3.51,5.02,1.88,3.63,5.03,1.81,3.44,4.73,34.0,2017/2018
F1,2018-01-17,Guingamp,Lyon,0.0,2.0,A,8.0,21.0,3.0,13.0,20.0,16.0,3.0,11.0,2.0,2.0,0.0,0.0,3.39,3.29,2.2,3.4,3.51,2.27,3.4,3.51,2.3,3.24,3.39,2.22,34.0,2017/2018
F1,2018-01-17,Amiens,Montpellier,1.0,1.0,D,13.0,16.0,3.0,5.0,10.0,6.0,2.0,3.0,2.0,1.0,0.0,0.0,3.75,3.0,2.25,3.79,3.01,2.33,3.79,3.07,2.4,3.57,2.96,2.29,34.0,2017/2018
F1,2018-01-17,Lille,Rennes,1.0,2.0,A,11.0,22.0,3.0,12.0,15.0,4.0,2.0,9.0,1.0,0.0,0.0,0.0,2.14,3.29,3.6,2.12,3.25,4.07,2.2,3.34,4.16,2.12,3.19,3.73,34.0,2017/2018
F1,2018-01-17,Toulouse,Nantes,1.0,1.0,D,15.0,11.0,3.0,2.0,17.0,16.0,3.0,2.0,2.0,4.0,0.0,0.0,2.6,3.0,3.0,2.82,2.96,3.01,2.86,3.08,3.01,2.68,2.96,2.9,34.0,2017/2018
F1,2018-01-17,Metz,Saint-Etienne,3.0,0.0,H,19.0,7.0,12.0,4.0,14.0,11.0,6.0,3.0,1.0,4.0,0.0,1.0,2.5,3.2,3.0,2.55,3.29,3.03,2.62,3.33,3.03,2.51,3.2,2.92,34.0,2017/2018
F1,2018-01-17,Paris Saint-Germain,Dijon,8.0,0.0,H,23.0,6.0,14.0,1.0,8.0,16.0,9.0,4.0,0.0,1.0,0.0,0.0,1.07,13.0,25.0,1.08,14.4,26.5,1.11,14.6,38.05,1.08,12.2,24.98,34.0,2017/2018
F1,2018-01-19,Caen,Marseille,0.0,2.0,A,5.0,12.0,2.0,4.0,18.0,15.0,1.0,4.0,2.0,3.0,0.0,0.0,4.75,3.6,1.75,4.91,3.68,1.82,4.91,3.68,1.91,4.51,3.51,1.82,36.0,2017/2018
F1,2018-01-20,Strasbourg,Dijon,3.0,2.0,H,16.0,12.0,9.0,5.0,17.0,22.0,5.0,1.0,1.0,1.0,0.0,0.0,2.0,3.29,4.0,2.02,3.5,4.09,2.2,3.59,4.35,1.99,3.42,3.84,35.0,2017/2018
F1,2018-01-20,Troyes,Lille,1.0,0.0,H,7.0,9.0,2.0,1.0,13.0,10.0,5.0,6.0,0.0,2.0,0.0,0.0,2.7,3.0,2.89,2.7,3.19,2.93,2.75,3.19,2.93,2.66,3.05,2.84,36.0,2017/2018
F1,2018-01-20,Amiens,Guingamp,3.0,1.0,H,13.0,6.0,6.0,1.0,9.0,11.0,7.0,3.0,0.0,2.0,0.0,0.0,3.1,3.1,2.45,3.08,3.13,2.63,3.2,3.22,2.63,3.03,3.08,2.5,36.0,2017/2018
F1,2018-01-20,Montpellier,Toulouse,2.0,1.0,H,22.0,9.0,5.0,3.0,18.0,13.0,5.0,4.0,1.0,4.0,0.0,1.0,1.72,3.39,5.75,1.81,3.44,5.53,1.82,3.52,5.75,1.77,3.37,5.16,36.0,2017/2018
F1,2018-01-20,Nantes,Bordeaux,0.0,1.0,A,14.0,9.0,4.0,3.0,19.0,11.0,3.0,5.0,1.0,2.0,0.0,0.0,1.9,3.29,4.5,1.98,3.24,4.73,2.1,3.37,4.75,1.94,3.22,4.37,36.0,2017/2018
F1,2018-01-20,Rennes,Angers,1.0,0.0,H,9.0,9.0,2.0,3.0,13.0,17.0,5.0,4.0,3.0,5.0,0.0,1.0,2.1,3.1,3.89,2.17,3.28,3.86,2.21,3.35,3.98,2.13,3.19,3.66,36.0,2017/2018
F1,2018-01-21,Monaco,Metz,3.0,1.0,H,13.0,3.0,6.0,2.0,11.0,15.0,6.0,3.0,1.0,1.0,0.0,1.0,1.33,5.25,8.5,1.31,6.25,10.02,1.37,6.25,10.02,1.32,5.5,8.56,35.0,2017/2018
F1,2018-01-21,Nice,Saint-Etienne,1.0,0.0,H,7.0,9.0,2.0,2.0,15.0,23.0,4.0,4.0,3.0,1.0,0.0,0.0,1.57,3.79,6.5,1.6,3.97,6.68,1.7,4.1,6.68,1.59,3.89,5.9,36.0,2017/2018
F1,2018-01-21,Lyon,Paris Saint-Germain,2.0,1.0,H,11.0,11.0,6.0,3.0,16.0,11.0,3.0,7.0,2.0,3.0,0.0,1.0,7.5,5.0,1.39,7.09,5.26,1.44,7.5,5.31,1.46,6.58,5.0,1.42,36.0,2017/2018
F1,2018-01-26,Dijon,Rennes,2.0,1.0,H,14.0,13.0,4.0,4.0,10.0,17.0,3.0,5.0,3.0,2.0,0.0,0.0,2.54,3.39,2.75,2.66,3.41,2.81,2.72,3.46,2.84,2.6,3.33,2.71,36.0,2017/2018
F1,2018-01-27,Angers,Amiens,1.0,0.0,H,16.0,3.0,7.0,0.0,14.0,19.0,5.0,4.0,1.0,3.0,0.0,0.0,1.85,3.29,4.75,1.92,3.37,4.86,1.96,3.37,5.0,1.89,3.26,4.52,36.0,2017/2018
F1,2018-01-27,Guingamp,Nantes,0.0,3.0,A,6.0,13.0,0.0,5.0,9.0,17.0,3.0,9.0,2.0,3.0,0.0,0.0,2.39,3.1,3.25,2.38,3.14,3.49,2.5,3.2,3.49,2.39,3.05,3.22,36.0,2017/2018
F1,2018-01-27,Metz,Nice,2.0,1.0,H,15.0,13.0,5.0,5.0,26.0,19.0,4.0,2.0,4.0,5.0,0.0,1.0,3.39,3.25,2.25,3.42,3.34,2.31,3.6,3.41,2.5,3.28,3.26,2.25,36.0,2017/2018
F1,2018-01-27,Paris Saint-Germain,Montpellier,4.0,0.0,H,11.0,16.0,7.0,3.0,16.0,11.0,2.0,10.0,1.0,2.0,0.0,0.0,1.14,8.5,17.0,1.16,8.65,22.0,1.18,9.17,22.0,1.15,7.94,17.59,36.0,2017/2018
F1,2018-01-27,Saint-Etienne,Caen,2.0,1.0,H,12.0,14.0,4.0,3.0,12.0,17.0,3.0,8.0,2.0,1.0,0.0,0.0,2.04,3.29,3.79,2.06,3.25,4.33,2.12,3.4,4.33,2.05,3.19,3.92,36.0,2017/2018
F1,2018-01-27,Toulouse,Troyes,1.0,0.0,H,20.0,1.0,7.0,0.0,11.0,15.0,6.0,2.0,1.0,4.0,0.0,1.0,2.0,3.2,4.2,2.08,3.31,4.13,2.11,3.38,4.5,2.01,3.22,4.02,35.0,2017/2018
F1,2018-01-28,Bordeaux,Lyon,3.0,1.0,H,9.0,9.0,4.0,4.0,17.0,12.0,2.0,1.0,3.0,3.0,1.0,0.0,3.6,3.5,2.04,3.55,3.56,2.16,3.68,3.6,2.19,3.42,3.44,2.11,35.0,2017/2018
F1,2018-01-28,Lille,Strasbourg,2.0,1.0,H,8.0,11.0,5.0,2.0,5.0,11.0,6.0,2.0,1.0,1.0,0.0,0.0,2.14,3.29,3.5,2.16,3.32,3.85,2.2,3.39,3.85,2.13,3.24,3.58,35.0,2017/2018
F1,2018-01-28,Marseille,Monaco,2.0,2.0,D,17.0,9.0,6.0,3.0,20.0,15.0,5.0,7.0,3.0,2.0,0.0,0.0,1.95,3.6,3.79,1.96,3.73,4.05,2.1,3.78,4.1,1.93,3.61,3.79,36.0,2017/2018
F1,2018-02-02,Marseille,Metz,6.0,3.0,H,18.0,18.0,10.0,8.0,9.0,17.0,3.0,5.0,1.0,0.0,0.0,0.0,1.25,6.0,12.0,1.27,6.45,12.0,1.3,6.7,13.0,1.26,6.04,10.93,38.0,2017/2018
F1,2018-02-03,Amiens,Saint-Etienne,0.0,2.0,A,8.0,16.0,0.0,8.0,10.0,16.0,3.0,4.0,2.0,1.0,0.0,0.0,2.5,3.1,3.1,2.57,3.12,3.19,2.6,3.25,3.19,2.51,3.06,3.03,38.0,2017/2018
F1,2018-02-03,Lille,Paris Saint-Germain,0.0,3.0,A,10.0,19.0,3.0,9.0,11.0,4.0,3.0,9.0,1.0,1.0,0.0,0.0,17.0,7.5,1.16,19.09,8.14,1.18,21.0,8.5,1.2,16.31,7.35,1.17,38.0,2017/2018
F1,2018-02-03,Montpellier,Angers,2.0,1.0,H,8.0,8.0,3.0,2.0,10.0,10.0,5.0,1.0,0.0,2.0,0.0,0.0,2.0,3.1,4.33,2.0,3.26,4.5,2.09,3.39,4.6,1.97,3.16,4.28,38.0,2017/2018
F1,2018-02-03,Nice,Toulouse,0.0,1.0,A,14.0,6.0,2.0,1.0,14.0,13.0,11.0,1.0,2.0,2.0,0.0,0.0,1.95,3.39,4.2,1.93,3.61,4.33,2.0,3.64,4.85,1.9,3.45,4.21,38.0,2017/2018
F1,2018-02-03,Strasbourg,Bordeaux,0.0,2.0,A,9.0,7.0,0.0,4.0,13.0,15.0,7.0,2.0,1.0,4.0,0.0,0.0,3.2,3.0,2.5,3.32,3.2,2.43,3.32,3.31,2.65,3.11,3.13,2.42,37.0,2017/2018
F1,2018-02-04,Caen,Nantes,3.0,2.0,H,16.0,14.0,7.0,4.0,11.0,9.0,6.0,4.0,1.0,2.0,0.0,0.0,2.79,2.89,2.87,2.81,3.07,2.91,2.92,3.2,2.91,2.76,3.0,2.77,38.0,2017/2018
F1,2018-02-04,Monaco,Lyon,3.0,2.0,H,12.0,13.0,7.0,4.0,18.0,15.0,3.0,7.0,3.0,3.0,1.0,0.0,2.29,3.5,3.0,2.34,3.65,3.09,2.5,3.72,3.11,2.32,3.5,2.94,38.0,2017/2018
F1,2018-02-04,Rennes,Guingamp,0.0,1.0,A,13.0,11.0,5.0,4.0,20.0,12.0,4.0,4.0,2.0,4.0,0.0,0.0,2.0,3.29,4.0,2.04,3.4,4.15,2.07,3.6,4.2,1.98,3.36,3.95,38.0,2017/2018
F1,2018-02-09,Saint-Etienne,Marseille,2.0,2.0,D,7.0,12.0,3.0,4.0,12.0,12.0,2.0,7.0,0.0,0.0,0.0,0.0,4.33,3.6,1.85,4.33,3.75,1.89,4.4,3.85,1.94,4.09,3.65,1.86,39.0,2017/2018
F1,2018-02-10,Dijon,Nice,3.0,2.0,H,11.0,14.0,3.0,5.0,14.0,14.0,4.0,8.0,2.0,3.0,0.0,0.0,2.7,3.29,2.62,2.82,3.44,2.63,2.82,3.51,2.78,2.71,3.3,2.61,39.0,2017/2018
F1,2018-02-10,Bordeaux,Amiens,3.0,2.0,H,14.0,19.0,4.0,6.0,11.0,13.0,7.0,11.0,0.0,1.0,0.0,0.0,1.5,4.0,7.5,1.5,4.15,8.52,1.6,4.52,9.0,1.47,4.07,7.6,39.0,2017/2018
F1,2018-02-10,Angers,Monaco,0.0,4.0,A,11.0,10.0,1.0,6.0,11.0,6.0,4.0,3.0,1.0,0.0,0.0,0.0,3.2,3.29,2.29,3.23,3.25,2.45,3.25,3.36,2.48,3.11,3.21,2.36,39.0,2017/2018
F1,2018-02-10,Guingamp,Caen,0.0,0.0,D,6.0,12.0,1.0,2.0,12.0,17.0,1.0,7.0,1.0,2.0,0.0,0.0,2.1,3.29,3.75,2.11,3.31,4.01,2.22,3.4,4.01,2.11,3.21,3.71,39.0,2017/2018
F1,2018-02-10,Toulouse,Paris Saint-Germain,0.0,1.0,A,3.0,21.0,1.0,6.0,20.0,13.0,0.0,10.0,4.0,2.0,0.0,0.0,17.0,7.0,1.18,16.96,7.42,1.2,17.0,7.65,1.25,14.68,6.75,1.19,39.0,2017/2018
F1,2018-02-10,Metz,Montpellier,0.0,1.0,A,12.0,16.0,5.0,8.0,15.0,11.0,11.0,6.0,2.0,1.0,0.0,0.0,3.29,3.1,2.37,3.36,3.3,2.36,3.38,3.36,2.5,3.22,3.14,2.34,39.0,2017/2018
F1,2018-02-11,Lyon,Rennes,0.0,2.0,A,19.0,6.0,6.0,3.0,16.0,8.0,10.0,1.0,2.0,1.0,0.0,0.0,1.5,4.33,6.5,1.56,4.49,6.27,1.56,4.74,7.0,1.51,4.34,6.11,39.0,2017/2018
F1,2018-02-11,Nantes,Lille,2.0,2.0,D,20.0,7.0,6.0,4.0,9.0,11.0,5.0,7.0,0.0,1.0,0.0,0.0,1.85,3.39,4.75,1.85,3.43,5.18,1.92,3.57,5.18,1.84,3.32,4.7,39.0,2017/2018
F1,2018-02-11,Strasbourg,Troyes,2.0,1.0,H,12.0,12.0,2.0,4.0,9.0,14.0,4.0,6.0,2.0,2.0,0.0,0.0,1.95,3.39,4.2,1.93,3.54,4.47,2.01,3.58,4.5,1.93,3.39,4.13,38.0,2017/2018
F1,2018-02-16,Monaco,Dijon,4.0,0.0,H,14.0,7.0,5.0,4.0,11.0,13.0,5.0,5.0,2.0,1.0,0.0,0.0,1.28,5.75,10.0,1.33,5.8,10.0,1.35,6.36,11.0,1.3,5.64,9.32,35.0,2017/2018
F1,2018-02-17,Amiens,Toulouse,0.0,0.0,D,6.0,12.0,1.0,5.0,11.0,15.0,2.0,6.0,1.0,0.0,1.0,0.0,2.7,3.0,2.87,2.71,3.12,2.98,2.77,3.23,2.98,2.66,3.04,2.86,38.0,2017/2018
F1,2018-02-17,Angers,Saint-Etienne,0.0,1.0,A,19.0,10.0,4.0,3.0,14.0,14.0,10.0,5.0,1.0,2.0,0.0,0.0,2.5,3.2,3.0,2.56,3.08,3.22,2.6,3.23,3.3,2.47,3.07,3.08,38.0,2017/2018
F1,2018-02-17,Caen,Rennes,2.0,2.0,D,18.0,11.0,6.0,5.0,4.0,8.0,12.0,11.0,2.0,0.0,0.0,0.0,2.45,3.1,3.1,2.49,3.21,3.21,2.6,3.29,3.21,2.47,3.13,3.02,38.0,2017/2018
F1,2018-02-17,Montpellier,Guingamp,1.0,1.0,D,19.0,4.0,5.0,1.0,8.0,15.0,4.0,2.0,1.0,1.0,0.0,0.0,1.8,3.39,5.0,1.74,3.69,5.64,1.83,3.69,5.64,1.76,3.47,5.01,38.0,2017/2018
F1,2018-02-17,Paris Saint-Germain,Strasbourg,5.0,2.0,H,20.0,12.0,11.0,2.0,9.0,15.0,4.0,6.0,2.0,3.0,0.0,0.0,1.08,11.0,34.0,1.07,15.5,33.0,1.1,17.0,46.0,1.06,12.67,30.76,37.0,2017/2018
F1,2018-02-17,Troyes,Metz,1.0,0.0,H,18.0,10.0,9.0,4.0,9.0,9.0,10.0,4.0,1.0,2.0,0.0,0.0,2.2,3.2,3.5,2.25,3.44,3.46,2.32,3.56,3.5,2.22,3.28,3.35,37.0,2017/2018
F1,2018-02-18,Marseille,Bordeaux,1.0,0.0,H,12.0,5.0,8.0,1.0,11.0,12.0,7.0,4.0,2.0,2.0,0.0,0.0,1.61,4.0,5.5,1.62,4.12,6.06,1.7,4.2,6.06,1.63,3.94,5.25,37.0,2017/2018
F1,2018-02-18,Nice,Nantes,1.0,1.0,D,12.0,9.0,4.0,3.0,13.0,9.0,14.0,4.0,2.0,0.0,0.0,0.0,2.25,3.1,3.5,2.32,3.23,3.52,2.39,3.36,3.6,2.26,3.15,3.39,37.0,2017/2018
F1,2018-02-18,Lille,Lyon,2.0,2.0,D,14.0,13.0,5.0,5.0,12.0,9.0,7.0,3.0,0.0,4.0,0.0,0.0,4.0,3.5,1.95,4.39,3.78,1.89,4.39,3.78,2.0,4.11,3.54,1.88,37.0,2017/2018
F1,2018-02-20,Troyes,Dijon,0.0,0.0,D,9.0,7.0,3.0,1.0,15.0,12.0,8.0,6.0,2.0,1.0,0.0,0.0,2.39,3.29,3.0,2.52,3.27,3.1,2.6,3.37,3.1,2.48,3.25,2.92,39.0,2017/2018
F1,2018-02-23,Strasbourg,Montpellier,0.0,0.0,D,11.0,8.0,3.0,2.0,17.0,11.0,4.0,3.0,2.0,3.0,0.0,0.0,3.2,3.0,2.39,3.33,3.13,2.47,3.35,3.27,2.65,3.15,3.09,2.43,38.0,2017/2018
F1,2018-02-24,Dijon,Caen,2.0,0.0,H,13.0,13.0,3.0,2.0,6.0,16.0,5.0,8.0,1.0,4.0,0.0,0.0,2.2,3.29,3.39,2.35,3.29,3.39,2.37,3.47,3.4,2.27,3.27,3.24,39.0,2017/2018
F1,2018-02-24,Guingamp,Metz,2.0,2.0,D,17.0,5.0,8.0,2.0,15.0,16.0,5.0,5.0,3.0,4.0,0.0,0.0,2.0,3.5,3.79,2.1,3.43,3.88,2.18,3.55,4.1,2.05,3.35,3.71,39.0,2017/2018
F1,2018-02-24,Lille,Angers,1.0,2.0,A,14.0,14.0,3.0,9.0,12.0,11.0,4.0,5.0,0.0,2.0,0.0,0.0,2.2,3.2,3.5,2.4,3.09,3.51,2.43,3.26,3.59,2.3,3.08,3.36,39.0,2017/2018
F1,2018-02-24,Nantes,Amiens,0.0,1.0,A,27.0,8.0,4.0,1.0,10.0,16.0,8.0,6.0,2.0,2.0,0.0,0.0,1.66,3.6,5.75,1.68,3.71,6.31,1.75,3.79,6.5,1.66,3.61,5.72,39.0,2017/2018
F1,2018-02-24,Rennes,Troyes,2.0,0.0,H,11.0,8.0,6.0,0.0,9.0,11.0,5.0,5.0,3.0,1.0,0.0,1.0,1.72,3.6,5.25,1.72,3.69,5.77,1.78,3.85,5.77,1.69,3.64,5.24,39.0,2017/2018
F1,2018-02-24,Toulouse,Monaco,3.0,3.0,D,9.0,9.0,6.0,5.0,13.0,15.0,6.0,6.0,1.0,3.0,0.0,0.0,4.33,3.5,1.85,4.56,3.6,1.89,4.56,3.71,1.98,4.16,3.52,1.88,39.0,2017/2018
F1,2018-02-25,Bordeaux,Nice,0.0,0.0,D,23.0,3.0,6.0,0.0,17.0,17.0,6.0,0.0,2.0,2.0,0.0,0.0,2.1,3.29,3.7,2.12,3.26,4.07,2.19,3.4,4.07,2.08,3.23,3.73,39.0,2017/2018
F1,2018-02-25,Lyon,Saint-Etienne,1.0,1.0,D,9.0,8.0,5.0,2.0,9.0,23.0,3.0,7.0,1.0,3.0,0.0,0.0,1.44,4.5,7.0,1.51,4.68,6.74,1.6,4.95,7.0,1.48,4.51,6.22,39.0,2017/2018
F1,2018-02-25,Paris Saint-Germain,Marseille,3.0,0.0,H,10.0,15.0,3.0,6.0,21.0,18.0,3.0,6.0,6.0,5.0,0.0,0.0,1.25,6.5,10.0,1.26,7.04,10.99,1.31,7.23,12.0,1.25,6.36,10.27,38.0,2017/2018
F1,2018-03-02,Monaco,Bordeaux,2.0,1.0,H,18.0,6.0,5.0,1.0,9.0,13.0,7.0,3.0,0.0,1.0,0.0,0.0,1.61,4.0,5.75,1.67,4.03,5.64,1.69,4.14,6.0,1.64,3.88,5.39,35.0,2017/2018
F1,2018-03-02,Nice,Lille,2.0,1.0,H,23.0,12.0,10.0,5.0,9.0,12.0,8.0,4.0,3.0,1.0,0.0,0.0,1.72,3.5,5.5,1.72,3.61,5.95,1.9,3.77,6.0,1.72,3.53,5.36,35.0,2017/2018
F1,2018-03-03,Amiens,Rennes,0.0,2.0,A,14.0,18.0,3.0,5.0,19.0,16.0,6.0,3.0,2.0,3.0,0.0,0.0,3.25,3.1,2.39,3.38,3.06,2.48,3.42,3.16,2.6,3.18,3.04,2.44,37.0,2017/2018
F1,2018-03-03,Angers,Guingamp,3.0,0.0,H,15.0,12.0,6.0,3.0,14.0,8.0,6.0,3.0,1.0,1.0,0.0,0.0,2.04,3.2,4.0,2.01,3.33,4.37,2.2,3.44,4.38,2.01,3.24,4.05,37.0,2017/2018
F1,2018-03-03,Metz,Toulouse,1.0,1.0,D,12.0,18.0,1.0,4.0,7.0,14.0,4.0,9.0,0.0,4.0,1.0,0.0,2.62,3.1,2.87,2.85,3.16,2.81,2.85,3.27,2.87,2.7,3.13,2.75,37.0,2017/2018
F1,2018-03-03,Saint-Etienne,Dijon,2.0,2.0,D,13.0,9.0,7.0,5.0,10.0,15.0,8.0,6.0,0.0,4.0,0.0,0.0,1.72,3.6,5.25,1.76,3.73,5.28,1.8,3.89,5.5,1.74,3.64,4.96,37.0,2017/2018
F1,2018-03-03,Troyes,Paris Saint-Germain,0.0,2.0,A,10.0,20.0,2.0,13.0,7.0,6.0,2.0,4.0,3.0,1.0,0.0,0.0,9.5,5.75,1.28,10.61,5.92,1.31,12.0,5.92,1.34,10.1,5.46,1.3,37.0,2017/2018
F1,2018-03-04,Caen,Strasbourg,2.0,0.0,H,7.0,11.0,4.0,2.0,14.0,12.0,5.0,3.0,4.0,2.0,0.0,0.0,2.14,3.29,3.6,2.2,3.25,3.8,2.28,3.36,3.8,2.15,3.22,3.57,36.0,2017/2018
F1,2018-03-04,Marseille,Nantes,1.0,1.0,D,22.0,9.0,5.0,3.0,7.0,19.0,8.0,4.0,3.0,4.0,0.0,1.0,1.53,4.0,7.0,1.53,4.39,6.94,1.59,4.51,7.0,1.53,4.13,6.33,37.0,2017/2018
F1,2018-03-04,Montpellier,Lyon,1.0,1.0,D,10.0,19.0,5.0,4.0,15.0,6.0,4.0,4.0,2.0,2.0,0.0,0.0,2.89,3.2,2.54,2.93,3.29,2.63,3.01,3.41,2.64,2.89,3.21,2.53,37.0,2017/2018
F1,2018-03-09,Strasbourg,Monaco,1.0,3.0,A,29.0,10.0,5.0,4.0,13.0,14.0,5.0,3.0,0.0,1.0,0.0,0.0,5.5,3.75,1.66,5.54,4.08,1.67,5.62,4.15,1.75,5.13,3.91,1.66,36.0,2017/2018
F1,2018-03-10,Lille,Montpellier,1.0,1.0,D,5.0,13.0,2.0,4.0,17.0,12.0,3.0,6.0,2.0,2.0,0.0,0.0,3.1,3.0,2.54,3.18,3.05,2.63,3.18,3.2,2.71,3.0,3.02,2.57,39.0,2017/2018
F1,2018-03-10,Bordeaux,Angers,0.0,0.0,D,12.0,9.0,2.0,0.0,10.0,6.0,3.0,2.0,0.0,0.0,0.0,0.0,1.85,3.39,4.75,1.93,3.4,4.72,2.0,3.5,4.75,1.9,3.33,4.4,39.0,2017/2018
F1,2018-03-10,Dijon,Amiens,1.0,1.0,D,10.0,10.0,3.0,4.0,12.0,13.0,5.0,1.0,3.0,0.0,0.0,0.0,1.85,3.39,4.75,1.83,3.62,4.99,1.91,3.72,4.99,1.83,3.48,4.53,39.0,2017/2018
F1,2018-03-10,Paris Saint-Germain,Metz,5.0,0.0,H,18.0,6.0,10.0,3.0,10.0,10.0,9.0,2.0,0.0,1.0,0.0,0.0,1.08,12.0,23.0,,,,1.13,14.0,29.0,1.09,11.34,22.16,36.0,2017/2018
F1,2018-03-10,Rennes,Saint-Etienne,1.0,1.0,D,18.0,9.0,7.0,3.0,16.0,14.0,8.0,4.0,0.0,4.0,0.0,0.0,2.25,3.2,3.39,2.34,3.24,3.45,2.4,3.31,3.5,2.28,3.17,3.32,39.0,2017/2018
F1,2018-03-10,Nantes,Troyes,1.0,0.0,H,19.0,8.0,3.0,0.0,6.0,6.0,5.0,3.0,0.0,1.0,0.0,0.0,1.66,3.5,6.0,1.68,3.73,6.12,1.74,3.74,6.25,1.67,3.55,5.82,38.0,2017/2018
F1,2018-03-11,Guingamp,Nice,2.0,5.0,A,12.0,17.0,6.0,5.0,24.0,8.0,6.0,5.0,3.0,1.0,0.0,0.0,2.79,3.1,2.7,2.89,3.28,2.68,2.93,3.35,2.78,2.78,3.16,2.64,39.0,2017/2018
F1,2018-03-11,Lyon,Caen,1.0,0.0,H,20.0,6.0,4.0,1.0,3.0,8.0,4.0,2.0,1.0,1.0,0.0,0.0,1.44,4.75,7.0,1.48,4.68,7.33,1.5,4.78,7.5,1.45,4.51,6.9,39.0,2017/2018
F1,2018-03-11,Toulouse,Marseille,1.0,2.0,A,9.0,23.0,4.0,9.0,16.0,19.0,3.0,7.0,2.0,3.0,0.0,0.0,4.0,3.29,2.0,4.14,3.52,2.0,4.39,3.57,2.07,3.98,3.41,1.96,39.0,2017/2018
F1,2018-03-14,Paris Saint-Germain,Angers,2.0,1.0,H,14.0,20.0,7.0,8.0,7.0,11.0,7.0,8.0,1.0,2.0,1.0,0.0,1.07,13.0,25.0,1.08,13.79,28.1,1.11,15.72,36.15,1.08,12.08,25.6,33.0,2017/2018
F1,2018-03-16,Monaco,Lille,2.0,1.0,H,10.0,14.0,4.0,5.0,13.0,10.0,4.0,2.0,2.0,0.0,0.0,0.0,1.28,5.75,10.0,1.28,6.15,12.11,1.33,6.52,13.0,1.27,5.93,10.94,40.0,2017/2018
F1,2018-03-17,Amiens,Troyes,1.0,1.0,D,8.0,11.0,1.0,5.0,13.0,11.0,4.0,4.0,1.0,1.0,0.0,0.0,2.14,3.2,3.75,2.21,3.2,3.84,2.27,3.38,3.84,2.15,3.18,3.64,41.0,2017/2018
F1,2018-03-17,Toulouse,Strasbourg,2.0,2.0,D,11.0,12.0,6.0,4.0,12.0,11.0,6.0,2.0,2.0,1.0,0.0,0.0,2.04,3.2,4.0,2.04,3.3,4.3,2.14,3.43,4.3,2.04,3.23,3.93,40.0,2017/2018
F1,2018-03-17,Angers,Caen,3.0,0.0,H,13.0,8.0,6.0,2.0,11.0,9.0,1.0,4.0,1.0,2.0,0.0,0.0,1.85,3.2,4.75,1.93,3.4,4.72,2.01,3.55,4.75,1.93,3.29,4.29,41.0,2017/2018
F1,2018-03-17,Montpellier,Dijon,2.0,2.0,D,18.0,10.0,11.0,7.0,16.0,13.0,4.0,5.0,1.0,4.0,0.0,0.0,1.61,3.6,6.5,1.66,3.88,6.02,1.7,3.94,6.5,1.63,3.73,5.72,41.0,2017/2018
F1,2018-03-17,Bordeaux,Rennes,0.0,2.0,A,9.0,6.0,2.0,3.0,13.0,8.0,4.0,2.0,2.0,1.0,0.0,0.0,2.0,3.2,4.2,2.04,3.43,4.12,2.14,3.5,4.2,2.03,3.29,3.85,41.0,2017/2018
F1,2018-03-18,Marseille,Lyon,2.0,3.0,A,10.0,11.0,5.0,6.0,12.0,14.0,2.0,4.0,2.0,3.0,0.0,0.0,2.0,3.6,3.75,1.96,3.7,4.08,2.1,3.81,4.11,1.96,3.6,3.74,40.0,2017/2018
F1,2018-03-18,Metz,Nantes,1.0,1.0,D,8.0,15.0,4.0,4.0,7.0,10.0,3.0,4.0,2.0,0.0,0.0,0.0,3.6,3.0,2.25,3.61,3.23,2.28,3.63,3.32,2.34,3.44,3.13,2.25,41.0,2017/2018
F1,2018-03-18,Nice,Paris Saint-Germain,1.0,2.0,A,14.0,19.0,4.0,7.0,8.0,12.0,5.0,4.0,0.0,1.0,0.0,0.0,10.0,5.25,1.33,9.71,5.76,1.34,10.0,6.0,1.39,8.48,5.34,1.34,41.0,2017/2018
F1,2018-03-18,Saint-Etienne,Guingamp,2.0,0.0,H,16.0,9.0,6.0,3.0,16.0,12.0,7.0,5.0,2.0,3.0,0.0,0.0,1.72,3.5,5.5,1.73,3.65,5.77,1.8,3.8,5.77,1.72,3.55,5.21,41.0,2017/2018
F1,2018-03-31,Dijon,Marseille,1.0,3.0,A,12.0,11.0,2.0,5.0,11.0,15.0,6.0,6.0,2.0,3.0,1.0,0.0,4.75,3.79,1.7,4.77,4.06,1.76,4.9,4.14,1.82,4.51,3.9,1.74,41.0,2017/2018
F1,2018-04-01,Lille,Amiens,0.0,1.0,A,15.0,10.0,3.0,2.0,9.0,15.0,3.0,3.0,0.0,2.0,0.0,0.0,2.04,3.29,3.6,2.13,3.28,4.0,2.18,3.33,4.07,2.11,3.18,3.75,40.0,2017/2018
F1,2018-04-01,Guingamp,Bordeaux,2.0,1.0,H,14.0,15.0,6.0,6.0,12.0,14.0,5.0,5.0,1.0,2.0,0.0,0.0,2.87,3.2,2.5,3.01,3.05,2.74,3.06,3.2,2.78,2.87,3.06,2.61,40.0,2017/2018
F1,2018-04-01,Strasbourg,Metz,2.0,2.0,D,18.0,11.0,5.0,5.0,16.0,23.0,5.0,1.0,5.0,4.0,1.0,1.0,1.85,3.5,4.2,1.91,3.76,4.26,1.97,3.82,4.34,1.88,3.58,4.1,39.0,2017/2018
F1,2018-04-01,Caen,Montpellier,1.0,3.0,A,8.0,9.0,5.0,6.0,22.0,11.0,4.0,4.0,2.0,2.0,0.0,0.0,2.89,3.1,2.5,3.16,2.99,2.68,3.21,3.1,2.72,2.99,2.99,2.57,40.0,2017/2018
F1,2018-04-01,Nantes,Saint-Etienne,0.0,3.0,A,20.0,15.0,4.0,8.0,16.0,12.0,6.0,4.0,3.0,0.0,0.0,0.0,2.25,3.1,3.39,2.27,3.13,3.76,2.31,3.2,3.83,2.22,3.11,3.55,40.0,2017/2018
F1,2018-04-01,Troyes,Nice,0.0,2.0,A,11.0,15.0,3.0,6.0,16.0,5.0,8.0,5.0,1.0,0.0,0.0,0.0,3.29,3.25,2.2,3.38,3.32,2.33,3.44,3.38,2.36,3.24,3.25,2.27,40.0,2017/2018
F1,2018-04-01,Lyon,Toulouse,2.0,0.0,H,20.0,10.0,5.0,6.0,14.0,9.0,8.0,3.0,1.0,1.0,0.0,0.0,1.36,4.59,9.0,1.41,5.08,8.28,1.43,5.22,9.0,1.38,4.81,7.85,40.0,2017/2018
F1,2018-04-04,Rennes,Monaco,1.0,1.0,D,20.0,8.0,7.0,2.0,28.0,17.0,8.0,1.0,0.0,2.0,0.0,0.0,3.39,3.39,2.14,3.47,3.51,2.21,3.5,3.67,2.29,3.29,3.42,2.18,40.0,2017/2018
F1,2018-04-06,Saint-Etienne,Paris Saint-Germain,1.0,1.0,D,16.0,8.0,5.0,2.0,5.0,16.0,11.0,3.0,1.0,4.0,0.0,1.0,9.0,5.5,1.33,8.68,5.58,1.37,11.0,5.78,1.39,8.46,5.32,1.34,39.0,2017/2018
F1,2018-04-07,Amiens,Caen,3.0,0.0,H,11.0,14.0,4.0,7.0,14.0,14.0,7.0,4.0,3.0,1.0,0.0,0.0,2.37,3.0,3.39,2.47,2.97,3.53,2.49,3.13,3.53,2.39,3.01,3.31,40.0,2017/2018
F1,2018-04-07,Angers,Strasbourg,1.0,1.0,D,3.0,11.0,2.0,5.0,10.0,17.0,2.0,9.0,1.0,1.0,0.0,0.0,1.85,3.6,4.33,1.82,3.64,4.97,1.88,3.72,4.97,1.81,3.53,4.59,39.0,2017/2018
F1,2018-04-07,Bordeaux,Lille,2.0,1.0,H,15.0,7.0,6.0,1.0,14.0,12.0,7.0,2.0,1.0,3.0,0.0,1.0,1.72,3.5,5.5,1.72,3.7,5.75,1.76,3.85,5.75,1.7,3.59,5.36,40.0,2017/2018
F1,2018-04-07,Guingamp,Troyes,4.0,0.0,H,15.0,8.0,10.0,4.0,11.0,12.0,9.0,10.0,1.0,1.0,0.0,0.0,1.85,3.5,4.5,1.9,3.5,4.69,1.94,3.63,4.75,1.86,3.45,4.46,40.0,2017/2018
F1,2018-04-07,Monaco,Nantes,2.0,1.0,H,6.0,10.0,3.0,4.0,12.0,11.0,7.0,5.0,4.0,3.0,0.0,0.0,1.5,4.33,6.5,1.53,4.39,7.04,1.57,4.5,7.04,1.51,4.21,6.42,40.0,2017/2018
F1,2018-04-07,Toulouse,Dijon,0.0,1.0,A,20.0,8.0,5.0,3.0,15.0,15.0,10.0,3.0,2.0,1.0,0.0,0.0,1.9,3.39,4.33,1.92,3.56,4.49,1.97,3.65,4.6,1.9,3.45,4.25,40.0,2017/2018
F1,2018-04-08,Metz,Lyon,0.0,5.0,A,10.0,14.0,5.0,6.0,18.0,7.0,4.0,3.0,2.0,0.0,0.0,0.0,6.5,4.33,1.5,7.01,4.74,1.49,7.01,4.92,1.53,6.27,4.48,1.49,40.0,2017/2018
F1,2018-04-08,Nice,Rennes,1.0,1.0,D,10.0,9.0,2.0,3.0,7.0,12.0,5.0,2.0,4.0,4.0,0.0,0.0,1.9,3.39,4.33,1.97,3.61,4.16,2.03,3.69,4.33,1.96,3.46,3.97,40.0,2017/2018
F1,2018-04-08,Marseille,Montpellier,0.0,0.0,D,12.0,6.0,3.0,2.0,14.0,12.0,6.0,2.0,2.0,1.0,0.0,0.0,1.6,4.0,5.75,1.67,4.11,5.45,1.7,4.2,6.3,1.63,3.95,5.39,40.0,2017/2018
F1,2018-04-13,Angers,Nice,1.0,1.0,D,12.0,15.0,3.0,7.0,14.0,5.0,4.0,8.0,1.0,3.0,0.0,0.0,2.39,3.2,3.1,2.53,3.29,3.07,2.64,3.37,3.12,2.48,3.21,2.94,39.0,2017/2018
F1,2018-04-14,Nantes,Dijon,1.0,1.0,D,15.0,12.0,2.0,4.0,14.0,9.0,6.0,4.0,0.0,0.0,0.0,0.0,1.7,3.6,5.5,1.73,3.77,5.5,1.8,3.88,5.5,1.73,3.67,4.92,40.0,2017/2018
F1,2018-04-14,Lyon,Amiens,3.0,0.0,H,25.0,5.0,8.0,2.0,9.0,11.0,7.0,5.0,0.0,0.0,0.0,0.0,1.22,6.5,13.0,1.24,6.47,16.06,1.26,6.99,17.0,1.22,6.24,13.38,40.0,2017/2018
F1,2018-04-14,Strasbourg,Saint-Etienne,0.0,1.0,A,16.0,5.0,6.0,1.0,11.0,10.0,10.0,1.0,3.0,1.0,0.0,0.0,3.2,3.29,2.29,3.32,3.4,2.33,3.35,3.49,2.38,3.19,3.28,2.28,39.0,2017/2018
F1,2018-04-14,Rennes,Metz,1.0,2.0,A,14.0,7.0,3.0,6.0,6.0,17.0,7.0,3.0,1.0,4.0,0.0,0.0,1.44,4.5,7.5,1.46,4.61,8.08,1.5,4.95,8.08,1.43,4.56,7.14,40.0,2017/2018
F1,2018-04-14,Lille,Guingamp,2.0,2.0,D,10.0,6.0,3.0,3.0,15.0,15.0,2.0,3.0,2.0,1.0,0.0,0.0,2.37,3.29,3.1,2.44,3.22,3.29,2.45,3.33,3.32,2.35,3.2,3.16,39.0,2017/2018
F1,2018-04-15,Montpellier,Bordeaux,1.0,3.0,A,19.0,9.0,5.0,4.0,9.0,8.0,6.0,2.0,3.0,2.0,0.0,0.0,2.04,3.29,3.79,2.06,3.31,4.2,2.14,3.31,4.35,2.05,3.19,3.92,40.0,2017/2018
F1,2018-04-15,Paris Saint-Germain,Monaco,7.0,1.0,H,12.0,11.0,7.0,2.0,8.0,8.0,4.0,2.0,1.0,3.0,0.0,0.0,1.28,5.75,10.0,1.32,6.11,9.79,1.34,6.4,10.5,1.29,5.79,9.18,40.0,2017/2018
F1,2018-04-15,Troyes,Marseille,2.0,3.0,A,12.0,21.0,7.0,9.0,15.0,8.0,5.0,8.0,2.0,2.0,0.0,0.0,5.5,4.0,1.61,5.88,4.06,1.64,6.25,4.1,1.69,5.41,3.89,1.63,39.0,2017/2018
F1,2018-04-20,Dijon,Lyon,2.0,5.0,A,17.0,17.0,5.0,11.0,11.0,12.0,9.0,5.0,1.0,2.0,0.0,0.0,7.5,5.0,1.39,8.0,5.13,1.42,8.03,5.16,1.5,7.17,4.78,1.42,41.0,2017/2018
F1,2018-04-20,Nantes,Rennes,1.0,1.0,D,13.0,18.0,7.0,9.0,17.0,12.0,5.0,8.0,6.0,2.0,1.0,0.0,2.25,3.2,3.39,2.31,3.11,3.68,2.46,3.25,3.68,2.31,3.11,3.37,41.0,2017/2018
F1,2018-04-21,Amiens,Strasbourg,3.0,1.0,H,7.0,15.0,5.0,2.0,20.0,11.0,2.0,6.0,4.0,2.0,0.0,0.0,2.6,3.1,3.0,2.65,3.25,2.94,2.65,3.36,3.15,2.52,3.16,2.93,41.0,2017/2018
F1,2018-04-21,Guingamp,Monaco,3.0,1.0,H,24.0,4.0,12.0,1.0,13.0,17.0,10.0,1.0,0.0,2.0,0.0,1.0,4.0,3.6,1.85,4.1,3.66,1.97,4.45,3.79,2.03,3.92,3.62,1.9,42.0,2017/2018
F1,2018-04-21,Marseille,Lille,5.0,1.0,H,19.0,14.0,8.0,3.0,9.0,8.0,3.0,6.0,0.0,1.0,0.0,0.0,1.33,5.0,10.0,1.34,5.57,9.95,1.37,5.84,11.0,1.33,5.18,9.14,42.0,2017/2018
F1,2018-04-21,Metz,Caen,1.0,1.0,D,15.0,5.0,3.0,4.0,9.0,11.0,7.0,2.0,2.0,1.0,0.0,0.0,2.29,3.2,3.29,2.38,3.36,3.26,2.41,3.47,3.35,2.3,3.26,3.19,42.0,2017/2018
F1,2018-04-21,Toulouse,Angers,2.0,0.0,H,14.0,7.0,8.0,0.0,11.0,11.0,6.0,2.0,1.0,2.0,0.0,0.0,2.29,3.0,3.5,2.35,3.23,3.45,2.43,3.34,3.7,2.32,3.12,3.29,42.0,2017/2018
F1,2018-04-22,Nice,Montpellier,1.0,0.0,H,16.0,5.0,4.0,2.0,10.0,13.0,3.0,3.0,0.0,0.0,0.0,0.0,2.04,3.29,3.79,2.01,3.36,4.34,2.1,3.47,4.34,2.0,3.26,3.99,42.0,2017/2018
F1,2018-04-22,Saint-Etienne,Troyes,2.0,1.0,H,18.0,6.0,6.0,3.0,5.0,21.0,7.0,2.0,0.0,2.0,0.0,0.0,1.5,4.0,7.5,1.51,4.28,7.65,1.56,4.52,7.65,1.5,4.11,6.95,42.0,2017/2018
F1,2018-04-22,Bordeaux,Paris Saint-Germain,0.0,1.0,A,21.0,10.0,8.0,2.0,15.0,8.0,8.0,5.0,0.0,1.0,0.0,0.0,6.5,4.33,1.5,6.92,4.65,1.5,7.0,4.77,1.56,6.16,4.44,1.49,42.0,2017/2018
F1,2018-04-25,Caen,Toulouse,0.0,0.0,D,9.0,5.0,0.0,2.0,9.0,11.0,1.0,2.0,2.0,1.0,0.0,0.0,2.6,2.87,3.2,2.64,2.85,3.28,2.65,3.05,3.31,2.52,2.88,3.18,41.0,2017/2018
F1,2018-04-27,Montpellier,Saint-Etienne,0.0,1.0,A,25.0,7.0,5.0,5.0,9.0,7.0,9.0,1.0,0.0,2.0,0.0,0.0,2.39,3.1,3.1,2.59,3.16,3.1,2.63,3.23,3.25,2.5,3.12,3.0,37.0,2017/2018
F1,2018-04-28,Strasbourg,Nice,1.0,1.0,D,9.0,11.0,2.0,7.0,18.0,13.0,3.0,8.0,2.0,4.0,0.0,0.0,3.5,3.25,2.25,3.33,3.38,2.33,3.5,3.43,2.36,3.28,3.27,2.26,39.0,2017/2018
F1,2018-04-28,Troyes,Caen,3.0,1.0,H,5.0,13.0,3.0,2.0,8.0,16.0,4.0,5.0,1.0,2.0,0.0,0.0,2.2,3.1,3.6,2.27,3.16,3.73,2.31,3.28,3.73,2.2,3.14,3.51,39.0,2017/2018
F1,2018-04-28,Bordeaux,Dijon,3.0,1.0,H,10.0,10.0,4.0,3.0,14.0,12.0,4.0,4.0,1.0,0.0,0.0,0.0,1.5,4.2,7.0,1.51,4.36,7.43,1.6,4.44,7.6,1.5,4.14,6.67,41.0,2017/2018
F1,2018-04-28,Lille,Metz,3.0,1.0,H,15.0,14.0,9.0,4.0,11.0,12.0,3.0,5.0,0.0,2.0,0.0,0.0,1.83,3.6,4.5,1.81,3.71,4.9,1.9,3.75,4.9,1.81,3.56,4.49,39.0,2017/2018
F1,2018-04-28,Lyon,Nantes,2.0,0.0,H,25.0,12.0,11.0,4.0,7.0,14.0,6.0,4.0,1.0,1.0,0.0,0.0,1.28,5.75,10.0,1.3,6.05,11.26,1.32,6.3,11.92,1.29,5.64,9.98,40.0,2017/2018
F1,2018-04-28,Monaco,Amiens,0.0,0.0,D,16.0,7.0,1.0,1.0,9.0,13.0,6.0,6.0,1.0,2.0,1.0,1.0,1.18,7.0,17.0,1.2,7.48,17.45,1.22,7.91,21.0,1.19,6.94,15.04,40.0,2017/2018
F1,2018-04-29,Rennes,Toulouse,2.0,1.0,H,6.0,12.0,3.0,2.0,11.0,14.0,2.0,7.0,2.0,1.0,1.0,0.0,1.9,3.5,4.2,1.91,3.57,4.52,1.98,3.65,4.52,1.89,3.41,4.2,42.0,2017/2018
F1,2018-04-29,Angers,Marseille,1.0,1.0,D,14.0,13.0,6.0,5.0,9.0,9.0,4.0,9.0,1.0,3.0,0.0,0.0,4.2,3.6,1.83,4.24,3.75,1.91,4.6,3.8,1.97,4.09,3.59,1.87,40.0,2017/2018
F1,2018-04-29,Paris Saint-Germain,Guingamp,2.0,2.0,D,14.0,22.0,3.0,5.0,11.0,9.0,7.0,7.0,2.0,0.0,0.0,0.0,1.08,11.0,26.0,,,,1.11,13.5,46.0,1.08,11.05,27.49,34.0,2017/2018
F1,2018-05-04,Amiens,Paris Saint-Germain,2.0,2.0,D,12.0,23.0,5.0,8.0,14.0,10.0,3.0,13.0,2.0,0.0,0.0,0.0,9.0,6.0,1.3,9.91,6.1,1.31,10.5,6.46,1.33,8.92,5.76,1.3,41.0,2017/2018
F1,2018-05-06,Saint-Etienne,Bordeaux,1.0,3.0,A,16.0,11.0,3.0,5.0,12.0,12.0,5.0,2.0,2.0,3.0,0.0,0.0,2.0,3.29,4.0,2.03,3.52,4.02,2.09,3.61,4.33,2.0,3.34,3.89,42.0,2017/2018
F1,2018-05-06,Toulouse,Lille,2.0,3.0,A,6.0,17.0,4.0,8.0,14.0,16.0,1.0,3.0,4.0,2.0,1.0,0.0,2.14,3.29,3.5,2.17,3.37,3.73,2.3,3.4,3.73,2.17,3.21,3.48,42.0,2017/2018
F1,2018-05-06,Caen,Monaco,1.0,2.0,A,16.0,17.0,5.0,4.0,14.0,16.0,6.0,8.0,1.0,2.0,1.0,0.0,4.2,3.75,1.83,4.28,3.8,1.89,4.85,3.85,1.95,4.15,3.64,1.84,42.0,2017/2018
F1,2018-05-06,Dijon,Guingamp,3.0,1.0,H,19.0,4.0,9.0,1.0,10.0,9.0,4.0,3.0,1.0,1.0,0.0,0.0,2.7,3.29,2.62,2.69,3.5,2.72,2.75,3.57,2.75,2.63,3.37,2.62,42.0,2017/2018
F1,2018-05-06,Lyon,Troyes,3.0,0.0,H,17.0,13.0,5.0,4.0,9.0,9.0,6.0,8.0,2.0,2.0,0.0,0.0,1.14,8.5,19.0,1.14,10.7,19.4,1.15,11.1,21.0,1.13,8.98,17.23,42.0,2017/2018
F1,2018-05-06,Marseille,Nice,2.0,1.0,H,18.0,11.0,8.0,2.0,18.0,12.0,9.0,4.0,1.0,1.0,0.0,0.0,1.7,3.79,5.0,1.71,4.16,4.97,1.76,4.21,5.6,1.69,3.91,4.71,42.0,2017/2018
F1,2018-05-06,Metz,Angers,1.0,2.0,A,8.0,17.0,4.0,4.0,12.0,11.0,2.0,7.0,1.0,0.0,0.0,0.0,2.75,3.2,2.7,2.72,3.41,2.74,2.75,3.53,2.85,2.65,3.26,2.68,42.0,2017/2018
F1,2018-05-06,Nantes,Montpellier,0.0,2.0,A,11.0,12.0,2.0,7.0,14.0,8.0,7.0,3.0,0.0,3.0,0.0,0.0,2.29,3.2,3.29,2.34,3.3,3.38,2.42,3.35,3.42,2.3,3.13,3.25,42.0,2017/2018
F1,2018-05-06,Rennes,Strasbourg,2.0,1.0,H,14.0,7.0,2.0,3.0,10.0,11.0,5.0,5.0,1.0,1.0,0.0,0.0,1.75,3.75,4.75,1.75,3.85,5.14,1.82,3.85,5.6,1.74,3.65,4.69,41.0,2017/2018
F1,2018-05-11,Guingamp,Marseille,3.0,3.0,D,22.0,16.0,7.0,5.0,20.0,15.0,6.0,11.0,2.0,0.0,0.0,1.0,5.25,4.33,1.6,5.11,4.25,1.68,5.25,4.4,1.75,4.95,4.13,1.65,40.0,2017/2018
F1,2018-05-12,Strasbourg,Lyon,3.0,2.0,H,9.0,8.0,4.0,3.0,25.0,20.0,2.0,1.0,5.0,1.0,0.0,0.0,6.5,4.5,1.5,6.2,4.8,1.53,6.5,4.91,1.56,5.87,4.59,1.5,41.0,2017/2018
F1,2018-05-12,Angers,Nantes,0.0,2.0,A,14.0,12.0,2.0,2.0,7.0,11.0,5.0,4.0,0.0,1.0,0.0,0.0,2.29,3.25,3.25,2.27,3.48,3.36,2.39,3.55,3.36,2.26,3.3,3.21,42.0,2017/2018
F1,2018-05-12,Bordeaux,Toulouse,4.0,2.0,H,15.0,10.0,6.0,4.0,8.0,20.0,6.0,6.0,1.0,3.0,0.0,0.0,1.83,3.6,4.5,1.82,3.78,4.72,1.89,3.92,4.72,1.81,3.65,4.33,42.0,2017/2018
F1,2018-05-12,Amiens,Metz,2.0,0.0,H,9.0,13.0,2.0,1.0,14.0,15.0,3.0,8.0,1.0,2.0,0.0,0.0,1.8,3.6,4.5,1.81,3.97,4.5,1.9,4.08,4.6,1.8,3.78,4.27,41.0,2017/2018
F1,2018-05-12,Paris Saint-Germain,Rennes,0.0,2.0,A,14.0,10.0,5.0,2.0,12.0,12.0,7.0,7.0,1.0,0.0,0.0,0.0,1.25,6.5,10.0,1.29,6.42,10.13,1.31,6.74,11.5,1.27,6.2,9.79,42.0,2017/2018
F1,2018-05-12,Montpellier,Troyes,1.0,1.0,D,22.0,9.0,3.0,2.0,10.0,9.0,11.0,1.0,0.0,0.0,0.0,0.0,1.75,3.6,5.0,1.75,3.9,5.05,1.83,3.96,5.05,1.75,3.69,4.69,42.0,2017/2018
F1,2018-05-12,Nice,Caen,4.0,1.0,H,21.0,12.0,8.0,5.0,10.0,18.0,4.0,7.0,0.0,1.0,0.0,1.0,1.6,3.79,6.0,1.63,4.01,6.13,1.7,4.15,6.13,1.63,3.86,5.52,42.0,2017/2018
F1,2018-05-12,Lille,Dijon,2.0,1.0,H,13.0,12.0,3.0,7.0,8.0,11.0,4.0,4.0,0.0,2.0,0.0,0.0,1.5,4.0,7.5,1.51,4.55,7.02,1.55,4.65,7.5,1.5,4.3,6.39,41.0,2017/2018
F1,2018-05-12,Monaco,Saint-Etienne,1.0,0.0,H,18.0,11.0,5.0,3.0,14.0,11.0,6.0,5.0,1.0,1.0,1.0,0.0,1.61,4.33,5.0,1.72,4.16,4.94,1.74,4.33,5.5,1.66,4.01,4.89,41.0,2017/2018
F1,2018-05-19,Dijon,Angers,2.0,1.0,H,7.0,16.0,1.0,8.0,17.0,7.0,1.0,9.0,1.0,2.0,0.0,0.0,2.25,3.7,3.0,2.32,3.74,3.08,2.35,3.8,3.2,2.25,3.59,3.0,41.0,2017/2018
F1,2018-05-19,Lyon,Nice,3.0,2.0,H,23.0,11.0,8.0,4.0,15.0,13.0,8.0,7.0,3.0,3.0,0.0,0.0,1.44,4.75,6.5,1.45,5.31,6.74,1.51,5.38,7.0,1.45,4.93,6.12,41.0,2017/2018
F1,2018-05-19,Caen,Paris Saint-Germain,0.0,0.0,D,11.0,7.0,6.0,2.0,15.0,18.0,2.0,3.0,3.0,1.0,0.0,0.0,5.0,3.75,1.72,5.16,3.7,1.72,5.18,3.93,1.79,4.8,3.71,1.73,41.0,2017/2018
F1,2018-05-19,Rennes,Montpellier,1.0,1.0,D,9.0,9.0,1.0,6.0,10.0,12.0,8.0,4.0,0.0,1.0,0.0,1.0,1.9,3.5,4.2,1.89,3.55,4.65,2.0,3.67,4.65,1.89,3.44,4.26,40.0,2017/2018
F1,2018-05-19,Marseille,Amiens,2.0,1.0,H,27.0,5.0,11.0,2.0,12.0,12.0,7.0,3.0,0.0,0.0,0.0,0.0,1.22,6.5,13.0,1.26,6.66,12.0,1.3,7.23,13.0,1.25,6.14,10.68,41.0,2017/2018
F1,2018-05-19,Nantes,Strasbourg,1.0,0.0,H,9.0,10.0,2.0,2.0,6.0,12.0,2.0,7.0,0.0,0.0,0.0,0.0,1.85,3.6,4.33,1.81,3.71,4.81,1.9,3.83,4.84,1.81,3.6,4.39,40.0,2017/2018
F1,2018-05-19,Metz,Bordeaux,0.0,4.0,A,7.0,15.0,0.0,7.0,11.0,16.0,4.0,6.0,3.0,0.0,0.0,1.0,7.5,4.5,1.44,7.36,4.79,1.46,7.5,5.11,1.5,6.68,4.57,1.45,41.0,2017/2018
F1,2018-05-19,Troyes,Monaco,0.0,3.0,A,12.0,21.0,4.0,14.0,14.0,13.0,6.0,2.0,1.0,1.0,0.0,0.0,5.75,4.2,1.57,5.56,4.47,1.6,6.0,4.63,1.63,5.4,4.29,1.57,41.0,2017/2018
F1,2018-05-19,Saint-Etienne,Lille,5.0,0.0,H,14.0,11.0,7.0,3.0,6.0,5.0,7.0,4.0,1.0,0.0,0.0,0.0,1.55,4.2,6.0,1.54,4.48,6.57,1.58,4.58,6.63,1.53,4.23,6.01,41.0,2017/2018
F1,2018-05-19,Toulouse,Guingamp,2.0,1.0,H,17.0,13.0,7.0,6.0,9.0,14.0,9.0,5.0,3.0,2.0,0.0,0.0,1.57,4.2,5.75,1.58,4.36,6.24,1.62,4.43,6.5,1.56,4.18,5.69,41.0,2017/2018
F1,2018-08-10,Marseille,Toulouse,4.0,0.0,H,23.0,5.0,10.0,1.0,7.0,20.0,5.0,1.0,1.0,3.0,0.0,0.0,1.4,4.5,8.0,1.47,4.62,7.79,1.48,4.87,8.79,1.43,4.53,7.64,40.0,2018/2019
F1,2018-08-11,Angers,Nîmes,3.0,4.0,A,21.0,14.0,7.0,5.0,20.0,12.0,5.0,1.0,2.0,2.0,0.0,1.0,2.3,3.2,3.3,2.3,3.38,3.4,2.35,3.38,3.49,2.28,3.21,3.31,40.0,2018/2019
F1,2018-08-11,Lille,Rennes,3.0,1.0,H,15.0,8.0,6.0,2.0,12.0,13.0,2.0,6.0,1.0,0.0,0.0,0.0,2.5,3.1,3.1,2.56,3.35,2.97,2.63,3.39,3.1,2.49,3.2,2.95,40.0,2018/2019
F1,2018-08-11,Montpellier,Dijon,1.0,2.0,A,16.0,9.0,7.0,4.0,15.0,21.0,4.0,2.0,2.0,2.0,0.0,0.0,1.72,3.5,5.5,1.74,3.79,5.34,1.78,3.82,5.75,1.71,3.62,5.22,40.0,2018/2019
F1,2018-08-11,Nantes,Monaco,1.0,3.0,A,16.0,11.0,4.0,6.0,8.0,15.0,7.0,2.0,1.0,0.0,0.0,0.0,3.2,3.25,2.3,3.27,3.4,2.35,3.35,3.44,2.41,3.15,3.27,2.34,40.0,2018/2019
F1,2018-08-11,Nice,Reims,0.0,1.0,A,19.0,5.0,1.0,3.0,13.0,14.0,10.0,2.0,1.0,2.0,0.0,0.0,1.85,3.5,4.5,1.94,3.52,4.41,1.97,3.64,4.6,1.87,3.49,4.29,40.0,2018/2019
F1,2018-08-11,Saint-Etienne,Guingamp,2.0,1.0,H,11.0,11.0,6.0,5.0,14.0,11.0,6.0,9.0,3.0,1.0,0.0,0.0,1.8,3.5,4.75,1.84,3.65,4.81,1.9,3.76,4.81,1.82,3.54,4.51,40.0,2018/2019
F1,2018-08-12,Paris Saint-Germain,Caen,3.0,0.0,H,11.0,5.0,8.0,1.0,13.0,7.0,6.0,3.0,1.0,0.0,0.0,0.0,1.08,12.0,23.0,1.12,10.47,23.99,1.12,13.0,41.0,1.09,10.42,24.34,39.0,2018/2019
F1,2018-08-12,Bordeaux,Strasbourg,0.0,2.0,A,5.0,17.0,2.0,6.0,6.0,12.0,3.0,10.0,1.0,0.0,1.0,0.0,1.7,3.6,5.0,1.8,3.65,5.11,1.85,3.8,5.2,1.76,3.54,4.84,39.0,2018/2019
F1,2018-08-12,Lyon,Amiens,2.0,0.0,H,15.0,10.0,7.0,1.0,9.0,17.0,10.0,1.0,0.0,2.0,0.0,0.0,1.2,7.0,13.0,1.24,6.79,14.34,1.26,7.01,15.0,1.22,6.35,12.68,40.0,2018/2019
F1,2018-08-17,Reims,Lyon,1.0,0.0,H,7.0,19.0,2.0,5.0,11.0,10.0,0.0,4.0,2.0,0.0,0.0,0.0,4.75,4.0,1.7,5.06,4.2,1.69,5.2,4.23,1.74,4.81,3.99,1.69,41.0,2018/2019
F1,2018-08-18,Amiens,Montpellier,1.0,2.0,A,11.0,7.0,2.0,3.0,15.0,15.0,6.0,2.0,1.0,3.0,0.0,0.0,3.2,3.0,2.5,3.19,3.15,2.52,3.3,3.21,2.6,3.15,3.02,2.46,42.0,2018/2019
F1,2018-08-18,Caen,Nice,1.0,1.0,D,13.0,16.0,4.0,5.0,22.0,11.0,5.0,10.0,2.0,2.0,0.0,0.0,2.75,3.1,2.75,2.84,3.23,2.74,2.9,3.34,3.0,2.76,3.11,2.7,42.0,2018/2019
F1,2018-08-18,Dijon,Nantes,2.0,0.0,H,14.0,7.0,7.0,0.0,18.0,13.0,3.0,4.0,0.0,1.0,0.0,1.0,2.6,3.25,2.8,2.62,3.41,2.88,2.7,3.51,2.93,2.57,3.25,2.81,42.0,2018/2019
F1,2018-08-18,Guingamp,Paris Saint-Germain,1.0,3.0,A,11.0,17.0,3.0,7.0,15.0,16.0,4.0,7.0,0.0,1.0,0.0,0.0,13.0,7.0,1.2,11.61,6.45,1.27,13.0,7.03,1.29,10.99,6.23,1.25,42.0,2018/2019
F1,2018-08-18,Monaco,Lille,0.0,0.0,D,10.0,13.0,1.0,4.0,10.0,14.0,8.0,4.0,0.0,0.0,0.0,0.0,1.5,4.33,6.5,1.53,4.56,6.5,1.58,4.67,7.2,1.52,4.36,6.0,42.0,2018/2019
F1,2018-08-18,Rennes,Angers,1.0,0.0,H,5.0,7.0,2.0,0.0,8.0,11.0,3.0,0.0,1.0,2.0,0.0,0.0,1.9,3.3,4.5,1.89,3.47,4.75,1.99,3.51,4.75,1.89,3.34,4.41,42.0,2018/2019
F1,2018-08-19,Nîmes,Marseille,3.0,1.0,H,14.0,10.0,7.0,5.0,11.0,11.0,6.0,7.0,3.0,1.0,0.0,0.0,4.75,3.8,1.72,4.54,4.11,1.78,4.9,4.2,1.84,4.37,3.88,1.75,42.0,2018/2019
F1,2018-08-19,Strasbourg,Saint-Etienne,1.0,1.0,D,11.0,9.0,5.0,2.0,11.0,7.0,7.0,2.0,1.0,2.0,0.0,1.0,2.6,3.2,2.8,2.76,3.3,2.77,2.85,3.4,2.83,2.68,3.2,2.7,41.0,2018/2019
F1,2018-08-19,Toulouse,Bordeaux,2.0,1.0,H,13.0,15.0,5.0,8.0,10.0,11.0,1.0,2.0,1.0,1.0,0.0,0.0,2.6,3.1,2.9,2.61,3.19,3.04,2.7,3.28,3.1,2.57,3.09,2.91,42.0,2018/2019
F1,2018-08-24,Lyon,Strasbourg,2.0,0.0,H,22.0,9.0,10.0,1.0,13.0,13.0,5.0,4.0,1.0,2.0,0.0,0.0,1.28,5.75,11.0,1.29,6.14,11.25,1.33,6.5,12.0,1.28,5.8,10.41,40.0,2018/2019
F1,2018-08-25,Montpellier,Saint-Etienne,0.0,0.0,D,14.0,9.0,1.0,2.0,12.0,14.0,6.0,3.0,3.0,0.0,0.0,0.0,2.4,3.1,3.2,2.48,3.17,3.26,2.52,3.28,3.27,2.41,3.09,3.16,42.0,2018/2019
F1,2018-08-25,Nantes,Caen,1.0,1.0,D,16.0,3.0,3.0,2.0,16.0,16.0,3.0,1.0,2.0,3.0,0.0,1.0,1.95,3.25,4.33,1.98,3.31,4.58,2.05,3.4,4.6,1.95,3.23,4.37,42.0,2018/2019
F1,2018-08-25,Amiens,Reims,4.0,1.0,H,14.0,7.0,8.0,3.0,18.0,17.0,4.0,2.0,1.0,1.0,0.0,1.0,2.6,3.25,2.8,2.74,3.16,2.91,2.85,3.25,2.94,2.67,3.07,2.83,42.0,2018/2019
F1,2018-08-25,Paris Saint-Germain,Angers,3.0,1.0,H,13.0,11.0,5.0,6.0,10.0,2.0,9.0,1.0,2.0,0.0,0.0,0.0,1.07,13.0,26.0,1.08,13.43,35.68,1.09,14.0,51.0,1.07,11.8,31.45,41.0,2018/2019
F1,2018-08-25,Toulouse,Nîmes,1.0,0.0,H,10.0,9.0,5.0,0.0,17.0,21.0,3.0,3.0,1.0,3.0,0.0,0.0,2.3,3.2,3.3,2.32,3.62,3.15,2.4,3.64,3.5,2.29,3.41,3.11,42.0,2018/2019
F1,2018-08-25,Nice,Dijon,0.0,4.0,A,16.0,9.0,3.0,5.0,11.0,19.0,5.0,3.0,2.0,3.0,0.0,0.0,1.9,3.4,4.33,1.88,3.65,4.56,1.95,3.74,4.56,1.88,3.53,4.22,42.0,2018/2019
F1,2018-08-26,Bordeaux,Monaco,2.0,1.0,H,14.0,15.0,6.0,5.0,10.0,14.0,5.0,8.0,1.0,2.0,0.0,0.0,3.1,3.3,2.37,2.99,3.55,2.45,3.1,3.58,2.48,2.93,3.36,2.4,42.0,2018/2019
F1,2018-08-26,Lille,Guingamp,3.0,0.0,H,13.0,13.0,7.0,4.0,13.0,13.0,4.0,4.0,2.0,1.0,0.0,1.0,2.0,3.4,3.9,2.05,3.59,3.88,2.14,3.62,3.9,2.04,3.43,3.69,42.0,2018/2019
F1,2018-08-26,Marseille,Rennes,2.0,2.0,D,8.0,7.0,3.0,2.0,16.0,15.0,8.0,4.0,1.0,1.0,0.0,0.0,1.5,4.33,6.5,1.5,4.85,6.44,1.54,4.89,7.5,1.48,4.5,6.31,42.0,2018/2019
F1,2018-08-31,Lyon,Nice,0.0,1.0,A,29.0,8.0,9.0,1.0,6.0,14.0,10.0,5.0,0.0,2.0,0.0,0.0,1.33,5.25,9.5,1.36,5.48,9.39,1.45,5.5,10.0,1.35,5.12,8.59,39.0,2018/2019
F1,2018-09-01,Angers,Lille,1.0,0.0,H,6.0,17.0,3.0,4.0,14.0,8.0,4.0,5.0,0.0,1.0,1.0,0.0,2.45,3.25,3.0,2.54,3.26,3.06,2.55,3.3,3.13,2.45,3.19,2.98,41.0,2018/2019
F1,2018-09-01,Dijon,Caen,0.0,2.0,A,15.0,9.0,2.0,4.0,11.0,13.0,9.0,5.0,0.0,3.0,0.0,0.0,1.9,3.4,4.33,1.91,3.43,4.59,2.0,3.51,4.6,1.9,3.4,4.27,39.0,2018/2019
F1,2018-09-01,Guingamp,Toulouse,1.0,2.0,A,23.0,5.0,5.0,4.0,12.0,13.0,11.0,4.0,3.0,2.0,0.0,1.0,2.04,3.4,3.75,2.08,3.62,3.76,2.2,3.62,3.9,2.05,3.42,3.65,39.0,2018/2019
F1,2018-09-01,Nîmes,Paris Saint-Germain,2.0,4.0,A,14.0,7.0,6.0,5.0,12.0,11.0,3.0,4.0,1.0,3.0,1.0,1.0,11.0,7.0,1.22,12.43,7.4,1.23,14.0,7.64,1.25,11.58,7.03,1.21,40.0,2018/2019
F1,2018-09-01,Reims,Montpellier,0.0,1.0,A,21.0,9.0,6.0,3.0,11.0,11.0,5.0,5.0,0.0,0.0,0.0,0.0,2.6,3.1,2.9,2.59,3.19,3.07,2.7,3.2,3.1,2.57,3.07,2.94,39.0,2018/2019
F1,2018-09-01,Strasbourg,Nantes,2.0,3.0,A,10.0,14.0,5.0,5.0,12.0,12.0,1.0,3.0,1.0,2.0,0.0,0.0,2.3,3.1,3.4,2.4,3.11,3.48,2.43,3.25,3.7,2.31,3.08,3.36,39.0,2018/2019
F1,2018-09-02,Monaco,Marseille,2.0,3.0,A,8.0,15.0,4.0,5.0,11.0,16.0,1.0,5.0,1.0,1.0,0.0,0.0,2.8,3.3,2.54,2.71,3.85,2.53,2.8,3.85,2.7,2.67,3.56,2.52,40.0,2018/2019
F1,2018-09-02,Rennes,Bordeaux,2.0,0.0,H,16.0,8.0,8.0,1.0,12.0,14.0,6.0,5.0,0.0,3.0,0.0,0.0,2.1,3.3,3.75,2.13,3.36,3.86,2.17,3.4,3.9,2.09,3.25,3.68,40.0,2018/2019
F1,2018-09-02,Saint-Etienne,Amiens,0.0,0.0,D,19.0,9.0,5.0,2.0,11.0,12.0,14.0,1.0,3.0,2.0,0.0,0.0,1.61,3.75,6.0,1.65,3.85,6.32,1.71,3.87,6.32,1.64,3.71,5.75,40.0,2018/2019
F1,2018-09-14,Nice,Rennes,2.0,1.0,H,13.0,10.0,4.0,3.0,10.0,19.0,3.0,2.0,4.0,1.0,0.0,0.0,2.5,3.25,2.8,2.75,3.14,2.92,2.75,3.28,3.0,2.62,3.12,2.86,37.0,2018/2019
F1,2018-09-14,Paris Saint-Germain,Saint-Etienne,4.0,0.0,H,16.0,11.0,9.0,2.0,12.0,13.0,7.0,4.0,1.0,1.0,0.0,0.0,1.25,6.0,11.0,1.25,6.51,12.83,1.29,7.0,14.0,1.25,6.16,11.68,37.0,2018/2019
F1,2018-09-15,Amiens,Lille,2.0,3.0,A,8.0,18.0,4.0,9.0,12.0,21.0,3.0,3.0,1.0,2.0,0.0,0.0,3.4,3.1,2.3,3.39,3.19,2.4,3.45,3.32,2.42,3.27,3.15,2.34,40.0,2018/2019
F1,2018-09-15,Caen,Lyon,2.0,2.0,D,18.0,17.0,4.0,6.0,15.0,13.0,2.0,4.0,1.0,2.0,2.0,0.0,5.5,3.75,1.64,5.3,4.0,1.7,5.75,4.0,1.74,5.26,3.74,1.69,40.0,2018/2019
F1,2018-09-15,Dijon,Angers,1.0,3.0,A,11.0,13.0,3.0,6.0,11.0,13.0,4.0,6.0,2.0,2.0,0.0,0.0,2.14,3.4,3.4,2.15,3.52,3.61,2.21,3.6,3.7,2.12,3.41,3.51,40.0,2018/2019
F1,2018-09-15,Montpellier,Strasbourg,1.0,1.0,D,10.0,7.0,3.0,1.0,15.0,14.0,5.0,5.0,1.0,2.0,0.0,0.0,1.95,3.4,4.2,1.93,3.47,4.55,1.99,3.5,4.6,1.92,3.35,4.33,39.0,2018/2019
F1,2018-09-15,Toulouse,Monaco,1.0,1.0,D,13.0,12.0,6.0,2.0,17.0,17.0,6.0,3.0,2.0,3.0,0.0,0.0,3.0,3.3,2.4,2.87,3.59,2.51,3.0,3.59,2.54,2.87,3.42,2.45,40.0,2018/2019
F1,2018-09-16,Marseille,Guingamp,4.0,0.0,H,17.0,2.0,6.0,0.0,7.0,9.0,8.0,1.0,1.0,1.0,0.0,0.0,1.28,5.75,10.0,1.32,6.11,9.28,1.33,6.31,11.0,1.3,5.8,9.16,38.0,2018/2019
F1,2018-09-16,Nantes,Reims,0.0,0.0,D,12.0,7.0,6.0,0.0,13.0,12.0,7.0,7.0,3.0,4.0,0.0,0.0,1.9,3.25,4.33,1.93,3.67,4.21,2.05,3.67,4.5,1.96,3.38,4.15,38.0,2018/2019
F1,2018-09-16,Bordeaux,Nîmes,3.0,3.0,D,15.0,14.0,4.0,5.0,12.0,9.0,8.0,3.0,2.0,0.0,0.0,0.0,1.83,3.4,4.5,1.85,3.67,4.73,1.91,3.7,4.73,1.85,3.55,4.39,38.0,2018/2019
F1,2018-09-21,Monaco,Nîmes,1.0,1.0,D,15.0,9.0,4.0,2.0,15.0,15.0,5.0,5.0,1.0,2.0,0.0,0.0,1.75,4.0,4.33,1.84,3.71,4.63,1.88,4.0,5.5,1.79,3.75,4.44,36.0,2018/2019
F1,2018-09-22,Angers,Toulouse,0.0,0.0,D,16.0,7.0,4.0,0.0,14.0,14.0,4.0,4.0,1.0,2.0,0.0,0.0,2.14,3.2,3.6,2.2,3.36,3.61,2.28,3.36,3.7,2.17,3.23,3.5,39.0,2018/2019
F1,2018-09-22,Lille,Nantes,2.0,1.0,H,11.0,11.0,8.0,4.0,15.0,12.0,4.0,1.0,3.0,4.0,0.0,0.0,1.85,3.5,4.5,1.9,3.61,4.41,1.93,3.75,4.6,1.86,3.49,4.33,39.0,2018/2019
F1,2018-09-22,Montpellier,Nice,1.0,0.0,H,12.0,9.0,5.0,2.0,14.0,11.0,6.0,5.0,3.0,2.0,0.0,0.0,2.2,3.0,3.75,2.33,3.06,3.66,2.36,3.13,3.75,2.27,3.03,3.53,39.0,2018/2019
F1,2018-09-22,Reims,Dijon,0.0,0.0,D,11.0,6.0,2.0,0.0,15.0,14.0,9.0,3.0,1.0,1.0,0.0,0.0,2.04,3.3,3.8,2.17,3.44,3.6,2.21,3.45,3.8,2.14,3.32,3.51,39.0,2018/2019
F1,2018-09-22,Saint-Etienne,Caen,2.0,1.0,H,23.0,9.0,7.0,2.0,3.0,20.0,9.0,6.0,2.0,3.0,0.0,0.0,1.64,3.5,6.5,1.7,3.72,5.8,1.73,3.75,6.5,1.68,3.56,5.58,39.0,2018/2019
F1,2018-09-22,Strasbourg,Amiens,3.0,1.0,H,13.0,8.0,6.0,3.0,16.0,13.0,1.0,1.0,1.0,4.0,0.0,0.0,1.8,3.3,5.25,1.81,3.42,5.45,1.85,3.5,5.5,1.8,3.35,4.98,38.0,2018/2019
F1,2018-09-23,Guingamp,Bordeaux,1.0,3.0,A,18.0,11.0,5.0,6.0,14.0,17.0,6.0,4.0,1.0,4.0,0.0,0.0,2.25,3.1,3.5,2.45,3.28,3.17,2.5,3.29,3.5,2.4,3.19,3.07,38.0,2018/2019
F1,2018-09-23,Lyon,Marseille,4.0,2.0,H,17.0,9.0,5.0,3.0,7.0,12.0,3.0,7.0,1.0,2.0,0.0,1.0,1.95,3.5,3.8,2.04,3.85,3.58,2.17,3.85,3.8,2.06,3.64,3.36,39.0,2018/2019
F1,2018-09-23,Rennes,Paris Saint-Germain,1.0,3.0,A,14.0,15.0,4.0,6.0,11.0,17.0,9.0,4.0,2.0,3.0,0.0,0.0,7.5,4.5,1.4,7.11,5.34,1.43,8.5,5.34,1.43,7.26,4.97,1.39,38.0,2018/2019
F1,2018-09-25,Monaco,Angers,0.0,1.0,A,7.0,6.0,0.0,3.0,13.0,12.0,5.0,4.0,1.0,2.0,0.0,0.0,1.75,3.8,4.75,1.76,3.83,5.01,1.85,3.85,5.01,1.76,3.7,4.65,36.0,2018/2019
F1,2018-09-25,Nantes,Nice,1.0,2.0,A,10.0,12.0,3.0,5.0,12.0,15.0,8.0,8.0,1.0,2.0,0.0,0.0,2.4,3.2,3.1,2.36,3.31,3.34,2.4,3.31,3.4,2.32,3.22,3.23,36.0,2018/2019
F1,2018-09-25,Toulouse,Saint-Etienne,2.0,3.0,A,20.0,14.0,6.0,8.0,13.0,14.0,4.0,2.0,1.0,2.0,0.0,0.0,2.6,3.0,3.0,2.61,3.22,3.02,2.68,3.22,3.1,2.57,3.1,2.93,36.0,2018/2019
F1,2018-09-26,Amiens,Rennes,2.0,1.0,H,12.0,15.0,3.0,2.0,11.0,18.0,9.0,6.0,0.0,2.0,0.0,1.0,3.25,3.1,2.4,3.25,3.35,2.39,3.3,3.35,2.45,3.19,3.18,2.37,39.0,2018/2019
F1,2018-09-26,Bordeaux,Lille,1.0,0.0,H,7.0,15.0,3.0,6.0,13.0,19.0,3.0,4.0,1.0,3.0,0.0,1.0,2.45,3.2,3.0,2.53,3.32,3.05,2.54,3.32,3.1,2.47,3.2,2.99,39.0,2018/2019
F1,2018-09-26,Caen,Montpellier,2.0,2.0,D,11.0,16.0,3.0,6.0,10.0,14.0,4.0,6.0,2.0,2.0,0.0,1.0,3.0,3.0,2.6,3.07,3.14,2.63,3.08,3.14,2.7,2.97,3.03,2.59,39.0,2018/2019
F1,2018-09-26,Dijon,Lyon,0.0,3.0,A,30.0,16.0,6.0,5.0,12.0,11.0,8.0,2.0,2.0,2.0,1.0,1.0,5.75,4.2,1.57,5.56,4.51,1.59,6.0,4.51,1.67,5.43,4.27,1.58,39.0,2018/2019
F1,2018-09-26,Marseille,Strasbourg,3.0,2.0,H,13.0,9.0,5.0,5.0,12.0,13.0,3.0,2.0,3.0,3.0,1.0,0.0,1.44,4.5,7.5,1.43,4.94,7.75,1.45,4.94,8.0,1.43,4.69,7.19,38.0,2018/2019
F1,2018-09-26,Nîmes,Guingamp,0.0,0.0,D,7.0,9.0,2.0,3.0,11.0,12.0,4.0,3.0,3.0,3.0,0.0,0.0,1.95,3.6,3.8,1.95,3.85,3.93,1.98,3.85,4.01,1.94,3.61,3.84,39.0,2018/2019
F1,2018-09-26,Paris Saint-Germain,Reims,4.0,1.0,H,15.0,9.0,7.0,3.0,12.0,13.0,8.0,4.0,0.0,1.0,0.0,0.0,1.12,9.0,21.0,1.13,9.38,22.41,1.14,9.5,29.0,1.13,8.7,20.38,39.0,2018/2019
F1,2018-09-28,Saint-Etienne,Monaco,2.0,0.0,H,16.0,20.0,5.0,7.0,8.0,9.0,6.0,3.0,0.0,1.0,0.0,0.0,1.95,3.4,4.0,2.05,3.51,3.97,2.1,3.75,4.1,2.01,3.5,3.73,40.0,2018/2019
F1,2018-09-29,Angers,Guingamp,0.0,1.0,A,11.0,11.0,4.0,5.0,15.0,13.0,1.0,4.0,3.0,3.0,0.0,0.0,2.14,3.2,3.7,2.15,3.23,3.99,2.15,3.3,4.05,2.12,3.19,3.79,40.0,2018/2019
F1,2018-09-29,Caen,Amiens,1.0,0.0,H,12.0,7.0,4.0,2.0,15.0,11.0,7.0,4.0,2.0,2.0,0.0,1.0,2.14,3.25,3.6,2.16,3.26,3.92,2.16,3.4,3.95,2.1,3.23,3.77,40.0,2018/2019
F1,2018-09-29,Lyon,Nantes,1.0,1.0,D,20.0,19.0,7.0,4.0,15.0,12.0,10.0,10.0,3.0,4.0,0.0,0.0,1.3,5.75,9.5,1.32,5.55,10.77,1.35,5.75,10.97,1.32,5.36,9.51,40.0,2018/2019
F1,2018-09-29,Nice,Paris Saint-Germain,0.0,3.0,A,9.0,21.0,1.0,8.0,13.0,12.0,3.0,7.0,3.0,2.0,1.0,0.0,7.5,5.5,1.36,8.59,5.54,1.36,10.0,5.75,1.37,8.49,5.48,1.33,40.0,2018/2019
F1,2018-09-29,Reims,Bordeaux,0.0,0.0,D,9.0,7.0,0.0,3.0,16.0,23.0,7.0,1.0,2.0,3.0,0.0,0.0,2.3,3.25,3.25,2.41,3.26,3.3,2.46,3.26,3.35,2.38,3.16,3.2,40.0,2018/2019
F1,2018-09-29,Strasbourg,Dijon,3.0,0.0,H,7.0,14.0,5.0,1.0,11.0,17.0,0.0,5.0,1.0,3.0,0.0,0.0,1.95,3.5,4.0,1.91,3.9,4.05,1.95,3.9,4.2,1.92,3.61,3.96,39.0,2018/2019
F1,2018-09-30,Lille,Marseille,3.0,0.0,H,16.0,8.0,4.0,3.0,8.0,14.0,5.0,2.0,1.0,3.0,0.0,0.0,3.1,3.4,2.3,2.89,3.6,2.49,3.1,3.65,2.49,2.88,3.5,2.39,39.0,2018/2019
F1,2018-09-30,Montpellier,Nîmes,3.0,0.0,H,19.0,11.0,6.0,3.0,15.0,18.0,4.0,1.0,2.0,3.0,0.0,0.0,1.85,3.6,4.33,1.95,3.52,4.34,1.95,3.6,4.5,1.91,3.44,4.22,40.0,2018/2019
F1,2018-09-30,Rennes,Toulouse,1.0,1.0,D,22.0,5.0,7.0,2.0,17.0,14.0,7.0,3.0,1.0,4.0,0.0,1.0,1.95,3.5,4.0,1.95,3.57,4.25,2.05,3.57,4.26,1.95,3.44,4.06,39.0,2018/2019
F1,2018-10-05,Toulouse,Nice,1.0,1.0,D,13.0,11.0,2.0,2.0,17.0,14.0,3.0,2.0,1.0,2.0,0.0,0.0,2.37,3.3,3.1,2.37,3.41,3.22,2.44,3.41,3.27,2.35,3.27,3.13,37.0,2018/2019
F1,2018-10-06,Amiens,Dijon,1.0,0.0,H,8.0,10.0,2.0,3.0,19.0,18.0,6.0,2.0,0.0,0.0,0.0,0.0,2.4,3.25,3.1,2.53,3.36,3.01,2.53,3.36,3.12,2.43,3.24,3.02,37.0,2018/2019
F1,2018-10-06,Angers,Strasbourg,2.0,2.0,D,24.0,9.0,6.0,4.0,11.0,13.0,6.0,1.0,1.0,5.0,0.0,0.0,2.37,3.1,3.3,2.35,3.36,3.31,2.4,3.36,3.35,2.34,3.19,3.22,36.0,2018/2019
F1,2018-10-06,Guingamp,Montpellier,1.0,1.0,D,7.0,11.0,2.0,5.0,11.0,17.0,3.0,4.0,0.0,3.0,1.0,1.0,2.8,3.1,2.7,2.81,3.08,2.91,2.85,3.15,2.91,2.75,3.04,2.81,37.0,2018/2019
F1,2018-10-06,Lille,Saint-Etienne,3.0,1.0,H,12.0,6.0,5.0,2.0,8.0,10.0,1.0,4.0,2.0,1.0,0.0,0.0,2.0,3.4,3.9,2.0,3.69,3.91,2.1,3.69,4.0,2.01,3.47,3.8,37.0,2018/2019
F1,2018-10-06,Nîmes,Reims,0.0,0.0,D,17.0,9.0,5.0,2.0,13.0,11.0,9.0,1.0,1.0,1.0,0.0,0.0,2.3,3.3,3.2,2.33,3.33,3.39,2.33,3.4,3.43,2.27,3.28,3.3,37.0,2018/2019
F1,2018-10-07,Marseille,Caen,2.0,0.0,H,17.0,7.0,6.0,2.0,14.0,14.0,4.0,2.0,3.0,5.0,0.0,0.0,1.33,5.25,9.0,1.34,5.53,9.55,1.4,5.75,10.5,1.33,5.32,8.88,37.0,2018/2019
F1,2018-10-07,Bordeaux,Nantes,3.0,0.0,H,16.0,12.0,7.0,2.0,19.0,15.0,4.0,6.0,1.0,1.0,0.0,0.0,2.25,3.2,3.4,2.35,3.18,3.51,2.38,3.25,3.6,2.29,3.16,3.36,37.0,2018/2019
F1,2018-10-07,Paris Saint-Germain,Lyon,5.0,0.0,H,14.0,16.0,8.0,6.0,11.0,16.0,2.0,10.0,2.0,4.0,1.0,1.0,1.33,5.5,8.5,1.33,6.1,8.61,1.36,6.1,9.0,1.33,5.74,7.95,36.0,2018/2019
F1,2018-10-07,Monaco,Rennes,1.0,2.0,A,8.0,11.0,2.0,4.0,18.0,16.0,2.0,3.0,5.0,1.0,1.0,0.0,2.0,3.5,3.75,2.11,3.59,3.65,2.2,3.6,3.75,2.1,3.44,3.51,37.0,2018/2019
F1,2018-10-19,Lyon,Nîmes,2.0,0.0,H,13.0,23.0,5.0,6.0,10.0,11.0,7.0,7.0,1.0,2.0,0.0,0.0,1.3,5.5,9.5,1.34,5.7,9.04,1.37,5.95,10.0,1.33,5.45,8.58,39.0,2018/2019
F1,2018-10-20,Reims,Angers,1.0,1.0,D,12.0,16.0,5.0,6.0,13.0,7.0,8.0,6.0,1.0,0.0,0.0,0.0,2.25,3.1,3.5,2.28,3.11,3.77,2.3,3.15,3.9,2.22,3.04,3.67,39.0,2018/2019
F1,2018-10-20,Strasbourg,Monaco,2.0,1.0,H,8.0,12.0,5.0,5.0,13.0,11.0,4.0,6.0,2.0,3.0,0.0,1.0,2.7,3.25,2.7,2.62,3.52,2.78,2.74,3.55,2.8,2.61,3.39,2.69,38.0,2018/2019
F1,2018-10-20,Caen,Guingamp,0.0,0.0,D,4.0,7.0,2.0,2.0,17.0,5.0,3.0,2.0,0.0,0.0,0.0,0.0,2.1,3.25,3.75,2.19,3.32,3.72,2.23,3.32,3.8,2.17,3.18,3.63,39.0,2018/2019
F1,2018-10-20,Dijon,Lille,1.0,2.0,A,17.0,8.0,7.0,3.0,20.0,13.0,10.0,5.0,2.0,2.0,0.0,0.0,3.3,3.5,2.14,3.32,3.51,2.27,3.55,3.6,2.27,3.28,3.44,2.19,39.0,2018/2019
F1,2018-10-20,Nantes,Toulouse,4.0,0.0,H,18.0,5.0,9.0,2.0,12.0,13.0,4.0,3.0,3.0,1.0,0.0,0.0,2.0,3.3,4.0,2.04,3.47,4.05,2.06,3.47,4.2,2.0,3.32,3.96,39.0,2018/2019
F1,2018-10-20,Paris Saint-Germain,Amiens,5.0,0.0,H,16.0,8.0,8.0,2.0,12.0,10.0,10.0,5.0,0.0,0.0,0.0,0.0,1.08,11.0,26.0,1.11,10.93,25.53,1.12,12.0,41.0,1.1,10.49,24.5,39.0,2018/2019
F1,2018-10-21,Nice,Marseille,0.0,1.0,A,14.0,9.0,3.0,1.0,12.0,9.0,5.0,7.0,3.0,1.0,0.0,0.0,3.5,3.5,2.04,3.34,3.84,2.15,3.5,3.84,2.17,3.3,3.58,2.12,39.0,2018/2019
F1,2018-10-21,Saint-Etienne,Rennes,1.0,1.0,D,8.0,15.0,2.0,5.0,13.0,11.0,2.0,4.0,1.0,1.0,0.0,0.0,2.14,3.2,3.75,2.23,3.32,3.64,2.3,3.4,3.75,2.21,3.24,3.43,39.0,2018/2019
F1,2018-10-21,Montpellier,Bordeaux,2.0,0.0,H,13.0,12.0,4.0,3.0,13.0,11.0,2.0,3.0,2.0,3.0,0.0,0.0,2.14,3.25,3.6,2.14,3.19,4.08,2.18,3.25,4.15,2.1,3.12,3.85,39.0,2018/2019
F1,2018-10-26,Nîmes,Saint-Etienne,1.0,1.0,D,13.0,13.0,6.0,5.0,6.0,15.0,7.0,4.0,1.0,3.0,0.0,0.0,2.62,3.3,2.7,2.74,3.38,2.75,2.8,3.4,2.8,2.68,3.29,2.68,35.0,2018/2019
F1,2018-10-27,Amiens,Nantes,1.0,2.0,A,18.0,12.0,8.0,5.0,16.0,10.0,10.0,2.0,1.0,2.0,0.0,0.0,3.0,3.2,2.5,3.07,3.23,2.57,3.12,3.23,2.6,2.99,3.12,2.53,37.0,2018/2019
F1,2018-10-27,Angers,Lyon,1.0,2.0,A,14.0,9.0,4.0,5.0,9.0,10.0,7.0,0.0,2.0,5.0,1.0,0.0,3.8,3.6,1.95,4.08,3.59,1.99,4.1,3.75,2.0,3.89,3.58,1.95,38.0,2018/2019
F1,2018-10-27,Guingamp,Strasbourg,1.0,1.0,D,10.0,12.0,4.0,5.0,10.0,14.0,6.0,5.0,1.0,1.0,0.0,0.0,2.37,3.2,3.2,2.3,3.4,3.36,2.37,3.4,3.45,2.26,3.27,3.27,37.0,2018/2019
F1,2018-10-27,Lille,Caen,1.0,0.0,H,11.0,5.0,4.0,1.0,13.0,20.0,9.0,4.0,0.0,2.0,0.0,0.0,1.5,4.0,7.5,1.5,4.21,7.84,1.55,4.35,8.0,1.49,4.11,7.24,38.0,2018/2019
F1,2018-10-27,Monaco,Dijon,2.0,2.0,D,12.0,11.0,5.0,3.0,15.0,14.0,6.0,4.0,2.0,3.0,0.0,0.0,1.66,4.0,5.0,1.71,4.24,4.83,1.75,4.24,5.25,1.69,3.99,4.78,38.0,2018/2019
F1,2018-10-27,Toulouse,Montpellier,0.0,3.0,A,15.0,22.0,4.0,8.0,13.0,13.0,5.0,7.0,2.0,1.0,0.0,0.0,2.8,3.1,2.7,2.93,3.09,2.78,2.95,3.2,2.85,2.83,3.03,2.71,38.0,2018/2019
F1,2018-10-28,Bordeaux,Nice,0.0,1.0,A,23.0,13.0,7.0,2.0,13.0,13.0,5.0,2.0,2.0,3.0,0.0,0.0,2.3,3.3,3.25,2.37,3.29,3.35,2.4,3.35,3.45,2.3,3.22,3.24,38.0,2018/2019
F1,2018-10-28,Marseille,Paris Saint-Germain,0.0,2.0,A,12.0,11.0,2.0,5.0,8.0,11.0,5.0,7.0,4.0,2.0,0.0,0.0,6.0,5.0,1.44,5.95,5.21,1.49,7.0,5.25,1.51,5.99,4.92,1.46,38.0,2018/2019
F1,2018-10-28,Rennes,Reims,0.0,2.0,A,11.0,6.0,5.0,3.0,16.0,17.0,11.0,2.0,3.0,2.0,0.0,0.0,1.7,3.4,5.75,1.74,3.73,5.41,1.8,3.75,5.75,1.73,3.56,5.11,38.0,2018/2019
F1,2018-11-02,Paris Saint-Germain,Lille,2.0,1.0,H,19.0,6.0,5.0,2.0,16.0,12.0,8.0,0.0,2.0,3.0,0.0,0.0,1.16,8.0,15.0,1.2,7.69,13.81,1.25,8.65,16.3,1.19,7.58,13.57,34.0,2018/2019
F1,2018-11-03,Caen,Rennes,1.0,2.0,A,12.0,22.0,3.0,10.0,13.0,11.0,2.0,4.0,1.0,2.0,0.0,0.0,3.5,3.25,2.2,3.65,3.29,2.24,3.75,3.3,2.5,3.5,3.17,2.22,37.0,2018/2019
F1,2018-11-03,Dijon,Nîmes,0.0,4.0,A,23.0,11.0,7.0,6.0,12.0,13.0,7.0,3.0,1.0,0.0,0.0,0.0,2.14,3.4,3.4,2.25,3.46,3.44,2.33,3.5,3.44,2.23,3.37,3.27,37.0,2018/2019
F1,2018-11-03,Lyon,Bordeaux,1.0,1.0,D,6.0,17.0,2.0,3.0,18.0,16.0,5.0,5.0,1.0,1.0,0.0,0.0,1.44,4.75,7.0,1.45,4.86,7.26,1.55,5.0,7.5,1.45,4.73,6.79,36.0,2018/2019
F1,2018-11-03,Nice,Amiens,1.0,0.0,H,7.0,13.0,4.0,7.0,8.0,9.0,1.0,4.0,1.0,0.0,0.0,0.0,1.72,3.6,5.25,1.71,3.89,5.35,1.77,3.89,5.75,1.72,3.66,5.14,37.0,2018/2019
F1,2018-11-03,Reims,Monaco,1.0,0.0,H,8.0,5.0,4.0,1.0,12.0,16.0,2.0,4.0,0.0,3.0,1.0,1.0,2.5,3.3,2.87,2.58,3.36,2.95,2.7,3.36,2.95,2.57,3.25,2.82,37.0,2018/2019
F1,2018-11-03,Strasbourg,Toulouse,1.0,1.0,D,18.0,5.0,2.0,2.0,8.0,4.0,10.0,3.0,2.0,1.0,0.0,0.0,1.85,3.6,4.33,1.91,3.75,4.21,2.05,3.75,4.33,1.92,3.55,4.05,36.0,2018/2019
F1,2018-11-04,Montpellier,Marseille,3.0,0.0,H,14.0,11.0,6.0,2.0,12.0,14.0,2.0,6.0,0.0,3.0,0.0,0.0,3.0,3.2,2.5,3.03,3.29,2.56,3.05,3.32,2.6,2.93,3.22,2.5,38.0,2018/2019
F1,2018-11-04,Nantes,Guingamp,5.0,0.0,H,19.0,4.0,10.0,0.0,10.0,13.0,8.0,5.0,0.0,2.0,0.0,0.0,1.83,3.5,4.5,1.86,3.56,4.79,1.91,3.6,5.0,1.84,3.45,4.6,37.0,2018/2019
F1,2018-11-04,Saint-Etienne,Angers,4.0,3.0,H,18.0,10.0,9.0,6.0,8.0,10.0,9.0,5.0,1.0,1.0,0.0,0.0,1.95,3.3,4.2,2.0,3.58,4.06,2.12,3.59,4.2,2.01,3.41,3.88,36.0,2018/2019
F1,2018-11-09,Lille,Strasbourg,0.0,0.0,D,22.0,4.0,8.0,1.0,9.0,14.0,7.0,0.0,0.0,2.0,0.0,0.0,1.72,3.75,5.0,1.74,3.76,5.36,1.8,3.85,5.4,1.74,3.65,5.02,38.0,2018/2019
F1,2018-11-10,Nîmes,Nice,0.0,1.0,A,8.0,13.0,3.0,8.0,11.0,16.0,4.0,6.0,4.0,5.0,2.0,0.0,2.3,3.25,3.25,2.51,3.42,2.99,2.55,3.42,3.25,2.44,3.3,2.95,38.0,2018/2019
F1,2018-11-10,Angers,Montpellier,1.0,0.0,H,10.0,10.0,3.0,3.0,16.0,13.0,5.0,3.0,1.0,2.0,0.0,0.0,3.0,3.1,2.6,2.88,3.22,2.73,3.05,3.22,2.75,2.9,3.07,2.63,38.0,2018/2019
F1,2018-11-10,Saint-Etienne,Reims,2.0,0.0,H,14.0,14.0,5.0,3.0,10.0,21.0,5.0,6.0,3.0,1.0,0.0,0.0,1.8,3.5,4.75,1.84,3.72,4.66,1.91,3.72,4.75,1.84,3.52,4.49,38.0,2018/2019
F1,2018-11-10,Toulouse,Amiens,0.0,1.0,A,23.0,7.0,6.0,2.0,11.0,15.0,7.0,3.0,3.0,1.0,0.0,0.0,2.14,3.2,3.6,2.24,3.19,3.76,2.25,3.3,3.9,2.17,3.17,3.65,38.0,2018/2019
F1,2018-11-10,Guingamp,Lyon,2.0,4.0,A,9.0,19.0,2.0,6.0,13.0,18.0,6.0,0.0,1.0,2.0,0.0,0.0,5.0,4.0,1.66,5.16,4.01,1.71,5.25,4.15,1.75,4.93,3.94,1.69,38.0,2018/2019
F1,2018-11-11,Bordeaux,Caen,0.0,0.0,D,16.0,9.0,6.0,1.0,12.0,14.0,3.0,6.0,4.0,3.0,0.0,0.0,1.85,3.5,4.5,1.85,3.65,4.69,1.91,3.65,5.0,1.83,3.48,4.61,38.0,2018/2019
F1,2018-11-11,Marseille,Dijon,2.0,0.0,H,16.0,9.0,3.0,3.0,9.0,17.0,10.0,4.0,0.0,2.0,0.0,0.0,1.33,4.75,11.0,1.37,5.32,8.79,1.38,5.4,11.0,1.36,5.13,8.45,34.0,2018/2019
F1,2018-11-11,Monaco,Paris Saint-Germain,0.0,4.0,A,15.0,14.0,2.0,9.0,15.0,10.0,6.0,9.0,0.0,0.0,0.0,0.0,11.0,6.5,1.25,9.97,7.63,1.24,14.0,7.75,1.26,10.67,7.04,1.23,38.0,2018/2019
F1,2018-11-11,Rennes,Nantes,1.0,1.0,D,14.0,7.0,4.0,3.0,15.0,17.0,8.0,4.0,4.0,3.0,0.0,0.0,2.14,3.3,3.6,2.16,3.21,3.99,2.25,3.35,3.99,2.15,3.23,3.67,37.0,2018/2019
F1,2018-11-23,Lyon,Saint-Etienne,1.0,0.0,H,13.0,16.0,1.0,3.0,10.0,16.0,6.0,8.0,1.0,2.0,1.0,0.0,1.57,4.2,5.75,1.63,4.22,5.54,1.66,4.45,5.75,1.61,4.18,5.18,38.0,2018/2019
F1,2018-11-24,Dijon,Bordeaux,0.0,0.0,D,14.0,11.0,4.0,0.0,18.0,12.0,6.0,6.0,2.0,1.0,0.0,0.0,2.87,3.25,2.54,2.86,3.41,2.62,2.92,3.45,2.65,2.82,3.3,2.53,38.0,2018/2019
F1,2018-11-24,Caen,Monaco,0.0,1.0,A,9.0,10.0,1.0,4.0,16.0,20.0,7.0,4.0,2.0,3.0,0.0,0.0,3.25,3.25,2.3,3.22,3.27,2.45,3.3,3.35,2.45,3.15,3.21,2.37,38.0,2018/2019
F1,2018-11-24,Nantes,Angers,1.0,1.0,D,24.0,7.0,8.0,1.0,13.0,12.0,8.0,2.0,2.0,3.0,0.0,0.0,2.0,3.2,4.2,1.99,3.44,4.3,2.0,3.45,4.5,1.96,3.32,4.18,38.0,2018/2019
F1,2018-11-24,Paris Saint-Germain,Toulouse,1.0,0.0,H,9.0,11.0,2.0,3.0,12.0,9.0,7.0,6.0,0.0,0.0,0.0,0.0,1.14,9.0,15.0,1.13,9.14,19.08,1.18,9.5,21.0,1.14,8.53,17.28,38.0,2018/2019
F1,2018-11-24,Strasbourg,Nîmes,0.0,1.0,A,12.0,14.0,4.0,3.0,12.0,8.0,7.0,8.0,3.0,1.0,1.0,0.0,2.1,3.4,3.6,2.14,3.39,3.81,2.15,3.5,3.9,2.09,3.36,3.66,38.0,2018/2019
F1,2018-11-24,Reims,Guingamp,2.0,1.0,H,10.0,6.0,3.0,4.0,12.0,10.0,5.0,2.0,1.0,4.0,0.0,0.0,2.0,3.2,4.2,2.05,3.22,4.37,2.06,3.3,4.56,1.99,3.19,4.25,38.0,2018/2019
F1,2018-11-25,Amiens,Marseille,1.0,3.0,A,9.0,21.0,3.0,9.0,14.0,11.0,5.0,8.0,2.0,2.0,0.0,0.0,4.6,3.75,1.75,4.54,3.71,1.86,4.8,3.75,1.86,4.52,3.59,1.81,38.0,2018/2019
F1,2018-11-25,Montpellier,Rennes,2.0,2.0,D,15.0,16.0,4.0,7.0,13.0,16.0,2.0,5.0,3.0,1.0,0.0,0.0,2.3,3.0,3.6,2.28,3.2,3.64,2.35,3.2,3.75,2.25,3.07,3.53,38.0,2018/2019
F1,2018-11-25,Nice,Lille,2.0,0.0,H,11.0,9.0,4.0,2.0,10.0,18.0,4.0,12.0,1.0,4.0,0.0,0.0,2.6,3.1,3.0,2.7,3.19,2.93,2.85,3.3,3.0,2.65,3.15,2.81,38.0,2018/2019
F1,2018-11-30,Saint-Etienne,Nantes,3.0,0.0,H,16.0,7.0,4.0,1.0,16.0,17.0,8.0,1.0,1.0,2.0,0.0,0.0,2.04,3.4,3.75,2.12,3.34,3.92,2.15,3.47,4.05,2.07,3.3,3.8,38.0,2018/2019
F1,2018-12-01,Angers,Caen,1.0,1.0,D,11.0,8.0,4.0,3.0,15.0,8.0,6.0,2.0,1.0,2.0,0.0,0.0,1.72,3.75,5.0,1.77,3.77,5.07,1.85,3.77,5.5,1.76,3.56,4.97,38.0,2018/2019
F1,2018-12-01,Nîmes,Amiens,3.0,0.0,H,13.0,9.0,7.0,2.0,10.0,12.0,5.0,2.0,1.0,4.0,0.0,0.0,1.9,3.6,4.2,1.97,3.47,4.31,2.05,3.6,4.31,1.96,3.37,4.07,38.0,2018/2019
F1,2018-12-01,Guingamp,Nice,0.0,0.0,D,12.0,10.0,2.0,1.0,6.0,11.0,4.0,1.0,1.0,1.0,0.0,0.0,2.7,3.2,2.75,2.77,3.24,2.82,3.1,3.26,2.85,2.73,3.15,2.73,38.0,2018/2019
F1,2018-12-01,Monaco,Montpellier,1.0,2.0,A,13.0,15.0,2.0,3.0,6.0,20.0,4.0,3.0,0.0,0.0,0.0,0.0,2.54,3.3,2.8,2.7,3.41,2.77,2.75,3.41,2.84,2.66,3.25,2.73,38.0,2018/2019
F1,2018-12-01,Lille,Lyon,2.0,2.0,D,13.0,18.0,6.0,5.0,14.0,8.0,4.0,6.0,2.0,1.0,0.0,0.0,2.75,3.3,2.6,2.79,3.43,2.67,2.85,3.5,2.67,2.76,3.36,2.55,37.0,2018/2019
F1,2018-12-02,Bordeaux,Paris Saint-Germain,2.0,2.0,D,18.0,9.0,4.0,2.0,12.0,12.0,4.0,4.0,1.0,2.0,0.0,0.0,10.0,5.5,1.28,8.86,6.02,1.32,11.0,6.05,1.35,8.89,5.69,1.31,38.0,2018/2019
F1,2018-12-02,Marseille,Reims,0.0,0.0,D,16.0,12.0,5.0,4.0,16.0,12.0,13.0,1.0,2.0,1.0,0.0,0.0,1.4,4.75,7.5,1.44,4.63,8.33,1.45,5.0,8.65,1.41,4.6,7.92,38.0,2018/2019
F1,2018-12-02,Rennes,Strasbourg,1.0,4.0,A,12.0,14.0,2.0,8.0,8.0,10.0,10.0,3.0,3.0,1.0,0.0,0.0,1.7,3.75,5.0,1.71,4.08,5.0,1.8,4.08,5.25,1.71,3.82,4.83,38.0,2018/2019
F1,2018-12-02,Toulouse,Dijon,2.0,2.0,D,12.0,14.0,3.0,5.0,12.0,17.0,2.0,5.0,1.0,3.0,1.0,0.0,2.0,3.4,3.75,2.12,3.47,3.77,2.15,3.5,3.85,2.07,3.38,3.68,38.0,2018/2019
F1,2018-12-04,Nice,Angers,0.0,0.0,D,16.0,8.0,5.0,2.0,10.0,17.0,7.0,2.0,3.0,1.0,0.0,1.0,2.0,3.2,4.2,2.09,3.21,4.22,2.1,3.35,4.4,2.04,3.17,4.07,38.0,2018/2019
F1,2018-12-04,Amiens,Monaco,0.0,2.0,A,15.0,6.0,2.0,4.0,21.0,17.0,5.0,2.0,2.0,3.0,1.0,0.0,2.9,3.3,2.45,3.01,3.2,2.63,3.02,3.31,2.65,2.9,3.2,2.55,38.0,2018/2019
F1,2018-12-04,Montpellier,Lille,0.0,1.0,A,16.0,13.0,4.0,6.0,15.0,10.0,8.0,8.0,2.0,2.0,0.0,0.0,2.1,3.2,3.75,2.19,3.28,3.78,2.3,3.28,3.81,2.16,3.18,3.65,38.0,2018/2019
F1,2018-12-05,Bordeaux,Saint-Etienne,3.0,2.0,H,13.0,14.0,5.0,4.0,13.0,12.0,3.0,7.0,2.0,3.0,0.0,0.0,2.5,3.1,3.1,2.64,3.11,3.08,2.64,3.2,3.1,2.54,3.09,3.0,38.0,2018/2019
F1,2018-12-05,Caen,Nîmes,1.0,2.0,A,11.0,23.0,3.0,7.0,19.0,14.0,0.0,6.0,1.0,3.0,0.0,0.0,2.8,3.1,2.75,2.84,3.27,2.72,2.86,3.3,2.75,2.77,3.16,2.68,38.0,2018/2019
F1,2018-12-05,Dijon,Guingamp,2.0,1.0,H,9.0,21.0,3.0,9.0,19.0,17.0,2.0,9.0,6.0,1.0,1.0,0.0,2.25,3.25,3.4,2.31,3.21,3.57,2.32,3.35,3.57,2.26,3.21,3.37,38.0,2018/2019
F1,2018-12-05,Lyon,Rennes,0.0,2.0,A,15.0,10.0,8.0,2.0,14.0,12.0,5.0,2.0,1.0,0.0,0.0,0.0,1.53,4.2,6.5,1.55,4.53,6.11,1.6,4.55,6.5,1.54,4.32,5.84,38.0,2018/2019
F1,2018-12-05,Nantes,Marseille,3.0,2.0,H,11.0,8.0,4.0,3.0,16.0,11.0,8.0,7.0,0.0,1.0,0.0,0.0,3.1,3.3,2.35,3.19,3.36,2.42,3.2,3.4,2.43,3.1,3.27,2.36,38.0,2018/2019
F1,2018-12-05,Reims,Toulouse,0.0,1.0,A,22.0,7.0,7.0,3.0,15.0,22.0,10.0,3.0,3.0,6.0,0.0,1.0,1.95,3.2,4.5,1.94,3.5,4.42,2.0,3.5,4.75,1.93,3.31,4.35,38.0,2018/2019
F1,2018-12-05,Strasbourg,Paris Saint-Germain,1.0,1.0,D,4.0,20.0,2.0,5.0,12.0,14.0,3.0,11.0,2.0,3.0,0.0,0.0,8.0,5.75,1.33,8.38,5.53,1.36,9.5,5.75,1.4,8.19,5.41,1.34,38.0,2018/2019
F1,2018-12-08,Guingamp,Amiens,1.0,2.0,A,16.0,11.0,2.0,3.0,16.0,15.0,12.0,0.0,1.0,4.0,1.0,0.0,2.0,3.2,4.2,2.08,3.26,4.2,2.28,3.37,4.2,2.04,3.24,3.99,38.0,2018/2019
F1,2018-12-08,Rennes,Dijon,2.0,0.0,H,21.0,7.0,10.0,3.0,10.0,16.0,8.0,4.0,1.0,2.0,0.0,0.0,1.57,3.8,6.5,1.54,4.42,6.52,1.58,4.42,6.7,1.54,4.13,6.23,37.0,2018/2019
F1,2018-12-09,Lille,Reims,1.0,1.0,D,12.0,8.0,3.0,3.0,14.0,24.0,5.0,4.0,1.0,3.0,0.0,0.0,1.8,3.4,5.0,1.75,3.78,5.19,1.81,3.78,5.75,1.75,3.53,5.11,37.0,2018/2019
F1,2018-12-09,Strasbourg,Caen,2.0,2.0,D,10.0,5.0,4.0,3.0,11.0,13.0,8.0,4.0,1.0,1.0,0.0,0.0,1.75,3.5,5.25,1.77,3.63,5.32,1.8,3.7,5.35,1.76,3.51,5.04,37.0,2018/2019
F1,2018-12-15,Reims,Strasbourg,2.0,1.0,H,12.0,5.0,5.0,3.0,19.0,16.0,6.0,3.0,1.0,1.0,0.0,0.0,2.25,3.1,3.5,2.28,3.24,3.59,2.3,3.26,3.65,2.24,3.16,3.5,35.0,2018/2019
F1,2018-12-16,Lyon,Monaco,3.0,0.0,H,21.0,4.0,11.0,1.0,14.0,9.0,7.0,1.0,1.0,2.0,0.0,1.0,1.44,4.75,7.0,1.44,5.1,7.03,1.5,5.25,7.5,1.44,4.75,6.77,23.0,2018/2019
F1,2018-12-16,Nice,Saint-Etienne,1.0,1.0,D,23.0,11.0,7.0,4.0,6.0,20.0,7.0,6.0,2.0,3.0,1.0,1.0,2.25,3.1,3.5,2.29,3.25,3.41,2.33,3.4,3.65,2.24,3.23,3.4,25.0,2018/2019
F1,2018-12-16,Nîmes,Lille,2.0,3.0,A,17.0,7.0,6.0,6.0,21.0,12.0,6.0,2.0,3.0,3.0,0.0,1.0,2.5,3.0,3.2,2.5,3.37,3.05,2.6,3.38,3.2,2.46,3.24,2.97,36.0,2018/2019
F1,2018-12-18,Caen,Toulouse,2.0,1.0,H,13.0,7.0,7.0,2.0,15.0,27.0,2.0,3.0,2.0,2.0,0.0,0.0,2.5,3.1,3.1,2.54,3.13,3.2,2.6,3.17,3.33,2.48,3.06,3.14,32.0,2018/2019
F1,2018-12-22,Angers,Marseille,1.0,1.0,D,15.0,14.0,4.0,2.0,9.0,14.0,6.0,4.0,1.0,3.0,0.0,0.0,3.75,3.4,2.04,3.63,3.54,2.14,3.75,3.54,2.18,3.51,3.41,2.12,35.0,2018/2019
F1,2018-12-22,Lille,Toulouse,1.0,2.0,A,17.0,6.0,5.0,3.0,11.0,18.0,6.0,7.0,3.0,4.0,0.0,0.0,1.72,3.5,5.5,1.68,4.0,5.44,1.72,4.0,5.75,1.68,3.79,5.29,35.0,2018/2019
F1,2018-12-22,Monaco,Guingamp,0.0,2.0,A,5.0,9.0,2.0,3.0,19.0,15.0,8.0,6.0,2.0,4.0,0.0,0.0,1.9,3.5,4.33,1.96,3.39,4.49,1.97,3.5,4.55,1.92,3.38,4.28,35.0,2018/2019
F1,2018-12-22,Strasbourg,Nice,2.0,0.0,H,11.0,9.0,5.0,4.0,15.0,12.0,2.0,4.0,2.0,0.0,0.0,0.0,2.37,3.2,3.1,2.5,3.18,3.21,2.58,3.25,3.25,2.43,3.15,3.13,36.0,2018/2019
F1,2018-12-22,Montpellier,Lyon,1.0,1.0,D,13.0,10.0,4.0,3.0,20.0,11.0,6.0,2.0,2.0,1.0,0.0,0.0,3.3,3.3,2.25,3.52,3.38,2.24,3.6,3.45,2.26,3.38,3.32,2.21,36.0,2018/2019
F1,2018-12-22,Reims,Caen,2.0,2.0,D,19.0,7.0,11.0,2.0,9.0,16.0,10.0,2.0,3.0,3.0,0.0,0.0,1.8,3.5,4.75,1.76,3.44,5.92,1.8,3.55,5.92,1.74,3.4,5.46,36.0,2018/2019
F1,2018-12-22,Rennes,Nîmes,4.0,0.0,H,13.0,18.0,7.0,6.0,11.0,13.0,2.0,7.0,1.0,2.0,0.0,0.0,1.83,3.5,4.5,1.85,3.74,4.57,1.88,3.8,4.67,1.82,3.63,4.44,35.0,2018/2019
F1,2018-12-22,Saint-Etienne,Dijon,3.0,0.0,H,18.0,7.0,9.0,2.0,13.0,17.0,5.0,3.0,4.0,3.0,0.0,0.0,1.53,4.33,6.0,1.53,4.58,6.2,1.57,4.65,7.0,1.52,4.37,6.14,36.0,2018/2019
F1,2018-12-22,Paris Saint-Germain,Nantes,1.0,0.0,H,23.0,11.0,3.0,2.0,7.0,11.0,9.0,1.0,2.0,0.0,0.0,0.0,1.14,9.0,15.0,1.12,10.1,23.78,1.14,10.5,29.0,1.12,9.34,20.65,36.0,2018/2019
F1,2018-12-23,Bordeaux,Amiens,1.0,1.0,D,9.0,8.0,4.0,4.0,10.0,10.0,6.0,6.0,0.0,2.0,0.0,0.0,1.61,3.75,6.0,1.62,3.88,6.49,1.65,3.95,6.5,1.62,3.76,5.86,22.0,2018/2019
F1,2019-01-08,Amiens,Angers,0.0,0.0,D,21.0,7.0,5.0,2.0,13.0,7.0,4.0,7.0,0.0,1.0,0.0,0.0,3.2,3.0,2.4,3.22,3.06,2.59,3.26,3.07,2.61,3.13,2.99,2.54,37.0,2018/2019
F1,2019-01-08,Nantes,Montpellier,2.0,0.0,H,16.0,9.0,5.0,2.0,17.0,9.0,4.0,3.0,1.0,2.0,0.0,1.0,2.6,3.1,2.9,2.68,3.11,3.02,2.71,3.15,3.08,2.61,3.05,2.98,37.0,2018/2019
F1,2019-01-11,Caen,Lille,1.0,3.0,A,9.0,12.0,3.0,7.0,14.0,18.0,4.0,2.0,3.0,1.0,0.0,1.0,3.8,3.25,2.1,3.77,3.37,2.16,3.8,3.37,2.2,3.64,3.22,2.15,20.0,2018/2019
F1,2019-01-11,Lyon,Reims,1.0,1.0,D,15.0,9.0,5.0,5.0,14.0,7.0,8.0,0.0,0.0,1.0,0.0,0.0,1.45,4.5,7.5,1.45,4.62,7.9,1.5,4.75,8.05,1.46,4.43,7.32,38.0,2018/2019
F1,2019-01-12,Amiens,Paris Saint-Germain,0.0,3.0,A,4.0,20.0,1.0,9.0,16.0,16.0,1.0,8.0,3.0,0.0,1.0,0.0,17.0,7.5,1.16,17.41,7.29,1.19,19.5,8.05,1.22,15.93,7.09,1.18,38.0,2018/2019
F1,2019-01-12,Guingamp,Saint-Etienne,0.0,1.0,A,11.0,4.0,2.0,2.0,10.0,12.0,9.0,4.0,0.0,1.0,0.0,0.0,2.87,3.2,2.5,2.89,3.29,2.67,3.02,3.3,2.7,2.88,3.19,2.58,38.0,2018/2019
F1,2019-01-12,Nice,Bordeaux,1.0,0.0,H,9.0,18.0,3.0,4.0,17.0,17.0,5.0,5.0,2.0,3.0,0.0,0.0,2.2,3.2,3.6,2.23,3.14,3.87,2.27,3.22,3.9,2.19,3.13,3.67,38.0,2018/2019
F1,2019-01-13,Marseille,Monaco,1.0,1.0,D,14.0,8.0,3.0,3.0,12.0,10.0,6.0,3.0,2.0,1.0,0.0,0.0,1.57,4.0,6.0,1.61,4.32,5.58,1.63,4.6,6.0,1.58,4.23,5.4,38.0,2018/2019
F1,2019-01-13,Dijon,Montpellier,1.0,1.0,D,13.0,13.0,7.0,6.0,21.0,14.0,3.0,7.0,2.0,0.0,0.0,0.0,3.25,3.3,2.3,3.38,3.34,2.32,3.53,3.36,2.35,3.32,3.24,2.28,35.0,2018/2019
F1,2019-01-13,Toulouse,Strasbourg,1.0,2.0,A,17.0,12.0,4.0,5.0,9.0,8.0,7.0,4.0,1.0,1.0,0.0,0.0,2.5,3.2,3.0,2.52,3.24,3.14,2.55,3.25,3.2,2.46,3.15,3.07,17.0,2018/2019
F1,2019-01-13,Nantes,Rennes,0.0,1.0,A,24.0,6.0,3.0,1.0,13.0,16.0,4.0,3.0,5.0,3.0,0.0,0.0,2.55,3.3,2.8,2.68,3.28,2.88,2.68,3.35,2.9,2.6,3.24,2.8,17.0,2018/2019
F1,2019-01-15,Angers,Bordeaux,1.0,2.0,A,19.0,9.0,8.0,4.0,10.0,9.0,9.0,7.0,1.0,0.0,0.0,0.0,2.5,3.0,3.0,2.66,3.01,3.16,2.68,3.12,3.16,2.57,3.01,3.05,38.0,2018/2019
F1,2019-01-16,Guingamp,Rennes,2.0,1.0,H,7.0,17.0,2.0,3.0,10.0,14.0,7.0,4.0,2.0,3.0,0.0,0.0,2.87,3.2,2.55,3.0,3.26,2.6,3.25,3.3,2.63,2.94,3.17,2.54,38.0,2018/2019
F1,2019-01-16,Monaco,Nice,1.0,1.0,D,13.0,6.0,5.0,2.0,13.0,9.0,10.0,2.0,2.0,2.0,0.0,1.0,2.3,3.2,3.3,2.36,3.21,3.45,2.38,3.35,3.48,2.3,3.18,3.34,38.0,2018/2019
F1,2019-01-16,Nîmes,Nantes,1.0,0.0,H,10.0,11.0,2.0,3.0,13.0,11.0,5.0,4.0,0.0,0.0,0.0,0.0,2.37,3.25,3.1,2.4,3.27,3.31,2.45,3.4,3.31,2.34,3.25,3.2,38.0,2018/2019
F1,2019-01-16,Saint-Etienne,Marseille,2.0,1.0,H,11.0,15.0,5.0,4.0,13.0,14.0,4.0,2.0,0.0,0.0,0.0,0.0,2.25,3.5,3.1,2.38,3.45,3.18,2.41,3.55,3.18,2.32,3.43,3.06,38.0,2018/2019
F1,2019-01-16,Toulouse,Lyon,2.0,2.0,D,6.0,22.0,4.0,5.0,12.0,10.0,4.0,10.0,4.0,3.0,0.0,0.0,5.25,3.75,1.66,4.86,3.9,1.77,5.25,4.1,1.8,4.76,3.82,1.73,38.0,2018/2019
F1,2019-01-18,Lille,Amiens,2.0,1.0,H,17.0,2.0,3.0,1.0,8.0,18.0,4.0,3.0,0.0,3.0,0.0,0.0,1.65,3.6,5.75,1.66,3.78,6.21,1.69,3.84,6.3,1.66,3.68,5.75,37.0,2018/2019
F1,2019-01-19,Monaco,Strasbourg,1.0,5.0,A,9.0,16.0,5.0,6.0,13.0,9.0,3.0,7.0,4.0,2.0,1.0,1.0,1.9,3.5,4.0,1.97,3.66,4.06,2.0,3.7,4.3,1.95,3.5,3.97,37.0,2018/2019
F1,2019-01-19,Nîmes,Toulouse,0.0,1.0,A,18.0,11.0,6.0,4.0,17.0,13.0,8.0,2.0,3.0,1.0,0.0,0.0,1.95,3.6,3.8,2.01,3.67,3.9,2.08,3.7,3.95,2.0,3.5,3.79,37.0,2018/2019
F1,2019-01-19,Paris Saint-Germain,Guingamp,9.0,0.0,H,26.0,2.0,12.0,0.0,11.0,7.0,8.0,1.0,1.0,0.0,0.0,0.0,1.1,10.0,26.0,1.09,12.42,34.41,1.1,13.5,41.0,1.08,11.55,28.88,37.0,2018/2019
F1,2019-01-19,Reims,Nice,1.0,1.0,D,10.0,9.0,2.0,5.0,16.0,10.0,2.0,7.0,0.0,3.0,0.0,0.0,2.25,3.0,3.7,2.19,3.18,3.92,2.25,3.22,3.92,2.2,3.11,3.69,37.0,2018/2019
F1,2019-01-20,Angers,Nantes,1.0,0.0,H,4.0,13.0,3.0,4.0,9.0,20.0,3.0,6.0,2.0,3.0,0.0,0.0,2.45,3.1,3.1,2.61,3.15,3.08,2.61,3.15,3.2,2.53,3.06,3.02,18.0,2018/2019
F1,2019-01-20,Bordeaux,Dijon,1.0,0.0,H,13.0,10.0,5.0,3.0,12.0,13.0,2.0,2.0,3.0,3.0,0.0,1.0,1.66,3.6,5.75,1.73,3.82,5.28,1.75,3.85,5.75,1.7,3.72,5.21,23.0,2018/2019
F1,2019-01-20,Caen,Marseille,0.0,1.0,A,9.0,9.0,4.0,1.0,19.0,16.0,5.0,4.0,6.0,3.0,1.0,0.0,4.33,3.6,1.85,4.38,3.74,1.88,4.55,3.75,1.92,4.29,3.6,1.86,37.0,2018/2019
F1,2019-01-20,Rennes,Montpellier,0.0,0.0,D,16.0,13.0,1.0,3.0,13.0,18.0,6.0,0.0,2.0,2.0,0.0,0.0,2.05,3.4,3.8,2.14,3.25,3.98,2.15,3.4,4.0,2.1,3.23,3.83,37.0,2018/2019
F1,2019-01-20,Saint-Etienne,Lyon,1.0,2.0,A,15.0,23.0,9.0,7.0,18.0,7.0,4.0,4.0,2.0,2.0,0.0,0.0,3.1,3.5,2.25,3.1,3.79,2.28,3.2,3.79,2.35,3.04,3.61,2.26,37.0,2018/2019
F1,2019-01-23,Nîmes,Angers,3.0,1.0,H,15.0,11.0,6.0,4.0,12.0,9.0,9.0,2.0,1.0,2.0,0.0,0.0,2.05,3.4,3.8,2.06,3.32,4.18,2.13,3.45,4.18,2.03,3.32,3.89,36.0,2018/2019
F1,2019-01-25,Marseille,Lille,1.0,2.0,A,15.0,9.0,5.0,3.0,14.0,7.0,9.0,6.0,5.0,3.0,1.0,0.0,2.3,3.25,3.2,2.5,3.22,3.19,2.55,3.35,3.2,2.43,3.23,3.05,37.0,2018/2019
F1,2019-01-26,Dijon,Monaco,2.0,0.0,H,13.0,18.0,7.0,5.0,15.0,9.0,3.0,5.0,3.0,2.0,0.0,1.0,2.9,3.3,2.37,3.09,3.46,2.42,3.2,3.48,2.46,3.02,3.35,2.39,37.0,2018/2019
F1,2019-01-26,Guingamp,Reims,0.0,1.0,A,6.0,7.0,2.0,3.0,12.0,13.0,4.0,4.0,1.0,2.0,1.0,0.0,2.5,3.1,3.1,2.53,3.2,3.15,2.6,3.2,3.27,2.49,3.05,3.12,37.0,2018/2019
F1,2019-01-26,Nice,Nîmes,2.0,0.0,H,15.0,14.0,7.0,7.0,10.0,13.0,6.0,4.0,1.0,3.0,0.0,0.0,2.1,3.2,3.75,2.23,3.16,3.84,2.24,3.3,4.0,2.17,3.14,3.7,37.0,2018/2019
F1,2019-01-26,Strasbourg,Bordeaux,1.0,0.0,H,10.0,11.0,5.0,1.0,19.0,18.0,5.0,4.0,2.0,2.0,0.0,0.0,2.4,3.2,3.1,2.48,3.2,3.24,2.5,3.25,3.3,2.41,3.14,3.18,37.0,2018/2019
F1,2019-01-27,Amiens,Lyon,0.0,1.0,A,12.0,18.0,2.0,11.0,17.0,15.0,3.0,4.0,1.0,3.0,0.0,0.0,6.5,4.2,1.53,5.87,4.5,1.57,6.5,4.5,1.6,5.77,4.23,1.56,35.0,2018/2019
F1,2019-01-27,Montpellier,Caen,2.0,0.0,H,11.0,9.0,6.0,1.0,15.0,17.0,4.0,3.0,1.0,1.0,0.0,0.0,1.72,3.5,5.5,1.68,3.71,6.04,1.72,3.75,6.25,1.68,3.58,5.76,37.0,2018/2019
F1,2019-01-27,Paris Saint-Germain,Rennes,4.0,1.0,H,16.0,10.0,7.0,3.0,8.0,7.0,2.0,1.0,1.0,2.0,0.0,0.0,1.22,6.5,12.0,1.22,7.03,13.75,1.25,7.25,14.5,1.22,6.73,12.2,37.0,2018/2019
F1,2019-01-27,Toulouse,Angers,0.0,0.0,D,14.0,13.0,4.0,3.0,13.0,11.0,4.0,5.0,1.0,1.0,0.0,0.0,2.2,3.2,3.5,2.3,3.34,3.43,2.35,3.34,3.5,2.26,3.23,3.37,37.0,2018/2019
F1,2019-01-30,Nantes,Saint-Etienne,1.0,1.0,D,13.0,10.0,3.0,4.0,12.0,12.0,7.0,6.0,2.0,1.0,1.0,1.0,2.75,3.1,2.75,2.82,3.2,2.8,2.85,3.25,2.82,2.76,3.14,2.72,33.0,2018/2019
F1,2019-02-01,Lille,Nice,4.0,0.0,H,15.0,5.0,7.0,2.0,16.0,7.0,4.0,1.0,2.0,0.0,0.0,1.0,1.8,3.6,4.75,1.85,3.56,4.93,1.91,3.6,5.15,1.85,3.38,4.7,34.0,2018/2019
F1,2019-02-02,Angers,Dijon,1.0,0.0,H,12.0,7.0,5.0,2.0,14.0,11.0,4.0,8.0,0.0,0.0,0.0,0.0,2.0,3.3,4.0,2.03,3.55,3.96,2.05,3.55,4.15,1.99,3.42,3.92,35.0,2018/2019
F1,2019-02-02,Monaco,Toulouse,2.0,1.0,H,13.0,10.0,3.0,3.0,11.0,16.0,6.0,5.0,2.0,3.0,0.0,0.0,1.72,3.6,5.25,1.79,3.77,4.88,1.81,3.8,5.25,1.76,3.68,4.74,35.0,2018/2019
F1,2019-02-02,Reims,Marseille,2.0,1.0,H,9.0,13.0,4.0,5.0,11.0,15.0,6.0,5.0,3.0,0.0,0.0,0.0,2.7,3.25,2.7,2.81,3.26,2.77,2.85,3.26,2.83,2.74,3.12,2.74,35.0,2018/2019
F1,2019-02-02,Rennes,Amiens,1.0,0.0,H,15.0,8.0,4.0,1.0,11.0,12.0,7.0,4.0,1.0,3.0,0.0,0.0,1.6,3.75,6.5,1.6,3.98,6.46,1.62,4.15,6.55,1.6,3.83,6.17,35.0,2018/2019
F1,2019-02-03,Lyon,Paris Saint-Germain,2.0,1.0,H,14.0,16.0,10.0,9.0,10.0,12.0,6.0,8.0,1.0,2.0,0.0,0.0,3.8,3.8,1.85,3.83,4.06,1.93,4.05,4.1,1.96,3.72,3.91,1.91,35.0,2018/2019
F1,2019-02-03,Nîmes,Montpellier,1.0,1.0,D,12.0,11.0,5.0,4.0,20.0,23.0,5.0,3.0,2.0,1.0,0.0,0.0,2.6,3.1,2.9,2.72,3.14,2.96,2.72,3.26,3.0,2.62,3.13,2.87,35.0,2018/2019
F1,2019-02-05,Marseille,Bordeaux,1.0,0.0,H,24.0,6.0,7.0,1.0,18.0,13.0,4.0,2.0,3.0,2.0,0.0,1.0,2.25,3.2,3.4,2.4,3.16,3.42,2.4,3.27,3.5,2.34,3.13,3.33,34.0,2018/2019
F1,2019-02-08,Dijon,Marseille,1.0,2.0,A,10.0,18.0,4.0,8.0,11.0,11.0,3.0,12.0,3.0,3.0,0.0,0.0,4.33,3.5,1.85,4.18,3.71,1.93,4.33,3.71,2.0,4.06,3.55,1.92,35.0,2018/2019
F1,2019-02-09,Amiens,Caen,1.0,0.0,H,10.0,11.0,1.0,4.0,12.0,14.0,4.0,2.0,0.0,0.0,0.0,0.0,2.1,3.1,4.0,2.09,3.22,4.23,2.15,3.25,4.23,2.08,3.16,3.99,35.0,2018/2019
F1,2019-02-09,Paris Saint-Germain,Bordeaux,1.0,0.0,H,10.0,8.0,3.0,3.0,14.0,21.0,4.0,8.0,3.0,3.0,0.0,0.0,1.25,6.5,11.0,1.25,6.46,12.77,1.27,7.25,13.0,1.25,6.22,11.17,35.0,2018/2019
F1,2019-02-09,Strasbourg,Angers,1.0,2.0,A,16.0,8.0,7.0,3.0,14.0,13.0,5.0,3.0,2.0,3.0,0.0,0.0,2.05,3.2,4.0,2.06,3.27,4.27,2.08,3.35,4.3,2.03,3.22,4.08,35.0,2018/2019
F1,2019-02-10,Nantes,Nîmes,2.0,4.0,A,15.0,13.0,4.0,4.0,10.0,11.0,9.0,4.0,1.0,2.0,0.0,0.0,1.9,3.3,4.2,2.0,3.57,4.04,2.1,3.57,4.2,2.0,3.39,3.94,34.0,2018/2019
F1,2019-02-10,Montpellier,Monaco,2.0,2.0,D,12.0,10.0,3.0,5.0,16.0,20.0,5.0,3.0,1.0,6.0,0.0,1.0,2.45,3.1,3.1,2.48,3.19,3.24,2.5,3.25,3.25,2.43,3.15,3.13,35.0,2018/2019
F1,2019-02-10,Guingamp,Lille,0.0,2.0,A,7.0,9.0,1.0,3.0,15.0,11.0,7.0,4.0,2.0,1.0,0.0,0.0,3.4,3.3,2.2,3.5,3.39,2.25,3.55,3.4,2.3,3.39,3.29,2.22,35.0,2018/2019
F1,2019-02-10,Toulouse,Reims,1.0,1.0,D,9.0,9.0,3.0,3.0,18.0,13.0,3.0,3.0,2.0,4.0,0.0,0.0,2.75,3.0,2.8,2.8,3.1,2.9,2.8,3.1,2.96,2.72,3.01,2.86,35.0,2018/2019
F1,2019-02-10,Rennes,Saint-Etienne,3.0,0.0,H,15.0,15.0,5.0,3.0,7.0,8.0,6.0,8.0,0.0,4.0,0.0,1.0,2.15,3.4,3.4,2.1,3.57,3.72,2.15,3.57,3.72,2.1,3.42,3.59,35.0,2018/2019
F1,2019-02-10,Nice,Lyon,1.0,0.0,H,11.0,23.0,4.0,5.0,7.0,13.0,4.0,14.0,2.0,2.0,0.0,0.0,4.75,4.0,1.7,4.53,4.39,1.72,4.9,4.39,1.76,4.55,4.06,1.72,35.0,2018/2019
F1,2019-02-13,Caen,Nantes,0.0,1.0,A,14.0,13.0,1.0,4.0,17.0,11.0,4.0,8.0,4.0,3.0,0.0,1.0,3.0,3.1,2.5,3.23,3.19,2.49,3.23,3.2,2.59,3.08,3.1,2.49,35.0,2018/2019
F1,2019-02-13,Saint-Etienne,Strasbourg,2.0,1.0,H,11.0,9.0,6.0,2.0,11.0,28.0,3.0,4.0,0.0,5.0,0.0,0.0,1.95,3.3,4.0,2.02,3.57,3.96,2.05,3.6,4.0,2.0,3.43,3.83,34.0,2018/2019
F1,2019-02-15,Lyon,Guingamp,2.0,1.0,H,18.0,14.0,9.0,3.0,5.0,10.0,7.0,2.0,2.0,1.0,0.0,0.0,1.3,5.25,10.0,1.32,5.86,9.64,1.34,6.0,10.85,1.3,5.68,9.61,32.0,2018/2019
F1,2019-02-15,Nîmes,Dijon,2.0,0.0,H,14.0,12.0,6.0,2.0,10.0,17.0,5.0,4.0,2.0,5.0,0.0,1.0,1.75,3.8,4.5,1.79,3.96,4.58,1.85,4.0,4.65,1.79,3.79,4.39,31.0,2018/2019
F1,2019-02-16,Angers,Nice,3.0,0.0,H,12.0,13.0,4.0,4.0,12.0,8.0,8.0,5.0,0.0,2.0,0.0,0.0,2.4,3.0,3.3,2.44,3.08,3.44,2.48,3.13,3.44,2.4,3.02,3.32,31.0,2018/2019
F1,2019-02-16,Marseille,Amiens,2.0,0.0,H,16.0,10.0,5.0,2.0,15.0,15.0,3.0,6.0,1.0,0.0,0.0,0.0,1.4,4.5,9.0,1.42,4.93,8.1,1.45,4.93,9.0,1.42,4.6,7.97,32.0,2018/2019
F1,2019-02-16,Monaco,Nantes,1.0,0.0,H,11.0,6.0,6.0,2.0,13.0,22.0,2.0,3.0,4.0,2.0,0.0,0.0,1.8,3.6,4.5,1.89,3.64,4.44,1.91,3.85,4.65,1.84,3.58,4.44,30.0,2018/2019
F1,2019-02-17,Caen,Strasbourg,0.0,0.0,D,11.0,15.0,2.0,3.0,6.0,13.0,8.0,6.0,0.0,3.0,0.0,0.0,3.5,3.1,2.3,3.47,3.07,2.43,3.5,3.13,2.46,3.35,3.02,2.38,30.0,2018/2019
F1,2019-02-17,Bordeaux,Toulouse,2.0,1.0,H,8.0,20.0,4.0,5.0,14.0,20.0,7.0,5.0,2.0,2.0,0.0,0.0,1.83,3.5,4.75,1.91,3.33,4.93,1.92,3.5,5.0,1.88,3.28,4.68,31.0,2018/2019
F1,2019-02-17,Lille,Montpellier,0.0,0.0,D,12.0,8.0,3.0,2.0,10.0,12.0,1.0,4.0,3.0,3.0,0.0,0.0,1.85,3.3,4.75,1.91,3.42,4.73,1.95,3.47,5.0,1.89,3.32,4.57,31.0,2018/2019
F1,2019-02-17,Saint-Etienne,Paris Saint-Germain,0.0,1.0,A,11.0,11.0,2.0,3.0,8.0,18.0,4.0,5.0,1.0,5.0,0.0,0.0,5.25,4.33,1.6,5.11,4.41,1.65,5.6,4.45,1.68,5.05,4.23,1.63,30.0,2018/2019
F1,2019-02-17,Reims,Rennes,2.0,0.0,H,7.0,10.0,4.0,1.0,13.0,10.0,2.0,4.0,1.0,1.0,0.0,0.0,2.5,3.1,3.1,2.43,3.16,3.37,2.5,3.21,3.37,2.42,3.08,3.22,31.0,2018/2019
F1,2019-02-20,Bordeaux,Guingamp,0.0,0.0,D,11.0,13.0,4.0,1.0,7.0,12.0,8.0,7.0,2.0,2.0,0.0,0.0,1.9,3.4,4.33,1.96,3.44,4.43,1.96,3.5,4.55,1.92,3.38,4.32,32.0,2018/2019
F1,2019-02-20,Paris Saint-Germain,Montpellier,5.0,1.0,H,18.0,15.0,9.0,7.0,11.0,11.0,8.0,3.0,2.0,1.0,0.0,0.0,1.25,6.0,12.0,1.26,6.04,13.21,1.29,6.15,13.25,1.26,5.78,11.68,31.0,2018/2019
F1,2019-02-22,Dijon,Saint-Etienne,0.0,1.0,A,11.0,16.0,2.0,6.0,13.0,7.0,4.0,5.0,0.0,0.0,0.0,0.0,3.5,3.3,2.15,3.35,3.43,2.3,3.5,3.55,2.3,3.28,3.38,2.24,32.0,2018/2019
F1,2019-02-22,Strasbourg,Lille,1.0,1.0,D,9.0,15.0,2.0,5.0,16.0,13.0,6.0,2.0,1.0,1.0,0.0,0.0,2.75,3.1,2.7,2.97,3.18,2.68,3.03,3.23,2.73,2.85,3.11,2.66,31.0,2018/2019
F1,2019-02-23,Amiens,Nice,1.0,0.0,H,11.0,7.0,4.0,0.0,13.0,15.0,4.0,4.0,0.0,2.0,0.0,0.0,2.7,2.9,3.0,2.75,2.97,3.08,2.8,3.03,3.08,2.7,2.93,2.95,34.0,2018/2019
F1,2019-02-23,Guingamp,Angers,1.0,0.0,H,8.0,8.0,3.0,1.0,11.0,12.0,6.0,2.0,2.0,2.0,0.0,0.0,2.5,3.2,3.0,2.63,3.16,3.05,2.65,3.2,3.1,2.56,3.09,2.99,34.0,2018/2019
F1,2019-02-23,Paris Saint-Germain,Nîmes,3.0,0.0,H,21.0,8.0,7.0,3.0,15.0,10.0,9.0,7.0,3.0,0.0,0.0,0.0,1.25,6.5,11.0,1.23,7.0,12.87,1.25,7.15,13.5,1.23,6.65,11.57,35.0,2018/2019
F1,2019-02-24,Nantes,Bordeaux,1.0,0.0,H,19.0,7.0,8.0,2.0,12.0,14.0,11.0,1.0,2.0,2.0,0.0,0.0,1.95,3.4,4.2,2.01,3.45,4.2,2.06,3.45,4.33,2.0,3.27,4.08,34.0,2018/2019
F1,2019-02-24,Montpellier,Reims,2.0,4.0,A,19.0,15.0,4.0,8.0,13.0,12.0,5.0,2.0,0.0,1.0,0.0,0.0,2.2,3.2,3.5,2.37,3.03,3.66,2.38,3.2,3.7,2.29,3.01,3.55,33.0,2018/2019
F1,2019-02-24,Toulouse,Caen,1.0,1.0,D,12.0,13.0,8.0,4.0,14.0,15.0,6.0,2.0,2.0,3.0,0.0,1.0,1.85,3.5,4.5,1.86,3.6,4.7,1.91,3.6,5.0,1.86,3.41,4.61,34.0,2018/2019
F1,2019-02-24,Rennes,Marseille,1.0,1.0,D,16.0,9.0,3.0,2.0,14.0,15.0,7.0,2.0,4.0,3.0,0.0,1.0,2.9,3.3,2.45,2.87,3.38,2.63,2.97,3.55,2.63,2.85,3.33,2.51,35.0,2018/2019
F1,2019-02-24,Monaco,Lyon,2.0,0.0,H,11.0,9.0,5.0,3.0,20.0,18.0,3.0,6.0,3.0,1.0,0.0,0.0,3.4,3.5,2.1,3.3,3.64,2.23,3.4,3.75,2.25,3.19,3.57,2.19,35.0,2018/2019
F1,2019-03-02,Angers,Monaco,2.0,2.0,D,13.0,12.0,4.0,5.0,8.0,15.0,2.0,3.0,2.0,3.0,0.0,0.0,3.3,3.3,2.25,3.36,3.32,2.34,3.44,3.36,2.35,3.31,3.23,2.28,34.0,2018/2019
F1,2019-03-02,Caen,Paris Saint-Germain,1.0,2.0,A,7.0,25.0,2.0,7.0,13.0,13.0,2.0,8.0,2.0,1.0,0.0,0.0,12.0,6.0,1.22,10.85,6.17,1.28,12.0,6.5,1.3,10.63,6.02,1.27,33.0,2018/2019
F1,2019-03-02,Reims,Amiens,2.0,2.0,D,10.0,8.0,4.0,2.0,11.0,11.0,6.0,3.0,1.0,1.0,0.0,0.0,1.75,3.4,5.25,1.82,3.38,5.46,1.85,3.47,5.5,1.8,3.33,5.19,33.0,2018/2019
F1,2019-03-03,Guingamp,Nantes,0.0,0.0,D,7.0,9.0,1.0,3.0,19.0,13.0,3.0,1.0,1.0,2.0,0.0,0.0,2.8,3.0,2.8,2.93,3.06,2.81,2.93,3.12,2.85,2.82,3.0,2.76,34.0,2018/2019
F1,2019-03-03,Lille,Dijon,1.0,0.0,H,14.0,6.0,1.0,1.0,9.0,15.0,9.0,5.0,0.0,1.0,0.0,0.0,1.53,3.8,7.5,1.51,4.42,7.03,1.55,4.42,7.5,1.51,4.17,6.72,34.0,2018/2019
F1,2019-03-03,Lyon,Toulouse,5.0,1.0,H,21.0,5.0,10.0,2.0,12.0,14.0,8.0,1.0,0.0,2.0,0.0,1.0,1.28,5.5,10.0,1.3,5.92,10.51,1.35,6.0,11.5,1.3,5.64,9.86,34.0,2018/2019
F1,2019-03-03,Marseille,Saint-Etienne,2.0,0.0,H,12.0,7.0,7.0,2.0,8.0,22.0,3.0,5.0,2.0,2.0,0.0,0.0,1.75,3.75,4.5,1.8,3.86,4.71,1.85,3.9,4.75,1.8,3.72,4.44,34.0,2018/2019
F1,2019-03-03,Nice,Strasbourg,1.0,0.0,H,9.0,10.0,2.0,1.0,4.0,14.0,5.0,3.0,0.0,0.0,1.0,1.0,2.3,2.9,3.6,2.42,3.04,3.53,2.45,3.07,3.6,2.37,2.97,3.43,34.0,2018/2019
F1,2019-03-05,Bordeaux,Montpellier,1.0,2.0,A,15.0,8.0,4.0,5.0,14.0,15.0,12.0,2.0,1.0,1.0,0.0,0.0,2.5,2.9,3.3,2.53,3.07,3.29,2.6,3.07,3.38,2.5,2.97,3.2,35.0,2018/2019
F1,2019-03-09,Amiens,Nîmes,2.0,1.0,H,21.0,14.0,6.0,2.0,15.0,15.0,4.0,5.0,2.0,1.0,1.0,0.0,2.45,3.2,3.1,2.62,3.3,2.95,2.62,3.35,3.1,2.52,3.2,2.95,33.0,2018/2019
F1,2019-03-09,Dijon,Reims,1.0,1.0,D,5.0,26.0,1.0,5.0,18.0,14.0,4.0,6.0,1.0,1.0,1.0,0.0,3.1,3.1,2.45,3.08,3.2,2.58,3.13,3.25,2.6,3.02,3.12,2.52,34.0,2018/2019
F1,2019-03-09,Monaco,Bordeaux,1.0,1.0,D,16.0,9.0,9.0,3.0,12.0,12.0,4.0,3.0,5.0,2.0,0.0,0.0,1.61,4.0,5.25,1.65,4.21,5.41,1.7,4.21,5.75,1.65,3.91,5.28,34.0,2018/2019
F1,2019-03-09,Strasbourg,Lyon,2.0,2.0,D,17.0,21.0,7.0,8.0,17.0,12.0,5.0,6.0,1.0,2.0,0.0,0.0,4.75,3.8,1.75,4.44,3.99,1.81,4.75,4.0,1.88,4.35,3.77,1.81,34.0,2018/2019
F1,2019-03-10,Marseille,Nice,1.0,0.0,H,12.0,6.0,6.0,1.0,17.0,16.0,9.0,0.0,2.0,1.0,0.0,0.0,1.5,4.5,6.0,1.54,4.48,6.28,1.57,4.5,7.0,1.54,4.17,6.26,34.0,2018/2019
F1,2019-03-10,Montpellier,Angers,2.0,2.0,D,8.0,12.0,4.0,6.0,12.0,10.0,5.0,8.0,3.0,0.0,0.0,1.0,2.1,3.1,4.0,2.12,3.29,4.0,2.2,3.29,4.15,2.09,3.18,3.92,34.0,2018/2019
F1,2019-03-10,Rennes,Caen,3.0,1.0,H,11.0,6.0,6.0,1.0,11.0,16.0,5.0,4.0,2.0,4.0,0.0,1.0,1.61,3.6,6.5,1.62,3.89,6.49,1.65,4.0,7.0,1.6,3.8,6.27,34.0,2018/2019
F1,2019-03-10,Saint-Etienne,Lille,0.0,1.0,A,7.0,14.0,1.0,8.0,10.0,12.0,9.0,4.0,4.0,3.0,2.0,0.0,2.45,3.3,3.0,2.45,3.34,3.15,2.5,3.39,3.2,2.42,3.27,3.04,34.0,2018/2019
F1,2019-03-10,Toulouse,Guingamp,1.0,0.0,H,19.0,4.0,4.0,0.0,12.0,15.0,8.0,2.0,1.0,2.0,0.0,1.0,2.15,3.2,3.5,2.29,3.22,3.59,2.3,3.3,3.7,2.23,3.16,3.52,34.0,2018/2019
F1,2019-03-12,Dijon,Paris Saint-Germain,0.0,4.0,A,9.0,16.0,2.0,7.0,16.0,5.0,3.0,5.0,2.0,1.0,0.0,0.0,13.0,7.0,1.2,12.53,7.31,1.22,15.0,7.8,1.22,12.83,7.23,1.2,36.0,2018/2019
F1,2019-03-15,Lille,Monaco,0.0,1.0,A,12.0,12.0,3.0,8.0,14.0,18.0,5.0,3.0,3.0,2.0,0.0,0.0,2.1,3.2,3.8,2.08,3.46,3.89,2.13,3.48,4.1,2.06,3.34,3.8,32.0,2018/2019
F1,2019-03-15,Nice,Toulouse,1.0,1.0,D,10.0,18.0,2.0,3.0,8.0,20.0,2.0,6.0,0.0,2.0,0.0,0.0,2.05,3.1,4.0,2.21,3.21,3.83,2.22,3.25,4.0,2.16,3.15,3.73,31.0,2018/2019
F1,2019-03-16,Caen,Saint-Etienne,0.0,5.0,A,2.0,13.0,1.0,7.0,18.0,12.0,0.0,8.0,0.0,0.0,0.0,0.0,3.7,3.1,2.2,3.56,3.21,2.31,3.7,3.26,2.32,3.46,3.17,2.25,34.0,2018/2019
F1,2019-03-16,Angers,Amiens,0.0,0.0,D,11.0,8.0,3.0,4.0,14.0,18.0,2.0,1.0,1.0,4.0,0.0,0.0,2.1,3.1,4.0,2.13,3.21,4.1,2.15,3.26,4.25,2.09,3.16,3.94,35.0,2018/2019
F1,2019-03-16,Nîmes,Strasbourg,2.0,2.0,D,15.0,6.0,4.0,2.0,11.0,17.0,7.0,1.0,4.0,5.0,0.0,0.0,2.37,3.2,3.2,2.39,3.36,3.25,2.46,3.36,3.3,2.37,3.22,3.17,35.0,2018/2019
F1,2019-03-16,Guingamp,Dijon,1.0,0.0,H,14.0,12.0,2.0,4.0,8.0,9.0,6.0,4.0,0.0,2.0,0.0,0.0,2.1,3.1,4.0,2.24,3.17,3.8,2.25,3.21,4.0,2.2,3.09,3.68,35.0,2018/2019
F1,2019-03-17,Bordeaux,Rennes,1.0,1.0,D,14.0,10.0,4.0,3.0,13.0,11.0,3.0,9.0,2.0,3.0,0.0,0.0,2.62,3.0,2.9,2.7,3.13,2.98,2.71,3.16,2.99,2.65,3.04,2.89,34.0,2018/2019
F1,2019-03-17,Lyon,Montpellier,3.0,2.0,H,23.0,10.0,13.0,4.0,7.0,11.0,8.0,6.0,1.0,2.0,0.0,0.0,1.4,4.33,8.5,1.46,4.8,7.23,1.5,4.9,8.5,1.45,4.6,6.88,39.0,2018/2019
F1,2019-03-17,Paris Saint-Germain,Marseille,3.0,1.0,H,8.0,3.0,6.0,2.0,11.0,19.0,7.0,3.0,4.0,3.0,0.0,1.0,1.28,6.0,9.5,1.3,6.1,9.83,1.31,6.3,10.5,1.29,5.91,9.42,34.0,2018/2019
F1,2019-03-17,Reims,Nantes,1.0,0.0,H,10.0,7.0,2.0,1.0,8.0,16.0,7.0,3.0,4.0,3.0,0.0,1.0,2.15,3.0,4.0,2.23,3.15,3.86,2.25,3.18,4.0,2.2,3.09,3.69,35.0,2018/2019
F1,2019-03-29,Rennes,Lyon,0.0,1.0,A,12.0,18.0,2.0,5.0,13.0,19.0,2.0,6.0,2.0,3.0,0.0,0.0,4.0,3.6,1.9,3.74,3.8,2.02,4.0,3.9,2.1,3.64,3.7,1.99,34.0,2018/2019
F1,2019-03-30,Marseille,Angers,2.0,2.0,D,11.0,14.0,5.0,4.0,18.0,10.0,3.0,7.0,4.0,1.0,1.0,0.0,1.53,3.75,7.5,1.53,4.22,7.11,1.56,4.25,7.5,1.53,4.04,6.82,34.0,2018/2019
F1,2019-03-31,Amiens,Bordeaux,0.0,0.0,D,12.0,5.0,3.0,0.0,8.0,21.0,7.0,1.0,1.0,3.0,0.0,0.0,2.5,3.1,3.1,2.73,3.04,3.04,2.75,3.1,3.1,2.64,3.0,2.97,34.0,2018/2019
F1,2019-03-31,Monaco,Caen,0.0,1.0,A,24.0,7.0,6.0,2.0,12.0,14.0,13.0,0.0,1.0,2.0,0.0,0.0,1.36,4.75,9.5,1.33,5.19,10.96,1.4,5.5,11.0,1.35,5.0,9.31,34.0,2018/2019
F1,2019-03-31,Toulouse,Paris Saint-Germain,0.0,1.0,A,9.0,10.0,3.0,4.0,13.0,14.0,6.0,6.0,2.0,1.0,0.0,0.0,10.0,6.5,1.25,10.15,6.05,1.3,11.5,6.55,1.31,9.9,6.03,1.28,34.0,2018/2019
F1,2019-03-31,Nantes,Lille,2.0,3.0,A,8.0,10.0,2.0,3.0,15.0,21.0,3.0,6.0,2.0,3.0,0.0,0.0,3.0,3.1,2.55,3.06,3.12,2.65,3.06,3.2,2.71,2.95,3.06,2.6,34.0,2018/2019
F1,2019-03-31,Dijon,Nice,0.0,1.0,A,14.0,12.0,1.0,6.0,17.0,11.0,8.0,5.0,3.0,1.0,1.0,0.0,2.4,3.1,3.2,2.6,3.11,3.15,2.7,3.2,3.2,2.56,3.03,3.03,34.0,2018/2019
F1,2019-04-01,Saint-Etienne,Nîmes,2.0,1.0,H,14.0,15.0,9.0,6.0,7.0,8.0,5.0,7.0,3.0,4.0,0.0,0.0,1.75,3.75,4.75,1.81,3.85,4.61,1.82,3.92,4.85,1.76,3.78,4.54,24.0,2018/2019
F1,2019-04-03,Montpellier,Guingamp,2.0,0.0,H,17.0,8.0,7.0,3.0,12.0,7.0,5.0,8.0,0.0,2.0,0.0,0.0,1.75,3.4,5.25,1.81,3.51,5.22,1.85,3.6,5.25,1.81,3.43,4.9,36.0,2018/2019
F1,2019-04-03,Strasbourg,Reims,4.0,0.0,H,13.0,10.0,9.0,3.0,15.0,13.0,4.0,9.0,2.0,3.0,1.0,0.0,2.62,3.1,2.9,2.66,3.16,3.01,2.75,3.2,3.4,2.61,3.03,2.99,36.0,2018/2019
F1,2019-04-05,Bordeaux,Marseille,2.0,0.0,H,7.0,20.0,7.0,5.0,16.0,13.0,1.0,11.0,2.0,3.0,1.0,0.0,3.6,3.4,2.1,3.65,3.36,2.2,3.7,3.42,2.23,3.55,3.3,2.16,33.0,2018/2019
F1,2019-04-06,Amiens,Saint-Etienne,2.0,2.0,D,5.0,26.0,4.0,6.0,10.0,13.0,1.0,7.0,2.0,2.0,1.0,0.0,3.0,3.1,2.55,2.99,3.17,2.67,3.07,3.17,2.67,2.97,3.09,2.58,32.0,2018/2019
F1,2019-04-06,Nîmes,Caen,2.0,0.0,H,12.0,5.0,7.0,1.0,19.0,16.0,4.0,2.0,1.0,4.0,0.0,0.0,1.65,3.8,5.5,1.69,3.89,5.5,1.75,3.95,5.55,1.7,3.76,5.18,34.0,2018/2019
F1,2019-04-06,Angers,Rennes,3.0,3.0,D,17.0,7.0,9.0,5.0,11.0,13.0,4.0,2.0,3.0,4.0,0.0,0.0,2.7,3.2,2.7,2.85,3.21,2.76,2.87,3.25,2.85,2.75,3.13,2.74,34.0,2018/2019
F1,2019-04-06,Lyon,Dijon,1.0,3.0,A,27.0,8.0,6.0,4.0,14.0,17.0,8.0,3.0,1.0,2.0,0.0,0.0,1.22,7.0,11.0,1.23,6.96,12.86,1.26,7.25,15.0,1.23,6.69,12.23,34.0,2018/2019
F1,2019-04-06,Guingamp,Monaco,1.0,1.0,D,11.0,18.0,2.0,5.0,17.0,14.0,3.0,9.0,4.0,5.0,0.0,0.0,3.75,3.4,2.05,3.83,3.28,2.17,3.89,3.4,2.2,3.68,3.25,2.14,34.0,2018/2019
F1,2019-04-07,Nice,Montpellier,1.0,0.0,H,15.0,16.0,5.0,4.0,11.0,14.0,6.0,3.0,1.0,1.0,0.0,0.0,2.62,3.0,3.0,2.8,3.02,2.97,2.8,3.1,3.02,2.7,2.97,2.92,34.0,2018/2019
F1,2019-04-07,Paris Saint-Germain,Strasbourg,2.0,2.0,D,21.0,9.0,6.0,4.0,7.0,10.0,10.0,5.0,0.0,2.0,0.0,0.0,1.1,11.0,21.0,1.14,9.55,17.82,1.15,11.0,25.0,1.13,9.36,19.47,34.0,2018/2019
F1,2019-04-07,Reims,Lille,1.0,1.0,D,10.0,11.0,3.0,4.0,15.0,12.0,6.0,4.0,2.0,2.0,0.0,0.0,2.9,3.1,2.62,2.96,3.1,2.75,3.12,3.11,2.75,2.96,3.02,2.64,34.0,2018/2019
F1,2019-04-07,Toulouse,Nantes,1.0,0.0,H,14.0,19.0,5.0,1.0,19.0,11.0,4.0,5.0,3.0,1.0,0.0,1.0,2.4,3.1,3.2,2.58,3.12,3.16,2.6,3.19,3.22,2.49,3.08,3.1,34.0,2018/2019
F1,2019-04-09,Nîmes,Rennes,3.0,1.0,H,19.0,8.0,8.0,3.0,10.0,12.0,5.0,3.0,2.0,2.0,1.0,1.0,2.7,3.25,2.7,2.81,3.46,2.63,2.81,3.47,2.7,2.73,3.34,2.61,33.0,2018/2019
F1,2019-04-12,Dijon,Amiens,0.0,0.0,D,18.0,4.0,5.0,1.0,13.0,11.0,8.0,1.0,3.0,3.0,0.0,1.0,2.3,3.1,3.4,2.45,3.17,3.32,2.47,3.23,3.43,2.39,3.1,3.26,35.0,2018/2019
F1,2019-04-12,Nantes,Lyon,2.0,1.0,H,14.0,11.0,5.0,4.0,9.0,11.0,6.0,7.0,2.0,1.0,0.0,0.0,3.75,4.0,1.83,4.19,3.78,1.91,4.3,4.0,1.92,4.04,3.75,1.87,35.0,2018/2019
F1,2019-04-13,Caen,Angers,0.0,1.0,A,8.0,13.0,2.0,5.0,14.0,13.0,1.0,3.0,4.0,1.0,0.0,0.0,3.1,3.0,2.55,3.18,3.07,2.6,3.18,3.11,2.7,3.04,3.02,2.57,35.0,2018/2019
F1,2019-04-13,Marseille,Nîmes,2.0,1.0,H,14.0,8.0,4.0,3.0,11.0,15.0,4.0,6.0,1.0,2.0,0.0,0.0,1.57,4.33,5.5,1.58,4.45,5.78,1.62,4.5,6.2,1.57,4.29,5.62,35.0,2018/2019
F1,2019-04-13,Monaco,Reims,0.0,0.0,D,27.0,10.0,6.0,3.0,12.0,13.0,18.0,3.0,2.0,0.0,0.0,0.0,1.9,3.4,4.0,1.94,3.4,4.58,1.95,3.55,4.72,1.9,3.37,4.44,35.0,2018/2019
F1,2019-04-13,Strasbourg,Guingamp,3.0,3.0,D,11.0,15.0,6.0,5.0,12.0,14.0,1.0,4.0,1.0,2.0,0.0,0.0,2.0,3.25,4.2,2.02,3.28,4.41,2.15,3.4,4.41,2.01,3.25,4.12,35.0,2018/2019
F1,2019-04-14,Lille,Paris Saint-Germain,5.0,1.0,H,15.0,10.0,6.0,5.0,10.0,11.0,2.0,2.0,1.0,3.0,0.0,1.0,4.33,4.0,1.72,4.55,3.99,1.79,4.71,4.05,1.81,4.39,3.9,1.77,35.0,2018/2019
F1,2019-04-14,Montpellier,Toulouse,2.0,1.0,H,16.0,6.0,5.0,2.0,12.0,16.0,4.0,3.0,2.0,1.0,0.0,0.0,1.85,3.4,4.75,1.91,3.4,4.78,1.91,3.5,4.91,1.88,3.35,4.58,35.0,2018/2019
F1,2019-04-14,Rennes,Nice,0.0,0.0,D,14.0,7.0,7.0,2.0,13.0,8.0,4.0,2.0,2.0,1.0,0.0,0.0,1.8,3.6,4.5,1.85,3.53,4.9,1.91,3.6,5.0,1.85,3.45,4.59,35.0,2018/2019
F1,2019-04-14,Saint-Etienne,Bordeaux,3.0,0.0,H,14.0,5.0,6.0,1.0,13.0,13.0,8.0,4.0,2.0,0.0,0.0,0.0,1.72,3.6,5.25,1.77,3.77,5.05,1.8,3.8,5.31,1.76,3.62,4.94,35.0,2018/2019
F1,2019-04-17,Nantes,Paris Saint-Germain,3.0,2.0,H,15.0,9.0,8.0,6.0,13.0,14.0,4.0,4.0,1.0,3.0,0.0,0.0,4.5,4.2,1.7,4.52,4.26,1.75,4.75,4.4,1.76,4.44,4.17,1.71,34.0,2018/2019
F1,2019-04-19,Dijon,Rennes,3.0,2.0,H,12.0,10.0,10.0,4.0,17.0,19.0,6.0,6.0,2.0,3.0,0.0,0.0,2.87,3.3,2.5,2.85,3.34,2.68,2.91,3.35,2.7,2.8,3.24,2.61,34.0,2018/2019
F1,2019-04-19,Lyon,Angers,2.0,1.0,H,24.0,11.0,11.0,3.0,9.0,5.0,7.0,7.0,0.0,2.0,0.0,0.0,1.3,5.5,10.0,1.31,5.67,10.3,1.35,6.05,10.5,1.32,5.48,9.37,35.0,2018/2019
F1,2019-04-20,Guingamp,Marseille,1.0,3.0,A,9.0,15.0,3.0,6.0,16.0,13.0,3.0,5.0,2.0,3.0,0.0,0.0,4.0,3.6,1.9,4.26,3.54,1.96,4.5,3.6,1.96,4.22,3.44,1.91,34.0,2018/2019
F1,2019-04-20,Nice,Caen,0.0,1.0,A,21.0,7.0,8.0,2.0,7.0,15.0,11.0,4.0,2.0,3.0,0.0,0.0,1.83,3.3,5.0,1.83,3.3,5.59,1.85,3.48,5.6,1.8,3.3,5.21,35.0,2018/2019
F1,2019-04-20,Nîmes,Bordeaux,2.0,1.0,H,8.0,11.0,2.0,2.0,14.0,22.0,3.0,6.0,0.0,4.0,0.0,0.0,2.15,3.4,3.4,2.2,3.33,3.7,2.21,3.42,3.75,2.16,3.29,3.53,34.0,2018/2019
F1,2019-04-20,Strasbourg,Montpellier,1.0,3.0,A,6.0,20.0,1.0,7.0,16.0,12.0,3.0,5.0,2.0,2.0,0.0,0.0,2.6,3.1,3.0,2.67,3.29,2.89,2.7,3.29,3.03,2.58,3.17,2.88,34.0,2018/2019
F1,2019-04-21,Nantes,Amiens,3.0,2.0,H,10.0,8.0,4.0,4.0,14.0,12.0,4.0,1.0,2.0,3.0,0.0,0.0,1.95,3.25,4.33,1.98,3.16,4.86,2.05,3.35,5.0,1.95,3.2,4.46,35.0,2018/2019
F1,2019-04-21,Paris Saint-Germain,Monaco,3.0,1.0,H,10.0,15.0,5.0,4.0,13.0,9.0,3.0,4.0,0.0,1.0,0.0,0.0,1.5,4.5,6.5,1.51,5.0,5.86,1.55,5.05,6.5,1.51,4.74,5.69,35.0,2018/2019
F1,2019-04-21,Reims,Saint-Etienne,0.0,2.0,A,8.0,14.0,1.0,3.0,16.0,7.0,1.0,6.0,3.0,0.0,0.0,0.0,2.5,3.1,3.1,2.63,3.19,3.02,2.7,3.2,3.11,2.55,3.08,2.99,34.0,2018/2019
F1,2019-04-21,Toulouse,Lille,0.0,0.0,D,10.0,16.0,2.0,4.0,16.0,18.0,2.0,3.0,2.0,3.0,0.0,0.0,3.75,3.1,2.15,3.52,3.43,2.22,3.75,3.43,2.26,3.44,3.31,2.19,35.0,2018/2019
F1,2019-04-26,Bordeaux,Lyon,2.0,3.0,A,10.0,18.0,2.0,5.0,15.0,11.0,2.0,3.0,3.0,3.0,1.0,0.0,5.25,3.75,1.7,4.92,4.16,1.71,5.25,4.2,1.73,4.87,4.0,1.68,34.0,2018/2019
F1,2019-04-28,Lille,Nîmes,5.0,0.0,H,14.0,8.0,8.0,3.0,8.0,14.0,1.0,4.0,1.0,2.0,0.0,0.0,1.5,4.0,6.5,1.5,4.62,6.81,1.55,4.62,7.0,1.51,4.3,6.46,33.0,2018/2019
F1,2019-04-28,Angers,Reims,1.0,1.0,D,10.0,5.0,5.0,4.0,6.0,16.0,4.0,0.0,0.0,3.0,0.0,0.0,2.5,3.1,2.9,2.65,3.19,2.99,2.7,3.23,3.01,2.58,3.11,2.92,34.0,2018/2019
F1,2019-04-28,Caen,Dijon,1.0,0.0,H,14.0,12.0,2.0,3.0,17.0,19.0,5.0,3.0,1.0,4.0,0.0,0.0,2.8,3.1,2.62,2.88,3.24,2.71,2.9,3.24,2.8,2.8,3.12,2.69,34.0,2018/2019
F1,2019-04-28,Saint-Etienne,Toulouse,2.0,0.0,H,14.0,12.0,7.0,3.0,17.0,15.0,5.0,6.0,1.0,2.0,0.0,0.0,1.5,4.0,6.5,1.5,4.66,6.65,1.55,4.66,7.0,1.51,4.3,6.36,34.0,2018/2019
F1,2019-04-28,Marseille,Nantes,1.0,2.0,A,17.0,14.0,2.0,6.0,13.0,14.0,7.0,4.0,4.0,1.0,0.0,0.0,1.5,3.8,7.5,1.51,4.47,6.81,1.55,4.47,7.5,1.51,4.18,6.69,34.0,2018/2019
F1,2019-04-28,Nice,Guingamp,3.0,0.0,H,15.0,14.0,5.0,3.0,12.0,19.0,2.0,4.0,4.0,3.0,0.0,0.0,2.0,3.2,4.0,2.14,3.1,4.24,2.14,3.25,4.24,2.08,3.13,4.01,34.0,2018/2019
F1,2019-04-28,Amiens,Strasbourg,0.0,0.0,D,8.0,7.0,1.0,1.0,12.0,21.0,3.0,1.0,1.0,3.0,0.0,0.0,2.1,3.1,3.75,2.15,3.51,3.65,2.2,3.51,3.8,2.13,3.32,3.58,35.0,2018/2019
F1,2019-04-30,Montpellier,Paris Saint-Germain,3.0,2.0,H,15.0,8.0,9.0,3.0,17.0,15.0,9.0,3.0,3.0,4.0,0.0,0.0,4.33,3.6,1.83,3.93,3.91,1.93,4.33,3.95,1.95,3.81,3.78,1.91,35.0,2018/2019
F1,2019-05-01,Rennes,Monaco,2.0,2.0,D,10.0,16.0,4.0,5.0,13.0,12.0,5.0,9.0,2.0,2.0,0.0,0.0,3.5,3.3,2.15,3.18,3.74,2.26,3.5,3.74,2.3,3.15,3.5,2.24,35.0,2018/2019
F1,2019-05-03,Strasbourg,Marseille,1.0,1.0,D,7.0,13.0,4.0,2.0,12.0,15.0,0.0,4.0,1.0,2.0,0.0,0.0,3.8,3.5,2.0,3.96,3.66,2.0,4.19,3.7,2.05,3.81,3.54,1.98,35.0,2018/2019
F1,2019-05-04,Bordeaux,Angers,0.0,1.0,A,10.0,9.0,2.0,1.0,17.0,14.0,5.0,1.0,2.0,0.0,0.0,0.0,2.25,3.1,3.5,2.43,3.07,3.44,2.45,3.2,3.5,2.36,3.07,3.3,35.0,2018/2019
F1,2019-05-04,Guingamp,Caen,0.0,0.0,D,10.0,1.0,1.0,0.0,24.0,14.0,5.0,0.0,1.0,4.0,0.0,0.0,1.9,3.3,4.5,1.91,3.58,4.47,1.93,3.58,4.76,1.87,3.4,4.48,35.0,2018/2019
F1,2019-05-04,Paris Saint-Germain,Nice,1.0,1.0,D,17.0,8.0,5.0,2.0,15.0,14.0,9.0,1.0,2.0,3.0,0.0,0.0,1.25,6.0,11.0,,,,1.28,7.1,16.0,1.23,6.5,11.33,31.0,2018/2019
F1,2019-05-04,Reims,Nîmes,0.0,3.0,A,8.0,15.0,2.0,5.0,17.0,7.0,3.0,5.0,3.0,2.0,0.0,0.0,1.95,3.5,4.0,1.99,3.43,4.28,2.01,3.55,4.28,1.97,3.41,4.01,35.0,2018/2019
F1,2019-05-05,Montpellier,Amiens,1.0,1.0,D,13.0,4.0,4.0,1.0,14.0,22.0,5.0,0.0,1.0,2.0,0.0,0.0,1.72,3.75,5.0,1.75,3.78,5.16,1.8,3.8,5.5,1.74,3.6,5.0,34.0,2018/2019
F1,2019-05-05,Lyon,Lille,2.0,2.0,D,20.0,13.0,8.0,6.0,13.0,18.0,5.0,4.0,0.0,2.0,0.0,0.0,1.66,4.0,5.0,1.69,4.17,5.04,1.73,4.25,5.1,1.68,4.01,4.73,35.0,2018/2019
F1,2019-05-05,Nantes,Dijon,3.0,0.0,H,22.0,8.0,5.0,3.0,9.0,13.0,3.0,2.0,0.0,2.0,0.0,1.0,1.9,3.5,4.2,1.92,3.6,4.4,1.95,3.6,4.5,1.91,3.46,4.21,34.0,2018/2019
F1,2019-05-05,Toulouse,Rennes,2.0,2.0,D,19.0,11.0,4.0,3.0,20.0,15.0,6.0,6.0,3.0,3.0,0.0,0.0,2.3,3.3,3.25,2.32,3.43,3.29,2.4,3.45,3.3,2.29,3.31,3.16,35.0,2018/2019
F1,2019-05-05,Monaco,Saint-Etienne,2.0,3.0,A,13.0,8.0,5.0,3.0,12.0,16.0,2.0,8.0,3.0,5.0,0.0,0.0,2.4,3.5,2.87,2.36,3.8,2.95,2.47,3.8,3.0,2.39,3.51,2.85,35.0,2018/2019
F1,2019-05-10,Saint-Etienne,Montpellier,0.0,1.0,A,16.0,11.0,5.0,4.0,11.0,18.0,11.0,1.0,3.0,4.0,1.0,1.0,1.75,3.8,4.75,1.75,3.85,5.04,1.8,4.05,5.05,1.75,3.82,4.69,34.0,2018/2019
F1,2019-05-11,Nice,Nantes,1.0,1.0,D,8.0,13.0,2.0,3.0,13.0,13.0,4.0,1.0,2.0,3.0,0.0,0.0,2.5,3.1,3.1,2.63,3.22,3.0,2.63,3.29,3.16,2.53,3.15,2.99,34.0,2018/2019
F1,2019-05-11,Nîmes,Monaco,1.0,0.0,H,12.0,12.0,4.0,5.0,19.0,19.0,5.0,9.0,1.0,4.0,0.0,0.0,3.4,3.8,2.05,3.47,3.77,2.12,3.55,3.9,2.13,3.38,3.71,2.07,34.0,2018/2019
F1,2019-05-11,Amiens,Toulouse,0.0,0.0,D,19.0,7.0,3.0,2.0,13.0,21.0,3.0,3.0,2.0,4.0,0.0,0.0,2.3,3.2,3.3,2.39,3.06,3.57,2.4,3.2,3.63,2.33,3.06,3.43,34.0,2018/2019
F1,2019-05-11,Angers,Paris Saint-Germain,1.0,2.0,A,14.0,9.0,4.0,4.0,27.0,18.0,2.0,3.0,0.0,0.0,0.0,1.0,6.0,4.33,1.53,5.62,4.65,1.57,6.5,4.75,1.6,5.6,4.5,1.54,35.0,2018/2019
F1,2019-05-11,Caen,Reims,3.0,2.0,H,14.0,15.0,10.0,4.0,7.0,19.0,4.0,9.0,1.0,2.0,0.0,0.0,2.4,3.1,3.1,2.6,3.02,3.24,2.6,3.18,3.3,2.5,3.03,3.15,34.0,2018/2019
F1,2019-05-11,Dijon,Strasbourg,2.0,1.0,H,13.0,17.0,6.0,8.0,12.0,13.0,2.0,7.0,1.0,1.0,0.0,0.0,2.05,3.5,3.6,2.01,3.63,3.94,2.05,3.65,4.0,2.01,3.48,3.79,34.0,2018/2019
F1,2019-05-12,Rennes,Guingamp,1.0,1.0,D,7.0,23.0,4.0,9.0,12.0,12.0,6.0,8.0,3.0,1.0,1.0,0.0,1.95,3.5,4.0,2.0,3.81,3.8,2.04,3.81,4.05,1.95,3.65,3.81,34.0,2018/2019
F1,2019-05-12,Lille,Bordeaux,1.0,0.0,H,6.0,5.0,4.0,1.0,6.0,12.0,3.0,4.0,2.0,4.0,0.0,1.0,1.4,4.75,8.0,1.42,4.88,8.04,1.45,5.0,8.5,1.42,4.72,7.63,34.0,2018/2019
F1,2019-05-12,Marseille,Lyon,0.0,3.0,A,17.0,15.0,6.0,5.0,16.0,11.0,4.0,1.0,3.0,1.0,1.0,0.0,3.0,3.8,2.2,3.04,4.0,2.24,3.13,4.0,2.26,3.01,3.78,2.2,34.0,2018/2019
F1,2019-05-18,Bordeaux,Reims,0.0,1.0,A,13.0,9.0,4.0,2.0,11.0,15.0,10.0,0.0,0.0,1.0,0.0,0.0,2.37,3.1,3.3,2.39,3.26,3.33,2.4,3.3,3.36,2.33,3.2,3.25,39.0,2018/2019
F1,2019-05-18,Guingamp,Nîmes,2.0,2.0,D,18.0,21.0,9.0,4.0,17.0,12.0,5.0,5.0,2.0,2.0,0.0,0.0,2.8,3.4,2.5,2.69,3.68,2.63,2.8,3.68,2.65,2.67,3.5,2.56,39.0,2018/2019
F1,2019-05-18,Lille,Angers,5.0,0.0,H,18.0,13.0,12.0,3.0,13.0,12.0,3.0,6.0,1.0,3.0,0.0,0.0,1.53,4.0,7.0,1.56,4.29,6.39,1.6,4.35,7.0,1.55,4.16,6.07,39.0,2018/2019
F1,2019-05-18,Lyon,Caen,4.0,0.0,H,16.0,7.0,8.0,2.0,10.0,11.0,4.0,4.0,3.0,1.0,0.0,0.0,1.2,7.0,13.0,1.21,7.37,14.3,1.23,7.65,15.0,1.21,6.97,12.75,39.0,2018/2019
F1,2019-05-18,Monaco,Amiens,2.0,0.0,H,10.0,9.0,3.0,3.0,22.0,13.0,4.0,5.0,5.0,2.0,0.0,0.0,1.61,3.8,6.0,1.63,4.0,6.04,1.7,4.0,6.1,1.63,3.83,5.66,38.0,2018/2019
F1,2019-05-18,Montpellier,Nantes,1.0,1.0,D,16.0,10.0,2.0,2.0,13.0,11.0,4.0,3.0,0.0,3.0,0.0,0.0,1.8,3.8,4.33,1.87,3.88,4.27,1.88,3.9,4.4,1.84,3.76,4.19,39.0,2018/2019
F1,2019-05-18,Paris Saint-Germain,Dijon,4.0,0.0,H,17.0,13.0,7.0,3.0,13.0,4.0,2.0,5.0,1.0,1.0,0.0,0.0,1.3,5.5,10.0,1.3,6.3,9.43,1.32,6.5,12.0,1.29,5.99,9.24,39.0,2018/2019
F1,2019-05-18,Saint-Etienne,Nice,3.0,0.0,H,11.0,19.0,5.0,5.0,17.0,14.0,2.0,9.0,0.0,3.0,0.0,0.0,1.57,4.0,6.0,1.6,4.28,5.84,1.63,4.36,6.0,1.59,4.16,5.54,39.0,2018/2019
F1,2019-05-18,Strasbourg,Rennes,0.0,2.0,A,19.0,11.0,6.0,6.0,10.0,14.0,11.0,1.0,1.0,2.0,0.0,0.0,2.3,3.3,3.25,2.31,3.71,3.09,2.38,3.75,3.25,2.29,3.54,3.03,39.0,2018/2019
F1,2019-05-18,Toulouse,Marseille,2.0,5.0,A,19.0,21.0,5.0,8.0,4.0,11.0,5.0,9.0,1.0,2.0,0.0,0.0,3.4,3.3,2.2,3.31,3.5,2.28,3.4,3.55,2.32,3.26,3.43,2.23,39.0,2018/2019
F1,2019-05-24,Marseille,Montpellier,1.0,0.0,H,10.0,14.0,3.0,4.0,12.0,9.0,7.0,13.0,2.0,0.0,1.0,0.0,1.85,4.2,3.75,1.91,4.05,3.92,1.92,4.2,4.1,1.86,3.94,3.86,35.0,2018/2019
F1,2019-05-24,Amiens,Guingamp,2.0,1.0,H,19.0,16.0,9.0,4.0,7.0,15.0,3.0,3.0,0.0,0.0,0.0,0.0,1.53,4.0,6.5,1.55,4.1,7.02,1.57,4.4,7.6,1.53,4.06,6.65,35.0,2018/2019
F1,2019-05-24,Caen,Bordeaux,0.0,1.0,A,14.0,12.0,1.0,5.0,21.0,22.0,6.0,3.0,1.0,1.0,0.0,0.0,1.72,3.6,5.25,1.76,3.67,5.37,1.79,3.7,5.4,1.75,3.56,5.01,35.0,2018/2019
F1,2019-05-24,Dijon,Toulouse,2.0,1.0,H,12.0,13.0,6.0,3.0,9.0,11.0,4.0,5.0,2.0,2.0,0.0,0.0,1.5,4.5,6.0,1.52,4.74,6.16,1.55,4.74,6.5,1.52,4.47,5.97,35.0,2018/2019
F1,2019-05-24,Angers,Saint-Etienne,1.0,1.0,D,14.0,15.0,5.0,4.0,12.0,4.0,7.0,8.0,1.0,1.0,0.0,0.0,2.62,3.4,2.62,2.61,3.77,2.66,2.7,3.77,2.69,2.56,3.62,2.61,34.0,2018/2019
F1,2019-05-24,Reims,Paris Saint-Germain,3.0,1.0,H,10.0,13.0,6.0,2.0,14.0,8.0,4.0,5.0,2.0,1.0,0.0,0.0,6.5,5.0,1.45,5.81,5.17,1.5,6.5,5.3,1.5,5.79,4.99,1.48,35.0,2018/2019
F1,2019-05-24,Nice,Monaco,2.0,0.0,H,8.0,11.0,2.0,4.0,13.0,10.0,3.0,4.0,2.0,3.0,0.0,0.0,3.1,3.5,2.25,3.31,3.52,2.28,3.5,3.55,2.3,3.26,3.41,2.23,35.0,2018/2019
F1,2019-05-24,Nîmes,Lyon,2.0,3.0,A,17.0,19.0,8.0,8.0,8.0,8.0,11.0,9.0,1.0,1.0,0.0,0.0,3.4,3.8,2.0,3.25,4.12,2.1,3.4,4.32,2.11,3.21,4.09,2.03,35.0,2018/2019
F1,2019-05-24,Rennes,Lille,3.0,1.0,H,13.0,14.0,8.0,7.0,10.0,10.0,4.0,7.0,1.0,2.0,0.0,1.0,2.62,3.6,2.5,2.64,3.89,2.57,2.8,3.9,2.62,2.64,3.72,2.5,35.0,2018/2019
F1,2019-05-24,Nantes,Strasbourg,0.0,1.0,A,21.0,5.0,1.0,1.0,7.0,8.0,4.0,4.0,2.0,1.0,0.0,0.0,1.65,3.8,5.5,1.71,4.18,4.89,1.75,4.25,5.5,1.69,4.07,4.72,35.0,2018/2019
F1,2020-08-21,Bordeaux,Nantes,0.0,0.0,D,5.0,6.0,1.0,1.0,10.0,15.0,2.0,3.0,2.0,3.0,1.0,0.0,2.4,3.0,3.25,2.48,3.03,3.33,,,,,,,,2020/2021
F1,2020-08-22,Dijon,Angers,0.0,1.0,A,9.0,12.0,1.0,4.0,15.0,8.0,3.0,9.0,0.0,0.0,0.0,0.0,2.7,3.1,2.8,2.79,3.09,2.84,,,,,,,,2020/2021
F1,2020-08-22,Lille,Rennes,1.0,1.0,D,5.0,16.0,1.0,3.0,12.0,16.0,4.0,2.0,0.0,1.0,1.0,1.0,2.3,3.2,3.3,2.3,3.22,3.47,,,,,,,,2020/2021
F1,2020-08-23,Lorient,Strasbourg,3.0,1.0,H,10.0,7.0,7.0,1.0,17.0,10.0,6.0,1.0,3.0,2.0,0.0,0.0,2.5,3.2,3.0,2.62,3.19,2.96,,,,,,,,2020/2021
F1,2020-08-23,Monaco,Reims,2.0,2.0,D,22.0,9.0,5.0,3.0,8.0,14.0,8.0,1.0,1.0,3.0,0.0,0.0,1.9,3.4,4.33,1.95,3.53,4.24,,,,,,,,2020/2021
F1,2020-08-23,Nice,Lens,2.0,1.0,H,4.0,17.0,2.0,4.0,17.0,18.0,1.0,7.0,2.0,3.0,0.0,0.0,2.0,3.3,4.0,2.05,3.36,4.06,,,,,,,,2020/2021
F1,2020-08-23,Nîmes,Brest,4.0,0.0,H,12.0,10.0,5.0,3.0,14.0,17.0,4.0,4.0,2.0,3.0,0.0,1.0,2.3,3.2,3.3,2.29,3.39,3.32,,,,,,,,2020/2021
F1,2020-08-28,Lyon,Dijon,4.0,1.0,H,27.0,6.0,12.0,2.0,12.0,7.0,13.0,2.0,3.0,3.0,0.0,0.0,1.28,5.75,9.0,1.31,5.68,10.21,,,,,,,,2020/2021
F1,2020-08-29,Rennes,Montpellier,2.0,1.0,H,16.0,11.0,7.0,3.0,18.0,16.0,2.0,1.0,3.0,2.0,1.0,1.0,2.0,3.3,3.8,2.07,3.31,3.97,,,,,,,,2020/2021
F1,2020-08-29,Strasbourg,Nice,0.0,2.0,A,6.0,3.0,0.0,2.0,14.0,11.0,3.0,1.0,2.0,6.0,0.0,0.0,2.2,3.3,3.3,2.28,3.35,3.32,,,,,,,,2020/2021
F1,2020-08-30,Reims,Lille,0.0,1.0,A,4.0,10.0,0.0,3.0,20.0,11.0,1.0,2.0,4.0,1.0,0.0,0.0,3.0,3.1,2.45,3.07,2.99,2.64,,,,,,,,2020/2021
F1,2020-08-30,Angers,Bordeaux,0.0,2.0,A,12.0,7.0,2.0,7.0,12.0,19.0,5.0,7.0,1.0,3.0,0.0,0.0,2.25,3.1,3.4,2.32,3.13,3.47,,,,,,,,2020/2021
F1,2020-08-30,Metz,Monaco,0.0,1.0,A,14.0,3.0,4.0,2.0,14.0,20.0,10.0,1.0,0.0,5.0,0.0,1.0,3.75,3.4,2.0,3.81,3.61,2.02,,,,,,,,2020/2021
F1,2020-08-30,Nantes,Nîmes,2.0,1.0,H,8.0,17.0,5.0,9.0,16.0,9.0,4.0,8.0,3.0,2.0,2.0,0.0,1.95,3.2,4.2,1.99,3.27,4.42,,,,,,,,2020/2021
F1,2020-08-30,Saint-Etienne,Lorient,2.0,0.0,H,13.0,6.0,5.0,1.0,14.0,23.0,2.0,5.0,2.0,1.0,0.0,0.0,2.2,3.2,3.4,2.3,3.28,3.35,,,,,,,,2020/2021
F1,2020-08-30,Brest,Marseille,2.0,3.0,A,19.0,7.0,4.0,4.0,17.0,13.0,10.0,2.0,2.0,4.0,0.0,0.0,3.0,3.5,2.0,,,,,,,,,,,2020/2021
F1,2020-09-10,Lens,Paris Saint-Germain,1.0,0.0,H,7.0,8.0,3.0,1.0,21.0,10.0,4.0,2.0,2.0,2.0,0.0,0.0,5.0,4.0,1.65,4.7,3.99,1.71,,,,,,,,2020/2021
F1,2020-09-11,Bordeaux,Lyon,0.0,0.0,D,5.0,20.0,0.0,3.0,12.0,19.0,4.0,5.0,2.0,3.0,0.0,0.0,4.5,3.6,1.83,4.5,3.61,1.88,,,,,,,,2020/2021
F1,2020-09-12,Montpellier,Nice,3.0,1.0,H,20.0,9.0,13.0,1.0,17.0,16.0,8.0,9.0,0.0,2.0,0.0,0.0,2.2,3.3,3.4,2.25,3.35,3.52,,,,,,,,2020/2021
F1,2020-09-12,Saint-Etienne,Strasbourg,2.0,0.0,H,10.0,14.0,4.0,7.0,13.0,19.0,6.0,3.0,1.0,3.0,0.0,0.0,2.2,3.2,3.5,2.19,3.35,3.65,,,,,,,,2020/2021
F1,2020-09-13,Lille,Metz,1.0,0.0,H,16.0,5.0,6.0,1.0,12.0,14.0,8.0,3.0,4.0,4.0,0.0,0.0,1.53,3.75,7.5,1.56,3.97,7.09,,,,,,,,2020/2021
F1,2020-09-13,Angers,Reims,1.0,0.0,H,20.0,7.0,7.0,2.0,12.0,12.0,1.0,2.0,4.0,2.0,1.0,1.0,2.37,3.0,3.4,2.42,3.06,3.47,,,,,,,,2020/2021
F1,2020-09-13,Dijon,Brest,0.0,2.0,A,7.0,19.0,3.0,5.0,16.0,16.0,5.0,7.0,2.0,0.0,1.0,0.0,2.4,3.3,3.0,2.59,3.22,3.03,,,,,,,,2020/2021
F1,2020-09-13,Lorient,Lens,2.0,3.0,A,6.0,12.0,3.0,6.0,20.0,16.0,4.0,2.0,4.0,3.0,0.0,1.0,2.1,3.3,3.75,2.2,3.41,3.57,,,,,,,,2020/2021
F1,2020-09-13,Nîmes,Rennes,2.0,4.0,A,17.0,10.0,9.0,6.0,17.0,13.0,8.0,4.0,2.0,6.0,0.0,0.0,3.3,3.3,2.25,3.43,3.35,2.28,,,,,,,,2020/2021
F1,2020-09-13,Monaco,Nantes,2.0,1.0,H,18.0,7.0,5.0,2.0,14.0,11.0,9.0,4.0,3.0,1.0,0.0,0.0,1.9,3.6,4.0,1.95,3.64,4.13,,,,,,,,2020/2021
F1,2020-09-13,Paris Saint-Germain,Marseille,0.0,1.0,A,14.0,5.0,4.0,2.0,17.0,19.0,4.0,2.0,6.0,8.0,3.0,2.0,,,,,,,,,,,,,,2020/2021
F1,2020-09-15,Montpellier,Lyon,2.0,1.0,H,10.0,19.0,3.0,7.0,13.0,13.0,4.0,11.0,3.0,2.0,1.0,1.0,3.8,3.3,2.05,3.96,3.52,2.06,,,,,,,,2020/2021
F1,2020-09-16,Paris Saint-Germain,Metz,1.0,0.0,H,20.0,7.0,8.0,1.0,8.0,6.0,8.0,2.0,3.0,2.0,1.0,0.0,1.25,7.0,9.0,1.27,6.31,8.34,,,,,,,,2020/2021
F1,2020-09-17,Marseille,Saint-Etienne,0.0,2.0,A,13.0,12.0,2.0,5.0,13.0,15.0,7.0,6.0,2.0,2.0,0.0,0.0,2.0,3.3,4.0,2.04,3.42,4.02,,,,,,,,2020/2021
F1,2020-09-18,Lyon,Nîmes,0.0,0.0,D,16.0,10.0,3.0,3.0,18.0,12.0,9.0,2.0,3.0,2.0,0.0,0.0,1.3,5.5,10.0,1.33,5.82,9.99,,,,,,,,2020/2021
F1,2020-09-19,Lens,Bordeaux,2.0,1.0,H,19.0,7.0,5.0,3.0,15.0,15.0,7.0,0.0,5.0,5.0,0.0,1.0,2.3,3.1,3.4,2.39,3.09,3.43,,,,,,,,2020/2021
F1,2020-09-19,Rennes,Monaco,2.0,1.0,H,14.0,14.0,3.0,2.0,11.0,11.0,9.0,10.0,1.0,2.0,0.0,0.0,2.35,3.4,3.0,2.31,3.43,3.23,,,,,,,,2020/2021
F1,2020-09-20,Nice,Paris Saint-Germain,0.0,3.0,A,14.0,14.0,5.0,6.0,9.0,9.0,4.0,7.0,1.0,2.0,0.0,0.0,7.5,5.0,1.4,7.66,4.85,1.43,,,,,,,,2020/2021
F1,2020-09-20,Brest,Lorient,3.0,2.0,H,14.0,9.0,6.0,4.0,20.0,13.0,4.0,6.0,2.0,1.0,0.0,0.0,2.4,3.1,3.2,2.4,3.26,3.22,,,,,,,,2020/2021
F1,2020-09-20,Metz,Reims,2.0,1.0,H,14.0,10.0,4.0,4.0,14.0,7.0,8.0,5.0,1.0,4.0,0.0,1.0,2.55,3.0,3.1,2.69,2.88,3.17,,,,,,,,2020/2021
F1,2020-09-20,Montpellier,Angers,4.0,1.0,H,14.0,14.0,9.0,3.0,14.0,5.0,6.0,3.0,4.0,3.0,0.0,0.0,2.1,3.25,3.75,2.14,3.38,3.69,,,,,,,,2020/2021
F1,2020-09-20,Strasbourg,Dijon,1.0,0.0,H,17.0,6.0,6.0,2.0,10.0,16.0,8.0,2.0,1.0,1.0,0.0,0.0,1.65,3.75,5.5,1.7,3.87,5.34,,,,,,,,2020/2021
F1,2020-09-20,Nantes,Saint-Etienne,2.0,2.0,D,15.0,6.0,3.0,4.0,12.0,17.0,4.0,2.0,2.0,2.0,0.0,0.0,2.3,3.1,3.4,2.34,3.29,3.3,,,,,,,,2020/2021
F1,2020-09-20,Marseille,Lille,1.0,1.0,D,11.0,14.0,2.0,7.0,12.0,18.0,5.0,4.0,3.0,3.0,0.0,0.0,2.3,3.2,3.3,2.39,3.27,3.25,,,,,,,,2020/2021
F1,2020-09-25,Lille,Nantes,2.0,0.0,H,12.0,12.0,4.0,6.0,16.0,12.0,4.0,7.0,0.0,2.0,0.0,0.0,1.66,3.75,5.5,1.69,3.76,5.65,,,,,,,,2020/2021
F1,2020-09-26,Saint-Etienne,Rennes,0.0,3.0,A,6.0,10.0,4.0,6.0,11.0,12.0,6.0,4.0,1.0,1.0,0.0,0.0,2.87,3.1,2.6,2.93,3.18,2.65,,,,,,,,2020/2021
F1,2020-09-26,Marseille,Metz,1.0,1.0,D,17.0,14.0,3.0,3.0,15.0,11.0,5.0,5.0,0.0,2.0,0.0,0.0,1.61,3.75,6.0,1.68,3.7,5.99,,,,,,,,2020/2021
F1,2020-09-27,Monaco,Strasbourg,3.0,2.0,H,11.0,11.0,5.0,5.0,11.0,12.0,6.0,2.0,3.0,1.0,2.0,0.0,1.85,3.5,4.2,1.88,3.65,4.4,,,,,,,,2020/2021
F1,2020-09-27,Bordeaux,Nice,0.0,0.0,D,18.0,13.0,5.0,2.0,9.0,15.0,7.0,7.0,1.0,1.0,0.0,0.0,2.1,3.25,3.6,2.21,3.2,3.72,,,,,,,,2020/2021
F1,2020-09-27,Dijon,Montpellier,2.0,2.0,D,15.0,14.0,6.0,5.0,15.0,11.0,6.0,13.0,4.0,1.0,0.0,0.0,4.5,3.6,1.8,4.44,3.78,1.84,,,,,,,,2020/2021
F1,2020-09-27,Lorient,Lyon,1.0,1.0,D,4.0,19.0,2.0,6.0,19.0,7.0,1.0,5.0,2.0,0.0,0.0,0.0,5.75,4.2,1.57,5.49,4.24,1.62,,,,,,,,2020/2021
F1,2020-09-27,Nîmes,Lens,1.0,1.0,D,13.0,15.0,4.0,6.0,10.0,16.0,5.0,7.0,0.0,3.0,0.0,0.0,2.6,3.3,2.75,2.76,3.33,2.7,,,,,,,,2020/2021
F1,2020-09-27,Reims,Paris Saint-Germain,0.0,2.0,A,8.0,21.0,3.0,7.0,11.0,10.0,3.0,7.0,2.0,2.0,0.0,0.0,13.0,6.0,1.22,11.39,6.33,1.27,,,,,,,,2020/2021
F1,2020-09-27,Angers,Brest,3.0,2.0,H,12.0,14.0,5.0,6.0,17.0,21.0,6.0,1.0,3.0,2.0,0.0,0.0,2.05,3.3,3.8,2.12,3.29,3.87,,,,,,,,2020/2021
F1,2020-10-02,Paris Saint-Germain,Angers,6.0,1.0,H,18.0,8.0,12.0,2.0,11.0,9.0,6.0,2.0,1.0,2.0,0.0,0.0,1.1,9.0,21.0,1.09,11.75,27.98,,,,,,,,2020/2021
F1,2020-10-03,Lens,Saint-Etienne,2.0,0.0,H,13.0,2.0,5.0,1.0,23.0,10.0,12.0,0.0,1.0,1.0,0.0,2.0,1.95,3.5,4.2,2.08,3.51,3.89,,,,,,,,2020/2021
F1,2020-10-03,Nice,Nantes,2.0,1.0,H,18.0,11.0,7.0,1.0,13.0,8.0,9.0,2.0,2.0,1.0,0.0,1.0,2.45,3.25,3.0,2.51,3.32,3.1,,,,,,,,2020/2021
F1,2020-10-04,Bordeaux,Dijon,3.0,0.0,H,17.0,5.0,7.0,1.0,15.0,14.0,5.0,4.0,2.0,3.0,0.0,0.0,1.66,3.8,5.25,1.71,3.93,5.36,,,,,,,,2020/2021
F1,2020-10-04,Montpellier,Nîmes,0.0,1.0,A,12.0,8.0,2.0,1.0,14.0,15.0,8.0,2.0,2.0,1.0,0.0,0.0,1.66,3.8,5.5,1.69,3.86,5.72,,,,,,,,2020/2021
F1,2020-10-04,Rennes,Reims,2.0,2.0,D,18.0,9.0,3.0,4.0,12.0,16.0,10.0,2.0,4.0,3.0,0.0,0.0,1.61,3.75,6.0,1.65,3.91,6.14,,,,,,,,2020/2021
F1,2020-10-04,Brest,Monaco,1.0,0.0,H,7.0,21.0,5.0,2.0,10.0,17.0,1.0,8.0,3.0,4.0,0.0,0.0,3.1,3.6,2.2,3.1,3.83,2.28,,,,,,,,2020/2021
F1,2020-10-04,Lyon,Marseille,1.0,1.0,D,24.0,4.0,3.0,1.0,14.0,10.0,19.0,5.0,1.0,1.0,0.0,1.0,1.7,3.8,5.0,1.73,3.94,5.18,,,,,,,,2020/2021
F1,2020-10-04,Metz,Lorient,3.0,1.0,H,16.0,10.0,8.0,4.0,10.0,14.0,4.0,3.0,1.0,2.0,0.0,0.0,2.3,3.2,3.3,2.29,3.46,3.37,,,,,,,,2020/2021
F1,2020-10-04,Strasbourg,Lille,0.0,3.0,A,14.0,12.0,3.0,6.0,11.0,10.0,11.0,1.0,1.0,1.0,0.0,0.0,3.3,3.3,2.25,3.39,3.37,2.33,,,,,,,,2020/2021
F1,2020-10-16,Dijon,Rennes,1.0,1.0,D,12.0,12.0,4.0,3.0,22.0,13.0,3.0,5.0,4.0,2.0,0.0,0.0,5.25,3.8,1.66,5.28,4.06,1.7,,,,,,,,2020/2021
F1,2020-10-16,Nîmes,Paris Saint-Germain,0.0,4.0,A,5.0,30.0,2.0,11.0,10.0,12.0,1.0,9.0,1.0,2.0,1.0,0.0,6.5,5.0,1.4,7.17,5.29,1.42,,,,,,,,2020/2021
F1,2020-10-17,Reims,Lorient,1.0,3.0,A,6.0,14.0,3.0,4.0,14.0,11.0,3.0,6.0,4.0,1.0,2.0,0.0,2.1,3.4,3.6,2.15,3.49,3.7,,,,,,,,2020/2021
F1,2020-10-17,Marseille,Bordeaux,3.0,1.0,H,6.0,8.0,4.0,4.0,13.0,13.0,6.0,10.0,3.0,1.0,0.0,0.0,2.0,3.5,3.8,2.09,3.48,3.9,,,,,,,,2020/2021
F1,2020-10-18,Strasbourg,Lyon,2.0,3.0,A,20.0,14.0,9.0,8.0,13.0,8.0,4.0,2.0,2.0,3.0,0.0,0.0,3.6,3.3,2.15,3.54,3.38,2.12,,,,,,,,2020/2021
F1,2020-10-18,Angers,Metz,1.0,1.0,D,7.0,7.0,2.0,3.0,18.0,13.0,2.0,5.0,4.0,2.0,0.0,0.0,2.0,3.4,3.9,2.05,3.45,4.09,,,,,,,,2020/2021
F1,2020-10-18,Monaco,Montpellier,1.0,1.0,D,21.0,3.0,7.0,2.0,13.0,13.0,10.0,2.0,2.0,1.0,0.0,1.0,,,,1.51,5.0,6.15,,,,,,,,2020/2021
F1,2020-10-18,Nantes,Brest,3.0,1.0,H,12.0,14.0,8.0,5.0,15.0,15.0,2.0,6.0,3.0,2.0,0.0,0.0,2.15,3.4,3.4,2.17,3.65,3.48,,,,,,,,2020/2021
F1,2020-10-18,Saint-Etienne,Nice,1.0,3.0,A,11.0,11.0,4.0,5.0,15.0,10.0,7.0,3.0,2.0,5.0,0.0,0.0,2.25,3.25,3.25,2.42,3.29,3.29,,,,,,,,2020/2021
F1,2020-10-18,Lille,Lens,4.0,0.0,H,17.0,7.0,6.0,2.0,13.0,16.0,7.0,2.0,0.0,3.0,0.0,2.0,1.83,3.6,4.33,1.9,3.73,4.38,,,,,,,,2020/2021
F1,2020-10-23,Rennes,Angers,1.0,2.0,A,11.0,10.0,1.0,4.0,11.0,5.0,5.0,4.0,2.0,0.0,0.0,0.0,2.05,3.4,3.5,2.1,3.39,3.98,,,,,,,,2020/2021
F1,2020-10-24,Lorient,Marseille,0.0,1.0,A,13.0,15.0,3.0,3.0,10.0,12.0,6.0,4.0,3.0,3.0,0.0,0.0,2.87,3.4,2.4,3.05,3.3,2.56,,,,,,,,2020/2021
F1,2020-10-24,Paris Saint-Germain,Dijon,4.0,0.0,H,20.0,16.0,9.0,3.0,12.0,18.0,4.0,10.0,0.0,2.0,0.0,0.0,1.06,12.0,23.0,1.06,14.66,32.95,,,,,,,,2020/2021
F1,2020-10-25,Bordeaux,Nîmes,2.0,0.0,H,20.0,8.0,6.0,4.0,9.0,16.0,7.0,4.0,3.0,3.0,0.0,0.0,1.95,3.3,4.0,1.96,3.68,4.11,,,,,,,,2020/2021
F1,2020-10-25,Brest,Strasbourg,0.0,3.0,A,14.0,7.0,4.0,5.0,8.0,11.0,12.0,2.0,1.0,3.0,0.0,0.0,2.15,3.5,3.2,2.25,3.88,3.13,,,,,,,,2020/2021
F1,2020-10-25,Metz,Saint-Etienne,2.0,0.0,H,6.0,10.0,3.0,0.0,11.0,18.0,5.0,3.0,3.0,3.0,0.0,0.0,2.37,3.2,3.1,2.39,3.5,3.14,,,,,,,,2020/2021
F1,2020-10-25,Montpellier,Reims,0.0,4.0,A,5.0,24.0,1.0,9.0,7.0,11.0,3.0,8.0,1.0,0.0,2.0,0.0,1.85,3.5,4.2,2.21,3.37,3.58,,,,,,,,2020/2021
F1,2020-10-25,Nice,Lille,1.0,1.0,D,8.0,12.0,3.0,4.0,13.0,18.0,5.0,3.0,1.0,6.0,0.0,0.0,3.5,3.1,2.2,3.45,3.54,2.22,,,,,,,,2020/2021
F1,2020-10-25,Lyon,Monaco,4.0,1.0,H,15.0,18.0,6.0,5.0,12.0,15.0,2.0,12.0,3.0,4.0,1.0,0.0,1.65,4.0,4.75,1.7,4.42,4.77,,,,,,,,2020/2021
F1,2020-10-31,Rennes,Brest,2.0,1.0,H,24.0,9.0,8.0,4.0,2.0,12.0,8.0,1.0,1.0,3.0,0.0,0.0,1.9,3.75,3.8,2.04,3.68,3.83,,,,,,,,2020/2021
F1,2020-10-31,Nantes,Paris Saint-Germain,0.0,3.0,A,6.0,13.0,1.0,4.0,13.0,13.0,2.0,4.0,2.0,1.0,0.0,0.0,7.5,4.75,1.4,7.8,5.17,1.42,,,,,,,,2020/2021
F1,2020-11-01,Saint-Etienne,Montpellier,0.0,1.0,A,8.0,10.0,0.0,2.0,16.0,17.0,8.0,2.0,3.0,3.0,0.0,0.0,2.4,3.25,3.0,2.46,3.53,3.02,,,,,,,,2020/2021
F1,2020-11-01,Nîmes,Metz,0.0,1.0,A,16.0,8.0,2.0,5.0,13.0,15.0,10.0,1.0,3.0,2.0,0.0,1.0,2.45,3.25,3.0,2.58,3.37,2.95,,,,,,,,2020/2021
F1,2020-11-01,Angers,Nice,0.0,3.0,A,11.0,12.0,5.0,5.0,18.0,12.0,9.0,5.0,5.0,2.0,0.0,0.0,2.25,3.2,3.4,2.28,3.43,3.43,,,,,,,,2020/2021
F1,2020-11-01,Reims,Strasbourg,2.0,1.0,H,12.0,9.0,4.0,3.0,13.0,13.0,5.0,3.0,0.0,2.0,0.0,0.0,2.3,3.2,3.25,2.38,3.48,3.19,,,,,,,,2020/2021
F1,2020-11-01,Monaco,Bordeaux,4.0,0.0,H,17.0,5.0,6.0,0.0,10.0,12.0,10.0,4.0,2.0,2.0,0.0,0.0,1.85,3.6,4.2,1.92,3.94,4.01,,,,,,,,2020/2021
F1,2020-11-01,Dijon,Lorient,0.0,0.0,D,11.0,9.0,2.0,1.0,18.0,13.0,9.0,7.0,2.0,1.0,0.0,0.0,3.2,3.5,2.2,3.26,3.6,2.28,,,,,,,,2020/2021
F1,2020-11-01,Lille,Lyon,1.0,1.0,D,15.0,8.0,6.0,1.0,14.0,10.0,9.0,4.0,3.0,3.0,0.0,1.0,2.8,3.25,2.6,2.83,3.34,2.71,,,,,,,,2020/2021
F1,2020-11-06,Strasbourg,Marseille,0.0,1.0,A,9.0,1.0,2.0,1.0,13.0,17.0,2.0,2.0,0.0,4.0,0.0,0.0,2.87,3.3,2.45,2.99,3.23,2.64,,,,,,,,2020/2021
F1,2020-11-07,Bordeaux,Montpellier,0.0,2.0,A,9.0,9.0,1.0,3.0,14.0,10.0,3.0,5.0,2.0,1.0,0.0,0.0,2.3,3.3,3.1,2.42,3.38,3.18,,,,,,,,2020/2021
F1,2020-11-07,Paris Saint-Germain,Rennes,3.0,0.0,H,9.0,16.0,6.0,3.0,19.0,15.0,2.0,7.0,3.0,0.0,0.0,0.0,1.4,5.25,6.5,1.42,4.87,6.98,,,,,,,,2020/2021
F1,2020-11-08,Brest,Lille,3.0,2.0,H,12.0,22.0,8.0,7.0,13.0,15.0,3.0,11.0,4.0,3.0,0.0,0.0,3.75,3.5,1.95,3.8,3.66,2.05,,,,,,,,2020/2021
F1,2020-11-08,Lens,Reims,4.0,4.0,D,14.0,8.0,5.0,6.0,12.0,7.0,9.0,1.0,3.0,1.0,0.0,0.0,2.1,3.4,3.6,2.2,3.36,3.71,,,,,,,,2020/2021
F1,2020-11-08,Lorient,Nantes,0.0,2.0,A,18.0,16.0,4.0,4.0,17.0,9.0,5.0,5.0,3.0,1.0,0.0,0.0,2.37,3.2,3.1,2.5,3.3,3.14,,,,,,,,2020/2021
F1,2020-11-08,Metz,Dijon,1.0,1.0,D,14.0,14.0,4.0,6.0,16.0,11.0,5.0,6.0,2.0,1.0,0.0,0.0,1.75,3.6,4.75,1.77,3.86,5.0,,,,,,,,2020/2021
F1,2020-11-08,Nîmes,Angers,1.0,5.0,A,11.0,15.0,4.0,8.0,12.0,15.0,6.0,2.0,2.0,5.0,0.0,0.0,3.1,3.2,2.3,3.12,3.38,2.47,,,,,,,,2020/2021
F1,2020-11-08,Nice,Monaco,1.0,2.0,A,8.0,15.0,4.0,8.0,8.0,16.0,1.0,4.0,2.0,2.0,0.0,0.0,3.2,3.6,2.15,3.25,3.84,2.2,,,,,,,,2020/2021
F1,2020-11-08,Lyon,Saint-Etienne,2.0,1.0,H,18.0,16.0,6.0,4.0,19.0,19.0,3.0,5.0,5.0,3.0,0.0,0.0,1.4,4.75,7.5,1.36,5.74,8.54,,,,,,,,2020/2021
F1,2020-11-20,Rennes,Bordeaux,0.0,1.0,A,14.0,6.0,2.0,3.0,18.0,19.0,7.0,3.0,2.0,2.0,0.0,0.0,1.75,3.6,4.75,1.83,3.55,5.06,,,,,,,,2020/2021
F1,2020-11-20,Monaco,Paris Saint-Germain,3.0,2.0,H,15.0,9.0,5.0,4.0,12.0,19.0,2.0,1.0,2.0,3.0,0.0,1.0,5.25,4.75,1.5,5.42,5.2,1.54,,,,,,,,2020/2021
F1,2020-11-21,Brest,Saint-Etienne,4.0,1.0,H,10.0,17.0,5.0,1.0,12.0,10.0,5.0,6.0,1.0,1.0,0.0,0.0,2.1,3.5,3.4,2.2,3.7,3.35,,,,,,,,2020/2021
F1,2020-11-22,Nantes,Metz,1.0,1.0,D,17.0,10.0,5.0,4.0,13.0,14.0,6.0,2.0,2.0,3.0,0.0,0.0,2.25,3.1,3.5,2.3,3.33,3.49,,,,,,,,2020/2021
F1,2020-11-22,Dijon,Lens,0.0,1.0,A,10.0,6.0,2.0,2.0,14.0,6.0,8.0,6.0,2.0,0.0,0.0,0.0,3.5,3.4,2.15,3.56,3.52,2.19,,,,,,,,2020/2021
F1,2020-11-22,Montpellier,Strasbourg,4.0,3.0,H,21.0,9.0,9.0,5.0,16.0,11.0,11.0,3.0,2.0,1.0,0.0,0.0,2.05,3.5,3.6,2.14,3.57,3.63,,,,,,,,2020/2021
F1,2020-11-22,Reims,Nîmes,0.0,1.0,A,16.0,6.0,6.0,5.0,18.0,11.0,7.0,1.0,3.0,1.0,0.0,0.0,1.85,3.5,4.5,1.9,3.8,4.27,,,,,,,,2020/2021
F1,2020-11-22,Angers,Lyon,0.0,1.0,A,20.0,5.0,8.0,2.0,12.0,12.0,8.0,3.0,2.0,3.0,0.0,0.0,5.0,4.2,1.61,5.2,4.31,1.67,,,,,,,,2020/2021
F1,2020-11-22,Lille,Lorient,4.0,0.0,H,31.0,7.0,13.0,2.0,10.0,11.0,9.0,4.0,1.0,3.0,0.0,0.0,1.6,3.8,6.0,1.59,4.11,6.48,,,,,,,,2020/2021
F1,2020-11-25,Lens,Nantes,1.0,1.0,D,7.0,11.0,1.0,3.0,14.0,18.0,6.0,2.0,4.0,2.0,0.0,0.0,1.9,3.5,4.0,2.01,3.62,3.99,,,,,,,,2020/2021
F1,2020-11-27,Strasbourg,Rennes,1.0,1.0,D,6.0,21.0,3.0,7.0,11.0,12.0,2.0,7.0,0.0,0.0,1.0,0.0,3.2,3.2,2.3,3.19,3.26,2.49,,,,,,,,2020/2021
F1,2020-11-28,Marseille,Nantes,3.0,1.0,H,15.0,6.0,9.0,2.0,16.0,11.0,3.0,7.0,4.0,2.0,0.0,0.0,2.05,3.4,3.5,2.17,3.39,3.77,,,,,,,,2020/2021
F1,2020-11-28,Paris Saint-Germain,Bordeaux,2.0,2.0,D,16.0,18.0,9.0,4.0,8.0,10.0,14.0,5.0,1.0,1.0,0.0,0.0,1.12,8.5,17.0,1.2,7.92,14.27,,,,,,,,2020/2021
F1,2020-11-29,Lyon,Reims,3.0,0.0,H,14.0,10.0,4.0,2.0,19.0,11.0,4.0,2.0,2.0,1.0,0.0,1.0,1.4,4.75,7.0,1.4,5.28,8.28,,,,,,,,2020/2021
F1,2020-11-29,Lens,Angers,1.0,3.0,A,13.0,18.0,5.0,7.0,15.0,13.0,1.0,7.0,2.0,2.0,0.0,0.0,2.15,3.25,3.5,2.17,3.48,3.63,,,,,,,,2020/2021
F1,2020-11-29,Lorient,Montpellier,0.0,1.0,A,8.0,16.0,2.0,3.0,13.0,14.0,2.0,4.0,2.0,1.0,0.0,0.0,3.25,3.4,2.1,3.41,3.57,2.23,,,,,,,,2020/2021
F1,2020-11-29,Metz,Brest,0.0,2.0,A,15.0,10.0,6.0,3.0,11.0,10.0,10.0,5.0,2.0,1.0,0.0,0.0,2.2,3.2,3.3,2.36,3.4,3.29,,,,,,,,2020/2021
F1,2020-11-29,Monaco,Nîmes,3.0,0.0,H,18.0,6.0,5.0,2.0,16.0,9.0,8.0,3.0,1.0,1.0,0.0,1.0,1.33,4.75,9.0,1.36,5.65,8.91,,,,,,,,2020/2021
F1,2020-11-29,Nice,Dijon,1.0,3.0,A,24.0,9.0,7.0,4.0,7.0,21.0,11.0,1.0,3.0,3.0,0.0,0.0,1.75,3.6,4.5,1.84,3.77,4.64,,,,,,,,2020/2021
F1,2020-11-29,Saint-Etienne,Lille,1.0,1.0,D,7.0,9.0,5.0,2.0,15.0,13.0,3.0,3.0,4.0,1.0,0.0,0.0,4.75,3.6,1.72,5.07,3.85,1.76,,,,,,,,2020/2021
F1,2020-12-04,Nîmes,Marseille,0.0,2.0,A,7.0,17.0,0.0,4.0,11.0,18.0,1.0,8.0,3.0,4.0,1.0,1.0,5.25,3.8,1.66,5.34,3.88,1.72,,,,,,,,2020/2021
F1,2020-12-05,Rennes,Lens,0.0,2.0,A,10.0,6.0,4.0,4.0,18.0,16.0,8.0,3.0,1.0,3.0,0.0,0.0,2.0,3.5,3.8,2.11,3.53,3.76,,,,,,,,2020/2021
F1,2020-12-05,Montpellier,Paris Saint-Germain,1.0,3.0,A,17.0,13.0,2.0,6.0,12.0,14.0,3.0,3.0,1.0,3.0,0.0,0.0,6.5,4.75,1.44,6.63,4.93,1.49,,,,,,,,2020/2021
F1,2020-12-06,Dijon,Saint-Etienne,0.0,0.0,D,6.0,7.0,1.0,2.0,15.0,13.0,7.0,4.0,0.0,1.0,0.0,0.0,3.0,3.4,2.37,3.07,3.56,2.41,,,,,,,,2020/2021
F1,2020-12-06,Lille,Monaco,2.0,1.0,H,10.0,8.0,5.0,3.0,12.0,11.0,1.0,3.0,3.0,0.0,0.0,0.0,2.3,3.75,2.87,2.43,3.66,2.97,,,,,,,,2020/2021
F1,2020-12-06,Bordeaux,Brest,1.0,0.0,H,21.0,8.0,6.0,3.0,10.0,11.0,8.0,2.0,0.0,3.0,0.0,0.0,2.05,3.5,3.6,2.17,3.51,3.62,,,,,,,,2020/2021
F1,2020-12-06,Reims,Nice,0.0,0.0,D,11.0,12.0,2.0,4.0,12.0,13.0,6.0,6.0,1.0,2.0,0.0,0.0,2.5,3.4,2.8,2.58,3.48,2.88,,,,,,,,2020/2021
F1,2020-12-06,Nantes,Strasbourg,0.0,4.0,A,14.0,13.0,2.0,9.0,13.0,13.0,7.0,3.0,3.0,2.0,0.0,0.0,2.15,3.3,3.5,2.19,3.66,3.41,,,,,,,,2020/2021
F1,2020-12-06,Metz,Lyon,1.0,3.0,A,12.0,18.0,5.0,5.0,14.0,14.0,5.0,6.0,1.0,0.0,1.0,1.0,5.75,4.33,1.55,5.7,4.56,1.58,,,,,,,,2020/2021
F1,2020-12-06,Angers,Lorient,2.0,0.0,H,10.0,12.0,3.0,3.0,13.0,11.0,2.0,12.0,3.0,0.0,0.0,0.0,1.85,3.6,4.2,1.88,3.83,4.34,,,,,,,,2020/2021
F1,2020-12-11,Saint-Etienne,Angers,0.0,0.0,D,14.0,8.0,3.0,3.0,16.0,15.0,5.0,6.0,3.0,3.0,0.0,0.0,2.37,3.4,2.9,2.46,3.44,3.08,,,,,,,,2020/2021
F1,2020-12-12,Marseille,Monaco,2.0,1.0,H,5.0,9.0,2.0,4.0,22.0,10.0,1.0,3.0,3.0,2.0,0.0,0.0,2.75,3.5,2.4,2.91,3.61,2.49,,,,,,,,2020/2021
F1,2020-12-12,Lens,Montpellier,2.0,3.0,A,14.0,10.0,4.0,7.0,11.0,14.0,6.0,4.0,1.0,1.0,0.0,0.0,2.5,3.2,2.87,2.62,3.33,2.94,,,,,,,,2020/2021
F1,2020-12-13,Brest,Reims,2.0,1.0,H,10.0,10.0,6.0,4.0,12.0,11.0,3.0,4.0,1.0,1.0,0.0,0.0,2.15,3.5,3.25,2.32,3.46,3.3,,,,,,,,2020/2021
F1,2020-12-13,Nice,Rennes,0.0,1.0,A,11.0,16.0,3.0,6.0,16.0,10.0,3.0,6.0,2.0,1.0,0.0,0.0,2.9,3.3,2.37,3.07,3.43,2.47,,,,,,,,2020/2021
F1,2020-12-13,Nantes,Dijon,1.0,1.0,D,17.0,13.0,6.0,4.0,11.0,16.0,4.0,4.0,2.0,2.0,0.0,0.0,1.72,3.75,4.5,1.75,4.08,4.79,,,,,,,,2020/2021
F1,2020-12-13,Paris Saint-Germain,Lyon,0.0,1.0,A,7.0,8.0,1.0,5.0,11.0,17.0,5.0,5.0,4.0,1.0,0.0,1.0,1.57,4.75,4.5,1.63,4.77,5.0,,,,,,,,2020/2021
F1,2020-12-13,Lille,Bordeaux,2.0,1.0,H,15.0,4.0,5.0,3.0,14.0,10.0,8.0,3.0,0.0,2.0,0.0,0.0,1.7,3.5,5.25,1.76,3.66,5.49,,,,,,,,2020/2021
F1,2020-12-13,Strasbourg,Metz,2.0,2.0,D,18.0,6.0,4.0,3.0,11.0,16.0,5.0,4.0,3.0,4.0,0.0,0.0,2.0,3.25,3.9,2.02,3.55,4.05,,,,,,,,2020/2021
F1,2020-12-13,Lorient,Nîmes,3.0,0.0,H,13.0,6.0,5.0,2.0,18.0,7.0,2.0,3.0,2.0,0.0,0.0,0.0,2.05,3.4,3.5,2.22,3.5,3.49,,,,,,,,2020/2021
F1,2020-12-16,Angers,Strasbourg,0.0,2.0,A,8.0,7.0,2.0,3.0,9.0,11.0,6.0,2.0,1.0,2.0,0.0,0.0,2.15,3.5,3.3,2.26,3.52,3.37,,,,,,,,2020/2021
F1,2020-12-16,Dijon,Lille,0.0,2.0,A,6.0,10.0,1.0,5.0,21.0,8.0,5.0,4.0,0.0,0.0,0.0,0.0,6.5,4.33,1.5,6.49,4.32,1.56,,,,,,,,2020/2021
F1,2020-12-16,Montpellier,Metz,0.0,2.0,A,14.0,9.0,3.0,5.0,11.0,9.0,10.0,2.0,3.0,3.0,0.0,0.0,1.65,4.0,5.0,1.7,3.99,5.4,,,,,,,,2020/2021
F1,2020-12-16,Nîmes,Nice,0.0,2.0,A,15.0,14.0,4.0,6.0,8.0,10.0,4.0,5.0,1.0,2.0,0.0,1.0,3.4,3.5,2.1,3.47,3.64,2.17,,,,,,,,2020/2021
F1,2020-12-16,Reims,Nantes,3.0,2.0,H,13.0,18.0,4.0,7.0,13.0,13.0,3.0,6.0,2.0,2.0,0.0,0.0,2.37,3.25,3.1,2.54,3.31,3.07,,,,,,,,2020/2021
F1,2020-12-16,Bordeaux,Saint-Etienne,1.0,2.0,A,11.0,19.0,3.0,8.0,12.0,14.0,3.0,4.0,3.0,2.0,0.0,0.0,2.15,3.4,3.4,2.27,3.38,3.49,,,,,,,,2020/2021
F1,2020-12-16,Lyon,Brest,2.0,2.0,D,28.0,8.0,11.0,2.0,13.0,5.0,12.0,3.0,3.0,0.0,0.0,1.0,1.33,5.25,9.0,1.32,6.03,9.49,,,,,,,,2020/2021
F1,2020-12-16,Monaco,Lens,0.0,3.0,A,7.0,8.0,1.0,4.0,8.0,17.0,3.0,3.0,2.0,4.0,1.0,0.0,1.65,4.2,4.75,1.68,4.36,5.05,,,,,,,,2020/2021
F1,2020-12-16,Paris Saint-Germain,Lorient,2.0,0.0,H,24.0,8.0,8.0,3.0,19.0,9.0,9.0,2.0,3.0,0.0,0.0,1.0,1.12,9.0,19.0,1.15,8.11,16.93,,,,,,,,2020/2021
F1,2020-12-16,Rennes,Marseille,2.0,1.0,H,15.0,8.0,5.0,1.0,19.0,15.0,9.0,1.0,1.0,4.0,0.0,1.0,2.4,3.4,2.87,2.55,3.34,3.03,,,,,,,,2020/2021
F1,2020-12-19,Marseille,Reims,1.0,1.0,D,12.0,2.0,6.0,1.0,11.0,10.0,7.0,3.0,1.0,3.0,0.0,0.0,1.75,3.6,5.0,1.8,3.67,5.12,,,,,,,,2020/2021
F1,2020-12-19,Nice,Lyon,1.0,4.0,A,8.0,13.0,1.0,9.0,17.0,9.0,8.0,2.0,1.0,1.0,0.0,0.0,6.5,4.0,1.55,5.98,4.38,1.59,,,,,,,,2020/2021
F1,2020-12-19,Metz,Lens,2.0,0.0,H,12.0,17.0,4.0,3.0,17.0,8.0,8.0,4.0,1.0,1.0,0.0,0.0,3.0,3.4,2.37,3.21,3.41,2.4,,,,,,,,2020/2021
F1,2020-12-20,Brest,Montpellier,2.0,2.0,D,17.0,10.0,7.0,4.0,14.0,15.0,6.0,4.0,2.0,1.0,0.0,0.0,3.0,3.5,2.3,3.13,3.56,2.37,,,,,,,,2020/2021
F1,2020-12-20,Dijon,Monaco,0.0,1.0,A,11.0,13.0,1.0,6.0,13.0,14.0,2.0,6.0,2.0,1.0,0.0,0.0,6.5,4.33,1.5,5.95,4.61,1.56,,,,,,,,2020/2021
F1,2020-12-20,Nantes,Angers,1.0,1.0,D,9.0,12.0,2.0,6.0,16.0,13.0,5.0,6.0,3.0,0.0,0.0,0.0,2.4,3.4,3.0,2.52,3.43,2.99,,,,,,,,2020/2021
F1,2020-12-20,Saint-Etienne,Nîmes,2.0,2.0,D,18.0,9.0,9.0,4.0,15.0,9.0,6.0,3.0,2.0,3.0,0.0,0.0,1.55,4.0,6.5,1.59,4.33,6.0,,,,,,,,2020/2021
F1,2020-12-20,Strasbourg,Bordeaux,0.0,2.0,A,10.0,11.0,3.0,6.0,15.0,12.0,5.0,3.0,2.0,1.0,0.0,0.0,2.2,3.3,3.25,2.24,3.41,3.54,,,,,,,,2020/2021
F1,2020-12-20,Lorient,Rennes,0.0,3.0,A,11.0,15.0,2.0,4.0,19.0,9.0,1.0,2.0,1.0,2.0,0.0,0.0,3.8,3.6,1.95,4.1,3.66,1.97,,,,,,,,2020/2021
F1,2020-12-20,Lille,Paris Saint-Germain,0.0,0.0,D,8.0,8.0,3.0,1.0,12.0,11.0,4.0,5.0,0.0,2.0,0.0,0.0,4.0,3.8,1.85,3.53,3.85,1.99,,,,,,,,2020/2021
F1,2020-12-23,Nîmes,Dijon,1.0,3.0,A,8.0,14.0,1.0,4.0,10.0,11.0,7.0,3.0,2.0,2.0,1.0,0.0,2.55,3.3,2.7,2.7,3.54,2.71,,,,,,,,2020/2021
F1,2020-12-23,Rennes,Metz,1.0,0.0,H,11.0,9.0,6.0,4.0,14.0,18.0,6.0,5.0,1.0,1.0,0.0,0.0,1.55,3.8,6.5,1.6,4.25,6.06,,,,,,,,2020/2021
F1,2020-12-23,Lens,Brest,2.0,1.0,H,11.0,10.0,4.0,3.0,13.0,13.0,3.0,6.0,0.0,2.0,0.0,0.0,1.95,3.8,3.6,2.03,3.86,3.68,,,,,,,,2020/2021
F1,2020-12-23,Nice,Lorient,2.0,2.0,D,3.0,24.0,3.0,6.0,11.0,13.0,0.0,10.0,3.0,4.0,1.0,0.0,1.83,3.6,4.2,1.93,3.79,4.12,,,,,,,,2020/2021
F1,2020-12-23,Bordeaux,Reims,1.0,3.0,A,9.0,10.0,3.0,5.0,11.0,12.0,5.0,5.0,3.0,1.0,0.0,0.0,2.15,3.3,3.4,2.31,3.33,3.46,,,,,,,,2020/2021
F1,2020-12-23,Lyon,Nantes,3.0,0.0,H,22.0,18.0,11.0,4.0,11.0,13.0,9.0,7.0,1.0,3.0,0.0,0.0,1.25,6.0,10.0,1.3,6.15,9.62,,,,,,,,2020/2021
F1,2020-12-23,Monaco,Saint-Etienne,2.0,2.0,D,2.0,18.0,2.0,6.0,12.0,13.0,0.0,10.0,3.0,2.0,1.0,0.0,1.61,4.2,5.5,1.65,4.16,5.63,,,,,,,,2020/2021
F1,2020-12-23,Montpellier,Lille,2.0,3.0,A,17.0,9.0,6.0,7.0,13.0,11.0,6.0,4.0,3.0,2.0,0.0,0.0,3.4,3.2,2.2,3.52,3.53,2.2,,,,,,,,2020/2021
F1,2020-12-23,Paris Saint-Germain,Strasbourg,4.0,0.0,H,17.0,8.0,8.0,2.0,7.0,9.0,5.0,5.0,0.0,0.0,0.0,0.0,1.28,5.75,9.0,1.31,6.08,10.33,,,,,,,,2020/2021
F1,2020-12-23,Angers,Marseille,2.0,1.0,H,9.0,9.0,2.0,3.0,14.0,14.0,2.0,8.0,2.0,4.0,0.0,0.0,2.9,3.2,2.45,3.08,3.32,2.52,,,,,,,,2020/2021
F1,2021-01-06,Nantes,Rennes,0.0,0.0,D,7.0,8.0,2.0,0.0,13.0,13.0,6.0,3.0,2.0,2.0,0.0,0.0,3.75,3.4,2.0,3.68,3.57,2.12,,,,,,,,2020/2021
F1,2021-01-06,Brest,Nice,2.0,0.0,H,10.0,12.0,6.0,6.0,12.0,8.0,6.0,6.0,2.0,3.0,0.0,0.0,2.15,3.75,3.0,2.28,3.76,3.15,,,,,,,,2020/2021
F1,2021-01-06,Lorient,Monaco,2.0,5.0,A,11.0,16.0,5.0,9.0,9.0,9.0,5.0,8.0,1.0,3.0,1.0,0.0,4.33,4.0,1.72,4.51,4.13,1.79,,,,,,,,2020/2021
F1,2021-01-06,Metz,Bordeaux,0.0,0.0,D,9.0,12.0,3.0,3.0,10.0,20.0,3.0,2.0,1.0,2.0,0.0,0.0,2.62,3.0,2.87,2.73,3.17,2.94,,,,,,,,2020/2021
F1,2021-01-06,Strasbourg,Nîmes,5.0,0.0,H,21.0,6.0,12.0,2.0,12.0,6.0,10.0,5.0,1.0,2.0,0.0,0.0,1.53,3.8,6.0,1.58,4.25,6.3,,,,,,,,2020/2021
F1,2021-01-06,Lille,Angers,1.0,2.0,A,7.0,7.0,2.0,3.0,12.0,10.0,8.0,6.0,3.0,1.0,0.0,0.0,1.57,3.6,6.5,1.6,4.12,6.34,,,,,,,,2020/2021
F1,2021-01-06,Marseille,Montpellier,3.0,1.0,H,18.0,13.0,8.0,5.0,4.0,6.0,5.0,1.0,0.0,0.0,0.0,0.0,2.1,3.25,3.6,2.12,3.57,3.7,,,,,,,,2020/2021
F1,2021-01-06,Reims,Dijon,0.0,0.0,D,9.0,8.0,3.0,0.0,13.0,8.0,7.0,5.0,2.0,3.0,0.0,0.0,1.8,3.5,4.5,1.86,3.77,4.53,,,,,,,,2020/2021
F1,2021-01-06,Saint-Etienne,Paris Saint-Germain,1.0,1.0,D,11.0,10.0,5.0,4.0,13.0,12.0,9.0,10.0,1.0,1.0,0.0,0.0,8.0,5.0,1.36,8.02,5.43,1.39,,,,,,,,2020/2021
F1,2021-01-06,Lyon,Lens,3.0,2.0,H,11.0,10.0,6.0,2.0,7.0,10.0,7.0,4.0,1.0,2.0,0.0,0.0,1.4,5.0,6.5,1.48,4.99,6.72,,,,,,,,2020/2021
F1,2021-01-09,Lens,Strasbourg,0.0,1.0,A,11.0,10.0,2.0,4.0,16.0,15.0,4.0,4.0,1.0,1.0,0.0,0.0,2.25,3.3,3.2,2.39,3.54,3.12,,,,,,,,2020/2021
F1,2021-01-09,Bordeaux,Lorient,2.0,1.0,H,16.0,12.0,6.0,4.0,10.0,10.0,5.0,3.0,2.0,0.0,0.0,0.0,2.0,3.4,3.8,2.0,3.5,3.84,,,,,,,,2020/2021
F1,2021-01-09,Dijon,Marseille,0.0,0.0,D,5.0,11.0,0.0,4.0,13.0,13.0,0.0,6.0,3.0,2.0,0.0,0.0,4.2,3.5,1.85,4.46,3.44,1.97,,,,,,,,2020/2021
F1,2021-01-09,Reims,Saint-Etienne,3.0,1.0,H,7.0,14.0,3.0,6.0,19.0,17.0,0.0,3.0,2.0,4.0,0.0,0.0,2.87,3.0,2.7,3.01,3.06,2.76,,,,,,,,2020/2021
F1,2021-01-09,Metz,Nice,1.0,1.0,D,16.0,11.0,5.0,4.0,19.0,8.0,5.0,2.0,2.0,2.0,0.0,0.0,2.55,3.2,2.9,2.68,3.26,2.92,,,,,,,,2020/2021
F1,2021-01-09,Nîmes,Lille,0.0,1.0,A,7.0,10.0,0.0,2.0,12.0,13.0,2.0,3.0,0.0,3.0,0.0,0.0,8.0,4.2,1.44,7.79,4.66,1.47,,,,,,,,2020/2021
F1,2021-01-09,Paris Saint-Germain,Brest,3.0,0.0,H,22.0,12.0,11.0,2.0,7.0,13.0,7.0,4.0,1.0,1.0,0.0,0.0,1.14,8.5,17.0,1.17,8.82,15.37,,,,,,,,2020/2021
F1,2021-01-09,Montpellier,Nantes,1.0,1.0,D,8.0,12.0,6.0,3.0,18.0,11.0,1.0,8.0,5.0,0.0,0.0,0.0,1.95,3.6,3.75,2.0,3.67,3.99,,,,,,,,2020/2021
F1,2021-01-09,Monaco,Angers,3.0,0.0,H,14.0,6.0,5.0,2.0,9.0,10.0,5.0,2.0,2.0,0.0,0.0,0.0,1.7,3.75,5.0,1.74,3.69,5.59,,,,,,,,2020/2021
F1,2021-01-09,Rennes,Lyon,2.0,2.0,D,14.0,13.0,6.0,4.0,12.0,16.0,2.0,5.0,1.0,2.0,0.0,0.0,3.3,3.6,2.1,3.37,3.63,2.22,,,,,,,,2020/2021
F1,2021-01-15,Montpellier,Monaco,2.0,3.0,A,9.0,16.0,3.0,5.0,17.0,12.0,5.0,6.0,2.0,3.0,0.0,0.0,3.4,3.75,2.1,3.43,3.57,2.22,,,,,,,,2020/2021
F1,2021-01-16,Marseille,Nîmes,1.0,2.0,A,14.0,8.0,6.0,5.0,13.0,6.0,7.0,3.0,2.0,2.0,0.0,0.0,1.4,4.75,7.5,1.43,4.81,8.35,,,,,,,,2020/2021
F1,2021-01-16,Angers,Paris Saint-Germain,0.0,1.0,A,11.0,12.0,4.0,3.0,11.0,13.0,5.0,7.0,0.0,2.0,0.0,0.0,9.0,5.0,1.33,9.05,5.59,1.36,,,,,,,,2020/2021
F1,2021-01-17,Brest,Rennes,1.0,2.0,A,14.0,7.0,4.0,4.0,9.0,8.0,3.0,3.0,1.0,1.0,0.0,0.0,3.4,3.4,2.15,3.38,3.64,2.21,,,,,,,,2020/2021
F1,2021-01-17,Nantes,Lens,1.0,1.0,D,10.0,8.0,2.0,1.0,14.0,19.0,2.0,4.0,3.0,3.0,0.0,0.0,2.62,3.2,2.87,2.54,3.47,2.94,,,,,,,,2020/2021
F1,2021-01-17,Nice,Bordeaux,0.0,3.0,A,10.0,17.0,1.0,9.0,8.0,7.0,3.0,10.0,0.0,1.0,0.0,0.0,2.3,3.3,3.2,2.38,3.28,3.36,,,,,,,,2020/2021
F1,2021-01-17,Strasbourg,Saint-Etienne,1.0,0.0,H,15.0,8.0,3.0,3.0,23.0,9.0,7.0,3.0,2.0,2.0,0.0,0.0,1.95,3.3,4.2,2.01,3.54,4.11,,,,,,,,2020/2021
F1,2021-01-17,Lille,Reims,2.0,1.0,H,16.0,8.0,8.0,4.0,13.0,11.0,3.0,5.0,2.0,1.0,0.0,0.0,1.6,4.0,6.0,1.65,3.84,6.27,,,,,,,,2020/2021
F1,2021-01-17,Lyon,Metz,0.0,1.0,A,23.0,17.0,5.0,3.0,14.0,11.0,9.0,2.0,1.0,3.0,0.0,0.0,1.28,5.75,11.0,1.28,6.17,12.16,,,,,,,,2020/2021
F1,2021-01-20,Marseille,Lens,0.0,1.0,A,4.0,13.0,1.0,4.0,13.0,11.0,3.0,9.0,5.0,3.0,0.0,0.0,2.0,3.4,3.8,2.12,3.42,3.85,,,,,,,,2020/2021
F1,2021-01-22,Paris Saint-Germain,Montpellier,4.0,0.0,H,26.0,5.0,8.0,1.0,16.0,12.0,7.0,1.0,2.0,1.0,0.0,1.0,1.14,8.0,17.0,1.17,8.39,18.54,,,,,,,,2020/2021
F1,2021-01-23,Lens,Nice,0.0,1.0,A,13.0,7.0,3.0,2.0,9.0,14.0,6.0,2.0,2.0,1.0,0.0,0.0,2.05,3.2,4.0,2.06,3.42,4.09,,,,,,,,2020/2021
F1,2021-01-23,Monaco,Marseille,3.0,1.0,H,8.0,5.0,6.0,1.0,18.0,21.0,5.0,4.0,3.0,5.0,0.0,0.0,1.72,4.0,4.5,1.78,4.17,4.48,,,,,,,,2020/2021
F1,2021-01-24,Bordeaux,Angers,2.0,1.0,H,7.0,15.0,3.0,7.0,11.0,20.0,3.0,4.0,1.0,2.0,0.0,0.0,2.37,3.1,3.25,2.46,3.26,3.25,,,,,,,,2020/2021
F1,2021-01-24,Dijon,Strasbourg,1.0,1.0,D,5.0,15.0,3.0,2.0,14.0,9.0,3.0,4.0,1.0,0.0,0.0,0.0,3.75,3.5,2.0,3.77,3.68,2.06,,,,,,,,2020/2021
F1,2021-01-24,Metz,Nantes,2.0,0.0,H,14.0,8.0,4.0,0.0,15.0,15.0,4.0,6.0,3.0,1.0,0.0,0.0,2.37,3.1,3.25,2.48,3.26,3.19,,,,,,,,2020/2021
F1,2021-01-24,Reims,Brest,1.0,0.0,H,12.0,17.0,2.0,1.0,16.0,11.0,2.0,4.0,3.0,0.0,0.0,0.0,2.37,3.5,2.9,2.44,3.56,3.02,,,,,,,,2020/2021
F1,2021-01-24,Rennes,Lille,0.0,1.0,A,11.0,9.0,2.0,4.0,12.0,15.0,2.0,2.0,2.0,2.0,0.0,0.0,2.8,3.0,2.75,2.84,3.15,2.84,,,,,,,,2020/2021
F1,2021-01-24,Saint-Etienne,Lyon,0.0,5.0,A,3.0,19.0,0.0,12.0,13.0,9.0,1.0,8.0,3.0,1.0,0.0,0.0,8.0,4.75,1.4,7.97,4.93,1.43,,,,,,,,2020/2021
F1,2021-01-27,Lorient,Dijon,3.0,2.0,H,14.0,7.0,5.0,2.0,13.0,17.0,9.0,6.0,2.0,3.0,0.0,0.0,2.25,3.1,3.4,2.2,3.5,3.46,,,,,,,,2020/2021
F1,2021-01-29,Lyon,Bordeaux,2.0,1.0,H,10.0,12.0,4.0,2.0,17.0,6.0,7.0,9.0,1.0,2.0,0.0,0.0,1.28,5.75,9.0,1.34,5.83,9.32,,,,,,,,2020/2021
F1,2021-01-30,Montpellier,Lens,1.0,2.0,A,17.0,11.0,7.0,2.0,15.0,17.0,12.0,3.0,4.0,4.0,0.0,0.0,2.8,3.3,2.5,3.01,3.29,2.59,,,,,,,,2020/2021
F1,2021-01-31,Angers,Nîmes,3.0,1.0,H,12.0,8.0,5.0,4.0,9.0,7.0,4.0,8.0,1.0,3.0,0.0,0.0,1.66,3.75,5.5,1.67,4.08,5.55,,,,,,,,2020/2021
F1,2021-01-31,Nice,Saint-Etienne,0.0,1.0,A,7.0,10.0,2.0,1.0,11.0,11.0,4.0,10.0,2.0,2.0,0.0,0.0,2.15,3.4,3.4,2.22,3.66,3.35,,,,,,,,2020/2021
F1,2021-01-31,Brest,Metz,2.0,4.0,A,10.0,15.0,5.0,6.0,13.0,14.0,4.0,1.0,1.0,3.0,0.0,0.0,2.1,3.4,3.5,2.19,3.48,3.59,,,,,,,,2020/2021
F1,2021-01-31,Lorient,Paris Saint-Germain,3.0,2.0,H,16.0,14.0,5.0,3.0,15.0,9.0,7.0,9.0,4.0,2.0,0.0,0.0,13.0,8.5,1.14,13.76,8.65,1.19,,,,,,,,2020/2021
F1,2021-01-31,Strasbourg,Reims,0.0,1.0,A,12.0,10.0,2.0,5.0,17.0,8.0,4.0,3.0,1.0,2.0,0.0,0.0,2.0,3.3,3.8,2.13,3.33,3.95,,,,,,,,2020/2021
F1,2021-01-31,Nantes,Monaco,1.0,2.0,A,9.0,14.0,3.0,5.0,11.0,14.0,2.0,8.0,4.0,3.0,1.0,0.0,4.33,4.0,1.75,4.29,4.09,1.83,,,,,,,,2020/2021
F1,2021-01-31,Lille,Dijon,1.0,0.0,H,14.0,11.0,2.0,3.0,12.0,7.0,5.0,2.0,2.0,2.0,0.0,0.0,1.36,4.75,10.0,1.38,4.94,10.08,,,,,,,,2020/2021
F1,2021-02-03,Strasbourg,Brest,2.0,2.0,D,9.0,3.0,4.0,2.0,12.0,14.0,3.0,3.0,2.0,0.0,0.0,0.0,2.15,3.4,3.4,2.18,3.36,3.47,,,,,,,,2020/2021
F1,2021-02-03,Metz,Montpellier,1.0,1.0,D,17.0,15.0,6.0,4.0,15.0,15.0,8.0,7.0,6.0,1.0,0.0,0.0,2.55,3.2,2.9,2.58,3.02,3.07,,,,,,,,2020/2021
F1,2021-02-03,Reims,Angers,0.0,0.0,D,10.0,6.0,2.0,2.0,6.0,8.0,4.0,5.0,2.0,1.0,0.0,0.0,2.6,3.0,3.0,2.67,3.08,2.9,,,,,,,,2020/2021
F1,2021-02-03,Rennes,Lorient,1.0,1.0,D,10.0,12.0,6.0,3.0,17.0,6.0,5.0,3.0,2.0,1.0,0.0,0.0,1.57,4.2,5.5,1.6,4.2,5.36,,,,,,,,2020/2021
F1,2021-02-03,Bordeaux,Lille,0.0,3.0,A,10.0,11.0,4.0,6.0,8.0,17.0,1.0,2.0,1.0,2.0,0.0,0.0,4.0,3.2,2.05,4.05,3.14,2.08,,,,,,,,2020/2021
F1,2021-02-03,Dijon,Lyon,0.0,1.0,A,14.0,16.0,2.0,8.0,15.0,12.0,1.0,6.0,2.0,0.0,0.0,0.0,9.0,5.25,1.33,8.01,5.02,1.37,,,,,,,,2020/2021
F1,2021-02-03,Lens,Marseille,2.0,2.0,D,21.0,11.0,3.0,4.0,18.0,14.0,8.0,4.0,4.0,2.0,0.0,0.0,2.37,3.25,3.1,2.48,3.17,3.07,,,,,,,,2020/2021
F1,2021-02-03,Monaco,Nice,2.0,1.0,H,15.0,5.0,6.0,2.0,16.0,19.0,6.0,2.0,0.0,4.0,0.0,0.0,1.45,4.75,6.5,1.5,4.65,5.96,,,,,,,,2020/2021
F1,2021-02-03,Saint-Etienne,Nantes,1.0,1.0,D,14.0,13.0,8.0,6.0,15.0,19.0,5.0,5.0,3.0,1.0,0.0,0.0,2.05,3.2,4.0,2.11,3.17,3.9,,,,,,,,2020/2021
F1,2021-02-03,Paris Saint-Germain,Nîmes,3.0,0.0,H,14.0,19.0,6.0,6.0,13.0,11.0,4.0,7.0,0.0,1.0,0.0,0.0,1.05,15.0,23.0,1.08,11.91,24.99,,,,,,,,2020/2021
F1,2021-02-06,Lorient,Reims,1.0,0.0,H,10.0,13.0,4.0,3.0,12.0,12.0,2.0,5.0,0.0,4.0,0.0,0.0,2.5,3.2,2.9,2.6,3.24,3.04,,,,,,,,2020/2021
F1,2021-02-06,Lyon,Strasbourg,3.0,0.0,H,16.0,8.0,8.0,1.0,7.0,10.0,6.0,2.0,2.0,2.0,0.0,1.0,1.45,4.5,7.0,1.46,5.04,7.08,,,,,,,,2020/2021
F1,2021-02-06,Lens,Rennes,0.0,0.0,D,10.0,10.0,3.0,1.0,13.0,11.0,6.0,4.0,2.0,4.0,0.0,0.0,2.7,3.2,2.7,2.8,3.29,2.77,,,,,,,,2020/2021
F1,2021-02-07,Nantes,Lille,0.0,2.0,A,6.0,14.0,1.0,3.0,13.0,13.0,4.0,2.0,3.0,0.0,0.0,0.0,4.5,3.5,1.8,4.74,3.69,1.85,,,,,,,,2020/2021
F1,2021-02-07,Marseille,Paris Saint-Germain,0.0,2.0,A,12.0,9.0,4.0,2.0,12.0,12.0,7.0,1.0,1.0,2.0,1.0,0.0,7.5,5.0,1.4,7.9,5.34,1.4,,,,,,,,2020/2021
F1,2021-02-07,Brest,Bordeaux,2.0,1.0,H,24.0,8.0,6.0,4.0,11.0,15.0,6.0,4.0,1.0,3.0,0.0,0.0,2.5,3.25,2.9,2.66,3.28,2.94,,,,,,,,2020/2021
F1,2021-02-07,Montpellier,Dijon,4.0,2.0,H,25.0,13.0,11.0,5.0,12.0,14.0,9.0,4.0,3.0,3.0,0.0,1.0,1.66,4.0,5.0,1.79,3.72,5.11,,,,,,,,2020/2021
F1,2021-02-07,Nice,Angers,3.0,0.0,H,11.0,10.0,2.0,3.0,11.0,9.0,5.0,9.0,2.0,1.0,0.0,0.0,2.7,3.2,2.7,2.82,3.15,2.86,,,,,,,,2020/2021
F1,2021-02-07,Nîmes,Monaco,3.0,4.0,A,9.0,11.0,4.0,5.0,12.0,16.0,5.0,6.0,2.0,2.0,0.0,0.0,7.0,5.0,1.4,8.49,4.8,1.43,,,,,,,,2020/2021
F1,2021-02-07,Saint-Etienne,Metz,1.0,0.0,H,12.0,10.0,3.0,0.0,9.0,9.0,8.0,2.0,2.0,2.0,0.0,0.0,2.05,3.25,3.8,2.2,3.23,3.87,,,,,,,,2020/2021
F1,2021-02-13,Lyon,Montpellier,1.0,2.0,A,24.0,12.0,8.0,5.0,9.0,12.0,6.0,1.0,0.0,1.0,0.0,0.0,1.36,5.0,8.5,1.38,5.64,7.91,,,,,,,,2020/2021
F1,2021-02-13,Paris Saint-Germain,Nice,2.0,1.0,H,17.0,13.0,4.0,5.0,12.0,6.0,4.0,1.0,2.0,0.0,0.0,0.0,1.16,8.0,13.0,1.2,7.12,12.37,,,,,,,,2020/2021
F1,2021-02-13,Reims,Lens,1.0,1.0,D,9.0,17.0,6.0,6.0,9.0,7.0,4.0,6.0,2.0,0.0,0.0,0.0,3.0,3.0,2.55,3.11,3.08,2.67,,,,,,,,2020/2021
F1,2021-02-14,Monaco,Lorient,2.0,2.0,D,12.0,5.0,4.0,2.0,13.0,13.0,7.0,1.0,3.0,3.0,0.0,0.0,1.36,5.0,8.0,1.4,5.29,8.24,,,,,,,,2020/2021
F1,2021-02-14,Angers,Nantes,1.0,3.0,A,8.0,7.0,3.0,3.0,18.0,21.0,7.0,2.0,2.0,3.0,0.0,0.0,2.25,3.0,3.6,2.33,3.05,3.77,,,,,,,,2020/2021
F1,2021-02-14,Dijon,Nîmes,0.0,2.0,A,10.0,8.0,3.0,4.0,17.0,13.0,3.0,0.0,4.0,1.0,1.0,0.0,2.45,3.4,2.8,2.57,3.5,2.88,,,,,,,,2020/2021
F1,2021-02-14,Metz,Strasbourg,1.0,2.0,A,14.0,12.0,3.0,2.0,13.0,12.0,7.0,7.0,2.0,1.0,0.0,0.0,3.0,3.1,2.5,3.1,3.03,2.71,,,,,,,,2020/2021
F1,2021-02-14,Rennes,Saint-Etienne,0.0,2.0,A,13.0,6.0,2.0,3.0,18.0,16.0,7.0,1.0,5.0,2.0,0.0,0.0,1.85,3.4,4.33,1.94,3.6,4.31,,,,,,,,2020/2021
F1,2021-02-14,Lille,Brest,0.0,0.0,D,14.0,3.0,0.0,1.0,16.0,15.0,9.0,3.0,2.0,1.0,0.0,0.0,1.5,4.0,7.0,1.53,4.43,6.93,,,,,,,,2020/2021
F1,2021-02-14,Bordeaux,Marseille,0.0,0.0,D,18.0,5.0,1.0,1.0,13.0,17.0,6.0,5.0,1.0,1.0,0.0,2.0,2.6,3.3,2.75,2.66,3.43,2.82,,,,,,,,2020/2021
F1,2021-02-17,Marseille,Nice,3.0,2.0,H,8.0,10.0,4.0,4.0,10.0,13.0,5.0,3.0,2.0,1.0,0.0,0.0,2.25,3.4,3.2,2.36,3.44,3.24,,,,,,,,2020/2021
F1,2021-02-19,Brest,Lyon,2.0,3.0,A,19.0,17.0,7.0,7.0,9.0,12.0,11.0,7.0,2.0,2.0,0.0,0.0,6.0,4.5,1.5,6.17,4.78,1.53,,,,,,,,2020/2021
F1,2021-02-20,Saint-Etienne,Reims,1.0,1.0,D,18.0,4.0,8.0,2.0,10.0,11.0,1.0,2.0,0.0,2.0,0.0,0.0,2.15,3.0,3.9,2.27,3.08,3.88,,,,,,,,2020/2021
F1,2021-02-20,Nantes,Marseille,1.0,1.0,D,6.0,7.0,1.0,3.0,11.0,15.0,2.0,1.0,4.0,1.0,0.0,1.0,2.8,3.2,2.5,2.98,3.26,2.64,,,,,,,,2020/2021
F1,2021-02-21,Nîmes,Bordeaux,2.0,0.0,H,8.0,11.0,3.0,4.0,10.0,12.0,6.0,7.0,0.0,3.0,0.0,1.0,3.1,3.4,2.3,3.21,3.66,2.29,,,,,,,,2020/2021
F1,2021-02-21,Montpellier,Rennes,2.0,1.0,H,12.0,14.0,7.0,5.0,10.0,12.0,3.0,6.0,1.0,2.0,0.0,0.0,2.87,3.3,2.45,3.06,3.44,2.47,,,,,,,,2020/2021
F1,2021-02-21,Nice,Metz,1.0,2.0,A,12.0,11.0,3.0,4.0,16.0,12.0,3.0,3.0,1.0,1.0,0.0,0.0,2.37,3.3,3.1,2.37,3.44,3.23,,,,,,,,2020/2021
F1,2021-02-21,Lorient,Lille,1.0,4.0,A,8.0,16.0,3.0,7.0,9.0,10.0,1.0,5.0,2.0,0.0,0.0,0.0,4.2,3.4,1.95,4.48,3.46,1.95,,,,,,,,2020/2021
F1,2021-02-21,Strasbourg,Angers,0.0,0.0,D,16.0,7.0,2.0,3.0,23.0,10.0,5.0,4.0,2.0,1.0,0.0,0.0,2.25,3.2,3.4,2.35,3.22,3.5,,,,,,,,2020/2021
F1,2021-02-21,Paris Saint-Germain,Monaco,0.0,2.0,A,10.0,5.0,1.0,3.0,12.0,10.0,3.0,2.0,4.0,1.0,0.0,0.0,1.61,4.33,4.75,1.63,4.43,5.41,,,,,,,,2020/2021
F1,2021-02-21,Lens,Dijon,2.0,1.0,H,11.0,12.0,4.0,4.0,13.0,12.0,5.0,4.0,3.0,0.0,0.0,1.0,1.5,4.2,6.5,1.54,4.19,7.36,,,,,,,,2020/2021
F1,2021-02-24,Nîmes,Lorient,1.0,0.0,H,7.0,11.0,2.0,3.0,10.0,14.0,4.0,7.0,2.0,4.0,0.0,0.0,2.8,3.4,2.37,3.01,3.31,2.58,,,,,,,,2020/2021
F1,2021-02-26,Rennes,Nice,1.0,2.0,A,17.0,14.0,5.0,7.0,17.0,18.0,6.0,1.0,0.0,2.0,0.0,0.0,1.83,3.4,4.75,1.85,3.54,4.97,,,,,,,,2020/2021
F1,2021-02-27,Bordeaux,Metz,1.0,2.0,A,8.0,15.0,1.0,5.0,18.0,12.0,1.0,10.0,1.0,2.0,0.0,0.0,2.37,3.1,3.1,2.61,3.06,3.21,,,,,,,,2020/2021
F1,2021-02-27,Dijon,Paris Saint-Germain,0.0,4.0,A,5.0,7.0,1.0,5.0,10.0,9.0,2.0,4.0,2.0,1.0,0.0,0.0,15.0,7.0,1.18,12.64,6.98,1.22,,,,,,,,2020/2021
F1,2021-02-28,Angers,Lens,2.0,2.0,D,6.0,14.0,3.0,4.0,13.0,16.0,6.0,11.0,0.0,0.0,0.0,0.0,2.87,3.0,2.7,2.99,3.07,2.76,,,,,,,,2020/2021
F1,2021-02-28,Marseille,Lyon,1.0,1.0,D,12.0,11.0,2.0,1.0,13.0,11.0,7.0,2.0,4.0,4.0,0.0,1.0,5.0,4.0,1.65,4.87,4.27,1.71,,,,,,,,2020/2021
F1,2021-02-28,Nîmes,Nantes,1.0,1.0,D,8.0,8.0,4.0,1.0,16.0,25.0,1.0,8.0,2.0,1.0,1.0,0.0,3.2,3.3,2.3,3.24,3.47,2.35,,,,,,,,2020/2021
F1,2021-02-28,Monaco,Brest,2.0,0.0,H,15.0,7.0,9.0,1.0,14.0,6.0,4.0,2.0,2.0,0.0,0.0,0.0,1.44,4.75,6.5,1.46,5.1,6.83,,,,,,,,2020/2021
F1,2021-02-28,Lille,Strasbourg,1.0,1.0,D,14.0,10.0,5.0,3.0,10.0,14.0,9.0,2.0,0.0,2.0,0.0,0.0,1.75,3.6,4.75,1.77,3.77,5.17,,,,,,,,2020/2021
F1,2021-02-28,Lorient,Saint-Etienne,2.0,1.0,H,11.0,9.0,3.0,2.0,12.0,15.0,5.0,3.0,1.0,3.0,0.0,0.0,3.0,3.2,2.45,3.24,3.28,2.45,,,,,,,,2020/2021
F1,2021-02-28,Reims,Montpellier,0.0,0.0,D,9.0,9.0,2.0,3.0,9.0,10.0,5.0,1.0,1.0,1.0,0.0,0.0,2.8,3.1,2.7,2.94,3.13,2.76,,,,,,,,2020/2021
F1,2021-03-03,Saint-Etienne,Lens,2.0,3.0,A,19.0,9.0,4.0,5.0,13.0,12.0,13.0,3.0,3.0,2.0,0.0,0.0,2.8,3.3,2.55,2.86,3.37,2.66,,,,,,,,2020/2021
F1,2021-03-03,Brest,Dijon,3.0,1.0,H,10.0,10.0,3.0,2.0,17.0,13.0,3.0,5.0,3.0,1.0,0.0,0.0,1.7,4.2,4.75,1.71,4.03,5.19,,,,,,,,2020/2021
F1,2021-03-03,Metz,Angers,0.0,1.0,A,15.0,8.0,1.0,4.0,18.0,9.0,6.0,1.0,2.0,2.0,1.0,0.0,2.4,3.1,3.1,2.64,3.1,3.12,,,,,,,,2020/2021
F1,2021-03-03,Nice,Nîmes,2.0,1.0,H,10.0,22.0,4.0,7.0,14.0,8.0,0.0,6.0,3.0,3.0,0.0,0.0,1.7,3.8,5.0,1.77,3.98,4.82,,,,,,,,2020/2021
F1,2021-03-03,Lyon,Rennes,1.0,0.0,H,15.0,12.0,7.0,1.0,12.0,15.0,6.0,4.0,1.0,3.0,0.0,0.0,1.57,4.0,6.0,1.61,4.24,5.95,,,,,,,,2020/2021
F1,2021-03-03,Bordeaux,Paris Saint-Germain,0.0,1.0,A,11.0,12.0,2.0,3.0,8.0,15.0,8.0,1.0,3.0,3.0,0.0,0.0,7.5,4.75,1.4,7.88,4.54,1.47,,,,,,,,2020/2021
F1,2021-03-03,Lille,Marseille,2.0,0.0,H,23.0,3.0,8.0,1.0,12.0,7.0,11.0,1.0,0.0,1.0,0.0,0.0,1.72,3.5,5.5,1.76,3.69,5.44,,,,,,,,2020/2021
F1,2021-03-03,Nantes,Reims,1.0,2.0,A,12.0,4.0,5.0,2.0,10.0,15.0,6.0,3.0,0.0,5.0,0.0,0.0,2.45,3.0,3.2,2.57,3.0,3.34,,,,,,,,2020/2021
F1,2021-03-03,Strasbourg,Monaco,1.0,0.0,H,17.0,5.0,2.0,1.0,10.0,12.0,5.0,7.0,3.0,0.0,0.0,0.0,4.0,3.6,1.9,4.14,3.87,1.91,,,,,,,,2020/2021
F1,2021-03-03,Montpellier,Lorient,1.0,1.0,D,10.0,14.0,4.0,6.0,17.0,15.0,5.0,3.0,2.0,3.0,0.0,0.0,2.0,3.4,3.8,2.09,3.54,3.82,,,,,,,,2020/2021
F1,2021-03-10,Marseille,Rennes,1.0,0.0,H,9.0,10.0,2.0,2.0,15.0,19.0,3.0,4.0,2.0,4.0,0.0,0.0,2.9,3.0,2.62,3.0,3.08,2.75,,,,,,,,2020/2021
F1,2021-03-12,Reims,Lyon,1.0,1.0,D,14.0,17.0,5.0,6.0,11.0,12.0,2.0,5.0,3.0,1.0,0.0,0.0,7.5,4.5,1.4,7.31,4.79,1.47,,,,,,,,2020/2021
F1,2021-03-13,Angers,Saint-Etienne,0.0,1.0,A,4.0,7.0,1.0,3.0,8.0,14.0,6.0,3.0,1.0,2.0,0.0,0.0,2.5,3.2,3.0,2.66,3.18,3.02,,,,,,,,2020/2021
F1,2021-03-13,Marseille,Brest,3.0,1.0,H,12.0,6.0,6.0,1.0,15.0,12.0,3.0,6.0,3.0,1.0,0.0,0.0,2.0,3.25,4.2,2.05,3.38,4.16,,,,,,,,2020/2021
F1,2021-03-14,Dijon,Bordeaux,1.0,3.0,A,13.0,10.0,3.0,6.0,15.0,7.0,5.0,6.0,5.0,1.0,0.0,0.0,3.6,3.5,2.05,3.64,3.5,2.16,,,,,,,,2020/2021
F1,2021-03-14,Nîmes,Montpellier,1.0,1.0,D,12.0,12.0,7.0,5.0,11.0,19.0,5.0,7.0,2.0,0.0,0.0,0.0,3.25,3.6,2.15,3.39,3.74,2.17,,,,,,,,2020/2021
F1,2021-03-14,Paris Saint-Germain,Nantes,1.0,2.0,A,11.0,8.0,5.0,5.0,14.0,15.0,9.0,1.0,2.0,2.0,0.0,0.0,1.18,7.0,17.0,1.18,7.68,18.23,,,,,,,,2020/2021
F1,2021-03-14,Lens,Metz,2.0,2.0,D,16.0,7.0,6.0,4.0,17.0,8.0,6.0,1.0,4.0,3.0,0.0,0.0,1.85,3.4,4.5,1.93,3.47,4.62,,,,,,,,2020/2021
F1,2021-03-14,Monaco,Lille,0.0,0.0,D,8.0,5.0,4.0,2.0,11.0,11.0,6.0,2.0,3.0,3.0,0.0,0.0,2.4,3.2,3.1,2.52,3.13,3.28,,,,,,,,2020/2021
F1,2021-03-14,Rennes,Strasbourg,1.0,0.0,H,11.0,6.0,2.0,1.0,13.0,13.0,6.0,3.0,0.0,2.0,0.0,0.0,2.1,3.3,3.6,2.19,3.4,3.68,,,,,,,,2020/2021
F1,2021-03-14,Lorient,Nice,1.0,1.0,D,17.0,6.0,7.0,2.0,2.0,12.0,5.0,2.0,2.0,2.0,0.0,0.0,2.55,3.2,2.87,2.62,3.46,2.85,,,,,,,,2020/2021
F1,2021-03-19,Saint-Etienne,Monaco,0.0,4.0,A,9.0,15.0,3.0,4.0,7.0,11.0,2.0,6.0,1.0,2.0,0.0,0.0,4.5,3.6,1.75,4.79,3.74,1.83,,,,,,,,2020/2021
F1,2021-03-20,Metz,Rennes,1.0,3.0,A,14.0,9.0,2.0,5.0,11.0,12.0,4.0,3.0,0.0,2.0,0.0,1.0,3.3,3.2,2.3,3.55,3.19,2.34,,,,,,,,2020/2021
F1,2021-03-20,Nice,Marseille,3.0,0.0,H,17.0,7.0,7.0,2.0,11.0,16.0,7.0,5.0,1.0,1.0,0.0,0.0,3.0,3.3,2.4,3.03,3.32,2.56,,,,,,,,2020/2021
F1,2021-03-21,Strasbourg,Lens,1.0,2.0,A,17.0,12.0,5.0,4.0,9.0,10.0,12.0,7.0,2.0,5.0,0.0,0.0,2.62,3.4,2.6,2.78,3.49,2.66,,,,,,,,2020/2021
F1,2021-03-21,Brest,Angers,0.0,0.0,D,11.0,15.0,2.0,5.0,17.0,11.0,3.0,6.0,1.0,3.0,0.0,0.0,2.5,3.25,2.9,2.65,3.14,3.07,,,,,,,,2020/2021
F1,2021-03-21,Dijon,Reims,0.0,1.0,A,10.0,9.0,4.0,2.0,10.0,10.0,2.0,3.0,3.0,0.0,0.0,0.0,3.6,3.3,2.1,3.63,3.47,2.18,,,,,,,,2020/2021
F1,2021-03-21,Montpellier,Bordeaux,3.0,1.0,H,23.0,13.0,9.0,3.0,8.0,10.0,6.0,6.0,1.0,2.0,0.0,0.0,2.1,3.2,3.75,2.19,3.36,3.74,,,,,,,,2020/2021
F1,2021-03-21,Nantes,Lorient,1.0,1.0,D,8.0,15.0,3.0,3.0,11.0,8.0,2.0,8.0,0.0,1.0,0.0,0.0,2.3,3.1,3.3,2.39,3.21,3.42,,,,,,,,2020/2021
F1,2021-03-21,Lille,Nîmes,1.0,2.0,A,15.0,10.0,4.0,4.0,19.0,10.0,8.0,0.0,2.0,0.0,0.0,0.0,1.3,5.0,11.0,1.33,5.24,12.03,,,,,,,,2020/2021
F1,2021-03-21,Lyon,Paris Saint-Germain,2.0,4.0,A,8.0,14.0,7.0,9.0,14.0,15.0,1.0,4.0,2.0,0.0,0.0,0.0,2.9,3.75,2.25,3.01,3.98,2.28,,,,,,,,2020/2021
F1,2021-04-03,Paris Saint-Germain,Lille,0.0,1.0,A,16.0,3.0,3.0,3.0,18.0,12.0,5.0,0.0,6.0,4.0,1.0,1.0,1.72,3.8,4.75,1.69,3.93,5.58,,,,,,,,2020/2021
F1,2021-04-03,Lens,Lyon,1.0,1.0,D,10.0,15.0,4.0,6.0,12.0,14.0,2.0,4.0,3.0,3.0,0.0,1.0,4.0,4.0,1.83,4.18,4.05,1.86,,,,,,,,2020/2021
F1,2021-04-03,Monaco,Metz,4.0,0.0,H,15.0,6.0,6.0,1.0,16.0,15.0,8.0,1.0,0.0,6.0,0.0,1.0,1.44,4.5,7.0,1.46,4.6,6.82,,,,,,,,2020/2021
F1,2021-04-04,Nantes,Nice,1.0,2.0,A,18.0,17.0,6.0,8.0,15.0,14.0,10.0,5.0,1.0,2.0,0.0,0.0,2.37,3.3,2.87,2.54,3.43,2.97,,,,,,,,2020/2021
F1,2021-04-04,Bordeaux,Strasbourg,2.0,3.0,A,14.0,12.0,6.0,5.0,8.0,15.0,6.0,5.0,1.0,1.0,0.0,0.0,2.7,3.2,2.6,2.92,3.18,2.74,,,,,,,,2020/2021
F1,2021-04-04,Lorient,Brest,1.0,0.0,H,13.0,5.0,4.0,1.0,9.0,23.0,6.0,5.0,3.0,2.0,0.0,1.0,2.3,3.5,3.0,2.47,3.51,3.01,,,,,,,,2020/2021
F1,2021-04-04,Marseille,Dijon,2.0,0.0,H,16.0,4.0,3.0,1.0,11.0,9.0,7.0,1.0,2.0,4.0,0.0,0.0,1.5,4.0,7.5,1.52,4.4,7.26,,,,,,,,2020/2021
F1,2021-04-04,Reims,Rennes,2.0,2.0,D,9.0,19.0,4.0,8.0,7.0,11.0,1.0,6.0,3.0,3.0,1.0,0.0,3.8,3.2,2.1,3.79,3.2,2.24,,,,,,,,2020/2021
F1,2021-04-04,Nîmes,Saint-Etienne,0.0,2.0,A,14.0,15.0,3.0,5.0,12.0,19.0,5.0,3.0,5.0,2.0,0.0,0.0,3.25,3.4,2.15,3.32,3.48,2.3,,,,,,,,2020/2021
F1,2021-04-04,Angers,Montpellier,1.0,1.0,D,14.0,8.0,4.0,3.0,15.0,9.0,4.0,0.0,1.0,1.0,0.0,0.0,2.62,3.2,2.75,2.75,3.34,2.79,,,,,,,,2020/2021
F1,2021-04-09,Metz,Lille,0.0,2.0,A,18.0,9.0,7.0,6.0,16.0,13.0,10.0,2.0,2.0,2.0,0.0,0.0,6.0,3.7,1.61,6.5,3.79,1.65,,,,,,,,2020/2021
F1,2021-04-10,Strasbourg,Paris Saint-Germain,1.0,4.0,A,9.0,16.0,3.0,7.0,8.0,6.0,5.0,4.0,0.0,1.0,0.0,0.0,4.33,4.0,1.75,4.63,4.19,1.76,,,,,,,,2020/2021
F1,2021-04-10,Montpellier,Marseille,3.0,3.0,D,20.0,13.0,7.0,8.0,17.0,12.0,6.0,3.0,2.0,2.0,0.0,1.0,2.55,3.4,2.62,2.64,3.47,2.82,,,,,,,,2020/2021
F1,2021-04-11,Brest,Nîmes,1.0,1.0,D,22.0,5.0,4.0,3.0,15.0,16.0,9.0,2.0,4.0,1.0,0.0,0.0,2.05,3.5,3.6,2.08,3.77,3.62,,,,,,,,2020/2021
F1,2021-04-11,Rennes,Nantes,1.0,0.0,H,14.0,4.0,4.0,2.0,16.0,15.0,3.0,3.0,6.0,2.0,0.0,0.0,1.8,3.6,4.5,1.82,3.82,4.7,,,,,,,,2020/2021
F1,2021-04-11,Lens,Lorient,4.0,1.0,H,14.0,17.0,6.0,6.0,11.0,8.0,5.0,10.0,0.0,0.0,0.0,0.0,2.0,3.5,3.8,2.05,3.67,3.8,,,,,,,,2020/2021
F1,2021-04-11,Nice,Reims,0.0,0.0,D,13.0,10.0,2.0,1.0,13.0,11.0,10.0,6.0,0.0,1.0,0.0,0.0,2.2,3.2,3.5,2.3,3.24,3.58,,,,,,,,2020/2021
F1,2021-04-11,Saint-Etienne,Bordeaux,4.0,1.0,H,17.0,10.0,7.0,2.0,12.0,17.0,5.0,6.0,3.0,0.0,0.0,0.0,2.3,3.0,3.5,2.45,2.97,3.61,,,,,,,,2020/2021
F1,2021-04-11,Lyon,Angers,3.0,0.0,H,16.0,11.0,6.0,3.0,15.0,14.0,5.0,4.0,0.0,0.0,0.0,0.0,1.36,5.0,8.5,1.4,5.17,8.29,,,,,,,,2020/2021
F1,2021-04-11,Monaco,Dijon,3.0,0.0,H,16.0,6.0,10.0,1.0,10.0,16.0,6.0,4.0,1.0,1.0,0.0,0.0,1.18,7.0,15.0,1.19,7.72,15.68,,,,,,,,2020/2021
F1,2021-04-16,Lille,Montpellier,1.0,1.0,D,20.0,10.0,9.0,4.0,14.0,11.0,9.0,0.0,3.0,1.0,0.0,0.0,1.61,3.9,5.5,1.67,4.0,5.73,,,,,,,,2020/2021
F1,2021-04-17,Angers,Rennes,0.0,3.0,A,10.0,9.0,3.0,3.0,11.0,10.0,2.0,3.0,2.0,0.0,0.0,0.0,3.6,3.3,2.1,3.75,3.34,2.19,,,,,,,,2020/2021
F1,2021-04-17,Marseille,Lorient,3.0,2.0,H,13.0,12.0,5.0,6.0,9.0,15.0,8.0,3.0,1.0,0.0,0.0,0.0,2.1,3.4,3.5,2.19,3.46,3.6,,,,,,,,2020/2021
F1,2021-04-18,Dijon,Nice,2.0,0.0,H,9.0,10.0,3.0,2.0,8.0,13.0,1.0,9.0,1.0,1.0,0.0,0.0,4.75,3.75,1.75,4.7,4.04,1.78,,,,,,,,2020/2021
F1,2021-04-18,Brest,Lens,1.0,1.0,D,7.0,8.0,5.0,2.0,14.0,16.0,2.0,4.0,2.0,7.0,1.0,2.0,2.87,3.3,2.5,2.86,3.35,2.67,,,,,,,,2020/2021
F1,2021-04-18,Bordeaux,Monaco,0.0,3.0,A,7.0,13.0,2.0,6.0,13.0,11.0,4.0,5.0,4.0,1.0,1.0,0.0,5.5,3.75,1.66,5.48,4.14,1.66,,,,,,,,2020/2021
F1,2021-04-18,Paris Saint-Germain,Saint-Etienne,3.0,2.0,H,17.0,7.0,5.0,5.0,13.0,15.0,13.0,3.0,1.0,1.0,0.0,0.0,1.3,5.5,10.0,1.33,5.79,9.75,,,,,,,,2020/2021
F1,2021-04-18,Reims,Metz,0.0,0.0,D,15.0,11.0,6.0,2.0,13.0,17.0,10.0,4.0,3.0,1.0,0.0,0.0,2.37,3.1,3.2,2.5,3.14,3.29,,,,,,,,2020/2021
F1,2021-04-18,Nantes,Lyon,1.0,2.0,A,12.0,11.0,3.0,4.0,16.0,10.0,5.0,4.0,0.0,1.0,0.0,0.0,6.5,4.2,1.5,6.05,4.47,1.57,,,,,,,,2020/2021
F1,2021-04-18,Nîmes,Strasbourg,1.0,1.0,D,5.0,7.0,1.0,3.0,10.0,17.0,2.0,1.0,0.0,2.0,0.0,1.0,3.4,3.5,2.05,3.61,3.64,2.12,,,,,,,,2020/2021
F1,2021-04-23,Reims,Marseille,1.0,3.0,A,10.0,11.0,1.0,6.0,9.0,2.0,5.0,2.0,2.0,0.0,1.0,0.0,3.75,3.4,2.0,3.8,3.51,2.11,,,,,,,,2020/2021
F1,2021-04-24,Saint-Etienne,Brest,1.0,2.0,A,6.0,12.0,3.0,7.0,17.0,11.0,3.0,2.0,2.0,1.0,0.0,0.0,2.0,3.6,3.6,2.11,3.59,3.69,,,,,,,,2020/2021
F1,2021-04-24,Metz,Paris Saint-Germain,1.0,3.0,A,8.0,19.0,3.0,8.0,12.0,12.0,1.0,9.0,1.0,4.0,0.0,0.0,11.0,5.5,1.28,11.2,5.5,1.32,,,,,,,,2020/2021
F1,2021-04-25,Angers,Monaco,0.0,1.0,A,4.0,10.0,0.0,3.0,18.0,11.0,4.0,1.0,2.0,2.0,0.0,0.0,6.5,4.5,1.45,6.45,4.91,1.5,,,,,,,,2020/2021
F1,2021-04-25,Lyon,Lille,2.0,3.0,A,7.0,16.0,2.0,7.0,9.0,13.0,8.0,4.0,0.0,3.0,0.0,0.0,2.0,3.5,3.6,2.06,3.62,3.81,,,,,,,,2020/2021
F1,2021-04-25,Nice,Montpellier,3.0,1.0,H,18.0,14.0,8.0,3.0,13.0,17.0,7.0,6.0,1.0,2.0,0.0,0.0,2.75,3.4,2.5,2.76,3.5,2.67,,,,,,,,2020/2021
F1,2021-04-25,Lens,Nîmes,2.0,1.0,H,7.0,16.0,4.0,2.0,14.0,15.0,4.0,6.0,1.0,2.0,1.0,0.0,1.66,3.75,5.25,1.76,3.67,5.46,,,,,,,,2020/2021
F1,2021-04-25,Lorient,Bordeaux,4.0,1.0,H,13.0,13.0,7.0,7.0,9.0,14.0,6.0,3.0,2.0,3.0,0.0,0.0,2.1,3.4,3.5,2.11,3.65,3.64,,,,,,,,2020/2021
F1,2021-04-25,Rennes,Dijon,5.0,1.0,H,25.0,4.0,12.0,1.0,13.0,8.0,8.0,2.0,6.0,3.0,0.0,0.0,1.3,5.25,10.0,1.36,5.35,9.8,,,,,,,,2020/2021
F1,2021-04-25,Strasbourg,Nantes,1.0,2.0,A,12.0,7.0,4.0,5.0,15.0,13.0,6.0,4.0,1.0,3.0,0.0,0.0,2.2,3.1,3.6,2.22,3.53,3.48,,,,,,,,2020/2021
F1,2021-04-30,Marseille,Strasbourg,1.0,1.0,D,8.0,8.0,4.0,5.0,10.0,14.0,5.0,6.0,4.0,2.0,0.0,0.0,1.85,3.6,4.2,1.9,3.76,4.32,,,,,,,,2020/2021
F1,2021-05-01,Paris Saint-Germain,Lens,2.0,1.0,H,14.0,15.0,6.0,3.0,14.0,16.0,6.0,2.0,4.0,2.0,0.0,0.0,1.33,5.5,7.5,1.36,5.6,8.78,,,,,,,,2020/2021
F1,2021-05-01,Lille,Nice,2.0,0.0,H,12.0,0.0,4.0,0.0,9.0,12.0,5.0,1.0,2.0,3.0,0.0,1.0,1.4,4.5,8.0,1.43,4.74,8.8,,,,,,,,2020/2021
F1,2021-05-02,Lorient,Angers,2.0,0.0,H,13.0,9.0,4.0,2.0,8.0,13.0,5.0,0.0,3.0,3.0,1.0,1.0,1.83,3.6,4.33,1.88,3.8,4.38,,,,,,,,2020/2021
F1,2021-05-02,Brest,Nantes,1.0,4.0,A,16.0,12.0,7.0,6.0,12.0,10.0,5.0,5.0,2.0,0.0,0.0,0.0,2.7,3.25,2.62,2.8,3.51,2.63,,,,,,,,2020/2021
F1,2021-05-02,Dijon,Metz,1.0,5.0,A,10.0,14.0,4.0,6.0,11.0,16.0,6.0,3.0,1.0,1.0,1.0,0.0,3.75,3.3,2.05,3.88,3.36,2.14,,,,,,,,2020/2021
F1,2021-05-02,Monaco,Lyon,2.0,3.0,A,12.0,17.0,4.0,5.0,23.0,16.0,5.0,5.0,1.0,4.0,0.0,1.0,2.3,3.6,2.9,2.35,3.71,3.06,,,,,,,,2020/2021
F1,2021-05-02,Nîmes,Reims,2.0,2.0,D,18.0,12.0,7.0,7.0,15.0,13.0,10.0,5.0,2.0,2.0,0.0,0.0,2.25,3.3,3.2,2.32,3.45,3.32,,,,,,,,2020/2021
F1,2021-05-02,Montpellier,Saint-Etienne,1.0,2.0,A,13.0,19.0,2.0,7.0,15.0,12.0,7.0,7.0,2.0,1.0,0.0,0.0,2.37,3.4,3.0,2.49,3.45,3.02,,,,,,,,2020/2021
F1,2021-05-02,Bordeaux,Rennes,1.0,0.0,H,9.0,9.0,4.0,2.0,14.0,14.0,3.0,5.0,4.0,1.0,0.0,1.0,4.75,3.75,1.75,4.73,3.97,1.78,,,,,,,,2020/2021
F1,2021-05-07,Lens,Lille,0.0,3.0,A,11.0,11.0,5.0,6.0,15.0,9.0,5.0,4.0,3.0,2.0,1.0,0.0,4.2,3.4,1.9,4.34,3.57,1.95,,,,,,,,2020/2021
F1,2021-05-08,Nantes,Bordeaux,3.0,0.0,H,11.0,10.0,3.0,2.0,13.0,20.0,5.0,2.0,0.0,5.0,0.0,0.0,2.0,3.5,3.8,2.06,3.47,4.02,,,,,,,,2020/2021
F1,2021-05-08,Lyon,Lorient,4.0,1.0,H,25.0,8.0,11.0,2.0,17.0,10.0,5.0,1.0,2.0,2.0,0.0,0.0,1.4,5.0,7.0,1.42,5.29,7.63,,,,,,,,2020/2021
F1,2021-05-09,Nice,Brest,3.0,2.0,H,14.0,9.0,5.0,2.0,8.0,11.0,6.0,5.0,1.0,1.0,1.0,0.0,2.4,3.4,2.9,2.48,3.46,3.03,,,,,,,,2020/2021
F1,2021-05-09,Saint-Etienne,Marseille,1.0,0.0,H,18.0,15.0,5.0,4.0,22.0,12.0,10.0,4.0,1.0,3.0,0.0,0.0,3.4,3.5,2.1,3.37,3.83,2.15,,,,,,,,2020/2021
F1,2021-05-09,Angers,Dijon,3.0,0.0,H,11.0,5.0,4.0,1.0,8.0,11.0,1.0,4.0,0.0,0.0,0.0,0.0,1.83,3.6,4.33,1.86,3.64,4.58,,,,,,,,2020/2021
F1,2021-05-09,Strasbourg,Montpellier,2.0,3.0,A,18.0,6.0,7.0,3.0,16.0,16.0,4.0,6.0,2.0,3.0,0.0,0.0,1.66,4.2,4.5,1.7,4.56,4.56,,,,,,,,2020/2021
F1,2021-05-09,Reims,Monaco,0.0,1.0,A,8.0,7.0,2.0,2.0,11.0,13.0,3.0,3.0,1.0,3.0,0.0,0.0,8.0,4.75,1.4,8.69,5.01,1.4,,,,,,,,2020/2021
F1,2021-05-09,Rennes,Paris Saint-Germain,1.0,1.0,D,19.0,12.0,10.0,4.0,12.0,11.0,9.0,3.0,4.0,1.0,0.0,1.0,5.5,4.0,1.61,5.24,4.09,1.63,,,,,,,,2020/2021
F1,2021-05-09,Metz,Nîmes,0.0,3.0,A,11.0,10.0,2.0,5.0,13.0,12.0,0.0,6.0,1.0,2.0,0.0,0.0,2.8,3.4,2.5,2.83,3.61,2.55,,,,,,,,2020/2021
F1,2021-05-16,Lille,Saint-Etienne,0.0,0.0,D,14.0,8.0,3.0,1.0,11.0,14.0,3.0,6.0,1.0,2.0,0.0,0.0,1.33,5.0,9.5,1.37,4.95,10.35,,,,,,,,2020/2021
F1,2021-05-16,Bordeaux,Lens,3.0,0.0,H,11.0,14.0,4.0,4.0,16.0,15.0,1.0,6.0,2.0,2.0,0.0,0.0,3.75,3.6,1.95,3.68,3.7,2.05,,,,,,,,2020/2021
F1,2021-05-16,Dijon,Nantes,0.0,4.0,A,10.0,16.0,1.0,4.0,12.0,10.0,3.0,6.0,2.0,1.0,0.0,0.0,8.0,4.75,1.4,9.03,4.77,1.41,,,,,,,,2020/2021
F1,2021-05-16,Lorient,Metz,2.0,1.0,H,6.0,3.0,2.0,1.0,16.0,19.0,2.0,1.0,1.0,4.0,0.0,0.0,1.6,4.0,5.5,1.65,4.02,5.73,,,,,,,,2020/2021
F1,2021-05-16,Marseille,Angers,3.0,2.0,H,16.0,11.0,11.0,5.0,16.0,12.0,3.0,4.0,3.0,2.0,0.0,0.0,1.45,4.2,8.0,1.5,4.5,7.19,,,,,,,,2020/2021
F1,2021-05-16,Monaco,Rennes,2.0,1.0,H,11.0,9.0,3.0,2.0,12.0,14.0,4.0,4.0,2.0,2.0,0.0,1.0,1.65,4.0,4.75,1.72,4.03,5.0,,,,,,,,2020/2021
F1,2021-05-16,Nice,Strasbourg,0.0,2.0,A,7.0,11.0,3.0,5.0,9.0,10.0,4.0,4.0,2.0,1.0,0.0,0.0,3.6,3.6,2.0,3.56,3.68,2.1,,,,,,,,2020/2021
F1,2021-05-16,Nîmes,Lyon,2.0,5.0,A,8.0,21.0,4.0,13.0,7.0,13.0,3.0,6.0,0.0,0.0,0.0,0.0,7.5,5.5,1.36,7.78,5.47,1.4,,,,,,,,2020/2021
F1,2021-05-16,Montpellier,Brest,0.0,0.0,D,4.0,22.0,2.0,9.0,18.0,13.0,1.0,11.0,0.0,3.0,1.0,0.0,2.25,3.75,2.87,2.37,3.98,2.81,,,,,,,,2020/2021
F1,2021-05-16,Paris Saint-Germain,Reims,4.0,0.0,H,28.0,2.0,10.0,0.0,14.0,4.0,9.0,5.0,0.0,0.0,0.0,1.0,1.1,10.0,23.0,1.13,10.34,20.82,,,,,,,,2020/2021
F1,2021-05-23,Metz,Marseille,1.0,1.0,D,10.0,9.0,3.0,2.0,14.0,9.0,1.0,10.0,3.0,2.0,0.0,0.0,3.6,3.6,2.0,3.58,3.63,2.11,,,,,,,,2020/2021
F1,2021-05-23,Brest,Paris Saint-Germain,0.0,2.0,A,6.0,9.0,5.0,4.0,7.0,6.0,5.0,4.0,1.0,2.0,0.0,0.0,12.0,6.5,1.25,10.31,6.77,1.27,,,,,,,,2020/2021
F1,2021-05-23,Lens,Monaco,0.0,0.0,D,4.0,19.0,1.0,3.0,16.0,6.0,2.0,7.0,3.0,2.0,0.0,0.0,5.25,4.33,1.57,5.28,4.48,1.62,,,,,,,,2020/2021
F1,2021-05-23,Lyon,Nice,2.0,3.0,A,12.0,14.0,6.0,6.0,8.0,10.0,6.0,6.0,1.0,2.0,0.0,0.0,1.25,6.0,12.0,1.21,7.28,14.25,,,,,,,,2020/2021
F1,2021-05-23,Angers,Lille,1.0,2.0,A,10.0,5.0,4.0,2.0,10.0,14.0,4.0,2.0,0.0,2.0,0.0,0.0,10.0,4.75,1.33,10.61,5.1,1.36,,,,,,,,2020/2021
F1,2021-05-23,Nantes,Montpellier,1.0,2.0,A,15.0,8.0,5.0,5.0,8.0,11.0,9.0,5.0,2.0,2.0,0.0,0.0,1.45,4.5,7.0,1.51,4.92,6.2,,,,,,,,2020/2021
F1,2021-05-23,Reims,Bordeaux,1.0,2.0,A,10.0,12.0,3.0,5.0,11.0,6.0,5.0,2.0,1.0,1.0,0.0,0.0,2.55,2.87,3.25,2.61,2.9,3.32,,,,,,,,2020/2021
F1,2021-05-23,Rennes,Nîmes,2.0,0.0,H,13.0,9.0,6.0,2.0,11.0,10.0,4.0,3.0,1.0,0.0,0.0,0.0,1.3,5.75,9.0,1.32,5.9,9.41,,,,,,,,2020/2021
F1,2021-05-23,Strasbourg,Lorient,1.0,1.0,D,6.0,7.0,2.0,1.0,17.0,9.0,2.0,3.0,1.0,1.0,0.0,0.0,2.6,2.0,4.33,2.9,2.08,4.92,,,,,,,,2020/2021
F1,2021-05-23,Saint-Etienne,Dijon,0.0,1.0,A,19.0,10.0,5.0,2.0,13.0,10.0,9.0,3.0,1.0,0.0,0.0,0.0,1.3,5.5,10.0,1.3,5.81,10.67,,,,,,,,2020/2021
F1,2021-08-06,Monaco,Nantes,1.0,1.0,D,15.0,5.0,3.0,1.0,6.0,14.0,5.0,2.0,0.0,0.0,0.0,0.0,1.44,4.33,7.0,1.51,4.62,6.82,,,,,,,,2021/2022
F1,2021-08-07,Lyon,Brest,1.0,1.0,D,17.0,13.0,4.0,8.0,10.0,12.0,9.0,4.0,1.0,1.0,0.0,0.0,1.33,5.0,8.5,1.35,5.95,8.71,,,,,,,,2021/2022
F1,2021-08-07,Troyes,Paris Saint-Germain,1.0,2.0,A,15.0,12.0,7.0,3.0,3.0,15.0,9.0,1.0,1.0,4.0,0.0,0.0,11.0,6.0,1.25,11.77,6.04,1.28,,,,,,,,2021/2022
F1,2021-08-08,Saint-Etienne,Lorient,1.0,1.0,D,20.0,12.0,3.0,3.0,10.0,14.0,8.0,4.0,2.0,3.0,0.0,0.0,2.25,3.25,3.2,2.27,3.64,3.26,,,,,,,,2021/2022
F1,2021-08-08,Bordeaux,Clermont,0.0,2.0,A,10.0,19.0,6.0,10.0,13.0,9.0,5.0,10.0,1.0,0.0,0.0,0.0,2.0,3.4,3.75,2.13,3.47,3.79,,,,,,,,2021/2022
F1,2021-08-08,Nice,Reims,0.0,0.0,D,12.0,5.0,2.0,0.0,10.0,8.0,4.0,2.0,1.0,1.0,0.0,0.0,1.85,3.5,4.2,1.88,3.78,4.38,,,,,,,,2021/2022
F1,2021-08-08,Montpellier,Marseille,2.0,3.0,A,8.0,21.0,1.0,7.0,10.0,5.0,6.0,11.0,0.0,1.0,0.0,0.0,3.2,3.4,2.2,3.12,3.58,2.37,,,,,,,,2021/2022
F1,2021-08-08,Strasbourg,Angers,0.0,2.0,A,7.0,9.0,1.0,2.0,18.0,18.0,5.0,4.0,2.0,3.0,0.0,0.0,2.0,3.2,4.0,2.01,3.55,4.1,,,,,,,,2021/2022
F1,2021-08-08,Metz,Lille,3.0,3.0,D,12.0,18.0,5.0,7.0,9.0,10.0,4.0,5.0,1.0,2.0,1.0,0.0,5.25,3.4,1.72,5.8,3.44,1.78,,,,,,,,2021/2022
F1,2021-08-08,Rennes,Lens,1.0,1.0,D,10.0,11.0,2.0,6.0,10.0,14.0,3.0,9.0,0.0,2.0,0.0,0.0,2.0,3.4,3.75,2.06,3.61,3.85,,,,,,,,2021/2022
F1,2021-08-13,Lorient,Monaco,1.0,0.0,H,2.0,12.0,2.0,3.0,17.0,15.0,0.0,6.0,3.0,2.0,0.0,0.0,4.0,3.75,1.85,4.31,3.59,1.95,,,,,,,,2021/2022
F1,2021-08-14,Lille,Nice,0.0,4.0,A,11.0,11.0,2.0,7.0,9.0,13.0,8.0,7.0,3.0,1.0,0.0,0.0,1.8,3.5,4.75,1.85,3.61,4.86,,,,,,,,2021/2022
F1,2021-08-14,Paris Saint-Germain,Strasbourg,4.0,2.0,H,11.0,8.0,6.0,2.0,6.0,18.0,4.0,4.0,1.0,4.0,0.0,1.0,1.2,7.0,13.0,1.21,7.74,13.76,,,,,,,,2021/2022
F1,2021-08-15,Brest,Rennes,1.0,1.0,D,10.0,6.0,5.0,2.0,7.0,16.0,6.0,11.0,2.0,3.0,0.0,0.0,3.1,3.4,2.3,3.14,3.43,2.42,,,,,,,,2021/2022
F1,2021-08-15,Angers,Lyon,3.0,0.0,H,13.0,8.0,6.0,3.0,11.0,17.0,6.0,4.0,1.0,5.0,0.0,1.0,4.5,3.8,1.75,4.38,3.81,1.88,,,,,,,,2021/2022
F1,2021-08-15,Nantes,Metz,2.0,0.0,H,11.0,10.0,7.0,5.0,18.0,11.0,6.0,6.0,2.0,0.0,0.0,0.0,2.3,3.2,3.25,2.36,3.27,3.43,,,,,,,,2021/2022
F1,2021-08-15,Reims,Montpellier,3.0,3.0,D,19.0,15.0,9.0,5.0,11.0,12.0,8.0,7.0,2.0,1.0,0.0,0.0,2.6,3.3,2.75,2.75,3.22,2.87,,,,,,,,2021/2022
F1,2021-08-15,Clermont,Troyes,2.0,0.0,H,18.0,6.0,8.0,1.0,6.0,11.0,9.0,2.0,1.0,3.0,0.0,1.0,2.0,3.4,3.8,2.09,3.59,3.77,,,,,,,,2021/2022
F1,2021-08-15,Marseille,Bordeaux,2.0,2.0,D,10.0,8.0,2.0,2.0,6.0,11.0,3.0,4.0,2.0,2.0,1.0,0.0,1.53,4.2,6.0,1.55,4.47,6.39,,,,,,,,2021/2022
F1,2021-08-15,Lens,Saint-Etienne,2.0,2.0,D,22.0,12.0,7.0,7.0,10.0,17.0,7.0,2.0,1.0,6.0,0.0,0.0,2.0,3.5,3.75,2.1,3.61,3.72,,,,,,,,2021/2022
F1,2021-08-20,Brest,Paris Saint-Germain,2.0,4.0,A,11.0,16.0,3.0,8.0,8.0,7.0,3.0,9.0,1.0,2.0,0.0,0.0,9.5,5.75,1.25,11.18,6.21,1.28,,,,,,,,2021/2022
F1,2021-08-21,Monaco,Lens,0.0,2.0,A,9.0,4.0,2.0,2.0,11.0,14.0,13.0,3.0,1.0,1.0,1.0,1.0,1.7,3.75,4.75,1.79,3.77,4.99,,,,,,,,2021/2022
F1,2021-08-21,Saint-Etienne,Lille,1.0,1.0,D,10.0,8.0,2.0,6.0,14.0,10.0,5.0,3.0,1.0,3.0,0.0,0.0,3.1,3.2,2.4,3.09,3.29,2.53,,,,,,,,2021/2022
F1,2021-08-22,Metz,Reims,1.0,1.0,D,10.0,12.0,4.0,3.0,19.0,14.0,5.0,8.0,4.0,2.0,1.0,1.0,2.25,3.2,3.4,2.39,3.0,3.68,,,,,,,,2021/2022
F1,2021-08-22,Bordeaux,Angers,1.0,1.0,D,14.0,6.0,5.0,3.0,19.0,5.0,3.0,3.0,2.0,0.0,0.0,0.0,2.87,3.2,2.62,2.89,3.32,2.67,,,,,,,,2021/2022
F1,2021-08-22,Lyon,Clermont,3.0,3.0,D,21.0,17.0,9.0,5.0,10.0,6.0,5.0,8.0,2.0,2.0,0.0,0.0,1.55,4.5,5.25,1.61,4.29,5.8,,,,,,,,2021/2022
F1,2021-08-22,Montpellier,Lorient,3.0,1.0,H,32.0,5.0,11.0,4.0,8.0,13.0,5.0,1.0,0.0,6.0,0.0,2.0,2.1,3.4,3.5,2.26,3.35,3.56,,,,,,,,2021/2022
F1,2021-08-22,Rennes,Nantes,1.0,0.0,H,14.0,4.0,5.0,1.0,14.0,13.0,6.0,2.0,2.0,2.0,0.0,0.0,1.85,3.6,4.2,1.88,3.71,4.5,,,,,,,,2021/2022
F1,2021-08-22,Strasbourg,Troyes,1.0,1.0,D,14.0,10.0,4.0,6.0,16.0,17.0,6.0,3.0,3.0,1.0,0.0,0.0,2.0,3.4,3.75,2.12,3.4,3.87,,,,,,,,2021/2022
F1,2021-08-27,Nantes,Lyon,0.0,1.0,A,18.0,12.0,5.0,5.0,7.0,11.0,6.0,6.0,2.0,2.0,0.0,1.0,4.5,4.0,1.66,4.84,4.1,1.74,,,,,,,,2021/2022
F1,2021-08-28,Nice,Bordeaux,4.0,0.0,H,11.0,13.0,5.0,4.0,18.0,11.0,3.0,0.0,3.0,2.0,0.0,0.0,1.6,4.2,5.25,1.68,4.0,5.54,,,,,,,,2021/2022
F1,2021-08-28,Marseille,Saint-Etienne,3.0,1.0,H,19.0,11.0,5.0,7.0,11.0,18.0,5.0,4.0,1.0,3.0,0.0,0.0,1.7,3.8,4.75,1.74,3.97,5.1,,,,,,,,2021/2022
F1,2021-08-29,Strasbourg,Brest,3.0,1.0,H,11.0,11.0,5.0,5.0,12.0,10.0,1.0,9.0,1.0,1.0,0.0,0.0,2.0,3.3,4.0,2.06,3.4,4.09,,,,,,,,2021/2022
F1,2021-08-29,Lille,Montpellier,2.0,1.0,H,15.0,6.0,4.0,3.0,15.0,19.0,3.0,4.0,3.0,7.0,0.0,1.0,1.66,4.0,5.0,1.72,3.9,5.35,,,,,,,,2021/2022
F1,2021-08-29,Troyes,Monaco,1.0,2.0,A,12.0,7.0,3.0,4.0,11.0,11.0,5.0,3.0,1.0,2.0,0.0,0.0,4.33,3.6,1.83,4.44,3.76,1.88,,,,,,,,2021/2022
F1,2021-08-29,Angers,Rennes,2.0,0.0,H,16.0,7.0,4.0,2.0,14.0,10.0,3.0,1.0,1.0,2.0,0.0,1.0,2.9,3.25,2.5,2.99,3.29,2.61,,,,,,,,2021/2022
F1,2021-08-29,Clermont,Metz,2.0,2.0,D,16.0,12.0,4.0,4.0,11.0,15.0,6.0,3.0,1.0,2.0,0.0,0.0,1.72,3.75,4.75,1.81,3.82,4.74,,,,,,,,2021/2022
F1,2021-08-29,Lens,Lorient,2.0,2.0,D,19.0,15.0,9.0,7.0,10.0,10.0,8.0,4.0,2.0,4.0,0.0,0.0,1.75,3.6,5.0,1.77,3.77,5.17,,,,,,,,2021/2022
F1,2021-08-29,Reims,Paris Saint-Germain,0.0,2.0,A,11.0,12.0,4.0,3.0,13.0,13.0,3.0,3.0,1.0,3.0,0.0,0.0,17.0,8.0,1.14,15.58,7.92,1.19,,,,,,,,2021/2022
F1,2021-09-10,Lorient,Lille,2.0,1.0,H,14.0,9.0,7.0,3.0,13.0,11.0,2.0,5.0,2.0,2.0,0.0,0.0,3.4,3.4,2.15,3.52,3.3,2.3,,,,,,,,2021/2022
F1,2021-09-11,Paris Saint-Germain,Clermont,4.0,0.0,H,13.0,14.0,7.0,2.0,13.0,9.0,4.0,4.0,0.0,1.0,0.0,0.0,1.25,6.5,10.0,1.26,6.37,12.02,,,,,,,,2021/2022
F1,2021-09-11,Monaco,Marseille,0.0,2.0,A,7.0,13.0,0.0,5.0,17.0,8.0,3.0,2.0,4.0,1.0,0.0,0.0,2.0,3.6,3.6,2.08,3.76,3.63,,,,,,,,2021/2022
F1,2021-09-12,Montpellier,Saint-Etienne,2.0,0.0,H,11.0,14.0,4.0,2.0,15.0,17.0,7.0,6.0,1.0,4.0,0.0,0.0,2.55,3.5,2.7,2.66,3.59,2.72,,,,,,,,2021/2022
F1,2021-09-12,Bordeaux,Lens,2.0,3.0,A,11.0,12.0,3.0,5.0,8.0,11.0,2.0,7.0,3.0,2.0,0.0,0.0,3.3,3.5,2.15,3.32,3.61,2.25,,,,,,,,2021/2022
F1,2021-09-12,Brest,Angers,1.0,1.0,D,12.0,8.0,6.0,2.0,19.0,9.0,5.0,3.0,3.0,2.0,1.0,0.0,2.6,3.4,2.7,2.68,3.49,2.76,,,,,,,,2021/2022
F1,2021-09-12,Metz,Troyes,0.0,2.0,A,16.0,10.0,2.0,5.0,15.0,14.0,2.0,1.0,2.0,1.0,0.0,0.0,2.25,3.3,3.25,2.35,3.41,3.31,,,,,,,,2021/2022
F1,2021-09-12,Rennes,Reims,0.0,2.0,A,9.0,7.0,1.0,3.0,18.0,11.0,4.0,6.0,1.0,2.0,0.0,0.0,1.65,3.75,5.75,1.71,3.67,5.98,,,,,,,,2021/2022
F1,2021-09-12,Nantes,Nice,0.0,2.0,A,19.0,9.0,7.0,3.0,7.0,13.0,8.0,3.0,2.0,3.0,0.0,0.0,3.3,3.4,2.2,3.48,3.39,2.27,,,,,,,,2021/2022
F1,2021-09-12,Lyon,Strasbourg,3.0,1.0,H,14.0,12.0,7.0,4.0,8.0,11.0,4.0,6.0,2.0,1.0,0.0,0.0,1.53,4.5,5.75,1.53,4.58,6.42,,,,,,,,2021/2022
F1,2021-09-17,Strasbourg,Metz,3.0,0.0,H,10.0,15.0,6.0,5.0,16.0,8.0,3.0,7.0,2.0,4.0,0.0,0.0,1.85,3.6,4.2,1.9,3.58,4.6,,,,,,,,2021/2022
F1,2021-09-18,Lens,Lille,1.0,0.0,H,13.0,6.0,4.0,2.0,12.0,8.0,4.0,3.0,2.0,2.0,0.0,0.0,2.55,3.2,2.87,2.56,3.41,2.96,,,,,,,,2021/2022
F1,2021-09-18,Saint-Etienne,Bordeaux,1.0,2.0,A,12.0,13.0,5.0,3.0,9.0,11.0,7.0,2.0,1.0,4.0,0.0,0.0,1.95,3.25,4.2,1.97,3.53,4.32,,,,,,,,2021/2022
F1,2021-09-19,Nice,Monaco,2.0,2.0,D,12.0,8.0,3.0,3.0,17.0,12.0,5.0,2.0,2.0,3.0,0.0,0.0,2.62,3.5,2.62,2.78,3.41,2.72,,,,,,,,2021/2022
F1,2021-09-19,Angers,Nantes,1.0,4.0,A,10.0,8.0,5.0,4.0,10.0,16.0,10.0,5.0,2.0,2.0,0.0,0.0,2.1,3.3,3.6,2.17,3.36,3.78,,,,,,,,2021/2022
F1,2021-09-19,Clermont,Brest,1.0,1.0,D,7.0,5.0,4.0,1.0,7.0,19.0,3.0,5.0,1.0,1.0,1.0,0.0,1.8,3.75,4.33,1.87,3.97,4.21,,,,,,,,2021/2022
F1,2021-09-19,Reims,Lorient,0.0,0.0,D,10.0,6.0,2.0,3.0,12.0,14.0,5.0,6.0,2.0,3.0,0.0,0.0,2.15,3.3,3.4,2.27,3.47,3.42,,,,,,,,2021/2022
F1,2021-09-19,Troyes,Montpellier,1.0,1.0,D,8.0,6.0,3.0,2.0,16.0,11.0,1.0,6.0,4.0,4.0,0.0,1.0,2.45,3.5,2.8,2.58,3.56,2.83,,,,,,,,2021/2022
F1,2021-09-19,Marseille,Rennes,2.0,0.0,H,17.0,13.0,6.0,2.0,5.0,17.0,6.0,7.0,0.0,2.0,0.0,0.0,1.9,3.6,3.8,1.97,3.63,4.15,,,,,,,,2021/2022
F1,2021-09-19,Paris Saint-Germain,Lyon,2.0,1.0,H,14.0,12.0,5.0,5.0,13.0,19.0,10.0,4.0,3.0,1.0,0.0,0.0,1.3,5.75,9.0,1.37,5.62,8.51,,,,,,,,2021/2022
F1,2021-09-22,Lille,Reims,2.0,1.0,H,7.0,11.0,4.0,5.0,16.0,14.0,4.0,4.0,2.0,1.0,0.0,0.0,1.66,3.6,5.25,1.73,3.77,5.54,,,,,,,,2021/2022
F1,2021-09-22,Monaco,Saint-Etienne,3.0,1.0,H,14.0,9.0,6.0,3.0,16.0,13.0,6.0,3.0,1.0,1.0,0.0,1.0,1.53,4.0,6.5,1.53,4.45,6.85,,,,,,,,2021/2022
F1,2021-09-22,Rennes,Clermont,6.0,0.0,H,21.0,4.0,10.0,1.0,14.0,5.0,5.0,7.0,2.0,1.0,0.0,0.0,1.95,3.6,3.8,2.04,3.63,3.9,,,,,,,,2021/2022
F1,2021-09-22,Montpellier,Bordeaux,3.0,3.0,D,15.0,15.0,6.0,7.0,10.0,8.0,6.0,6.0,0.0,2.0,0.0,0.0,1.9,3.6,3.8,2.02,3.82,3.77,,,,,,,,2021/2022
F1,2021-09-22,Nantes,Brest,3.0,1.0,H,14.0,10.0,6.0,2.0,8.0,13.0,4.0,4.0,1.0,2.0,0.0,0.0,2.05,3.5,3.4,2.18,3.45,3.65,,,,,,,,2021/2022
F1,2021-09-22,Lens,Strasbourg,0.0,1.0,A,17.0,6.0,4.0,1.0,14.0,7.0,7.0,3.0,2.0,3.0,1.0,0.0,1.95,3.6,3.75,2.04,3.68,3.84,,,,,,,,2021/2022
F1,2021-09-22,Metz,Paris Saint-Germain,1.0,2.0,A,6.0,15.0,2.0,5.0,12.0,12.0,3.0,3.0,6.0,2.0,1.0,0.0,11.0,7.0,1.22,10.51,6.63,1.27,,,,,,,,2021/2022
F1,2021-09-22,Lorient,Nice,1.0,0.0,H,8.0,13.0,1.0,1.0,12.0,16.0,6.0,5.0,2.0,4.0,1.0,0.0,3.3,3.5,2.15,3.31,3.54,2.28,,,,,,,,2021/2022
F1,2021-09-22,Lyon,Troyes,3.0,1.0,H,15.0,12.0,8.0,7.0,7.0,9.0,7.0,3.0,1.0,3.0,0.0,0.0,1.4,4.5,8.5,1.42,5.26,7.59,,,,,,,,2021/2022
F1,2021-09-22,Angers,Marseille,0.0,0.0,D,9.0,6.0,1.0,1.0,9.0,7.0,4.0,2.0,1.0,3.0,0.0,0.0,3.75,3.25,2.05,3.62,3.52,2.16,,,,,,,,2021/2022
F1,2021-09-25,Lyon,Lorient,1.0,1.0,D,12.0,12.0,2.0,5.0,9.0,10.0,9.0,3.0,1.0,2.0,1.0,0.0,1.33,5.25,8.5,1.38,5.29,8.98,,,,,,,,2021/2022
F1,2021-09-25,Paris Saint-Germain,Montpellier,2.0,0.0,H,16.0,10.0,5.0,4.0,10.0,8.0,8.0,7.0,0.0,1.0,0.0,0.0,1.18,8.0,12.0,1.23,7.11,13.15,,,,,,,,2021/2022
F1,2021-09-25,Saint-Etienne,Nice,0.0,3.0,A,11.0,14.0,6.0,9.0,9.0,13.0,2.0,9.0,0.0,2.0,0.0,0.0,3.3,3.3,2.25,3.35,3.5,2.29,,,,,,,,2021/2022
F1,2021-09-25,Strasbourg,Lille,1.0,2.0,A,10.0,16.0,3.0,7.0,16.0,12.0,8.0,8.0,4.0,4.0,1.0,0.0,2.8,3.2,2.62,2.84,3.33,2.71,,,,,,,,2021/2022
F1,2021-09-26,Reims,Nantes,3.0,1.0,H,9.0,11.0,5.0,2.0,14.0,10.0,3.0,7.0,1.0,1.0,0.0,0.0,2.55,3.1,2.9,2.66,3.25,2.96,,,,,,,,2021/2022
F1,2021-09-26,Bordeaux,Rennes,1.0,1.0,D,10.0,18.0,3.0,8.0,6.0,20.0,8.0,6.0,1.0,4.0,0.0,0.0,3.4,3.4,2.15,3.45,3.67,2.17,,,,,,,,2021/2022
F1,2021-09-26,Brest,Metz,1.0,2.0,A,11.0,6.0,2.0,4.0,16.0,16.0,4.0,3.0,3.0,2.0,0.0,0.0,2.0,3.5,3.75,2.07,3.53,3.89,,,,,,,,2021/2022
F1,2021-09-26,Clermont,Monaco,1.0,3.0,A,12.0,6.0,4.0,3.0,9.0,12.0,5.0,1.0,2.0,4.0,0.0,0.0,3.8,3.5,2.0,3.75,3.67,2.07,,,,,,,,2021/2022
F1,2021-09-26,Marseille,Lens,2.0,3.0,A,14.0,14.0,4.0,5.0,4.0,14.0,5.0,7.0,2.0,1.0,0.0,0.0,1.72,3.75,5.0,1.79,3.84,4.85,,,,,,,,2021/2022
F1,2021-09-26,Troyes,Angers,1.0,1.0,D,6.0,17.0,3.0,6.0,9.0,8.0,2.0,9.0,4.0,2.0,1.0,0.0,2.75,3.2,2.7,2.85,3.27,2.73,,,,,,,,2021/2022
F1,2021-10-01,Lens,Reims,2.0,0.0,H,13.0,3.0,7.0,0.0,13.0,13.0,5.0,3.0,3.0,1.0,0.0,1.0,1.72,3.5,5.0,1.81,3.56,5.2,,,,,,,,2021/2022
F1,2021-10-02,Montpellier,Strasbourg,1.0,1.0,D,12.0,6.0,4.0,3.0,12.0,14.0,3.0,4.0,2.0,0.0,0.0,0.0,2.4,3.6,2.8,2.46,3.59,2.97,,,,,,,,2021/2022
F1,2021-10-02,Nice,Brest,2.0,1.0,H,20.0,6.0,9.0,2.0,8.0,12.0,6.0,2.0,1.0,1.0,0.0,0.0,1.55,4.5,5.5,1.58,4.57,5.78,,,,,,,,2021/2022
F1,2021-10-03,Rennes,Paris Saint-Germain,2.0,0.0,H,12.0,13.0,4.0,0.0,9.0,4.0,4.0,4.0,2.0,3.0,0.0,0.0,5.5,4.5,1.55,5.67,4.85,1.56,,,,,,,,2021/2022
F1,2021-10-03,Angers,Metz,3.0,2.0,H,18.0,2.0,5.0,2.0,16.0,11.0,12.0,2.0,1.0,3.0,0.0,0.0,1.95,3.3,4.2,2.0,3.39,4.38,,,,,,,,2021/2022
F1,2021-10-03,Lille,Marseille,2.0,0.0,H,12.0,10.0,5.0,3.0,10.0,13.0,3.0,5.0,2.0,3.0,0.0,1.0,2.45,3.3,3.0,2.52,3.34,3.07,,,,,,,,2021/2022
F1,2021-10-03,Lorient,Clermont,1.0,1.0,D,6.0,8.0,1.0,4.0,19.0,12.0,4.0,4.0,2.0,1.0,0.0,0.0,2.4,3.5,2.8,2.54,3.41,2.99,,,,,,,,2021/2022
F1,2021-10-03,Nantes,Troyes,2.0,0.0,H,8.0,15.0,4.0,4.0,14.0,10.0,3.0,7.0,2.0,2.0,0.0,0.0,1.75,3.5,5.0,1.79,3.76,5.05,,,,,,,,2021/2022
F1,2021-10-03,Monaco,Bordeaux,3.0,0.0,H,12.0,4.0,4.0,1.0,12.0,13.0,10.0,2.0,2.0,1.0,0.0,0.0,1.36,5.0,8.0,1.4,5.2,8.58,,,,,,,,2021/2022
F1,2021-10-03,Saint-Etienne,Lyon,1.0,1.0,D,18.0,15.0,6.0,5.0,14.0,10.0,6.0,4.0,2.0,3.0,0.0,1.0,4.33,4.0,1.75,4.7,4.04,1.78,,,,,,,,2021/2022
F1,2021-10-15,Paris Saint-Germain,Angers,2.0,1.0,H,13.0,7.0,2.0,2.0,8.0,10.0,6.0,5.0,1.0,2.0,0.0,0.0,1.33,5.5,8.0,1.37,5.44,8.74,,,,,,,,2021/2022
F1,2021-10-16,Clermont,Lille,1.0,0.0,H,9.0,9.0,3.0,2.0,9.0,8.0,6.0,9.0,1.0,2.0,0.0,0.0,3.3,3.3,2.25,3.26,3.47,2.34,,,,,,,,2021/2022
F1,2021-10-16,Lyon,Monaco,2.0,0.0,H,14.0,9.0,8.0,3.0,8.0,10.0,2.0,4.0,1.0,2.0,0.0,0.0,2.15,3.6,3.25,2.26,3.73,3.2,,,,,,,,2021/2022
F1,2021-10-17,Troyes,Nice,1.0,0.0,H,8.0,11.0,3.0,3.0,10.0,20.0,3.0,3.0,2.0,1.0,0.0,0.0,4.33,3.6,1.85,4.4,3.7,1.9,,,,,,,,2021/2022
F1,2021-10-17,Bordeaux,Nantes,1.0,1.0,D,8.0,13.0,1.0,7.0,10.0,16.0,2.0,5.0,2.0,3.0,0.0,0.0,2.8,3.3,2.55,2.9,3.17,2.76,,,,,,,,2021/2022
F1,2021-10-17,Marseille,Lorient,4.0,1.0,H,16.0,15.0,6.0,7.0,7.0,10.0,6.0,4.0,0.0,1.0,0.0,0.0,1.5,4.33,6.5,1.54,4.33,6.87,,,,,,,,2021/2022
F1,2021-10-17,Brest,Reims,1.0,1.0,D,9.0,13.0,4.0,2.0,18.0,13.0,7.0,7.0,3.0,4.0,0.0,0.0,2.3,3.2,3.3,2.41,3.23,3.36,,,,,,,,2021/2022
F1,2021-10-17,Strasbourg,Saint-Etienne,5.0,1.0,H,12.0,4.0,6.0,2.0,18.0,10.0,7.0,4.0,3.0,2.0,0.0,1.0,2.05,3.4,3.6,2.18,3.36,3.75,,,,,,,,2021/2022
F1,2021-10-17,Montpellier,Lens,1.0,0.0,H,15.0,19.0,6.0,5.0,8.0,16.0,3.0,2.0,4.0,4.0,1.0,0.0,3.1,3.5,2.25,3.11,3.53,2.39,,,,,,,,2021/2022
F1,2021-10-17,Metz,Rennes,0.0,3.0,A,9.0,21.0,2.0,8.0,14.0,9.0,4.0,10.0,3.0,1.0,0.0,0.0,4.33,3.6,1.83,4.76,3.6,1.87,,,,,,,,2021/2022
F1,2021-10-22,Saint-Etienne,Angers,2.0,2.0,D,17.0,4.0,6.0,2.0,12.0,18.0,6.0,1.0,0.0,3.0,0.0,0.0,2.8,3.3,2.55,2.96,3.36,2.59,,,,,,,,2021/2022
F1,2021-10-23,Nantes,Clermont,2.0,1.0,H,8.0,4.0,4.0,1.0,15.0,11.0,1.0,3.0,1.0,0.0,1.0,1.0,2.2,3.5,3.2,2.28,3.47,3.38,,,,,,,,2021/2022
F1,2021-10-23,Lille,Brest,1.0,1.0,D,13.0,13.0,3.0,5.0,10.0,15.0,5.0,4.0,1.0,2.0,0.0,0.0,1.55,4.2,5.75,1.55,4.36,6.61,,,,,,,,2021/2022
F1,2021-10-24,Nice,Lyon,3.0,2.0,H,17.0,13.0,7.0,8.0,11.0,7.0,3.0,2.0,1.0,0.0,0.0,1.0,2.5,3.4,2.7,2.62,3.56,2.78,,,,,,,,2021/2022
F1,2021-10-24,Lens,Metz,4.0,1.0,H,11.0,9.0,5.0,4.0,9.0,13.0,5.0,6.0,2.0,3.0,0.0,0.0,1.6,4.2,5.25,1.65,3.92,6.08,,,,,,,,2021/2022
F1,2021-10-24,Lorient,Bordeaux,1.0,1.0,D,14.0,11.0,4.0,5.0,12.0,13.0,9.0,4.0,4.0,2.0,0.0,1.0,2.0,3.5,3.8,2.08,3.5,3.89,,,,,,,,2021/2022
F1,2021-10-24,Reims,Troyes,1.0,2.0,A,18.0,7.0,5.0,4.0,14.0,13.0,7.0,1.0,4.0,2.0,1.0,0.0,2.15,3.3,3.5,2.3,3.15,3.71,,,,,,,,2021/2022
F1,2021-10-24,Rennes,Strasbourg,1.0,0.0,H,17.0,8.0,3.0,2.0,6.0,11.0,11.0,6.0,1.0,2.0,0.0,0.0,1.8,3.6,4.5,1.84,3.85,4.54,,,,,,,,2021/2022
F1,2021-10-24,Monaco,Montpellier,3.0,1.0,H,14.0,12.0,4.0,3.0,14.0,16.0,4.0,4.0,1.0,4.0,0.0,0.0,1.44,5.0,6.0,1.5,4.71,6.91,,,,,,,,2021/2022
F1,2021-10-24,Marseille,Paris Saint-Germain,0.0,0.0,D,15.0,10.0,1.0,4.0,7.0,8.0,4.0,5.0,1.0,2.0,0.0,1.0,5.0,4.5,1.57,5.36,4.44,1.63,,,,,,,,2021/2022
F1,2021-10-27,Nice,Marseille,1.0,1.0,D,11.0,7.0,3.0,1.0,16.0,8.0,6.0,5.0,2.0,2.0,0.0,0.0,2.37,3.5,2.87,2.52,3.48,2.97,,,,,,,,2021/2022
F1,2021-10-29,Paris Saint-Germain,Lille,2.0,1.0,H,17.0,11.0,6.0,3.0,7.0,10.0,4.0,5.0,1.0,5.0,0.0,0.0,1.33,5.25,8.5,1.36,5.45,9.23,,,,,,,,2021/2022
F1,2021-10-30,Metz,Saint-Etienne,1.0,1.0,D,9.0,10.0,4.0,3.0,16.0,11.0,5.0,8.0,0.0,3.0,0.0,0.0,2.6,3.3,2.75,2.68,3.47,2.77,,,,,,,,2021/2022
F1,2021-10-30,Lyon,Lens,2.0,1.0,H,13.0,18.0,4.0,10.0,7.0,13.0,3.0,5.0,1.0,2.0,0.0,0.0,1.66,4.2,4.75,1.71,4.35,4.8,,,,,,,,2021/2022
F1,2021-10-31,Angers,Nice,1.0,2.0,A,3.0,14.0,2.0,5.0,14.0,9.0,3.0,8.0,1.0,2.0,0.0,0.0,2.87,3.4,2.45,3.0,3.48,2.49,,,,,,,,2021/2022
F1,2021-10-31,Bordeaux,Reims,3.0,2.0,H,17.0,12.0,7.0,8.0,5.0,10.0,12.0,2.0,3.0,2.0,0.0,0.0,2.55,3.2,2.9,2.59,3.21,3.08,,,,,,,,2021/2022
F1,2021-10-31,Brest,Monaco,2.0,0.0,H,7.0,5.0,3.0,2.0,8.0,17.0,2.0,5.0,1.0,5.0,0.0,0.0,4.5,3.9,1.75,4.56,4.03,1.8,,,,,,,,2021/2022
F1,2021-10-31,Montpellier,Nantes,2.0,0.0,H,19.0,12.0,10.0,1.0,12.0,23.0,5.0,5.0,3.0,5.0,0.0,0.0,2.3,3.5,3.0,2.36,3.6,3.11,,,,,,,,2021/2022
F1,2021-10-31,Troyes,Rennes,2.0,2.0,D,14.0,13.0,5.0,5.0,6.0,15.0,5.0,12.0,0.0,1.0,0.0,0.0,3.8,3.6,1.95,3.84,3.66,2.04,,,,,,,,2021/2022
F1,2021-10-31,Strasbourg,Lorient,4.0,0.0,H,15.0,5.0,6.0,0.0,12.0,10.0,6.0,3.0,1.0,0.0,0.0,0.0,1.95,3.5,4.0,2.03,3.48,4.12,,,,,,,,2021/2022
F1,2021-10-31,Clermont,Marseille,0.0,1.0,A,12.0,9.0,1.0,4.0,14.0,11.0,4.0,2.0,1.0,4.0,0.0,0.0,2.87,3.75,2.25,2.98,3.73,2.39,,,,,,,,2021/2022
F1,2021-11-05,Lens,Troyes,4.0,0.0,H,28.0,14.0,12.0,6.0,14.0,8.0,4.0,2.0,1.0,1.0,0.0,0.0,1.6,4.0,5.5,1.63,4.23,5.69,,,,,,,,2021/2022
F1,2021-11-06,Lille,Angers,1.0,1.0,D,11.0,9.0,6.0,5.0,13.0,9.0,4.0,8.0,2.0,2.0,1.0,0.0,1.72,3.75,5.0,1.79,3.62,5.34,,,,,,,,2021/2022
F1,2021-11-06,Bordeaux,Paris Saint-Germain,2.0,3.0,A,18.0,9.0,6.0,5.0,9.0,10.0,10.0,5.0,2.0,1.0,0.0,0.0,8.0,5.75,1.33,9.31,5.93,1.33,,,,,,,,2021/2022
F1,2021-11-07,Nantes,Strasbourg,2.0,2.0,D,20.0,17.0,6.0,6.0,15.0,12.0,9.0,5.0,2.0,1.0,0.0,1.0,2.37,3.4,3.0,2.42,3.39,3.19,,,,,,,,2021/2022
F1,2021-11-07,Lorient,Brest,1.0,2.0,A,9.0,16.0,3.0,5.0,10.0,8.0,3.0,6.0,1.0,1.0,1.0,0.0,2.4,3.4,2.9,2.53,3.33,3.07,,,,,,,,2021/2022
F1,2021-11-07,Nice,Montpellier,0.0,1.0,A,22.0,8.0,6.0,2.0,9.0,7.0,8.0,2.0,2.0,0.0,0.0,0.0,1.53,4.5,5.5,1.57,4.62,5.77,,,,,,,,2021/2022
F1,2021-11-07,Marseille,Metz,0.0,0.0,D,15.0,12.0,3.0,4.0,8.0,9.0,9.0,7.0,1.0,3.0,0.0,1.0,1.4,4.75,7.5,1.42,5.17,7.94,,,,,,,,2021/2022
F1,2021-11-07,Saint-Etienne,Clermont,3.0,2.0,H,18.0,9.0,4.0,4.0,7.0,10.0,9.0,2.0,1.0,1.0,0.0,0.0,2.5,3.3,2.9,2.58,3.43,2.91,,,,,,,,2021/2022
F1,2021-11-07,Rennes,Lyon,4.0,1.0,H,25.0,6.0,12.0,4.0,12.0,12.0,7.0,2.0,2.0,2.0,0.0,0.0,2.6,3.6,2.55,2.7,3.6,2.68,,,,,,,,2021/2022
F1,2021-11-07,Reims,Monaco,0.0,0.0,D,11.0,12.0,4.0,3.0,9.0,13.0,5.0,6.0,0.0,2.0,0.0,0.0,4.0,3.6,1.9,4.19,3.41,2.04,,,,,,,,2021/2022
F1,2021-11-19,Monaco,Lille,2.0,2.0,D,17.0,15.0,8.0,8.0,15.0,16.0,6.0,5.0,3.0,5.0,1.0,0.0,2.1,3.4,3.5,2.19,3.34,3.75,,,,,,,,2021/2022
F1,2021-11-20,Paris Saint-Germain,Nantes,3.0,1.0,H,14.0,12.0,7.0,6.0,8.0,12.0,4.0,3.0,1.0,2.0,1.0,0.0,1.22,6.5,12.0,1.23,6.89,13.3,,,,,,,,2021/2022
F1,2021-11-20,Rennes,Montpellier,2.0,0.0,H,30.0,4.0,7.0,2.0,9.0,10.0,8.0,2.0,1.0,3.0,0.0,1.0,1.5,4.33,6.5,1.53,4.68,6.33,,,,,,,,2021/2022
F1,2021-11-21,Brest,Lens,4.0,0.0,H,13.0,14.0,5.0,5.0,7.0,7.0,5.0,5.0,1.0,2.0,0.0,1.0,3.1,3.5,2.2,3.34,3.67,2.22,,,,,,,,2021/2022
F1,2021-11-21,Angers,Lorient,1.0,0.0,H,8.0,10.0,4.0,3.0,15.0,13.0,6.0,3.0,4.0,0.0,0.0,0.0,1.9,3.25,4.5,1.96,3.37,4.62,,,,,,,,2021/2022
F1,2021-11-21,Metz,Bordeaux,3.0,3.0,D,20.0,19.0,9.0,5.0,12.0,11.0,2.0,4.0,2.0,2.0,1.0,0.0,2.37,3.4,2.9,2.46,3.31,3.18,,,,,,,,2021/2022
F1,2021-11-21,Strasbourg,Reims,1.0,1.0,D,21.0,10.0,3.0,3.0,8.0,13.0,5.0,4.0,1.0,4.0,0.0,0.0,2.05,3.2,4.0,2.03,3.39,4.25,,,,,,,,2021/2022
F1,2021-11-21,Troyes,Saint-Etienne,0.0,1.0,A,15.0,14.0,3.0,4.0,13.0,11.0,6.0,8.0,1.0,4.0,0.0,0.0,2.37,3.25,3.1,2.37,3.39,3.28,,,,,,,,2021/2022
F1,2021-11-21,Clermont,Nice,1.0,2.0,A,18.0,9.0,6.0,4.0,7.0,16.0,3.0,5.0,1.0,4.0,0.0,0.0,3.25,3.6,2.15,3.45,3.6,2.2,,,,,,,,2021/2022
F1,2021-11-26,Lens,Angers,2.0,2.0,D,9.0,12.0,4.0,5.0,15.0,6.0,5.0,5.0,2.0,0.0,0.0,0.0,1.75,3.5,4.8,1.82,3.6,5.1,,,,,,,,2021/2022
F1,2021-11-27,Lille,Nantes,1.0,1.0,D,10.0,7.0,3.0,3.0,7.0,12.0,12.0,1.0,1.0,2.0,0.0,1.0,1.66,3.8,5.25,1.65,4.06,5.75,,,,,,,,2021/2022
F1,2021-11-27,Nice,Metz,0.0,1.0,A,20.0,4.0,2.0,1.0,13.0,12.0,8.0,1.0,2.0,2.0,0.0,0.0,1.4,4.75,7.5,1.43,4.94,8.06,,,,,,,,2021/2022
F1,2021-11-28,Saint-Etienne,Paris Saint-Germain,1.0,3.0,A,8.0,15.0,4.0,8.0,7.0,10.0,5.0,5.0,3.0,1.0,1.0,0.0,8.5,5.5,1.33,8.51,5.63,1.37,,,,,,,,2021/2022
F1,2021-11-28,Bordeaux,Brest,1.0,2.0,A,16.0,14.0,4.0,4.0,13.0,11.0,5.0,2.0,3.0,1.0,0.0,0.0,2.4,3.5,2.9,2.45,3.51,3.04,,,,,,,,2021/2022
F1,2021-11-28,Lorient,Rennes,0.0,2.0,A,6.0,11.0,0.0,5.0,11.0,11.0,3.0,4.0,0.0,2.0,0.0,0.0,4.33,4.0,1.72,4.64,4.05,1.78,,,,,,,,2021/2022
F1,2021-11-28,Monaco,Strasbourg,1.0,1.0,D,8.0,7.0,3.0,4.0,12.0,9.0,4.0,3.0,2.0,1.0,0.0,0.0,1.65,4.2,4.75,1.68,4.29,5.06,,,,,,,,2021/2022
F1,2021-11-28,Reims,Clermont,1.0,0.0,H,12.0,4.0,3.0,0.0,13.0,13.0,4.0,1.0,2.0,2.0,0.0,0.0,2.45,3.1,3.1,2.51,3.2,3.21,,,,,,,,2021/2022
F1,2021-11-28,Montpellier,Lyon,0.0,1.0,A,15.0,11.0,6.0,3.0,7.0,15.0,8.0,5.0,1.0,4.0,0.0,0.0,4.2,4.33,1.72,4.28,4.44,1.77,,,,,,,,2021/2022
F1,2021-11-28,Marseille,Troyes,1.0,0.0,H,14.0,5.0,4.0,2.0,10.0,17.0,7.0,3.0,1.0,4.0,0.0,0.0,1.53,4.33,6.0,1.55,4.54,6.22,,,,,,,,2021/2022
F1,2021-12-01,Angers,Monaco,1.0,3.0,A,9.0,14.0,3.0,8.0,13.0,18.0,4.0,4.0,1.0,2.0,0.0,0.0,3.3,3.25,2.25,3.32,3.38,2.35,,,,,,,,2021/2022
F1,2021-12-01,Brest,Saint-Etienne,1.0,0.0,H,8.0,13.0,3.0,3.0,8.0,9.0,1.0,3.0,2.0,3.0,0.0,0.0,2.05,3.4,3.6,2.12,3.7,3.57,,,,,,,,2021/2022
F1,2021-12-01,Metz,Montpellier,1.0,3.0,A,20.0,10.0,7.0,7.0,14.0,9.0,7.0,4.0,2.0,2.0,0.0,0.0,2.6,3.3,2.75,2.68,3.46,2.79,,,,,,,,2021/2022
F1,2021-12-01,Strasbourg,Bordeaux,5.0,2.0,H,19.0,13.0,6.0,2.0,14.0,13.0,5.0,2.0,2.0,3.0,0.0,0.0,1.7,3.8,4.75,1.74,4.15,4.78,,,,,,,,2021/2022
F1,2021-12-01,Troyes,Lorient,2.0,0.0,H,10.0,9.0,3.0,3.0,12.0,11.0,4.0,3.0,1.0,1.0,0.0,0.0,2.37,3.3,3.0,2.42,3.31,3.26,,,,,,,,2021/2022
F1,2021-12-01,Clermont,Lens,2.0,2.0,D,19.0,9.0,7.0,2.0,7.0,13.0,5.0,3.0,4.0,5.0,1.0,0.0,2.8,3.4,2.5,2.82,3.72,2.51,,,,,,,,2021/2022
F1,2021-12-01,Lyon,Reims,1.0,2.0,A,14.0,8.0,6.0,4.0,14.0,17.0,3.0,4.0,3.0,2.0,0.0,0.0,1.45,5.0,6.5,1.49,4.74,6.94,,,,,,,,2021/2022
F1,2021-12-01,Nantes,Marseille,0.0,1.0,A,3.0,15.0,1.0,5.0,13.0,7.0,4.0,6.0,3.0,2.0,1.0,0.0,3.25,3.25,2.3,3.29,3.46,2.33,,,,,,,,2021/2022
F1,2021-12-01,Paris Saint-Germain,Nice,0.0,0.0,D,22.0,4.0,5.0,2.0,5.0,13.0,6.0,5.0,2.0,2.0,0.0,0.0,1.44,4.75,7.0,1.44,5.33,6.93,,,,,,,,2021/2022
F1,2021-12-01,Rennes,Lille,1.0,2.0,A,10.0,6.0,2.0,2.0,12.0,12.0,3.0,1.0,2.0,1.0,0.0,0.0,2.05,3.4,3.75,2.08,3.65,3.73,,,,,,,,2021/2022
F1,2021-12-04,Marseille,Brest,1.0,2.0,A,16.0,9.0,4.0,4.0,10.0,7.0,5.0,0.0,1.0,2.0,0.0,0.0,1.57,4.33,5.25,1.63,4.31,5.6,,,,,,,,2021/2022
F1,2021-12-04,Lille,Troyes,2.0,1.0,H,13.0,7.0,4.0,3.0,11.0,9.0,8.0,6.0,3.0,4.0,0.0,0.0,1.44,4.5,7.5,1.46,4.76,7.72,,,,,,,,2021/2022
F1,2021-12-04,Lens,Paris Saint-Germain,1.0,1.0,D,18.0,13.0,7.0,6.0,12.0,9.0,8.0,5.0,2.0,2.0,0.0,0.0,5.0,4.33,1.61,4.84,4.49,1.68,,,,,,,,2021/2022
F1,2021-12-05,Saint-Etienne,Rennes,0.0,5.0,A,12.0,18.0,2.0,10.0,10.0,7.0,7.0,2.0,1.0,0.0,0.0,0.0,4.2,3.75,1.85,4.31,3.88,1.88,,,,,,,,2021/2022
F1,2021-12-05,Lorient,Nantes,0.0,1.0,A,17.0,5.0,2.0,1.0,8.0,13.0,8.0,3.0,1.0,3.0,0.0,0.0,2.8,3.2,2.6,2.98,3.11,2.74,,,,,,,,2021/2022
F1,2021-12-05,Bordeaux,Lyon,2.0,2.0,D,12.0,19.0,5.0,5.0,11.0,9.0,3.0,8.0,0.0,0.0,0.0,0.0,4.75,4.0,1.66,4.76,4.34,1.71,,,,,,,,2021/2022
F1,2021-12-05,Monaco,Metz,4.0,0.0,H,8.0,6.0,5.0,0.0,13.0,13.0,5.0,4.0,1.0,2.0,0.0,0.0,1.4,4.75,8.0,1.39,5.2,8.91,,,,,,,,2021/2022
F1,2021-12-05,Reims,Angers,1.0,2.0,A,5.0,13.0,2.0,4.0,8.0,13.0,7.0,4.0,4.0,3.0,1.0,0.0,2.4,3.0,3.3,2.48,3.07,3.43,,,,,,,,2021/2022
F1,2021-12-05,Nice,Strasbourg,0.0,3.0,A,12.0,15.0,5.0,5.0,9.0,14.0,9.0,4.0,3.0,3.0,0.0,0.0,1.85,3.6,4.33,1.91,3.65,4.45,,,,,,,,2021/2022
F1,2021-12-05,Montpellier,Clermont,1.0,0.0,H,8.0,10.0,2.0,3.0,19.0,15.0,1.0,3.0,3.0,3.0,0.0,1.0,2.1,3.7,3.3,2.18,3.68,3.44,,,,,,,,2021/2022
F1,2021-12-10,Nantes,Lens,3.0,2.0,H,15.0,4.0,5.0,2.0,10.0,10.0,8.0,2.0,3.0,3.0,0.0,0.0,2.7,3.4,2.6,2.81,3.3,2.76,,,,,,,,2021/2022
F1,2021-12-11,Brest,Montpellier,0.0,4.0,A,17.0,9.0,6.0,4.0,16.0,6.0,8.0,2.0,2.0,1.0,0.0,0.0,2.05,3.5,3.5,2.11,3.71,3.58,,,,,,,,2021/2022
F1,2021-12-11,Reims,Saint-Etienne,2.0,0.0,H,17.0,4.0,6.0,0.0,19.0,16.0,11.0,5.0,2.0,2.0,0.0,1.0,2.15,3.2,3.6,2.2,3.28,3.81,,,,,,,,2021/2022
F1,2021-12-12,Lille,Lyon,0.0,0.0,D,14.0,13.0,2.0,2.0,11.0,15.0,4.0,3.0,2.0,6.0,0.0,0.0,2.3,3.6,2.9,2.36,3.72,3.03,,,,,,,,2021/2022
F1,2021-12-12,Angers,Clermont,0.0,1.0,A,12.0,17.0,3.0,3.0,8.0,12.0,8.0,3.0,1.0,2.0,0.0,0.0,2.05,3.4,3.75,2.09,3.48,3.91,,,,,,,,2021/2022
F1,2021-12-12,Paris Saint-Germain,Monaco,2.0,0.0,H,9.0,13.0,2.0,3.0,8.0,15.0,1.0,6.0,3.0,4.0,0.0,0.0,1.44,5.0,6.5,1.47,5.09,6.71,,,,,,,,2021/2022
F1,2021-12-12,Metz,Lorient,4.0,1.0,H,5.0,17.0,3.0,6.0,10.0,8.0,3.0,8.0,2.0,2.0,0.0,0.0,2.45,3.2,3.0,2.55,3.23,3.13,,,,,,,,2021/2022
F1,2021-12-12,Troyes,Bordeaux,1.0,2.0,A,21.0,8.0,3.0,4.0,11.0,15.0,8.0,1.0,3.0,3.0,0.0,0.0,2.2,3.5,3.2,2.29,3.52,3.32,,,,,,,,2021/2022
F1,2021-12-12,Strasbourg,Marseille,0.0,2.0,A,11.0,8.0,3.0,3.0,10.0,12.0,8.0,3.0,2.0,1.0,0.0,0.0,2.5,3.3,2.87,2.54,3.42,2.99,,,,,,,,2021/2022
F1,2021-12-12,Rennes,Nice,1.0,2.0,A,20.0,7.0,8.0,3.0,10.0,11.0,11.0,6.0,1.0,4.0,0.0,0.0,1.95,3.6,3.8,1.94,3.78,4.09,,,,,,,,2021/2022
F1,2021-12-22,Bordeaux,Lille,2.0,3.0,A,12.0,12.0,3.0,3.0,10.0,7.0,5.0,6.0,1.0,3.0,0.0,0.0,4.33,3.8,1.75,4.41,4.02,1.82,,,,,,,,2021/2022
F1,2021-12-22,Lorient,Paris Saint-Germain,1.0,1.0,D,17.0,17.0,5.0,4.0,6.0,8.0,6.0,8.0,1.0,3.0,0.0,1.0,7.5,5.25,1.4,8.34,5.45,1.38,,,,,,,,2021/2022
F1,2021-12-22,Lyon,Metz,1.0,1.0,D,18.0,6.0,6.0,2.0,12.0,19.0,13.0,2.0,2.0,3.0,0.0,0.0,1.36,5.25,8.0,1.37,5.64,8.46,,,,,,,,2021/2022
F1,2021-12-22,Marseille,Reims,1.0,1.0,D,14.0,7.0,5.0,2.0,12.0,6.0,7.0,4.0,4.0,4.0,1.0,1.0,1.66,3.6,5.75,1.68,3.89,5.81,,,,,,,,2021/2022
F1,2021-12-22,Monaco,Rennes,2.0,1.0,H,11.0,16.0,3.0,6.0,11.0,9.0,7.0,5.0,2.0,1.0,0.0,0.0,2.2,3.5,3.25,2.28,3.63,3.26,,,,,,,,2021/2022
F1,2021-12-22,Montpellier,Angers,4.0,1.0,H,9.0,13.0,6.0,6.0,13.0,13.0,1.0,6.0,1.0,1.0,0.0,0.0,2.2,3.3,3.4,2.23,3.35,3.64,,,,,,,,2021/2022
F1,2021-12-22,Nice,Lens,2.0,1.0,H,9.0,8.0,3.0,4.0,7.0,9.0,5.0,4.0,0.0,2.0,0.0,0.0,2.1,3.5,3.5,2.14,3.48,3.73,,,,,,,,2021/2022
F1,2021-12-22,Saint-Etienne,Nantes,0.0,1.0,A,13.0,8.0,6.0,3.0,13.0,12.0,5.0,4.0,1.0,1.0,0.0,0.0,2.6,3.25,2.8,2.66,3.42,2.83,,,,,,,,2021/2022
F1,2021-12-22,Troyes,Brest,1.0,1.0,D,15.0,8.0,4.0,2.0,16.0,10.0,9.0,0.0,4.0,1.0,1.0,0.0,2.5,3.4,2.8,2.6,3.34,2.96,,,,,,,,2021/2022
F1,2022-01-07,Bordeaux,Marseille,0.0,1.0,A,6.0,18.0,2.0,6.0,13.0,7.0,3.0,9.0,1.0,1.0,0.0,0.0,5.0,4.33,1.57,5.46,4.46,1.62,,,,,,,,2021/2022
F1,2022-01-08,Lens,Rennes,1.0,0.0,H,11.0,5.0,4.0,0.0,5.0,6.0,12.0,1.0,1.0,1.0,0.0,0.0,2.75,3.4,2.55,2.84,3.51,2.6,,,,,,,,2021/2022
F1,2022-01-09,Clermont,Reims,0.0,0.0,D,12.0,7.0,7.0,2.0,13.0,24.0,6.0,2.0,1.0,3.0,1.0,0.0,2.45,3.1,3.1,2.46,3.2,3.3,,,,,,,,2021/2022
F1,2022-01-09,Nantes,Monaco,0.0,0.0,D,8.0,9.0,4.0,1.0,17.0,12.0,5.0,2.0,1.0,2.0,0.0,0.0,3.4,3.3,2.2,3.72,3.27,2.24,,,,,,,,2021/2022
F1,2022-01-09,Brest,Nice,0.0,3.0,A,26.0,9.0,10.0,4.0,5.0,11.0,14.0,3.0,0.0,3.0,0.0,1.0,2.87,3.5,2.4,3.03,3.45,2.49,,,,,,,,2021/2022
F1,2022-01-09,Lyon,Paris Saint-Germain,1.0,1.0,D,11.0,15.0,4.0,3.0,18.0,13.0,2.0,7.0,2.0,2.0,0.0,0.0,3.6,4.2,1.83,3.73,4.17,1.9,,,,,,,,2021/2022
F1,2022-01-09,Metz,Strasbourg,0.0,2.0,A,7.0,19.0,1.0,7.0,11.0,6.0,4.0,3.0,1.0,1.0,0.0,0.0,4.75,4.0,1.7,4.93,3.89,1.78,,,,,,,,2021/2022
F1,2022-01-14,Nice,Nantes,2.0,1.0,H,13.0,11.0,5.0,3.0,8.0,17.0,3.0,5.0,2.0,1.0,0.0,0.0,1.7,3.75,5.0,1.73,3.76,5.54,,,,,,,,2021/2022
F1,2022-01-15,Saint-Etienne,Lens,1.0,2.0,A,13.0,14.0,4.0,4.0,9.0,13.0,6.0,6.0,1.0,1.0,0.0,0.0,4.0,3.5,1.95,3.88,3.6,2.0,,,,,,,,2021/2022
F1,2022-01-15,Paris Saint-Germain,Brest,2.0,0.0,H,20.0,6.0,9.0,3.0,10.0,8.0,9.0,6.0,5.0,3.0,0.0,0.0,1.22,7.5,9.5,1.23,6.74,12.18,,,,,,,,2021/2022
F1,2022-01-16,Rennes,Bordeaux,6.0,0.0,H,19.0,5.0,11.0,1.0,9.0,9.0,9.0,1.0,1.0,5.0,0.0,1.0,1.4,5.0,7.0,1.41,4.93,8.04,,,,,,,,2021/2022
F1,2022-01-16,Lorient,Angers,0.0,0.0,D,14.0,5.0,4.0,0.0,12.0,9.0,6.0,1.0,3.0,1.0,0.0,1.0,2.37,3.25,3.1,2.44,3.21,3.21,,,,,,,,2021/2022
F1,2022-01-16,Monaco,Clermont,4.0,0.0,H,20.0,6.0,10.0,1.0,9.0,10.0,6.0,1.0,0.0,1.0,0.0,0.0,1.45,4.5,6.5,1.46,4.75,6.94,,,,,,,,2021/2022
F1,2022-01-16,Reims,Metz,0.0,1.0,A,14.0,17.0,2.0,5.0,14.0,16.0,11.0,4.0,4.0,4.0,0.0,0.0,1.8,3.5,5.0,1.75,3.71,5.1,,,,,,,,2021/2022
F1,2022-01-16,Strasbourg,Montpellier,3.0,1.0,H,19.0,9.0,8.0,5.0,18.0,9.0,7.0,3.0,2.0,2.0,0.0,1.0,2.0,3.5,3.6,2.07,3.45,3.82,,,,,,,,2021/2022
F1,2022-01-16,Troyes,Lyon,0.0,1.0,A,6.0,19.0,2.0,8.0,9.0,12.0,4.0,7.0,2.0,1.0,0.0,0.0,5.25,4.0,1.65,4.93,4.09,1.7,,,,,,,,2021/2022
F1,2022-01-16,Marseille,Lille,1.0,1.0,D,22.0,5.0,7.0,4.0,11.0,11.0,15.0,2.0,1.0,5.0,0.0,1.0,2.3,3.4,3.1,2.3,3.51,3.19,,,,,,,,2021/2022
F1,2022-01-19,Clermont,Strasbourg,0.0,2.0,A,7.0,15.0,1.0,5.0,8.0,11.0,6.0,4.0,2.0,0.0,0.0,0.0,3.1,3.5,2.25,3.17,3.64,2.26,,,,,,,,2021/2022
F1,2022-01-19,Lille,Lorient,3.0,1.0,H,13.0,18.0,5.0,5.0,8.0,11.0,4.0,2.0,0.0,0.0,0.0,0.0,1.53,4.2,6.0,1.5,4.48,6.69,,,,,,,,2021/2022
F1,2022-01-19,Montpellier,Troyes,0.0,1.0,A,11.0,13.0,2.0,5.0,12.0,10.0,5.0,4.0,5.0,1.0,1.0,0.0,1.75,4.0,4.5,1.75,4.18,4.44,,,,,,,,2021/2022
F1,2022-01-21,Lyon,Saint-Etienne,1.0,0.0,H,11.0,4.0,4.0,1.0,15.0,17.0,2.0,2.0,1.0,4.0,0.0,0.0,1.36,5.25,8.0,1.4,5.19,7.57,,,,,,,,2021/2022
F1,2022-01-22,Brest,Lille,2.0,0.0,H,9.0,17.0,3.0,5.0,7.0,10.0,5.0,10.0,2.0,3.0,0.0,0.0,3.3,3.3,2.25,3.31,3.7,2.17,,,,,,,,2021/2022
F1,2022-01-22,Lens,Marseille,0.0,2.0,A,9.0,10.0,3.0,7.0,7.0,6.0,8.0,5.0,3.0,2.0,0.0,0.0,2.5,3.6,2.7,2.55,3.63,2.74,,,,,,,,2021/2022
F1,2022-01-23,Metz,Nice,0.0,2.0,A,8.0,7.0,1.0,6.0,14.0,6.0,3.0,4.0,3.0,1.0,0.0,0.0,5.0,3.75,1.72,5.08,3.78,1.74,,,,,,,,2021/2022
F1,2022-01-23,Angers,Troyes,2.0,1.0,H,10.0,11.0,3.0,6.0,16.0,21.0,3.0,3.0,1.0,3.0,0.0,0.0,2.05,3.1,4.2,2.05,3.12,4.42,,,,,,,,2021/2022
F1,2022-01-23,Bordeaux,Strasbourg,4.0,3.0,H,13.0,18.0,6.0,6.0,11.0,11.0,1.0,3.0,5.0,2.0,0.0,0.0,3.75,3.6,1.95,4.0,3.78,1.92,,,,,,,,2021/2022
F1,2022-01-23,Clermont,Rennes,2.0,1.0,H,12.0,13.0,4.0,4.0,9.0,17.0,4.0,6.0,2.0,3.0,0.0,0.0,3.8,3.8,1.85,4.1,3.85,1.88,,,,,,,,2021/2022
F1,2022-01-23,Nantes,Lorient,4.0,2.0,H,12.0,15.0,8.0,6.0,12.0,10.0,7.0,6.0,3.0,0.0,0.0,0.0,2.15,3.1,3.8,2.14,3.13,4.03,,,,,,,,2021/2022
F1,2022-01-23,Montpellier,Monaco,3.0,2.0,H,15.0,17.0,7.0,7.0,10.0,10.0,5.0,10.0,2.0,2.0,0.0,0.0,3.8,3.5,2.0,3.79,3.48,2.07,,,,,,,,2021/2022
F1,2022-01-23,Paris Saint-Germain,Reims,4.0,0.0,H,22.0,7.0,8.0,3.0,6.0,10.0,14.0,0.0,0.0,1.0,0.0,0.0,1.22,6.5,13.0,1.2,7.06,15.34,,,,,,,,2021/2022
F1,2022-01-26,Angers,Saint-Etienne,0.0,1.0,A,7.0,8.0,4.0,5.0,7.0,13.0,3.0,1.0,1.0,1.0,0.0,0.0,2.15,3.5,3.3,2.19,3.44,3.49,,,,,,,,2021/2022
F1,2022-02-01,Lyon,Marseille,2.0,1.0,H,12.0,9.0,4.0,1.0,8.0,8.0,4.0,6.0,0.0,0.0,0.0,0.0,2.75,3.3,2.6,2.89,3.35,2.65,,,,,,,,2021/2022
F1,2022-02-04,Marseille,Angers,5.0,2.0,H,18.0,4.0,8.0,2.0,13.0,13.0,6.0,2.0,0.0,3.0,0.0,0.0,1.5,4.0,7.0,1.51,4.22,7.84,,,,,,,,2021/2022
F1,2022-02-05,Saint-Etienne,Montpellier,3.0,1.0,H,27.0,3.0,8.0,2.0,11.0,4.0,11.0,0.0,1.0,0.0,0.0,0.0,2.7,3.4,2.62,2.81,3.14,2.78,,,,,,,,2021/2022
F1,2022-02-05,Monaco,Lyon,2.0,0.0,H,10.0,19.0,6.0,5.0,17.0,14.0,3.0,4.0,1.0,2.0,0.0,0.0,1.95,3.6,3.75,1.99,3.69,3.83,,,,,,,,2021/2022
F1,2022-02-06,Nice,Clermont,0.0,1.0,A,7.0,14.0,3.0,5.0,10.0,9.0,5.0,3.0,1.0,1.0,0.0,0.0,1.55,4.2,6.0,1.56,4.33,6.0,,,,,,,,2021/2022
F1,2022-02-06,Lorient,Lens,2.0,0.0,H,8.0,8.0,3.0,0.0,14.0,11.0,1.0,4.0,0.0,3.0,0.0,0.0,3.3,3.5,2.15,3.46,3.49,2.18,,,,,,,,2021/2022
F1,2022-02-06,Strasbourg,Nantes,1.0,0.0,H,13.0,10.0,3.0,2.0,7.0,8.0,7.0,9.0,3.0,3.0,0.0,0.0,1.75,3.75,4.5,1.78,3.91,4.62,,,,,,,,2021/2022
F1,2022-02-06,Troyes,Metz,0.0,0.0,D,9.0,6.0,2.0,0.0,8.0,14.0,6.0,7.0,1.0,2.0,0.0,0.0,2.0,3.3,4.0,1.97,3.5,4.15,,,,,,,,2021/2022
F1,2022-02-06,Reims,Bordeaux,5.0,0.0,H,16.0,6.0,7.0,0.0,5.0,12.0,7.0,4.0,0.0,1.0,0.0,1.0,2.05,3.6,3.5,2.17,3.45,3.55,,,,,,,,2021/2022
F1,2022-02-06,Lille,Paris Saint-Germain,1.0,5.0,A,10.0,18.0,5.0,7.0,19.0,9.0,4.0,3.0,2.0,1.0,0.0,0.0,4.2,3.6,1.85,4.07,3.82,1.89,,,,,,,,2021/2022
F1,2022-02-06,Rennes,Brest,2.0,0.0,H,19.0,5.0,8.0,1.0,11.0,8.0,6.0,1.0,3.0,1.0,0.0,0.0,1.5,4.2,7.0,1.49,4.69,6.51,,,,,,,,2021/2022
F1,2022-02-11,Paris Saint-Germain,Rennes,1.0,0.0,H,12.0,13.0,1.0,1.0,13.0,10.0,5.0,3.0,2.0,1.0,0.0,0.0,1.55,4.33,5.75,1.54,4.64,6.15,,,,,,,,2021/2022
F1,2022-02-12,Montpellier,Lille,0.0,1.0,A,16.0,16.0,5.0,7.0,13.0,15.0,6.0,4.0,3.0,4.0,0.0,0.0,3.1,3.5,2.25,3.16,3.51,2.38,,,,,,,,2021/2022
F1,2022-02-12,Lyon,Nice,2.0,0.0,H,12.0,1.0,8.0,1.0,11.0,9.0,4.0,1.0,0.0,1.0,0.0,0.0,1.9,3.75,3.75,1.98,3.8,3.93,,,,,,,,2021/2022
F1,2022-02-13,Monaco,Lorient,0.0,0.0,D,15.0,5.0,4.0,1.0,18.0,11.0,11.0,2.0,3.0,2.0,0.0,0.0,1.4,4.75,8.0,1.4,5.08,8.75,,,,,,,,2021/2022
F1,2022-02-13,Angers,Strasbourg,0.0,1.0,A,9.0,8.0,2.0,2.0,20.0,11.0,5.0,3.0,3.0,1.0,0.0,0.0,3.0,3.3,2.3,3.19,3.51,2.36,,,,,,,,2021/2022
F1,2022-02-13,Metz,Marseille,1.0,2.0,A,11.0,13.0,4.0,5.0,11.0,6.0,3.0,8.0,2.0,2.0,0.0,0.0,5.0,4.0,1.66,5.92,3.91,1.67,,,,,,,,2021/2022
F1,2022-02-13,Brest,Troyes,5.0,1.0,H,12.0,5.0,5.0,2.0,13.0,11.0,1.0,5.0,1.0,1.0,0.0,0.0,1.9,3.4,4.0,1.99,3.47,4.3,,,,,,,,2021/2022
F1,2022-02-13,Nantes,Reims,1.0,0.0,H,11.0,7.0,3.0,4.0,17.0,8.0,5.0,5.0,1.0,0.0,0.0,1.0,2.15,3.25,3.6,2.24,3.14,3.87,,,,,,,,2021/2022
F1,2022-02-13,Lens,Bordeaux,3.0,2.0,H,9.0,10.0,7.0,4.0,9.0,7.0,6.0,2.0,3.0,2.0,0.0,0.0,1.45,4.75,6.5,1.5,4.79,6.74,,,,,,,,2021/2022
F1,2022-02-13,Clermont,Saint-Etienne,1.0,2.0,A,9.0,6.0,3.0,3.0,16.0,10.0,6.0,3.0,4.0,1.0,0.0,0.0,2.25,3.4,3.25,2.34,3.29,3.44,,,,,,,,2021/2022
F1,2022-02-18,Lille,Metz,0.0,0.0,D,13.0,7.0,1.0,0.0,10.0,13.0,11.0,1.0,4.0,4.0,1.0,1.0,1.53,4.0,6.5,1.57,3.87,7.63,,,,,,,,2021/2022
F1,2022-02-19,Lens,Lyon,1.0,1.0,D,12.0,10.0,6.0,2.0,8.0,10.0,4.0,4.0,0.0,2.0,0.0,0.0,2.9,3.4,2.4,2.95,3.53,2.5,,,,,,,,2021/2022
F1,2022-02-19,Nantes,Paris Saint-Germain,3.0,1.0,H,13.0,16.0,7.0,9.0,16.0,10.0,5.0,7.0,2.0,6.0,0.0,0.0,6.5,4.33,1.5,6.5,4.75,1.51,,,,,,,,2021/2022
F1,2022-02-20,Nice,Angers,1.0,0.0,H,9.0,11.0,5.0,2.0,11.0,17.0,4.0,5.0,2.0,2.0,0.0,0.0,1.7,3.6,5.5,1.74,3.64,5.75,,,,,,,,2021/2022
F1,2022-02-20,Lorient,Montpellier,0.0,1.0,A,16.0,6.0,3.0,5.0,15.0,9.0,8.0,5.0,2.0,2.0,0.0,0.0,2.3,3.25,3.2,2.45,3.29,3.23,,,,,,,,2021/2022
F1,2022-02-20,Reims,Brest,1.0,1.0,D,8.0,15.0,2.0,4.0,10.0,17.0,1.0,6.0,1.0,2.0,0.0,0.0,2.37,3.2,3.2,2.42,3.25,3.32,,,,,,,,2021/2022
F1,2022-02-20,Rennes,Troyes,4.0,1.0,H,17.0,4.0,8.0,1.0,11.0,16.0,6.0,7.0,1.0,4.0,0.0,0.0,1.36,4.5,9.5,1.37,5.01,10.64,,,,,,,,2021/2022
F1,2022-02-20,Saint-Etienne,Strasbourg,2.0,2.0,D,9.0,8.0,4.0,4.0,12.0,5.0,3.0,4.0,3.0,2.0,0.0,0.0,3.0,3.4,2.4,3.06,3.49,2.45,,,,,,,,2021/2022
F1,2022-02-20,Bordeaux,Monaco,1.0,1.0,D,11.0,13.0,3.0,4.0,13.0,13.0,2.0,7.0,3.0,4.0,0.0,1.0,4.75,4.2,1.66,5.71,3.97,1.68,,,,,,,,2021/2022
F1,2022-02-20,Marseille,Clermont,0.0,2.0,A,18.0,4.0,4.0,3.0,11.0,9.0,8.0,3.0,2.0,2.0,0.0,0.0,1.5,4.2,7.5,1.47,4.7,7.66,,,,,,,,2021/2022
F1,2022-02-25,Montpellier,Rennes,2.0,4.0,A,12.0,11.0,5.0,9.0,11.0,11.0,7.0,1.0,3.0,2.0,0.0,0.0,4.33,3.8,1.75,4.79,3.8,1.81,,,,,,,,2021/2022
F1,2022-02-26,Strasbourg,Nice,0.0,0.0,D,17.0,3.0,6.0,0.0,9.0,12.0,8.0,2.0,1.0,2.0,0.0,1.0,2.2,3.3,3.4,2.22,3.4,3.6,,,,,,,,2021/2022
F1,2022-02-26,Paris Saint-Germain,Saint-Etienne,3.0,1.0,H,21.0,13.0,8.0,6.0,9.0,13.0,8.0,3.0,2.0,1.0,0.0,0.0,1.14,8.0,19.0,1.19,8.38,14.69,,,,,,,,2021/2022
F1,2022-02-27,Monaco,Reims,1.0,2.0,A,18.0,12.0,5.0,7.0,15.0,12.0,10.0,3.0,3.0,2.0,1.0,0.0,1.44,4.33,8.0,1.44,4.55,8.95,,,,,,,,2021/2022
F1,2022-02-27,Angers,Lens,1.0,2.0,A,13.0,8.0,4.0,2.0,13.0,16.0,7.0,3.0,4.0,3.0,1.0,0.0,2.9,3.1,2.6,3.1,3.14,2.62,,,,,,,,2021/2022
F1,2022-02-27,Brest,Lorient,0.0,1.0,A,4.0,17.0,0.0,8.0,12.0,15.0,4.0,6.0,2.0,4.0,1.0,0.0,2.0,3.3,3.75,2.09,3.35,4.07,,,,,,,,2021/2022
F1,2022-02-27,Clermont,Bordeaux,1.0,1.0,D,9.0,10.0,3.0,3.0,5.0,13.0,6.0,6.0,1.0,2.0,0.0,0.0,1.9,3.5,4.0,1.96,3.75,4.07,,,,,,,,2021/2022
F1,2022-02-27,Metz,Nantes,0.0,0.0,D,8.0,12.0,0.0,3.0,14.0,15.0,3.0,4.0,1.0,2.0,1.0,0.0,3.0,3.1,2.5,3.22,3.13,2.55,,,,,,,,2021/2022
F1,2022-02-27,Troyes,Marseille,1.0,1.0,D,9.0,8.0,3.0,3.0,15.0,8.0,4.0,8.0,5.0,3.0,0.0,0.0,4.5,3.75,1.75,4.83,4.03,1.76,,,,,,,,2021/2022
F1,2022-02-27,Lyon,Lille,0.0,1.0,A,20.0,6.0,8.0,2.0,13.0,15.0,7.0,3.0,3.0,2.0,0.0,0.0,1.8,3.75,4.5,1.83,3.8,4.7,,,,,,,,2021/2022
F1,2022-03-04,Lorient,Lyon,1.0,4.0,A,15.0,15.0,6.0,7.0,9.0,14.0,8.0,3.0,1.0,0.0,0.0,0.0,4.33,3.8,1.8,4.53,3.73,1.87,,,,,,,,2021/2022
F1,2022-03-05,Lens,Brest,0.0,1.0,A,20.0,5.0,6.0,3.0,14.0,11.0,4.0,0.0,1.0,1.0,0.0,0.0,1.66,3.6,5.0,1.72,3.98,5.23,,,,,,,,2021/2022
F1,2022-03-05,Nice,Paris Saint-Germain,1.0,0.0,H,11.0,8.0,6.0,2.0,15.0,10.0,3.0,4.0,1.0,0.0,0.0,0.0,4.0,3.8,1.85,4.26,4.02,1.85,,,,,,,,2021/2022
F1,2022-03-06,Reims,Strasbourg,1.0,1.0,D,8.0,17.0,1.0,6.0,6.0,11.0,2.0,4.0,0.0,2.0,0.0,0.0,3.6,3.0,2.2,3.66,3.16,2.31,,,,,,,,2021/2022
F1,2022-03-06,Saint-Etienne,Metz,1.0,0.0,H,13.0,5.0,5.0,2.0,11.0,18.0,12.0,3.0,3.0,4.0,0.0,0.0,1.85,3.2,4.5,1.95,3.37,4.67,,,,,,,,2021/2022
F1,2022-03-06,Nantes,Montpellier,2.0,0.0,H,16.0,6.0,5.0,1.0,11.0,11.0,6.0,4.0,1.0,1.0,0.0,0.0,2.1,3.1,3.75,2.14,3.32,3.94,,,,,,,,2021/2022
F1,2022-03-06,Lille,Clermont,4.0,0.0,H,15.0,9.0,8.0,1.0,15.0,9.0,3.0,2.0,1.0,3.0,0.0,1.0,1.7,3.5,5.25,1.75,3.58,5.73,,,,,,,,2021/2022
F1,2022-03-06,Rennes,Angers,2.0,0.0,H,15.0,7.0,4.0,2.0,11.0,7.0,7.0,7.0,1.0,1.0,0.0,0.0,1.4,4.5,9.5,1.4,4.79,9.78,,,,,,,,2021/2022
F1,2022-03-06,Marseille,Monaco,0.0,1.0,A,13.0,5.0,2.0,3.0,13.0,9.0,10.0,3.0,2.0,1.0,0.0,0.0,2.3,3.2,3.3,2.37,3.25,3.43,,,,,,,,2021/2022
F1,2022-03-06,Bordeaux,Troyes,0.0,2.0,A,10.0,10.0,3.0,2.0,18.0,15.0,6.0,2.0,6.0,1.0,0.0,1.0,2.25,3.3,3.3,2.27,3.52,3.37,,,,,,,,2021/2022
F1,2022-03-11,Lille,Saint-Etienne,0.0,0.0,D,10.0,11.0,2.0,3.0,14.0,12.0,2.0,3.0,1.0,1.0,0.0,0.0,1.66,3.75,5.5,1.72,3.79,5.58,,,,,,,,2021/2022
F1,2022-03-12,Montpellier,Nice,0.0,0.0,D,24.0,8.0,7.0,0.0,10.0,8.0,13.0,1.0,3.0,2.0,0.0,1.0,3.0,3.5,2.3,3.22,3.51,2.34,,,,,,,,2021/2022
F1,2022-03-12,Troyes,Nantes,1.0,0.0,H,11.0,6.0,2.0,1.0,7.0,16.0,8.0,4.0,1.0,1.0,0.0,0.0,2.9,3.2,2.5,3.11,3.2,2.58,,,,,,,,2021/2022
F1,2022-03-13,Angers,Reims,0.0,1.0,A,20.0,10.0,7.0,3.0,19.0,8.0,4.0,2.0,6.0,3.0,1.0,1.0,2.3,2.9,3.6,2.43,2.96,3.66,,,,,,,,2021/2022
F1,2022-03-13,Paris Saint-Germain,Bordeaux,3.0,0.0,H,12.0,15.0,5.0,5.0,4.0,9.0,2.0,4.0,1.0,2.0,0.0,0.0,1.14,8.5,17.0,1.17,8.34,19.32,,,,,,,,2021/2022
F1,2022-03-13,Lyon,Rennes,2.0,4.0,A,11.0,10.0,2.0,7.0,8.0,12.0,8.0,2.0,2.0,3.0,0.0,0.0,2.05,3.6,3.4,2.1,3.66,3.67,,,,,,,,2021/2022
F1,2022-03-13,Clermont,Lorient,0.0,2.0,A,10.0,9.0,1.0,6.0,14.0,14.0,2.0,2.0,1.0,2.0,0.0,0.0,2.3,2.9,3.6,2.38,3.02,3.68,,,,,,,,2021/2022
F1,2022-03-13,Brest,Marseille,1.0,4.0,A,8.0,13.0,2.0,7.0,11.0,14.0,1.0,3.0,1.0,4.0,0.0,0.0,3.4,3.3,2.2,3.62,3.44,2.2,,,,,,,,2021/2022
F1,2022-03-13,Metz,Lens,0.0,0.0,D,6.0,11.0,3.0,0.0,11.0,14.0,5.0,4.0,5.0,2.0,0.0,0.0,3.6,3.4,2.05,3.98,3.65,2.01,,,,,,,,2021/2022
F1,2022-03-13,Strasbourg,Monaco,1.0,0.0,H,11.0,5.0,3.0,0.0,10.0,13.0,6.0,7.0,1.0,2.0,0.0,0.0,2.55,3.0,3.0,2.61,3.26,3.01,,,,,,,,2021/2022
F1,2022-03-18,Saint-Etienne,Troyes,1.0,1.0,D,10.0,8.0,3.0,4.0,13.0,9.0,1.0,4.0,2.0,2.0,0.0,0.0,1.9,3.5,4.2,1.93,3.53,4.47,,,,,,,,2021/2022
F1,2022-03-19,Lens,Clermont,3.0,1.0,H,20.0,10.0,7.0,3.0,15.0,12.0,7.0,2.0,1.0,1.0,0.0,0.0,1.65,3.8,5.5,1.72,3.78,5.63,,,,,,,,2021/2022
F1,2022-03-19,Nantes,Lille,0.0,1.0,A,11.0,12.0,3.0,4.0,19.0,15.0,7.0,7.0,3.0,4.0,0.0,1.0,3.0,2.8,2.75,3.02,3.01,2.79,,,,,,,,2021/2022
F1,2022-03-20,Monaco,Paris Saint-Germain,3.0,0.0,H,13.0,13.0,8.0,6.0,17.0,10.0,6.0,7.0,3.0,3.0,0.0,0.0,3.75,3.8,1.9,3.77,3.96,1.98,,,,,,,,2021/2022
F1,2022-03-20,Angers,Brest,1.0,0.0,H,9.0,16.0,3.0,2.0,11.0,9.0,6.0,11.0,2.0,1.0,0.0,0.0,2.2,3.2,3.5,2.26,3.24,3.69,,,,,,,,2021/2022
F1,2022-03-20,Bordeaux,Montpellier,0.0,2.0,A,32.0,7.0,10.0,2.0,18.0,7.0,11.0,4.0,3.0,0.0,0.0,2.0,2.45,3.5,2.8,2.56,3.62,2.81,,,,,,,,2021/2022
F1,2022-03-20,Lorient,Strasbourg,0.0,0.0,D,9.0,13.0,2.0,4.0,11.0,18.0,6.0,5.0,2.0,2.0,0.0,0.0,3.4,3.3,2.2,3.61,3.4,2.22,,,,,,,,2021/2022
F1,2022-03-20,Rennes,Metz,6.0,1.0,H,21.0,2.0,8.0,1.0,13.0,11.0,10.0,1.0,1.0,2.0,0.0,0.0,1.28,5.0,13.0,1.3,5.59,12.98,,,,,,,,2021/2022
F1,2022-03-20,Reims,Lyon,0.0,0.0,D,5.0,10.0,2.0,2.0,12.0,13.0,7.0,3.0,0.0,3.0,0.0,0.0,4.33,3.6,1.83,4.35,3.78,1.89,,,,,,,,2021/2022
F1,2022-03-20,Marseille,Nice,2.0,1.0,H,13.0,9.0,6.0,3.0,12.0,11.0,3.0,2.0,2.0,2.0,0.0,0.0,2.15,3.3,3.5,2.21,3.42,3.61,,,,,,,,2021/2022
F1,2022-04-02,Nice,Rennes,1.0,1.0,D,10.0,13.0,3.0,4.0,12.0,12.0,7.0,11.0,2.0,1.0,0.0,0.0,3.1,3.4,2.3,3.22,3.48,2.36,,,,,,,,2021/2022
F1,2022-04-02,Lille,Bordeaux,0.0,0.0,D,22.0,2.0,6.0,0.0,13.0,15.0,7.0,2.0,2.0,4.0,0.0,1.0,1.5,4.2,7.0,1.52,4.6,6.76,,,,,,,,2021/2022
F1,2022-04-03,Strasbourg,Lens,1.0,0.0,H,13.0,13.0,3.0,2.0,8.0,10.0,2.0,6.0,3.0,1.0,0.0,0.0,2.1,3.4,3.5,2.16,3.43,3.73,,,,,,,,2021/2022
F1,2022-04-03,Clermont,Nantes,2.0,3.0,A,12.0,9.0,4.0,4.0,10.0,10.0,5.0,6.0,5.0,1.0,1.0,0.0,2.55,3.2,2.87,2.66,3.12,3.07,,,,,,,,2021/2022
F1,2022-04-03,Metz,Monaco,1.0,2.0,A,17.0,14.0,4.0,4.0,6.0,9.0,3.0,6.0,0.0,0.0,0.0,0.0,6.0,4.0,1.57,6.54,4.1,1.59,,,,,,,,2021/2022
F1,2022-04-03,Montpellier,Brest,1.0,2.0,A,9.0,12.0,3.0,6.0,16.0,14.0,7.0,5.0,2.0,4.0,0.0,0.0,2.0,3.5,3.5,2.09,3.63,3.72,,,,,,,,2021/2022
F1,2022-04-03,Saint-Etienne,Marseille,2.0,4.0,A,5.0,15.0,2.0,9.0,14.0,12.0,2.0,9.0,2.0,1.0,0.0,0.0,3.5,3.4,2.1,3.69,3.55,2.13,,,,,,,,2021/2022
F1,2022-04-03,Troyes,Reims,1.0,0.0,H,19.0,10.0,5.0,4.0,15.0,11.0,6.0,3.0,1.0,4.0,0.0,1.0,2.45,3.1,3.1,2.6,3.08,3.21,,,,,,,,2021/2022
F1,2022-04-03,Lyon,Angers,3.0,2.0,H,15.0,7.0,5.0,4.0,4.0,13.0,9.0,2.0,1.0,1.0,0.0,0.0,1.4,4.75,8.0,1.43,4.92,8.07,,,,,,,,2021/2022
F1,2022-04-03,Paris Saint-Germain,Lorient,5.0,1.0,H,15.0,11.0,7.0,4.0,7.0,14.0,3.0,1.0,2.0,1.0,0.0,0.0,1.18,7.5,13.0,1.2,7.82,15.09,,,,,,,,2021/2022
F1,2022-04-08,Lorient,Saint-Etienne,6.0,2.0,H,18.0,13.0,12.0,4.0,18.0,18.0,2.0,3.0,2.0,5.0,0.0,1.0,2.15,3.1,3.8,2.25,3.13,3.87,,,,,,,,2021/2022
F1,2022-04-09,Reims,Rennes,2.0,3.0,A,15.0,14.0,7.0,8.0,15.0,7.0,2.0,6.0,2.0,0.0,0.0,0.0,4.5,3.5,1.8,4.74,3.78,1.82,,,,,,,,2021/2022
F1,2022-04-09,Clermont,Paris Saint-Germain,1.0,6.0,A,10.0,17.0,4.0,10.0,8.0,7.0,2.0,5.0,1.0,1.0,0.0,0.0,8.5,5.5,1.33,8.18,5.78,1.37,,,,,,,,2021/2022
F1,2022-04-10,Angers,Lille,1.0,1.0,D,13.0,17.0,3.0,3.0,10.0,12.0,6.0,7.0,3.0,2.0,0.0,0.0,3.3,3.2,2.3,3.46,3.18,2.39,,,,,,,,2021/2022
F1,2022-04-10,Monaco,Troyes,2.0,1.0,H,11.0,8.0,3.0,1.0,12.0,9.0,10.0,1.0,2.0,2.0,0.0,0.0,1.33,5.25,9.0,1.35,5.38,9.83,,,,,,,,2021/2022
F1,2022-04-10,Brest,Nantes,1.0,1.0,D,12.0,12.0,6.0,5.0,10.0,13.0,4.0,5.0,1.0,3.0,0.0,0.0,2.6,3.2,2.87,2.68,3.26,2.92,,,,,,,,2021/2022
F1,2022-04-10,Strasbourg,Lyon,1.0,1.0,D,15.0,13.0,4.0,3.0,19.0,14.0,5.0,3.0,3.0,1.0,0.0,0.0,2.5,3.3,2.87,2.53,3.53,2.91,,,,,,,,2021/2022
F1,2022-04-10,Lens,Nice,3.0,0.0,H,6.0,16.0,3.0,6.0,8.0,15.0,1.0,7.0,2.0,4.0,1.0,2.0,2.3,3.4,3.1,2.38,3.45,3.21,,,,,,,,2021/2022
F1,2022-04-10,Marseille,Montpellier,2.0,0.0,H,11.0,6.0,5.0,2.0,12.0,13.0,0.0,8.0,0.0,2.0,0.0,1.0,1.5,4.5,6.25,1.55,4.45,6.45,,,,,,,,2021/2022
F1,2022-04-10,Bordeaux,Metz,3.0,1.0,H,12.0,9.0,7.0,2.0,15.0,15.0,5.0,6.0,3.0,2.0,0.0,0.0,1.9,3.5,4.2,1.99,3.51,4.25,,,,,,,,2021/2022
F1,2022-04-15,Rennes,Monaco,2.0,3.0,A,13.0,12.0,4.0,4.0,7.0,15.0,6.0,0.0,1.0,3.0,0.0,0.0,2.1,3.5,3.6,2.13,3.63,3.6,,,,,,,,2021/2022
F1,2022-04-16,Saint-Etienne,Brest,2.0,1.0,H,11.0,7.0,4.0,3.0,10.0,10.0,7.0,3.0,0.0,2.0,0.0,0.0,2.2,3.3,3.5,2.25,3.42,3.5,,,,,,,,2021/2022
F1,2022-04-16,Lille,Lens,1.0,2.0,A,17.0,11.0,5.0,7.0,12.0,9.0,13.0,7.0,3.0,2.0,0.0,0.0,2.05,3.4,3.75,2.07,3.55,3.88,,,,,,,,2021/2022
F1,2022-04-17,Montpellier,Reims,0.0,0.0,D,14.0,15.0,3.0,9.0,9.0,12.0,9.0,6.0,0.0,3.0,0.0,0.0,2.25,3.1,3.5,2.25,3.07,3.95,,,,,,,,2021/2022
F1,2022-04-17,Metz,Clermont,1.0,1.0,D,4.0,26.0,2.0,4.0,15.0,11.0,0.0,9.0,1.0,1.0,1.0,0.0,2.8,3.1,2.7,2.84,3.22,2.79,,,,,,,,2021/2022
F1,2022-04-17,Lyon,Bordeaux,6.0,1.0,H,15.0,17.0,9.0,5.0,8.0,13.0,3.0,5.0,0.0,0.0,0.0,0.0,1.28,6.0,9.5,1.32,5.92,10.01,,,,,,,,2021/2022
F1,2022-04-17,Nice,Lorient,2.0,1.0,H,15.0,6.0,2.0,1.0,10.0,12.0,5.0,1.0,2.0,1.0,0.0,0.0,1.75,3.75,4.75,1.76,3.78,5.23,,,,,,,,2021/2022
F1,2022-04-17,Troyes,Strasbourg,1.0,1.0,D,11.0,12.0,3.0,4.0,12.0,19.0,5.0,9.0,1.0,2.0,0.0,0.0,3.75,3.3,2.1,4.01,3.43,2.08,,,,,,,,2021/2022
F1,2022-04-17,Paris Saint-Germain,Marseille,2.0,1.0,H,7.0,3.0,3.0,1.0,16.0,12.0,3.0,4.0,6.0,1.0,0.0,0.0,1.36,5.5,7.5,1.38,5.88,7.65,,,,,,,,2021/2022
F1,2022-04-17,Nantes,Angers,1.0,1.0,D,24.0,10.0,7.0,3.0,12.0,10.0,14.0,5.0,4.0,1.0,0.0,0.0,1.95,3.4,4.2,1.99,3.57,4.17,,,,,,,,2021/2022
F1,2022-04-20,Marseille,Nantes,3.0,2.0,H,19.0,4.0,5.0,3.0,10.0,15.0,7.0,3.0,2.0,5.0,0.0,1.0,1.61,4.0,5.5,1.65,4.11,5.74,,,,,,,,2021/2022
F1,2022-04-20,Strasbourg,Rennes,2.0,1.0,H,13.0,10.0,5.0,3.0,16.0,11.0,2.0,7.0,1.0,2.0,0.0,0.0,2.55,3.5,2.7,2.61,3.53,2.81,,,,,,,,2021/2022
F1,2022-04-20,Bordeaux,Saint-Etienne,2.0,2.0,D,11.0,9.0,7.0,2.0,17.0,18.0,5.0,4.0,5.0,6.0,0.0,0.0,2.3,3.25,3.1,2.42,3.51,3.08,,,,,,,,2021/2022
F1,2022-04-20,Lorient,Metz,1.0,0.0,H,15.0,20.0,5.0,5.0,13.0,17.0,10.0,12.0,2.0,2.0,0.0,0.0,1.75,3.5,5.0,1.79,3.77,5.02,,,,,,,,2021/2022
F1,2022-04-20,Monaco,Nice,1.0,0.0,H,17.0,15.0,7.0,2.0,19.0,11.0,7.0,10.0,5.0,2.0,0.0,0.0,1.83,3.5,4.33,1.88,3.84,4.3,,,,,,,,2021/2022
F1,2022-04-20,Reims,Lille,2.0,1.0,H,10.0,20.0,4.0,5.0,13.0,8.0,5.0,2.0,1.0,1.0,0.0,0.0,3.7,3.1,2.15,3.86,3.23,2.2,,,,,,,,2021/2022
F1,2022-04-20,Troyes,Clermont,0.0,1.0,A,16.0,3.0,3.0,1.0,11.0,15.0,5.0,2.0,3.0,6.0,1.0,1.0,2.3,3.25,3.3,2.36,3.41,3.28,,,,,,,,2021/2022
F1,2022-04-20,Angers,Paris Saint-Germain,0.0,3.0,A,8.0,15.0,1.0,8.0,5.0,10.0,3.0,7.0,1.0,2.0,0.0,1.0,7.5,5.5,1.36,7.7,5.2,1.42,,,,,,,,2021/2022
F1,2022-04-20,Brest,Lyon,2.0,1.0,H,9.0,18.0,3.0,5.0,15.0,12.0,2.0,2.0,2.0,2.0,0.0,0.0,4.0,4.33,1.75,4.63,4.23,1.75,,,,,,,,2021/2022
F1,2022-04-20,Lens,Montpellier,2.0,0.0,H,12.0,9.0,5.0,4.0,11.0,10.0,5.0,3.0,1.0,0.0,0.0,0.0,1.75,3.6,5.0,1.8,3.82,4.86,,,,,,,,2021/2022
F1,2022-04-23,Saint-Etienne,Monaco,1.0,4.0,A,8.0,12.0,4.0,6.0,11.0,19.0,1.0,1.0,2.0,3.0,0.0,0.0,4.2,3.8,1.83,4.42,3.88,1.85,,,,,,,,2021/2022
F1,2022-04-23,Paris Saint-Germain,Lens,1.0,1.0,D,18.0,8.0,7.0,3.0,17.0,12.0,4.0,3.0,4.0,2.0,0.0,1.0,1.3,6.0,8.5,1.3,6.15,10.03,,,,,,,,2021/2022
F1,2022-04-23,Lyon,Montpellier,5.0,2.0,H,27.0,11.0,13.0,7.0,13.0,10.0,8.0,2.0,2.0,2.0,0.0,0.0,1.33,5.5,8.5,1.36,5.86,8.17,,,,,,,,2021/2022
F1,2022-04-24,Rennes,Lorient,5.0,0.0,H,10.0,12.0,7.0,2.0,10.0,10.0,2.0,4.0,1.0,0.0,1.0,0.0,1.45,4.75,6.5,1.44,4.98,7.76,,,,,,,,2021/2022
F1,2022-04-24,Clermont,Angers,2.0,2.0,D,12.0,9.0,6.0,5.0,10.0,21.0,4.0,4.0,0.0,6.0,0.0,1.0,2.3,3.3,3.2,2.3,3.29,3.53,,,,,,,,2021/2022
F1,2022-04-24,Metz,Brest,0.0,1.0,A,10.0,16.0,0.0,3.0,16.0,17.0,4.0,7.0,4.0,0.0,2.0,0.0,2.87,3.2,2.55,2.97,3.2,2.68,,,,,,,,2021/2022
F1,2022-04-24,Nantes,Bordeaux,5.0,3.0,H,15.0,20.0,6.0,7.0,12.0,15.0,6.0,4.0,1.0,1.0,0.0,0.0,1.75,3.75,4.75,1.83,3.8,4.68,,,,,,,,2021/2022
F1,2022-04-24,Nice,Troyes,1.0,0.0,H,18.0,9.0,3.0,3.0,18.0,11.0,7.0,3.0,0.0,1.0,0.0,0.0,1.61,4.0,5.5,1.64,4.09,5.91,,,,,,,,2021/2022
F1,2022-04-24,Lille,Strasbourg,1.0,0.0,H,11.0,11.0,3.0,3.0,18.0,18.0,4.0,6.0,2.0,3.0,0.0,0.0,2.25,3.3,3.3,2.37,3.38,3.3,,,,,,,,2021/2022
F1,2022-04-24,Reims,Marseille,0.0,1.0,A,10.0,14.0,3.0,3.0,14.0,7.0,3.0,4.0,1.0,1.0,0.0,0.0,3.8,3.3,2.05,4.13,3.35,2.07,,,,,,,,2021/2022
F1,2022-04-29,Strasbourg,Paris Saint-Germain,3.0,3.0,D,14.0,14.0,2.0,6.0,15.0,6.0,2.0,5.0,3.0,3.0,0.0,0.0,3.75,3.8,1.9,3.78,3.95,1.98,,,,,,,,2021/2022
F1,2022-04-30,Lens,Nantes,2.0,2.0,D,20.0,13.0,5.0,5.0,7.0,11.0,6.0,5.0,0.0,5.0,1.0,0.0,1.65,3.8,5.5,1.65,4.11,5.7,,,,,,,,2021/2022
F1,2022-04-30,Rennes,Saint-Etienne,2.0,0.0,H,13.0,8.0,3.0,3.0,11.0,15.0,4.0,3.0,1.0,4.0,0.0,0.0,1.33,5.5,8.0,1.34,5.86,9.38,,,,,,,,2021/2022
F1,2022-05-01,Monaco,Angers,2.0,0.0,H,15.0,11.0,7.0,5.0,14.0,12.0,8.0,5.0,2.0,2.0,0.0,0.0,1.4,4.75,8.0,1.38,5.31,8.99,,,,,,,,2021/2022
F1,2022-05-01,Troyes,Lille,3.0,0.0,H,9.0,10.0,5.0,1.0,9.0,13.0,1.0,4.0,0.0,4.0,0.0,2.0,3.6,3.25,2.15,3.79,3.3,2.19,,,,,,,,2021/2022
F1,2022-05-01,Brest,Clermont,2.0,0.0,H,8.0,16.0,4.0,7.0,7.0,16.0,5.0,13.0,2.0,2.0,1.0,0.0,2.3,3.4,3.1,2.32,3.47,3.3,,,,,,,,2021/2022
F1,2022-05-01,Montpellier,Metz,2.0,2.0,D,18.0,17.0,6.0,5.0,9.0,15.0,8.0,1.0,2.0,3.0,0.0,0.0,1.72,3.6,5.0,1.76,4.03,4.8,,,,,,,,2021/2022
F1,2022-05-01,Bordeaux,Nice,0.0,1.0,A,5.0,14.0,1.0,3.0,10.0,12.0,2.0,5.0,1.0,2.0,0.0,0.0,3.75,3.6,1.95,3.87,3.56,2.07,,,,,,,,2021/2022
F1,2022-05-01,Marseille,Lyon,0.0,3.0,A,9.0,12.0,2.0,5.0,5.0,13.0,3.0,6.0,2.0,1.0,0.0,0.0,2.25,3.5,3.0,2.35,3.7,3.06,,,,,,,,2021/2022
F1,2022-05-01,Lorient,Reims,1.0,2.0,A,20.0,12.0,8.0,2.0,15.0,13.0,7.0,3.0,2.0,1.0,0.0,0.0,2.25,3.2,3.4,2.34,3.29,3.45,,,,,,,,2021/2022
F1,2022-05-06,Lille,Monaco,1.0,2.0,A,15.0,9.0,5.0,3.0,10.0,8.0,3.0,5.0,4.0,1.0,0.0,0.0,3.75,3.6,1.95,3.95,3.78,1.98,,,,,,,,2021/2022
F1,2022-05-07,Brest,Strasbourg,0.0,1.0,A,7.0,14.0,2.0,5.0,5.0,15.0,5.0,5.0,1.0,2.0,0.0,0.0,5.0,3.8,1.7,4.93,4.18,1.72,,,,,,,,2021/2022
F1,2022-05-08,Lorient,Marseille,0.0,3.0,A,7.0,9.0,0.0,6.0,22.0,10.0,4.0,8.0,1.0,1.0,0.0,0.0,3.8,3.8,1.85,3.93,3.98,1.93,,,,,,,,2021/2022
F1,2022-05-08,Paris Saint-Germain,Troyes,2.0,2.0,D,17.0,9.0,7.0,3.0,10.0,19.0,7.0,4.0,1.0,2.0,0.0,0.0,1.16,7.0,17.0,1.18,8.09,17.77,,,,,,,,2021/2022
F1,2022-05-08,Metz,Lyon,3.0,2.0,H,15.0,17.0,8.0,5.0,19.0,8.0,3.0,7.0,3.0,2.0,0.0,1.0,7.0,5.0,1.4,7.66,5.26,1.42,,,,,,,,2021/2022
F1,2022-05-08,Angers,Bordeaux,4.0,1.0,H,13.0,7.0,8.0,3.0,14.0,18.0,6.0,3.0,1.0,5.0,0.0,0.0,2.1,3.5,3.4,2.13,3.61,3.61,,,,,,,,2021/2022
F1,2022-05-08,Clermont,Montpellier,2.0,1.0,H,12.0,10.0,4.0,2.0,10.0,15.0,5.0,3.0,2.0,4.0,0.0,0.0,1.9,3.8,3.8,1.92,4.19,3.81,,,,,,,,2021/2022
F1,2022-05-08,Reims,Lens,1.0,2.0,A,7.0,21.0,2.0,5.0,12.0,9.0,3.0,10.0,1.0,2.0,0.0,0.0,3.3,3.3,2.25,3.31,3.54,2.28,,,,,,,,2021/2022
F1,2022-05-11,Nice,Saint-Etienne,4.0,2.0,H,14.0,12.0,7.0,6.0,10.0,13.0,2.0,2.0,2.0,3.0,0.0,0.0,1.57,4.0,5.75,1.56,4.18,5.67,,,,,,,,2021/2022
F1,2022-05-11,Nantes,Rennes,2.0,1.0,H,9.0,17.0,3.0,5.0,13.0,9.0,5.0,5.0,2.0,1.0,0.0,0.0,4.75,4.0,1.66,4.92,4.15,1.64,,,,,,,,2021/2022
F1,2022-05-14,Bordeaux,Lorient,0.0,0.0,D,14.0,13.0,1.0,2.0,10.0,11.0,3.0,1.0,4.0,4.0,1.0,0.0,2.4,3.6,2.8,2.44,3.75,2.85,,,,,,,,2021/2022
F1,2022-05-14,Lyon,Nantes,3.0,2.0,H,17.0,17.0,6.0,6.0,12.0,10.0,5.0,6.0,1.0,0.0,0.0,0.0,1.44,5.25,5.75,1.45,5.35,6.52,,,,,,,,2021/2022
F1,2022-05-14,Metz,Angers,1.0,0.0,H,7.0,11.0,2.0,4.0,18.0,17.0,1.0,4.0,3.0,1.0,0.0,0.0,1.9,3.8,3.75,1.99,3.82,3.79,,,,,,,,2021/2022
F1,2022-05-14,Monaco,Brest,4.0,2.0,H,25.0,10.0,9.0,5.0,10.0,12.0,10.0,5.0,2.0,1.0,0.0,0.0,1.25,6.5,10.0,1.24,6.78,12.49,,,,,,,,2021/2022
F1,2022-05-14,Montpellier,Paris Saint-Germain,0.0,4.0,A,10.0,15.0,3.0,9.0,9.0,7.0,0.0,2.0,2.0,4.0,0.0,0.0,7.5,5.5,1.36,7.16,5.87,1.38,,,,,,,,2021/2022
F1,2022-05-14,Nice,Lille,1.0,3.0,A,16.0,9.0,6.0,5.0,11.0,9.0,10.0,3.0,2.0,3.0,0.0,0.0,1.72,4.0,4.5,1.69,4.3,4.85,,,,,,,,2021/2022
F1,2022-05-14,Rennes,Marseille,2.0,0.0,H,12.0,8.0,4.0,0.0,14.0,8.0,6.0,1.0,1.0,2.0,0.0,0.0,2.0,3.6,3.6,2.03,3.96,3.54,,,,,,,,2021/2022
F1,2022-05-14,Saint-Etienne,Reims,1.0,2.0,A,16.0,17.0,7.0,7.0,8.0,9.0,3.0,2.0,1.0,0.0,0.0,0.0,1.72,4.0,4.5,1.75,4.13,4.61,,,,,,,,2021/2022
F1,2022-05-14,Strasbourg,Clermont,1.0,0.0,H,11.0,11.0,6.0,3.0,13.0,9.0,3.0,2.0,1.0,2.0,0.0,0.0,1.45,4.75,6.5,1.47,4.76,7.05,,,,,,,,2021/2022
F1,2022-05-14,Troyes,Lens,1.0,3.0,A,6.0,15.0,2.0,9.0,9.0,9.0,5.0,7.0,1.0,2.0,0.0,0.0,3.4,3.6,2.1,3.29,3.82,2.16,,,,,,,,2021/2022
F1,2022-05-21,Lille,Rennes,2.0,2.0,D,13.0,13.0,4.0,3.0,12.0,0.0,7.0,4.0,2.0,2.0,0.0,0.0,4.33,3.75,1.8,4.19,4.1,1.83,,,,,,,,2021/2022
F1,2022-05-21,Brest,Bordeaux,2.0,4.0,A,11.0,15.0,7.0,7.0,10.0,12.0,10.0,1.0,1.0,0.0,0.0,0.0,1.9,4.0,3.5,1.94,4.26,3.58,,,,,,,,2021/2022
F1,2022-05-21,Clermont,Lyon,1.0,2.0,A,18.0,21.0,3.0,5.0,10.0,15.0,10.0,4.0,2.0,2.0,0.0,0.0,4.0,4.0,1.8,3.98,4.25,1.84,,,,,,,,2021/2022
F1,2022-05-21,Lens,Monaco,2.0,2.0,D,28.0,12.0,10.0,5.0,5.0,7.0,10.0,8.0,2.0,3.0,0.0,0.0,3.3,4.0,2.0,3.37,4.05,2.06,,,,,,,,2021/2022
F1,2022-05-21,Angers,Montpellier,2.0,0.0,H,19.0,14.0,3.0,1.0,17.0,12.0,4.0,3.0,1.0,4.0,0.0,0.0,2.0,3.75,3.5,2.03,3.98,3.51,,,,,,,,2021/2022
F1,2022-05-21,Reims,Nice,2.0,3.0,A,5.0,17.0,4.0,6.0,8.0,14.0,2.0,7.0,0.0,2.0,0.0,0.0,4.0,3.75,1.85,4.2,3.99,1.85,,,,,,,,2021/2022
F1,2022-05-21,Marseille,Strasbourg,4.0,0.0,H,17.0,10.0,11.0,4.0,11.0,16.0,7.0,3.0,2.0,1.0,0.0,0.0,2.05,3.6,3.6,2.03,3.6,3.88,,,,,,,,2021/2022
F1,2022-05-21,Nantes,Saint-Etienne,1.0,1.0,D,12.0,13.0,5.0,3.0,8.0,9.0,5.0,5.0,2.0,0.0,0.0,0.0,2.6,3.5,2.62,2.63,3.63,2.69,,,,,,,,2021/2022
F1,2022-05-21,Paris Saint-Germain,Metz,5.0,0.0,H,27.0,4.0,12.0,1.0,7.0,12.0,4.0,2.0,1.0,2.0,0.0,1.0,1.2,8.5,10.0,1.2,8.69,11.36,,,,,,,,2021/2022
F1,2022-05-21,Lorient,Troyes,1.0,1.0,D,17.0,8.0,6.0,3.0,18.0,10.0,6.0,4.0,2.0,2.0,0.0,1.0,2.15,3.5,3.4,2.14,3.66,3.48,,,,,,,,2021/2022
F1,2022-08-05,Lyon,Ajaccio,2.0,1.0,H,11.0,8.0,6.0,4.0,10.0,18.0,4.0,3.0,1.0,6.0,1.0,1.0,1.33,5.25,8.5,1.33,5.53,10.75,,,,,,,,2022/2023
F1,2022-08-06,Strasbourg,Monaco,1.0,2.0,A,11.0,24.0,7.0,11.0,18.0,15.0,3.0,7.0,0.0,2.0,0.0,0.0,2.62,3.25,2.75,2.64,3.4,2.86,,,,,,,,2022/2023
F1,2022-08-06,Clermont,Paris Saint-Germain,0.0,5.0,A,7.0,18.0,1.0,12.0,13.0,13.0,0.0,6.0,2.0,1.0,0.0,0.0,9.5,6.5,1.25,9.88,6.81,1.28,,,,,,,,2022/2023
F1,2022-08-07,Angers,Nantes,0.0,0.0,D,16.0,14.0,6.0,4.0,15.0,13.0,3.0,6.0,3.0,3.0,0.0,0.0,2.7,3.25,2.7,2.82,3.29,2.75,,,,,,,,2022/2023
F1,2022-08-07,Lille,Auxerre,4.0,1.0,H,16.0,10.0,7.0,2.0,10.0,9.0,7.0,2.0,2.0,1.0,0.0,0.0,1.7,4.0,4.5,1.73,4.05,5.04,,,,,,,,2022/2023
F1,2022-08-07,Lens,Brest,3.0,2.0,H,17.0,6.0,7.0,4.0,16.0,14.0,6.0,3.0,2.0,4.0,0.0,0.0,1.57,4.33,5.25,1.6,4.6,5.51,,,,,,,,2022/2023
F1,2022-08-07,Rennes,Lorient,0.0,1.0,A,21.0,8.0,6.0,2.0,11.0,5.0,7.0,2.0,3.0,1.0,0.0,0.0,1.36,5.25,8.5,1.36,5.56,9.19,,,,,,,,2022/2023
F1,2022-08-07,Montpellier,Troyes,3.0,2.0,H,17.0,15.0,6.0,10.0,13.0,10.0,3.0,6.0,1.0,0.0,0.0,0.0,2.2,3.5,3.3,2.21,3.53,3.49,,,,,,,,2022/2023
F1,2022-08-07,Marseille,Reims,4.0,1.0,H,16.0,16.0,6.0,6.0,14.0,10.0,6.0,7.0,2.0,0.0,0.0,0.0,1.57,4.2,5.5,1.61,4.1,6.32,,,,,,,,2022/2023
F1,2022-08-07,Toulouse,Nice,1.0,1.0,D,6.0,11.0,4.0,4.0,10.0,8.0,6.0,3.0,1.0,2.0,0.0,0.0,2.87,3.3,2.5,2.93,3.43,2.57,,,,,,,,2022/2023
F1,2022-08-12,Nantes,Lille,1.0,1.0,D,10.0,16.0,1.0,5.0,14.0,10.0,5.0,11.0,1.0,4.0,0.0,0.0,3.0,3.4,2.4,3.12,3.42,2.44,,,,,,,,2022/2023
F1,2022-08-13,Monaco,Rennes,1.0,1.0,D,12.0,24.0,4.0,8.0,6.0,11.0,1.0,6.0,0.0,3.0,1.0,0.0,2.15,3.5,3.25,2.21,3.68,3.36,,,,,,,,2022/2023
F1,2022-08-13,Paris Saint-Germain,Montpellier,5.0,2.0,H,20.0,7.0,10.0,4.0,15.0,18.0,11.0,0.0,2.0,1.0,0.0,0.0,1.08,12.0,21.0,1.1,11.52,25.32,,,,,,,,2022/2023
F1,2022-08-14,Reims,Clermont,2.0,4.0,A,9.0,10.0,6.0,5.0,18.0,8.0,1.0,6.0,3.0,3.0,1.0,0.0,2.15,3.2,3.6,2.18,3.24,3.93,,,,,,,,2022/2023
F1,2022-08-14,Auxerre,Angers,2.0,2.0,D,11.0,11.0,4.0,2.0,10.0,16.0,4.0,5.0,5.0,3.0,1.0,0.0,2.2,3.25,3.5,2.31,3.18,3.64,,,,,,,,2022/2023
F1,2022-08-14,Ajaccio,Lens,0.0,0.0,D,9.0,12.0,2.0,3.0,16.0,18.0,1.0,3.0,5.0,2.0,0.0,0.0,3.2,3.25,2.3,3.31,3.29,2.4,,,,,,,,2022/2023
F1,2022-08-14,Troyes,Toulouse,0.0,3.0,A,12.0,10.0,2.0,4.0,14.0,19.0,6.0,6.0,2.0,1.0,0.0,0.0,2.7,3.2,2.7,2.75,3.42,2.73,,,,,,,,2022/2023
F1,2022-08-14,Brest,Marseille,1.0,1.0,D,17.0,5.0,5.0,2.0,10.0,15.0,7.0,5.0,1.0,4.0,0.0,0.0,4.2,3.8,1.83,4.16,4.02,1.87,,,,,,,,2022/2023
F1,2022-08-14,Nice,Strasbourg,1.0,1.0,D,13.0,9.0,3.0,5.0,7.0,13.0,7.0,3.0,1.0,4.0,0.0,0.0,2.15,3.3,3.5,2.22,3.37,3.63,,,,,,,,2022/2023
F1,2022-08-19,Lyon,Troyes,4.0,1.0,H,16.0,4.0,8.0,1.0,9.0,7.0,4.0,5.0,0.0,1.0,0.0,0.0,1.28,5.75,9.0,1.3,6.19,9.6,,,,,,,,2022/2023
F1,2022-08-20,Monaco,Lens,1.0,4.0,A,12.0,14.0,5.0,6.0,18.0,13.0,3.0,5.0,4.0,0.0,1.0,0.0,1.75,3.8,4.33,1.78,4.1,4.6,,,,,,,,2022/2023
F1,2022-08-20,Marseille,Nantes,2.0,1.0,H,16.0,12.0,5.0,3.0,15.0,6.0,7.0,4.0,5.0,1.0,1.0,0.0,1.6,4.2,5.5,1.61,4.37,5.74,,,,,,,,2022/2023
F1,2022-08-21,Toulouse,Lorient,2.0,2.0,D,16.0,14.0,8.0,4.0,14.0,10.0,3.0,6.0,2.0,1.0,0.0,0.0,2.05,3.5,3.6,2.05,3.55,3.95,,,,,,,,2022/2023
F1,2022-08-21,Rennes,Ajaccio,2.0,1.0,H,16.0,10.0,7.0,3.0,13.0,11.0,4.0,8.0,5.0,2.0,2.0,0.0,1.4,4.75,8.0,1.43,4.68,8.97,,,,,,,,2022/2023
F1,2022-08-21,Strasbourg,Reims,1.0,1.0,D,12.0,12.0,3.0,6.0,12.0,16.0,5.0,4.0,1.0,4.0,0.0,0.0,1.75,3.5,4.75,1.84,3.52,5.09,,,,,,,,2022/2023
F1,2022-08-21,Angers,Brest,1.0,3.0,A,7.0,11.0,5.0,7.0,9.0,10.0,3.0,6.0,2.0,0.0,1.0,0.0,2.3,3.25,3.2,2.39,3.28,3.35,,,,,,,,2022/2023
F1,2022-08-21,Clermont,Nice,1.0,0.0,H,7.0,13.0,2.0,4.0,4.0,21.0,3.0,6.0,1.0,2.0,0.0,2.0,3.75,3.4,2.05,3.65,3.6,2.12,,,,,,,,2022/2023
F1,2022-08-21,Montpellier,Auxerre,1.0,2.0,A,13.0,7.0,7.0,2.0,10.0,13.0,7.0,2.0,1.0,3.0,2.0,2.0,2.1,3.4,3.5,2.11,3.75,3.53,,,,,,,,2022/2023
F1,2022-08-21,Lille,Paris Saint-Germain,1.0,7.0,A,16.0,16.0,10.0,9.0,13.0,8.0,2.0,4.0,2.0,1.0,0.0,0.0,6.0,4.75,1.5,6.49,4.8,1.51,,,,,,,,2022/2023
F1,2022-08-26,Ajaccio,Lille,1.0,3.0,A,13.0,7.0,2.0,4.0,13.0,13.0,6.0,0.0,3.0,2.0,0.0,0.0,3.4,3.2,2.2,3.64,3.2,2.3,,,,,,,,2022/2023
F1,2022-08-27,Auxerre,Strasbourg,1.0,0.0,H,7.0,14.0,3.0,4.0,4.0,6.0,2.0,5.0,0.0,1.0,0.0,0.0,3.5,3.6,2.05,3.79,3.5,2.11,,,,,,,,2022/2023
F1,2022-08-27,Lens,Rennes,2.0,1.0,H,17.0,12.0,4.0,6.0,15.0,13.0,7.0,2.0,0.0,1.0,0.0,0.0,2.55,3.5,2.7,2.6,3.51,2.83,,,,,,,,2022/2023
F1,2022-08-28,Nantes,Toulouse,3.0,1.0,H,16.0,9.0,8.0,3.0,11.0,9.0,4.0,5.0,0.0,3.0,0.0,0.0,2.37,3.3,3.0,2.44,3.38,3.16,,,,,,,,2022/2023
F1,2022-08-28,Brest,Montpellier,0.0,7.0,A,6.0,14.0,0.0,8.0,15.0,16.0,5.0,4.0,0.0,2.0,1.0,0.0,1.9,3.6,4.0,1.94,3.65,4.26,,,,,,,,2022/2023
F1,2022-08-28,Lorient,Clermont,2.0,1.0,H,22.0,9.0,9.0,2.0,12.0,9.0,3.0,4.0,1.0,3.0,0.0,1.0,2.05,3.4,3.8,2.06,3.52,3.94,,,,,,,,2022/2023
F1,2022-08-28,Nice,Marseille,0.0,3.0,A,16.0,13.0,2.0,4.0,7.0,15.0,7.0,5.0,1.0,1.0,0.0,0.0,2.7,3.5,2.55,2.85,3.54,2.58,,,,,,,,2022/2023
F1,2022-08-28,Troyes,Angers,3.0,1.0,H,25.0,7.0,11.0,3.0,8.0,12.0,8.0,3.0,2.0,3.0,0.0,1.0,2.45,3.3,2.9,2.5,3.42,3.04,,,,,,,,2022/2023
F1,2022-08-28,Reims,Lyon,1.0,1.0,D,8.0,18.0,5.0,5.0,12.0,12.0,2.0,7.0,1.0,1.0,1.0,0.0,4.2,4.0,1.75,4.29,4.13,1.82,,,,,,,,2022/2023
F1,2022-08-28,Paris Saint-Germain,Monaco,1.0,1.0,D,18.0,4.0,5.0,3.0,12.0,15.0,4.0,3.0,4.0,4.0,0.0,0.0,1.18,8.0,13.0,1.2,8.35,12.77,,,,,,,,2022/2023
F1,2022-08-31,Strasbourg,Nantes,1.0,1.0,D,5.0,12.0,2.0,3.0,13.0,18.0,3.0,6.0,0.0,3.0,0.0,0.0,1.85,3.6,4.2,1.93,3.76,4.15,,,,,,,,2022/2023
F1,2022-08-31,Angers,Reims,2.0,4.0,A,10.0,11.0,3.0,5.0,9.0,15.0,4.0,3.0,1.0,6.0,0.0,1.0,2.45,3.3,2.87,2.66,3.3,2.92,,,,,,,,2022/2023
F1,2022-08-31,Monaco,Troyes,2.0,4.0,A,8.0,19.0,6.0,11.0,13.0,11.0,8.0,6.0,3.0,1.0,1.0,0.0,1.36,5.25,8.0,1.37,5.56,8.53,,,,,,,,2022/2023
F1,2022-08-31,Montpellier,Ajaccio,2.0,0.0,H,9.0,15.0,4.0,0.0,9.0,17.0,3.0,8.0,2.0,4.0,1.0,1.0,2.1,3.3,3.6,2.15,3.41,3.79,,,,,,,,2022/2023
F1,2022-08-31,Lyon,Auxerre,2.0,1.0,H,20.0,6.0,8.0,2.0,13.0,13.0,9.0,3.0,0.0,2.0,0.0,0.0,1.28,6.0,8.5,1.3,6.4,9.32,,,,,,,,2022/2023
F1,2022-08-31,Rennes,Brest,3.0,1.0,H,16.0,7.0,9.0,2.0,11.0,6.0,7.0,3.0,2.0,0.0,0.0,0.0,1.45,4.75,6.5,1.51,4.93,6.22,,,,,,,,2022/2023
F1,2022-08-31,Lille,Nice,1.0,2.0,A,18.0,3.0,6.0,2.0,15.0,21.0,6.0,3.0,1.0,4.0,0.0,0.0,2.0,3.5,3.75,2.09,3.6,3.74,,,,,,,,2022/2023
F1,2022-08-31,Marseille,Clermont,1.0,0.0,H,21.0,3.0,7.0,0.0,16.0,12.0,7.0,1.0,2.0,2.0,0.0,0.0,1.36,5.0,8.5,1.4,5.25,8.38,,,,,,,,2022/2023
F1,2022-08-31,Toulouse,Paris Saint-Germain,0.0,3.0,A,14.0,20.0,7.0,13.0,10.0,7.0,3.0,9.0,1.0,0.0,0.0,0.0,13.0,7.0,1.2,11.03,7.21,1.25,,,,,,,,2022/2023
F1,2022-08-31,Lens,Lorient,5.0,2.0,H,15.0,10.0,8.0,3.0,10.0,6.0,4.0,5.0,1.0,3.0,0.0,0.0,1.53,4.0,6.5,1.56,4.47,6.2,,,,,,,,2022/2023
F1,2022-09-03,Auxerre,Marseille,0.0,2.0,A,8.0,15.0,2.0,7.0,8.0,14.0,4.0,1.0,1.0,1.0,0.0,0.0,4.75,4.0,1.66,4.88,4.14,1.73,,,,,,,,2022/2023
F1,2022-09-03,Lyon,Angers,5.0,0.0,H,16.0,8.0,9.0,3.0,5.0,9.0,13.0,3.0,2.0,1.0,0.0,0.0,1.28,5.75,10.0,1.32,6.23,9.49,,,,,,,,2022/2023
F1,2022-09-03,Nantes,Paris Saint-Germain,0.0,3.0,A,10.0,19.0,1.0,7.0,6.0,12.0,1.0,7.0,1.0,4.0,1.0,0.0,9.5,6.5,1.28,9.2,6.2,1.31,,,,,,,,2022/2023
F1,2022-09-04,Ajaccio,Lorient,0.0,1.0,A,16.0,7.0,3.0,4.0,16.0,12.0,3.0,3.0,4.0,1.0,0.0,0.0,2.45,3.2,2.9,2.53,3.25,3.14,,,,,,,,2022/2023
F1,2022-09-04,Montpellier,Lille,1.0,3.0,A,4.0,26.0,2.0,7.0,8.0,11.0,1.0,9.0,0.0,4.0,1.0,0.0,3.25,3.75,2.1,3.4,3.78,2.16,,,,,,,,2022/2023
F1,2022-09-04,Clermont,Toulouse,2.0,0.0,H,12.0,14.0,3.0,4.0,14.0,12.0,4.0,6.0,4.0,1.0,0.0,0.0,2.8,3.5,2.4,3.12,3.3,2.51,,,,,,,,2022/2023
F1,2022-09-04,Reims,Lens,1.0,1.0,D,17.0,20.0,4.0,4.0,9.0,11.0,4.0,4.0,2.0,2.0,0.0,1.0,3.2,3.5,2.25,3.23,3.58,2.31,,,,,,,,2022/2023
F1,2022-09-04,Brest,Strasbourg,1.0,1.0,D,11.0,10.0,2.0,3.0,15.0,9.0,7.0,3.0,3.0,1.0,0.0,1.0,2.8,3.4,2.45,2.87,3.43,2.62,,,,,,,,2022/2023
F1,2022-09-04,Nice,Monaco,0.0,1.0,A,12.0,14.0,5.0,2.0,10.0,12.0,3.0,6.0,2.0,1.0,0.0,0.0,2.7,3.6,2.37,2.82,3.73,2.51,,,,,,,,2022/2023
F1,2022-09-04,Troyes,Rennes,1.0,1.0,D,9.0,19.0,1.0,6.0,13.0,22.0,3.0,5.0,2.0,2.0,1.0,0.0,4.33,4.0,1.75,4.24,3.92,1.88,,,,,,,,2022/2023
F1,2022-09-07,Lorient,Lyon,3.0,1.0,H,11.0,15.0,6.0,7.0,8.0,18.0,1.0,6.0,1.0,3.0,0.0,0.0,4.5,4.5,1.65,4.64,4.42,1.72,,,,,,,,2022/2023
F1,2022-09-09,Lens,Troyes,1.0,0.0,H,12.0,7.0,3.0,2.0,16.0,10.0,9.0,1.0,2.0,1.0,0.0,0.0,1.5,4.5,6.0,1.52,4.75,6.35,,,,,,,,2022/2023
F1,2022-09-10,Paris Saint-Germain,Brest,1.0,0.0,H,13.0,6.0,4.0,3.0,13.0,16.0,3.0,5.0,4.0,2.0,0.0,0.0,1.07,13.0,23.0,1.09,13.43,27.31,,,,,,,,2022/2023
F1,2022-09-10,Marseille,Lille,2.0,1.0,H,14.0,7.0,7.0,3.0,22.0,17.0,4.0,3.0,5.0,1.0,0.0,0.0,1.95,3.75,3.75,2.03,3.61,3.93,,,,,,,,2022/2023
F1,2022-09-11,Angers,Montpellier,2.0,1.0,H,11.0,7.0,5.0,2.0,15.0,12.0,2.0,5.0,2.0,4.0,0.0,0.0,2.4,3.6,2.75,2.44,3.8,2.86,,,,,,,,2022/2023
F1,2022-09-11,Strasbourg,Clermont,0.0,0.0,D,12.0,10.0,4.0,4.0,20.0,15.0,3.0,5.0,4.0,2.0,1.0,0.0,1.66,3.75,5.5,1.7,3.75,5.85,,,,,,,,2022/2023
F1,2022-09-11,Toulouse,Reims,1.0,0.0,H,14.0,11.0,3.0,1.0,17.0,11.0,4.0,6.0,2.0,2.0,0.0,1.0,2.2,3.5,3.2,2.35,3.48,3.24,,,,,,,,2022/2023
F1,2022-09-11,Ajaccio,Nice,0.0,1.0,A,9.0,12.0,3.0,3.0,9.0,11.0,2.0,3.0,1.0,5.0,0.0,0.0,3.3,3.0,2.4,3.4,3.06,2.49,,,,,,,,2022/2023
F1,2022-09-11,Rennes,Auxerre,5.0,0.0,H,12.0,7.0,9.0,3.0,11.0,9.0,2.0,1.0,1.0,0.0,0.0,0.0,1.4,4.75,8.0,1.43,5.08,7.57,,,,,,,,2022/2023
F1,2022-09-11,Monaco,Lyon,2.0,1.0,H,11.0,20.0,4.0,6.0,12.0,9.0,1.0,6.0,1.0,2.0,0.0,0.0,2.5,3.5,2.7,2.55,3.72,2.77,,,,,,,,2022/2023
F1,2022-09-11,Lorient,Nantes,3.0,2.0,H,13.0,9.0,5.0,4.0,9.0,17.0,2.0,5.0,2.0,3.0,0.0,0.0,2.1,3.25,3.75,2.18,3.23,3.93,,,,,,,,2022/2023
F1,2022-09-16,Auxerre,Lorient,1.0,3.0,A,17.0,12.0,5.0,8.0,13.0,11.0,9.0,5.0,3.0,1.0,0.0,0.0,2.7,3.3,2.6,2.81,3.38,2.7,,,,,,,,2022/2023
F1,2022-09-17,Montpellier,Strasbourg,2.0,1.0,H,10.0,8.0,4.0,2.0,11.0,20.0,8.0,6.0,4.0,4.0,0.0,0.0,2.45,3.6,2.7,2.55,3.61,2.84,,,,,,,,2022/2023
F1,2022-09-17,Lille,Toulouse,2.0,1.0,H,10.0,14.0,4.0,5.0,20.0,14.0,5.0,7.0,2.0,0.0,0.0,0.0,1.75,3.9,4.5,1.79,4.13,4.49,,,,,,,,2022/2023
F1,2022-09-18,Nice,Angers,0.0,1.0,A,18.0,16.0,5.0,3.0,9.0,11.0,5.0,4.0,0.0,4.0,1.0,1.0,1.61,4.0,5.5,1.67,4.09,5.52,,,,,,,,2022/2023
F1,2022-09-18,Nantes,Lens,0.0,0.0,D,12.0,8.0,4.0,2.0,14.0,14.0,3.0,7.0,1.0,1.0,0.0,0.0,3.1,3.5,2.2,3.29,3.62,2.26,,,,,,,,2022/2023
F1,2022-09-18,Reims,Monaco,0.0,3.0,A,9.0,20.0,2.0,11.0,14.0,16.0,5.0,4.0,3.0,3.0,1.0,0.0,3.1,3.5,2.25,3.21,3.66,2.29,,,,,,,,2022/2023
F1,2022-09-18,Brest,Ajaccio,0.0,1.0,A,8.0,6.0,4.0,4.0,13.0,12.0,6.0,2.0,2.0,2.0,0.0,0.0,2.05,3.3,4.0,2.13,3.22,4.13,,,,,,,,2022/2023
F1,2022-09-18,Clermont,Troyes,1.0,3.0,A,14.0,9.0,2.0,4.0,8.0,15.0,5.0,1.0,0.0,3.0,0.0,0.0,2.25,3.4,3.2,2.36,3.41,3.28,,,,,,,,2022/2023
F1,2022-09-18,Marseille,Rennes,1.0,1.0,D,15.0,12.0,4.0,4.0,13.0,13.0,11.0,7.0,3.0,4.0,0.0,0.0,2.05,3.6,3.6,2.11,3.58,3.7,,,,,,,,2022/2023
F1,2022-09-18,Lyon,Paris Saint-Germain,0.0,1.0,A,12.0,15.0,3.0,8.0,14.0,4.0,3.0,7.0,0.0,2.0,0.0,0.0,4.5,4.75,1.61,4.53,4.9,1.67,,,,,,,,2022/2023
F1,2022-09-30,Angers,Marseille,0.0,3.0,A,16.0,15.0,5.0,7.0,9.0,14.0,6.0,3.0,0.0,0.0,0.0,0.0,4.5,3.8,1.72,4.64,3.97,1.79,,,,,,,,2022/2023
F1,2022-10-01,Strasbourg,Rennes,1.0,3.0,A,9.0,17.0,3.0,7.0,9.0,13.0,1.0,5.0,0.0,2.0,1.0,0.0,3.0,3.5,2.3,3.09,3.56,2.4,,,,,,,,2022/2023
F1,2022-10-01,Paris Saint-Germain,Nice,2.0,1.0,H,12.0,4.0,4.0,1.0,16.0,9.0,4.0,0.0,1.0,1.0,0.0,0.0,1.16,8.5,13.0,1.18,8.41,14.98,,,,,,,,2022/2023
F1,2022-10-02,Lorient,Lille,2.0,1.0,H,7.0,20.0,4.0,4.0,13.0,14.0,0.0,14.0,3.0,3.0,1.0,0.0,2.87,3.6,2.37,2.93,3.66,2.45,,,,,,,,2022/2023
F1,2022-10-02,Ajaccio,Clermont,1.0,3.0,A,12.0,7.0,3.0,3.0,13.0,10.0,4.0,4.0,3.0,3.0,0.0,0.0,2.2,3.1,3.6,2.26,3.21,3.73,,,,,,,,2022/2023
F1,2022-10-02,Auxerre,Brest,1.0,1.0,D,11.0,9.0,3.0,2.0,15.0,18.0,0.0,6.0,4.0,4.0,1.0,0.0,2.7,3.5,2.55,2.81,3.44,2.67,,,,,,,,2022/2023
F1,2022-10-02,Toulouse,Montpellier,4.0,2.0,H,12.0,23.0,6.0,6.0,13.0,6.0,3.0,12.0,5.0,4.0,1.0,0.0,1.85,3.8,3.75,1.93,3.96,3.98,,,,,,,,2022/2023
F1,2022-10-02,Troyes,Reims,2.0,2.0,D,19.0,5.0,6.0,2.0,13.0,13.0,10.0,2.0,4.0,2.0,0.0,1.0,2.5,3.4,2.8,2.59,3.41,2.92,,,,,,,,2022/2023
F1,2022-10-02,Monaco,Nantes,4.0,1.0,H,10.0,7.0,6.0,2.0,8.0,10.0,7.0,7.0,0.0,1.0,0.0,0.0,1.53,4.5,5.5,1.58,4.65,5.59,,,,,,,,2022/2023
F1,2022-10-02,Lens,Lyon,1.0,0.0,H,21.0,4.0,6.0,0.0,19.0,16.0,6.0,2.0,2.0,2.0,0.0,0.0,2.5,3.8,2.55,2.57,3.87,2.67,,,,,,,,2022/2023
F1,2022-10-07,Lyon,Toulouse,1.0,1.0,D,19.0,5.0,8.0,2.0,13.0,11.0,4.0,5.0,2.0,2.0,0.0,0.0,1.45,5.0,6.0,1.51,4.96,6.13,,,,,,,,2022/2023
F1,2022-10-08,Marseille,Ajaccio,1.0,2.0,A,10.0,6.0,2.0,1.0,17.0,18.0,11.0,2.0,0.0,2.0,0.0,0.0,1.33,4.75,10.0,1.39,4.69,10.86,,,,,,,,2022/2023
F1,2022-10-08,Reims,Paris Saint-Germain,0.0,0.0,D,24.0,11.0,4.0,3.0,20.0,12.0,7.0,3.0,3.0,5.0,0.0,1.0,7.0,5.5,1.4,7.54,5.45,1.41,,,,,,,,2022/2023
F1,2022-10-09,Clermont,Auxerre,2.0,1.0,H,10.0,14.0,6.0,5.0,4.0,17.0,4.0,4.0,0.0,0.0,0.0,0.0,2.1,3.5,3.5,2.17,3.43,3.69,,,,,,,,2022/2023
F1,2022-10-09,Angers,Strasbourg,2.0,3.0,A,14.0,15.0,8.0,7.0,16.0,14.0,6.0,6.0,1.0,1.0,0.0,0.0,2.62,3.4,2.6,2.69,3.41,2.8,,,,,,,,2022/2023
F1,2022-10-09,Brest,Lorient,1.0,2.0,A,12.0,14.0,4.0,5.0,14.0,13.0,7.0,8.0,3.0,1.0,0.0,0.0,2.3,3.5,3.0,2.35,3.51,3.2,,,,,,,,2022/2023
F1,2022-10-09,Lille,Lens,1.0,0.0,H,12.0,10.0,6.0,3.0,19.0,15.0,5.0,9.0,3.0,5.0,0.0,0.0,2.45,3.6,2.7,2.49,3.59,2.92,,,,,,,,2022/2023
F1,2022-10-09,Nice,Troyes,3.0,2.0,H,14.0,17.0,6.0,6.0,8.0,9.0,5.0,5.0,1.0,1.0,0.0,0.0,1.72,3.6,5.0,1.78,3.77,5.06,,,,,,,,2022/2023
F1,2022-10-09,Rennes,Nantes,3.0,0.0,H,14.0,8.0,4.0,3.0,13.0,14.0,4.0,3.0,1.0,0.0,1.0,0.0,1.5,4.33,6.0,1.52,4.73,6.43,,,,,,,,2022/2023
F1,2022-10-09,Montpellier,Monaco,0.0,2.0,A,11.0,11.0,1.0,7.0,13.0,16.0,7.0,2.0,2.0,3.0,0.0,0.0,3.6,4.0,1.9,3.74,4.21,1.93,,,,,,,,2022/2023
F1,2022-10-14,Strasbourg,Lille,0.0,3.0,A,12.0,10.0,1.0,7.0,12.0,17.0,3.0,0.0,3.0,1.0,0.0,0.0,3.1,3.3,2.37,3.18,3.42,2.41,,,,,,,,2022/2023
F1,2022-10-15,Lorient,Reims,0.0,0.0,D,10.0,7.0,3.0,2.0,10.0,17.0,2.0,2.0,1.0,3.0,0.0,2.0,2.25,3.4,3.25,2.34,3.39,3.33,,,,,,,,2022/2023
F1,2022-10-15,Lens,Montpellier,1.0,0.0,H,17.0,8.0,5.0,1.0,12.0,10.0,4.0,5.0,2.0,2.0,0.0,0.0,1.4,5.0,7.0,1.43,5.11,7.78,,,,,,,,2022/2023
F1,2022-10-16,Auxerre,Nice,1.0,1.0,D,11.0,9.0,3.0,2.0,11.0,3.0,2.0,6.0,0.0,0.0,0.0,0.0,3.6,3.5,2.05,3.65,3.57,2.13,,,,,,,,2022/2023
F1,2022-10-16,Toulouse,Angers,3.0,2.0,H,14.0,13.0,7.0,6.0,12.0,15.0,2.0,8.0,3.0,2.0,0.0,0.0,1.83,3.8,4.0,1.88,4.13,4.03,,,,,,,,2022/2023
F1,2022-10-16,Nantes,Brest,4.0,1.0,H,17.0,11.0,6.0,2.0,12.0,10.0,7.0,5.0,0.0,2.0,0.0,0.0,2.2,3.3,3.4,2.26,3.27,3.64,,,,,,,,2022/2023
F1,2022-10-16,Rennes,Lyon,3.0,2.0,H,14.0,7.0,5.0,5.0,13.0,14.0,3.0,2.0,2.0,2.0,0.0,0.0,2.3,3.7,2.87,2.37,3.59,3.11,,,,,,,,2022/2023
F1,2022-10-16,Troyes,Ajaccio,1.0,1.0,D,9.0,15.0,2.0,7.0,8.0,14.0,3.0,5.0,2.0,1.0,0.0,0.0,2.15,3.2,3.6,2.25,3.08,3.94,,,,,,,,2022/2023
F1,2022-10-16,Paris Saint-Germain,Marseille,1.0,0.0,H,23.0,18.0,8.0,7.0,9.0,16.0,7.0,6.0,1.0,0.0,0.0,1.0,1.36,5.5,7.5,1.36,5.72,8.51,,,,,,,,2022/2023
F1,2022-10-16,Monaco,Clermont,1.0,1.0,D,6.0,21.0,4.0,7.0,8.0,11.0,3.0,4.0,2.0,4.0,1.0,0.0,1.36,5.25,8.0,1.38,4.91,10.25,,,,,,,,2022/2023
F1,2022-10-21,Ajaccio,Paris Saint-Germain,0.0,3.0,A,8.0,11.0,1.0,6.0,13.0,13.0,3.0,8.0,0.0,1.0,0.0,0.0,9.0,5.5,1.3,11.81,5.6,1.31,,,,,,,,2022/2023
F1,2022-10-22,Montpellier,Lyon,1.0,2.0,A,10.0,21.0,4.0,10.0,9.0,18.0,4.0,7.0,2.0,2.0,1.0,1.0,4.0,3.8,1.85,4.07,4.13,1.86,,,,,,,,2022/2023
F1,2022-10-22,Marseille,Lens,0.0,1.0,A,13.0,12.0,3.0,4.0,19.0,20.0,7.0,3.0,3.0,3.0,0.0,0.0,2.15,3.5,3.3,2.21,3.57,3.45,,,,,,,,2022/2023
F1,2022-10-23,Reims,Auxerre,2.0,1.0,H,19.0,10.0,10.0,2.0,13.0,12.0,8.0,2.0,4.0,0.0,0.0,0.0,1.83,3.6,4.2,1.88,3.82,4.33,,,,,,,,2022/2023
F1,2022-10-23,Clermont,Brest,1.0,3.0,A,14.0,19.0,4.0,11.0,10.0,17.0,7.0,4.0,4.0,1.0,0.0,0.0,2.37,3.4,3.0,2.36,3.44,3.25,,,,,,,,2022/2023
F1,2022-10-23,Nice,Nantes,1.0,1.0,D,11.0,11.0,5.0,4.0,9.0,9.0,7.0,3.0,3.0,4.0,0.0,2.0,1.85,3.5,4.33,1.91,3.66,4.4,,,,,,,,2022/2023
F1,2022-10-23,Angers,Rennes,1.0,2.0,A,7.0,14.0,2.0,5.0,9.0,11.0,5.0,6.0,2.0,2.0,0.0,0.0,4.0,4.0,1.83,4.47,4.04,1.81,,,,,,,,2022/2023
F1,2022-10-23,Troyes,Lorient,2.0,2.0,D,13.0,21.0,4.0,5.0,8.0,9.0,3.0,6.0,2.0,0.0,0.0,0.0,2.3,3.5,3.0,2.47,3.56,2.98,,,,,,,,2022/2023
F1,2022-10-23,Lille,Monaco,4.0,3.0,H,20.0,9.0,7.0,6.0,8.0,10.0,6.0,6.0,1.0,2.0,0.0,0.0,2.45,3.7,2.7,2.47,3.74,2.86,,,,,,,,2022/2023
F1,2022-10-23,Toulouse,Strasbourg,2.0,2.0,D,17.0,11.0,6.0,5.0,14.0,8.0,6.0,6.0,2.0,1.0,1.0,0.0,2.2,3.5,3.2,2.28,3.67,3.21,,,,,,,,2022/2023
F1,2022-10-28,Lens,Toulouse,3.0,0.0,H,13.0,9.0,8.0,0.0,12.0,13.0,6.0,8.0,2.0,1.0,0.0,0.0,1.55,4.5,5.5,1.58,4.6,5.73,,,,,,,,2022/2023
F1,2022-10-29,Paris Saint-Germain,Troyes,4.0,3.0,H,19.0,16.0,11.0,5.0,9.0,12.0,8.0,4.0,0.0,3.0,0.0,0.0,1.09,11.0,23.0,1.1,11.96,27.94,,,,,,,,2022/2023
F1,2022-10-29,Strasbourg,Marseille,2.0,2.0,D,12.0,13.0,5.0,5.0,14.0,11.0,3.0,0.0,0.0,2.0,0.0,0.0,2.9,3.5,2.37,3.09,3.56,2.39,,,,,,,,2022/2023
F1,2022-10-30,Lorient,Nice,1.0,2.0,A,14.0,16.0,8.0,5.0,7.0,7.0,8.0,3.0,0.0,1.0,0.0,0.0,2.45,3.4,2.87,2.58,3.47,2.89,,,,,,,,2022/2023
F1,2022-10-30,Lyon,Lille,1.0,0.0,H,6.0,15.0,3.0,5.0,11.0,15.0,3.0,6.0,3.0,1.0,0.0,0.0,2.0,3.75,3.5,2.06,3.91,3.57,,,,,,,,2022/2023
F1,2022-10-30,Auxerre,Ajaccio,1.0,0.0,H,18.0,5.0,5.0,1.0,13.0,12.0,5.0,5.0,1.0,1.0,1.0,1.0,2.6,3.1,2.9,2.69,3.11,3.04,,,,,,,,2022/2023
F1,2022-10-30,Brest,Reims,0.0,0.0,D,12.0,11.0,4.0,3.0,15.0,13.0,5.0,5.0,1.0,1.0,0.0,0.0,2.62,3.3,2.7,2.68,3.49,2.75,,,,,,,,2022/2023
F1,2022-10-30,Monaco,Angers,2.0,0.0,H,8.0,8.0,5.0,4.0,18.0,15.0,7.0,0.0,3.0,3.0,0.0,0.0,1.4,5.25,7.0,1.39,5.53,7.84,,,,,,,,2022/2023
F1,2022-10-30,Nantes,Clermont,1.0,1.0,D,13.0,10.0,4.0,6.0,15.0,9.0,2.0,2.0,0.0,2.0,0.0,0.0,2.0,3.75,3.6,2.05,3.71,3.77,,,,,,,,2022/2023
F1,2022-10-30,Rennes,Montpellier,3.0,0.0,H,14.0,8.0,3.0,3.0,15.0,12.0,3.0,4.0,1.0,2.0,0.0,0.0,1.33,5.5,8.0,1.35,5.66,9.18,,,,,,,,2022/2023
F1,2022-11-04,Troyes,Auxerre,1.0,1.0,D,21.0,13.0,6.0,2.0,9.0,10.0,10.0,5.0,2.0,0.0,0.0,0.0,1.95,3.6,3.8,1.98,3.66,4.09,,,,,,,,2022/2023
F1,2022-11-05,Ajaccio,Strasbourg,4.0,2.0,H,12.0,9.0,7.0,5.0,15.0,20.0,4.0,3.0,0.0,4.0,1.0,0.0,2.8,3.2,2.62,2.89,3.22,2.74,,,,,,,,2022/2023
F1,2022-11-05,Angers,Lens,1.0,2.0,A,6.0,12.0,3.0,4.0,16.0,6.0,3.0,4.0,1.0,2.0,0.0,0.0,5.0,4.0,1.66,5.02,4.09,1.72,,,,,,,,2022/2023
F1,2022-11-06,Lorient,Paris Saint-Germain,1.0,2.0,A,9.0,15.0,2.0,8.0,10.0,9.0,5.0,8.0,1.0,1.0,0.0,0.0,9.5,6.5,1.28,10.48,6.6,1.27,,,,,,,,2022/2023
F1,2022-11-06,Clermont,Montpellier,1.0,1.0,D,16.0,7.0,7.0,3.0,14.0,17.0,5.0,1.0,1.0,2.0,0.0,0.0,2.37,3.5,2.9,2.46,3.53,3.01,,,,,,,,2022/2023
F1,2022-11-06,Nice,Brest,1.0,0.0,H,14.0,12.0,9.0,2.0,6.0,11.0,2.0,6.0,1.0,1.0,0.0,0.0,1.8,3.75,4.33,1.85,3.82,4.47,,,,,,,,2022/2023
F1,2022-11-06,Reims,Nantes,1.0,0.0,H,22.0,15.0,9.0,5.0,7.0,13.0,10.0,4.0,2.0,4.0,0.0,1.0,2.05,3.5,3.4,2.13,3.54,3.69,,,,,,,,2022/2023
F1,2022-11-06,Toulouse,Monaco,0.0,2.0,A,13.0,24.0,5.0,10.0,9.0,11.0,7.0,6.0,0.0,1.0,0.0,0.0,3.2,3.8,2.1,3.22,3.92,2.19,,,,,,,,2022/2023
F1,2022-11-06,Lille,Rennes,1.0,1.0,D,19.0,3.0,7.0,2.0,9.0,14.0,6.0,2.0,4.0,1.0,0.0,1.0,2.45,3.6,2.75,2.46,3.65,2.93,,,,,,,,2022/2023
F1,2022-11-06,Marseille,Lyon,1.0,0.0,H,6.0,11.0,2.0,4.0,9.0,13.0,6.0,4.0,0.0,1.0,0.0,0.0,2.2,3.5,3.2,2.28,3.59,3.27,,,,,,,,2022/2023
F1,2022-11-11,Lyon,Nice,1.0,1.0,D,9.0,13.0,3.0,3.0,7.0,7.0,3.0,4.0,1.0,0.0,0.0,0.0,1.75,3.8,4.5,1.79,4.01,4.6,,,,,,,,2022/2023
F1,2022-11-12,Lens,Clermont,2.0,1.0,H,16.0,5.0,3.0,2.0,19.0,17.0,5.0,3.0,1.0,3.0,0.0,0.0,1.44,4.75,7.5,1.43,5.03,7.96,,,,,,,,2022/2023
F1,2022-11-12,Rennes,Toulouse,2.0,1.0,H,16.0,10.0,8.0,4.0,9.0,10.0,4.0,4.0,0.0,0.0,0.0,0.0,1.5,4.5,6.0,1.54,4.73,6.1,,,,,,,,2022/2023
F1,2022-11-13,Monaco,Marseille,2.0,3.0,A,11.0,11.0,6.0,3.0,17.0,9.0,5.0,4.0,3.0,1.0,0.0,0.0,2.3,3.6,2.9,2.38,3.74,2.99,,,,,,,,2022/2023
F1,2022-11-13,Montpellier,Reims,1.0,1.0,D,16.0,17.0,8.0,4.0,15.0,15.0,11.0,7.0,2.0,2.0,0.0,0.0,2.5,3.4,2.8,2.59,3.59,2.8,,,,,,,,2022/2023
F1,2022-11-13,Lille,Angers,1.0,0.0,H,9.0,8.0,4.0,2.0,18.0,12.0,2.0,6.0,3.0,1.0,1.0,0.0,1.33,5.5,8.5,1.32,5.8,10.51,,,,,,,,2022/2023
F1,2022-11-13,Paris Saint-Germain,Auxerre,5.0,0.0,H,9.0,9.0,6.0,3.0,5.0,7.0,3.0,7.0,0.0,0.0,0.0,0.0,1.11,10.0,17.0,1.12,10.45,23.99,,,,,,,,2022/2023
F1,2022-11-13,Brest,Troyes,2.0,1.0,H,15.0,8.0,5.0,2.0,13.0,12.0,5.0,5.0,3.0,2.0,0.0,1.0,2.0,3.6,3.5,2.12,3.72,3.54,,,,,,,,2022/2023
F1,2022-11-13,Strasbourg,Lorient,1.0,1.0,D,20.0,6.0,4.0,2.0,9.0,9.0,4.0,2.0,4.0,1.0,0.0,0.0,2.15,3.5,3.3,2.18,3.65,3.45,,,,,,,,2022/2023
F1,2022-11-13,Nantes,Ajaccio,2.0,2.0,D,15.0,13.0,5.0,4.0,16.0,17.0,9.0,6.0,3.0,3.0,0.0,0.0,2.0,3.3,4.0,2.03,3.39,4.25,,,,,,,,2022/2023
F1,2022-12-28,Clermont,Lille,0.0,2.0,A,9.0,14.0,3.0,3.0,9.0,17.0,3.0,3.0,4.0,2.0,1.0,0.0,4.2,3.75,1.83,4.5,3.84,1.85,,,,,,,,2022/2023
F1,2022-12-28,Brest,Lyon,2.0,4.0,A,17.0,17.0,5.0,10.0,8.0,19.0,6.0,6.0,2.0,2.0,0.0,0.0,3.75,3.6,1.95,3.7,3.91,2.01,,,,,,,,2022/2023
F1,2022-12-28,Ajaccio,Angers,1.0,0.0,H,11.0,14.0,3.0,4.0,13.0,13.0,3.0,5.0,1.0,0.0,0.0,0.0,2.0,3.4,4.0,2.05,3.45,4.08,,,,,,,,2022/2023
F1,2022-12-28,Troyes,Nantes,0.0,0.0,D,6.0,19.0,2.0,5.0,9.0,13.0,4.0,4.0,0.0,2.0,0.0,0.0,2.38,3.6,2.88,2.49,3.58,2.93,,,,,,,,2022/2023
F1,2022-12-28,Auxerre,Monaco,2.0,3.0,A,11.0,6.0,6.0,3.0,9.0,15.0,1.0,3.0,1.0,0.0,0.0,0.0,4.5,4.0,1.73,4.52,4.02,1.81,,,,,,,,2022/2023
F1,2022-12-28,Paris Saint-Germain,Strasbourg,2.0,1.0,H,9.0,10.0,6.0,3.0,6.0,12.0,8.0,3.0,4.0,1.0,1.0,0.0,1.22,6.5,13.0,1.22,7.17,14.47,,,,,,,,2022/2023
F1,2022-12-29,Lorient,Montpellier,0.0,2.0,A,12.0,14.0,4.0,6.0,15.0,15.0,5.0,2.0,3.0,4.0,0.0,0.0,1.95,3.75,3.75,2.05,3.75,3.71,,,,,,,,2022/2023
F1,2022-12-29,Reims,Rennes,3.0,1.0,H,10.0,11.0,4.0,5.0,8.0,8.0,4.0,6.0,2.0,2.0,0.0,0.0,3.3,3.4,2.2,3.48,3.4,2.27,,,,,,,,2022/2023
F1,2022-12-29,Marseille,Toulouse,6.0,1.0,H,13.0,10.0,7.0,6.0,14.0,8.0,1.0,6.0,1.0,2.0,0.0,0.0,1.5,4.5,6.0,1.54,4.65,6.19,,,,,,,,2022/2023
F1,2022-12-29,Nice,Lens,0.0,0.0,D,9.0,10.0,5.0,2.0,11.0,18.0,4.0,6.0,2.0,3.0,0.0,0.0,3.2,3.0,2.45,3.25,3.06,2.58,,,,,,,,2022/2023
F1,2023-01-01,Angers,Lorient,1.0,2.0,A,14.0,10.0,6.0,5.0,16.0,9.0,7.0,7.0,3.0,0.0,0.0,0.0,2.75,3.4,2.5,2.82,3.59,2.57,,,,,,,,2022/2023
F1,2023-01-01,Monaco,Brest,1.0,0.0,H,17.0,13.0,5.0,6.0,23.0,14.0,7.0,5.0,3.0,4.0,0.0,0.0,1.5,4.75,5.5,1.56,4.66,5.95,,,,,,,,2022/2023
F1,2023-01-01,Nantes,Auxerre,1.0,0.0,H,10.0,14.0,3.0,6.0,10.0,19.0,3.0,7.0,1.0,2.0,0.0,0.0,1.85,3.4,4.33,1.9,3.55,4.65,,,,,,,,2022/2023
F1,2023-01-01,Toulouse,Ajaccio,2.0,0.0,H,11.0,1.0,4.0,0.0,15.0,15.0,5.0,2.0,3.0,1.0,0.0,0.0,2.0,3.4,3.8,2.04,3.38,4.2,,,,,,,,2022/2023
F1,2023-01-01,Lyon,Clermont,0.0,1.0,A,13.0,13.0,2.0,3.0,21.0,13.0,7.0,4.0,1.0,3.0,0.0,0.0,1.5,4.5,6.0,1.56,4.45,6.2,,,,,,,,2022/2023
F1,2023-01-01,Lens,Paris Saint-Germain,3.0,1.0,H,10.0,16.0,4.0,6.0,16.0,12.0,3.0,7.0,2.0,3.0,0.0,0.0,3.25,3.6,2.2,3.31,3.54,2.28,,,,,,,,2022/2023
F1,2023-01-02,Strasbourg,Troyes,2.0,3.0,A,17.0,9.0,7.0,5.0,10.0,12.0,3.0,1.0,1.0,2.0,0.0,0.0,1.8,3.8,4.33,1.87,3.89,4.33,,,,,,,,2022/2023
F1,2023-01-02,Lille,Reims,1.0,1.0,D,14.0,9.0,5.0,6.0,8.0,12.0,5.0,1.0,1.0,1.0,0.0,0.0,1.65,4.0,5.25,1.7,4.14,5.09,,,,,,,,2022/2023
F1,2023-01-02,Montpellier,Marseille,1.0,2.0,A,8.0,18.0,1.0,9.0,10.0,14.0,5.0,7.0,2.0,2.0,0.0,1.0,4.5,4.0,1.73,4.41,4.09,1.81,,,,,,,,2022/2023
F1,2023-01-02,Rennes,Nice,2.0,1.0,H,20.0,7.0,5.0,3.0,16.0,7.0,5.0,2.0,1.0,1.0,0.0,0.0,1.8,4.0,4.0,1.84,3.95,4.4,,,,,,,,2022/2023
F1,2023-01-11,Strasbourg,Lens,2.0,2.0,D,9.0,15.0,6.0,8.0,15.0,10.0,3.0,4.0,1.0,1.0,0.0,0.0,3.8,3.5,1.95,3.85,3.64,2.05,,,,,,,,2022/2023
F1,2023-01-11,Troyes,Marseille,0.0,2.0,A,5.0,13.0,1.0,4.0,12.0,13.0,4.0,7.0,2.0,3.0,0.0,0.0,5.0,4.0,1.67,5.03,4.18,1.7,,,,,,,,2022/2023
F1,2023-01-11,Ajaccio,Reims,0.0,1.0,A,11.0,9.0,1.0,3.0,20.0,22.0,2.0,2.0,3.0,3.0,0.0,0.0,3.1,3.1,2.5,3.18,3.24,2.51,,,,,,,,2022/2023
F1,2023-01-11,Auxerre,Toulouse,0.0,5.0,A,19.0,9.0,4.0,7.0,22.0,13.0,7.0,4.0,3.0,1.0,0.0,0.0,2.75,3.3,2.6,2.83,3.41,2.66,,,,,,,,2022/2023
F1,2023-01-11,Brest,Lille,0.0,0.0,D,5.0,11.0,0.0,4.0,15.0,12.0,0.0,8.0,0.0,1.0,0.0,0.0,4.0,3.6,1.91,4.05,3.7,1.98,,,,,,,,2022/2023
F1,2023-01-11,Clermont,Rennes,2.0,1.0,H,11.0,9.0,5.0,2.0,12.0,13.0,4.0,1.0,0.0,2.0,0.0,2.0,4.2,3.5,1.91,4.1,3.66,1.97,,,,,,,,2022/2023
F1,2023-01-11,Nantes,Lyon,0.0,0.0,D,13.0,10.0,5.0,6.0,12.0,15.0,6.0,1.0,2.0,3.0,0.0,0.0,3.3,3.4,2.2,3.39,3.43,2.29,,,,,,,,2022/2023
F1,2023-01-11,Lorient,Monaco,2.0,2.0,D,8.0,16.0,6.0,4.0,8.0,13.0,3.0,4.0,1.0,1.0,0.0,0.0,3.8,3.75,1.91,3.96,3.9,1.94,,,,,,,,2022/2023
F1,2023-01-11,Nice,Montpellier,6.0,1.0,H,16.0,4.0,10.0,2.0,16.0,17.0,3.0,4.0,1.0,1.0,0.0,0.0,1.8,3.6,4.5,1.85,3.73,4.68,,,,,,,,2022/2023
F1,2023-01-11,Paris Saint-Germain,Angers,2.0,0.0,H,9.0,6.0,6.0,0.0,5.0,10.0,5.0,1.0,1.0,2.0,0.0,0.0,1.11,10.0,19.0,1.13,10.7,19.37,,,,,,,,2022/2023
F1,2023-01-14,Lens,Auxerre,1.0,0.0,H,10.0,6.0,2.0,1.0,21.0,16.0,9.0,2.0,2.0,4.0,0.0,1.0,1.36,4.75,9.0,1.38,5.09,9.65,,,,,,,,2022/2023
F1,2023-01-14,Marseille,Lorient,3.0,1.0,H,16.0,11.0,8.0,3.0,14.0,12.0,6.0,3.0,1.0,0.0,0.0,0.0,1.4,5.0,7.5,1.41,5.24,7.96,,,,,,,,2022/2023
F1,2023-01-14,Lyon,Strasbourg,1.0,2.0,A,28.0,8.0,7.0,6.0,10.0,16.0,14.0,2.0,1.0,3.0,0.0,0.0,1.6,4.2,5.25,1.63,4.38,5.49,,,,,,,,2022/2023
F1,2023-01-15,Lille,Troyes,5.0,1.0,H,23.0,10.0,13.0,2.0,12.0,5.0,7.0,2.0,1.0,0.0,0.0,0.0,1.4,4.75,8.0,1.42,5.23,7.71,,,,,,,,2022/2023
F1,2023-01-15,Angers,Clermont,1.0,2.0,A,5.0,10.0,1.0,6.0,15.0,11.0,3.0,1.0,2.0,2.0,0.0,0.0,2.45,3.4,2.88,2.48,3.59,2.94,,,,,,,,2022/2023
F1,2023-01-15,Montpellier,Nantes,0.0,3.0,A,11.0,12.0,5.0,7.0,13.0,14.0,3.0,5.0,1.0,2.0,2.0,0.0,2.55,3.4,2.75,2.62,3.51,2.81,,,,,,,,2022/2023
F1,2023-01-15,Reims,Nice,0.0,0.0,D,13.0,6.0,2.0,4.0,5.0,5.0,5.0,3.0,1.0,1.0,0.0,0.0,2.4,3.25,3.0,2.53,3.37,3.03,,,,,,,,2022/2023
F1,2023-01-15,Toulouse,Brest,1.0,1.0,D,16.0,17.0,7.0,5.0,16.0,12.0,10.0,5.0,2.0,2.0,0.0,0.0,1.95,3.6,3.75,2.03,3.62,3.93,,,,,,,,2022/2023
F1,2023-01-15,Monaco,Ajaccio,7.0,1.0,H,11.0,5.0,8.0,2.0,8.0,14.0,3.0,3.0,1.0,2.0,0.0,0.0,1.4,4.75,8.0,1.43,4.89,8.08,,,,,,,,2022/2023
F1,2023-01-15,Rennes,Paris Saint-Germain,1.0,0.0,H,8.0,8.0,6.0,1.0,8.0,17.0,4.0,5.0,0.0,0.0,0.0,0.0,5.0,4.75,1.57,5.5,4.75,1.58,,,,,,,,2022/2023
F1,2023-01-27,Lorient,Rennes,2.0,1.0,H,4.0,19.0,4.0,6.0,4.0,6.0,2.0,10.0,1.0,1.0,0.0,0.0,4.0,3.5,1.95,4.1,3.6,1.99,,,,,,,,2022/2023
F1,2023-01-28,Troyes,Lens,1.0,1.0,D,6.0,21.0,1.0,5.0,12.0,7.0,3.0,11.0,2.0,2.0,0.0,0.0,5.0,3.8,1.7,5.2,4.03,1.71,,,,,,,,2022/2023
F1,2023-01-28,Marseille,Monaco,1.0,1.0,D,22.0,11.0,6.0,4.0,7.0,9.0,6.0,3.0,2.0,2.0,0.0,0.0,2.1,3.6,3.4,2.12,3.79,3.49,,,,,,,,2022/2023
F1,2023-01-29,Nice,Lille,1.0,0.0,H,12.0,16.0,6.0,7.0,12.0,11.0,5.0,7.0,3.0,2.0,0.0,0.0,2.9,3.25,2.5,2.98,3.35,2.58,,,,,,,,2022/2023
F1,2023-01-29,Auxerre,Montpellier,0.0,2.0,A,16.0,4.0,5.0,3.0,13.0,18.0,5.0,3.0,1.0,3.0,0.0,0.0,2.45,3.3,3.0,2.51,3.43,3.01,,,,,,,,2022/2023
F1,2023-01-29,Brest,Angers,4.0,0.0,H,9.0,8.0,7.0,1.0,10.0,17.0,4.0,5.0,0.0,2.0,0.0,0.0,2.15,3.4,3.4,2.16,3.51,3.65,,,,,,,,2022/2023
F1,2023-01-29,Clermont,Nantes,0.0,0.0,D,9.0,4.0,0.0,0.0,9.0,23.0,9.0,1.0,2.0,1.0,0.0,0.0,2.4,3.25,3.1,2.44,3.34,3.19,,,,,,,,2022/2023
F1,2023-01-29,Strasbourg,Toulouse,1.0,2.0,A,11.0,10.0,2.0,3.0,14.0,10.0,4.0,2.0,2.0,2.0,1.0,0.0,2.3,3.5,3.1,2.39,3.49,3.17,,,,,,,,2022/2023
F1,2023-01-29,Ajaccio,Lyon,0.0,2.0,A,16.0,8.0,5.0,2.0,22.0,18.0,5.0,1.0,2.0,3.0,0.0,0.0,4.5,3.6,1.83,4.93,3.72,1.81,,,,,,,,2022/2023
F1,2023-01-29,Paris Saint-Germain,Reims,1.0,1.0,D,12.0,17.0,5.0,4.0,5.0,10.0,3.0,3.0,2.0,1.0,1.0,0.0,1.22,7.0,11.0,1.26,6.81,11.08,,,,,,,,2022/2023
F1,2023-02-01,Nantes,Marseille,0.0,2.0,A,12.0,13.0,2.0,4.0,14.0,16.0,5.0,7.0,4.0,3.0,0.0,0.0,4.5,3.8,1.75,4.72,3.88,1.81,,,,,,,,2022/2023
F1,2023-02-01,Angers,Ajaccio,1.0,2.0,A,6.0,9.0,2.0,4.0,18.0,11.0,2.0,6.0,1.0,2.0,1.0,0.0,2.25,3.2,3.4,2.34,3.15,3.61,,,,,,,,2022/2023
F1,2023-02-01,Lille,Clermont,0.0,0.0,D,22.0,13.0,5.0,5.0,15.0,11.0,8.0,3.0,0.0,1.0,0.0,0.0,1.5,4.2,7.0,1.52,4.5,7.0,,,,,,,,2022/2023
F1,2023-02-01,Reims,Lorient,4.0,2.0,H,31.0,12.0,9.0,5.0,11.0,7.0,5.0,7.0,1.0,0.0,0.0,0.0,1.8,3.6,4.5,1.87,3.73,4.52,,,,,,,,2022/2023
F1,2023-02-01,Toulouse,Troyes,4.0,1.0,H,13.0,11.0,6.0,3.0,12.0,14.0,8.0,0.0,2.0,3.0,0.0,0.0,1.73,4.0,4.33,1.78,4.13,4.58,,,,,,,,2022/2023
F1,2023-02-01,Lens,Nice,0.0,1.0,A,9.0,14.0,4.0,6.0,12.0,8.0,5.0,3.0,0.0,2.0,0.0,0.0,1.73,3.4,5.5,1.75,3.66,5.58,,,,,,,,2022/2023
F1,2023-02-01,Monaco,Auxerre,3.0,2.0,H,16.0,11.0,6.0,3.0,11.0,7.0,5.0,4.0,0.0,0.0,0.0,0.0,1.33,5.5,9.0,1.35,5.69,9.21,,,,,,,,2022/2023
F1,2023-02-01,Montpellier,Paris Saint-Germain,1.0,3.0,A,6.0,19.0,3.0,8.0,9.0,12.0,1.0,3.0,1.0,1.0,0.0,0.0,8.5,6.0,1.3,8.54,6.09,1.34,,,,,,,,2022/2023
F1,2023-02-01,Lyon,Brest,0.0,0.0,D,28.0,8.0,8.0,1.0,10.0,13.0,15.0,2.0,0.0,0.0,0.0,0.0,1.5,4.33,6.5,1.54,4.71,6.04,,,,,,,,2022/2023
F1,2023-02-01,Rennes,Strasbourg,3.0,0.0,H,6.0,3.0,3.0,0.0,12.0,13.0,4.0,0.0,0.0,1.0,0.0,0.0,1.55,4.0,6.5,1.58,4.29,6.29,,,,,,,,2022/2023
F1,2023-02-04,Paris Saint-Germain,Toulouse,2.0,1.0,H,22.0,14.0,5.0,5.0,9.0,14.0,6.0,2.0,2.0,2.0,0.0,0.0,1.36,5.25,7.5,1.38,5.63,7.98,,,,,,,,2022/2023
F1,2023-02-04,Troyes,Lyon,1.0,3.0,A,8.0,10.0,2.0,6.0,10.0,14.0,5.0,6.0,0.0,1.0,0.0,0.0,4.5,4.2,1.7,4.65,4.25,1.74,,,,,,,,2022/2023
F1,2023-02-04,Rennes,Lille,1.0,3.0,A,10.0,15.0,6.0,6.0,16.0,9.0,2.0,1.0,1.0,2.0,0.0,0.0,2.25,3.5,3.1,2.36,3.47,3.22,,,,,,,,2022/2023
F1,2023-02-05,Auxerre,Reims,0.0,0.0,D,12.0,8.0,3.0,4.0,13.0,10.0,4.0,5.0,2.0,0.0,0.0,0.0,3.5,3.5,2.1,3.58,3.6,2.15,,,,,,,,2022/2023
F1,2023-02-05,Clermont,Monaco,0.0,2.0,A,8.0,14.0,3.0,5.0,9.0,21.0,2.0,4.0,1.0,2.0,0.0,0.0,3.8,3.8,1.85,4.2,3.84,1.91,,,,,,,,2022/2023
F1,2023-02-05,Strasbourg,Montpellier,2.0,0.0,H,6.0,11.0,2.0,0.0,11.0,16.0,4.0,7.0,3.0,1.0,1.0,0.0,2.05,3.3,3.8,2.16,3.37,3.82,,,,,,,,2022/2023
F1,2023-02-05,Ajaccio,Nantes,0.0,2.0,A,8.0,7.0,2.0,3.0,16.0,16.0,2.0,2.0,2.0,1.0,1.0,0.0,2.75,3.1,2.7,2.91,3.09,2.81,,,,,,,,2022/2023
F1,2023-02-05,Brest,Lens,1.0,1.0,D,16.0,20.0,3.0,7.0,15.0,9.0,11.0,5.0,4.0,2.0,0.0,0.0,4.5,3.6,1.75,4.67,3.79,1.83,,,,,,,,2022/2023
F1,2023-02-05,Marseille,Nice,1.0,3.0,A,22.0,14.0,5.0,8.0,10.0,5.0,9.0,1.0,0.0,1.0,0.0,0.0,1.7,4.0,4.75,1.73,3.9,5.27,,,,,,,,2022/2023
F1,2023-02-05,Lorient,Angers,0.0,0.0,D,13.0,13.0,2.0,5.0,16.0,16.0,8.0,6.0,2.0,4.0,0.0,0.0,1.85,3.6,4.2,1.9,3.64,4.48,,,,,,,,2022/2023
F1,2023-02-10,Nice,Ajaccio,3.0,0.0,H,11.0,6.0,3.0,3.0,9.0,7.0,5.0,5.0,1.0,0.0,0.0,0.0,1.57,3.8,6.5,1.61,3.91,6.84,,,,,,,,2022/2023
F1,2023-02-11,Monaco,Paris Saint-Germain,3.0,1.0,H,19.0,7.0,9.0,2.0,9.0,11.0,3.0,2.0,0.0,1.0,0.0,0.0,2.63,3.4,2.6,2.68,3.64,2.67,,,,,,,,2022/2023
F1,2023-02-11,Clermont,Marseille,0.0,2.0,A,9.0,17.0,4.0,5.0,15.0,16.0,3.0,4.0,4.0,3.0,0.0,0.0,5.5,3.5,1.7,5.58,3.87,1.7,,,,,,,,2022/2023
F1,2023-02-12,Nantes,Lorient,1.0,0.0,H,13.0,9.0,6.0,5.0,12.0,11.0,7.0,3.0,0.0,0.0,0.0,0.0,2.0,3.5,3.75,2.05,3.56,3.93,,,,,,,,2022/2023
F1,2023-02-12,Lyon,Lens,2.0,1.0,H,11.0,14.0,5.0,4.0,15.0,11.0,2.0,5.0,1.0,1.0,0.0,0.0,2.3,3.5,2.9,2.43,3.52,3.07,,,,,,,,2022/2023
F1,2023-02-12,Toulouse,Rennes,3.0,1.0,H,13.0,13.0,7.0,4.0,12.0,17.0,2.0,7.0,1.0,1.0,0.0,0.0,3.2,3.3,2.3,3.16,3.54,2.36,,,,,,,,2022/2023
F1,2023-02-12,Angers,Auxerre,1.0,1.0,D,10.0,15.0,5.0,4.0,10.0,9.0,6.0,4.0,2.0,0.0,0.0,0.0,2.2,3.5,3.2,2.29,3.47,3.36,,,,,,,,2022/2023
F1,2023-02-12,Lille,Strasbourg,2.0,0.0,H,14.0,5.0,10.0,0.0,13.0,13.0,5.0,4.0,1.0,2.0,0.0,0.0,1.45,4.5,6.5,1.49,4.51,7.57,,,,,,,,2022/2023
F1,2023-02-12,Montpellier,Brest,3.0,0.0,H,16.0,10.0,7.0,2.0,15.0,20.0,4.0,3.0,1.0,2.0,0.0,0.0,2.38,3.3,3.0,2.41,3.39,3.2,,,,,,,,2022/2023
F1,2023-02-12,Reims,Troyes,4.0,0.0,H,20.0,7.0,10.0,2.0,13.0,14.0,5.0,2.0,1.0,2.0,0.0,0.0,1.55,4.33,5.75,1.58,4.46,5.96,,,,,,,,2022/2023
F1,2023-02-17,Auxerre,Lyon,2.0,1.0,H,8.0,6.0,3.0,4.0,17.0,12.0,6.0,4.0,4.0,2.0,0.0,0.0,4.0,3.6,1.95,4.14,3.69,1.96,,,,,,,,2022/2023
F1,2023-02-18,Nice,Reims,0.0,0.0,D,16.0,10.0,1.0,2.0,9.0,13.0,9.0,0.0,1.0,1.0,0.0,0.0,2.1,3.4,3.5,2.17,3.42,3.72,,,,,,,,2022/2023
F1,2023-02-18,Strasbourg,Angers,2.0,1.0,H,18.0,10.0,5.0,3.0,14.0,16.0,4.0,5.0,3.0,3.0,0.0,0.0,1.83,3.5,4.5,1.88,3.64,4.58,,,,,,,,2022/2023
F1,2023-02-19,Paris Saint-Germain,Lille,4.0,3.0,H,12.0,16.0,10.0,7.0,9.0,19.0,3.0,6.0,2.0,4.0,0.0,0.0,1.62,4.0,5.5,1.65,4.33,5.32,,,,,,,,2022/2023
F1,2023-02-19,Brest,Monaco,1.0,2.0,A,13.0,10.0,3.0,3.0,7.0,10.0,5.0,5.0,1.0,2.0,0.0,0.0,4.5,3.6,1.8,4.63,3.99,1.79,,,,,,,,2022/2023
F1,2023-02-19,Lorient,Ajaccio,3.0,0.0,H,10.0,12.0,6.0,3.0,11.0,14.0,2.0,2.0,0.0,2.0,0.0,0.0,2.0,3.4,3.8,2.11,3.3,4.08,,,,,,,,2022/2023
F1,2023-02-19,Rennes,Clermont,2.0,0.0,H,18.0,7.0,6.0,3.0,9.0,10.0,2.0,7.0,0.0,2.0,0.0,0.0,1.57,3.8,6.5,1.6,4.12,6.39,,,,,,,,2022/2023
F1,2023-02-19,Troyes,Montpellier,0.0,1.0,A,4.0,19.0,2.0,7.0,12.0,9.0,2.0,10.0,2.0,1.0,1.0,1.0,2.75,3.25,2.6,2.92,3.32,2.64,,,,,,,,2022/2023
F1,2023-02-19,Lens,Nantes,3.0,1.0,H,19.0,6.0,6.0,3.0,9.0,15.0,2.0,5.0,0.0,0.0,0.0,0.0,1.5,4.0,7.0,1.52,4.43,7.05,,,,,,,,2022/2023
F1,2023-02-19,Toulouse,Marseille,2.0,3.0,A,15.0,15.0,6.0,7.0,8.0,10.0,3.0,10.0,0.0,2.0,0.0,0.0,3.8,3.75,1.91,3.9,3.9,1.96,,,,,,,,2022/2023
F1,2023-02-24,Lille,Brest,2.0,1.0,H,18.0,3.0,4.0,0.0,8.0,11.0,11.0,2.0,2.0,2.0,0.0,1.0,1.36,5.0,8.5,1.37,5.25,8.91,,,,,,,,2022/2023
F1,2023-02-25,Angers,Lyon,1.0,3.0,A,11.0,7.0,2.0,5.0,16.0,6.0,2.0,2.0,0.0,0.0,0.0,0.0,5.0,4.0,1.67,5.07,3.98,1.74,,,,,,,,2022/2023
F1,2023-02-25,Montpellier,Lens,1.0,1.0,D,8.0,19.0,3.0,6.0,12.0,13.0,4.0,6.0,0.0,3.0,0.0,0.0,4.33,3.75,1.8,4.6,3.72,1.86,,,,,,,,2022/2023
F1,2023-02-26,Monaco,Nice,0.0,3.0,A,15.0,12.0,4.0,7.0,8.0,12.0,5.0,3.0,0.0,1.0,0.0,0.0,2.0,3.6,3.6,2.06,3.65,3.78,,,,,,,,2022/2023
F1,2023-02-26,Nantes,Rennes,0.0,1.0,A,20.0,11.0,7.0,3.0,8.0,12.0,12.0,4.0,2.0,2.0,0.0,0.0,3.5,3.3,2.15,3.56,3.41,2.23,,,,,,,,2022/2023
F1,2023-02-26,Ajaccio,Troyes,2.0,1.0,H,14.0,11.0,6.0,5.0,8.0,15.0,6.0,3.0,2.0,2.0,0.0,1.0,2.2,3.1,3.5,2.29,3.23,3.62,,,,,,,,2022/2023
F1,2023-02-26,Lorient,Auxerre,0.0,1.0,A,18.0,9.0,4.0,1.0,12.0,21.0,10.0,0.0,2.0,3.0,0.0,0.0,2.05,3.4,3.6,2.12,3.58,3.69,,,,,,,,2022/2023
F1,2023-02-26,Clermont,Strasbourg,1.0,1.0,D,11.0,12.0,4.0,6.0,17.0,25.0,7.0,2.0,1.0,4.0,0.0,0.0,2.55,3.2,2.88,2.65,3.24,2.98,,,,,,,,2022/2023
F1,2023-02-26,Marseille,Paris Saint-Germain,0.0,3.0,A,19.0,12.0,6.0,7.0,20.0,14.0,7.0,4.0,0.0,0.0,0.0,0.0,2.75,3.6,2.4,2.81,3.75,2.5,,,,,,,,2022/2023
F1,2023-02-26,Reims,Toulouse,3.0,0.0,H,18.0,13.0,6.0,6.0,12.0,14.0,4.0,2.0,0.0,0.0,0.0,0.0,2.1,3.5,3.5,2.16,3.53,3.62,,,,,,,,2022/2023
F1,2023-03-03,Nice,Auxerre,1.0,1.0,D,17.0,3.0,5.0,1.0,10.0,12.0,8.0,0.0,0.0,1.0,0.0,0.0,1.65,3.75,5.75,1.66,3.84,5.97,,,,,,,,2022/2023
F1,2023-03-04,Lens,Lille,1.0,1.0,D,10.0,11.0,1.0,6.0,18.0,14.0,10.0,3.0,2.0,4.0,0.0,0.0,2.38,3.3,3.0,2.41,3.45,3.1,,,,,,,,2022/2023
F1,2023-03-04,Paris Saint-Germain,Nantes,4.0,2.0,H,17.0,8.0,11.0,5.0,7.0,8.0,4.0,6.0,0.0,2.0,0.0,0.0,1.3,5.5,10.0,1.33,5.89,9.22,,,,,,,,2022/2023
F1,2023-03-05,Troyes,Monaco,2.0,2.0,D,13.0,17.0,6.0,4.0,8.0,8.0,3.0,4.0,0.0,1.0,0.0,0.0,5.75,4.5,1.5,6.04,4.81,1.52,,,,,,,,2022/2023
F1,2023-03-05,Montpellier,Angers,5.0,0.0,H,15.0,10.0,8.0,4.0,10.0,18.0,6.0,5.0,1.0,4.0,0.0,1.0,1.75,3.6,4.75,1.76,3.73,5.11,,,,,,,,2022/2023
F1,2023-03-05,Reims,Ajaccio,1.0,0.0,H,12.0,5.0,3.0,1.0,19.0,21.0,2.0,1.0,3.0,3.0,0.0,0.0,1.62,3.8,6.0,1.6,3.97,6.51,,,,,,,,2022/2023
F1,2023-03-05,Strasbourg,Brest,0.0,1.0,A,17.0,8.0,4.0,1.0,14.0,17.0,9.0,2.0,2.0,1.0,0.0,0.0,2.0,3.25,4.2,2.02,3.3,4.32,,,,,,,,2022/2023
F1,2023-03-05,Toulouse,Clermont,0.0,1.0,A,9.0,12.0,0.0,3.0,20.0,4.0,4.0,5.0,4.0,1.0,0.0,0.0,1.75,3.75,4.75,1.81,3.85,4.6,,,,,,,,2022/2023
F1,2023-03-05,Lyon,Lorient,0.0,0.0,D,17.0,11.0,5.0,1.0,19.0,6.0,6.0,5.0,1.0,0.0,0.0,0.0,1.53,4.33,6.0,1.56,4.5,5.92,,,,,,,,2022/2023
F1,2023-03-05,Rennes,Marseille,0.0,1.0,A,13.0,11.0,2.0,4.0,10.0,10.0,4.0,3.0,1.0,1.0,0.0,0.0,2.75,3.5,2.5,2.84,3.54,2.54,,,,,,,,2022/2023
F1,2023-03-10,Lille,Lyon,3.0,3.0,D,8.0,6.0,6.0,5.0,20.0,19.0,4.0,0.0,5.0,4.0,0.0,0.0,1.85,3.75,4.0,1.94,3.85,4.02,,,,,,,,2022/2023
F1,2023-03-11,Auxerre,Rennes,0.0,0.0,D,12.0,7.0,0.0,2.0,14.0,11.0,8.0,0.0,2.0,2.0,0.0,0.0,4.0,3.4,1.95,4.02,3.49,2.03,,,,,,,,2022/2023
F1,2023-03-11,Brest,Paris Saint-Germain,1.0,2.0,A,7.0,17.0,2.0,8.0,6.0,12.0,6.0,3.0,1.0,1.0,0.0,0.0,7.0,4.75,1.44,7.2,5.06,1.44,,,,,,,,2022/2023
F1,2023-03-12,Ajaccio,Montpellier,0.0,1.0,A,7.0,12.0,1.0,4.0,13.0,18.0,1.0,3.0,2.0,2.0,0.0,0.0,3.0,3.2,2.5,3.06,3.21,2.57,,,,,,,,2022/2023
F1,2023-03-12,Lorient,Troyes,2.0,0.0,H,16.0,9.0,6.0,2.0,11.0,10.0,1.0,4.0,0.0,2.0,0.0,0.0,1.73,3.75,4.75,1.79,3.89,4.7,,,,,,,,2022/2023
F1,2023-03-12,Angers,Toulouse,0.0,2.0,A,13.0,8.0,2.0,5.0,8.0,11.0,6.0,8.0,0.0,1.0,0.0,0.0,3.8,3.6,1.95,3.8,3.75,2.01,,,,,,,,2022/2023
F1,2023-03-12,Monaco,Reims,0.0,1.0,A,14.0,17.0,3.0,8.0,9.0,14.0,3.0,3.0,1.0,2.0,0.0,0.0,1.8,3.75,4.33,1.85,3.88,4.34,,,,,,,,2022/2023
F1,2023-03-12,Nantes,Nice,2.0,2.0,D,10.0,16.0,3.0,8.0,9.0,11.0,1.0,10.0,1.0,1.0,0.0,0.0,3.0,3.2,2.5,3.02,3.21,2.6,,,,,,,,2022/2023
F1,2023-03-12,Marseille,Strasbourg,2.0,2.0,D,7.0,24.0,4.0,9.0,6.0,15.0,1.0,8.0,0.0,4.0,1.0,0.0,1.4,4.75,8.0,1.41,4.95,8.26,,,,,,,,2022/2023
F1,2023-03-12,Clermont,Lens,0.0,4.0,A,9.0,13.0,6.0,6.0,13.0,13.0,6.0,4.0,1.0,2.0,0.0,0.0,4.75,3.4,1.83,4.85,3.56,1.84,,,,,,,,2022/2023
F1,2023-03-17,Lyon,Nantes,1.0,1.0,D,11.0,11.0,6.0,5.0,13.0,7.0,5.0,2.0,0.0,1.0,0.0,0.0,1.6,4.0,5.75,1.63,4.17,5.86,,,,,,,,2022/2023
F1,2023-03-18,Toulouse,Lille,0.0,2.0,A,16.0,18.0,4.0,5.0,12.0,2.0,12.0,8.0,2.0,0.0,0.0,0.0,3.3,3.5,2.2,3.29,3.7,2.2,,,,,,,,2022/2023
F1,2023-03-18,Lens,Angers,3.0,0.0,H,12.0,3.0,6.0,1.0,7.0,15.0,4.0,4.0,0.0,0.0,0.0,0.0,1.25,6.0,11.0,1.25,6.3,13.18,,,,,,,,2022/2023
F1,2023-03-19,Ajaccio,Monaco,0.0,2.0,A,10.0,8.0,1.0,4.0,20.0,13.0,1.0,4.0,2.0,1.0,1.0,0.0,5.25,3.5,1.7,5.56,3.81,1.7,,,,,,,,2022/2023
F1,2023-03-19,Montpellier,Clermont,2.0,1.0,H,23.0,16.0,9.0,8.0,15.0,15.0,11.0,4.0,3.0,1.0,1.0,0.0,1.83,3.5,4.33,1.88,3.64,4.46,,,,,,,,2022/2023
F1,2023-03-19,Nice,Lorient,1.0,1.0,D,16.0,9.0,1.0,3.0,13.0,10.0,10.0,2.0,0.0,2.0,0.0,1.0,1.62,3.8,5.25,1.71,3.91,5.27,,,,,,,,2022/2023
F1,2023-03-19,Strasbourg,Auxerre,2.0,0.0,H,13.0,8.0,6.0,1.0,14.0,11.0,5.0,4.0,2.0,1.0,0.0,0.0,1.91,3.4,4.0,2.05,3.43,4.03,,,,,,,,2022/2023
F1,2023-03-19,Troyes,Brest,2.0,2.0,D,15.0,9.0,5.0,2.0,12.0,10.0,7.0,4.0,1.0,1.0,0.0,0.0,2.8,3.3,2.45,2.94,3.42,2.53,,,,,,,,2022/2023
F1,2023-03-19,Paris Saint-Germain,Rennes,0.0,2.0,A,17.0,10.0,8.0,3.0,11.0,12.0,6.0,3.0,1.0,1.0,0.0,0.0,1.45,4.75,6.5,1.48,4.96,6.4,,,,,,,,2022/2023
F1,2023-03-19,Reims,Marseille,1.0,2.0,A,19.0,12.0,6.0,5.0,13.0,11.0,6.0,5.0,2.0,3.0,0.0,0.0,3.0,3.3,2.4,3.03,3.57,2.4,,,,,,,,2022/2023
F1,2023-03-31,Marseille,Montpellier,1.0,1.0,D,13.0,9.0,2.0,3.0,15.0,9.0,1.0,3.0,2.0,2.0,0.0,0.0,1.45,4.33,6.5,1.48,4.71,6.95,,,,,,,,2022/2023
F1,2023-04-01,Auxerre,Troyes,1.0,0.0,H,13.0,14.0,5.0,2.0,7.0,15.0,4.0,5.0,0.0,0.0,0.0,0.0,1.85,3.6,4.2,1.9,3.6,4.45,,,,,,,,2022/2023
F1,2023-04-01,Rennes,Lens,0.0,1.0,A,10.0,12.0,3.0,4.0,13.0,11.0,5.0,5.0,2.0,2.0,0.0,0.0,2.55,3.4,2.75,2.65,3.34,2.85,,,,,,,,2022/2023
F1,2023-04-02,Lille,Lorient,3.0,1.0,H,20.0,2.0,7.0,1.0,14.0,9.0,5.0,1.0,3.0,3.0,0.0,1.0,1.36,5.0,8.0,1.38,5.38,8.27,,,,,,,,2022/2023
F1,2023-04-02,Angers,Nice,1.0,1.0,D,13.0,12.0,6.0,3.0,8.0,11.0,5.0,2.0,1.0,1.0,0.0,0.0,6.5,3.9,1.55,6.34,3.95,1.61,,,,,,,,2022/2023
F1,2023-04-02,Brest,Toulouse,3.0,1.0,H,17.0,8.0,7.0,3.0,16.0,12.0,4.0,2.0,2.0,5.0,0.0,1.0,2.9,3.4,2.4,2.85,3.53,2.54,,,,,,,,2022/2023
F1,2023-04-02,Clermont,Ajaccio,2.0,1.0,H,14.0,3.0,6.0,2.0,15.0,22.0,5.0,1.0,2.0,5.0,0.0,1.0,2.1,3.2,3.8,2.12,3.22,4.04,,,,,,,,2022/2023
F1,2023-04-02,Nantes,Reims,0.0,3.0,A,12.0,14.0,6.0,9.0,10.0,13.0,3.0,4.0,1.0,2.0,0.0,0.0,3.1,3.3,2.38,3.13,3.42,2.41,,,,,,,,2022/2023
F1,2023-04-02,Monaco,Strasbourg,4.0,3.0,H,9.0,13.0,7.0,6.0,15.0,17.0,3.0,3.0,3.0,1.0,1.0,0.0,1.53,4.33,6.0,1.53,4.55,6.31,,,,,,,,2022/2023
F1,2023-04-02,Paris Saint-Germain,Lyon,0.0,1.0,A,16.0,10.0,5.0,3.0,10.0,16.0,7.0,1.0,3.0,3.0,0.0,0.0,1.4,5.0,7.0,1.46,5.29,6.28,,,,,,,,2022/2023
F1,2023-04-07,Lens,Strasbourg,2.0,1.0,H,13.0,13.0,9.0,3.0,19.0,19.0,5.0,1.0,1.0,5.0,0.0,1.0,1.5,4.33,6.5,1.56,4.33,6.34,,,,,,,,2022/2023
F1,2023-04-08,Angers,Lille,1.0,0.0,H,7.0,15.0,5.0,5.0,18.0,18.0,3.0,6.0,2.0,3.0,0.0,0.0,8.0,5.0,1.4,8.39,5.1,1.4,,,,,,,,2022/2023
F1,2023-04-08,Nice,Paris Saint-Germain,0.0,2.0,A,21.0,13.0,7.0,4.0,8.0,2.0,10.0,5.0,1.0,0.0,0.0,0.0,3.8,3.8,1.85,3.93,4.07,1.89,,,,,,,,2022/2023
F1,2023-04-09,Reims,Brest,1.0,1.0,D,22.0,12.0,7.0,5.0,9.0,13.0,6.0,3.0,0.0,1.0,0.0,0.0,1.62,3.8,5.75,1.64,4.18,5.55,,,,,,,,2022/2023
F1,2023-04-09,Ajaccio,Auxerre,0.0,3.0,A,9.0,11.0,2.0,4.0,13.0,15.0,7.0,5.0,1.0,3.0,0.0,0.0,2.8,2.9,2.8,2.9,2.97,2.9,,,,,,,,2022/2023
F1,2023-04-09,Montpellier,Toulouse,1.0,2.0,A,16.0,15.0,8.0,8.0,16.0,19.0,4.0,3.0,0.0,2.0,0.0,0.0,2.05,3.6,3.5,2.07,3.86,3.48,,,,,,,,2022/2023
F1,2023-04-09,Lorient,Marseille,0.0,0.0,D,9.0,13.0,5.0,2.0,10.0,18.0,3.0,6.0,0.0,2.0,0.0,0.0,5.0,4.2,1.65,5.02,4.34,1.66,,,,,,,,2022/2023
F1,2023-04-09,Troyes,Clermont,0.0,2.0,A,9.0,12.0,3.0,4.0,18.0,9.0,3.0,2.0,3.0,2.0,0.0,0.0,2.75,3.25,2.63,2.83,3.4,2.63,,,,,,,,2022/2023
F1,2023-04-09,Nantes,Monaco,2.0,2.0,D,9.0,16.0,2.0,10.0,13.0,11.0,6.0,8.0,3.0,1.0,0.0,0.0,4.0,3.6,1.91,3.85,3.79,1.98,,,,,,,,2022/2023
F1,2023-04-09,Lyon,Rennes,3.0,1.0,H,11.0,11.0,3.0,3.0,14.0,17.0,7.0,2.0,2.0,2.0,0.0,0.0,2.15,3.4,3.4,2.22,3.53,3.39,,,,,,,,2022/2023
F1,2023-04-14,Toulouse,Lyon,1.0,2.0,A,13.0,14.0,6.0,3.0,14.0,10.0,8.0,5.0,1.0,4.0,0.0,0.0,3.4,3.8,2.0,3.53,3.92,2.04,,,,,,,,2022/2023
F1,2023-04-15,Rennes,Reims,3.0,0.0,H,23.0,5.0,8.0,1.0,12.0,14.0,6.0,4.0,1.0,2.0,0.0,0.0,2.2,3.4,3.25,2.24,3.57,3.3,,,,,,,,2022/2023
F1,2023-04-15,Paris Saint-Germain,Lens,3.0,1.0,H,15.0,14.0,7.0,7.0,12.0,8.0,3.0,10.0,0.0,0.0,0.0,1.0,1.67,4.2,4.75,1.72,4.28,4.64,,,,,,,,2022/2023
F1,2023-04-16,Brest,Nice,1.0,0.0,H,14.0,12.0,3.0,6.0,15.0,14.0,3.0,5.0,1.0,3.0,0.0,0.0,3.1,3.25,2.3,3.26,3.31,2.39,,,,,,,,2022/2023
F1,2023-04-16,Auxerre,Nantes,2.0,1.0,H,13.0,17.0,7.0,7.0,14.0,8.0,3.0,6.0,2.0,2.0,0.0,0.0,2.45,3.1,3.2,2.56,3.06,3.22,,,,,,,,2022/2023
F1,2023-04-16,Monaco,Lorient,3.0,1.0,H,11.0,7.0,7.0,4.0,18.0,10.0,5.0,3.0,0.0,1.0,0.0,0.0,1.4,5.0,7.0,1.41,5.44,7.09,,,,,,,,2022/2023
F1,2023-04-16,Lille,Montpellier,2.0,1.0,H,17.0,4.0,7.0,1.0,15.0,19.0,8.0,4.0,1.0,3.0,0.0,0.0,1.5,4.5,6.0,1.55,4.67,5.85,,,,,,,,2022/2023
F1,2023-04-16,Strasbourg,Ajaccio,3.0,1.0,H,12.0,8.0,6.0,1.0,14.0,19.0,5.0,0.0,2.0,5.0,0.0,0.0,1.75,3.3,5.25,1.79,3.47,5.5,,,,,,,,2022/2023
F1,2023-04-16,Marseille,Troyes,3.0,1.0,H,28.0,4.0,6.0,2.0,13.0,8.0,8.0,1.0,0.0,2.0,0.0,0.0,1.2,7.0,13.0,1.22,7.18,12.92,,,,,,,,2022/2023
F1,2023-04-16,Clermont,Angers,2.0,1.0,H,12.0,7.0,5.0,4.0,12.0,15.0,6.0,6.0,1.0,3.0,2.0,0.0,1.8,3.75,4.33,1.84,3.69,4.65,,,,,,,,2022/2023
F1,2023-04-21,Angers,Paris Saint-Germain,1.0,2.0,A,16.0,10.0,4.0,4.0,6.0,8.0,5.0,8.0,0.0,0.0,0.0,0.0,13.0,7.5,1.2,14.53,7.93,1.2,,,,,,,,2022/2023
F1,2023-04-22,Auxerre,Lille,1.0,1.0,D,8.0,14.0,4.0,6.0,12.0,12.0,4.0,4.0,0.0,1.0,0.0,0.0,4.5,4.0,1.7,4.87,3.94,1.75,,,,,,,,2022/2023
F1,2023-04-22,Lens,Monaco,3.0,0.0,H,21.0,11.0,8.0,4.0,8.0,14.0,2.0,4.0,0.0,2.0,0.0,0.0,2.1,3.6,3.4,2.14,3.62,3.5,,,,,,,,2022/2023
F1,2023-04-23,Nice,Clermont,1.0,2.0,A,15.0,9.0,5.0,3.0,19.0,9.0,6.0,2.0,1.0,2.0,0.0,0.0,1.8,3.4,5.0,1.83,3.63,4.79,,,,,,,,2022/2023
F1,2023-04-23,Montpellier,Rennes,1.0,0.0,H,11.0,16.0,2.0,4.0,11.0,13.0,4.0,4.0,3.0,2.0,1.0,0.0,3.3,3.25,2.3,3.3,3.52,2.27,,,,,,,,2022/2023
F1,2023-04-23,Reims,Strasbourg,0.0,2.0,A,15.0,9.0,5.0,3.0,11.0,12.0,6.0,4.0,2.0,1.0,0.0,0.0,1.91,3.6,3.8,1.95,3.8,3.94,,,,,,,,2022/2023
F1,2023-04-23,Ajaccio,Brest,0.0,0.0,D,3.0,10.0,2.0,2.0,11.0,20.0,4.0,4.0,2.0,2.0,1.0,0.0,3.1,3.1,2.38,3.44,3.14,2.39,,,,,,,,2022/2023
F1,2023-04-23,Lorient,Toulouse,0.0,1.0,A,9.0,13.0,1.0,4.0,13.0,12.0,2.0,7.0,3.0,2.0,0.0,0.0,2.38,3.75,2.88,2.39,3.71,2.93,,,,,,,,2022/2023
F1,2023-04-23,Nantes,Troyes,2.0,2.0,D,19.0,9.0,9.0,4.0,12.0,10.0,13.0,4.0,1.0,0.0,0.0,0.0,1.62,4.0,5.25,1.68,3.99,5.46,,,,,,,,2022/2023
F1,2023-04-23,Lyon,Marseille,1.0,2.0,A,7.0,14.0,2.0,7.0,11.0,18.0,5.0,3.0,2.0,1.0,0.0,0.0,2.5,3.5,2.7,2.55,3.73,2.72,,,,,,,,2022/2023
F1,2023-04-28,Strasbourg,Lyon,1.0,2.0,A,11.0,7.0,3.0,4.0,13.0,24.0,5.0,4.0,2.0,4.0,0.0,1.0,2.63,3.5,2.6,2.79,3.46,2.67,,,,,,,,2022/2023
F1,2023-04-29,Lille,Ajaccio,3.0,0.0,H,10.0,2.0,5.0,0.0,10.0,13.0,9.0,0.0,1.0,2.0,0.0,0.0,1.22,6.0,15.0,1.2,6.83,17.19,,,,,,,,2022/2023
F1,2023-04-30,Monaco,Montpellier,0.0,4.0,A,7.0,19.0,4.0,9.0,11.0,12.0,3.0,11.0,2.0,1.0,0.0,0.0,1.5,4.5,6.0,1.51,4.82,6.12,,,,,,,,2022/2023
F1,2023-04-30,Clermont,Reims,1.0,0.0,H,6.0,13.0,2.0,2.0,8.0,12.0,5.0,6.0,0.0,2.0,1.0,0.0,3.0,3.5,2.3,3.14,3.46,2.38,,,,,,,,2022/2023
F1,2023-04-30,Rennes,Angers,4.0,2.0,H,13.0,4.0,4.0,2.0,14.0,11.0,7.0,5.0,1.0,2.0,0.0,0.0,1.29,5.5,11.0,1.31,5.54,11.38,,,,,,,,2022/2023
F1,2023-04-30,Troyes,Nice,0.0,1.0,A,9.0,29.0,6.0,13.0,7.0,10.0,3.0,14.0,0.0,2.0,0.0,0.0,4.75,3.75,1.73,4.76,3.99,1.76,,,,,,,,2022/2023
F1,2023-04-30,Paris Saint-Germain,Lorient,1.0,3.0,A,13.0,14.0,4.0,7.0,15.0,17.0,2.0,3.0,4.0,3.0,1.0,0.0,1.18,8.0,12.0,1.2,7.92,12.9,,,,,,,,2022/2023
F1,2023-04-30,Marseille,Auxerre,2.0,1.0,H,26.0,11.0,4.0,3.0,7.0,6.0,12.0,1.0,1.0,0.0,0.0,0.0,1.33,5.25,9.5,1.34,5.54,9.72,,,,,,,,2022/2023
F1,2023-05-02,Toulouse,Lens,0.0,1.0,A,9.0,11.0,2.0,3.0,5.0,7.0,5.0,0.0,1.0,2.0,0.0,0.0,5.0,4.33,1.6,5.32,4.49,1.62,,,,,,,,2022/2023
F1,2023-05-03,Brest,Nantes,2.0,0.0,H,8.0,13.0,4.0,5.0,7.0,15.0,2.0,4.0,0.0,1.0,0.0,0.0,2.2,3.3,3.4,2.28,3.43,3.36,,,,,,,,2022/2023
F1,2023-05-06,Nice,Rennes,2.0,1.0,H,11.0,14.0,4.0,4.0,11.0,11.0,4.0,7.0,0.0,1.0,0.0,0.0,2.6,3.2,2.8,2.65,3.33,2.86,,,,,,,,2022/2023
F1,2023-05-06,Reims,Lille,1.0,0.0,H,14.0,11.0,4.0,5.0,17.0,10.0,4.0,7.0,2.0,3.0,0.0,0.0,3.4,3.75,2.05,3.49,3.9,2.06,,,,,,,,2022/2023
F1,2023-05-06,Lens,Marseille,2.0,1.0,H,9.0,14.0,3.0,3.0,12.0,16.0,7.0,7.0,5.0,2.0,0.0,0.0,2.3,3.5,3.0,2.38,3.59,3.04,,,,,,,,2022/2023
F1,2023-05-07,Lorient,Brest,2.0,1.0,H,6.0,15.0,3.0,2.0,13.0,22.0,4.0,6.0,3.0,2.0,1.0,0.0,2.4,3.4,2.9,2.41,3.46,3.09,,,,,,,,2022/2023
F1,2023-05-07,Ajaccio,Toulouse,0.0,0.0,D,4.0,15.0,2.0,5.0,10.0,8.0,4.0,7.0,3.0,0.0,0.0,0.0,3.4,3.5,2.1,3.55,3.45,2.19,,,,,,,,2022/2023
F1,2023-05-07,Auxerre,Clermont,1.0,1.0,D,11.0,9.0,4.0,4.0,19.0,13.0,2.0,2.0,1.0,0.0,0.0,0.0,2.3,3.4,3.1,2.46,3.31,3.14,,,,,,,,2022/2023
F1,2023-05-07,Troyes,Paris Saint-Germain,1.0,3.0,A,7.0,31.0,3.0,12.0,5.0,5.0,6.0,6.0,1.0,0.0,0.0,0.0,8.5,5.5,1.33,8.03,6.29,1.34,,,,,,,,2022/2023
F1,2023-05-07,Nantes,Strasbourg,0.0,2.0,A,13.0,8.0,5.0,6.0,22.0,15.0,11.0,1.0,3.0,1.0,0.0,0.0,2.75,3.4,2.55,2.88,3.35,2.62,,,,,,,,2022/2023
F1,2023-05-07,Lyon,Montpellier,5.0,4.0,H,16.0,12.0,8.0,6.0,12.0,14.0,3.0,5.0,0.0,3.0,0.0,0.0,1.62,4.33,5.0,1.7,4.36,4.72,,,,,,,,2022/2023
F1,2023-05-07,Angers,Monaco,1.0,2.0,A,10.0,14.0,3.0,6.0,13.0,17.0,4.0,3.0,3.0,2.0,0.0,0.0,6.5,4.75,1.44,6.14,4.92,1.5,,,,,,,,2022/2023
F1,2023-05-12,Lens,Reims,2.0,1.0,H,8.0,17.0,6.0,3.0,6.0,19.0,0.0,14.0,1.0,3.0,1.0,0.0,1.53,4.5,5.5,1.55,4.71,5.98,,,,,,,,2022/2023
F1,2023-05-13,Strasbourg,Nice,2.0,0.0,H,12.0,9.0,3.0,4.0,14.0,8.0,2.0,3.0,1.0,1.0,0.0,0.0,2.38,3.3,3.0,2.45,3.37,3.09,,,,,,,,2022/2023
F1,2023-05-13,Paris Saint-Germain,Ajaccio,5.0,0.0,H,16.0,7.0,9.0,2.0,7.0,6.0,8.0,3.0,1.0,1.0,1.0,1.0,1.1,11.0,19.0,1.12,10.55,24.63,,,,,,,,2022/2023
F1,2023-05-14,Clermont,Lyon,2.0,1.0,H,9.0,15.0,6.0,4.0,17.0,10.0,5.0,2.0,3.0,3.0,0.0,0.0,4.33,3.75,1.8,4.21,4.07,1.83,,,,,,,,2022/2023
F1,2023-05-14,Montpellier,Lorient,1.0,1.0,D,15.0,11.0,4.0,3.0,20.0,15.0,11.0,5.0,2.0,3.0,0.0,0.0,1.83,3.75,4.2,1.87,3.96,4.15,,,,,,,,2022/2023
F1,2023-05-14,Toulouse,Nantes,0.0,0.0,D,14.0,8.0,6.0,1.0,6.0,13.0,10.0,5.0,1.0,1.0,0.0,0.0,2.1,3.5,3.4,2.12,3.73,3.47,,,,,,,,2022/2023
F1,2023-05-14,Brest,Auxerre,1.0,0.0,H,15.0,10.0,10.0,2.0,8.0,8.0,6.0,0.0,0.0,0.0,0.0,0.0,2.1,3.2,3.75,2.15,3.32,3.8,,,,,,,,2022/2023
F1,2023-05-14,Marseille,Angers,3.0,1.0,H,14.0,4.0,6.0,1.0,17.0,9.0,7.0,0.0,1.0,2.0,0.0,0.0,1.18,7.5,14.0,1.2,7.49,14.49,,,,,,,,2022/2023
F1,2023-05-14,Monaco,Lille,0.0,0.0,D,8.0,10.0,1.0,4.0,19.0,13.0,3.0,4.0,0.0,2.0,0.0,0.0,2.8,3.6,2.4,2.82,3.76,2.46,,,,,,,,2022/2023
F1,2023-05-14,Rennes,Troyes,4.0,0.0,H,26.0,4.0,9.0,0.0,4.0,9.0,9.0,1.0,0.0,1.0,0.0,0.0,1.25,6.0,11.0,1.25,6.61,11.57,,,,,,,,2022/2023
F1,2023-05-19,Lyon,Monaco,3.0,1.0,H,22.0,16.0,11.0,9.0,8.0,14.0,2.0,8.0,0.0,3.0,0.0,0.0,2.38,4.0,2.6,2.41,4.1,2.72,,,,,,,,2022/2023
F1,2023-05-20,Nantes,Montpellier,0.0,3.0,A,13.0,13.0,3.0,6.0,14.0,8.0,10.0,6.0,4.0,0.0,0.0,0.0,2.1,3.5,3.4,2.21,3.59,3.37,,,,,,,,2022/2023
F1,2023-05-20,Lille,Marseille,2.0,1.0,H,12.0,8.0,3.0,3.0,14.0,20.0,3.0,4.0,3.0,2.0,0.0,0.0,2.4,3.6,2.75,2.5,3.72,2.79,,,,,,,,2022/2023
F1,2023-05-21,Ajaccio,Rennes,0.0,5.0,A,2.0,13.0,0.0,7.0,8.0,14.0,2.0,5.0,1.0,2.0,1.0,0.0,7.0,4.2,1.5,7.68,4.33,1.49,,,,,,,,2022/2023
F1,2023-05-21,Reims,Angers,2.0,2.0,D,11.0,7.0,5.0,3.0,14.0,11.0,7.0,3.0,0.0,2.0,0.0,0.0,1.36,5.5,7.0,1.41,5.18,7.62,,,,,,,,2022/2023
F1,2023-05-21,Brest,Clermont,2.0,1.0,H,10.0,8.0,3.0,2.0,16.0,11.0,7.0,1.0,3.0,4.0,0.0,0.0,2.05,3.5,3.6,2.1,3.58,3.67,,,,,,,,2022/2023
F1,2023-05-21,Troyes,Strasbourg,1.0,1.0,D,8.0,16.0,3.0,5.0,9.0,17.0,4.0,6.0,1.0,1.0,1.0,1.0,5.5,4.33,1.57,5.73,4.43,1.58,,,,,,,,2022/2023
F1,2023-05-21,Auxerre,Paris Saint-Germain,1.0,2.0,A,14.0,15.0,7.0,4.0,11.0,6.0,4.0,6.0,1.0,0.0,0.0,0.0,8.0,5.25,1.36,7.97,5.57,1.38,,,,,,,,2022/2023
F1,2023-05-21,Lorient,Lens,1.0,3.0,A,13.0,15.0,5.0,7.0,14.0,13.0,3.0,5.0,2.0,2.0,0.0,0.0,5.5,4.33,1.57,5.49,4.33,1.62,,,,,,,,2022/2023
F1,2023-05-21,Nice,Toulouse,0.0,0.0,D,21.0,7.0,7.0,4.0,6.0,15.0,6.0,3.0,2.0,2.0,0.0,0.0,1.85,3.75,3.8,1.9,3.94,4.03,,,,,,,,2022/2023
F1,2023-05-27,Lens,Ajaccio,3.0,0.0,H,12.0,6.0,3.0,0.0,12.0,12.0,9.0,2.0,1.0,2.0,0.0,0.0,1.13,9.0,17.0,1.13,9.39,24.14,,,,,,,,2022/2023
F1,2023-05-27,Toulouse,Auxerre,1.0,1.0,D,10.0,16.0,3.0,2.0,18.0,14.0,6.0,3.0,1.0,3.0,0.0,0.0,2.2,3.6,3.1,2.24,3.7,3.21,,,,,,,,2022/2023
F1,2023-05-27,Clermont,Lorient,2.0,0.0,H,18.0,6.0,7.0,1.0,13.0,12.0,9.0,1.0,0.0,0.0,0.0,0.0,2.15,3.4,3.4,2.18,3.48,3.55,,,,,,,,2022/2023
F1,2023-05-27,Lille,Nantes,2.0,1.0,H,9.0,8.0,2.0,3.0,7.0,12.0,5.0,3.0,2.0,4.0,0.0,0.0,1.44,4.75,7.0,1.46,4.86,7.13,,,,,,,,2022/2023
F1,2023-05-27,Montpellier,Nice,2.0,3.0,A,14.0,23.0,8.0,15.0,12.0,16.0,2.0,10.0,0.0,3.0,0.0,0.0,2.45,3.5,2.8,2.49,3.5,2.94,,,,,,,,2022/2023
F1,2023-05-27,Marseille,Brest,1.0,2.0,A,10.0,15.0,4.0,5.0,14.0,16.0,3.0,5.0,2.0,2.0,0.0,0.0,1.36,5.25,7.0,1.38,5.51,7.82,,,,,,,,2022/2023
F1,2023-05-27,Rennes,Monaco,2.0,0.0,H,12.0,11.0,6.0,3.0,11.0,7.0,7.0,3.0,0.0,3.0,0.0,0.0,2.05,3.75,3.3,2.12,3.86,3.36,,,,,,,,2022/2023
F1,2023-05-27,Strasbourg,Paris Saint-Germain,1.0,1.0,D,17.0,7.0,5.0,2.0,9.0,8.0,4.0,2.0,1.0,2.0,0.0,0.0,5.0,4.2,1.62,5.16,4.3,1.65,,,,,,,,2022/2023
F1,2023-05-27,Lyon,Reims,3.0,0.0,H,23.0,10.0,7.0,1.0,11.0,15.0,7.0,4.0,1.0,1.0,0.0,1.0,1.57,4.75,5.0,1.6,4.58,5.38,,,,,,,,2022/2023
F1,2023-05-27,Angers,Troyes,2.0,1.0,H,18.0,5.0,5.0,3.0,12.0,7.0,14.0,3.0,1.0,1.0,0.0,0.0,1.95,3.75,3.6,2.01,3.85,3.69,,,,,,,,2022/2023
F1,2023-06-03,Brest,Rennes,1.0,2.0,A,14.0,12.0,5.0,3.0,10.0,14.0,3.0,3.0,2.0,4.0,0.0,0.0,5.75,4.2,1.55,5.77,4.48,1.56,,,,,,,,2022/2023
F1,2023-06-03,Lorient,Strasbourg,2.0,1.0,H,5.0,15.0,3.0,7.0,9.0,15.0,4.0,4.0,1.0,1.0,0.0,0.0,3.0,3.5,2.3,3.02,3.57,2.37,,,,,,,,2022/2023
F1,2023-06-03,Monaco,Toulouse,1.0,2.0,A,19.0,22.0,7.0,8.0,10.0,11.0,4.0,7.0,1.0,2.0,0.0,0.0,1.45,5.25,5.5,1.47,5.27,5.95,,,,,,,,2022/2023
F1,2023-06-03,Auxerre,Lens,1.0,3.0,A,17.0,15.0,5.0,7.0,10.0,16.0,5.0,5.0,1.0,3.0,0.0,0.0,2.8,3.6,2.38,2.78,3.72,2.47,,,,,,,,2022/2023
F1,2023-06-03,Ajaccio,Marseille,1.0,0.0,H,3.0,17.0,1.0,5.0,19.0,15.0,2.0,3.0,1.0,1.0,0.0,0.0,9.0,5.25,1.33,8.43,5.54,1.35,,,,,,,,2022/2023
F1,2023-06-03,Paris Saint-Germain,Clermont,2.0,3.0,A,16.0,12.0,6.0,5.0,17.0,11.0,6.0,2.0,2.0,1.0,0.0,0.0,1.22,6.5,10.0,1.24,7.09,10.71,,,,,,,,2022/2023
F1,2023-06-03,Reims,Montpellier,1.0,3.0,A,11.0,16.0,5.0,8.0,16.0,9.0,4.0,7.0,1.0,2.0,0.0,0.0,2.0,3.8,3.4,2.05,4.0,3.38,,,,,,,,2022/2023
F1,2023-06-03,Troyes,Lille,1.0,1.0,D,8.0,18.0,3.0,7.0,9.0,15.0,2.0,8.0,0.0,4.0,0.0,0.0,12.0,6.5,1.22,10.85,7.45,1.22,,,,,,,,2022/2023
F1,2023-06-03,Nice,Lyon,3.0,1.0,H,16.0,16.0,6.0,7.0,8.0,12.0,3.0,2.0,0.0,1.0,0.0,0.0,2.38,4.0,2.7,2.39,4.06,2.72,,,,,,,,2022/2023
F1,2023-06-03,Nantes,Angers,1.0,0.0,H,11.0,5.0,7.0,1.0,12.0,13.0,8.0,1.0,1.0,0.0,0.0,0.0,1.36,5.25,8.0,1.39,5.33,7.71,,,,,,,,2022/2023
F1,2023-08-11,Nice,Lille,1.0,1.0,D,8.0,12.0,3.0,5.0,13.0,9.0,3.0,3.0,3.0,2.0,0.0,0.0,2.6,3.5,2.7,2.63,3.47,2.83,,,,,,,,2023/2024
F1,2023-08-12,Marseille,Reims,2.0,1.0,H,14.0,11.0,4.0,4.0,7.0,16.0,10.0,10.0,1.0,3.0,0.0,0.0,1.7,4.0,4.75,1.73,4.04,4.89,,,,,,,,2023/2024
F1,2023-08-12,Paris Saint-Germain,Lorient,0.0,0.0,D,20.0,4.0,4.0,0.0,8.0,6.0,9.0,2.0,0.0,0.0,0.0,0.0,1.33,5.5,7.5,1.35,5.73,8.38,,,,,,,,2023/2024
F1,2023-08-13,Montpellier,Le Havre,2.0,2.0,D,15.0,12.0,5.0,4.0,8.0,12.0,5.0,2.0,1.0,2.0,0.0,0.0,1.91,3.6,4.0,2.04,3.47,3.99,,,,,,,,2023/2024
F1,2023-08-13,Brest,Lens,3.0,2.0,H,15.0,10.0,8.0,2.0,13.0,15.0,6.0,8.0,2.0,3.0,0.0,1.0,4.0,3.5,1.91,4.01,3.62,1.99,,,,,,,,2023/2024
F1,2023-08-13,Clermont,Monaco,2.0,4.0,A,15.0,14.0,7.0,8.0,7.0,16.0,6.0,2.0,0.0,4.0,0.0,0.0,3.6,3.6,2.0,3.69,3.8,2.02,,,,,,,,2023/2024
F1,2023-08-13,Rennes,Metz,5.0,1.0,H,29.0,9.0,14.0,3.0,7.0,10.0,5.0,4.0,0.0,2.0,0.0,0.0,1.4,4.75,7.5,1.42,5.07,7.64,,,,,,,,2023/2024
F1,2023-08-13,Strasbourg,Lyon,2.0,1.0,H,8.0,23.0,2.0,7.0,8.0,11.0,1.0,6.0,2.0,2.0,0.0,0.0,2.55,3.6,2.55,2.61,3.55,2.76,,,,,,,,2023/2024
F1,2023-08-13,Nantes,Toulouse,1.0,2.0,A,9.0,9.0,4.0,5.0,14.0,14.0,7.0,5.0,2.0,2.0,0.0,0.0,2.5,3.4,2.75,2.66,3.36,2.82,,,,,,,,2023/2024
F1,2023-08-18,Metz,Marseille,2.0,2.0,D,10.0,22.0,5.0,5.0,15.0,9.0,4.0,9.0,3.0,2.0,1.0,0.0,5.0,4.0,1.67,4.96,4.13,1.72,,,,,,,,2023/2024
F1,2023-08-19,Lyon,Montpellier,1.0,4.0,A,7.0,14.0,3.0,8.0,20.0,10.0,6.0,2.0,4.0,1.0,1.0,0.0,1.7,4.2,4.33,1.72,4.25,4.67,,,,,,,,2023/2024
F1,2023-08-19,Toulouse,Paris Saint-Germain,1.0,1.0,D,8.0,16.0,2.0,3.0,8.0,11.0,5.0,5.0,0.0,3.0,0.0,0.0,4.75,4.2,1.65,5.01,4.25,1.68,,,,,,,,2023/2024
F1,2023-08-20,Reims,Clermont,2.0,0.0,H,8.0,11.0,4.0,4.0,9.0,6.0,3.0,10.0,0.0,0.0,0.0,0.0,1.85,3.75,4.0,1.93,3.72,4.1,,,,,,,,2023/2024
F1,2023-08-20,Monaco,Strasbourg,3.0,0.0,H,9.0,4.0,4.0,1.0,19.0,16.0,4.0,3.0,2.0,1.0,0.0,0.0,1.8,4.0,4.0,1.84,4.1,4.13,,,,,,,,2023/2024
F1,2023-08-20,Lille,Nantes,2.0,0.0,H,18.0,14.0,8.0,4.0,8.0,15.0,7.0,5.0,0.0,2.0,1.0,0.0,1.4,5.0,7.0,1.43,4.96,7.54,,,,,,,,2023/2024
F1,2023-08-20,Le Havre,Brest,1.0,2.0,A,18.0,10.0,7.0,5.0,18.0,15.0,5.0,3.0,0.0,2.0,0.0,0.0,2.7,3.2,2.7,2.82,3.22,2.76,,,,,,,,2023/2024
F1,2023-08-20,Lorient,Nice,1.0,1.0,D,9.0,21.0,2.0,8.0,8.0,10.0,0.0,9.0,1.0,1.0,0.0,0.0,3.4,3.4,2.15,3.49,3.52,2.19,,,,,,,,2023/2024
F1,2023-08-20,Lens,Rennes,1.0,1.0,D,15.0,10.0,4.0,5.0,15.0,10.0,11.0,0.0,2.0,1.0,0.0,0.0,2.4,3.6,2.75,2.42,3.78,2.86,,,,,,,,2023/2024
F1,2023-08-25,Nantes,Monaco,3.0,3.0,D,3.0,27.0,3.0,10.0,8.0,7.0,1.0,10.0,2.0,2.0,0.0,0.0,4.75,3.8,1.73,4.87,3.81,1.79,,,,,,,,2023/2024
F1,2023-08-26,Marseille,Brest,2.0,0.0,H,15.0,18.0,6.0,7.0,4.0,8.0,3.0,10.0,0.0,1.0,0.0,0.0,1.5,4.0,6.0,1.53,4.48,6.43,,,,,,,,2023/2024
F1,2023-08-26,Paris Saint-Germain,Lens,3.0,1.0,H,17.0,12.0,7.0,4.0,8.0,16.0,5.0,5.0,0.0,5.0,0.0,0.0,1.6,4.2,5.5,1.63,4.27,5.45,,,,,,,,2023/2024
F1,2023-08-27,Rennes,Le Havre,2.0,2.0,D,22.0,7.0,8.0,3.0,5.0,7.0,5.0,2.0,1.0,2.0,0.0,1.0,1.4,4.5,7.5,1.44,4.76,7.86,,,,,,,,2023/2024
F1,2023-08-27,Clermont,Metz,0.0,1.0,A,16.0,10.0,4.0,5.0,8.0,10.0,10.0,2.0,1.0,1.0,0.0,0.0,1.85,3.6,4.0,1.93,3.83,3.99,,,,,,,,2023/2024
F1,2023-08-27,Montpellier,Reims,1.0,3.0,A,19.0,12.0,3.0,6.0,9.0,19.0,5.0,3.0,1.0,1.0,0.0,0.0,2.4,3.4,2.9,2.41,3.54,3.02,,,,,,,,2023/2024
F1,2023-08-27,Strasbourg,Toulouse,2.0,0.0,H,11.0,7.0,3.0,1.0,16.0,17.0,3.0,3.0,1.0,3.0,0.0,0.0,2.15,3.5,3.3,2.17,3.75,3.32,,,,,,,,2023/2024
F1,2023-08-27,Lorient,Lille,4.0,1.0,H,9.0,18.0,6.0,7.0,22.0,12.0,5.0,8.0,2.0,4.0,0.0,0.0,4.0,3.6,1.91,3.83,3.75,1.99,,,,,,,,2023/2024
F1,2023-08-27,Nice,Lyon,0.0,0.0,D,21.0,6.0,4.0,1.0,8.0,14.0,7.0,2.0,1.0,4.0,0.0,0.0,2.1,3.6,3.4,2.11,3.79,3.44,,,,,,,,2023/2024
F1,2023-09-01,Nantes,Marseille,1.0,1.0,D,10.0,26.0,2.0,9.0,7.0,13.0,2.0,7.0,0.0,2.0,1.0,0.0,5.0,3.8,1.7,4.97,4.02,1.73,,,,,,,,2023/2024
F1,2023-09-02,Brest,Rennes,0.0,0.0,D,13.0,6.0,2.0,3.0,12.0,12.0,7.0,5.0,3.0,1.0,0.0,0.0,3.3,3.5,2.15,3.37,3.68,2.18,,,,,,,,2023/2024
F1,2023-09-02,Monaco,Lens,3.0,0.0,H,11.0,12.0,6.0,1.0,21.0,16.0,5.0,2.0,4.0,2.0,0.0,0.0,2.05,3.8,3.2,2.11,3.93,3.33,,,,,,,,2023/2024
F1,2023-09-03,Toulouse,Clermont,2.0,2.0,D,9.0,15.0,5.0,3.0,19.0,17.0,0.0,8.0,1.0,3.0,0.0,0.0,2.0,3.6,3.75,2.02,3.69,3.82,,,,,,,,2023/2024
F1,2023-09-03,Le Havre,Lorient,3.0,0.0,H,17.0,9.0,6.0,2.0,10.0,7.0,5.0,4.0,0.0,0.0,0.0,0.0,2.7,3.25,2.7,2.87,3.12,2.79,,,,,,,,2023/2024
F1,2023-09-03,Lille,Montpellier,1.0,0.0,H,15.0,9.0,6.0,5.0,15.0,14.0,5.0,5.0,2.0,1.0,0.0,0.0,1.75,4.0,4.2,1.83,4.25,4.05,,,,,,,,2023/2024
F1,2023-09-03,Metz,Reims,2.0,2.0,D,12.0,12.0,4.0,2.0,10.0,17.0,4.0,1.0,0.0,4.0,0.0,0.0,4.2,3.5,1.91,4.09,3.72,1.93,,,,,,,,2023/2024
F1,2023-09-03,Nice,Strasbourg,2.0,0.0,H,16.0,4.0,6.0,0.0,7.0,12.0,5.0,2.0,2.0,1.0,0.0,0.0,1.91,3.5,4.0,1.98,3.58,4.06,,,,,,,,2023/2024
F1,2023-09-03,Lyon,Paris Saint-Germain,1.0,4.0,A,19.0,22.0,8.0,8.0,9.0,5.0,5.0,2.0,2.0,2.0,0.0,0.0,6.0,4.75,1.5,5.79,5.01,1.52,,,,,,,,2023/2024
F1,2023-09-15,Paris Saint-Germain,Nice,2.0,3.0,A,12.0,14.0,3.0,8.0,8.0,17.0,4.0,3.0,2.0,5.0,0.0,0.0,1.55,4.5,5.5,1.56,4.6,5.86,,,,,,,,2023/2024
F1,2023-09-16,Rennes,Lille,2.0,2.0,D,7.0,10.0,4.0,6.0,11.0,16.0,5.0,2.0,1.0,4.0,0.0,0.0,2.1,3.6,3.3,2.17,3.69,3.37,,,,,,,,2023/2024
F1,2023-09-16,Lens,Metz,0.0,1.0,A,31.0,2.0,10.0,2.0,12.0,12.0,9.0,1.0,1.0,2.0,0.0,0.0,1.5,4.33,6.5,1.52,4.62,6.36,,,,,,,,2023/2024
F1,2023-09-17,Reims,Brest,1.0,2.0,A,13.0,18.0,7.0,7.0,7.0,11.0,8.0,8.0,2.0,4.0,0.0,0.0,1.85,3.6,4.2,1.9,3.6,4.43,,,,,,,,2023/2024
F1,2023-09-17,Clermont,Nantes,0.0,1.0,A,16.0,8.0,3.0,5.0,16.0,16.0,6.0,3.0,2.0,2.0,0.0,0.0,2.0,3.6,3.6,2.04,3.6,3.85,,,,,,,,2023/2024
F1,2023-09-17,Lorient,Monaco,2.0,2.0,D,10.0,20.0,3.0,7.0,13.0,14.0,8.0,6.0,0.0,1.0,0.0,0.0,4.0,3.75,1.85,4.12,3.98,1.87,,,,,,,,2023/2024
F1,2023-09-17,Strasbourg,Montpellier,2.0,2.0,D,14.0,11.0,7.0,4.0,17.0,17.0,2.0,4.0,4.0,6.0,0.0,0.0,2.3,3.6,2.9,2.39,3.61,3.01,,,,,,,,2023/2024
F1,2023-09-17,Lyon,Le Havre,0.0,0.0,D,23.0,7.0,7.0,0.0,13.0,12.0,6.0,1.0,3.0,2.0,0.0,0.0,1.67,4.0,4.75,1.7,4.23,4.82,,,,,,,,2023/2024
F1,2023-09-17,Marseille,Toulouse,0.0,0.0,D,24.0,10.0,6.0,3.0,9.0,11.0,6.0,1.0,2.0,5.0,0.0,0.0,1.5,4.75,6.0,1.5,4.87,6.33,,,,,,,,2023/2024
F1,2023-09-22,Monaco,Nice,0.0,1.0,A,9.0,13.0,3.0,7.0,13.0,15.0,5.0,2.0,1.0,1.0,0.0,0.0,2.15,3.6,3.2,2.25,3.61,3.27,,,,,,,,2023/2024
F1,2023-09-23,Nantes,Lorient,5.0,3.0,H,19.0,10.0,9.0,7.0,8.0,17.0,4.0,2.0,1.0,3.0,0.0,0.0,2.38,3.4,3.0,2.46,3.45,3.02,,,,,,,,2023/2024
F1,2023-09-23,Brest,Lyon,1.0,0.0,H,27.0,6.0,11.0,3.0,17.0,16.0,10.0,1.0,3.0,1.0,0.0,0.0,2.6,3.5,2.63,2.57,3.67,2.73,,,,,,,,2023/2024
F1,2023-09-24,Metz,Strasbourg,0.0,1.0,A,13.0,4.0,1.0,1.0,16.0,15.0,1.0,1.0,2.0,0.0,0.0,0.0,2.88,3.25,2.45,3.01,3.23,2.59,,,,,,,,2023/2024
F1,2023-09-24,Le Havre,Clermont,2.0,1.0,H,9.0,11.0,3.0,4.0,15.0,17.0,1.0,3.0,2.0,3.0,0.0,0.0,2.4,3.3,2.88,2.48,3.26,3.15,,,,,,,,2023/2024
F1,2023-09-24,Lens,Toulouse,2.0,1.0,H,27.0,7.0,7.0,2.0,16.0,15.0,9.0,4.0,2.0,1.0,0.0,0.0,1.73,3.8,5.0,1.72,4.05,4.93,,,,,,,,2023/2024
F1,2023-09-24,Montpellier,Rennes,0.0,0.0,D,13.0,18.0,4.0,6.0,10.0,15.0,3.0,6.0,2.0,1.0,0.0,0.0,2.7,3.5,2.5,2.7,3.56,2.65,,,,,,,,2023/2024
F1,2023-09-24,Paris Saint-Germain,Marseille,4.0,0.0,H,15.0,6.0,5.0,0.0,11.0,14.0,8.0,3.0,0.0,3.0,0.0,0.0,1.62,4.2,5.25,1.64,4.41,5.15,,,,,,,,2023/2024
F1,2023-09-26,Lille,Reims,1.0,2.0,A,14.0,4.0,3.0,4.0,4.0,19.0,4.0,2.0,1.0,2.0,0.0,0.0,1.91,3.75,3.75,1.96,3.79,3.95,,,,,,,,2023/2024
F1,2023-09-29,Strasbourg,Lens,0.0,1.0,A,8.0,9.0,2.0,2.0,16.0,15.0,2.0,3.0,2.0,4.0,0.0,0.0,3.5,3.4,2.05,3.69,3.48,2.13,,,,,,,,2023/2024
F1,2023-09-30,Clermont,Paris Saint-Germain,0.0,0.0,D,12.0,21.0,3.0,10.0,11.0,16.0,6.0,9.0,2.0,3.0,0.0,0.0,7.5,4.5,1.44,7.03,4.81,1.47,,,,,,,,2023/2024
F1,2023-09-30,Monaco,Marseille,3.0,2.0,H,10.0,8.0,7.0,4.0,17.0,15.0,2.0,6.0,4.0,4.0,0.0,0.0,2.15,3.8,3.1,2.21,3.88,3.14,,,,,,,,2023/2024
F1,2023-10-01,Reims,Lyon,2.0,0.0,H,8.0,11.0,3.0,6.0,19.0,14.0,1.0,5.0,2.0,2.0,0.0,0.0,2.0,3.8,3.4,2.1,3.81,3.45,,,,,,,,2023/2024
F1,2023-10-01,Le Havre,Lille,0.0,2.0,A,5.0,16.0,0.0,6.0,18.0,6.0,6.0,6.0,0.0,0.0,0.0,0.0,4.0,3.5,1.95,4.08,3.44,2.03,,,,,,,,2023/2024
F1,2023-10-01,Nice,Brest,0.0,0.0,D,12.0,7.0,1.0,2.0,13.0,9.0,6.0,4.0,1.0,3.0,0.0,0.0,1.73,3.8,4.5,1.8,3.84,4.69,,,,,,,,2023/2024
F1,2023-10-01,Toulouse,Metz,3.0,0.0,H,15.0,8.0,10.0,3.0,10.0,7.0,4.0,6.0,3.0,0.0,0.0,0.0,2.1,3.6,3.4,2.13,3.47,3.7,,,,,,,,2023/2024
F1,2023-10-01,Lorient,Montpellier,0.0,3.0,A,14.0,14.0,3.0,8.0,13.0,6.0,8.0,3.0,2.0,1.0,0.0,0.0,3.0,3.5,2.38,2.95,3.59,2.44,,,,,,,,2023/2024
F1,2023-10-01,Rennes,Nantes,3.0,1.0,H,16.0,10.0,5.0,3.0,11.0,17.0,6.0,4.0,3.0,6.0,0.0,1.0,1.53,4.5,5.75,1.53,4.58,6.18,,,,,,,,2023/2024
F1,2023-10-06,Strasbourg,Nantes,1.0,2.0,A,11.0,16.0,3.0,7.0,15.0,12.0,3.0,11.0,4.0,0.0,0.0,0.0,2.2,3.25,3.4,2.31,3.24,3.57,,,,,,,,2023/2024
F1,2023-10-07,Metz,Nice,0.0,1.0,A,10.0,7.0,3.0,4.0,9.0,10.0,1.0,4.0,0.0,1.0,0.0,0.0,4.75,3.8,1.73,5.12,3.91,1.72,,,,,,,,2023/2024
F1,2023-10-07,Reims,Monaco,1.0,3.0,A,11.0,11.0,4.0,4.0,10.0,14.0,10.0,5.0,0.0,3.0,0.0,0.0,2.6,3.6,2.55,2.68,3.62,2.64,,,,,,,,2023/2024
F1,2023-10-08,Marseille,Le Havre,3.0,0.0,H,14.0,7.0,6.0,1.0,6.0,16.0,4.0,3.0,0.0,3.0,0.0,1.0,1.45,4.75,6.0,1.48,4.63,7.2,,,,,,,,2023/2024
F1,2023-10-08,Lyon,Lorient,3.0,3.0,D,9.0,6.0,6.0,5.0,22.0,10.0,5.0,2.0,0.0,0.0,0.0,0.0,1.67,4.2,4.75,1.71,4.06,5.04,,,,,,,,2023/2024
F1,2023-10-08,Rennes,Paris Saint-Germain,1.0,3.0,A,14.0,17.0,4.0,7.0,12.0,15.0,1.0,7.0,1.0,0.0,0.0,0.0,3.4,3.6,2.05,3.61,3.59,2.11,,,,,,,,2023/2024
F1,2023-10-08,Lens,Lille,1.0,1.0,D,14.0,8.0,5.0,3.0,14.0,16.0,8.0,5.0,2.0,4.0,0.0,0.0,2.25,3.6,3.0,2.27,3.48,3.34,,,,,,,,2023/2024
F1,2023-10-08,Brest,Toulouse,1.0,1.0,D,13.0,9.0,2.0,3.0,18.0,18.0,3.0,5.0,2.0,2.0,0.0,0.0,1.8,3.8,4.33,1.85,3.74,4.54,,,,,,,,2023/2024
F1,2023-10-20,Le Havre,Lens,0.0,0.0,D,14.0,13.0,5.0,7.0,16.0,9.0,3.0,3.0,2.0,3.0,0.0,0.0,4.5,3.5,1.83,4.66,3.6,1.88,,,,,,,,2023/2024
F1,2023-10-21,Paris Saint-Germain,Strasbourg,3.0,0.0,H,8.0,7.0,4.0,1.0,11.0,10.0,1.0,6.0,2.0,0.0,0.0,0.0,1.22,6.5,12.0,1.24,6.93,11.72,,,,,,,,2023/2024
F1,2023-10-21,Nice,Marseille,1.0,0.0,H,10.0,9.0,2.0,1.0,13.0,6.0,4.0,2.0,4.0,3.0,0.0,1.0,2.4,3.3,3.0,2.51,3.22,3.14,,,,,,,,2023/2024
F1,2023-10-22,Lorient,Rennes,2.0,1.0,H,5.0,20.0,4.0,6.0,5.0,14.0,6.0,16.0,0.0,2.0,0.0,0.0,3.8,3.8,1.85,4.02,3.79,1.93,,,,,,,,2023/2024
F1,2023-10-22,Lille,Brest,1.0,0.0,H,6.0,9.0,4.0,1.0,12.0,13.0,3.0,5.0,2.0,3.0,0.0,0.0,1.8,3.5,4.75,1.82,3.64,4.85,,,,,,,,2023/2024
F1,2023-10-22,Nantes,Montpellier,2.0,0.0,H,14.0,11.0,5.0,6.0,16.0,13.0,4.0,3.0,2.0,1.0,0.0,0.0,2.88,3.5,2.4,3.03,3.62,2.37,,,,,,,,2023/2024
F1,2023-10-22,Toulouse,Reims,1.0,1.0,D,11.0,15.0,5.0,4.0,18.0,15.0,5.0,7.0,2.0,0.0,0.0,0.0,2.8,3.5,2.4,2.94,3.47,2.5,,,,,,,,2023/2024
F1,2023-10-22,Monaco,Metz,2.0,1.0,H,27.0,8.0,13.0,4.0,12.0,11.0,10.0,2.0,1.0,3.0,0.0,0.0,1.33,5.5,8.5,1.36,5.75,8.16,,,,,,,,2023/2024
F1,2023-10-22,Lyon,Clermont,1.0,2.0,A,25.0,12.0,6.0,5.0,16.0,12.0,10.0,3.0,4.0,6.0,0.0,0.0,1.75,3.75,4.5,1.81,4.08,4.31,,,,,,,,2023/2024
F1,2023-10-27,Clermont,Nice,0.0,1.0,A,8.0,11.0,3.0,5.0,14.0,12.0,2.0,2.0,0.0,2.0,0.0,0.0,4.2,3.3,1.91,4.42,3.42,1.95,,,,,,,,2023/2024
F1,2023-10-28,Reims,Lorient,1.0,0.0,H,12.0,9.0,5.0,1.0,16.0,7.0,4.0,4.0,1.0,3.0,0.0,0.0,1.67,4.0,5.0,1.67,4.24,5.13,,,,,,,,2023/2024
F1,2023-10-28,Lens,Nantes,4.0,0.0,H,11.0,11.0,7.0,1.0,12.0,17.0,4.0,1.0,1.0,2.0,0.0,0.0,1.57,4.2,5.5,1.6,4.36,5.65,,,,,,,,2023/2024
F1,2023-10-29,Brest,Paris Saint-Germain,2.0,3.0,A,20.0,17.0,5.0,10.0,14.0,10.0,9.0,5.0,3.0,4.0,0.0,0.0,5.75,4.33,1.53,6.06,4.63,1.54,,,,,,,,2023/2024
F1,2023-10-29,Lille,Monaco,2.0,0.0,H,7.0,16.0,5.0,6.0,17.0,13.0,2.0,8.0,1.0,2.0,0.0,0.0,2.25,3.75,2.9,2.34,3.82,2.95,,,,,,,,2023/2024
F1,2023-10-29,Metz,Le Havre,0.0,0.0,D,9.0,12.0,3.0,1.0,13.0,15.0,5.0,6.0,2.0,2.0,0.0,0.0,2.5,3.3,2.8,2.61,3.26,2.96,,,,,,,,2023/2024
F1,2023-10-29,Montpellier,Toulouse,3.0,0.0,H,19.0,16.0,6.0,5.0,13.0,15.0,3.0,4.0,2.0,3.0,0.0,0.0,1.75,4.0,4.5,1.8,3.95,4.53,,,,,,,,2023/2024
F1,2023-10-29,Rennes,Strasbourg,1.0,1.0,D,20.0,11.0,3.0,3.0,14.0,16.0,7.0,5.0,2.0,2.0,0.0,0.0,1.57,4.0,6.0,1.6,4.19,5.92,,,,,,,,2023/2024
F1,2023-11-03,Paris Saint-Germain,Montpellier,3.0,0.0,H,21.0,7.0,10.0,2.0,10.0,13.0,9.0,2.0,1.0,0.0,0.0,0.0,1.25,6.0,10.0,1.26,6.76,10.17,,,,,,,,2023/2024
F1,2023-11-04,Lorient,Lens,0.0,0.0,D,7.0,14.0,2.0,7.0,10.0,14.0,1.0,5.0,3.0,3.0,0.0,0.0,5.0,3.8,1.7,4.73,3.95,1.75,,,,,,,,2023/2024
F1,2023-11-04,Marseille,Lille,0.0,0.0,D,8.0,10.0,3.0,1.0,10.0,12.0,2.0,8.0,2.0,3.0,0.0,0.0,2.25,3.5,3.1,2.21,3.59,3.31,,,,,,,,2023/2024
F1,2023-11-05,Strasbourg,Clermont,0.0,0.0,D,18.0,10.0,5.0,2.0,11.0,5.0,4.0,6.0,2.0,0.0,1.0,0.0,2.38,3.2,3.1,2.42,3.23,3.22,,,,,,,,2023/2024
F1,2023-11-05,Nantes,Reims,0.0,1.0,A,17.0,7.0,4.0,4.0,5.0,11.0,10.0,6.0,1.0,2.0,0.0,0.0,2.88,3.2,2.55,2.99,3.2,2.59,,,,,,,,2023/2024
F1,2023-11-05,Lyon,Metz,1.0,1.0,D,15.0,10.0,4.0,5.0,16.0,14.0,4.0,9.0,1.0,1.0,0.0,0.0,1.67,3.8,5.5,1.67,4.04,5.24,,,,,,,,2023/2024
F1,2023-11-05,Nice,Rennes,2.0,0.0,H,16.0,11.0,4.0,4.0,7.0,12.0,2.0,1.0,0.0,2.0,1.0,1.0,2.05,3.4,3.6,2.13,3.36,3.74,,,,,,,,2023/2024
F1,2023-11-05,Monaco,Brest,2.0,0.0,H,12.0,15.0,6.0,1.0,15.0,11.0,6.0,4.0,2.0,4.0,0.0,1.0,1.7,4.0,4.75,1.76,4.14,4.44,,,,,,,,2023/2024
F1,2023-11-05,Toulouse,Le Havre,1.0,2.0,A,17.0,15.0,5.0,7.0,9.0,12.0,4.0,6.0,2.0,2.0,0.0,0.0,2.2,3.3,3.4,2.16,3.35,3.67,,,,,,,,2023/2024
F1,2023-11-10,Montpellier,Nice,0.0,0.0,D,9.0,15.0,1.0,4.0,11.0,15.0,3.0,7.0,0.0,4.0,0.0,0.0,3.5,3.3,2.15,3.61,3.39,2.17,,,,,,,,2023/2024
F1,2023-11-11,Reims,Paris Saint-Germain,0.0,3.0,A,19.0,14.0,6.0,6.0,14.0,6.0,8.0,4.0,1.0,0.0,0.0,0.0,5.0,4.33,1.6,5.46,4.35,1.6,,,,,,,,2023/2024
F1,2023-11-11,Le Havre,Monaco,0.0,0.0,D,9.0,10.0,5.0,4.0,10.0,18.0,2.0,4.0,2.0,3.0,0.0,0.0,4.5,4.0,1.73,4.5,3.95,1.78,,,,,,,,2023/2024
F1,2023-11-12,Clermont,Lorient,1.0,0.0,H,17.0,10.0,6.0,3.0,15.0,10.0,5.0,4.0,3.0,2.0,0.0,0.0,2.1,3.3,3.6,2.18,3.35,3.63,,,,,,,,2023/2024
F1,2023-11-12,Lille,Toulouse,1.0,1.0,D,13.0,2.0,6.0,1.0,12.0,16.0,11.0,1.0,3.0,4.0,0.0,0.0,1.55,4.2,6.0,1.59,4.33,5.62,,,,,,,,2023/2024
F1,2023-11-12,Metz,Nantes,3.0,1.0,H,9.0,16.0,4.0,3.0,7.0,9.0,2.0,5.0,0.0,0.0,0.0,0.0,2.9,3.25,2.5,3.04,3.24,2.53,,,,,,,,2023/2024
F1,2023-11-12,Rennes,Lyon,0.0,1.0,A,8.0,12.0,2.0,5.0,5.0,18.0,6.0,9.0,3.0,1.0,1.0,0.0,1.73,4.2,4.33,1.75,4.12,4.48,,,,,,,,2023/2024
F1,2023-11-12,Lens,Marseille,1.0,0.0,H,14.0,8.0,3.0,2.0,19.0,15.0,4.0,5.0,2.0,2.0,0.0,0.0,2.25,3.4,3.2,2.27,3.54,3.22,,,,,,,,2023/2024
F1,2023-11-24,Paris Saint-Germain,Monaco,5.0,2.0,H,16.0,14.0,11.0,7.0,9.0,19.0,2.0,10.0,0.0,1.0,0.0,0.0,1.45,4.75,6.5,1.5,5.1,5.7,,,,,,,,2023/2024
F1,2023-11-25,Clermont,Lens,0.0,3.0,A,13.0,16.0,4.0,10.0,16.0,17.0,2.0,4.0,2.0,3.0,1.0,1.0,3.75,3.5,2.0,3.89,3.52,2.03,,,,,,,,2023/2024
F1,2023-11-25,Strasbourg,Marseille,1.0,1.0,D,15.0,16.0,7.0,3.0,14.0,16.0,7.0,11.0,1.0,2.0,0.0,0.0,3.8,3.6,1.91,3.94,3.58,1.99,,,,,,,,2023/2024
F1,2023-11-26,Montpellier,Brest,1.0,3.0,A,17.0,17.0,5.0,5.0,11.0,18.0,9.0,1.0,2.0,2.0,0.0,0.0,2.3,3.4,3.1,2.31,3.39,3.27,,,,,,,,2023/2024
F1,2023-11-26,Lorient,Metz,2.0,3.0,A,11.0,14.0,5.0,5.0,10.0,17.0,5.0,6.0,2.0,1.0,0.0,0.0,1.95,3.5,4.0,2.0,3.45,4.07,,,,,,,,2023/2024
F1,2023-11-26,Nice,Toulouse,1.0,0.0,H,8.0,19.0,3.0,3.0,9.0,19.0,4.0,2.0,0.0,4.0,0.0,0.0,1.5,4.0,7.5,1.52,4.18,7.02,,,,,,,,2023/2024
F1,2023-11-26,Lyon,Lille,0.0,2.0,A,11.0,15.0,5.0,8.0,17.0,5.0,3.0,5.0,2.0,2.0,0.0,0.0,3.0,3.3,2.38,3.1,3.28,2.47,,,,,,,,2023/2024
F1,2023-11-26,Rennes,Reims,3.0,1.0,H,10.0,15.0,5.0,5.0,10.0,18.0,1.0,8.0,2.0,2.0,0.0,0.0,2.0,3.6,3.75,2.0,3.63,3.85,,,,,,,,2023/2024
F1,2023-11-26,Nantes,Le Havre,0.0,0.0,D,19.0,6.0,3.0,0.0,10.0,17.0,10.0,5.0,1.0,2.0,0.0,1.0,2.1,3.5,3.6,2.07,3.47,3.8,,,,,,,,2023/2024
F1,2023-11-29,Montpellier,Clermont,1.0,1.0,D,32.0,5.0,10.0,1.0,23.0,14.0,8.0,0.0,3.0,4.0,0.0,0.0,1.91,3.6,4.0,1.95,3.66,4.0,,,,,,,,2023/2024
F1,2023-12-01,Reims,Strasbourg,2.0,1.0,H,13.0,10.0,4.0,3.0,7.0,7.0,4.0,5.0,1.0,1.0,0.0,0.0,1.73,3.75,4.75,1.76,3.87,4.93,,,,,,,,2023/2024
F1,2023-12-02,Lens,Lyon,3.0,2.0,H,10.0,12.0,7.0,7.0,11.0,14.0,3.0,6.0,2.0,0.0,1.0,0.0,1.7,4.0,4.75,1.7,4.14,4.81,,,,,,,,2023/2024
F1,2023-12-02,Nantes,Nice,1.0,0.0,H,13.0,13.0,4.0,6.0,15.0,18.0,5.0,6.0,3.0,0.0,0.0,0.0,3.75,3.5,2.0,4.03,3.38,2.04,,,,,,,,2023/2024
F1,2023-12-03,Le Havre,Paris Saint-Germain,0.0,2.0,A,22.0,9.0,7.0,5.0,11.0,9.0,9.0,2.0,2.0,1.0,0.0,1.0,11.0,5.25,1.3,9.54,5.88,1.31,,,,,,,,2023/2024
F1,2023-12-03,Brest,Clermont,3.0,0.0,H,12.0,10.0,7.0,1.0,11.0,17.0,4.0,2.0,1.0,2.0,0.0,0.0,1.75,3.6,4.5,1.8,3.79,4.62,,,,,,,,2023/2024
F1,2023-12-03,Monaco,Montpellier,2.0,0.0,H,27.0,9.0,9.0,4.0,15.0,13.0,8.0,2.0,2.0,3.0,0.0,1.0,1.62,4.2,5.0,1.66,4.47,4.74,,,,,,,,2023/2024
F1,2023-12-03,Toulouse,Lorient,1.0,1.0,D,11.0,11.0,6.0,5.0,16.0,10.0,3.0,4.0,2.0,4.0,0.0,0.0,2.0,3.25,4.0,2.03,3.53,3.86,,,,,,,,2023/2024
F1,2023-12-03,Lille,Metz,2.0,0.0,H,16.0,7.0,6.0,4.0,8.0,11.0,6.0,1.0,0.0,0.0,0.0,0.0,1.45,4.5,7.5,1.45,4.82,7.11,,,,,,,,2023/2024
F1,2023-12-03,Marseille,Rennes,2.0,0.0,H,5.0,10.0,2.0,0.0,9.0,15.0,1.0,6.0,1.0,3.0,1.0,1.0,1.91,3.8,3.8,1.92,3.84,3.95,,,,,,,,2023/2024
F1,2023-12-06,Marseille,Lyon,3.0,0.0,H,12.0,6.0,5.0,1.0,14.0,11.0,10.0,3.0,1.0,2.0,0.0,0.0,1.67,3.8,4.75,1.71,3.94,5.06,,,,,,,,2023/2024
F1,2023-12-07,Brest,Strasbourg,1.0,1.0,D,13.0,9.0,3.0,5.0,11.0,18.0,6.0,0.0,1.0,0.0,0.0,0.0,1.83,3.6,4.33,1.83,3.68,4.61,,,,,,,,2023/2024
F1,2023-12-08,Montpellier,Lens,0.0,0.0,D,18.0,13.0,4.0,5.0,16.0,11.0,4.0,3.0,2.0,3.0,0.0,0.0,3.5,3.4,2.15,3.49,3.51,2.19,,,,,,,,2023/2024
F1,2023-12-09,Rennes,Monaco,1.0,2.0,A,15.0,12.0,5.0,5.0,9.0,22.0,5.0,5.0,3.0,6.0,0.0,1.0,2.55,3.5,2.7,2.59,3.72,2.65,,,,,,,,2023/2024
F1,2023-12-09,Paris Saint-Germain,Nantes,2.0,1.0,H,16.0,10.0,6.0,4.0,9.0,12.0,5.0,3.0,1.0,3.0,0.0,0.0,1.2,7.5,12.0,1.22,7.2,11.37,,,,,,,,2023/2024
F1,2023-12-10,Nice,Reims,2.0,1.0,H,15.0,9.0,5.0,2.0,13.0,6.0,9.0,0.0,2.0,3.0,0.0,0.0,1.85,3.5,4.33,1.89,3.53,4.46,,,,,,,,2023/2024
F1,2023-12-10,Clermont,Lille,0.0,0.0,D,16.0,12.0,5.0,3.0,18.0,9.0,3.0,6.0,2.0,2.0,0.0,0.0,5.25,3.5,1.73,5.08,3.74,1.75,,,,,,,,2023/2024
F1,2023-12-10,Metz,Brest,0.0,1.0,A,6.0,4.0,3.0,3.0,14.0,16.0,3.0,2.0,3.0,2.0,0.0,0.0,3.5,3.2,2.2,3.56,3.3,2.23,,,,,,,,2023/2024
F1,2023-12-10,Strasbourg,Le Havre,2.0,1.0,H,12.0,15.0,3.0,3.0,14.0,15.0,4.0,3.0,3.0,1.0,0.0,0.0,2.15,3.2,3.75,2.16,3.32,3.7,,,,,,,,2023/2024
F1,2023-12-10,Lyon,Toulouse,3.0,0.0,H,15.0,16.0,7.0,6.0,15.0,15.0,2.0,1.0,2.0,3.0,0.0,0.0,2.0,3.5,3.8,2.0,3.7,3.81,,,,,,,,2023/2024
F1,2023-12-10,Lorient,Marseille,2.0,4.0,A,15.0,18.0,9.0,8.0,17.0,17.0,4.0,6.0,5.0,3.0,0.0,1.0,4.75,3.6,1.8,4.58,3.78,1.81,,,,,,,,2023/2024
F1,2023-12-15,Monaco,Lyon,0.0,1.0,A,19.0,5.0,4.0,2.0,13.0,12.0,6.0,1.0,1.0,2.0,0.0,0.0,1.7,4.2,4.33,1.76,4.22,4.47,,,,,,,,2023/2024
F1,2023-12-16,Le Havre,Nice,3.0,1.0,H,9.0,13.0,5.0,6.0,13.0,9.0,2.0,9.0,3.0,2.0,1.0,1.0,4.5,3.3,1.91,4.46,3.28,1.98,,,,,,,,2023/2024
F1,2023-12-16,Lens,Reims,2.0,0.0,H,7.0,14.0,2.0,3.0,9.0,10.0,4.0,7.0,0.0,1.0,0.0,0.0,1.83,3.75,4.2,1.88,3.75,4.2,,,,,,,,2023/2024
F1,2023-12-17,Nantes,Brest,0.0,2.0,A,12.0,14.0,4.0,8.0,15.0,8.0,4.0,3.0,1.0,3.0,0.0,0.0,2.63,3.2,2.8,2.67,3.29,2.81,,,,,,,,2023/2024
F1,2023-12-17,Lorient,Strasbourg,1.0,2.0,A,7.0,12.0,1.0,9.0,14.0,12.0,6.0,1.0,3.0,2.0,0.0,0.0,2.55,3.2,2.88,2.6,3.25,2.94,,,,,,,,2023/2024
F1,2023-12-17,Metz,Montpellier,0.0,1.0,A,19.0,6.0,4.0,3.0,15.0,14.0,12.0,5.0,2.0,2.0,0.0,0.0,3.25,3.3,2.25,3.29,3.32,2.34,,,,,,,,2023/2024
F1,2023-12-17,Toulouse,Rennes,0.0,0.0,D,15.0,11.0,6.0,4.0,17.0,14.0,4.0,4.0,3.0,2.0,0.0,0.0,3.2,3.5,2.2,3.26,3.57,2.24,,,,,,,,2023/2024
F1,2023-12-17,Marseille,Clermont,2.0,1.0,H,15.0,5.0,6.0,2.0,12.0,14.0,4.0,1.0,0.0,3.0,0.0,0.0,1.4,5.0,7.0,1.43,4.79,7.84,,,,,,,,2023/2024
F1,2023-12-17,Lille,Paris Saint-Germain,1.0,1.0,D,15.0,10.0,3.0,2.0,9.0,19.0,8.0,8.0,1.0,1.0,0.0,0.0,3.8,4.0,1.83,4.11,4.05,1.83,,,,,,,,2023/2024
F1,2023-12-20,Nice,Lens,2.0,0.0,H,14.0,10.0,5.0,3.0,14.0,11.0,5.0,6.0,2.0,2.0,0.0,0.0,2.3,3.2,3.3,2.34,3.19,3.41,,,,,,,,2023/2024
F1,2023-12-20,Lyon,Nantes,1.0,0.0,H,8.0,7.0,7.0,0.0,8.0,14.0,7.0,7.0,1.0,2.0,1.0,0.0,1.67,4.33,4.5,1.7,4.2,4.71,,,,,,,,2023/2024
F1,2023-12-20,Brest,Lorient,4.0,0.0,H,12.0,7.0,7.0,3.0,8.0,17.0,1.0,0.0,1.0,2.0,0.0,0.0,1.6,3.8,5.75,1.61,4.06,5.91,,,,,,,,2023/2024
F1,2023-12-20,Montpellier,Marseille,1.0,1.0,D,12.0,17.0,6.0,4.0,21.0,13.0,5.0,10.0,2.0,1.0,0.0,0.0,3.4,3.6,2.05,3.62,3.59,2.09,,,,,,,,2023/2024
F1,2023-12-20,Toulouse,Monaco,1.0,2.0,A,20.0,12.0,5.0,4.0,17.0,10.0,4.0,5.0,2.0,3.0,0.0,1.0,4.33,3.75,1.8,4.31,3.94,1.82,,,,,,,,2023/2024
F1,2023-12-20,Paris Saint-Germain,Metz,3.0,1.0,H,13.0,3.0,5.0,1.0,6.0,9.0,5.0,5.0,0.0,1.0,0.0,0.0,1.14,8.0,17.0,1.15,9.06,16.98,,,,,,,,2023/2024
F1,2023-12-20,Clermont,Rennes,1.0,3.0,A,14.0,25.0,6.0,11.0,8.0,11.0,4.0,5.0,0.0,3.0,1.0,0.0,3.3,3.4,2.2,3.44,3.4,2.23,,,,,,,,2023/2024
F1,2023-12-20,Reims,Le Havre,1.0,0.0,H,22.0,4.0,7.0,1.0,7.0,6.0,6.0,2.0,1.0,1.0,0.0,1.0,1.7,4.0,4.75,1.69,3.92,5.28,,,,,,,,2023/2024
F1,2023-12-20,Strasbourg,Lille,2.0,1.0,H,9.0,9.0,2.0,2.0,19.0,10.0,6.0,5.0,1.0,2.0,0.0,0.0,4.0,3.4,1.95,4.01,3.57,1.98,,,,,,,,2023/2024
F1,2024-01-12,Marseille,Strasbourg,1.0,1.0,D,8.0,18.0,2.0,4.0,11.0,10.0,6.0,4.0,3.0,2.0,0.0,0.0,1.6,4.0,5.5,1.62,4.01,6.08,,,,,,,,2023/2024
F1,2024-01-13,Monaco,Reims,1.0,3.0,A,9.0,12.0,5.0,5.0,11.0,9.0,6.0,6.0,3.0,2.0,0.0,0.0,1.7,4.0,4.5,1.76,4.08,4.46,,,,,,,,2023/2024
F1,2024-01-13,Rennes,Nice,2.0,0.0,H,15.0,9.0,5.0,2.0,13.0,11.0,6.0,6.0,1.0,0.0,0.0,0.0,2.38,3.25,3.1,2.43,3.27,3.17,,,,,,,,2023/2024
F1,2024-01-14,Le Havre,Lyon,3.0,1.0,H,14.0,9.0,7.0,2.0,15.0,4.0,3.0,7.0,1.0,0.0,0.0,2.0,3.25,3.25,2.25,3.26,3.29,2.36,,,,,,,,2023/2024
F1,2024-01-14,Lens,Paris Saint-Germain,0.0,2.0,A,17.0,15.0,5.0,7.0,10.0,8.0,5.0,6.0,0.0,1.0,1.0,0.0,3.6,4.0,1.85,3.81,4.06,1.9,,,,,,,,2023/2024
F1,2024-01-14,Lille,Lorient,3.0,0.0,H,24.0,1.0,10.0,0.0,10.0,22.0,7.0,1.0,1.0,4.0,0.0,0.0,1.4,5.0,7.0,1.38,5.04,8.5,,,,,,,,2023/2024
F1,2024-01-14,Brest,Montpellier,2.0,0.0,H,26.0,9.0,9.0,4.0,6.0,7.0,3.0,3.0,1.0,2.0,0.0,0.0,1.83,3.75,4.2,1.88,3.65,4.34,,,,,,,,2023/2024
F1,2024-01-14,Metz,Toulouse,0.0,1.0,A,14.0,4.0,2.0,2.0,20.0,18.0,5.0,2.0,3.0,2.0,1.0,0.0,2.9,3.2,2.45,3.16,3.02,2.59,,,,,,,,2023/2024
F1,2024-01-14,Nantes,Clermont,1.0,2.0,A,20.0,15.0,9.0,6.0,10.0,5.0,11.0,5.0,1.0,1.0,1.0,0.0,1.95,3.5,3.8,2.0,3.44,4.11,,,,,,,,2023/2024
F1,2024-01-26,Lyon,Rennes,2.0,3.0,A,12.0,11.0,6.0,5.0,15.0,12.0,3.0,2.0,2.0,2.0,0.0,0.0,2.5,3.4,2.8,2.56,3.35,2.91,,,,,,,,2023/2024
F1,2024-01-27,Nice,Metz,1.0,0.0,H,15.0,2.0,9.0,1.0,10.0,13.0,5.0,2.0,1.0,1.0,0.0,0.0,1.4,4.5,9.0,1.41,4.57,8.94,,,,,,,,2023/2024
F1,2024-01-27,Marseille,Monaco,2.0,2.0,D,22.0,6.0,9.0,5.0,11.0,12.0,10.0,1.0,1.0,3.0,0.0,2.0,2.4,3.6,2.75,2.45,3.68,2.83,,,,,,,,2023/2024
F1,2024-01-28,Montpellier,Lille,0.0,0.0,D,12.0,12.0,7.0,0.0,13.0,16.0,5.0,2.0,4.0,3.0,0.0,1.0,3.6,3.6,2.0,3.93,3.59,1.99,,,,,,,,2023/2024
F1,2024-01-28,Clermont,Strasbourg,1.0,1.0,D,14.0,6.0,6.0,2.0,12.0,16.0,5.0,2.0,1.0,3.0,0.0,0.0,2.75,3.2,2.63,2.83,3.27,2.67,,,,,,,,2023/2024
F1,2024-01-28,Lorient,Le Havre,3.0,3.0,D,13.0,14.0,6.0,5.0,15.0,21.0,1.0,4.0,4.0,4.0,0.0,0.0,2.9,3.1,2.63,3.0,3.12,2.63,,,,,,,,2023/2024
F1,2024-01-28,Reims,Nantes,0.0,0.0,D,10.0,7.0,1.0,5.0,8.0,16.0,6.0,2.0,3.0,2.0,0.0,0.0,1.8,3.75,4.33,1.83,3.76,4.5,,,,,,,,2023/2024
F1,2024-01-28,Toulouse,Lens,0.0,2.0,A,13.0,13.0,4.0,5.0,11.0,14.0,10.0,7.0,3.0,3.0,0.0,0.0,3.6,3.6,2.0,3.54,3.63,2.1,,,,,,,,2023/2024
F1,2024-01-28,Paris Saint-Germain,Brest,2.0,2.0,D,10.0,9.0,4.0,6.0,12.0,10.0,7.0,0.0,5.0,3.0,1.0,0.0,1.36,5.5,7.5,1.4,5.45,6.98,,,,,,,,2023/2024
F1,2024-02-02,Strasbourg,Paris Saint-Germain,1.0,2.0,A,20.0,9.0,8.0,5.0,12.0,13.0,3.0,4.0,3.0,1.0,0.0,0.0,6.0,4.5,1.5,6.58,4.66,1.5,,,,,,,,2023/2024
F1,2024-02-03,Rennes,Montpellier,2.0,1.0,H,9.0,17.0,3.0,9.0,17.0,12.0,5.0,3.0,4.0,3.0,0.0,0.0,1.62,4.0,5.5,1.63,4.09,5.56,,,,,,,,2023/2024
F1,2024-02-03,Nantes,Lens,0.0,1.0,A,7.0,12.0,2.0,4.0,16.0,11.0,2.0,3.0,2.0,2.0,0.0,0.0,3.4,3.3,2.2,3.47,3.36,2.23,,,,,,,,2023/2024
F1,2024-02-04,Monaco,Le Havre,1.0,1.0,D,17.0,3.0,5.0,0.0,16.0,11.0,9.0,4.0,3.0,2.0,0.0,0.0,1.45,4.5,7.0,1.49,4.56,6.8,,,,,,,,2023/2024
F1,2024-02-04,Lille,Clermont,4.0,0.0,H,23.0,4.0,13.0,3.0,8.0,10.0,12.0,1.0,0.0,1.0,0.0,0.0,1.4,4.5,8.5,1.42,4.81,7.95,,,,,,,,2023/2024
F1,2024-02-04,Metz,Lorient,1.0,2.0,A,10.0,12.0,3.0,4.0,12.0,13.0,4.0,3.0,3.0,1.0,0.0,0.0,2.25,3.1,3.5,2.28,3.11,3.66,,,,,,,,2023/2024
F1,2024-02-04,Reims,Toulouse,2.0,3.0,A,17.0,9.0,5.0,4.0,13.0,16.0,10.0,6.0,2.0,3.0,0.0,0.0,1.75,3.5,4.75,1.8,3.73,4.69,,,,,,,,2023/2024
F1,2024-02-04,Brest,Nice,0.0,0.0,D,17.0,13.0,2.0,1.0,12.0,12.0,3.0,5.0,3.0,1.0,0.0,0.0,2.45,3.25,3.0,2.51,3.15,3.15,,,,,,,,2023/2024
F1,2024-02-04,Lyon,Marseille,1.0,0.0,H,12.0,8.0,7.0,1.0,14.0,10.0,3.0,2.0,2.0,1.0,0.0,0.0,2.9,3.4,2.45,2.91,3.38,2.54,,,,,,,,2023/2024
F1,2024-02-09,Marseille,Metz,1.0,1.0,D,18.0,7.0,6.0,3.0,12.0,16.0,6.0,3.0,2.0,0.0,1.0,0.0,1.4,4.75,7.0,1.43,4.64,8.45,,,,,,,,2023/2024
F1,2024-02-10,Lens,Strasbourg,3.0,1.0,H,10.0,19.0,6.0,5.0,14.0,14.0,4.0,5.0,2.0,1.0,0.0,0.0,1.62,3.8,5.75,1.67,3.82,5.68,,,,,,,,2023/2024
F1,2024-02-10,Paris Saint-Germain,Lille,3.0,1.0,H,16.0,10.0,8.0,3.0,12.0,10.0,6.0,8.0,2.0,3.0,0.0,0.0,1.62,4.2,5.25,1.63,4.28,5.3,,,,,,,,2023/2024
F1,2024-02-11,Lorient,Reims,2.0,0.0,H,17.0,23.0,5.0,6.0,9.0,14.0,1.0,7.0,1.0,1.0,0.0,0.0,3.75,3.5,2.05,3.73,3.57,2.06,,,,,,,,2023/2024
F1,2024-02-11,Clermont,Brest,1.0,1.0,D,7.0,15.0,2.0,9.0,12.0,13.0,2.0,4.0,2.0,4.0,1.0,1.0,3.8,3.3,2.05,3.81,3.39,2.1,,,,,,,,2023/2024
F1,2024-02-11,Le Havre,Rennes,0.0,1.0,A,13.0,11.0,5.0,2.0,14.0,7.0,5.0,1.0,2.0,1.0,0.0,0.0,3.6,3.3,2.15,3.66,3.38,2.15,,,,,,,,2023/2024
F1,2024-02-11,Nice,Monaco,2.0,3.0,A,15.0,9.0,5.0,5.0,17.0,14.0,8.0,2.0,5.0,4.0,1.0,0.0,2.3,3.4,3.1,2.38,3.39,3.14,,,,,,,,2023/2024
F1,2024-02-11,Montpellier,Lyon,1.0,2.0,A,15.0,19.0,8.0,5.0,11.0,11.0,1.0,5.0,1.0,2.0,0.0,0.0,3.1,3.4,2.38,3.1,3.41,2.4,,,,,,,,2023/2024
F1,2024-02-11,Toulouse,Nantes,1.0,2.0,A,16.0,5.0,3.0,2.0,10.0,13.0,12.0,0.0,2.0,1.0,0.0,0.0,2.15,3.3,3.4,2.2,3.44,3.47,,,,,,,,2023/2024
F1,2024-02-16,Lyon,Nice,1.0,0.0,H,9.0,20.0,1.0,6.0,8.0,12.0,4.0,9.0,0.0,1.0,0.0,0.0,2.63,3.2,2.8,2.71,3.16,2.93,,,,,,,,2023/2024
F1,2024-02-17,Lille,Le Havre,3.0,0.0,H,17.0,6.0,8.0,2.0,11.0,17.0,1.0,3.0,2.0,3.0,0.0,0.0,1.53,4.33,6.5,1.52,4.18,7.01,,,,,,,,2023/2024
F1,2024-02-17,Nantes,Paris Saint-Germain,0.0,2.0,A,12.0,12.0,7.0,2.0,10.0,12.0,3.0,8.0,1.0,0.0,0.0,0.0,6.0,4.5,1.5,6.4,4.77,1.49,,,,,,,,2023/2024
F1,2024-02-18,Montpellier,Metz,3.0,0.0,H,21.0,14.0,7.0,4.0,17.0,13.0,7.0,4.0,3.0,3.0,0.0,0.0,1.75,3.7,4.75,1.78,3.67,4.98,,,,,,,,2023/2024
F1,2024-02-18,Strasbourg,Lorient,1.0,3.0,A,18.0,13.0,4.0,6.0,13.0,12.0,9.0,4.0,3.0,1.0,1.0,0.0,1.7,3.8,5.0,1.72,3.85,5.13,,,,,,,,2023/2024
F1,2024-02-18,Monaco,Toulouse,1.0,2.0,A,22.0,14.0,5.0,7.0,18.0,12.0,4.0,6.0,1.0,3.0,0.0,0.0,1.5,4.33,6.5,1.52,4.67,6.01,,,,,,,,2023/2024
F1,2024-02-18,Reims,Lens,1.0,1.0,D,11.0,9.0,2.0,1.0,15.0,9.0,3.0,2.0,2.0,2.0,0.0,0.0,2.8,3.2,2.63,2.75,3.3,2.73,,,,,,,,2023/2024
F1,2024-02-18,Brest,Marseille,1.0,0.0,H,15.0,9.0,5.0,2.0,14.0,9.0,6.0,4.0,3.0,1.0,1.0,0.0,2.55,3.0,3.1,2.58,3.23,2.97,,,,,,,,2023/2024
F1,2024-02-18,Rennes,Clermont,3.0,1.0,H,16.0,14.0,8.0,5.0,9.0,10.0,4.0,4.0,1.0,0.0,0.0,1.0,1.53,4.2,6.5,1.52,4.41,6.44,,,,,,,,2023/2024
F1,2024-02-23,Metz,Lyon,1.0,2.0,A,15.0,11.0,4.0,5.0,13.0,12.0,4.0,3.0,1.0,2.0,0.0,0.0,4.0,3.4,1.91,4.31,3.44,1.98,,,,,,,,2023/2024
F1,2024-02-24,Lorient,Nantes,0.0,1.0,A,6.0,7.0,1.0,6.0,11.0,11.0,3.0,8.0,0.0,2.0,0.0,0.0,2.6,3.2,2.8,2.61,3.19,2.97,,,,,,,,2023/2024
F1,2024-02-24,Strasbourg,Brest,0.0,3.0,A,6.0,15.0,2.0,8.0,21.0,10.0,0.0,4.0,3.0,0.0,0.0,0.0,3.1,3.1,2.45,3.01,3.21,2.57,,,,,,,,2023/2024
F1,2024-02-25,Lens,Monaco,2.0,3.0,A,20.0,15.0,10.0,9.0,10.0,13.0,9.0,3.0,6.0,3.0,0.0,0.0,2.38,3.5,2.9,2.48,3.55,2.87,,,,,,,,2023/2024
F1,2024-02-25,Le Havre,Reims,1.0,2.0,A,18.0,16.0,4.0,5.0,11.0,13.0,5.0,5.0,3.0,3.0,0.0,1.0,3.1,3.25,2.38,3.02,3.3,2.51,,,,,,,,2023/2024
F1,2024-02-25,Nice,Clermont,0.0,0.0,D,23.0,13.0,4.0,5.0,8.0,12.0,8.0,1.0,2.0,1.0,0.0,0.0,1.44,4.33,7.5,1.47,4.31,7.88,,,,,,,,2023/2024
F1,2024-02-25,Toulouse,Lille,3.0,1.0,H,14.0,12.0,4.0,2.0,20.0,10.0,6.0,8.0,2.0,0.0,0.0,0.0,4.2,3.4,1.91,4.07,3.62,1.95,,,,,,,,2023/2024
F1,2024-02-25,Paris Saint-Germain,Rennes,1.0,1.0,D,15.0,3.0,3.0,1.0,13.0,16.0,4.0,0.0,5.0,3.0,0.0,0.0,1.45,4.75,7.0,1.47,4.65,6.94,,,,,,,,2023/2024
F1,2024-02-25,Marseille,Montpellier,4.0,1.0,H,16.0,9.0,6.0,4.0,8.0,12.0,7.0,4.0,2.0,4.0,0.0,0.0,1.7,4.0,4.75,1.73,3.96,4.85,,,,,,,,2023/2024
F1,2024-03-01,Monaco,Paris Saint-Germain,0.0,0.0,D,14.0,14.0,6.0,7.0,10.0,13.0,5.0,6.0,0.0,0.0,0.0,0.0,3.4,3.8,2.0,3.51,3.93,2.05,,,,,,,,2023/2024
F1,2024-03-02,Reims,Lille,0.0,1.0,A,8.0,8.0,3.0,3.0,12.0,14.0,4.0,4.0,3.0,2.0,0.0,0.0,2.7,3.3,2.63,2.78,3.33,2.69,,,,,,,,2023/2024
F1,2024-03-02,Clermont,Marseille,1.0,5.0,A,7.0,17.0,2.0,11.0,9.0,13.0,7.0,4.0,2.0,1.0,0.0,0.0,4.2,3.6,1.85,4.2,3.65,1.91,,,,,,,,2023/2024
F1,2024-03-03,Toulouse,Nice,2.0,1.0,H,17.0,9.0,6.0,6.0,16.0,10.0,7.0,6.0,2.0,2.0,0.0,0.0,3.4,3.2,2.25,3.41,3.19,2.34,,,,,,,,2023/2024
F1,2024-03-03,Brest,Le Havre,1.0,0.0,H,8.0,11.0,4.0,2.0,21.0,15.0,0.0,2.0,4.0,1.0,0.0,0.0,1.6,4.0,5.75,1.61,3.91,6.28,,,,,,,,2023/2024
F1,2024-03-03,Montpellier,Strasbourg,2.0,2.0,D,21.0,12.0,7.0,4.0,12.0,17.0,8.0,4.0,1.0,3.0,0.0,0.0,2.0,3.5,3.75,2.04,3.53,3.82,,,,,,,,2023/2024
F1,2024-03-03,Nantes,Metz,0.0,2.0,A,9.0,13.0,2.0,4.0,7.0,11.0,10.0,3.0,3.0,2.0,0.0,0.0,1.8,3.5,4.75,1.78,3.58,5.15,,,,,,,,2023/2024
F1,2024-03-03,Rennes,Lorient,1.0,2.0,A,22.0,12.0,6.0,6.0,12.0,9.0,6.0,3.0,1.0,2.0,0.0,0.0,1.4,4.75,8.0,1.45,4.59,7.78,,,,,,,,2023/2024
F1,2024-03-03,Lyon,Lens,0.0,3.0,A,13.0,18.0,4.0,8.0,5.0,15.0,2.0,4.0,0.0,2.0,1.0,0.0,2.55,3.4,2.75,2.63,3.33,2.85,,,,,,,,2023/2024
F1,2024-03-08,Nice,Montpellier,1.0,2.0,A,19.0,7.0,5.0,2.0,13.0,11.0,8.0,5.0,1.0,2.0,0.0,0.0,1.75,3.6,4.5,1.8,3.92,4.57,,,,,,,,2023/2024
F1,2024-03-09,Lorient,Lyon,0.0,2.0,A,9.0,13.0,0.0,6.0,10.0,7.0,4.0,7.0,0.0,0.0,0.0,0.0,3.3,3.4,2.2,3.33,3.44,2.26,,,,,,,,2023/2024
F1,2024-03-09,Lens,Brest,1.0,0.0,H,6.0,9.0,2.0,3.0,13.0,10.0,2.0,4.0,1.0,2.0,0.0,0.0,2.05,3.3,3.8,2.05,3.4,3.94,,,,,,,,2023/2024
F1,2024-03-10,Metz,Clermont,1.0,0.0,H,11.0,13.0,2.0,6.0,10.0,10.0,5.0,7.0,1.0,3.0,0.0,0.0,2.25,3.3,3.25,2.28,3.32,3.4,,,,,,,,2023/2024
F1,2024-03-10,Le Havre,Toulouse,1.0,0.0,H,12.0,5.0,4.0,0.0,12.0,17.0,3.0,3.0,1.0,1.0,0.0,0.0,2.8,3.1,2.63,2.8,3.21,2.74,,,,,,,,2023/2024
F1,2024-03-10,Paris Saint-Germain,Reims,2.0,2.0,D,19.0,8.0,6.0,3.0,10.0,12.0,7.0,2.0,2.0,2.0,0.0,0.0,1.4,5.0,7.0,1.4,5.45,7.21,,,,,,,,2023/2024
F1,2024-03-10,Marseille,Nantes,2.0,0.0,H,12.0,10.0,4.0,3.0,11.0,16.0,2.0,8.0,2.0,3.0,0.0,0.0,1.5,4.2,7.0,1.49,4.47,7.01,,,,,,,,2023/2024
F1,2024-03-10,Lille,Rennes,2.0,2.0,D,15.0,11.0,8.0,3.0,17.0,20.0,6.0,3.0,5.0,2.0,0.0,0.0,2.05,3.4,3.6,2.05,3.5,3.84,,,,,,,,2023/2024
F1,2024-03-10,Strasbourg,Monaco,0.0,1.0,A,8.0,17.0,1.0,6.0,9.0,15.0,5.0,8.0,1.0,3.0,0.0,0.0,3.6,3.75,1.95,3.5,3.84,2.05,,,,,,,,2023/2024
F1,2024-03-15,Toulouse,Lyon,2.0,3.0,A,13.0,18.0,5.0,6.0,18.0,12.0,5.0,3.0,2.0,2.0,0.0,0.0,2.88,3.2,2.6,2.89,3.26,2.63,,,,,,,,2023/2024
F1,2024-03-16,Nantes,Strasbourg,1.0,3.0,A,11.0,11.0,2.0,6.0,16.0,15.0,4.0,5.0,2.0,3.0,0.0,0.0,2.25,3.25,3.3,2.27,3.35,3.41,,,,,,,,2023/2024
F1,2024-03-16,Lens,Nice,1.0,3.0,A,20.0,7.0,4.0,3.0,9.0,12.0,11.0,3.0,4.0,3.0,0.0,0.0,2.0,3.4,4.0,2.01,3.42,4.07,,,,,,,,2023/2024
F1,2024-03-17,Brest,Lille,1.0,1.0,D,16.0,13.0,4.0,8.0,9.0,12.0,3.0,3.0,3.0,0.0,0.0,0.0,2.5,3.1,3.0,2.6,3.16,3.02,,,,,,,,2023/2024
F1,2024-03-17,Clermont,Le Havre,2.0,1.0,H,9.0,14.0,4.0,5.0,13.0,17.0,3.0,5.0,3.0,5.0,1.0,1.0,2.6,3.25,2.8,2.73,3.1,2.91,,,,,,,,2023/2024
F1,2024-03-17,Monaco,Lorient,2.0,2.0,D,23.0,11.0,8.0,6.0,21.0,8.0,10.0,8.0,3.0,1.0,1.0,1.0,1.36,5.0,9.0,1.33,5.72,8.83,,,,,,,,2023/2024
F1,2024-03-17,Reims,Metz,2.0,1.0,H,17.0,12.0,7.0,4.0,17.0,10.0,7.0,7.0,4.0,4.0,0.0,0.0,1.57,4.0,6.0,1.58,4.11,6.19,,,,,,,,2023/2024
F1,2024-03-17,Rennes,Marseille,2.0,0.0,H,7.0,8.0,4.0,1.0,9.0,12.0,4.0,5.0,1.0,3.0,0.0,0.0,2.5,3.3,2.88,2.51,3.49,2.87,,,,,,,,2023/2024
F1,2024-03-17,Montpellier,Paris Saint-Germain,2.0,6.0,A,12.0,16.0,7.0,9.0,9.0,13.0,7.0,4.0,0.0,3.0,0.0,0.0,6.0,4.5,1.5,5.62,4.81,1.53,,,,,,,,2023/2024
F1,2024-03-29,Lille,Lens,2.0,1.0,H,15.0,9.0,6.0,3.0,13.0,17.0,5.0,5.0,3.0,3.0,0.0,0.0,2.05,3.3,3.8,2.11,3.39,3.84,,,,,,,,2023/2024
F1,2024-03-30,Metz,Monaco,2.0,5.0,A,13.0,17.0,7.0,7.0,8.0,8.0,5.0,5.0,0.0,0.0,0.0,0.0,5.25,4.2,1.62,5.37,4.33,1.61,,,,,,,,2023/2024
F1,2024-03-30,Lyon,Reims,1.0,1.0,D,16.0,17.0,3.0,5.0,7.0,10.0,7.0,8.0,2.0,3.0,0.0,0.0,2.05,3.6,3.5,2.12,3.69,3.43,,,,,,,,2023/2024
F1,2024-03-31,Strasbourg,Rennes,2.0,0.0,H,14.0,12.0,7.0,0.0,10.0,17.0,4.0,5.0,1.0,2.0,0.0,0.0,3.1,3.5,2.25,3.14,3.43,2.36,,,,,,,,2023/2024
F1,2024-03-31,Marseille,Paris Saint-Germain,0.0,2.0,A,22.0,8.0,10.0,3.0,10.0,8.0,5.0,3.0,0.0,4.0,0.0,1.0,3.25,3.8,2.05,3.37,3.91,2.08,,,,,,,,2023/2024
F1,2024-03-31,Lorient,Brest,0.0,1.0,A,11.0,10.0,5.0,2.0,10.0,18.0,6.0,4.0,1.0,3.0,0.0,1.0,4.2,3.3,1.95,4.02,3.38,2.04,,,,,,,,2023/2024
F1,2024-03-31,Clermont,Toulouse,0.0,3.0,A,15.0,11.0,5.0,5.0,15.0,12.0,12.0,3.0,3.0,1.0,0.0,0.0,3.1,3.4,2.3,3.22,3.33,2.37,,,,,,,,2023/2024
F1,2024-03-31,Le Havre,Montpellier,0.0,2.0,A,14.0,14.0,3.0,5.0,10.0,12.0,6.0,6.0,2.0,2.0,0.0,0.0,2.55,3.3,2.8,2.59,3.36,2.87,,,,,,,,2023/2024
F1,2024-03-31,Nice,Nantes,1.0,2.0,A,12.0,13.0,3.0,4.0,7.0,19.0,9.0,3.0,2.0,5.0,0.0,0.0,1.75,3.5,5.25,1.76,3.6,5.25,,,,,,,,2023/2024
F1,2024-04-05,Lille,Marseille,3.0,1.0,H,14.0,13.0,6.0,4.0,13.0,18.0,4.0,2.0,1.0,6.0,0.0,0.0,2.0,3.4,3.75,2.08,3.43,3.89,,,,,,,,2023/2024
F1,2024-04-06,Lens,Le Havre,1.0,1.0,D,18.0,11.0,8.0,3.0,13.0,10.0,7.0,4.0,2.0,5.0,0.0,0.0,1.53,4.0,7.0,1.55,4.19,6.54,,,,,,,,2023/2024
F1,2024-04-06,Paris Saint-Germain,Clermont,1.0,1.0,D,23.0,6.0,7.0,3.0,11.0,7.0,17.0,2.0,1.0,0.0,0.0,0.0,1.18,8.0,12.0,1.18,8.03,13.96,,,,,,,,2023/2024
F1,2024-04-07,Brest,Metz,4.0,3.0,H,24.0,8.0,10.0,6.0,11.0,17.0,8.0,5.0,0.0,1.0,0.0,0.0,1.53,4.0,7.5,1.53,4.11,7.13,,,,,,,,2023/2024
F1,2024-04-07,Montpellier,Lorient,2.0,0.0,H,13.0,19.0,5.0,5.0,11.0,18.0,5.0,7.0,3.0,6.0,0.0,0.0,1.75,3.8,4.5,1.8,3.9,4.46,,,,,,,,2023/2024
F1,2024-04-07,Reims,Nice,0.0,0.0,D,10.0,18.0,3.0,3.0,15.0,15.0,2.0,5.0,2.0,1.0,0.0,0.0,2.5,3.2,2.9,2.53,3.19,3.09,,,,,,,,2023/2024
F1,2024-04-07,Toulouse,Strasbourg,0.0,0.0,D,11.0,8.0,2.0,1.0,16.0,17.0,4.0,3.0,2.0,0.0,0.0,0.0,2.05,3.6,3.5,2.08,3.5,3.75,,,,,,,,2023/2024
F1,2024-04-07,Monaco,Rennes,1.0,0.0,H,16.0,12.0,5.0,7.0,16.0,17.0,6.0,3.0,3.0,1.0,1.0,1.0,1.8,4.0,4.0,1.83,4.05,4.14,,,,,,,,2023/2024
F1,2024-04-07,Nantes,Lyon,1.0,3.0,A,14.0,19.0,6.0,10.0,8.0,14.0,5.0,5.0,2.0,2.0,0.0,0.0,3.3,3.25,2.25,3.3,3.3,2.34,,,,,,,,2023/2024
F1,2024-04-12,Metz,Lens,2.0,1.0,H,11.0,17.0,5.0,2.0,11.0,17.0,5.0,2.0,2.0,5.0,0.0,0.0,5.0,3.75,1.7,5.07,3.92,1.73,,,,,,,,2023/2024
F1,2024-04-13,Strasbourg,Reims,3.0,1.0,H,13.0,8.0,6.0,2.0,9.0,18.0,5.0,4.0,1.0,3.0,0.0,1.0,2.55,3.25,2.8,2.64,3.32,2.83,,,,,,,,2023/2024
F1,2024-04-13,Rennes,Toulouse,1.0,2.0,A,19.0,10.0,4.0,3.0,20.0,18.0,8.0,4.0,3.0,3.0,0.0,0.0,1.8,3.6,4.33,1.81,3.79,4.59,,,,,,,,2023/2024
F1,2024-04-14,Lyon,Brest,4.0,3.0,H,16.0,22.0,8.0,7.0,12.0,7.0,10.0,7.0,5.0,5.0,1.0,1.0,2.2,3.25,3.4,2.28,3.31,3.41,,,,,,,,2023/2024
F1,2024-04-14,Le Havre,Nantes,0.0,1.0,A,10.0,12.0,1.0,4.0,14.0,12.0,6.0,7.0,3.0,2.0,0.0,0.0,2.6,3.0,3.0,2.63,2.99,3.14,,,,,,,,2023/2024
F1,2024-04-14,Clermont,Montpellier,1.0,1.0,D,10.0,14.0,2.0,6.0,12.0,14.0,3.0,4.0,1.0,1.0,0.0,0.0,3.3,3.5,2.15,3.37,3.65,2.16,,,,,,,,2023/2024
F1,2024-04-19,Nice,Lorient,3.0,0.0,H,19.0,9.0,10.0,4.0,11.0,7.0,2.0,3.0,0.0,2.0,0.0,0.0,1.53,4.33,5.75,1.57,4.26,6.2,,,,,,,,2023/2024
F1,2024-04-20,Nantes,Rennes,0.0,3.0,A,6.0,14.0,4.0,5.0,16.0,11.0,3.0,7.0,1.0,4.0,0.0,0.0,3.0,3.3,2.4,3.11,3.3,2.45,,,,,,,,2023/2024
F1,2024-04-20,Lens,Clermont,1.0,0.0,H,17.0,8.0,4.0,1.0,17.0,17.0,4.0,3.0,1.0,4.0,0.0,0.0,1.36,4.75,9.0,1.4,4.78,8.58,,,,,,,,2023/2024
F1,2024-04-21,Le Havre,Metz,0.0,1.0,A,16.0,9.0,4.0,2.0,9.0,19.0,4.0,2.0,2.0,3.0,0.0,0.0,2.15,3.2,3.6,2.24,3.18,3.67,,,,,,,,2023/2024
F1,2024-04-21,Lille,Strasbourg,1.0,0.0,H,6.0,8.0,2.0,2.0,11.0,19.0,4.0,4.0,2.0,3.0,0.0,0.0,1.6,4.0,5.75,1.62,4.07,5.71,,,,,,,,2023/2024
F1,2024-04-21,Reims,Montpellier,1.0,2.0,A,22.0,12.0,4.0,5.0,15.0,10.0,8.0,4.0,3.0,3.0,0.0,0.0,1.95,3.75,3.6,2.0,3.69,3.79,,,,,,,,2023/2024
F1,2024-04-21,Brest,Monaco,0.0,2.0,A,12.0,8.0,2.0,3.0,8.0,9.0,7.0,4.0,5.0,2.0,0.0,2.0,2.7,3.5,2.55,2.73,3.43,2.67,,,,,,,,2023/2024
F1,2024-04-21,Toulouse,Marseille,2.0,2.0,D,10.0,11.0,3.0,3.0,11.0,13.0,7.0,4.0,1.0,2.0,0.0,0.0,2.7,3.3,2.55,2.85,3.25,2.67,,,,,,,,2023/2024
F1,2024-04-21,Paris Saint-Germain,Lyon,4.0,1.0,H,14.0,16.0,6.0,6.0,9.0,10.0,4.0,10.0,0.0,0.0,0.0,0.0,1.44,5.25,6.0,1.5,5.06,5.71,,,,,,,,2023/2024
F1,2024-04-24,Lorient,Paris Saint-Germain,1.0,4.0,A,11.0,15.0,6.0,7.0,8.0,7.0,3.0,6.0,1.0,1.0,0.0,0.0,7.5,5.0,1.4,7.76,5.46,1.38,,,,,,,,2023/2024
F1,2024-04-24,Marseille,Nice,2.0,2.0,D,11.0,10.0,4.0,4.0,10.0,14.0,3.0,2.0,2.0,3.0,1.0,0.0,2.25,3.4,3.25,2.27,3.45,3.31,,,,,,,,2023/2024
F1,2024-04-24,Monaco,Lille,1.0,0.0,H,19.0,13.0,7.0,4.0,9.0,9.0,7.0,5.0,1.0,2.0,0.0,0.0,2.25,3.6,3.0,2.32,3.63,3.07,,,,,,,,2023/2024
F1,2024-04-26,Montpellier,Nantes,1.0,1.0,D,8.0,15.0,1.0,5.0,11.0,14.0,3.0,6.0,2.0,1.0,2.0,0.0,1.95,3.6,3.75,2.04,3.6,3.85,,,,,,,,2023/2024
F1,2024-04-27,Paris Saint-Germain,Le Havre,3.0,3.0,D,17.0,6.0,4.0,4.0,10.0,8.0,11.0,2.0,2.0,1.0,0.0,0.0,1.33,5.75,7.5,1.34,5.5,9.32,,,,,,,,2023/2024
F1,2024-04-28,Metz,Lille,1.0,2.0,A,5.0,14.0,2.0,4.0,15.0,12.0,2.0,4.0,1.0,2.0,0.0,0.0,4.5,3.75,1.75,4.73,3.92,1.76,,,,,,,,2023/2024
F1,2024-04-28,Clermont,Reims,4.0,1.0,H,12.0,10.0,6.0,3.0,9.0,12.0,5.0,5.0,0.0,3.0,0.0,1.0,3.75,3.5,2.0,3.56,3.6,2.1,,,,,,,,2023/2024
F1,2024-04-28,Lorient,Toulouse,1.0,2.0,A,15.0,14.0,5.0,5.0,14.0,17.0,5.0,1.0,1.0,3.0,0.0,0.0,2.6,3.4,2.63,2.69,3.41,2.72,,,,,,,,2023/2024
F1,2024-04-28,Strasbourg,Nice,1.0,3.0,A,13.0,8.0,5.0,4.0,11.0,14.0,2.0,3.0,2.0,3.0,0.0,0.0,3.0,3.3,2.38,3.24,3.22,2.42,,,,,,,,2023/2024
F1,2024-04-28,Rennes,Brest,4.0,5.0,A,21.0,10.0,7.0,5.0,14.0,15.0,7.0,4.0,4.0,1.0,0.0,0.0,2.25,3.3,3.3,2.28,3.39,3.33,,,,,,,,2023/2024
F1,2024-04-28,Lyon,Monaco,3.0,2.0,H,15.0,13.0,4.0,5.0,15.0,14.0,3.0,3.0,1.0,3.0,0.0,0.0,2.55,3.75,2.55,2.61,3.79,2.59,,,,,,,,2023/2024
F1,2024-04-28,Marseille,Lens,2.0,1.0,H,13.0,18.0,6.0,5.0,8.0,12.0,3.0,11.0,2.0,2.0,0.0,0.0,2.4,3.4,2.9,2.51,3.52,2.85,,,,,,,,2023/2024
F1,2024-05-03,Toulouse,Montpellier,1.0,2.0,A,15.0,5.0,5.0,3.0,17.0,14.0,8.0,0.0,3.0,4.0,1.0,1.0,2.05,3.8,3.3,2.1,3.81,3.44,,,,,,,,2023/2024
F1,2024-05-03,Lens,Lorient,2.0,0.0,H,18.0,11.0,6.0,5.0,10.0,14.0,4.0,4.0,1.0,2.0,0.0,0.0,1.44,5.0,6.5,1.44,5.03,6.87,,,,,,,,2023/2024
F1,2024-05-04,Le Havre,Strasbourg,3.0,1.0,H,15.0,5.0,7.0,3.0,6.0,13.0,3.0,2.0,3.0,1.0,0.0,0.0,2.38,3.2,3.1,2.44,3.28,3.15,,,,,,,,2023/2024
F1,2024-05-04,Monaco,Clermont,4.0,1.0,H,23.0,9.0,8.0,1.0,13.0,12.0,4.0,4.0,3.0,1.0,0.0,0.0,1.3,6.0,8.5,1.31,6.26,8.38,,,,,,,,2023/2024
F1,2024-05-04,Metz,Rennes,2.0,3.0,A,7.0,21.0,4.0,9.0,15.0,14.0,2.0,5.0,2.0,3.0,1.0,0.0,3.5,3.6,2.05,3.49,3.75,2.08,,,,,,,,2023/2024
F1,2024-05-04,Brest,Nantes,0.0,0.0,D,9.0,9.0,2.0,1.0,6.0,14.0,6.0,0.0,3.0,2.0,0.0,0.0,1.73,3.8,4.75,1.74,3.72,5.16,,,,,,,,2023/2024
F1,2024-05-06,Lille,Lyon,3.0,4.0,A,8.0,11.0,5.0,7.0,14.0,14.0,4.0,4.0,3.0,1.0,0.0,0.0,1.91,3.8,3.8,1.92,3.89,3.9,,,,,,,,2023/2024
F1,2024-05-10,Brest,Reims,1.0,1.0,D,16.0,8.0,5.0,2.0,12.0,12.0,3.0,4.0,2.0,3.0,0.0,0.0,1.67,4.0,5.0,1.7,4.01,5.2,,,,,,,,2023/2024
F1,2024-05-10,Nice,Le Havre,1.0,0.0,H,13.0,12.0,6.0,3.0,10.0,9.0,6.0,1.0,2.0,0.0,0.0,0.0,1.53,4.0,6.5,1.57,4.22,6.3,,,,,,,,2023/2024
F1,2024-05-12,Clermont,Lyon,0.0,1.0,A,18.0,6.0,5.0,2.0,8.0,12.0,7.0,2.0,1.0,2.0,0.0,0.0,5.25,4.5,1.55,5.54,4.78,1.54,,,,,,,,2023/2024
F1,2024-05-12,Marseille,Lorient,3.0,1.0,H,13.0,14.0,4.0,3.0,9.0,6.0,9.0,5.0,3.0,4.0,0.0,0.0,1.44,5.0,6.5,1.47,4.84,6.63,,,,,,,,2023/2024
F1,2024-05-12,Montpellier,Monaco,0.0,2.0,A,14.0,19.0,3.0,9.0,20.0,10.0,3.0,3.0,1.0,1.0,0.0,0.0,3.8,4.0,1.83,3.92,4.26,1.83,,,,,,,,2023/2024
F1,2024-05-12,Nantes,Lille,1.0,2.0,A,9.0,12.0,5.0,3.0,17.0,7.0,5.0,4.0,4.0,2.0,0.0,0.0,4.0,3.5,1.91,4.03,3.53,1.99,,,,,,,,2023/2024
F1,2024-05-12,Paris Saint-Germain,Toulouse,1.0,3.0,A,15.0,18.0,3.0,5.0,12.0,8.0,4.0,6.0,0.0,0.0,0.0,0.0,1.4,6.0,5.75,1.38,5.96,6.92,,,,,,,,2023/2024
F1,2024-05-12,Rennes,Lens,1.0,1.0,D,16.0,8.0,6.0,4.0,12.0,14.0,4.0,3.0,2.0,3.0,0.0,0.0,2.5,3.4,2.8,2.51,3.59,2.81,,,,,,,,2023/2024
F1,2024-05-12,Strasbourg,Metz,2.0,1.0,H,10.0,11.0,2.0,2.0,10.0,10.0,3.0,6.0,2.0,2.0,0.0,0.0,2.2,3.6,3.1,2.19,3.72,3.25,,,,,,,,2023/2024
F1,2024-05-15,Nice,Paris Saint-Germain,1.0,2.0,A,12.0,11.0,4.0,4.0,13.0,10.0,7.0,2.0,1.0,3.0,1.0,0.0,2.5,3.6,2.63,2.44,3.85,2.76,,,,,,,,2023/2024
F1,2024-05-15,Reims,Marseille,1.0,0.0,H,10.0,19.0,3.0,3.0,17.0,9.0,3.0,10.0,3.0,1.0,0.0,0.0,3.25,3.5,2.15,3.3,3.68,2.18,,,,,,,,2023/2024
F1,2024-05-19,Lens,Montpellier,2.0,2.0,D,27.0,11.0,13.0,2.0,10.0,13.0,1.0,0.0,0.0,1.0,0.0,0.0,1.44,4.75,6.5,1.43,5.16,6.65,,,,,,,,2023/2024
F1,2024-05-19,Le Havre,Marseille,1.0,2.0,A,13.0,22.0,6.0,7.0,11.0,11.0,5.0,3.0,1.0,0.0,0.0,0.0,4.5,3.6,1.8,4.43,3.77,1.82,,,,,,,,2023/2024
F1,2024-05-19,Lille,Nice,2.0,2.0,D,12.0,10.0,3.0,4.0,9.0,9.0,3.0,5.0,3.0,3.0,1.0,0.0,1.65,4.0,5.0,1.61,4.01,5.09,,,,,,,,2023/2024
F1,2024-05-19,Lorient,Clermont,5.0,0.0,H,32.0,9.0,10.0,4.0,20.0,8.0,9.0,2.0,3.0,3.0,0.0,0.0,1.67,4.0,4.75,1.65,4.41,4.78,,,,,,,,2023/2024
F1,2024-05-19,Lyon,Strasbourg,2.0,1.0,H,15.0,10.0,6.0,4.0,7.0,10.0,7.0,2.0,1.0,0.0,0.0,0.0,1.42,4.75,7.5,1.4,5.22,7.3,,,,,,,,2023/2024
F1,2024-05-19,Monaco,Nantes,4.0,0.0,H,10.0,6.0,6.0,3.0,14.0,23.0,2.0,2.0,1.0,2.0,0.0,0.0,1.38,5.0,7.5,1.41,5.33,6.67,,,,,,,,2023/2024
F1,2024-05-19,Metz,Paris Saint-Germain,0.0,2.0,A,10.0,20.0,2.0,8.0,6.0,9.0,1.0,11.0,2.0,1.0,0.0,0.0,5.5,4.0,1.62,5.23,4.41,1.6,,,,,,,,2023/2024
F1,2024-05-19,Reims,Rennes,2.0,1.0,H,6.0,15.0,4.0,5.0,11.0,17.0,2.0,4.0,1.0,1.0,0.0,0.0,2.88,3.3,2.5,2.85,3.54,2.47,,,,,,,,2023/2024
F1,2024-05-19,Toulouse,Brest,0.0,3.0,A,8.0,12.0,2.0,6.0,12.0,17.0,6.0,2.0,1.0,2.0,0.0,0.0,4.0,3.75,1.9,3.84,3.95,1.9,,,,,,,,2023/2024
