Div,Date,HomeTeam,AwayTeam,FTHG,FTAG,FTR,HS,AS,HST,AST,HF,AF,HC,AC,HY,AY,HR,AR,B365H,B365D,B365A,PSH,PSD,PSA,BbMxH,BbMxD,BbMxA,BbAvH,BbAvD,BbAvA,Bb1X2,Season
SP1,2014-08-23,Almeria,Espanol,1,1,D,19,12,6,2,8,9,11,7,3,2,0,1,2.55,3.3,2.7,2.8,3.29,2.78,2.8,3.35,2.9,2.66,3.18,2.75,49.0,2014/2015
SP1,2014-08-23,Granada,Deportivo La Coruna,2,1,H,10,7,3,1,13,26,5,3,1,2,0,0,1.95,3.2,4.2,2.05,3.33,4.31,2.11,3.45,4.4,2.03,3.23,3.99,48.0,2014/2015
SP1,2014-08-23,Malaga,Athletic Bilbao,1,0,H,12,12,3,5,13,9,5,4,3,3,2,0,2.8,3.3,2.45,2.96,3.37,2.6,3.07,3.4,2.8,2.83,3.23,2.55,49.0,2014/2015
SP1,2014-08-23,Sevilla,Valencia,1,1,D,10,11,3,1,23,8,3,3,4,2,0,1,2.05,3.5,3.5,2.05,3.62,3.9,2.11,3.65,4.0,2.05,3.41,3.66,48.0,2014/2015
SP1,2014-08-24,Barcelona,Elche,3,0,H,12,3,6,0,11,13,3,1,0,1,1,0,1.1,9.0,21.0,1.1,13.15,29.7,1.12,14.01,36.0,1.09,10.13,26.0,49.0,2014/2015
SP1,2014-08-24,Celta,Getafe,3,1,H,20,12,8,3,19,15,4,4,4,1,0,0,1.91,3.4,4.0,1.92,3.64,4.45,1.95,3.7,4.65,1.89,3.49,4.09,49.0,2014/2015
SP1,2014-08-24,Eibar,Sociedad,1,0,H,12,19,5,4,13,14,5,6,4,1,0,0,3.25,3.4,2.2,3.53,3.37,2.27,3.61,3.42,2.34,3.32,3.29,2.23,49.0,2014/2015
SP1,2014-08-24,Levante,Villarreal,0,2,A,9,12,2,6,11,14,3,4,1,3,0,0,3.4,3.4,2.1,3.84,3.42,2.14,3.85,3.45,2.26,3.54,3.25,2.15,49.0,2014/2015
SP1,2014-08-25,Real Madrid,Cordoba,2,0,H,14,8,8,2,9,13,8,5,1,2,0,0,1.06,11.0,29.0,1.07,16.85,33.5,1.09,18.0,46.08,1.07,12.27,30.06,45.0,2014/2015
SP1,2014-08-25,Vallecano,Atletico Madrid,0,0,D,8,9,2,2,13,17,2,4,2,2,0,0,7.0,4.0,1.5,7.07,4.45,1.53,7.4,4.55,1.58,6.38,4.15,1.52,45.0,2014/2015
SP1,2014-08-29,Getafe,Almeria,1,0,H,12,11,3,4,17,11,2,3,3,2,0,0,2.0,3.4,3.75,2.09,3.43,4.0,2.12,3.5,4.05,2.06,3.33,3.78,49.0,2014/2015
SP1,2014-08-29,Valencia,Malaga,3,0,H,14,17,4,4,18,11,4,6,1,2,0,1,1.55,4.2,5.5,1.59,4.21,6.55,1.62,4.35,6.65,1.56,4.04,6.13,48.0,2014/2015
SP1,2014-08-30,Athletic Bilbao,Levante,3,0,H,10,10,5,2,13,17,2,11,1,4,0,0,1.33,5.0,9.0,1.34,5.32,11.31,1.41,5.35,12.0,1.34,4.87,10.18,49.0,2014/2015
SP1,2014-08-30,Atletico Madrid,Eibar,2,1,H,15,8,6,2,12,18,5,5,3,0,0,0,1.22,5.75,13.0,1.25,6.3,16.46,1.27,6.8,17.5,1.24,5.85,13.4,49.0,2014/2015
SP1,2014-08-30,Cordoba,Celta,1,1,D,6,9,1,4,14,17,1,6,1,4,0,0,3.3,3.3,2.2,3.43,3.35,2.33,3.47,3.45,2.39,3.25,3.25,2.28,49.0,2014/2015
SP1,2014-08-30,Espanol,Sevilla,1,2,A,4,13,2,6,20,24,3,7,4,2,0,0,2.5,3.2,2.88,2.53,3.35,3.06,2.63,3.4,3.15,2.48,3.23,2.92,49.0,2014/2015
SP1,2014-08-31,Elche,Granada,1,1,D,15,5,3,4,12,17,8,4,4,4,0,0,2.2,3.2,3.4,2.32,3.28,3.53,2.32,3.35,3.65,2.25,3.16,3.36,49.0,2014/2015
SP1,2014-08-31,Deportivo La Coruna,Vallecano,2,2,D,10,12,5,2,16,18,2,4,4,6,0,0,2.25,3.3,3.2,2.35,3.33,3.4,2.39,3.45,3.5,2.27,3.25,3.22,49.0,2014/2015
SP1,2014-08-31,Sociedad,Real Madrid,4,2,H,13,19,5,5,18,12,8,6,1,2,0,0,7.5,5.0,1.36,8.75,5.34,1.39,8.9,5.32,1.45,7.9,4.87,1.38,49.0,2014/2015
SP1,2014-08-31,Villarreal,Barcelona,0,1,A,9,20,0,8,12,9,3,10,0,2,0,0,5.0,4.2,1.57,5.58,4.48,1.62,5.8,4.5,1.66,5.31,4.13,1.6,49.0,2014/2015
SP1,2014-09-12,Almeria,Cordoba,1,1,D,12,11,2,4,14,22,8,2,4,4,0,0,2.05,3.3,3.6,2.1,3.3,4.15,2.16,3.45,4.21,2.05,3.25,3.93,45.0,2014/2015
SP1,2014-09-13,Barcelona,Athletic Bilbao,2,0,H,15,3,8,2,12,11,5,1,1,1,0,0,1.3,5.5,8.5,1.33,5.77,10.27,1.37,6.0,11.0,1.32,5.42,9.19,45.0,2014/2015
SP1,2014-09-13,Celta,Sociedad,2,2,D,13,20,6,5,13,15,5,8,1,5,0,0,2.2,3.3,3.3,2.24,3.53,3.43,2.31,3.53,3.55,2.23,3.35,3.26,45.0,2014/2015
SP1,2014-09-13,Malaga,Levante,0,0,D,18,10,7,0,10,15,20,1,1,2,0,0,1.62,3.6,6.0,1.61,3.93,6.94,1.65,3.95,7.5,1.58,3.72,6.37,45.0,2014/2015
SP1,2014-09-13,Real Madrid,Atletico Madrid,1,2,A,21,9,4,2,12,12,4,4,4,7,0,0,1.67,3.75,5.0,1.7,4.0,5.42,1.74,4.12,5.77,1.67,3.77,5.35,45.0,2014/2015
SP1,2014-09-14,Granada,Villarreal,0,0,D,9,14,3,3,12,13,9,5,3,2,0,0,3.5,3.2,2.15,3.88,3.28,2.19,4.0,3.3,2.25,3.58,3.19,2.17,45.0,2014/2015
SP1,2014-09-14,Sevilla,Getafe,2,0,H,12,7,4,1,10,25,8,5,2,6,0,0,1.44,4.33,7.0,1.46,4.63,8.42,1.51,4.8,8.42,1.45,4.37,7.51,45.0,2014/2015
SP1,2014-09-14,Valencia,Espanol,3,1,H,11,8,6,3,15,13,7,8,1,1,0,0,1.62,3.75,5.5,1.64,4.04,6.14,1.66,4.06,6.7,1.62,3.8,5.81,44.0,2014/2015
SP1,2014-09-14,Vallecano,Elche,2,3,A,14,12,4,5,11,23,6,5,2,2,0,0,1.73,3.5,5.0,1.77,3.78,5.27,1.8,3.8,5.6,1.75,3.59,4.91,44.0,2014/2015
SP1,2014-09-15,Eibar,Deportivo La Coruna,0,1,A,14,4,2,1,11,23,4,8,0,5,0,0,2.1,3.2,3.6,2.09,3.22,4.34,2.21,3.3,4.34,2.09,3.18,3.84,43.0,2014/2015
SP1,2014-09-19,Elche,Eibar,0,2,A,15,8,6,4,9,10,10,7,2,1,0,0,2.15,3.0,3.8,2.23,3.13,3.98,2.3,3.3,3.98,2.21,3.05,3.7,48.0,2014/2015
SP1,2014-09-20,Athletic Bilbao,Granada,0,1,A,13,3,5,2,14,20,7,5,2,4,0,0,1.44,4.2,7.5,1.44,4.73,8.69,1.5,4.75,8.8,1.43,4.38,7.81,48.0,2014/2015
SP1,2014-09-20,Atletico Madrid,Celta,2,2,D,18,5,8,5,9,17,6,3,1,3,0,0,1.44,4.2,7.5,1.49,4.39,8.26,1.51,4.65,8.6,1.47,4.22,7.4,48.0,2014/2015
SP1,2014-09-20,Espanol,Malaga,2,2,D,13,9,8,3,14,16,7,2,2,3,0,0,2.0,3.3,3.75,2.19,3.35,3.78,2.2,3.4,4.0,2.12,3.26,3.63,48.0,2014/2015
SP1,2014-09-20,Deportivo La Coruna,Real Madrid,2,8,A,14,19,5,13,8,9,2,3,1,1,0,0,9.5,6.0,1.25,11.58,6.39,1.29,12.0,6.41,1.35,10.21,5.8,1.28,47.0,2014/2015
SP1,2014-09-21,Cordoba,Sevilla,1,3,A,9,15,3,8,11,24,7,4,6,2,0,0,3.8,3.3,2.0,4.41,3.5,1.97,4.5,3.6,2.0,4.07,3.32,1.96,46.0,2014/2015
SP1,2014-09-21,Levante,Barcelona,0,5,A,9,17,2,8,13,11,3,6,1,2,1,0,15.0,7.5,1.18,18.43,7.84,1.19,19.62,8.4,1.22,15.43,7.24,1.18,46.0,2014/2015
SP1,2014-09-21,Sociedad,Almeria,1,2,A,22,13,6,5,19,17,13,7,1,6,0,1,1.44,4.5,6.5,1.46,4.85,7.7,1.5,4.85,8.5,1.44,4.4,7.35,48.0,2014/2015
SP1,2014-09-21,Villarreal,Vallecano,4,2,H,19,10,9,3,11,18,11,5,2,2,0,0,1.53,3.8,6.5,1.56,4.37,6.71,1.57,4.5,7.0,1.54,4.03,6.32,45.0,2014/2015
SP1,2014-09-22,Getafe,Valencia,0,3,A,12,7,5,3,25,17,6,1,6,1,0,1,3.6,3.3,2.05,4.03,3.51,2.05,4.05,3.7,2.1,3.76,3.35,2.02,44.0,2014/2015
SP1,2014-09-23,Celta,Deportivo La Coruna,2,1,H,11,5,4,3,15,15,13,4,3,3,0,0,1.57,3.75,6.0,1.62,4.12,6.19,1.7,4.35,6.21,1.59,3.96,5.88,44.0,2014/2015
SP1,2014-09-23,Real Madrid,Elche,5,1,H,23,10,12,3,15,15,8,2,2,1,0,0,1.08,12.0,23.0,1.09,13.49,38.06,1.1,15.0,46.0,1.08,11.78,30.13,44.0,2014/2015
SP1,2014-09-24,Almeria,Atletico Madrid,0,1,A,6,19,1,9,14,16,2,10,3,6,0,0,6.0,3.8,1.57,6.4,4.02,1.62,6.6,4.4,1.7,5.88,3.87,1.6,45.0,2014/2015
SP1,2014-09-24,Eibar,Villarreal,1,1,D,7,15,3,4,14,17,2,10,4,4,0,0,3.4,3.0,2.3,3.62,3.18,2.33,3.65,3.4,2.41,3.33,3.11,2.32,45.0,2014/2015
SP1,2014-09-24,Granada,Levante,0,1,A,8,10,0,4,14,13,5,3,2,6,0,0,1.5,3.9,7.0,1.57,4.15,7.02,1.65,4.51,7.6,1.53,4.0,6.58,45.0,2014/2015
SP1,2014-09-24,Malaga,Barcelona,0,0,D,6,10,2,0,15,13,2,8,2,2,0,0,9.0,5.0,1.33,9.43,5.45,1.37,10.5,5.6,1.38,8.85,5.05,1.35,44.0,2014/2015
SP1,2014-09-24,Sevilla,Sociedad,1,0,H,19,8,8,1,13,7,11,4,6,2,0,0,1.8,3.6,4.33,1.79,4.0,4.7,1.86,4.1,4.9,1.78,3.74,4.4,45.0,2014/2015
SP1,2014-09-24,Vallecano,Athletic Bilbao,2,1,H,15,8,5,3,18,17,1,2,2,2,0,0,3.1,3.4,2.25,3.23,3.59,2.31,3.4,3.59,2.41,3.11,3.37,2.29,45.0,2014/2015
SP1,2014-09-25,Espanol,Getafe,2,0,H,10,6,4,2,16,17,6,4,1,2,0,0,1.67,3.6,5.5,1.72,3.77,5.7,1.8,3.83,6.0,1.7,3.61,5.35,45.0,2014/2015
SP1,2014-09-25,Valencia,Cordoba,3,0,H,17,2,7,1,11,23,3,3,1,3,0,0,1.33,5.0,8.5,1.37,5.24,10.32,1.41,5.7,11.5,1.35,4.95,9.31,44.0,2014/2015
SP1,2014-09-26,Elche,Celta,0,1,A,14,16,3,4,12,14,0,4,4,2,0,0,2.8,3.4,2.4,3.1,3.3,2.53,3.2,3.4,2.54,3.02,3.24,2.44,47.0,2014/2015
SP1,2014-09-27,Athletic Bilbao,Eibar,0,0,D,13,10,1,2,13,22,6,2,5,6,0,0,1.53,3.75,7.0,1.58,4.0,7.25,1.61,4.2,7.5,1.55,3.85,6.72,47.0,2014/2015
SP1,2014-09-27,Atletico Madrid,Sevilla,4,0,H,11,4,6,1,14,16,5,3,4,3,0,0,1.67,4.0,4.75,1.75,3.75,5.48,1.85,4.0,5.5,1.72,3.65,5.04,47.0,2014/2015
SP1,2014-09-27,Barcelona,Granada,6,0,H,19,9,12,1,11,11,8,1,1,3,0,0,1.13,8.5,17.0,1.14,10.0,23.75,1.15,10.17,30.0,1.12,8.66,21.73,47.0,2014/2015
SP1,2014-09-27,Levante,Vallecano,0,2,A,7,13,0,5,21,16,5,7,4,3,0,0,3.0,3.2,2.4,2.98,3.41,2.56,3.1,3.41,2.61,2.9,3.27,2.47,47.0,2014/2015
SP1,2014-09-27,Villarreal,Real Madrid,0,2,A,19,11,5,3,7,10,7,6,0,1,0,0,5.25,4.0,1.62,5.44,4.27,1.66,6.1,4.35,1.71,5.21,4.01,1.64,47.0,2014/2015
SP1,2014-09-28,Cordoba,Espanol,0,0,D,10,4,4,2,13,26,3,5,2,6,0,0,2.7,3.25,2.6,2.92,3.25,2.71,2.96,3.4,2.77,2.77,3.21,2.62,45.0,2014/2015
SP1,2014-09-28,Getafe,Malaga,1,0,H,9,10,3,0,8,16,4,4,0,3,0,1,3.0,3.2,2.38,3.17,3.23,2.54,3.17,3.3,2.8,2.92,3.18,2.52,47.0,2014/2015
SP1,2014-09-28,Deportivo La Coruna,Almeria,0,1,A,8,15,1,6,14,18,6,5,2,4,0,0,2.05,3.4,3.6,2.07,3.41,4.12,2.16,3.5,4.12,2.07,3.32,3.71,47.0,2014/2015
SP1,2014-09-28,Sociedad,Valencia,1,1,D,18,7,5,2,13,17,11,4,2,5,0,0,2.63,3.3,2.63,2.72,3.44,2.76,2.82,3.5,2.8,2.62,3.28,2.7,44.0,2014/2015
SP1,2014-10-03,Getafe,Cordoba,1,1,D,18,10,5,3,12,11,8,3,1,2,0,0,1.95,3.2,4.2,2.05,3.26,4.42,2.05,3.4,4.51,2.0,3.2,4.14,45.0,2014/2015
SP1,2014-10-04,Almeria,Elche,2,2,D,16,6,3,3,13,18,9,5,2,4,0,1,2.15,3.1,3.6,2.28,3.26,3.64,2.3,3.4,3.65,2.2,3.2,3.46,45.0,2014/2015
SP1,2014-10-04,Eibar,Levante,3,3,D,14,13,6,5,12,16,4,4,3,1,0,0,1.8,3.4,4.75,1.83,3.4,5.62,1.85,3.55,5.75,1.8,3.35,4.98,45.0,2014/2015
SP1,2014-10-04,Malaga,Granada,2,1,H,17,8,3,5,12,15,3,3,1,4,1,0,1.8,3.5,4.5,1.85,3.54,5.04,1.87,3.6,5.15,1.83,3.4,4.65,45.0,2014/2015
SP1,2014-10-04,Valencia,Atletico Madrid,3,1,H,6,19,3,5,23,14,1,6,4,0,0,1,2.75,3.2,2.6,2.85,3.25,2.76,2.88,3.4,2.8,2.74,3.22,2.63,44.0,2014/2015
SP1,2014-10-04,Vallecano,Barcelona,0,2,A,14,18,4,7,19,7,6,7,2,2,2,0,9.0,6.5,1.25,10.9,6.3,1.3,12.0,6.7,1.31,10.3,5.96,1.27,44.0,2014/2015
SP1,2014-10-05,Espanol,Sociedad,2,0,H,10,13,4,4,20,12,4,4,6,2,0,0,2.5,3.25,2.8,2.63,3.32,2.95,2.7,3.35,3.02,2.53,3.22,2.85,45.0,2014/2015
SP1,2014-10-05,Celta,Villarreal,1,3,A,15,11,6,4,15,22,11,4,3,4,1,0,2.38,3.2,3.0,2.57,3.4,2.96,2.6,3.42,3.0,2.49,3.27,2.87,45.0,2014/2015
SP1,2014-10-05,Sevilla,Deportivo La Coruna,4,1,H,16,7,10,5,11,10,9,2,2,2,0,0,1.4,4.4,8.0,1.41,4.91,9.08,1.45,5.1,9.5,1.4,4.6,8.12,45.0,2014/2015
SP1,2014-10-05,Real Madrid,Athletic Bilbao,5,0,H,19,6,14,5,9,10,8,7,1,2,0,0,1.2,6.5,15.0,1.2,8.19,15.69,1.23,8.2,17.0,1.2,6.76,13.48,45.0,2014/2015
SP1,2014-10-17,Granada,Vallecano,0,1,A,9,8,1,2,17,13,3,6,4,5,0,0,2.2,3.3,3.3,2.35,3.39,3.34,2.38,3.4,3.5,2.26,3.3,3.29,46.0,2014/2015
SP1,2014-10-18,Athletic Bilbao,Celta,1,1,D,13,4,4,1,13,16,9,2,3,3,0,0,1.91,3.6,3.75,2.01,3.61,4.08,2.02,3.63,4.33,1.95,3.5,3.9,46.0,2014/2015
SP1,2014-10-18,Barcelona,Eibar,3,0,H,27,4,12,2,9,13,12,3,2,2,0,0,1.1,9.0,21.0,1.1,12.1,33.68,1.12,13.0,36.0,1.1,9.71,26.31,46.0,2014/2015
SP1,2014-10-18,Cordoba,Malaga,1,2,A,8,8,2,4,16,21,6,13,2,3,0,0,3.25,3.0,2.38,3.43,3.13,2.45,3.52,3.3,2.5,3.22,3.1,2.38,46.0,2014/2015
SP1,2014-10-18,Levante,Real Madrid,0,5,A,11,21,1,11,13,8,6,3,4,0,0,0,13.0,7.5,1.17,18.07,7.95,1.19,19.0,7.99,1.22,15.25,7.04,1.18,46.0,2014/2015
SP1,2014-10-19,Deportivo La Coruna,Valencia,3,0,H,11,8,5,1,19,19,3,5,3,3,0,0,4.5,3.4,1.83,4.36,3.68,1.93,4.8,3.75,1.94,4.23,3.53,1.88,45.0,2014/2015
SP1,2014-10-19,Villarreal,Almeria,2,0,H,17,10,8,3,20,16,6,4,5,2,0,0,1.33,5.0,9.0,1.35,5.61,10.13,1.45,5.61,10.13,1.35,5.03,8.99,46.0,2014/2015
SP1,2014-10-19,Atletico Madrid,Espanol,2,0,H,20,7,9,1,19,19,12,1,0,0,0,0,1.33,4.75,9.5,1.37,4.96,11.2,1.37,5.2,12.0,1.34,4.74,10.29,46.0,2014/2015
SP1,2014-10-19,Elche,Sevilla,0,2,A,12,10,1,7,18,23,6,4,5,2,0,0,3.6,3.4,2.05,4.29,3.42,2.02,4.24,3.5,2.07,3.85,3.35,2.02,46.0,2014/2015
SP1,2014-10-20,Sociedad,Getafe,1,2,A,13,16,2,7,10,13,8,4,1,3,0,0,1.53,4.0,6.0,1.57,4.25,6.77,1.65,4.25,7.0,1.56,3.96,6.14,46.0,2014/2015
SP1,2014-10-24,Celta,Levante,3,0,H,13,4,4,0,14,16,7,0,0,3,0,0,1.44,4.5,6.0,1.51,4.7,6.85,1.52,4.74,8.1,1.47,4.37,7.1,45.0,2014/2015
SP1,2014-10-25,Almeria,Athletic Bilbao,0,1,A,7,6,3,1,10,14,4,8,2,1,0,0,3.3,3.25,2.2,3.52,3.52,2.21,3.79,3.55,2.4,3.48,3.35,2.15,44.0,2014/2015
SP1,2014-10-25,Cordoba,Sociedad,1,1,D,7,7,3,1,13,12,5,4,3,2,0,0,3.4,3.2,2.2,3.51,3.38,2.28,3.6,3.4,2.4,3.27,3.29,2.26,45.0,2014/2015
SP1,2014-10-25,Eibar,Granada,1,1,D,7,8,3,3,14,14,7,8,3,4,0,0,2.1,3.1,3.75,2.14,3.2,4.15,2.2,3.4,4.1,2.13,3.16,3.72,45.0,2014/2015
SP1,2014-10-25,Real Madrid,Barcelona,3,1,H,18,16,6,5,11,10,3,9,2,4,0,0,2.38,3.75,3.0,2.39,3.75,2.99,2.44,3.8,3.2,2.34,3.56,2.92,45.0,2014/2015
SP1,2014-10-25,Valencia,Elche,3,1,H,12,8,4,3,11,17,8,6,0,2,0,0,1.36,4.75,8.5,1.4,4.87,9.84,1.4,5.08,10.5,1.38,4.72,8.8,44.0,2014/2015
SP1,2014-10-26,Espanol,Deportivo La Coruna,0,0,D,16,5,5,1,12,17,11,0,2,4,0,0,1.91,3.4,4.0,1.9,3.53,4.75,1.95,3.65,5.0,1.86,3.43,4.41,45.0,2014/2015
SP1,2014-10-26,Getafe,Atletico Madrid,0,1,A,11,12,4,7,17,11,1,8,3,3,1,0,7.0,3.75,1.53,7.59,4.14,1.55,7.85,4.14,1.6,6.82,3.82,1.55,45.0,2014/2015
SP1,2014-10-26,Malaga,Vallecano,4,0,H,18,10,8,4,18,21,7,4,1,4,0,0,1.83,3.5,4.33,1.95,3.58,4.38,2.02,3.6,4.5,1.91,3.45,4.15,45.0,2014/2015
SP1,2014-10-26,Sevilla,Villarreal,2,1,H,8,11,4,4,19,15,3,2,3,4,0,0,2.0,3.4,3.75,2.15,3.56,3.67,2.18,3.6,3.8,2.1,3.4,3.53,45.0,2014/2015
SP1,2014-10-31,Deportivo La Coruna,Getafe,1,2,A,9,16,2,4,7,23,4,6,2,1,0,0,2.2,3.1,3.5,2.33,3.2,3.59,2.38,3.4,3.7,2.27,3.15,3.45,46.0,2014/2015
SP1,2014-11-01,Atletico Madrid,Cordoba,4,2,H,16,8,8,4,12,13,4,5,0,2,0,0,1.18,6.5,15.0,1.21,7.06,19.44,1.22,7.5,23.0,1.19,6.5,17.33,46.0,2014/2015
SP1,2014-11-01,Barcelona,Celta,0,1,A,19,10,9,4,10,29,9,5,1,2,0,0,1.13,8.5,17.0,1.14,10.39,22.5,1.15,10.5,24.0,1.13,8.58,19.57,46.0,2014/2015
SP1,2014-11-01,Granada,Real Madrid,0,4,A,11,18,5,8,19,9,3,4,1,2,0,0,12.0,7.0,1.2,14.45,6.84,1.24,15.0,7.01,1.26,12.48,6.29,1.23,45.0,2014/2015
SP1,2014-11-01,Sociedad,Malaga,0,1,A,5,6,0,2,18,22,6,3,2,5,0,0,2.2,3.4,3.2,2.22,3.45,3.58,2.25,3.5,3.75,2.15,3.33,3.49,46.0,2014/2015
SP1,2014-11-02,Athletic Bilbao,Sevilla,1,0,H,9,4,2,1,24,11,4,8,4,3,0,0,2.4,3.3,2.9,2.52,3.43,3.01,2.54,3.43,3.1,2.44,3.29,2.95,46.0,2014/2015
SP1,2014-11-02,Elche,Espanol,2,1,H,11,15,5,5,19,10,4,10,2,2,2,0,2.63,3.1,2.75,2.68,3.13,3.05,2.8,3.3,3.05,2.66,3.05,2.87,46.0,2014/2015
SP1,2014-11-02,Levante,Almeria,2,1,H,11,14,5,5,17,17,3,6,3,2,0,0,2.4,3.1,3.1,2.5,3.29,3.16,2.5,3.3,3.3,2.42,3.18,3.08,46.0,2014/2015
SP1,2014-11-02,Villarreal,Valencia,1,3,A,14,6,4,3,12,15,11,4,2,3,0,0,2.1,3.4,3.4,2.09,3.64,3.74,2.2,3.66,3.75,2.09,3.45,3.51,46.0,2014/2015
SP1,2014-11-03,Vallecano,Eibar,2,3,A,16,8,6,5,10,14,11,2,1,2,0,0,2.05,3.2,3.8,2.05,3.46,4.12,2.1,3.46,4.2,2.03,3.31,3.9,46.0,2014/2015
SP1,2014-11-07,Cordoba,Deportivo La Coruna,0,0,D,14,6,6,2,10,5,3,2,4,0,0,1,2.25,3.1,3.4,2.37,3.22,3.49,2.4,3.4,3.5,2.32,3.18,3.29,44.0,2014/2015
SP1,2014-11-08,Almeria,Barcelona,1,2,A,6,18,2,6,16,9,4,5,2,0,0,0,17.0,7.5,1.14,21.08,8.5,1.17,21.0,8.42,1.2,16.78,7.32,1.17,44.0,2014/2015
SP1,2014-11-08,Celta,Granada,0,0,D,17,8,5,1,14,17,6,2,1,5,0,0,1.57,3.8,6.0,1.57,4.18,6.96,1.6,4.24,7.0,1.56,3.93,6.29,44.0,2014/2015
SP1,2014-11-08,Getafe,Elche,0,0,D,16,11,3,5,11,8,9,2,1,2,0,0,2.0,3.2,4.0,2.03,3.31,4.43,2.06,3.5,4.52,2.0,3.25,4.06,44.0,2014/2015
SP1,2014-11-08,Malaga,Eibar,2,1,H,15,7,8,3,9,15,5,3,3,2,0,1,1.57,3.75,6.0,1.58,4.05,7.12,1.65,4.1,7.2,1.58,3.8,6.42,44.0,2014/2015
SP1,2014-11-08,Real Madrid,Vallecano,5,1,H,16,15,11,6,12,15,4,6,0,4,0,0,1.05,15.0,26.0,1.07,17.49,30.69,1.1,17.25,42.0,1.07,13.01,27.41,44.0,2014/2015
SP1,2014-11-09,Sevilla,Levante,1,1,D,15,16,6,5,13,10,6,5,2,6,0,0,1.25,5.5,12.0,1.3,5.91,12.68,1.3,6.1,13.5,1.28,5.46,11.69,44.0,2014/2015
SP1,2014-11-09,Espanol,Villarreal,1,1,D,11,9,4,5,16,25,6,7,3,3,0,0,3.1,3.2,2.3,3.19,3.35,2.45,3.2,3.4,2.6,2.96,3.22,2.44,44.0,2014/2015
SP1,2014-11-09,Valencia,Athletic Bilbao,0,0,D,8,4,1,1,13,17,2,4,0,2,0,0,1.62,4.0,5.25,1.64,4.17,5.9,1.67,4.17,6.2,1.63,3.87,5.5,44.0,2014/2015
SP1,2014-11-09,Sociedad,Atletico Madrid,2,1,H,11,4,5,2,17,17,2,1,2,6,0,1,4.33,3.6,1.8,4.94,3.63,1.84,4.96,3.75,1.91,4.5,3.53,1.83,44.0,2014/2015
SP1,2014-11-21,Athletic Bilbao,Espanol,3,1,H,9,8,5,3,15,18,5,3,0,5,0,0,1.8,3.5,4.5,1.89,3.65,4.59,1.92,3.65,5.2,1.84,3.5,4.53,47.0,2014/2015
SP1,2014-11-22,Atletico Madrid,Malaga,3,1,H,11,4,5,1,18,14,4,3,1,3,1,1,1.44,4.2,7.5,1.48,4.45,8.32,1.5,4.5,9.3,1.46,4.28,7.52,46.0,2014/2015
SP1,2014-11-22,Barcelona,Sevilla,5,1,H,16,2,10,0,8,21,5,4,1,2,0,0,1.2,7.0,11.0,1.23,7.34,13.99,1.3,7.5,14.5,1.23,6.53,11.98,47.0,2014/2015
SP1,2014-11-22,Eibar,Real Madrid,0,4,A,10,19,2,8,16,9,4,2,4,2,0,0,15.0,6.5,1.18,17.05,7.55,1.21,18.0,7.6,1.25,14.89,6.78,1.19,47.0,2014/2015
SP1,2014-11-22,Deportivo La Coruna,Sociedad,0,0,D,11,17,4,5,14,11,8,6,3,1,0,0,3.4,3.25,2.15,3.65,3.36,2.23,3.65,3.4,2.32,3.37,3.28,2.22,47.0,2014/2015
SP1,2014-11-23,Elche,Cordoba,2,2,D,17,10,6,3,16,14,6,2,3,4,0,0,2.0,3.2,4.0,1.99,3.34,4.59,2.02,3.45,4.6,1.96,3.27,4.22,47.0,2014/2015
SP1,2014-11-23,Levante,Valencia,2,1,H,10,17,5,6,20,18,4,5,2,1,0,0,5.0,3.75,1.67,6.04,3.87,1.68,6.04,4.0,1.73,5.34,3.71,1.68,47.0,2014/2015
SP1,2014-11-23,Vallecano,Celta,1,0,H,9,14,3,4,14,16,2,9,6,4,0,0,2.7,3.3,2.55,2.76,3.6,2.63,2.82,3.6,2.7,2.68,3.38,2.59,47.0,2014/2015
SP1,2014-11-23,Villarreal,Getafe,2,1,H,10,15,4,5,15,14,7,4,3,2,0,0,1.44,4.5,6.5,1.47,4.84,7.57,1.5,4.84,8.0,1.46,4.44,7.07,47.0,2014/2015
SP1,2014-11-24,Granada,Almeria,0,0,D,24,3,11,1,10,7,10,5,4,0,0,1,2.0,3.3,3.8,2.11,3.36,4.03,2.15,3.4,4.15,2.05,3.3,3.79,45.0,2014/2015
SP1,2014-11-28,Sociedad,Elche,3,0,H,12,13,8,5,15,15,2,1,2,4,0,0,1.7,3.75,5.0,1.71,3.9,5.53,1.8,3.95,6.0,1.7,3.7,5.24,45.0,2014/2015
SP1,2014-11-29,Celta,Eibar,0,1,A,29,8,9,2,10,21,15,1,4,5,0,0,1.62,4.0,5.5,1.67,4.08,5.72,1.7,4.09,6.0,1.64,3.82,5.47,47.0,2014/2015
SP1,2014-11-29,Espanol,Levante,2,1,H,10,16,4,3,21,10,5,6,2,3,0,0,1.67,3.7,5.5,1.71,3.77,5.87,1.75,3.8,6.0,1.68,3.6,5.51,47.0,2014/2015
SP1,2014-11-29,Getafe,Athletic Bilbao,1,2,A,14,8,7,3,12,15,2,4,7,5,0,0,2.88,3.1,2.63,2.93,3.18,2.74,3.0,3.4,2.75,2.84,3.11,2.63,47.0,2014/2015
SP1,2014-11-29,Malaga,Real Madrid,1,2,A,12,21,7,9,17,11,5,6,2,2,0,1,10.0,6.0,1.29,10.24,5.92,1.33,11.0,6.6,1.33,9.4,5.5,1.31,47.0,2014/2015
SP1,2014-11-30,Atletico Madrid,Deportivo La Coruna,2,0,H,9,3,4,1,16,18,5,3,2,2,0,0,1.18,7.0,17.0,1.19,7.5,21.5,1.22,7.9,22.0,1.18,6.67,17.6,47.0,2014/2015
SP1,2014-11-30,Cordoba,Villarreal,0,2,A,11,10,2,7,7,13,9,8,2,2,0,0,4.33,3.6,1.85,4.69,3.62,1.88,4.9,3.75,1.95,4.35,3.5,1.86,47.0,2014/2015
SP1,2014-11-30,Sevilla,Granada,5,1,H,13,9,8,4,18,20,7,4,1,2,0,0,1.44,4.5,7.5,1.47,4.6,8.17,1.48,5.3,9.0,1.43,4.4,7.68,45.0,2014/2015
SP1,2014-11-30,Valencia,Barcelona,0,1,A,12,7,4,1,9,7,5,5,3,3,0,0,6.0,4.33,1.53,6.07,4.7,1.56,6.6,4.75,1.6,5.81,4.3,1.54,47.0,2014/2015
SP1,2014-12-01,Almeria,Vallecano,0,1,A,11,11,1,4,14,12,5,6,4,4,0,0,2.38,3.4,3.0,2.46,3.42,3.11,2.5,3.45,3.2,2.36,3.32,3.01,44.0,2014/2015
SP1,2014-12-06,Athletic Bilbao,Cordoba,0,1,A,15,7,3,3,13,14,15,4,4,6,0,0,1.4,4.5,9.0,1.4,4.8,10.26,1.43,5.0,11.0,1.39,4.51,9.18,47.0,2014/2015
SP1,2014-12-06,Elche,Atletico Madrid,0,2,A,8,4,1,3,18,15,6,1,2,0,0,0,7.0,3.75,1.57,7.42,4.04,1.57,7.7,4.3,1.62,6.85,3.83,1.55,45.0,2014/2015
SP1,2014-12-06,Deportivo La Coruna,Malaga,0,1,A,14,8,6,3,14,15,5,5,4,3,0,0,3.6,3.25,2.1,3.6,3.3,2.28,3.7,3.3,2.31,3.43,3.2,2.23,47.0,2014/2015
SP1,2014-12-06,Real Madrid,Celta,3,0,H,20,9,11,0,15,21,8,7,4,4,0,0,1.09,12.0,21.0,1.11,14.32,21.68,1.13,14.32,26.0,1.1,10.79,19.57,45.0,2014/2015
SP1,2014-12-07,Barcelona,Espanol,5,1,H,15,3,7,2,6,11,5,2,0,4,0,0,1.09,12.0,21.0,1.1,13.52,27.5,1.12,17.0,41.0,1.09,11.13,25.87,46.0,2014/2015
SP1,2014-12-07,Granada,Valencia,1,1,D,9,9,2,1,20,9,4,4,4,4,0,1,3.9,3.4,2.0,4.22,3.44,2.03,4.22,3.55,2.1,3.83,3.33,2.03,47.0,2014/2015
SP1,2014-12-07,Vallecano,Sevilla,0,1,A,11,11,3,6,14,19,6,2,4,6,0,1,3.3,3.4,2.2,3.37,3.62,2.24,3.6,3.62,2.3,3.28,3.4,2.2,47.0,2014/2015
SP1,2014-12-07,Villarreal,Sociedad,4,0,H,24,12,9,2,14,8,8,2,2,2,0,0,1.67,3.75,5.5,1.72,4.04,5.23,1.75,4.1,5.5,1.7,3.79,4.99,47.0,2014/2015
SP1,2014-12-08,Eibar,Almeria,5,2,H,17,14,8,3,18,12,7,3,4,3,0,0,2.05,3.2,4.0,2.08,3.37,4.15,2.14,3.4,4.2,2.04,3.24,3.89,45.0,2014/2015
SP1,2014-12-08,Levante,Getafe,1,1,D,16,5,3,1,14,17,4,0,3,4,0,0,2.6,3.1,2.9,2.65,3.18,3.04,2.65,3.3,3.15,2.53,3.11,2.96,45.0,2014/2015
SP1,2014-12-12,Almeria,Real Madrid,1,4,A,16,15,3,8,14,8,2,8,4,4,0,0,17.0,7.5,1.17,21.2,8.95,1.16,21.5,9.2,1.18,17.64,7.96,1.16,47.0,2014/2015
SP1,2014-12-13,Cordoba,Levante,0,0,D,13,12,4,3,6,19,7,6,0,3,0,0,2.2,3.2,3.5,2.28,3.23,3.68,2.31,3.3,3.75,2.23,3.16,3.48,47.0,2014/2015
SP1,2014-12-13,Getafe,Barcelona,0,0,D,4,23,2,2,24,8,4,5,2,0,0,0,13.0,6.5,1.22,16.4,7.1,1.22,18.0,7.5,1.24,14.1,6.59,1.21,47.0,2014/2015
SP1,2014-12-13,Malaga,Celta,1,0,H,12,14,4,8,15,13,1,9,5,4,0,0,2.1,3.3,3.5,2.25,3.45,3.51,2.25,3.5,3.7,2.18,3.35,3.38,47.0,2014/2015
SP1,2014-12-13,Valencia,Vallecano,3,0,H,14,19,6,4,16,14,6,2,3,3,1,0,1.5,4.5,6.0,1.5,4.82,6.81,1.51,4.9,7.4,1.47,4.44,6.76,47.0,2014/2015
SP1,2014-12-14,Espanol,Granada,2,1,H,12,7,4,6,13,19,2,3,2,4,0,1,1.7,3.6,5.5,1.74,3.59,5.98,1.8,3.75,5.98,1.73,3.49,5.31,47.0,2014/2015
SP1,2014-12-14,Atletico Madrid,Villarreal,0,1,A,11,7,2,4,15,16,7,2,4,3,0,0,1.62,4.0,5.5,1.63,4.0,6.31,1.67,4.1,6.4,1.62,3.79,5.8,47.0,2014/2015
SP1,2014-12-14,Sociedad,Athletic Bilbao,1,1,D,14,12,4,5,12,21,3,6,0,3,0,1,2.5,3.2,3.0,2.49,3.27,3.2,2.55,3.35,3.2,2.44,3.19,3.02,47.0,2014/2015
SP1,2014-12-14,Sevilla,Eibar,0,0,D,16,6,2,2,11,17,11,2,3,6,0,0,1.4,4.5,9.0,1.44,4.76,8.7,1.45,5.0,9.4,1.41,4.52,8.18,47.0,2014/2015
SP1,2014-12-15,Deportivo La Coruna,Elche,1,0,H,15,10,3,4,19,19,7,5,5,2,0,0,2.25,3.2,3.4,2.36,3.22,3.49,2.38,3.3,3.65,2.26,3.16,3.34,45.0,2014/2015
SP1,2014-12-19,Celta,Almeria,0,1,A,19,4,4,2,10,19,17,2,6,4,0,0,1.44,4.5,6.5,1.47,4.96,7.2,1.6,4.96,8.0,1.46,4.5,7.01,47.0,2014/2015
SP1,2014-12-20,Barcelona,Cordoba,5,0,H,16,7,9,2,14,5,8,0,1,0,0,0,1.06,15.0,26.0,1.07,19.8,29.2,1.08,19.8,52.0,1.05,14.24,33.6,46.0,2014/2015
SP1,2014-12-20,Eibar,Valencia,0,1,A,8,10,2,3,16,8,2,5,7,3,0,0,3.8,3.3,2.05,3.84,3.46,2.12,4.0,3.55,2.16,3.66,3.33,2.09,47.0,2014/2015
SP1,2014-12-20,Levante,Sociedad,1,1,D,11,3,2,2,16,20,3,4,3,5,0,0,3.0,3.2,2.5,3.09,3.18,2.62,3.15,3.3,2.62,3.0,3.13,2.5,47.0,2014/2015
SP1,2014-12-20,Vallecano,Espanol,1,3,A,16,7,5,4,11,20,4,5,3,4,0,1,2.3,3.4,3.1,2.31,3.51,3.31,2.38,3.55,3.4,2.29,3.35,3.16,47.0,2014/2015
SP1,2014-12-21,Granada,Getafe,1,1,D,13,12,3,4,19,8,3,5,4,2,0,0,2.38,3.1,3.3,2.45,3.19,3.35,2.45,3.35,3.4,2.37,3.11,3.25,47.0,2014/2015
SP1,2014-12-21,Athletic Bilbao,Atletico Madrid,1,4,A,4,5,2,4,12,14,3,1,3,4,0,0,3.6,3.1,2.25,3.63,3.24,2.3,3.7,3.45,2.32,3.49,3.16,2.22,47.0,2014/2015
SP1,2014-12-21,Elche,Malaga,1,2,A,9,19,3,10,21,13,5,4,2,1,0,0,3.1,3.1,2.5,3.06,3.3,2.55,3.15,3.35,2.6,2.95,3.17,2.5,47.0,2014/2015
SP1,2014-12-21,Villarreal,Deportivo La Coruna,3,0,H,15,10,9,2,16,15,5,2,1,3,1,0,1.33,5.0,10.0,1.35,5.48,10.35,1.4,5.5,10.84,1.34,4.99,9.47,47.0,2014/2015
SP1,2015-01-03,Sevilla,Celta,1,0,H,10,16,4,2,28,17,1,8,4,5,0,1,1.67,3.8,5.5,1.67,4.15,5.58,1.71,4.15,5.7,1.66,3.85,5.19,47.0,2014/2015
SP1,2015-01-03,Deportivo La Coruna,Athletic Bilbao,1,0,H,8,12,4,4,20,16,5,2,1,1,0,0,3.2,3.1,2.4,3.39,3.28,2.38,3.45,3.3,2.45,3.22,3.17,2.34,47.0,2014/2015
SP1,2015-01-03,Atletico Madrid,Levante,3,1,H,13,10,5,4,6,10,7,6,2,3,0,0,1.2,6.5,17.0,1.2,7.1,20.3,1.22,7.5,23.0,1.19,6.37,18.34,47.0,2014/2015
SP1,2015-01-03,Elche,Villarreal,2,2,D,18,18,8,5,15,13,6,9,4,2,0,0,5.0,3.6,1.75,5.0,3.78,1.8,5.4,3.9,1.8,4.85,3.57,1.76,47.0,2014/2015
SP1,2015-01-03,Malaga,Almeria,1,2,A,14,6,6,4,19,17,7,1,5,4,0,1,1.53,4.1,6.5,1.53,4.43,7.13,1.57,4.43,7.13,1.52,4.08,6.59,47.0,2014/2015
SP1,2015-01-04,Espanol,Eibar,1,2,A,15,12,6,6,9,15,6,3,1,1,0,0,1.85,3.4,4.75,1.88,3.47,4.97,1.92,3.65,5.0,1.85,3.38,4.58,47.0,2014/2015
SP1,2015-01-04,Getafe,Vallecano,1,2,A,12,16,4,7,23,12,6,4,3,2,0,0,2.25,3.4,3.2,2.31,3.42,3.39,2.34,3.45,3.5,2.25,3.29,3.28,47.0,2014/2015
SP1,2015-01-04,Sociedad,Barcelona,1,0,H,6,17,1,4,21,14,6,8,5,4,0,0,9.0,5.25,1.33,10.21,5.74,1.34,11.0,6.2,1.37,9.31,5.19,1.33,47.0,2014/2015
SP1,2015-01-04,Valencia,Real Madrid,2,1,H,11,19,3,8,24,17,3,11,6,3,0,0,5.5,4.33,1.57,6.3,4.69,1.54,6.4,4.7,1.6,5.69,4.3,1.55,47.0,2014/2015
SP1,2015-01-05,Cordoba,Granada,2,0,H,5,12,3,1,22,17,0,4,2,0,0,0,2.6,3.0,3.0,2.62,3.08,3.16,2.65,3.2,3.2,2.54,3.03,3.03,46.0,2014/2015
SP1,2015-01-09,Levante,Deportivo La Coruna,0,0,D,9,13,0,6,22,17,4,3,4,3,0,0,2.1,3.1,3.75,2.24,3.24,3.78,2.28,3.3,3.9,2.2,3.14,3.59,46.0,2014/2015
SP1,2015-01-10,Celta,Valencia,1,1,D,14,4,4,2,20,19,11,2,3,3,0,0,2.7,3.2,2.7,2.77,3.44,2.71,2.77,3.5,2.75,2.67,3.29,2.66,46.0,2014/2015
SP1,2015-01-10,Eibar,Getafe,2,1,H,12,7,5,3,19,12,2,3,2,1,0,0,2.3,3.1,3.4,2.37,3.21,3.48,2.38,3.3,3.65,2.29,3.11,3.38,46.0,2014/2015
SP1,2015-01-10,Malaga,Villarreal,1,1,D,13,9,6,4,6,15,5,3,4,4,0,0,3.0,3.2,2.5,3.09,3.3,2.54,3.09,3.3,2.63,2.9,3.19,2.53,46.0,2014/2015
SP1,2015-01-10,Real Madrid,Espanol,3,0,H,18,11,5,4,11,14,7,2,1,4,1,0,1.08,11.0,29.0,1.1,13.4,26.0,1.11,14.0,36.0,1.08,10.93,25.94,46.0,2014/2015
SP1,2015-01-11,Athletic Bilbao,Elche,1,2,A,13,8,3,5,7,15,10,2,2,6,0,0,1.53,3.8,7.5,1.52,4.19,8.0,1.56,4.33,8.0,1.51,3.9,7.47,46.0,2014/2015
SP1,2015-01-11,Almeria,Sevilla,0,2,A,19,12,6,6,16,12,5,5,1,2,0,0,4.75,3.4,1.85,4.53,3.66,1.9,4.75,3.66,1.95,4.32,3.45,1.88,45.0,2014/2015
SP1,2015-01-11,Granada,Sociedad,1,1,D,20,10,3,5,9,15,11,4,2,2,0,0,2.8,3.1,2.7,2.97,3.15,2.73,2.97,3.3,2.8,2.82,3.09,2.66,46.0,2014/2015
SP1,2015-01-11,Barcelona,Atletico Madrid,3,1,H,17,5,7,3,16,18,1,3,3,6,0,0,1.57,4.33,5.5,1.59,4.24,6.48,1.63,4.33,6.48,1.58,3.94,5.91,46.0,2014/2015
SP1,2015-01-12,Vallecano,Cordoba,0,1,A,21,9,4,3,10,9,6,2,3,2,0,0,1.67,3.75,5.5,1.69,3.89,5.79,1.75,3.95,5.9,1.68,3.67,5.38,46.0,2014/2015
SP1,2015-01-16,Cordoba,Eibar,1,1,D,14,6,5,1,18,12,2,3,4,3,1,1,2.6,3.0,3.0,2.65,3.06,3.17,2.7,3.2,3.14,2.6,2.99,3.0,47.0,2014/2015
SP1,2015-01-17,Espanol,Celta,1,0,H,15,3,3,2,9,23,9,1,3,3,0,0,2.7,3.25,2.7,2.78,3.38,2.75,2.85,3.38,2.8,2.71,3.23,2.66,48.0,2014/2015
SP1,2015-01-17,Sociedad,Vallecano,0,1,A,10,12,2,4,12,20,8,4,0,4,0,0,1.91,3.5,4.2,1.87,3.75,4.57,1.91,3.83,4.57,1.85,3.6,4.27,48.0,2014/2015
SP1,2015-01-17,Valencia,Almeria,3,2,H,15,8,8,2,14,18,8,4,2,2,0,0,1.33,5.0,10.0,1.34,5.53,11.02,1.36,5.8,12.0,1.32,5.18,9.54,48.0,2014/2015
SP1,2015-01-17,Villarreal,Athletic Bilbao,2,0,H,19,11,6,5,15,10,9,6,2,2,0,0,1.67,3.8,5.5,1.7,3.89,5.67,1.7,4.05,6.0,1.65,3.73,5.5,46.0,2014/2015
SP1,2015-01-18,Elche,Levante,1,0,H,15,9,6,2,18,11,3,5,3,3,0,1,2.2,3.2,3.6,2.18,3.28,3.9,2.28,3.35,3.81,2.17,3.22,3.55,48.0,2014/2015
SP1,2015-01-18,Atletico Madrid,Granada,2,0,H,12,5,3,1,17,16,3,6,3,3,0,0,1.18,7.0,17.0,1.2,7.21,20.7,1.2,8.4,23.0,1.18,6.75,17.45,48.0,2014/2015
SP1,2015-01-18,Getafe,Real Madrid,0,3,A,6,24,0,9,19,10,7,8,2,2,0,0,13.0,6.5,1.22,14.17,6.79,1.25,15.0,7.1,1.26,11.88,6.3,1.23,48.0,2014/2015
SP1,2015-01-18,Sevilla,Malaga,2,0,H,4,4,3,1,9,6,2,0,3,1,0,0,1.73,3.6,5.25,1.76,3.84,5.23,1.8,3.83,5.6,1.73,3.67,4.97,45.0,2014/2015
SP1,2015-01-18,Deportivo La Coruna,Barcelona,0,4,A,7,14,2,6,14,7,2,4,2,2,0,0,15.0,7.5,1.18,17.0,7.8,1.2,21.0,8.2,1.22,15.61,7.1,1.18,48.0,2014/2015
SP1,2015-01-24,Atletico Madrid,Vallecano,3,1,H,12,10,5,3,15,12,8,5,1,1,0,0,1.25,6.0,12.0,1.3,5.81,12.56,1.32,6.3,14.0,1.28,5.5,11.07,51.0,2014/2015
SP1,2015-01-24,Cordoba,Real Madrid,1,2,A,16,13,4,4,15,13,3,9,1,3,1,1,21.0,8.0,1.14,23.0,9.5,1.15,29.0,10.0,1.17,19.92,8.21,1.14,51.0,2014/2015
SP1,2015-01-24,Elche,Barcelona,0,6,A,6,12,3,8,18,12,2,3,5,2,1,0,19.0,7.0,1.17,20.0,8.1,1.18,22.0,8.4,1.2,17.27,7.16,1.17,51.0,2014/2015
SP1,2015-01-24,Sociedad,Eibar,1,0,H,19,9,4,4,6,17,9,5,2,2,0,0,1.75,3.6,4.75,1.78,3.77,5.23,1.8,3.79,5.5,1.74,3.54,5.06,51.0,2014/2015
SP1,2015-01-24,Villarreal,Levante,1,0,H,15,11,4,1,12,8,6,3,0,3,0,0,1.29,5.0,11.0,1.31,5.62,13.08,1.32,5.9,13.69,1.29,5.18,11.79,51.0,2014/2015
SP1,2015-01-25,Athletic Bilbao,Malaga,1,1,D,11,8,5,3,16,17,8,2,0,1,0,0,2.05,3.2,3.75,2.09,3.36,4.09,2.2,3.5,4.1,2.07,3.23,3.83,51.0,2014/2015
SP1,2015-01-25,Espanol,Almeria,3,0,H,18,9,9,1,16,12,9,7,2,1,0,0,1.7,3.5,5.25,1.76,3.73,5.38,1.8,3.75,5.6,1.74,3.54,5.04,51.0,2014/2015
SP1,2015-01-25,Deportivo La Coruna,Granada,2,2,D,13,5,7,2,18,15,7,2,3,3,1,0,2.2,3.2,3.4,2.3,3.11,3.79,2.32,3.25,3.79,2.23,3.09,3.52,50.0,2014/2015
SP1,2015-01-25,Valencia,Sevilla,3,1,H,13,10,8,6,23,15,3,7,6,5,0,0,2.2,3.3,3.4,2.24,3.46,3.51,2.25,3.5,3.6,2.18,3.32,3.38,50.0,2014/2015
SP1,2015-01-26,Getafe,Celta,2,1,H,13,7,6,2,9,17,6,2,2,5,0,0,2.88,3.2,2.5,3.1,3.21,2.59,3.1,3.25,2.66,2.94,3.13,2.5,51.0,2014/2015
SP1,2015-01-30,Vallecano,Deportivo La Coruna,1,2,A,11,13,4,6,14,18,10,7,4,5,0,0,1.75,3.5,5.25,1.79,3.79,5.05,1.9,3.8,5.3,1.77,3.57,4.82,49.0,2014/2015
SP1,2015-01-31,Celta,Cordoba,1,0,H,19,8,9,3,10,10,8,2,2,6,0,0,1.44,4.2,8.5,1.47,4.57,8.22,1.55,4.57,8.5,1.47,4.19,7.45,50.0,2014/2015
SP1,2015-01-31,Eibar,Atletico Madrid,1,3,A,11,8,3,5,14,16,6,8,3,3,0,0,6.5,3.8,1.57,6.58,3.94,1.63,6.8,4.1,1.7,6.18,3.75,1.59,50.0,2014/2015
SP1,2015-01-31,Granada,Elche,1,0,H,14,5,2,1,14,13,12,4,4,4,0,1,1.95,3.25,4.33,2.02,3.32,4.48,2.01,3.45,4.6,1.95,3.22,4.31,50.0,2014/2015
SP1,2015-01-31,Real Madrid,Sociedad,4,1,H,26,8,11,2,8,11,10,3,3,1,0,0,1.18,7.0,17.0,1.2,8.08,16.45,1.2,8.6,20.0,1.18,7.14,14.91,50.0,2014/2015
SP1,2015-02-01,Almeria,Getafe,1,0,H,12,12,7,7,18,10,6,3,3,3,1,1,2.38,3.1,3.3,2.41,3.21,3.4,2.5,3.3,3.4,2.34,3.12,3.23,50.0,2014/2015
SP1,2015-02-01,Barcelona,Villarreal,3,2,H,19,9,7,3,10,20,8,2,1,2,0,0,1.2,7.0,13.0,1.22,7.4,14.5,1.25,7.58,16.0,1.21,6.61,12.92,50.0,2014/2015
SP1,2015-02-01,Levante,Athletic Bilbao,0,2,A,10,14,4,5,17,12,5,4,2,5,0,0,3.3,3.1,2.38,3.52,3.15,2.39,3.6,3.3,2.4,3.35,3.11,2.3,50.0,2014/2015
SP1,2015-02-01,Sevilla,Espanol,3,2,H,22,5,7,2,20,11,7,2,8,3,0,1,1.62,3.8,6.0,1.68,4.04,5.59,1.7,4.2,6.5,1.63,3.8,5.62,48.0,2014/2015
SP1,2015-02-02,Malaga,Valencia,1,0,H,13,10,6,3,19,18,5,3,5,3,0,1,2.63,3.2,2.8,2.71,3.39,2.81,2.85,3.4,2.81,2.66,3.21,2.71,46.0,2014/2015
SP1,2015-02-04,Real Madrid,Sevilla,2,1,H,14,15,4,3,9,21,4,6,3,6,0,0,1.29,6.0,10.0,1.27,6.6,12.3,1.31,6.6,12.3,1.27,5.92,10.39,50.0,2014/2015
SP1,2015-02-06,Deportivo La Coruna,Eibar,2,0,H,15,4,5,2,12,21,5,3,2,3,0,0,2.15,3.25,3.6,2.23,3.23,3.83,2.27,3.25,4.05,2.16,3.14,3.68,50.0,2014/2015
SP1,2015-02-07,Atletico Madrid,Real Madrid,4,0,H,17,4,8,1,17,18,2,3,5,2,0,0,2.88,3.4,2.45,2.94,3.67,2.45,3.0,3.65,2.5,2.89,3.38,2.43,51.0,2014/2015
SP1,2015-02-07,Levante,Malaga,4,1,H,11,4,6,3,20,13,2,5,2,1,0,0,3.4,3.1,2.3,3.48,3.23,2.36,3.5,3.35,2.4,3.27,3.15,2.31,51.0,2014/2015
SP1,2015-02-07,Sociedad,Celta,1,1,D,7,12,3,3,17,22,2,6,5,4,0,0,2.5,3.25,2.9,2.64,3.26,2.99,2.68,3.33,3.0,2.55,3.18,2.87,51.0,2014/2015
SP1,2015-02-07,Villarreal,Granada,2,0,H,9,11,6,3,12,18,5,8,2,1,0,0,1.3,5.25,11.0,1.32,5.69,11.67,1.34,5.69,12.0,1.31,5.21,10.11,50.0,2014/2015
SP1,2015-02-08,Athletic Bilbao,Barcelona,2,5,A,15,19,6,11,15,10,4,4,3,1,1,0,9.0,5.25,1.33,9.27,5.54,1.37,10.0,5.9,1.38,8.69,5.17,1.34,51.0,2014/2015
SP1,2015-02-08,Cordoba,Almeria,1,2,A,14,8,7,2,15,17,6,6,2,5,0,0,2.25,3.1,3.5,2.25,3.22,3.77,2.34,3.25,3.77,2.25,3.12,3.44,51.0,2014/2015
SP1,2015-02-08,Espanol,Valencia,1,2,A,9,13,3,5,22,16,7,2,5,4,0,0,2.8,3.2,2.63,2.93,3.29,2.66,2.92,3.4,2.75,2.8,3.19,2.6,51.0,2014/2015
SP1,2015-02-08,Getafe,Sevilla,2,1,H,18,9,8,2,6,13,9,5,1,2,0,0,3.8,3.3,2.05,3.83,3.41,2.15,4.0,3.41,2.16,3.69,3.28,2.09,51.0,2014/2015
SP1,2015-02-09,Elche,Vallecano,2,0,H,18,11,5,3,21,21,5,4,2,3,0,1,2.6,3.2,2.8,2.74,3.25,2.88,2.8,3.3,2.88,2.66,3.17,2.73,49.0,2014/2015
SP1,2015-02-13,Almeria,Sociedad,2,2,D,9,7,4,3,21,15,6,6,5,4,0,0,2.45,3.2,3.0,2.51,3.2,3.23,2.62,3.25,3.23,2.47,3.14,3.03,49.0,2014/2015
SP1,2015-02-14,Granada,Athletic Bilbao,0,0,D,11,10,4,0,16,9,4,4,4,4,1,0,2.9,3.1,2.63,3.08,3.21,2.61,3.08,3.25,2.7,2.91,3.11,2.58,49.0,2014/2015
SP1,2015-02-14,Malaga,Espanol,0,2,A,17,6,5,2,12,18,10,3,3,7,0,1,2.1,3.3,3.75,2.14,3.41,3.86,2.2,3.45,3.9,2.1,3.28,3.67,49.0,2014/2015
SP1,2015-02-14,Real Madrid,Deportivo La Coruna,2,0,H,17,15,6,4,12,17,6,6,2,4,0,0,1.08,13.0,21.0,1.11,13.15,23.5,1.12,15.0,36.0,1.09,10.92,25.26,48.0,2014/2015
SP1,2015-02-14,Sevilla,Cordoba,3,0,H,18,10,6,3,15,16,8,1,0,1,1,1,1.36,5.0,9.0,1.37,5.16,10.16,1.4,5.5,10.5,1.36,4.86,8.96,48.0,2014/2015
SP1,2015-02-15,Barcelona,Levante,5,0,H,18,5,10,1,6,13,3,4,1,2,0,0,1.05,15.0,34.0,1.07,22.5,26.25,1.07,22.25,52.0,1.05,14.41,33.7,49.0,2014/2015
SP1,2015-02-15,Celta,Atletico Madrid,2,0,H,14,10,3,5,4,12,9,2,0,3,0,0,3.8,3.25,2.1,3.79,3.43,2.15,4.2,3.45,2.15,3.73,3.28,2.08,50.0,2014/2015
SP1,2015-02-15,Valencia,Getafe,1,0,H,13,10,3,1,16,10,7,2,3,4,0,0,1.44,4.5,7.5,1.48,4.64,7.75,1.5,4.8,8.5,1.44,4.4,7.5,49.0,2014/2015
SP1,2015-02-15,Vallecano,Villarreal,2,0,H,13,9,7,2,12,14,5,5,2,2,0,0,3.3,3.4,2.2,3.5,3.69,2.16,3.7,3.69,2.25,3.38,3.42,2.14,49.0,2014/2015
SP1,2015-02-16,Eibar,Elche,0,1,A,18,6,7,2,13,12,5,3,3,1,1,0,2.15,3.1,3.8,2.18,3.22,3.97,2.24,3.4,4.0,2.14,3.1,3.76,50.0,2014/2015
SP1,2015-02-20,Getafe,Espanol,2,1,H,10,11,4,7,15,14,2,5,3,3,0,0,2.4,3.1,3.25,2.55,3.2,3.17,2.6,3.3,3.3,2.47,3.11,3.07,51.0,2014/2015
SP1,2015-02-21,Atletico Madrid,Almeria,3,0,H,9,9,6,1,13,13,8,4,1,1,1,0,1.2,6.5,15.0,1.23,6.83,16.5,1.25,7.09,19.0,1.21,6.26,15.64,50.0,2014/2015
SP1,2015-02-21,Barcelona,Malaga,0,1,A,11,11,5,3,9,11,11,3,4,3,0,0,1.11,10.0,21.0,1.12,11.6,24.5,1.15,12.38,34.0,1.1,9.7,24.41,50.0,2014/2015
SP1,2015-02-21,Cordoba,Valencia,1,2,A,11,17,4,7,17,15,6,2,1,2,0,0,4.33,3.25,1.95,4.33,3.56,1.97,4.55,3.6,2.0,4.22,3.39,1.92,51.0,2014/2015
SP1,2015-02-21,Deportivo La Coruna,Celta,0,2,A,14,8,4,5,17,13,4,3,2,4,1,0,3.3,3.2,2.3,3.55,3.33,2.28,3.54,3.35,2.5,3.32,3.22,2.27,50.0,2014/2015
SP1,2015-02-22,Athletic Bilbao,Vallecano,1,0,H,19,5,6,1,17,13,11,4,3,2,0,0,1.91,3.5,4.2,1.94,3.64,4.32,2.0,3.7,4.6,1.9,3.47,4.21,51.0,2014/2015
SP1,2015-02-22,Elche,Real Madrid,0,2,A,4,17,1,5,17,6,1,6,4,1,0,0,17.0,7.0,1.18,16.0,7.5,1.21,20.0,8.4,1.22,15.04,6.83,1.19,51.0,2014/2015
SP1,2015-02-22,Sociedad,Sevilla,4,3,H,17,17,8,5,16,12,5,10,5,3,0,0,2.9,3.3,2.5,3.13,3.41,2.45,3.14,3.49,2.6,2.94,3.28,2.45,48.0,2014/2015
SP1,2015-02-22,Villarreal,Eibar,1,0,H,21,10,6,1,5,3,8,3,2,0,0,0,1.36,4.75,9.0,1.37,5.16,10.16,1.4,5.4,11.0,1.36,4.81,9.19,51.0,2014/2015
SP1,2015-02-23,Levante,Granada,2,1,H,9,10,4,4,18,14,7,4,3,5,1,2,2.3,3.1,3.4,2.3,3.15,3.74,2.34,3.3,3.75,2.26,3.09,3.47,47.0,2014/2015
SP1,2015-02-27,Espanol,Cordoba,1,0,H,12,16,4,4,22,14,2,6,5,4,0,0,1.57,3.8,6.5,1.6,3.97,6.97,1.65,4.05,7.0,1.58,3.83,6.36,46.0,2014/2015
SP1,2015-02-28,Almeria,Deportivo La Coruna,0,0,D,10,25,3,9,13,19,7,11,2,3,2,0,2.25,3.2,3.4,2.29,3.36,3.5,2.3,3.36,3.75,2.24,3.19,3.41,47.0,2014/2015
SP1,2015-02-28,Granada,Barcelona,1,3,A,10,16,4,9,18,9,4,5,2,3,0,0,17.0,7.5,1.17,20.85,8.35,1.17,23.0,9.5,1.2,17.72,7.32,1.16,48.0,2014/2015
SP1,2015-02-28,Malaga,Getafe,3,2,H,16,10,6,6,11,16,6,5,3,1,0,0,1.75,3.6,5.0,1.78,3.69,5.37,1.83,3.76,5.64,1.76,3.48,5.04,48.0,2014/2015
SP1,2015-02-28,Vallecano,Levante,4,2,H,13,10,7,3,15,18,5,2,2,2,0,0,1.67,3.75,5.5,1.74,3.88,5.32,1.76,3.88,5.5,1.7,3.66,5.16,48.0,2014/2015
SP1,2015-03-01,Eibar,Athletic Bilbao,0,1,A,6,13,2,8,16,14,5,6,3,2,0,0,3.25,3.1,2.38,3.35,3.19,2.44,3.45,3.25,2.6,3.21,3.09,2.39,48.0,2014/2015
SP1,2015-03-01,Real Madrid,Villarreal,1,1,D,25,9,7,4,7,20,10,4,2,5,0,0,1.2,7.0,13.0,1.23,7.35,14.7,1.3,7.4,15.0,1.22,6.41,12.51,48.0,2014/2015
SP1,2015-03-01,Sevilla,Atletico Madrid,0,0,D,13,9,4,2,13,14,7,1,4,7,0,0,3.0,3.2,2.45,3.0,3.29,2.61,3.13,3.35,2.63,2.93,3.18,2.5,47.0,2014/2015
SP1,2015-03-01,Valencia,Sociedad,2,0,H,19,8,3,0,14,14,9,5,3,3,0,0,1.57,4.0,6.0,1.58,4.18,6.7,1.63,4.22,6.6,1.59,3.93,5.87,48.0,2014/2015
SP1,2015-03-02,Celta,Elche,1,1,D,11,7,5,1,16,12,6,3,5,3,0,0,1.5,4.2,7.0,1.51,4.3,8.11,1.6,4.33,8.11,1.5,4.08,6.91,46.0,2014/2015
SP1,2015-03-06,Levante,Eibar,2,1,H,12,14,4,3,11,17,6,7,4,5,0,1,2.05,3.3,4.0,2.14,3.2,4.15,2.3,3.3,4.2,2.1,3.14,3.88,47.0,2014/2015
SP1,2015-03-07,Elche,Almeria,1,0,H,15,9,4,2,13,15,6,5,3,0,0,0,2.05,3.4,3.8,2.15,3.4,3.83,2.2,3.4,4.0,2.1,3.26,3.66,47.0,2014/2015
SP1,2015-03-07,Athletic Bilbao,Real Madrid,1,0,H,6,13,2,2,17,11,1,9,3,4,0,0,7.0,4.75,1.44,7.47,4.78,1.48,8.2,5.4,1.5,6.84,4.57,1.45,47.0,2014/2015
SP1,2015-03-07,Deportivo La Coruna,Sevilla,3,4,A,15,11,5,6,12,14,5,1,1,4,0,0,3.8,3.4,2.05,3.73,3.56,2.12,3.8,3.56,2.25,3.54,3.38,2.1,46.0,2014/2015
SP1,2015-03-07,Granada,Malaga,1,0,H,14,5,4,1,11,20,8,1,4,5,0,0,2.9,3.2,2.6,2.95,3.27,2.66,3.0,3.27,2.75,2.87,3.1,2.6,47.0,2014/2015
SP1,2015-03-08,Atletico Madrid,Valencia,1,1,D,8,3,3,1,22,19,6,1,5,6,0,1,1.62,3.75,6.0,1.62,4.05,6.32,1.7,4.2,6.45,1.62,3.76,5.81,47.0,2014/2015
SP1,2015-03-08,Barcelona,Vallecano,6,1,H,19,7,12,3,13,11,4,1,3,2,1,1,1.05,15.0,34.0,1.08,19.75,23.4,1.1,19.75,41.0,1.06,13.93,30.37,47.0,2014/2015
SP1,2015-03-08,Sociedad,Espanol,1,0,H,10,9,4,4,13,14,6,5,2,3,0,0,2.2,3.3,3.4,2.21,3.35,3.73,2.3,3.5,3.9,2.19,3.23,3.47,47.0,2014/2015
SP1,2015-03-08,Villarreal,Celta,4,1,H,12,13,8,4,9,14,3,2,0,2,0,0,1.95,3.5,4.0,1.97,3.66,4.18,1.98,3.7,4.4,1.92,3.49,4.04,47.0,2014/2015
SP1,2015-03-09,Cordoba,Getafe,1,2,A,18,15,4,7,11,10,5,6,3,2,0,0,2.4,3.1,3.2,2.52,3.14,3.28,2.6,3.4,3.28,2.46,3.05,3.1,45.0,2014/2015
SP1,2015-03-13,Valencia,Deportivo La Coruna,2,0,H,16,5,8,2,12,17,5,5,1,2,0,0,1.44,4.5,8.0,1.47,4.73,7.95,1.47,5.1,8.7,1.43,4.54,7.62,47.0,2014/2015
SP1,2015-03-14,Celta,Athletic Bilbao,1,2,A,16,12,5,4,14,12,8,5,3,3,0,1,2.1,3.4,3.6,2.14,3.42,3.86,2.2,3.43,3.9,2.1,3.29,3.63,47.0,2014/2015
SP1,2015-03-14,Eibar,Barcelona,0,2,A,13,12,2,4,14,3,6,3,1,0,0,0,19.0,8.5,1.14,22.4,8.9,1.16,26.0,9.5,1.16,20.38,8.14,1.14,47.0,2014/2015
SP1,2015-03-14,Espanol,Atletico Madrid,0,0,D,7,14,1,6,33,18,6,7,3,3,0,1,3.8,3.1,2.15,3.86,3.3,2.19,4.1,3.5,2.2,3.67,3.2,2.12,47.0,2014/2015
SP1,2015-03-14,Vallecano,Granada,3,1,H,16,11,8,3,15,8,6,6,3,2,0,0,2.0,3.3,4.0,2.04,3.53,4.07,2.05,3.6,4.3,1.97,3.4,3.93,47.0,2014/2015
SP1,2015-03-15,Almeria,Villarreal,0,0,D,10,18,2,7,16,15,4,3,4,4,1,1,4.0,3.3,2.0,4.14,3.56,2.01,4.33,3.6,2.04,3.96,3.41,1.97,47.0,2014/2015
SP1,2015-03-15,Malaga,Cordoba,2,0,H,19,4,6,2,11,15,2,3,0,2,0,0,1.57,3.75,7.0,1.57,4.05,7.34,1.6,4.33,7.6,1.55,3.85,6.73,48.0,2014/2015
SP1,2015-03-15,Real Madrid,Levante,2,0,H,22,8,6,0,9,14,10,4,2,0,0,0,1.06,13.0,34.0,1.08,16.0,29.0,1.1,18.0,41.0,1.07,12.88,29.77,47.0,2014/2015
SP1,2015-03-15,Sevilla,Elche,3,0,H,12,14,4,3,13,11,5,9,2,3,0,0,1.4,4.75,8.0,1.38,5.12,9.75,1.43,5.5,11.0,1.38,4.72,8.74,45.0,2014/2015
SP1,2015-03-16,Getafe,Sociedad,0,1,A,14,10,5,4,14,12,6,5,4,1,0,0,2.3,3.2,3.3,2.4,3.2,3.42,2.4,3.35,3.42,2.32,3.14,3.22,46.0,2014/2015
SP1,2015-03-20,Elche,Valencia,0,4,A,7,10,1,5,12,10,4,4,1,0,0,0,3.8,3.4,2.0,4.26,3.5,2.0,4.6,3.65,2.0,4.2,3.41,1.9,48.0,2014/2015
SP1,2015-03-21,Athletic Bilbao,Almeria,2,1,H,19,7,6,1,8,20,9,6,2,4,0,1,1.5,4.0,7.5,1.53,4.4,7.09,1.55,4.5,7.7,1.5,4.12,6.8,48.0,2014/2015
SP1,2015-03-21,Atletico Madrid,Getafe,2,0,H,15,5,6,1,10,16,10,5,2,2,0,0,1.33,5.0,10.0,1.31,5.5,13.14,1.36,6.0,14.0,1.31,5.03,11.26,48.0,2014/2015
SP1,2015-03-21,Granada,Eibar,0,0,D,17,4,4,1,14,17,7,5,4,1,0,0,1.95,3.25,4.33,1.96,3.25,4.91,2.1,3.4,4.88,1.95,3.19,4.38,48.0,2014/2015
SP1,2015-03-21,Levante,Celta,0,1,A,9,17,3,5,17,9,5,5,4,3,0,0,3.3,3.3,2.25,3.51,3.35,2.29,3.7,3.4,2.4,3.42,3.25,2.19,48.0,2014/2015
SP1,2015-03-21,Vallecano,Malaga,1,0,H,11,6,2,2,20,15,7,4,8,0,0,1,2.5,3.4,2.8,2.53,3.42,3.01,2.6,3.46,3.05,2.49,3.33,2.82,48.0,2014/2015
SP1,2015-03-22,Barcelona,Real Madrid,2,1,H,17,13,5,4,9,14,7,10,5,6,0,0,1.67,4.5,4.5,1.68,4.54,4.91,1.85,4.54,5.0,1.67,4.24,4.6,48.0,2014/2015
SP1,2015-03-22,Deportivo La Coruna,Espanol,0,0,D,14,7,1,2,10,16,2,2,4,4,0,0,2.6,3.25,2.8,2.61,3.23,3.05,2.64,3.4,3.1,2.53,3.15,2.89,45.0,2014/2015
SP1,2015-03-22,Sociedad,Cordoba,3,1,H,19,11,3,6,9,16,9,5,1,5,0,3,1.62,3.75,6.0,1.67,3.77,6.4,1.69,4.0,6.9,1.63,3.65,5.89,46.0,2014/2015
SP1,2015-03-22,Villarreal,Sevilla,0,2,A,23,9,5,5,11,16,8,2,2,1,0,0,2.05,3.4,3.75,2.09,3.61,3.76,2.2,3.66,3.75,2.05,3.46,3.54,44.0,2014/2015
SP1,2015-04-03,Eibar,Vallecano,1,2,A,12,13,4,8,15,15,4,4,3,3,1,0,2.5,3.3,2.9,2.63,3.27,2.99,2.7,3.3,3.06,2.54,3.2,2.87,48.0,2014/2015
SP1,2015-04-04,Cordoba,Atletico Madrid,0,2,A,11,8,2,4,12,9,3,5,2,1,0,0,9.5,4.5,1.4,8.52,4.66,1.45,9.7,4.95,1.45,8.31,4.39,1.42,49.0,2014/2015
SP1,2015-04-04,Almeria,Levante,1,4,A,9,15,3,5,18,16,7,8,4,2,1,0,2.1,3.25,3.75,2.23,3.26,3.78,2.25,3.5,3.8,2.15,3.2,3.6,49.0,2014/2015
SP1,2015-04-04,Sevilla,Athletic Bilbao,2,0,H,9,14,5,2,17,9,6,7,3,3,0,0,1.75,3.75,4.75,1.79,3.86,4.95,1.79,3.94,6.0,1.74,3.7,4.79,49.0,2014/2015
SP1,2015-04-04,Malaga,Sociedad,1,1,D,13,9,6,3,17,10,12,3,4,5,0,0,1.95,3.4,4.2,1.97,3.51,4.39,2.1,3.51,4.55,1.96,3.39,4.03,49.0,2014/2015
SP1,2015-04-05,Celta,Barcelona,0,1,A,7,12,1,3,26,12,4,3,2,2,1,0,7.5,5.0,1.4,7.71,5.17,1.43,8.4,5.5,1.45,7.43,4.86,1.4,49.0,2014/2015
SP1,2015-04-05,Getafe,Deportivo La Coruna,2,1,H,11,9,4,2,19,14,5,1,1,3,0,0,2.25,3.1,3.6,2.33,3.26,3.52,2.38,3.4,3.7,2.25,3.18,3.37,49.0,2014/2015
SP1,2015-04-05,Real Madrid,Granada,9,1,H,29,11,11,6,6,9,10,1,1,2,0,0,1.08,11.0,29.0,1.09,14.0,31.0,1.1,20.0,41.0,1.07,11.92,28.09,49.0,2014/2015
SP1,2015-04-05,Valencia,Villarreal,0,0,D,13,5,3,2,14,18,2,6,2,5,0,0,2.05,3.5,3.6,2.06,3.69,3.79,2.1,3.7,3.9,2.03,3.51,3.58,49.0,2014/2015
SP1,2015-04-06,Espanol,Elche,1,1,D,5,8,3,2,18,16,4,4,3,3,0,0,1.67,3.6,5.75,1.68,3.79,6.28,1.75,3.8,6.4,1.65,3.62,5.74,48.0,2014/2015
SP1,2015-04-07,Atletico Madrid,Sociedad,2,0,H,12,9,3,2,13,17,4,10,1,0,0,0,1.3,5.25,11.0,1.34,5.27,11.99,1.35,5.9,13.0,1.32,4.97,10.95,48.0,2014/2015
SP1,2015-04-07,Eibar,Malaga,1,0,H,8,14,5,4,15,17,4,2,3,2,0,0,3.25,3.1,2.38,3.32,3.17,2.48,3.35,3.4,2.5,3.16,3.1,2.41,48.0,2014/2015
SP1,2015-04-07,Levante,Sevilla,1,2,A,19,12,6,5,16,16,12,3,4,5,0,0,4.5,3.6,1.83,4.66,3.83,1.83,5.2,3.88,1.9,4.47,3.65,1.8,47.0,2014/2015
SP1,2015-04-08,Granada,Celta,1,1,D,8,12,3,4,13,14,1,5,4,5,1,0,3.5,3.0,2.3,3.34,3.32,2.38,3.5,3.4,2.5,3.22,3.18,2.32,49.0,2014/2015
SP1,2015-04-08,Barcelona,Almeria,4,0,H,19,6,12,3,9,14,14,5,1,1,0,0,1.05,13.0,41.0,,,,1.06,26.0,67.0,1.05,14.17,42.74,44.0,2014/2015
SP1,2015-04-08,Vallecano,Real Madrid,0,2,A,20,17,8,5,15,11,8,1,4,5,0,0,13.0,7.0,1.2,12.24,7.14,1.25,14.0,8.1,1.3,11.26,6.63,1.23,49.0,2014/2015
SP1,2015-04-08,Deportivo La Coruna,Cordoba,1,1,D,8,16,2,7,12,16,6,5,3,2,1,0,1.75,3.4,5.5,1.78,3.72,5.35,1.8,3.9,5.9,1.73,3.57,5.09,48.0,2014/2015
SP1,2015-04-09,Athletic Bilbao,Valencia,1,1,D,12,7,4,4,17,15,8,3,5,3,0,1,2.4,3.4,2.8,2.55,3.36,3.02,2.6,3.4,3.06,2.46,3.26,2.92,49.0,2014/2015
SP1,2015-04-09,Elche,Getafe,0,1,A,16,9,2,4,13,19,10,4,2,3,0,0,2.3,3.1,3.25,2.35,3.22,3.52,2.4,3.4,3.6,2.31,3.11,3.31,49.0,2014/2015
SP1,2015-04-09,Villarreal,Espanol,0,3,A,7,14,2,4,14,14,7,2,1,1,0,0,1.55,3.6,7.0,1.56,4.16,7.27,1.62,4.2,7.27,1.55,3.87,6.59,49.0,2014/2015
SP1,2015-04-11,Almeria,Granada,3,0,H,17,15,9,3,16,14,5,6,4,3,0,0,2.4,3.1,3.2,2.47,3.26,3.24,2.49,3.3,3.4,2.39,3.15,3.14,50.0,2014/2015
SP1,2015-04-11,Celta,Vallecano,6,1,H,17,12,10,4,16,3,3,4,1,1,0,0,1.73,3.6,4.75,1.81,3.93,4.72,1.83,3.93,5.1,1.77,3.75,4.5,50.0,2014/2015
SP1,2015-04-11,Malaga,Atletico Madrid,2,2,D,11,11,3,5,13,10,6,1,2,3,0,0,3.8,3.4,2.0,4.03,3.42,2.09,4.35,3.5,2.1,3.87,3.3,2.02,50.0,2014/2015
SP1,2015-04-11,Real Madrid,Eibar,3,0,H,24,4,13,2,10,18,7,4,0,3,0,0,1.06,13.0,34.0,1.07,17.4,34.25,1.09,19.0,55.57,1.06,13.23,35.15,50.0,2014/2015
SP1,2015-04-11,Sevilla,Barcelona,2,2,D,11,17,2,7,23,9,2,4,5,2,0,0,5.0,4.5,1.55,5.42,4.6,1.63,5.5,4.7,1.7,5.0,4.35,1.6,50.0,2014/2015
SP1,2015-04-12,Cordoba,Elche,0,2,A,14,7,2,3,9,26,8,3,0,2,1,0,2.3,3.1,3.3,2.41,3.14,3.5,2.5,3.4,3.5,2.36,3.1,3.24,50.0,2014/2015
SP1,2015-04-12,Espanol,Athletic Bilbao,1,0,H,5,10,1,2,14,13,7,1,2,2,0,0,2.5,3.2,2.88,2.42,3.28,3.31,2.5,3.4,3.31,2.39,3.18,3.09,50.0,2014/2015
SP1,2015-04-12,Getafe,Villarreal,1,1,D,12,9,2,4,9,16,11,5,2,6,0,0,3.6,3.3,2.05,3.78,3.42,2.16,4.0,3.48,2.2,3.63,3.31,2.1,50.0,2014/2015
SP1,2015-04-12,Sociedad,Deportivo La Coruna,2,2,D,9,16,4,5,12,19,5,7,4,4,0,0,1.8,3.6,4.5,1.93,3.58,4.49,1.93,3.8,4.55,1.87,3.52,4.24,50.0,2014/2015
SP1,2015-04-13,Valencia,Levante,3,0,H,13,11,5,1,12,12,5,4,3,3,0,0,1.33,5.0,8.5,1.34,5.4,11.4,1.36,5.8,12.0,1.32,5.0,9.97,46.0,2014/2015
SP1,2015-04-17,Levante,Espanol,2,2,D,13,12,3,6,14,18,8,4,1,3,0,0,2.88,3.1,2.6,2.92,3.23,2.72,3.0,3.3,2.9,2.84,3.08,2.66,48.0,2014/2015
SP1,2015-04-18,Deportivo La Coruna,Atletico Madrid,1,2,A,9,15,2,10,16,15,5,6,2,4,0,0,4.5,3.5,1.85,5.02,3.56,1.85,5.02,3.57,1.87,4.74,3.38,1.82,49.0,2014/2015
SP1,2015-04-18,Real Madrid,Malaga,3,1,H,12,11,6,2,11,26,4,3,2,2,0,0,1.14,8.5,17.0,1.18,9.0,16.75,1.18,9.04,18.63,1.15,8.05,15.94,49.0,2014/2015
SP1,2015-04-18,Athletic Bilbao,Getafe,4,0,H,27,1,8,1,12,12,6,1,2,4,0,1,1.67,3.75,5.5,1.64,3.9,6.51,1.8,3.89,6.52,1.64,3.67,5.73,49.0,2014/2015
SP1,2015-04-18,Barcelona,Valencia,2,0,H,11,11,5,3,18,17,6,3,4,4,0,0,1.22,7.0,12.0,1.24,7.25,13.5,1.25,7.5,15.0,1.21,6.6,12.7,49.0,2014/2015
SP1,2015-04-19,Vallecano,Almeria,2,0,H,13,8,9,3,18,12,5,7,1,2,0,0,1.8,3.8,4.33,1.83,3.89,4.64,1.85,4.0,5.0,1.8,3.73,4.33,49.0,2014/2015
SP1,2015-04-19,Eibar,Celta,0,1,A,11,17,3,5,10,20,1,9,2,2,0,0,3.4,3.3,2.2,3.78,3.5,2.12,3.78,3.6,2.3,3.49,3.33,2.13,49.0,2014/2015
SP1,2015-04-19,Granada,Sevilla,1,1,D,6,16,2,3,15,14,5,9,2,2,0,0,4.33,3.6,1.85,4.27,3.81,1.91,4.5,3.82,2.09,4.17,3.63,1.85,49.0,2014/2015
SP1,2015-04-19,Villarreal,Cordoba,0,0,D,28,9,7,4,14,16,12,3,1,4,0,0,1.3,5.25,11.0,1.32,5.69,11.2,1.33,5.71,12.0,1.3,5.3,10.27,49.0,2014/2015
SP1,2015-04-20,Elche,Sociedad,1,0,H,9,4,2,2,21,11,7,4,3,4,0,0,2.6,3.1,2.9,2.67,3.34,2.89,2.72,3.4,3.0,2.6,3.16,2.81,47.0,2014/2015
SP1,2015-04-24,Cordoba,Athletic Bilbao,0,1,A,22,15,2,4,13,19,9,5,2,3,0,0,4.2,3.5,1.91,4.34,3.54,1.97,4.55,3.64,2.1,4.09,3.4,1.95,47.0,2014/2015
SP1,2015-04-25,Atletico Madrid,Elche,3,0,H,18,14,9,3,11,18,9,8,3,2,0,0,1.18,7.0,17.0,1.21,7.02,19.25,1.21,8.5,23.0,1.18,6.47,18.98,48.0,2014/2015
SP1,2015-04-25,Espanol,Barcelona,0,2,A,7,12,2,5,21,12,5,3,5,1,1,1,12.0,6.0,1.25,12.0,6.52,1.28,13.0,6.9,1.31,10.95,5.91,1.26,48.0,2014/2015
SP1,2015-04-25,Getafe,Levante,0,1,A,10,9,2,3,9,14,5,5,4,3,0,0,2.2,3.2,3.5,2.28,3.26,3.64,2.3,3.4,3.88,2.2,3.17,3.52,48.0,2014/2015
SP1,2015-04-25,Sociedad,Villarreal,0,0,D,13,19,2,4,15,13,7,9,1,4,0,0,2.9,3.3,2.5,2.93,3.39,2.61,3.04,3.45,2.61,2.89,3.28,2.47,48.0,2014/2015
SP1,2015-04-26,Almeria,Eibar,2,0,H,9,8,3,5,11,13,5,7,4,3,0,0,2.2,3.2,3.6,2.21,3.34,3.74,2.26,3.4,3.9,2.18,3.23,3.51,48.0,2014/2015
SP1,2015-04-26,Celta,Real Madrid,2,4,A,20,10,4,7,17,6,5,4,3,2,0,0,5.5,4.33,1.57,5.64,4.59,1.6,6.1,4.7,1.63,5.41,4.28,1.58,48.0,2014/2015
SP1,2015-04-26,Malaga,Deportivo La Coruna,1,1,D,14,12,5,3,17,15,9,5,5,1,0,0,1.73,3.6,5.25,1.74,3.93,5.26,1.8,3.94,5.3,1.72,3.67,4.98,48.0,2014/2015
SP1,2015-04-26,Sevilla,Vallecano,2,0,H,12,22,7,3,15,13,5,8,0,2,0,0,1.36,5.25,8.0,1.38,5.57,8.64,1.44,5.7,8.64,1.38,5.08,7.7,48.0,2014/2015
SP1,2015-04-27,Valencia,Granada,4,0,H,13,5,6,0,12,16,2,6,3,3,0,0,1.33,5.25,9.5,1.32,5.73,11.25,1.36,6.5,12.0,1.31,5.13,10.13,47.0,2014/2015
SP1,2015-04-28,Levante,Cordoba,1,0,H,13,8,3,1,17,10,6,5,3,3,0,0,1.85,3.5,4.5,1.88,3.63,4.71,1.88,3.8,5.0,1.83,3.48,4.54,46.0,2014/2015
SP1,2015-04-28,Athletic Bilbao,Sociedad,1,1,D,11,13,3,8,16,13,7,3,2,2,0,1,1.67,3.8,5.5,1.71,3.83,5.72,1.75,3.9,6.3,1.66,3.71,5.54,46.0,2014/2015
SP1,2015-04-28,Barcelona,Getafe,6,0,H,21,7,12,3,11,5,5,6,0,0,0,0,1.04,17.0,41.0,1.06,25.0,29.37,1.06,25.0,67.0,1.04,17.51,39.44,46.0,2014/2015
SP1,2015-04-29,Celta,Malaga,1,0,H,14,7,2,2,6,13,3,5,2,3,0,0,1.73,3.75,5.0,1.76,3.92,5.11,1.8,4.1,5.26,1.71,3.77,4.86,48.0,2014/2015
SP1,2015-04-29,Eibar,Sevilla,1,3,A,15,12,3,6,17,10,4,2,3,2,0,0,6.0,4.0,1.57,5.9,4.22,1.63,6.2,4.24,1.66,5.77,4.03,1.58,48.0,2014/2015
SP1,2015-04-29,Elche,Deportivo La Coruna,4,0,H,12,10,7,5,7,10,3,4,1,2,0,0,2.25,3.2,3.4,2.31,3.3,3.53,2.36,3.4,3.6,2.27,3.19,3.33,48.0,2014/2015
SP1,2015-04-29,Real Madrid,Almeria,3,0,H,18,7,4,0,9,12,10,4,1,0,0,0,1.06,13.0,29.0,1.09,14.9,27.0,1.1,14.9,41.0,1.08,11.51,28.11,48.0,2014/2015
SP1,2015-04-29,Villarreal,Atletico Madrid,0,1,A,13,12,3,3,5,18,7,1,0,4,0,0,3.4,3.3,2.2,3.48,3.43,2.27,3.7,3.43,2.3,3.4,3.25,2.22,48.0,2014/2015
SP1,2015-04-30,Granada,Espanol,1,2,A,16,7,4,3,19,12,8,1,2,3,0,0,2.5,3.1,3.0,2.63,3.2,3.04,2.65,3.3,3.1,2.56,3.1,2.91,46.0,2014/2015
SP1,2015-04-30,Vallecano,Valencia,1,1,D,9,13,3,5,21,15,4,8,2,1,1,1,4.0,3.6,1.91,4.45,3.85,1.86,4.55,3.86,1.91,4.07,3.62,1.87,46.0,2014/2015
SP1,2015-05-01,Sociedad,Levante,3,0,H,9,14,3,1,14,13,3,7,2,3,0,0,1.85,3.7,4.33,1.9,3.69,4.49,1.95,3.8,4.8,1.87,3.55,4.28,46.0,2014/2015
SP1,2015-05-02,Deportivo La Coruna,Villarreal,1,1,D,9,7,3,2,14,12,4,2,1,5,0,0,3.6,3.4,2.1,3.58,3.54,2.19,4.0,3.54,2.2,3.5,3.36,2.13,47.0,2014/2015
SP1,2015-05-02,Sevilla,Real Madrid,2,3,A,18,14,5,5,11,12,8,1,4,2,0,0,3.5,3.6,2.05,3.55,3.93,2.06,3.84,4.0,2.15,3.47,3.67,2.03,47.0,2014/2015
SP1,2015-05-02,Atletico Madrid,Athletic Bilbao,0,0,D,10,7,3,0,8,20,9,2,2,2,0,1,1.4,4.5,8.5,1.44,4.68,9.06,1.45,5.0,9.5,1.42,4.4,8.3,47.0,2014/2015
SP1,2015-05-02,Cordoba,Barcelona,0,8,A,5,27,1,11,11,3,5,8,2,0,0,0,26.0,11.0,1.08,36.0,13.25,1.09,39.17,14.0,1.1,29.08,10.65,1.09,47.0,2014/2015
SP1,2015-05-03,Getafe,Granada,1,2,A,17,14,5,6,14,17,4,6,3,4,0,0,2.05,3.25,4.0,2.17,3.42,3.8,2.16,3.5,4.2,2.09,3.28,3.69,47.0,2014/2015
SP1,2015-05-03,Espanol,Vallecano,1,1,D,12,7,5,4,18,18,5,1,3,1,1,0,1.73,3.8,4.5,1.8,3.95,4.74,1.85,3.95,5.0,1.78,3.74,4.48,47.0,2014/2015
SP1,2015-05-03,Valencia,Eibar,3,1,H,13,7,6,1,8,17,7,5,2,1,0,0,1.22,6.5,13.0,1.23,6.74,17.5,1.25,7.5,18.0,1.21,6.17,15.18,47.0,2014/2015
SP1,2015-05-03,Malaga,Elche,1,2,A,21,7,9,3,15,18,5,2,3,1,0,1,1.62,3.8,6.0,1.65,4.02,6.12,1.67,4.1,6.7,1.61,3.8,5.91,46.0,2014/2015
SP1,2015-05-04,Almeria,Celta,2,2,D,12,7,3,3,12,9,3,6,2,3,1,1,3.75,3.4,2.05,3.91,3.61,2.06,4.15,3.6,2.2,3.67,3.44,2.04,44.0,2014/2015
SP1,2015-05-08,Eibar,Espanol,0,2,A,8,12,4,6,17,12,4,2,2,4,0,0,2.8,3.1,2.7,3.01,3.2,2.67,3.05,3.5,2.8,2.87,3.1,2.61,48.0,2014/2015
SP1,2015-05-09,Athletic Bilbao,Deportivo La Coruna,1,1,D,11,8,5,2,14,10,3,3,4,4,0,0,1.57,3.8,6.5,1.62,4.12,6.05,1.65,4.2,6.5,1.59,3.92,5.89,49.0,2014/2015
SP1,2015-05-09,Barcelona,Sociedad,2,0,H,15,5,8,1,9,13,10,3,1,5,0,0,1.05,15.0,34.0,1.06,19.08,39.19,1.08,21.0,57.0,1.05,14.49,36.14,49.0,2014/2015
SP1,2015-05-09,Granada,Cordoba,2,0,H,21,4,8,1,16,12,8,1,2,2,0,2,1.44,4.5,7.5,1.48,4.67,7.67,1.49,4.8,9.0,1.44,4.37,7.7,49.0,2014/2015
SP1,2015-05-09,Real Madrid,Valencia,2,2,D,29,13,10,4,14,19,12,9,4,4,0,0,1.4,4.75,8.0,1.44,5.29,7.39,1.45,5.5,8.0,1.41,5.01,6.83,49.0,2014/2015
SP1,2015-05-10,Celta,Sevilla,1,1,D,13,8,2,4,17,15,4,2,3,5,0,0,2.75,3.5,2.5,2.86,3.81,2.46,2.92,3.85,2.62,2.76,3.58,2.42,49.0,2014/2015
SP1,2015-05-10,Almeria,Malaga,1,2,A,10,14,4,5,15,18,7,6,3,4,0,0,2.63,3.2,2.8,2.67,3.34,2.89,2.7,3.4,3.1,2.59,3.23,2.78,49.0,2014/2015
SP1,2015-05-10,Villarreal,Elche,1,0,H,12,13,5,2,15,7,8,5,1,2,0,0,1.36,5.0,8.5,1.37,5.22,10.26,1.4,5.24,10.28,1.36,4.8,9.11,49.0,2014/2015
SP1,2015-05-10,Levante,Atletico Madrid,2,2,D,8,15,5,7,8,16,2,6,2,2,0,0,7.5,3.8,1.53,7.96,4.13,1.53,8.0,4.3,1.56,7.03,3.93,1.52,49.0,2014/2015
SP1,2015-05-11,Vallecano,Getafe,2,0,H,15,9,5,3,14,12,8,5,2,1,1,1,1.95,3.5,4.0,1.95,3.76,4.12,2.15,3.76,4.3,1.94,3.56,3.78,48.0,2014/2015
SP1,2015-05-17,Villarreal,Malaga,2,1,H,8,15,2,4,9,12,3,9,3,1,0,0,1.85,3.6,4.33,1.9,3.87,4.25,2.0,3.87,4.5,1.86,3.65,4.12,45.0,2014/2015
SP1,2015-05-17,Elche,Athletic Bilbao,2,3,A,10,17,3,5,13,12,1,9,2,2,0,0,3.5,3.3,2.1,3.91,3.43,2.12,3.98,3.43,2.2,3.61,3.29,2.1,45.0,2014/2015
SP1,2015-05-17,Cordoba,Vallecano,1,2,A,14,22,2,10,5,13,5,8,0,0,0,0,4.33,3.75,1.75,4.56,4.19,1.78,4.9,4.2,1.8,4.44,3.84,1.75,45.0,2014/2015
SP1,2015-05-17,Espanol,Real Madrid,1,4,A,15,18,3,7,17,12,2,5,2,4,0,0,6.5,4.33,1.5,6.36,4.83,1.52,6.75,4.83,1.65,6.04,4.39,1.52,44.0,2014/2015
SP1,2015-05-17,Valencia,Celta,1,1,D,21,11,7,3,9,18,7,7,1,5,0,0,1.62,4.2,5.25,1.6,4.49,5.8,1.62,4.6,6.5,1.58,4.17,5.5,44.0,2014/2015
SP1,2015-05-17,Deportivo La Coruna,Levante,2,0,H,10,5,3,1,12,13,8,3,3,2,0,0,1.75,3.6,4.75,1.76,3.88,5.11,1.8,4.2,5.6,1.72,3.69,4.9,45.0,2014/2015
SP1,2015-05-17,Sociedad,Granada,0,3,A,7,15,1,6,12,17,3,3,2,2,0,0,2.15,3.3,3.5,2.22,3.51,3.5,2.4,3.5,3.5,2.19,3.36,3.31,45.0,2014/2015
SP1,2015-05-17,Sevilla,Almeria,2,1,H,15,14,3,3,17,17,5,4,0,4,0,1,1.25,6.0,12.0,1.29,6.4,11.0,1.35,6.8,12.5,1.27,5.85,10.35,45.0,2014/2015
SP1,2015-05-17,Getafe,Eibar,1,1,D,13,5,3,1,11,12,6,4,0,2,0,0,2.2,3.2,3.5,2.25,3.07,3.94,2.4,3.25,4.0,2.21,3.09,3.58,45.0,2014/2015
SP1,2015-05-17,Atletico Madrid,Barcelona,0,1,A,10,15,3,5,23,7,6,5,5,3,0,0,4.75,3.6,1.75,4.94,3.91,1.78,5.5,3.96,1.85,4.75,3.68,1.74,45.0,2014/2015
SP1,2015-05-23,Eibar,Cordoba,3,0,H,12,15,6,5,13,7,4,5,1,0,0,0,1.33,5.0,9.5,1.38,5.23,9.56,1.38,6.0,10.5,1.34,4.91,9.26,41.0,2014/2015
SP1,2015-05-23,Celta,Espanol,3,2,H,10,17,7,3,11,14,2,2,2,1,1,0,1.7,4.0,4.75,1.73,4.24,4.85,1.73,4.3,5.2,1.69,3.93,4.78,41.0,2014/2015
SP1,2015-05-23,Almeria,Valencia,2,3,A,10,9,3,5,19,18,3,6,2,4,0,1,4.75,4.2,1.67,5.08,4.51,1.66,5.11,4.6,1.7,4.8,4.16,1.65,41.0,2014/2015
SP1,2015-05-23,Athletic Bilbao,Villarreal,4,0,H,17,13,8,2,13,7,4,5,0,1,0,0,1.67,4.0,5.0,1.74,4.04,5.05,1.85,4.04,5.3,1.73,3.76,4.72,41.0,2014/2015
SP1,2015-05-23,Barcelona,Deportivo La Coruna,2,2,D,18,10,7,2,6,9,4,4,1,3,0,0,1.25,6.0,11.0,1.29,6.62,10.81,1.3,7.0,11.5,1.26,6.05,10.18,41.0,2014/2015
SP1,2015-05-23,Vallecano,Sociedad,2,4,A,13,11,3,8,12,13,9,2,1,1,0,0,1.85,3.8,4.0,1.91,4.11,3.94,1.95,4.12,4.4,1.87,3.78,3.9,41.0,2014/2015
SP1,2015-05-23,Real Madrid,Getafe,7,3,H,18,14,11,6,12,13,8,7,2,3,0,0,1.13,9.0,21.0,1.13,10.84,22.72,1.15,12.0,29.0,1.11,9.49,20.36,40.0,2014/2015
SP1,2015-05-23,Granada,Atletico Madrid,0,0,D,2,3,0,1,9,11,4,0,0,0,0,0,4.33,2.5,2.3,,,,4.85,2.5,2.6,4.34,2.37,2.39,38.0,2014/2015
SP1,2015-05-23,Levante,Elche,0,0,D,8,15,0,6,14,15,4,4,3,3,0,0,1.95,3.5,4.0,2.02,3.62,4.0,2.1,3.62,4.1,1.99,3.42,3.83,41.0,2014/2015
SP1,2015-05-23,Malaga,Sevilla,2,3,A,16,12,8,6,13,9,6,1,3,2,1,0,3.3,3.75,2.1,3.17,3.98,2.21,3.4,4.0,2.21,3.14,3.73,2.13,41.0,2014/2015
SP1,2015-08-21,Malaga,Sevilla,0,0,D,25,10,5,2,19,11,7,2,3,3,0,1,3.4,3.4,2.15,3.39,3.57,2.25,3.5,3.6,2.3,3.26,3.42,2.2,39.0,2015/2016
SP1,2015-08-22,Atletico Madrid,Las Palmas,1,0,H,14,8,3,1,11,16,4,4,2,0,0,0,1.2,6.5,15.0,1.23,6.78,16.86,1.25,6.78,19.0,1.21,6.09,15.65,41.0,2015/2016
SP1,2015-08-22,Espanol,Getafe,1,0,H,4,14,2,3,19,14,5,6,2,3,0,1,1.91,3.4,4.33,1.93,3.47,4.68,2.0,3.75,4.68,1.9,3.37,4.31,41.0,2015/2016
SP1,2015-08-22,Deportivo La Coruna,Sociedad,0,0,D,15,9,5,2,16,10,5,4,3,2,0,0,2.5,3.2,3.0,2.59,3.23,3.08,2.75,3.4,3.1,2.52,3.14,2.93,41.0,2015/2016
SP1,2015-08-22,Vallecano,Valencia,0,0,D,8,10,3,4,19,11,3,3,3,1,0,0,3.6,3.5,2.05,3.72,3.77,2.06,4.0,3.77,2.15,3.57,3.55,2.02,41.0,2015/2016
SP1,2015-08-23,Real Betis,Villarreal,1,1,D,22,8,6,4,11,26,7,5,3,1,0,1,2.8,3.25,2.6,2.93,3.34,2.63,3.0,3.35,2.7,2.81,3.22,2.55,37.0,2015/2016
SP1,2015-08-23,Athletic Bilbao,Barcelona,0,1,A,8,10,2,4,16,11,2,4,3,3,0,0,6.5,4.33,1.5,7.06,4.53,1.52,7.4,4.8,1.57,6.6,4.33,1.49,41.0,2015/2016
SP1,2015-08-23,Sp Gijon,Real Madrid,0,0,D,6,27,0,8,20,4,2,5,4,0,0,0,13.0,6.5,1.22,12.98,6.6,1.26,15.0,7.0,1.26,12.72,6.11,1.23,41.0,2015/2016
SP1,2015-08-23,Levante,Celta,1,2,A,11,15,2,6,12,17,4,6,1,3,1,0,3.6,3.3,2.15,3.84,3.4,2.15,3.84,3.5,2.3,3.58,3.26,2.13,41.0,2015/2016
SP1,2015-08-24,Granada,Eibar,1,3,A,12,10,6,4,5,23,6,5,1,6,1,0,1.91,3.3,4.5,1.9,3.34,5.15,2.0,3.5,5.15,1.88,3.23,4.64,39.0,2015/2016
SP1,2015-08-28,Villarreal,Espanol,3,1,H,14,4,4,2,10,20,2,3,1,6,0,0,1.57,3.8,6.5,1.6,4.09,6.69,1.63,4.1,7.5,1.56,3.84,6.5,36.0,2015/2016
SP1,2015-08-29,Barcelona,Malaga,1,0,H,22,4,13,1,4,21,15,2,0,3,0,0,1.1,10.0,26.0,1.14,10.0,24.1,1.15,10.0,51.0,1.11,8.96,24.11,36.0,2015/2016
SP1,2015-08-29,Celta,Vallecano,3,0,H,11,3,7,0,7,11,5,4,2,2,0,1,1.53,4.33,6.0,1.57,4.41,6.29,1.65,4.5,6.5,1.54,4.14,5.91,37.0,2015/2016
SP1,2015-08-29,Real Madrid,Real Betis,5,0,H,21,7,11,1,12,14,11,4,3,3,0,0,1.1,10.0,26.0,1.13,11.4,23.0,1.14,11.4,29.67,1.11,9.34,21.71,35.0,2015/2016
SP1,2015-08-29,Sociedad,Sp Gijon,0,0,D,12,7,1,2,10,15,6,4,4,5,0,0,1.85,3.5,4.5,1.88,3.47,4.99,1.91,3.6,4.99,1.86,3.35,4.53,37.0,2015/2016
SP1,2015-08-30,Las Palmas,Levante,0,0,D,16,3,2,2,14,21,3,0,2,4,0,0,1.91,3.3,4.5,1.92,3.47,4.75,2.0,3.47,4.75,1.9,3.26,4.35,36.0,2015/2016
SP1,2015-08-30,Sevilla,Atletico Madrid,0,3,A,25,17,7,7,17,13,11,1,3,4,0,0,2.8,3.2,2.63,2.84,3.3,2.75,2.88,3.3,2.75,2.74,3.17,2.63,37.0,2015/2016
SP1,2015-08-30,Eibar,Athletic Bilbao,2,0,H,9,9,8,1,14,13,11,4,2,2,0,0,4.0,3.1,2.1,4.04,3.27,2.15,4.05,3.3,2.16,3.79,3.14,2.1,37.0,2015/2016
SP1,2015-08-30,Getafe,Granada,1,2,A,16,9,4,4,16,15,6,6,5,3,0,0,2.05,3.2,4.0,2.1,3.3,4.14,2.1,3.3,4.3,2.04,3.18,3.87,36.0,2015/2016
SP1,2015-08-30,Valencia,Deportivo La Coruna,1,1,D,12,12,5,3,13,15,5,7,2,1,1,0,1.44,4.33,8.0,1.4,4.86,10.04,1.5,4.86,10.04,1.41,4.42,8.02,37.0,2015/2016
SP1,2015-09-11,Levante,Sevilla,1,1,D,14,8,4,3,12,8,5,4,3,3,0,0,4.75,3.75,1.75,4.83,3.82,1.81,5.0,3.87,1.85,4.66,3.63,1.78,37.0,2015/2016
SP1,2015-09-12,Atletico Madrid,Barcelona,1,2,A,11,13,3,5,17,5,1,10,3,1,0,0,3.3,3.2,2.3,3.41,3.4,2.31,3.42,3.5,2.32,3.27,3.28,2.26,36.0,2015/2016
SP1,2015-09-12,Real Betis,Sociedad,1,0,H,9,15,2,3,12,9,2,4,4,3,1,0,2.3,3.3,3.2,2.39,3.36,3.28,2.4,3.39,3.28,2.35,3.26,3.09,35.0,2015/2016
SP1,2015-09-12,Espanol,Real Madrid,0,6,A,14,15,3,8,19,10,5,6,2,2,0,0,10.0,5.0,1.33,9.75,5.51,1.36,11.0,6.0,1.4,9.45,5.23,1.32,36.0,2015/2016
SP1,2015-09-12,Sp Gijon,Valencia,0,1,A,16,17,8,3,16,11,5,6,3,3,0,0,3.4,3.2,2.25,3.39,3.42,2.31,3.45,3.42,2.4,3.29,3.24,2.26,36.0,2015/2016
SP1,2015-09-13,Athletic Bilbao,Getafe,3,1,H,14,11,6,3,12,15,12,5,1,4,0,0,1.57,3.75,7.0,1.59,4.03,7.05,1.65,4.03,7.05,1.57,3.81,6.43,37.0,2015/2016
SP1,2015-09-13,Celta,Las Palmas,3,3,D,26,9,12,5,19,14,7,2,0,3,0,1,1.5,4.2,7.0,1.52,4.48,7.3,1.55,4.52,7.5,1.49,4.19,6.8,35.0,2015/2016
SP1,2015-09-13,Granada,Villarreal,1,3,A,13,8,2,5,16,21,8,6,2,4,0,0,3.5,3.1,2.25,3.63,3.36,2.24,3.63,3.36,2.38,3.39,3.2,2.24,37.0,2015/2016
SP1,2015-09-13,Malaga,Eibar,0,0,D,10,7,4,0,11,13,7,3,2,4,0,0,1.75,3.5,5.25,1.81,3.65,5.2,1.81,3.7,5.5,1.76,3.52,4.94,37.0,2015/2016
SP1,2015-09-14,Vallecano,Deportivo La Coruna,1,3,A,8,14,2,8,12,10,5,4,2,2,1,0,2.1,3.5,3.5,2.2,3.61,3.46,2.2,3.64,3.55,2.12,3.46,3.38,35.0,2015/2016
SP1,2015-09-18,Getafe,Malaga,1,0,H,10,13,4,3,18,11,4,7,5,2,0,0,2.6,3.1,2.9,2.71,3.15,3.0,2.71,3.2,3.12,2.6,3.06,2.94,40.0,2015/2016
SP1,2015-09-19,Real Madrid,Granada,1,0,H,20,12,10,3,9,15,10,1,1,3,0,0,1.06,15.0,26.0,1.08,16.0,31.5,1.08,17.0,41.0,1.06,13.7,30.41,39.0,2015/2016
SP1,2015-09-19,Eibar,Atletico Madrid,0,2,A,9,14,3,6,13,7,1,4,2,1,0,0,7.0,3.75,1.57,7.15,3.95,1.6,7.5,3.95,1.65,6.94,3.71,1.56,39.0,2015/2016
SP1,2015-09-19,Valencia,Real Betis,0,0,D,22,3,5,1,17,15,7,1,4,2,0,1,1.5,4.33,6.5,1.52,4.59,7.02,1.53,4.74,7.02,1.49,4.27,6.67,37.0,2015/2016
SP1,2015-09-19,Sociedad,Espanol,2,3,A,10,18,3,6,15,16,7,6,2,3,1,0,2.0,3.4,4.0,2.0,3.46,4.35,2.01,3.5,4.4,1.96,3.37,4.04,39.0,2015/2016
SP1,2015-09-20,Barcelona,Levante,4,1,H,21,11,8,4,8,16,4,4,0,1,0,0,1.06,12.0,29.0,1.08,16.5,30.0,1.08,17.41,61.0,1.06,13.76,32.5,39.0,2015/2016
SP1,2015-09-20,Deportivo La Coruna,Sp Gijon,2,3,A,19,4,9,4,11,16,8,3,3,3,0,0,2.05,3.1,4.2,2.05,3.39,4.21,2.05,3.5,4.23,2.01,3.27,3.97,39.0,2015/2016
SP1,2015-09-20,Las Palmas,Vallecano,0,1,A,8,17,2,6,13,19,3,5,3,5,0,0,1.91,3.5,4.0,1.9,3.9,4.19,2.0,3.93,4.33,1.89,3.64,3.99,39.0,2015/2016
SP1,2015-09-20,Sevilla,Celta,1,2,A,13,15,5,5,16,16,5,5,3,5,0,1,1.8,3.75,4.33,1.85,3.88,4.47,1.88,3.9,4.55,1.81,3.69,4.28,38.0,2015/2016
SP1,2015-09-20,Villarreal,Athletic Bilbao,3,1,H,14,11,7,2,17,6,9,4,4,4,0,0,2.0,3.5,3.75,2.03,3.43,4.22,2.07,3.5,4.25,1.99,3.34,3.97,39.0,2015/2016
SP1,2015-09-22,Atletico Madrid,Getafe,2,0,H,12,6,3,2,14,10,6,1,3,2,0,0,1.25,5.5,15.0,1.27,5.64,17.44,1.29,6.0,17.44,1.26,5.38,14.18,39.0,2015/2016
SP1,2015-09-22,Espanol,Valencia,1,0,H,17,10,5,4,22,14,7,6,5,7,0,0,3.25,3.25,2.3,3.33,3.43,2.34,3.4,3.43,2.4,3.21,3.26,2.29,39.0,2015/2016
SP1,2015-09-22,Granada,Sociedad,0,3,A,11,8,1,5,20,18,4,3,5,4,0,0,2.4,3.1,3.2,2.47,3.25,3.25,2.51,3.25,3.25,2.44,3.11,3.1,39.0,2015/2016
SP1,2015-09-23,Celta,Barcelona,4,1,H,18,18,5,7,19,4,5,10,2,2,0,0,6.5,4.5,1.5,6.44,4.85,1.52,6.5,4.85,1.55,5.96,4.42,1.51,40.0,2015/2016
SP1,2015-09-23,Athletic Bilbao,Real Madrid,1,2,A,11,22,5,6,17,10,6,8,4,3,0,0,5.25,4.2,1.62,5.49,4.31,1.65,6.0,4.33,1.67,5.29,4.06,1.62,40.0,2015/2016
SP1,2015-09-23,Las Palmas,Sevilla,2,0,H,12,17,4,3,9,13,5,5,3,4,0,0,3.3,3.4,2.2,3.45,3.58,2.22,3.5,3.6,2.3,3.27,3.41,2.19,40.0,2015/2016
SP1,2015-09-23,Levante,Eibar,2,2,D,12,10,2,4,13,23,4,7,2,5,0,0,2.38,3.1,3.25,2.4,3.18,3.46,2.5,3.2,3.5,2.4,3.06,3.2,40.0,2015/2016
SP1,2015-09-23,Vallecano,Sp Gijon,2,1,H,18,5,6,2,14,17,4,4,2,1,0,1,2.25,3.4,3.2,2.24,3.5,3.47,2.25,3.6,3.47,2.19,3.38,3.28,40.0,2015/2016
SP1,2015-09-23,Malaga,Villarreal,0,1,A,15,9,4,3,18,14,8,5,2,3,0,0,2.63,3.3,2.75,2.85,3.33,2.72,2.86,3.4,2.75,2.73,3.17,2.66,40.0,2015/2016
SP1,2015-09-24,Real Betis,Deportivo La Coruna,1,2,A,9,8,2,3,11,22,3,4,3,5,0,0,2.25,3.3,3.3,2.24,3.41,3.57,2.28,3.41,3.6,2.19,3.27,3.41,38.0,2015/2016
SP1,2015-09-25,Valencia,Granada,1,0,H,12,18,5,3,19,20,11,3,3,3,0,0,1.45,4.5,7.5,1.47,4.61,8.23,1.5,4.63,8.37,1.45,4.36,7.64,42.0,2015/2016
SP1,2015-09-26,Barcelona,Las Palmas,2,1,H,18,10,6,6,12,23,3,4,2,4,0,0,1.08,11.0,26.0,1.11,12.8,26.0,1.11,13.0,37.07,1.09,10.79,24.93,41.0,2015/2016
SP1,2015-09-26,Eibar,Celta,1,1,D,10,9,3,2,25,16,4,4,5,4,0,0,3.75,3.4,2.05,3.98,3.46,2.08,4.0,3.47,2.1,3.76,3.34,2.05,40.0,2015/2016
SP1,2015-09-26,Real Madrid,Malaga,0,0,D,31,12,9,3,11,10,12,6,4,4,0,1,1.11,10.0,21.0,1.15,9.55,23.0,1.15,12.5,26.0,1.13,8.59,19.64,41.0,2015/2016
SP1,2015-09-26,Sevilla,Vallecano,3,2,H,17,18,8,5,9,18,6,5,1,2,0,1,1.44,4.75,7.0,1.49,4.76,7.33,1.57,4.85,7.36,1.48,4.44,6.58,41.0,2015/2016
SP1,2015-09-26,Villarreal,Atletico Madrid,1,0,H,5,9,2,4,11,15,1,5,2,2,0,0,2.9,3.1,2.6,2.96,3.27,2.65,3.03,3.27,2.75,2.86,3.08,2.62,41.0,2015/2016
SP1,2015-09-27,Getafe,Levante,3,0,H,15,10,8,3,11,10,4,4,2,3,0,0,1.95,3.3,4.2,1.94,3.39,4.75,2.05,3.4,4.75,1.94,3.27,4.25,41.0,2015/2016
SP1,2015-09-27,Deportivo La Coruna,Espanol,3,0,H,14,7,5,3,11,11,7,5,4,3,0,1,2.1,3.3,3.75,2.08,3.44,4.02,2.15,3.44,4.02,2.08,3.31,3.71,41.0,2015/2016
SP1,2015-09-27,Sociedad,Athletic Bilbao,0,0,D,14,9,4,2,15,19,4,2,3,4,0,0,2.4,3.2,3.0,2.54,3.31,3.08,2.6,3.33,3.1,2.48,3.18,2.95,41.0,2015/2016
SP1,2015-09-27,Sp Gijon,Real Betis,1,2,A,19,13,10,5,11,9,10,4,1,1,0,0,2.3,3.2,3.3,2.36,3.33,3.38,2.38,3.4,3.41,2.28,3.22,3.25,39.0,2015/2016
SP1,2015-10-02,Celta,Getafe,0,0,D,18,8,7,2,11,18,9,1,1,5,0,0,1.44,4.5,7.5,1.48,4.56,7.9,1.55,4.56,7.9,1.48,4.32,6.84,42.0,2015/2016
SP1,2015-10-03,Espanol,Sp Gijon,1,2,A,13,12,9,2,17,16,9,1,3,3,0,0,2.0,3.3,4.0,1.97,3.56,4.33,2.05,3.58,4.3,1.98,3.33,3.98,42.0,2015/2016
SP1,2015-10-03,Granada,Deportivo La Coruna,1,1,D,10,14,3,3,13,21,2,5,1,3,0,0,2.6,3.2,2.8,2.7,3.27,2.9,2.72,3.27,3.0,2.6,3.13,2.85,42.0,2015/2016
SP1,2015-10-03,Las Palmas,Eibar,0,2,A,18,9,4,4,5,16,3,2,2,2,0,0,2.1,3.3,3.75,2.1,3.36,4.06,2.2,3.4,4.1,2.08,3.23,3.79,43.0,2015/2016
SP1,2015-10-03,Malaga,Sociedad,3,1,H,11,13,7,5,15,16,2,4,3,2,1,0,2.38,3.1,3.3,2.4,3.23,3.41,2.43,3.3,3.41,2.37,3.12,3.2,43.0,2015/2016
SP1,2015-10-03,Sevilla,Barcelona,2,1,H,12,28,5,9,16,16,7,9,5,3,0,0,4.0,3.6,1.91,4.23,3.9,1.89,4.33,3.94,2.0,3.96,3.68,1.88,43.0,2015/2016
SP1,2015-10-04,Athletic Bilbao,Valencia,3,1,H,16,9,7,4,12,9,11,4,0,4,0,0,2.3,3.3,3.2,2.39,3.37,3.29,2.41,3.4,3.3,2.35,3.23,3.11,43.0,2015/2016
SP1,2015-10-04,Atletico Madrid,Real Madrid,1,1,D,18,9,4,2,19,12,5,1,6,4,0,0,3.2,3.3,2.3,3.23,3.4,2.4,3.3,3.4,2.5,3.06,3.25,2.38,43.0,2015/2016
SP1,2015-10-04,Levante,Villarreal,1,0,H,15,3,5,2,15,17,8,2,4,3,0,1,4.33,3.4,1.91,4.53,3.46,1.96,4.57,3.6,1.96,4.24,3.38,1.91,41.0,2015/2016
SP1,2015-10-04,Vallecano,Real Betis,0,2,A,23,9,9,6,13,14,8,3,4,2,0,0,2.2,3.5,3.2,2.16,3.8,3.42,2.25,3.81,3.42,2.14,3.55,3.26,42.0,2015/2016
SP1,2015-10-17,Eibar,Sevilla,1,1,D,14,15,4,5,16,9,2,5,3,3,0,0,3.6,3.4,2.1,3.76,3.54,2.12,3.76,3.57,2.2,3.46,3.36,2.14,44.0,2015/2016
SP1,2015-10-17,Barcelona,Vallecano,5,2,H,14,22,9,8,8,15,7,10,1,2,0,0,1.14,9.0,15.0,1.15,9.84,18.9,1.18,9.91,19.35,1.15,8.42,16.07,44.0,2015/2016
SP1,2015-10-17,Real Madrid,Levante,3,0,H,20,15,6,5,8,10,4,4,1,4,0,0,1.08,12.0,23.0,1.1,13.0,32.0,1.11,13.36,34.0,1.09,10.88,25.79,44.0,2015/2016
SP1,2015-10-17,Valencia,Malaga,3,0,H,6,10,3,3,18,21,6,8,3,3,0,0,1.62,3.75,6.0,1.65,4.09,5.91,1.67,4.16,6.25,1.62,3.84,5.73,44.0,2015/2016
SP1,2015-10-17,Real Betis,Espanol,1,3,A,21,13,6,4,18,21,4,3,2,4,0,0,2.0,3.3,4.0,2.06,3.49,4.05,2.1,3.5,4.07,2.03,3.33,3.82,44.0,2015/2016
SP1,2015-10-18,Getafe,Las Palmas,4,0,H,14,16,7,3,18,15,5,1,2,1,0,1,2.15,3.2,3.6,2.18,3.31,3.86,2.2,3.4,3.87,2.14,3.18,3.65,44.0,2015/2016
SP1,2015-10-18,Deportivo La Coruna,Athletic Bilbao,2,2,D,16,7,3,2,8,18,4,6,2,2,0,0,2.7,3.1,2.8,2.74,3.26,2.87,2.75,3.3,2.9,2.67,3.09,2.8,44.0,2015/2016
SP1,2015-10-18,Sociedad,Atletico Madrid,0,2,A,11,7,1,3,14,11,5,2,4,5,2,0,4.0,3.2,2.05,4.37,3.27,2.06,4.44,3.33,2.1,4.03,3.18,2.04,44.0,2015/2016
SP1,2015-10-18,Villarreal,Celta,1,2,A,12,13,3,2,10,12,7,4,1,3,1,0,2.0,3.5,3.75,2.01,3.67,4.0,2.1,3.7,4.0,2.01,3.48,3.7,43.0,2015/2016
SP1,2015-10-19,Sp Gijon,Granada,3,3,D,16,14,6,7,10,13,6,1,3,4,0,2,2.0,3.2,4.2,2.05,3.39,4.23,2.1,3.4,4.33,2.02,3.26,3.98,42.0,2015/2016
SP1,2015-10-23,Vallecano,Espanol,3,0,H,13,9,7,3,15,11,6,5,2,1,1,1,2.2,3.4,3.2,2.2,3.61,3.46,2.3,3.62,3.5,2.19,3.45,3.28,42.0,2015/2016
SP1,2015-10-24,Celta,Real Madrid,1,3,A,17,14,7,8,17,16,5,7,4,1,1,0,3.8,3.8,1.91,4.02,4.04,1.91,4.12,4.08,1.95,3.82,3.79,1.89,42.0,2015/2016
SP1,2015-10-24,Granada,Real Betis,1,1,D,17,7,7,2,8,11,3,3,3,3,0,0,2.3,3.25,3.25,2.34,3.4,3.35,2.41,3.42,3.35,2.32,3.26,3.16,42.0,2015/2016
SP1,2015-10-24,Malaga,Deportivo La Coruna,2,0,H,9,10,4,1,11,10,3,5,0,1,0,0,2.25,3.25,3.4,2.36,3.36,3.36,2.4,3.4,3.48,2.29,3.24,3.24,42.0,2015/2016
SP1,2015-10-24,Sevilla,Getafe,5,0,H,22,6,13,0,18,15,7,3,1,1,0,1,1.44,4.33,8.0,1.5,4.61,7.39,1.51,4.65,8.0,1.47,4.31,7.14,42.0,2015/2016
SP1,2015-10-25,Atletico Madrid,Valencia,2,1,H,16,6,8,1,26,10,9,2,4,4,0,0,1.57,3.8,6.5,1.58,4.05,7.06,1.65,4.08,7.07,1.57,3.81,6.5,42.0,2015/2016
SP1,2015-10-25,Barcelona,Eibar,3,1,H,14,7,5,5,14,18,6,2,3,5,1,0,1.11,10.0,19.0,1.13,11.0,23.0,1.14,11.54,31.0,1.11,9.33,21.88,41.0,2015/2016
SP1,2015-10-25,Las Palmas,Villarreal,0,0,D,6,5,2,0,12,14,6,6,1,2,0,0,3.5,3.25,2.2,3.72,3.42,2.18,3.77,3.42,2.2,3.51,3.27,2.15,42.0,2015/2016
SP1,2015-10-25,Levante,Sociedad,0,4,A,13,13,3,6,24,15,10,3,4,3,1,0,2.63,3.2,2.8,2.78,3.1,2.97,2.78,3.2,3.0,2.68,3.04,2.83,42.0,2015/2016
SP1,2015-10-26,Athletic Bilbao,Sp Gijon,3,0,H,20,6,6,0,8,15,9,3,1,3,0,0,1.53,4.0,7.0,1.55,4.31,6.95,1.6,4.33,7.0,1.53,3.97,6.58,40.0,2015/2016
SP1,2015-10-30,Deportivo La Coruna,Atletico Madrid,1,1,D,7,12,3,3,4,9,1,5,2,0,0,0,5.5,3.4,1.7,5.54,3.62,1.78,6.0,3.7,1.8,5.23,3.46,1.75,47.0,2015/2016
SP1,2015-10-31,Getafe,Barcelona,0,2,A,6,14,0,6,10,3,3,5,3,0,0,0,10.0,5.75,1.29,11.4,6.08,1.3,12.0,6.12,1.33,9.9,5.52,1.3,48.0,2015/2016
SP1,2015-10-31,Villarreal,Sevilla,2,1,H,11,6,5,3,17,14,7,5,5,3,0,0,2.25,3.4,3.25,2.24,3.53,3.44,2.27,3.52,3.46,2.21,3.35,3.28,48.0,2015/2016
SP1,2015-10-31,Real Madrid,Las Palmas,3,1,H,17,8,11,5,12,9,6,3,0,3,0,0,1.09,11.0,23.0,1.11,13.0,26.0,1.12,13.09,35.22,1.1,10.21,24.33,47.0,2015/2016
SP1,2015-10-31,Valencia,Levante,3,0,H,13,10,6,5,19,21,5,5,2,3,0,0,1.44,4.5,7.5,1.46,4.6,8.39,1.5,4.68,8.5,1.44,4.35,7.67,48.0,2015/2016
SP1,2015-10-31,Sociedad,Celta,2,3,A,20,16,5,8,9,12,8,7,2,5,0,0,2.7,3.2,2.75,2.79,3.31,2.79,2.8,3.31,2.81,2.68,3.21,2.7,47.0,2015/2016
SP1,2015-11-01,Real Betis,Athletic Bilbao,1,3,A,11,23,3,9,9,13,7,9,2,4,0,0,3.25,3.25,2.3,3.32,3.43,2.34,3.4,3.45,2.38,3.15,3.29,2.3,48.0,2015/2016
SP1,2015-11-01,Eibar,Vallecano,1,0,H,12,6,1,2,17,11,2,6,2,3,0,0,2.2,3.4,3.3,2.23,3.48,3.53,2.27,3.54,3.6,2.15,3.36,3.43,48.0,2015/2016
SP1,2015-11-01,Espanol,Granada,1,1,D,10,9,4,5,16,19,5,6,1,6,1,0,2.0,3.3,4.0,2.04,3.45,4.17,2.06,3.5,4.4,1.99,3.34,3.93,48.0,2015/2016
SP1,2015-11-01,Sp Gijon,Malaga,1,0,H,8,13,6,5,11,8,7,5,1,3,0,0,2.38,3.2,3.2,2.44,3.33,3.23,2.5,3.35,3.3,2.37,3.22,3.1,48.0,2015/2016
SP1,2015-11-06,Las Palmas,Sociedad,2,0,H,8,11,4,6,17,14,0,8,1,4,0,0,2.75,3.1,2.75,2.74,3.25,2.88,2.88,3.3,2.89,2.72,3.14,2.76,45.0,2015/2016
SP1,2015-11-07,Celta,Valencia,1,5,A,17,9,3,5,16,27,15,5,1,3,0,0,1.85,3.75,4.2,1.86,3.87,4.46,2.0,3.9,4.46,1.86,3.66,4.14,45.0,2015/2016
SP1,2015-11-07,Eibar,Getafe,3,1,H,16,10,7,4,13,9,5,7,3,1,0,1,2.1,3.25,3.75,2.14,3.27,4.05,2.16,3.3,4.05,2.1,3.15,3.82,45.0,2015/2016
SP1,2015-11-07,Levante,Deportivo La Coruna,1,1,D,15,9,5,5,13,10,9,5,4,2,0,0,2.6,3.1,2.9,2.65,3.29,2.95,2.7,3.29,3.0,2.6,3.12,2.86,45.0,2015/2016
SP1,2015-11-07,Malaga,Real Betis,0,1,A,12,7,5,2,16,12,6,3,2,5,0,0,1.95,3.5,4.0,1.93,3.64,4.43,2.1,3.65,4.5,1.93,3.46,4.05,45.0,2015/2016
SP1,2015-11-07,Vallecano,Granada,2,1,H,7,8,2,2,15,14,4,1,2,3,1,0,1.95,3.5,4.0,1.93,3.79,4.24,1.95,3.79,4.25,1.91,3.54,4.05,45.0,2015/2016
SP1,2015-11-08,Athletic Bilbao,Espanol,2,1,H,8,5,2,1,17,25,4,5,2,6,0,0,1.44,4.5,7.5,1.48,4.62,7.95,1.55,4.7,8.5,1.45,4.4,7.3,45.0,2015/2016
SP1,2015-11-08,Atletico Madrid,Sp Gijon,1,0,H,15,9,3,2,14,15,5,1,4,3,0,0,1.2,6.5,17.0,1.25,6.33,16.0,1.26,6.5,21.0,1.22,5.96,15.26,45.0,2015/2016
SP1,2015-11-08,Barcelona,Villarreal,3,0,H,20,5,9,2,12,19,7,2,5,3,0,0,1.3,5.5,10.0,1.33,5.8,10.34,1.36,6.0,10.5,1.32,5.3,9.36,45.0,2015/2016
SP1,2015-11-08,Sevilla,Real Madrid,3,2,H,14,28,5,10,13,11,4,6,1,1,0,0,3.6,4.0,1.91,3.96,4.04,1.93,4.0,4.06,1.95,3.8,3.8,1.89,45.0,2015/2016
SP1,2015-11-21,Real Madrid,Barcelona,0,4,A,13,18,7,7,13,10,10,4,3,2,1,0,2.5,3.75,2.8,2.47,3.74,2.87,2.6,3.75,2.91,2.44,3.59,2.79,45.0,2015/2016
SP1,2015-11-21,Deportivo La Coruna,Celta,2,0,H,5,6,2,4,16,13,2,10,6,3,0,0,3.3,3.4,2.2,3.35,3.64,2.24,3.4,3.64,2.3,3.23,3.44,2.2,44.0,2015/2016
SP1,2015-11-21,Valencia,Las Palmas,1,1,D,9,18,3,7,22,12,1,8,3,3,0,0,1.44,4.2,7.5,1.53,4.38,7.21,1.55,4.55,7.5,1.5,4.16,6.76,45.0,2015/2016
SP1,2015-11-21,Sociedad,Sevilla,2,0,H,14,12,7,5,6,14,7,5,2,1,0,0,2.63,3.3,2.7,2.67,3.6,2.72,2.77,3.61,2.8,2.61,3.38,2.67,45.0,2015/2016
SP1,2015-11-21,Espanol,Malaga,2,0,H,7,14,3,5,20,16,3,8,3,2,0,0,2.4,3.2,3.1,2.41,3.27,3.34,2.5,3.3,3.35,2.37,3.13,3.18,45.0,2015/2016
SP1,2015-11-22,Real Betis,Atletico Madrid,0,1,A,6,11,3,4,12,8,2,6,1,4,0,0,5.5,3.8,1.67,6.29,3.92,1.65,7.0,4.0,1.7,5.72,3.76,1.63,44.0,2015/2016
SP1,2015-11-22,Granada,Athletic Bilbao,2,0,H,8,11,1,6,21,15,2,7,6,3,0,0,3.75,3.3,2.1,4.03,3.41,2.09,4.05,3.6,2.15,3.69,3.31,2.07,44.0,2015/2016
SP1,2015-11-22,Sp Gijon,Levante,0,3,A,13,13,2,6,15,15,5,3,4,5,0,0,2.2,3.2,3.5,2.17,3.39,3.78,2.32,3.41,3.78,2.16,3.23,3.54,44.0,2015/2016
SP1,2015-11-22,Villarreal,Eibar,1,1,D,12,17,5,7,8,13,12,6,3,2,0,1,1.53,4.0,7.0,1.54,4.26,7.41,1.57,4.3,7.5,1.52,4.01,6.78,44.0,2015/2016
SP1,2015-11-23,Getafe,Vallecano,1,1,D,15,8,8,4,20,15,5,7,5,4,0,0,2.4,3.3,3.0,2.52,3.45,2.99,2.55,3.5,3.05,2.43,3.29,2.93,43.0,2015/2016
SP1,2015-11-27,Levante,Real Betis,0,1,A,14,11,1,5,12,15,7,4,6,4,1,1,2.05,3.4,3.75,2.07,3.47,4.02,2.2,3.56,4.1,2.08,3.32,3.7,51.0,2015/2016
SP1,2015-11-28,Barcelona,Sociedad,4,0,H,11,10,6,2,11,14,6,4,0,5,0,0,1.07,13.0,23.0,1.09,15.34,27.61,1.1,15.34,35.22,1.07,12.0,27.81,51.0,2015/2016
SP1,2015-11-28,Las Palmas,Deportivo La Coruna,0,2,A,8,10,5,5,14,13,6,4,4,3,0,0,2.3,3.3,3.2,2.37,3.33,3.36,2.45,3.36,3.38,2.34,3.2,3.18,51.0,2015/2016
SP1,2015-11-28,Atletico Madrid,Espanol,1,0,H,21,5,6,0,16,26,6,2,0,4,0,0,1.22,6.0,15.0,1.28,5.94,13.84,1.29,6.0,16.0,1.25,5.53,13.67,51.0,2015/2016
SP1,2015-11-28,Malaga,Granada,2,2,D,12,11,7,4,15,20,7,4,2,6,1,0,1.83,3.4,4.75,1.83,3.59,5.13,1.9,3.62,5.25,1.81,3.43,4.79,51.0,2015/2016
SP1,2015-11-28,Celta,Sp Gijon,2,1,H,6,9,4,2,14,9,3,5,3,0,0,0,1.4,5.0,7.5,1.42,5.16,8.06,1.45,5.2,8.5,1.4,4.82,7.66,51.0,2015/2016
SP1,2015-11-29,Eibar,Real Madrid,0,2,A,8,17,3,6,20,7,6,5,3,4,0,0,7.5,5.0,1.4,6.97,5.19,1.46,8.0,5.25,1.47,7.01,4.72,1.43,50.0,2015/2016
SP1,2015-11-29,Getafe,Villarreal,2,0,H,11,7,5,0,11,15,6,6,4,2,0,0,3.0,3.3,2.4,3.25,3.28,2.46,3.35,3.31,2.47,3.11,3.19,2.37,50.0,2015/2016
SP1,2015-11-29,Sevilla,Valencia,1,0,H,15,0,5,0,26,20,17,0,3,2,0,2,1.75,4.0,4.33,1.78,4.08,4.71,1.85,4.08,4.73,1.77,3.86,4.34,50.0,2015/2016
SP1,2015-11-29,Vallecano,Athletic Bilbao,0,3,A,15,10,3,4,16,14,6,2,4,0,0,1,3.1,3.4,2.3,3.21,3.57,2.33,3.22,3.57,2.4,3.07,3.39,2.3,49.0,2015/2016
SP1,2015-12-05,Real Betis,Celta,1,1,D,27,5,6,1,9,16,8,0,5,5,0,1,3.3,3.5,2.15,3.43,3.72,2.18,3.5,3.72,2.25,3.33,3.5,2.14,50.0,2015/2016
SP1,2015-12-05,Granada,Atletico Madrid,0,2,A,18,11,3,4,7,8,6,8,2,1,0,0,7.0,3.75,1.57,7.66,3.83,1.59,7.66,3.9,1.62,6.96,3.68,1.57,50.0,2015/2016
SP1,2015-12-05,Deportivo La Coruna,Sevilla,1,1,D,8,8,4,2,10,9,6,2,2,3,0,0,3.0,3.3,2.4,3.06,3.64,2.39,3.06,3.64,2.5,2.94,3.44,2.36,49.0,2015/2016
SP1,2015-12-05,Real Madrid,Getafe,4,1,H,16,7,8,3,9,12,3,4,1,0,0,0,1.1,11.0,21.0,1.13,11.03,23.94,1.13,11.17,28.0,1.11,9.63,21.79,49.0,2015/2016
SP1,2015-12-05,Valencia,Barcelona,1,1,D,10,16,3,5,13,15,0,6,3,1,0,0,9.0,6.0,1.3,10.05,5.95,1.33,10.05,6.05,1.33,9.26,5.57,1.31,50.0,2015/2016
SP1,2015-12-06,Sociedad,Eibar,2,1,H,10,5,7,1,12,16,4,3,3,3,0,0,1.85,3.5,4.5,1.87,3.68,4.7,1.91,3.68,4.75,1.86,3.47,4.39,49.0,2015/2016
SP1,2015-12-06,Athletic Bilbao,Malaga,0,0,D,11,7,2,2,7,21,6,1,2,3,1,0,1.45,4.33,7.5,1.49,4.58,7.76,1.51,4.58,7.76,1.48,4.23,7.04,49.0,2015/2016
SP1,2015-12-06,Villarreal,Vallecano,2,1,H,14,8,5,4,16,14,5,4,1,4,0,0,1.57,3.8,6.5,1.58,4.23,6.55,1.6,4.23,6.58,1.57,3.99,6.04,49.0,2015/2016
SP1,2015-12-06,Sp Gijon,Las Palmas,3,1,H,21,12,9,7,9,10,8,4,2,1,0,1,2.3,3.3,3.25,2.35,3.4,3.33,2.38,3.4,3.4,2.28,3.26,3.22,48.0,2015/2016
SP1,2015-12-07,Espanol,Levante,1,1,D,9,12,1,5,13,14,2,6,4,5,0,0,2.0,3.5,3.8,2.03,3.42,4.27,2.1,3.5,4.27,2.0,3.29,3.95,48.0,2015/2016
SP1,2015-12-11,Getafe,Sociedad,1,1,D,9,10,5,6,15,12,5,5,3,3,0,0,2.88,3.2,2.6,2.81,3.28,2.78,2.88,3.28,2.88,2.73,3.15,2.72,49.0,2015/2016
SP1,2015-12-12,Barcelona,Deportivo La Coruna,2,2,D,17,13,7,4,4,11,6,2,0,2,0,0,1.07,13.0,26.0,1.08,15.5,33.0,1.1,16.0,34.0,1.07,12.18,26.87,49.0,2015/2016
SP1,2015-12-12,Celta,Espanol,1,0,H,16,6,3,2,13,23,4,9,3,2,1,0,1.53,4.33,6.0,1.53,4.55,6.72,1.57,4.55,6.72,1.52,4.29,6.13,48.0,2015/2016
SP1,2015-12-12,Las Palmas,Real Betis,1,0,H,16,8,4,2,10,9,2,2,3,0,0,0,2.15,3.3,3.5,2.12,3.59,3.7,2.16,3.59,3.8,2.1,3.37,3.55,48.0,2015/2016
SP1,2015-12-12,Levante,Granada,1,2,A,7,8,5,3,25,27,2,1,2,2,0,0,2.1,3.1,4.0,2.13,3.3,4.04,2.13,3.34,4.33,2.07,3.17,3.89,48.0,2015/2016
SP1,2015-12-12,Sevilla,Sp Gijon,2,0,H,18,4,7,1,13,10,3,1,3,2,0,1,1.36,5.0,8.5,1.35,5.61,9.87,1.37,5.61,10.04,1.34,5.16,8.87,44.0,2015/2016
SP1,2015-12-13,Atletico Madrid,Athletic Bilbao,2,1,H,8,10,4,5,13,10,3,6,1,1,0,0,1.57,3.75,7.0,1.6,4.01,6.85,1.65,4.01,7.0,1.58,3.76,6.39,48.0,2015/2016
SP1,2015-12-13,Eibar,Valencia,1,1,D,14,6,5,1,20,14,9,2,4,4,1,1,2.45,3.2,3.0,2.57,3.34,3.01,2.62,3.4,3.1,2.52,3.21,2.88,48.0,2015/2016
SP1,2015-12-13,Vallecano,Malaga,1,2,A,13,15,3,5,13,17,6,7,1,2,0,0,2.3,3.25,3.25,2.35,3.45,3.28,2.4,3.45,3.3,2.29,3.3,3.16,48.0,2015/2016
SP1,2015-12-13,Villarreal,Real Madrid,1,0,H,7,20,3,1,11,9,3,9,2,2,0,0,5.0,4.2,1.65,5.0,4.29,1.7,5.0,4.33,1.71,4.77,4.07,1.67,48.0,2015/2016
SP1,2015-12-19,Real Betis,Sevilla,0,0,D,12,8,0,2,23,19,8,8,7,5,0,0,3.75,3.5,2.0,4.06,3.79,1.96,4.06,3.8,2.1,3.76,3.61,1.95,49.0,2015/2016
SP1,2015-12-19,Espanol,Las Palmas,1,0,H,12,9,2,4,29,21,7,5,4,4,0,0,2.05,3.4,3.75,2.08,3.49,3.95,2.1,3.49,4.15,2.04,3.33,3.8,48.0,2015/2016
SP1,2015-12-19,Deportivo La Coruna,Eibar,2,0,H,13,13,3,1,10,11,9,8,0,2,1,0,2.0,3.3,4.0,2.02,3.53,4.13,2.06,3.64,4.2,2.01,3.31,3.93,48.0,2015/2016
SP1,2015-12-19,Valencia,Getafe,2,2,D,12,9,7,3,13,20,5,1,2,6,0,0,1.67,3.75,5.5,1.69,3.87,5.81,1.73,3.87,5.94,1.67,3.69,5.49,48.0,2015/2016
SP1,2015-12-20,Athletic Bilbao,Levante,2,0,H,18,6,7,1,15,17,10,3,0,5,0,0,1.4,4.5,9.0,1.42,4.62,10.01,1.45,4.65,10.11,1.39,4.42,9.13,47.0,2015/2016
SP1,2015-12-20,Granada,Celta,0,2,A,11,10,1,4,17,11,9,3,4,2,0,0,3.2,3.3,2.3,3.37,3.37,2.34,3.44,3.5,2.34,3.21,3.29,2.27,49.0,2015/2016
SP1,2015-12-20,Malaga,Atletico Madrid,1,0,H,17,6,4,3,9,13,4,1,3,4,0,1,5.25,3.5,1.75,5.15,3.56,1.83,5.5,3.56,1.83,5.11,3.4,1.77,47.0,2015/2016
SP1,2015-12-20,Real Madrid,Vallecano,10,2,H,30,9,15,4,12,12,10,4,1,2,0,2,1.1,11.0,21.0,1.1,14.99,23.11,1.11,15.09,26.0,1.09,11.37,21.2,48.0,2015/2016
SP1,2015-12-20,Sociedad,Villarreal,0,2,A,16,7,2,5,12,21,9,1,2,1,0,0,2.4,3.2,3.1,2.46,3.3,3.22,2.6,3.31,3.29,2.42,3.16,3.07,48.0,2015/2016
SP1,2015-12-30,Getafe,Deportivo La Coruna,0,0,D,15,10,5,3,9,8,9,2,3,1,0,0,2.5,3.2,2.88,2.65,3.22,3.02,2.65,3.25,3.05,2.54,3.13,2.92,50.0,2015/2016
SP1,2015-12-30,Celta,Athletic Bilbao,0,1,A,7,13,3,5,11,11,3,3,3,4,0,0,2.38,3.3,2.9,2.56,3.47,2.93,2.61,3.5,2.95,2.48,3.31,2.85,49.0,2015/2016
SP1,2015-12-30,Eibar,Sp Gijon,2,0,H,16,6,5,0,16,17,5,7,3,3,0,0,1.85,3.5,4.2,1.88,3.56,4.81,1.92,3.6,4.87,1.85,3.42,4.45,43.0,2015/2016
SP1,2015-12-30,Sevilla,Espanol,2,0,H,15,12,10,1,15,16,6,6,3,3,0,0,1.4,4.75,7.0,1.44,4.95,8.05,1.45,5.0,8.05,1.41,4.71,7.48,49.0,2015/2016
SP1,2015-12-30,Barcelona,Real Betis,4,0,H,16,11,7,4,16,20,2,3,1,3,0,0,1.06,13.0,26.0,1.07,18.8,33.5,1.1,18.8,56.0,1.05,14.6,33.42,50.0,2015/2016
SP1,2015-12-30,Levante,Malaga,0,1,A,7,9,1,5,20,12,6,5,7,5,0,0,2.75,3.0,2.75,2.74,3.23,2.89,2.79,3.23,2.93,2.69,3.07,2.79,50.0,2015/2016
SP1,2015-12-30,Real Madrid,Sociedad,3,1,H,23,13,13,2,12,9,13,2,1,4,0,0,1.1,10.0,19.0,1.13,11.1,22.0,1.13,11.55,25.0,1.11,9.67,19.96,50.0,2015/2016
SP1,2015-12-30,Vallecano,Atletico Madrid,0,2,A,10,17,3,6,12,15,3,8,3,3,0,0,6.5,3.8,1.53,6.85,4.21,1.57,7.0,4.23,1.6,6.3,3.98,1.55,50.0,2015/2016
SP1,2015-12-30,Las Palmas,Granada,4,1,H,7,11,4,4,5,21,4,4,2,5,0,1,2.0,3.3,3.75,2.08,3.37,4.13,2.15,3.4,4.16,2.06,3.28,3.77,50.0,2015/2016
SP1,2015-12-31,Villarreal,Valencia,1,0,H,9,6,3,2,21,19,3,6,1,3,0,0,1.8,3.5,4.5,1.9,3.63,4.55,1.93,3.65,5.0,1.84,3.47,4.49,49.0,2015/2016
SP1,2016-01-02,Atletico Madrid,Levante,1,0,H,16,9,2,1,12,14,13,1,0,4,0,0,1.2,6.5,17.0,1.22,6.75,18.7,1.22,7.0,26.0,1.19,6.21,18.61,48.0,2015/2016
SP1,2016-01-02,Espanol,Barcelona,0,0,D,4,10,1,2,22,10,6,10,5,3,0,0,14.0,7.0,1.2,15.2,7.5,1.22,19.0,7.75,1.22,14.48,6.81,1.19,49.0,2015/2016
SP1,2016-01-02,Malaga,Celta,2,0,H,14,8,4,1,22,11,5,2,4,2,0,1,2.4,3.3,3.0,2.4,3.3,3.33,2.6,3.4,3.33,2.37,3.19,3.13,49.0,2015/2016
SP1,2016-01-03,Granada,Sevilla,2,1,H,9,14,4,7,17,13,2,9,2,2,0,1,4.33,3.6,1.85,4.65,3.6,1.89,4.65,3.65,1.91,4.34,3.5,1.86,49.0,2015/2016
SP1,2016-01-03,Real Betis,Eibar,0,4,A,9,6,5,5,16,14,6,2,4,3,0,0,2.4,3.25,3.1,2.5,3.4,3.06,2.5,3.4,3.2,2.43,3.24,2.99,49.0,2015/2016
SP1,2016-01-03,Athletic Bilbao,Las Palmas,2,2,D,16,11,5,5,24,13,5,5,3,4,0,0,1.36,5.0,8.5,1.38,4.98,10.76,1.4,5.05,10.76,1.37,4.64,9.37,49.0,2015/2016
SP1,2016-01-03,Vallecano,Sociedad,2,2,D,12,15,5,7,15,11,7,7,3,3,0,0,2.63,3.3,2.75,2.61,3.4,2.92,2.7,3.44,2.92,2.57,3.27,2.78,49.0,2015/2016
SP1,2016-01-03,Valencia,Real Madrid,2,2,D,11,17,4,4,18,17,4,7,1,1,0,1,6.0,4.33,1.53,5.87,4.72,1.57,6.0,4.72,1.62,5.6,4.35,1.55,49.0,2015/2016
SP1,2016-01-03,Deportivo La Coruna,Villarreal,1,2,A,11,6,4,4,13,11,9,3,3,3,0,0,2.7,3.2,2.7,2.79,3.3,2.79,2.85,3.3,2.8,2.72,3.15,2.69,49.0,2015/2016
SP1,2016-01-04,Sp Gijon,Getafe,1,2,A,17,11,4,2,13,14,4,2,3,3,0,0,2.25,3.3,3.3,2.26,3.37,3.55,2.3,3.37,3.55,2.23,3.23,3.36,41.0,2015/2016
SP1,2016-01-09,Levante,Vallecano,2,1,H,10,10,4,4,16,15,5,5,5,1,0,0,2.15,3.4,3.4,2.22,3.51,3.51,2.26,3.51,3.51,2.19,3.31,3.36,48.0,2015/2016
SP1,2016-01-09,Getafe,Real Betis,1,0,H,8,11,3,2,19,11,8,4,1,3,0,0,1.95,3.5,4.0,1.99,3.55,4.23,2.05,3.55,4.25,1.96,3.39,3.98,48.0,2015/2016
SP1,2016-01-09,Sevilla,Athletic Bilbao,2,0,H,4,11,4,3,14,13,6,8,2,3,0,0,2.1,3.5,3.5,2.02,3.74,3.88,2.1,3.75,3.88,2.01,3.52,3.65,48.0,2015/2016
SP1,2016-01-09,Real Madrid,Deportivo La Coruna,5,0,H,23,18,9,4,9,8,5,9,0,3,0,0,1.11,9.0,21.0,1.13,11.45,23.0,1.15,11.45,26.0,1.12,9.05,19.81,48.0,2015/2016
SP1,2016-01-09,Barcelona,Granada,4,0,H,17,8,8,4,14,19,7,0,1,4,0,0,1.05,15.0,34.0,1.06,20.5,39.0,1.07,21.29,56.0,1.04,15.67,36.77,48.0,2015/2016
SP1,2016-01-10,Celta,Atletico Madrid,0,2,A,6,10,1,3,14,14,4,4,2,1,0,0,4.5,3.5,1.8,4.7,3.56,1.9,4.75,3.59,1.92,4.45,3.41,1.86,48.0,2015/2016
SP1,2016-01-10,Eibar,Espanol,2,1,H,20,7,6,4,13,15,8,2,3,2,0,0,2.0,3.3,4.0,2.02,3.4,4.36,2.05,3.47,4.36,1.99,3.31,3.99,47.0,2015/2016
SP1,2016-01-10,Las Palmas,Malaga,1,1,D,5,11,3,3,21,11,2,5,5,4,0,0,2.7,3.1,2.8,2.71,3.21,2.94,2.77,3.21,2.94,2.65,3.08,2.81,48.0,2015/2016
SP1,2016-01-10,Sociedad,Valencia,2,0,H,24,10,7,3,16,13,5,6,3,4,0,0,2.25,3.3,3.3,2.25,3.5,3.45,2.31,3.5,3.5,2.22,3.31,3.31,48.0,2015/2016
SP1,2016-01-10,Villarreal,Sp Gijon,2,0,H,7,12,4,2,10,12,3,9,4,2,0,0,1.5,4.33,6.5,1.51,4.42,7.6,1.51,4.52,7.6,1.47,4.22,7.19,44.0,2015/2016
SP1,2016-01-16,Celta,Levante,4,3,H,14,17,6,7,14,16,6,2,1,4,0,0,1.62,3.8,6.0,1.63,4.05,6.2,1.65,4.1,6.2,1.61,3.82,5.85,44.0,2015/2016
SP1,2016-01-16,Sevilla,Malaga,2,1,H,8,14,4,3,21,21,6,4,2,2,1,1,1.67,3.8,5.25,1.69,4.05,5.5,1.75,4.1,5.5,1.66,3.81,5.3,45.0,2015/2016
SP1,2016-01-16,Sociedad,Deportivo La Coruna,1,1,D,16,7,6,4,9,11,9,4,1,3,0,0,1.95,3.3,4.2,2.01,3.52,4.18,2.05,3.52,4.33,1.96,3.35,4.08,44.0,2015/2016
SP1,2016-01-16,Villarreal,Real Betis,0,0,D,9,15,2,2,12,11,7,11,2,1,0,0,1.45,4.33,8.0,1.52,4.37,7.6,1.51,4.5,8.0,1.47,4.21,7.29,44.0,2015/2016
SP1,2016-01-17,Las Palmas,Atletico Madrid,0,3,A,11,11,3,5,7,21,3,4,0,2,0,0,6.5,3.6,1.62,6.88,4.01,1.6,7.12,4.01,1.62,6.45,3.74,1.58,44.0,2015/2016
SP1,2016-01-17,Getafe,Espanol,3,1,H,18,13,4,6,12,13,3,7,2,2,0,0,2.2,3.2,3.5,2.18,3.3,3.86,2.23,3.35,3.89,2.17,3.21,3.55,44.0,2015/2016
SP1,2016-01-17,Valencia,Vallecano,2,2,D,13,18,5,8,17,20,7,9,1,3,0,0,1.62,4.0,5.5,1.62,4.33,5.8,1.65,4.38,5.8,1.6,4.05,5.47,44.0,2015/2016
SP1,2016-01-17,Real Madrid,Sp Gijon,5,1,H,17,9,10,2,10,15,4,4,1,1,0,0,1.05,17.0,26.0,1.09,15.75,24.5,1.09,17.0,41.0,1.07,12.81,25.76,44.0,2015/2016
SP1,2016-01-17,Barcelona,Athletic Bilbao,6,0,H,20,9,8,3,6,7,6,2,2,2,0,1,1.14,8.0,19.0,1.15,9.75,19.7,1.17,9.75,26.0,1.14,8.4,19.69,44.0,2015/2016
SP1,2016-01-18,Eibar,Granada,5,1,H,12,4,7,1,11,17,3,2,1,4,0,0,1.83,3.5,4.5,1.81,3.62,5.25,1.83,3.65,5.25,1.79,3.46,4.85,43.0,2015/2016
SP1,2016-01-22,Sp Gijon,Sociedad,5,1,H,11,9,7,3,13,12,6,2,2,2,0,0,3.1,3.2,2.45,3.0,3.34,2.58,3.1,3.34,2.59,2.94,3.21,2.5,46.0,2015/2016
SP1,2016-01-23,Espanol,Villarreal,2,2,D,11,14,5,5,12,15,3,9,3,1,1,0,2.9,3.2,2.55,2.98,3.24,2.66,3.0,3.3,2.66,2.89,3.15,2.55,47.0,2015/2016
SP1,2016-01-23,Granada,Getafe,3,2,H,20,9,9,2,12,16,5,3,3,3,0,0,2.63,3.1,2.88,2.56,3.35,3.02,2.65,3.35,3.02,2.56,3.16,2.88,47.0,2015/2016
SP1,2016-01-23,Malaga,Barcelona,1,2,A,15,12,9,6,16,9,4,3,3,3,0,0,8.5,5.5,1.33,10.09,5.41,1.36,10.13,5.5,1.36,8.9,5.14,1.34,46.0,2015/2016
SP1,2016-01-23,Vallecano,Celta,3,0,H,26,3,10,1,20,13,7,1,3,5,0,0,2.7,3.4,2.63,2.73,3.67,2.62,2.75,3.67,2.7,2.67,3.43,2.58,47.0,2015/2016
SP1,2016-01-24,Atletico Madrid,Sevilla,0,0,D,21,7,3,1,13,13,8,5,4,3,0,1,1.67,3.5,6.0,1.65,3.82,6.55,1.67,3.82,6.55,1.63,3.65,5.99,46.0,2015/2016
SP1,2016-01-24,Athletic Bilbao,Eibar,5,2,H,10,9,5,2,13,14,7,2,2,2,0,0,1.67,3.75,5.5,1.7,3.95,5.55,1.73,3.95,5.8,1.68,3.67,5.36,47.0,2015/2016
SP1,2016-01-24,Deportivo La Coruna,Valencia,1,1,D,10,10,2,3,13,9,8,6,3,3,0,0,2.25,3.3,3.3,2.19,3.44,3.66,2.4,3.44,3.66,2.19,3.28,3.41,46.0,2015/2016
SP1,2016-01-24,Real Betis,Real Madrid,1,1,D,4,18,2,8,17,13,1,9,3,2,0,0,9.5,5.75,1.3,11.08,6.16,1.3,11.08,6.24,1.33,9.67,5.67,1.29,47.0,2015/2016
SP1,2016-01-25,Levante,Las Palmas,3,2,H,12,13,8,4,22,11,2,4,2,4,1,0,2.38,3.1,3.25,2.38,3.3,3.38,2.4,3.3,3.38,2.34,3.17,3.19,45.0,2015/2016
SP1,2016-01-30,Barcelona,Atletico Madrid,2,1,H,10,7,4,4,7,18,8,6,0,3,0,2,1.5,4.2,7.0,1.52,4.48,7.23,1.6,4.52,7.4,1.5,4.18,6.85,46.0,2015/2016
SP1,2016-01-30,Eibar,Malaga,1,2,A,11,7,3,4,9,15,1,2,1,3,0,0,2.38,3.25,3.0,2.45,3.31,3.23,2.6,3.34,3.23,2.44,3.19,3.03,45.0,2015/2016
SP1,2016-01-30,Getafe,Athletic Bilbao,0,1,A,11,13,3,3,13,18,7,5,2,5,1,0,3.4,3.3,2.2,3.5,3.41,2.27,3.52,3.43,2.3,3.35,3.27,2.23,45.0,2015/2016
SP1,2016-01-30,Sociedad,Real Betis,2,1,H,11,8,4,1,13,9,3,4,1,4,0,0,1.67,3.75,5.5,1.69,3.95,5.64,1.8,3.95,5.66,1.7,3.71,5.14,45.0,2015/2016
SP1,2016-01-30,Villarreal,Granada,1,0,H,12,7,6,2,10,11,8,0,4,3,0,0,1.44,4.5,7.5,1.51,4.35,7.83,1.54,4.5,7.85,1.48,4.19,7.26,45.0,2015/2016
SP1,2016-01-31,Las Palmas,Celta,2,1,H,13,5,5,2,13,18,7,3,6,2,0,1,2.38,3.3,3.1,2.48,3.39,3.1,2.51,3.42,3.13,2.43,3.25,2.97,44.0,2015/2016
SP1,2016-01-31,Real Madrid,Espanol,6,0,H,18,15,7,5,20,20,3,1,1,5,0,0,1.1,11.0,21.0,1.11,12.22,26.45,1.11,13.14,31.0,1.09,10.5,23.25,43.0,2015/2016
SP1,2016-01-31,Sevilla,Levante,3,1,H,14,22,8,4,8,8,5,9,1,1,0,0,1.33,5.0,10.0,1.37,5.28,10.03,1.4,5.28,11.0,1.35,4.88,9.53,44.0,2015/2016
SP1,2016-01-31,Valencia,Sp Gijon,0,1,A,16,7,3,3,15,21,6,3,0,2,0,0,1.75,3.75,4.75,1.78,4.0,4.79,1.8,4.12,5.15,1.73,3.76,4.77,45.0,2015/2016
SP1,2016-02-01,Deportivo La Coruna,Vallecano,2,2,D,17,7,5,3,6,15,5,4,0,0,0,0,1.91,3.6,4.0,1.89,3.73,4.47,1.93,3.81,4.5,1.88,3.55,4.2,44.0,2015/2016
SP1,2016-02-05,Malaga,Getafe,3,0,H,8,6,4,2,10,10,4,6,3,3,0,0,1.57,3.75,6.5,1.66,3.84,6.32,1.7,3.84,6.5,1.64,3.66,5.98,46.0,2015/2016
SP1,2016-02-06,Athletic Bilbao,Villarreal,0,0,D,10,2,1,2,19,20,5,3,4,4,1,1,1.83,3.6,4.5,1.87,3.69,4.67,1.91,3.7,5.0,1.82,3.52,4.54,45.0,2015/2016
SP1,2016-02-06,Atletico Madrid,Eibar,3,1,H,13,6,4,2,15,18,5,2,2,3,0,0,1.36,4.5,9.5,1.42,4.69,9.6,1.44,4.74,10.01,1.4,4.43,8.81,46.0,2015/2016
SP1,2016-02-06,Sp Gijon,Deportivo La Coruna,1,1,D,11,5,2,4,10,13,4,3,2,2,0,0,2.5,3.25,2.9,2.62,3.3,2.98,2.68,3.32,3.02,2.53,3.19,2.89,45.0,2015/2016
SP1,2016-02-06,Vallecano,Las Palmas,2,0,H,18,9,8,4,16,15,5,5,3,1,0,0,1.91,3.6,4.0,1.91,3.79,4.3,1.95,3.88,4.3,1.89,3.63,3.99,45.0,2015/2016
SP1,2016-02-07,Real Betis,Valencia,1,0,H,6,7,2,2,17,19,4,5,4,5,0,1,2.63,3.1,2.88,2.69,3.32,2.88,2.77,3.36,2.95,2.59,3.19,2.81,45.0,2015/2016
SP1,2016-02-07,Celta,Sevilla,1,1,D,25,9,5,2,15,16,10,5,3,3,0,1,3.2,3.3,2.3,3.23,3.47,2.37,3.29,3.53,2.5,3.06,3.32,2.35,45.0,2015/2016
SP1,2016-02-07,Granada,Real Madrid,1,2,A,14,14,2,4,20,8,3,6,3,2,0,0,12.0,6.0,1.25,12.45,6.58,1.27,12.56,6.61,1.3,10.87,5.97,1.26,45.0,2015/2016
SP1,2016-02-07,Levante,Barcelona,0,2,A,11,11,3,4,15,10,2,5,4,3,0,0,15.0,7.5,1.18,18.95,8.2,1.18,19.08,8.22,1.22,15.76,7.11,1.18,45.0,2015/2016
SP1,2016-02-08,Espanol,Sociedad,0,5,A,5,12,1,6,13,11,4,5,1,2,0,0,2.7,3.1,2.8,2.71,3.21,2.94,2.76,3.36,2.96,2.65,3.16,2.77,44.0,2015/2016
SP1,2016-02-12,Sp Gijon,Vallecano,2,2,D,11,15,5,4,14,12,3,7,3,4,0,0,2.38,3.4,3.0,2.55,3.42,2.98,2.57,3.65,3.01,2.45,3.36,2.9,44.0,2015/2016
SP1,2016-02-13,Deportivo La Coruna,Real Betis,2,2,D,25,4,11,2,14,13,11,0,1,0,0,0,1.8,3.5,4.75,1.86,3.66,4.76,1.9,3.68,5.0,1.81,3.49,4.66,44.0,2015/2016
SP1,2016-02-13,Real Madrid,Athletic Bilbao,4,2,H,19,10,9,3,6,8,5,2,1,2,1,0,1.29,6.0,9.5,1.31,6.1,10.48,1.33,6.47,11.0,1.29,5.74,9.58,38.0,2015/2016
SP1,2016-02-13,Valencia,Espanol,2,1,H,17,19,4,6,8,19,9,9,1,3,0,0,1.75,3.6,5.0,1.77,3.78,5.26,1.85,3.89,5.26,1.74,3.65,4.89,44.0,2015/2016
SP1,2016-02-13,Villarreal,Malaga,1,0,H,12,7,5,2,13,15,5,1,2,1,0,0,2.05,3.3,3.8,2.12,3.32,4.04,2.16,3.45,4.08,2.08,3.21,3.83,44.0,2015/2016
SP1,2016-02-14,Barcelona,Celta,6,1,H,19,10,11,4,10,16,1,1,0,4,0,0,1.08,11.0,26.0,1.08,15.0,33.0,1.1,15.05,36.0,1.08,11.62,27.82,42.0,2015/2016
SP1,2016-02-14,Eibar,Levante,2,0,H,15,8,6,3,15,12,8,2,3,2,0,0,1.8,3.5,4.75,1.86,3.64,4.79,1.89,3.7,5.0,1.81,3.5,4.62,44.0,2015/2016
SP1,2016-02-14,Getafe,Atletico Madrid,0,1,A,11,6,0,3,9,9,5,4,2,3,0,0,6.5,3.8,1.57,7.45,3.99,1.57,7.5,4.0,1.63,6.95,3.75,1.56,44.0,2015/2016
SP1,2016-02-14,Sevilla,Las Palmas,2,0,H,9,11,5,3,15,11,8,3,1,3,0,0,1.33,5.0,10.0,1.33,5.66,10.97,1.38,5.66,11.04,1.32,5.2,9.88,43.0,2015/2016
SP1,2016-02-14,Sociedad,Granada,3,0,H,12,15,6,2,9,18,7,13,1,2,0,0,1.53,4.0,6.5,1.61,4.2,6.15,1.64,4.23,6.5,1.58,3.89,6.07,44.0,2015/2016
SP1,2016-02-17,Sp Gijon,Barcelona,1,3,A,6,17,2,8,11,7,1,4,2,1,0,0,19.0,8.0,1.14,21.1,9.15,1.16,24.0,9.25,1.17,18.3,8.02,1.14,45.0,2015/2016
SP1,2016-02-19,Levante,Getafe,3,0,H,12,14,6,6,12,13,6,8,2,2,0,0,2.2,3.3,3.4,2.19,3.45,3.66,2.3,3.47,3.7,2.17,3.31,3.47,46.0,2015/2016
SP1,2016-02-20,Las Palmas,Barcelona,1,2,A,16,13,3,8,10,13,3,6,1,2,0,0,15.0,7.5,1.18,18.0,7.35,1.21,19.5,7.8,1.22,15.62,6.86,1.19,46.0,2015/2016
SP1,2016-02-20,Espanol,Deportivo La Coruna,1,0,H,16,17,9,3,19,4,7,4,3,1,0,0,2.38,3.3,3.0,2.49,3.39,3.09,2.51,3.41,3.13,2.45,3.23,2.98,47.0,2015/2016
SP1,2016-02-20,Celta,Eibar,3,2,H,14,7,9,3,6,25,6,1,3,2,0,0,2.0,3.5,3.8,2.01,3.7,3.95,2.05,3.74,4.04,1.98,3.47,3.86,47.0,2015/2016
SP1,2016-02-20,Real Betis,Sp Gijon,1,1,D,17,4,6,3,15,25,10,4,2,3,0,0,2.05,3.3,3.8,2.04,3.44,4.18,2.08,3.47,4.28,2.01,3.31,3.93,47.0,2015/2016
SP1,2016-02-21,Malaga,Real Madrid,1,1,D,11,14,5,7,14,12,6,6,5,2,0,0,4.75,3.8,1.73,4.79,4.15,1.75,5.1,4.25,1.77,4.65,3.91,1.72,46.0,2015/2016
SP1,2016-02-21,Vallecano,Sevilla,2,2,D,13,14,4,7,14,23,3,17,6,2,0,0,3.1,3.6,2.2,3.07,3.82,2.31,3.3,3.84,2.31,3.08,3.57,2.22,46.0,2015/2016
SP1,2016-02-21,Athletic Bilbao,Sociedad,0,1,A,9,9,2,4,21,16,9,3,7,6,0,0,1.8,3.5,4.75,1.84,3.74,4.77,1.87,3.79,4.87,1.8,3.58,4.54,46.0,2015/2016
SP1,2016-02-21,Atletico Madrid,Villarreal,0,0,D,12,5,3,0,11,13,10,2,2,2,0,0,1.53,3.8,7.5,1.54,4.11,7.74,1.58,4.16,8.0,1.53,3.83,7.23,46.0,2015/2016
SP1,2016-02-21,Granada,Valencia,1,2,A,15,10,4,6,18,18,6,3,2,3,0,0,2.88,3.2,2.55,2.88,3.44,2.62,2.88,3.46,2.7,2.78,3.24,2.58,46.0,2015/2016
SP1,2016-02-26,Eibar,Las Palmas,0,1,A,10,12,4,4,16,9,6,6,4,1,0,0,1.75,3.6,5.0,1.77,3.81,5.21,1.8,3.81,5.21,1.76,3.62,4.84,47.0,2015/2016
SP1,2016-02-27,Real Betis,Vallecano,2,2,D,20,11,4,4,16,15,8,8,2,3,0,0,2.2,3.3,3.4,2.28,3.52,3.36,2.3,3.56,3.4,2.23,3.38,3.22,47.0,2015/2016
SP1,2016-02-27,Sp Gijon,Espanol,2,4,A,13,12,5,7,14,14,5,2,5,2,1,0,2.3,3.2,3.3,2.32,3.4,3.39,2.38,3.4,3.39,2.29,3.28,3.19,47.0,2015/2016
SP1,2016-02-27,Getafe,Celta,0,1,A,14,9,2,3,11,14,4,5,3,4,0,0,3.2,3.3,2.3,3.09,3.55,2.41,3.2,3.55,2.41,3.07,3.32,2.33,46.0,2015/2016
SP1,2016-02-27,Sociedad,Malaga,1,1,D,11,8,3,3,17,14,8,3,4,5,0,0,2.2,3.25,3.5,2.29,3.34,3.54,2.3,3.34,3.54,2.23,3.21,3.39,47.0,2015/2016
SP1,2016-02-27,Real Madrid,Atletico Madrid,0,1,A,15,9,3,5,15,13,2,5,3,4,0,0,1.73,3.6,5.25,1.8,3.8,4.95,1.83,3.8,5.25,1.78,3.6,4.7,47.0,2015/2016
SP1,2016-02-28,Barcelona,Sevilla,2,1,H,17,11,8,4,13,10,6,7,3,2,0,0,1.14,8.0,15.0,1.18,8.68,17.17,1.2,8.68,17.17,1.18,7.53,14.24,43.0,2015/2016
SP1,2016-02-28,Deportivo La Coruna,Granada,0,1,A,13,10,2,3,12,12,6,6,2,3,1,0,1.8,3.5,4.75,1.83,3.61,5.05,1.85,3.61,5.05,1.81,3.49,4.64,45.0,2015/2016
SP1,2016-02-28,Valencia,Athletic Bilbao,0,3,A,9,13,3,4,9,13,7,7,2,0,0,0,2.3,3.2,3.3,2.33,3.4,3.37,2.38,3.4,3.37,2.28,3.28,3.21,45.0,2015/2016
SP1,2016-02-28,Villarreal,Levante,3,0,H,9,7,3,1,15,12,3,4,0,2,0,1,1.67,3.6,5.75,1.71,3.81,5.8,1.71,3.9,6.0,1.66,3.64,5.61,43.0,2015/2016
SP1,2016-03-01,Atletico Madrid,Sociedad,3,0,H,12,7,5,1,19,10,8,1,1,2,0,0,1.4,4.33,9.0,1.47,4.35,9.14,1.5,4.35,9.5,1.45,4.12,8.4,48.0,2015/2016
SP1,2016-03-01,Las Palmas,Getafe,4,0,H,11,10,5,2,20,12,2,6,5,2,0,1,2.05,3.4,3.75,2.07,3.58,3.9,2.1,3.58,4.02,2.02,3.39,3.81,48.0,2015/2016
SP1,2016-03-02,Athletic Bilbao,Deportivo La Coruna,4,1,H,12,7,6,4,5,14,1,2,1,3,0,0,1.53,4.0,7.0,1.53,4.32,7.4,1.55,4.33,7.4,1.51,4.1,6.69,48.0,2015/2016
SP1,2016-03-02,Celta,Villarreal,0,0,D,11,6,4,3,9,2,2,1,2,5,0,0,2.2,3.3,3.4,2.22,3.37,3.65,2.3,3.42,3.65,2.17,3.28,3.44,48.0,2015/2016
SP1,2016-03-02,Levante,Real Madrid,1,3,A,11,21,4,8,12,11,3,10,2,1,0,0,7.0,4.75,1.44,6.56,4.78,1.52,7.0,4.8,1.53,6.42,4.56,1.47,39.0,2015/2016
SP1,2016-03-02,Malaga,Valencia,1,2,A,10,11,1,2,19,16,4,5,6,5,0,0,2.05,3.3,3.8,2.03,3.41,4.07,2.2,3.42,4.08,2.03,3.3,3.87,48.0,2015/2016
SP1,2016-03-02,Sevilla,Eibar,1,0,H,14,11,4,6,12,13,12,6,1,2,0,1,1.4,4.75,8.0,1.44,4.97,8.17,1.47,4.97,8.17,1.42,4.62,7.39,48.0,2015/2016
SP1,2016-03-03,Espanol,Real Betis,0,3,A,16,9,3,6,20,13,5,0,4,2,0,0,1.95,3.5,4.0,2.12,3.49,3.81,2.12,3.5,4.2,2.02,3.37,3.79,48.0,2015/2016
SP1,2016-03-03,Granada,Sp Gijon,2,0,H,13,4,8,0,24,13,4,1,7,3,0,1,2.1,3.3,3.75,2.1,3.51,3.79,2.2,3.51,3.93,2.08,3.35,3.64,48.0,2015/2016
SP1,2016-03-03,Vallecano,Barcelona,1,5,A,8,20,4,8,17,9,3,5,0,2,2,0,13.0,7.0,1.2,16.56,8.15,1.19,16.56,8.15,1.22,13.29,7.28,1.19,48.0,2015/2016
SP1,2016-03-05,Getafe,Sevilla,1,1,D,13,7,3,4,12,14,10,9,5,2,0,0,3.8,3.5,2.0,3.77,3.67,2.07,4.0,3.8,2.07,3.71,3.53,2.0,46.0,2015/2016
SP1,2016-03-05,Deportivo La Coruna,Malaga,3,3,D,14,5,7,2,11,13,10,4,4,2,0,1,2.5,3.1,3.0,2.65,3.21,3.02,2.7,3.3,3.02,2.58,3.13,2.87,46.0,2015/2016
SP1,2016-03-05,Real Madrid,Celta,7,1,H,20,8,12,3,13,12,10,5,2,3,0,0,1.3,6.0,8.0,1.33,6.11,9.6,1.34,6.25,9.6,1.31,5.78,8.57,46.0,2015/2016
SP1,2016-03-05,Villarreal,Las Palmas,0,1,A,13,10,2,3,9,8,6,2,1,2,0,0,1.62,3.75,6.0,1.65,3.96,6.21,1.65,4.03,6.5,1.61,3.79,5.92,46.0,2015/2016
SP1,2016-03-06,Real Betis,Granada,2,0,H,10,10,4,4,9,19,6,4,3,7,1,1,2.1,3.4,3.6,2.11,3.48,3.86,2.17,3.5,3.86,2.08,3.32,3.64,45.0,2015/2016
SP1,2016-03-06,Eibar,Barcelona,0,4,A,7,9,0,7,18,10,6,2,3,2,0,0,10.0,6.5,1.25,13.2,6.64,1.26,19.0,7.1,1.29,12.3,6.2,1.23,44.0,2015/2016
SP1,2016-03-06,Sociedad,Levante,1,1,D,15,10,3,3,12,16,10,3,3,3,0,0,1.57,3.75,7.0,1.61,4.18,6.26,1.62,4.2,7.0,1.58,3.95,5.87,45.0,2015/2016
SP1,2016-03-06,Sp Gijon,Athletic Bilbao,0,2,A,5,10,1,6,17,14,3,0,1,1,0,1,4.0,3.3,2.0,4.16,3.53,2.01,4.2,3.53,2.05,3.96,3.37,1.98,45.0,2015/2016
SP1,2016-03-06,Valencia,Atletico Madrid,1,3,A,10,21,3,5,13,11,6,7,1,1,1,0,4.0,3.3,2.0,4.41,3.35,2.02,4.41,3.4,2.1,4.15,3.23,1.99,45.0,2015/2016
SP1,2016-03-07,Espanol,Vallecano,2,1,H,9,7,8,1,16,15,8,3,3,4,1,0,1.95,3.5,4.0,1.99,3.86,3.86,2.2,3.86,4.0,1.99,3.57,3.68,41.0,2015/2016
SP1,2016-03-11,Malaga,Sp Gijon,1,0,H,13,9,3,4,8,13,3,4,2,4,0,0,1.62,3.8,6.0,1.64,4.01,6.18,1.67,4.01,6.6,1.61,3.84,5.93,43.0,2015/2016
SP1,2016-03-12,Atletico Madrid,Deportivo La Coruna,3,0,H,15,6,7,2,12,8,10,1,1,1,0,0,1.25,5.5,15.0,1.26,5.83,19.06,1.33,5.83,19.06,1.25,5.37,16.11,44.0,2015/2016
SP1,2016-03-12,Barcelona,Getafe,6,0,H,16,6,9,1,7,13,5,3,0,3,0,0,1.06,15.0,26.0,1.07,20.0,30.0,1.07,20.0,42.0,1.05,15.21,31.0,42.0,2015/2016
SP1,2016-03-12,Celta,Sociedad,1,0,H,7,15,1,6,21,9,5,3,3,2,0,0,2.1,3.4,3.5,2.12,3.59,3.7,2.15,3.6,3.7,2.09,3.44,3.53,44.0,2015/2016
SP1,2016-03-12,Vallecano,Eibar,1,1,D,12,7,3,1,17,18,8,0,5,1,0,1,2.2,3.6,3.1,2.18,3.72,3.41,2.23,3.72,3.5,2.17,3.54,3.24,44.0,2015/2016
SP1,2016-03-13,Athletic Bilbao,Real Betis,3,1,H,18,3,9,1,12,9,5,6,1,0,0,0,1.44,4.33,8.0,1.51,4.59,7.24,1.5,4.75,8.0,1.46,4.33,7.16,45.0,2015/2016
SP1,2016-03-13,Las Palmas,Real Madrid,1,2,A,15,12,6,4,10,13,6,5,4,3,0,1,9.5,5.25,1.33,8.69,5.48,1.38,9.65,5.63,1.4,8.47,5.23,1.34,43.0,2015/2016
SP1,2016-03-13,Levante,Valencia,1,0,H,13,6,6,1,16,16,8,0,2,4,0,0,2.63,3.25,2.8,2.67,3.37,2.87,2.85,3.4,2.88,2.6,3.24,2.77,43.0,2015/2016
SP1,2016-03-13,Sevilla,Villarreal,4,2,H,14,13,4,6,10,12,5,8,1,1,1,0,1.73,3.75,5.0,1.69,3.95,5.69,1.75,4.0,5.69,1.68,3.72,5.24,44.0,2015/2016
SP1,2016-03-14,Granada,Espanol,1,1,D,8,10,1,2,12,20,2,8,5,3,1,0,2.15,3.3,3.5,2.25,3.41,3.55,2.38,3.41,3.55,2.22,3.29,3.34,43.0,2015/2016
SP1,2016-03-18,Getafe,Eibar,1,1,D,8,20,4,6,12,12,3,3,1,2,0,0,2.1,3.25,3.75,2.14,3.39,3.86,2.36,3.4,3.9,2.13,3.26,3.68,47.0,2015/2016
SP1,2016-03-19,Real Betis,Malaga,0,1,A,16,13,5,5,15,9,5,7,3,2,0,0,2.6,3.1,2.9,2.7,3.27,2.9,2.71,3.3,2.92,2.61,3.16,2.82,46.0,2015/2016
SP1,2016-03-19,Granada,Vallecano,2,2,D,11,22,2,6,8,9,6,12,1,5,1,0,2.15,3.4,3.4,2.17,3.66,3.49,2.21,3.7,3.49,2.14,3.48,3.36,46.0,2015/2016
SP1,2016-03-19,Deportivo La Coruna,Levante,2,1,H,15,7,6,1,8,12,2,1,2,3,0,0,1.91,3.4,4.33,1.91,3.61,4.59,1.95,3.61,4.59,1.89,3.44,4.28,46.0,2015/2016
SP1,2016-03-19,Sociedad,Las Palmas,0,1,A,13,12,3,7,16,17,11,5,4,5,0,0,1.67,3.5,6.0,1.69,3.98,5.63,1.73,4.0,6.0,1.67,3.77,5.28,46.0,2015/2016
SP1,2016-03-19,Sp Gijon,Atletico Madrid,2,1,H,12,4,3,1,14,11,7,2,5,2,0,0,8.5,3.6,1.53,7.96,4.12,1.53,8.5,4.12,1.57,7.55,3.88,1.51,47.0,2015/2016
SP1,2016-03-20,Espanol,Athletic Bilbao,2,1,H,16,14,7,4,7,13,6,2,3,3,0,0,3.1,3.4,2.3,3.18,3.58,2.34,3.4,3.58,2.38,3.13,3.37,2.28,46.0,2015/2016
SP1,2016-03-20,Real Madrid,Sevilla,4,0,H,26,8,12,4,10,9,8,8,2,2,0,0,1.33,5.5,8.5,1.37,5.86,8.41,1.42,6.0,9.0,1.35,5.34,7.78,46.0,2015/2016
SP1,2016-03-20,Valencia,Celta,0,2,A,14,13,4,6,14,14,4,5,1,0,0,0,2.3,3.5,3.0,2.31,3.63,3.2,2.4,3.63,3.2,2.29,3.41,3.07,45.0,2015/2016
SP1,2016-03-20,Villarreal,Barcelona,2,2,D,15,15,6,6,17,9,4,4,8,4,0,0,8.5,5.25,1.33,9.15,5.41,1.38,10.0,5.5,1.38,9.18,5.08,1.34,46.0,2015/2016
SP1,2016-04-01,Vallecano,Getafe,2,0,H,16,14,7,3,10,10,9,6,4,5,1,0,1.91,3.6,4.0,1.95,3.74,4.16,1.97,3.84,4.21,1.9,3.66,4.01,45.0,2015/2016
SP1,2016-04-02,Atletico Madrid,Real Betis,5,1,H,19,8,12,5,14,12,5,5,1,3,0,0,1.4,4.33,10.0,1.4,4.8,10.19,1.42,4.88,11.0,1.37,4.58,9.38,45.0,2015/2016
SP1,2016-04-02,Barcelona,Real Madrid,1,2,A,14,14,3,6,17,15,4,3,3,2,0,1,1.57,4.5,5.5,1.62,4.63,5.39,1.63,4.66,5.75,1.59,4.44,5.12,45.0,2015/2016
SP1,2016-04-02,Celta,Deportivo La Coruna,1,1,D,9,7,2,3,15,8,11,0,4,2,0,1,1.75,3.8,4.75,1.79,3.93,4.88,1.8,3.96,4.88,1.75,3.75,4.62,46.0,2015/2016
SP1,2016-04-02,Las Palmas,Valencia,2,1,H,13,7,6,4,8,17,8,2,2,4,0,0,2.38,3.25,3.1,2.45,3.48,3.08,2.46,3.5,3.15,2.38,3.31,3.01,46.0,2015/2016
SP1,2016-04-03,Athletic Bilbao,Granada,1,1,D,8,9,1,2,16,14,13,1,2,5,0,0,1.44,4.33,8.0,1.53,4.4,7.24,1.55,4.46,8.0,1.49,4.19,6.99,46.0,2015/2016
SP1,2016-04-03,Eibar,Villarreal,1,2,A,10,8,3,4,15,12,4,3,3,3,0,0,3.1,3.0,2.55,3.11,3.2,2.59,3.11,3.26,2.63,2.96,3.11,2.52,47.0,2015/2016
SP1,2016-04-03,Malaga,Espanol,1,1,D,11,5,5,1,14,15,5,1,2,4,0,0,1.85,3.4,4.75,1.85,3.63,4.88,1.91,3.66,5.01,1.85,3.49,4.45,47.0,2015/2016
SP1,2016-04-03,Sevilla,Sociedad,1,2,A,15,9,6,2,22,12,8,3,4,3,0,1,1.62,4.0,5.5,1.63,4.14,6.03,1.7,4.2,6.03,1.63,3.95,5.4,46.0,2015/2016
SP1,2016-04-04,Levante,Sp Gijon,0,0,D,16,11,4,1,17,12,4,6,4,4,1,0,2.1,3.25,3.75,2.12,3.54,3.77,2.15,3.54,3.77,2.09,3.33,3.61,45.0,2015/2016
SP1,2016-04-08,Granada,Malaga,0,0,D,9,9,1,2,14,10,5,5,1,3,0,0,2.3,3.2,3.3,2.33,3.36,3.41,2.4,3.4,3.41,2.27,3.25,3.28,46.0,2015/2016
SP1,2016-04-09,Real Betis,Levante,1,0,H,7,12,2,3,13,18,4,3,4,3,0,0,2.05,3.25,3.75,2.09,3.51,3.9,2.12,3.51,4.0,2.05,3.4,3.66,46.0,2015/2016
SP1,2016-04-09,Espanol,Atletico Madrid,1,3,A,10,14,3,5,13,14,3,5,2,2,0,0,4.0,3.1,2.05,4.38,3.42,2.0,4.41,3.42,2.11,4.1,3.24,2.0,46.0,2015/2016
SP1,2016-04-09,Real Madrid,Eibar,4,0,H,13,9,6,2,9,13,6,7,1,3,0,0,1.17,7.5,13.0,1.17,8.94,18.95,1.2,8.94,19.5,1.16,7.73,16.46,45.0,2015/2016
SP1,2016-04-09,Sociedad,Barcelona,1,0,H,5,13,1,6,14,13,5,9,1,3,0,0,6.0,4.33,1.5,6.73,4.65,1.52,6.75,4.65,1.58,6.21,4.3,1.51,46.0,2015/2016
SP1,2016-04-10,Athletic Bilbao,Vallecano,1,0,H,14,12,7,4,8,14,0,5,1,3,0,0,1.53,4.0,6.0,1.61,4.44,5.77,1.67,4.44,6.0,1.58,4.16,5.5,39.0,2015/2016
SP1,2016-04-10,Sp Gijon,Celta,0,1,A,9,17,2,5,8,11,7,7,2,5,0,0,3.1,3.25,2.3,3.08,3.5,2.45,3.1,3.51,2.48,2.95,3.36,2.39,45.0,2015/2016
SP1,2016-04-10,Valencia,Sevilla,2,1,H,23,7,9,4,15,18,10,3,2,2,0,0,2.2,3.4,3.2,2.36,3.67,3.08,2.4,3.67,3.2,2.31,3.47,2.97,45.0,2015/2016
SP1,2016-04-10,Villarreal,Getafe,2,0,H,13,16,3,3,9,12,8,5,2,2,0,0,1.5,3.8,7.5,1.53,4.21,7.66,1.54,4.3,7.66,1.51,4.0,7.01,45.0,2015/2016
SP1,2016-04-11,Deportivo La Coruna,Las Palmas,1,3,A,19,13,5,6,8,9,7,4,1,1,0,0,2.05,3.3,3.6,2.19,3.33,3.78,2.2,3.5,3.78,2.12,3.32,3.53,44.0,2015/2016
SP1,2016-04-15,Levante,Espanol,2,1,H,12,10,4,2,10,12,4,6,5,0,0,0,2.45,3.3,3.0,2.51,3.4,3.05,2.53,3.41,3.1,2.43,3.29,3.0,48.0,2015/2016
SP1,2016-04-16,Celta,Real Betis,1,1,D,18,9,5,4,14,18,12,4,4,3,0,0,1.6,4.2,5.5,1.56,4.45,6.56,1.6,4.45,6.67,1.56,4.18,5.81,48.0,2015/2016
SP1,2016-04-16,Eibar,Sociedad,2,1,H,9,7,4,4,16,11,2,0,3,3,0,0,2.7,3.25,2.7,2.85,3.27,2.75,2.87,3.31,2.76,2.73,3.21,2.66,48.0,2015/2016
SP1,2016-04-16,Getafe,Real Madrid,1,5,A,12,21,5,11,10,10,5,6,4,1,0,0,9.5,6.0,1.29,11.2,6.05,1.31,11.5,6.3,1.38,10.01,5.71,1.29,48.0,2015/2016
SP1,2016-04-16,Las Palmas,Sp Gijon,1,1,D,10,12,4,2,11,21,3,10,2,5,0,0,1.95,3.5,4.0,1.95,3.69,4.22,1.96,3.69,4.33,1.91,3.5,4.06,48.0,2015/2016
SP1,2016-04-17,Malaga,Athletic Bilbao,0,1,A,17,6,7,3,13,14,8,2,3,5,0,0,2.3,3.25,3.25,2.4,3.29,3.33,2.62,3.3,3.33,2.36,3.17,3.18,47.0,2015/2016
SP1,2016-04-17,Barcelona,Valencia,1,2,A,22,7,7,2,12,15,7,2,3,3,0,0,1.14,9.0,17.0,1.17,9.25,17.2,1.18,9.5,19.0,1.15,8.39,15.99,47.0,2015/2016
SP1,2016-04-17,Vallecano,Villarreal,2,1,H,14,6,6,2,14,15,4,3,2,3,0,0,2.6,3.3,2.75,2.66,3.52,2.78,2.7,3.52,2.8,2.61,3.32,2.69,47.0,2015/2016
SP1,2016-04-17,Sevilla,Deportivo La Coruna,1,1,D,12,5,3,4,15,8,10,0,2,2,0,0,1.53,4.2,6.0,1.55,4.58,6.38,1.56,4.6,7.3,1.52,4.4,5.86,47.0,2015/2016
SP1,2016-04-17,Atletico Madrid,Granada,3,0,H,8,11,3,0,16,14,4,2,3,5,0,0,1.22,6.0,15.0,1.24,6.25,17.93,1.27,6.25,18.0,1.23,5.75,15.13,47.0,2015/2016
SP1,2016-04-19,Real Betis,Las Palmas,1,0,H,20,3,6,0,14,12,6,3,2,1,0,1,2.1,3.5,3.5,2.19,3.49,3.6,2.21,3.5,3.65,2.14,3.36,3.51,48.0,2015/2016
SP1,2016-04-19,Espanol,Celta,1,1,D,8,3,3,1,15,13,2,2,1,1,0,0,2.38,3.3,3.0,2.52,3.45,3.0,2.6,3.5,3.07,2.47,3.32,2.89,47.0,2015/2016
SP1,2016-04-20,Real Madrid,Villarreal,3,0,H,20,5,6,2,9,8,11,1,2,1,0,0,1.22,7.0,11.0,1.22,8.08,13.21,1.25,8.08,13.21,1.21,7.18,11.6,49.0,2015/2016
SP1,2016-04-20,Sp Gijon,Sevilla,2,1,H,14,18,2,8,7,15,5,7,2,1,0,0,3.1,3.4,2.3,3.2,3.54,2.35,3.3,3.7,2.35,3.11,3.42,2.28,49.0,2015/2016
SP1,2016-04-20,Athletic Bilbao,Atletico Madrid,0,1,A,12,8,6,2,9,6,6,4,0,0,0,0,4.0,3.3,2.0,4.32,3.45,2.01,4.32,3.46,2.1,3.99,3.29,2.01,49.0,2015/2016
SP1,2016-04-20,Deportivo La Coruna,Barcelona,0,8,A,16,19,5,10,11,8,6,2,1,0,0,0,13.0,7.0,1.2,15.6,7.71,1.21,15.6,7.75,1.3,12.86,6.96,1.21,49.0,2015/2016
SP1,2016-04-20,Malaga,Vallecano,1,1,D,12,11,4,4,19,13,7,7,1,3,0,0,1.85,3.75,4.2,1.98,3.74,4.04,1.98,3.8,4.2,1.92,3.6,3.94,49.0,2015/2016
SP1,2016-04-20,Valencia,Eibar,4,0,H,9,9,6,2,10,6,6,3,1,2,0,0,1.62,4.2,5.25,1.65,4.22,5.58,1.67,4.26,5.58,1.63,4.04,5.25,49.0,2015/2016
SP1,2016-04-21,Granada,Levante,5,1,H,13,15,6,5,16,11,3,4,6,5,0,1,1.95,3.5,3.8,2.02,3.52,4.17,2.03,3.56,4.3,1.96,3.4,4.0,49.0,2015/2016
SP1,2016-04-21,Sociedad,Getafe,1,2,A,14,7,5,3,10,17,8,2,2,4,0,0,1.53,4.2,6.0,1.57,4.37,6.52,1.58,4.42,6.55,1.54,4.16,6.08,49.0,2015/2016
SP1,2016-04-22,Las Palmas,Espanol,4,0,H,14,11,9,5,14,9,5,5,4,4,0,0,2.25,3.3,3.3,2.31,3.34,3.48,2.31,3.4,3.58,2.24,3.25,3.37,46.0,2015/2016
SP1,2016-04-23,Atletico Madrid,Malaga,1,0,H,14,7,4,4,6,14,10,4,3,3,0,0,1.33,5.0,11.0,1.36,4.99,11.68,1.36,5.0,12.0,1.33,4.77,10.47,45.0,2015/2016
SP1,2016-04-23,Barcelona,Sp Gijon,6,0,H,24,5,10,3,11,11,6,1,0,2,0,1,1.04,17.0,34.0,,,,1.06,33.0,45.0,1.04,18.44,33.53,41.0,2015/2016
SP1,2016-04-23,Eibar,Deportivo La Coruna,1,1,D,9,9,2,1,14,8,11,7,0,1,0,0,2.25,3.2,3.4,2.28,3.55,3.35,2.3,3.55,3.43,2.22,3.34,3.27,45.0,2015/2016
SP1,2016-04-23,Vallecano,Real Madrid,2,3,A,11,16,6,6,15,9,4,6,6,1,0,0,8.5,5.5,1.33,8.92,5.62,1.37,9.0,5.81,1.43,8.18,5.38,1.34,45.0,2015/2016
SP1,2016-04-24,Getafe,Valencia,2,2,D,18,5,11,4,14,12,8,2,4,1,0,0,3.2,3.3,2.3,3.11,3.62,2.37,3.2,3.62,2.4,3.09,3.36,2.3,45.0,2015/2016
SP1,2016-04-24,Levante,Athletic Bilbao,2,2,D,10,19,5,8,13,8,4,9,2,1,0,0,3.4,3.2,2.25,3.41,3.46,2.28,3.5,3.46,2.3,3.31,3.26,2.24,45.0,2015/2016
SP1,2016-04-24,Sevilla,Real Betis,2,0,H,13,8,3,2,25,13,8,5,5,4,0,0,1.5,4.33,6.5,1.57,4.55,6.1,1.57,4.6,6.8,1.51,4.35,6.08,45.0,2015/2016
SP1,2016-04-24,Villarreal,Sociedad,0,0,D,8,7,3,2,17,12,3,5,4,1,0,0,1.73,3.75,5.0,1.81,3.73,5.03,1.87,3.8,5.03,1.79,3.59,4.59,45.0,2015/2016
SP1,2016-04-25,Celta,Granada,2,1,H,15,11,4,3,13,15,4,4,2,2,0,0,1.53,4.33,6.0,1.59,4.36,6.21,1.59,4.36,6.5,1.55,4.13,5.9,43.0,2015/2016
SP1,2016-04-29,Sp Gijon,Eibar,2,0,H,3,12,3,6,16,17,1,5,2,2,0,0,1.6,3.8,5.75,1.64,4.12,5.99,1.67,4.3,6.0,1.63,3.87,5.65,45.0,2015/2016
SP1,2016-04-30,Real Betis,Barcelona,0,2,A,2,11,1,4,9,11,2,4,3,3,1,0,21.0,9.0,1.13,25.51,10.49,1.13,25.51,11.0,1.21,20.8,9.15,1.12,44.0,2015/2016
SP1,2016-04-30,Atletico Madrid,Vallecano,1,0,H,12,13,6,3,14,12,5,7,1,1,0,0,1.33,5.0,10.0,1.29,6.15,11.98,1.33,6.15,12.0,1.28,5.68,10.77,44.0,2015/2016
SP1,2016-04-30,Sociedad,Real Madrid,0,1,A,11,18,4,6,15,17,6,6,4,4,0,0,5.0,4.0,1.67,5.11,4.27,1.69,5.15,4.33,1.77,4.88,4.02,1.68,43.0,2015/2016
SP1,2016-04-30,Granada,Las Palmas,3,2,H,14,12,5,6,11,9,4,3,3,2,0,0,1.6,3.8,6.0,1.62,4.06,6.39,1.62,4.3,6.5,1.59,3.93,5.94,43.0,2015/2016
SP1,2016-05-01,Athletic Bilbao,Celta,2,1,H,10,5,2,2,12,19,7,2,1,5,0,1,1.85,3.6,4.33,1.86,3.84,4.5,1.91,3.9,4.5,1.84,3.65,4.2,44.0,2015/2016
SP1,2016-05-01,Espanol,Sevilla,1,0,H,11,7,7,0,20,15,4,2,3,3,0,0,2.3,3.3,3.1,2.37,3.62,3.11,2.4,3.62,3.11,2.32,3.43,3.01,44.0,2015/2016
SP1,2016-05-01,Deportivo La Coruna,Getafe,0,2,A,15,11,5,5,7,19,8,5,1,6,1,0,2.3,3.3,3.2,2.3,3.53,3.31,2.3,3.56,3.31,2.25,3.4,3.18,44.0,2015/2016
SP1,2016-05-01,Valencia,Villarreal,0,2,A,7,8,1,3,15,11,9,3,0,2,0,0,2.2,3.3,3.4,2.16,3.53,3.64,2.2,3.56,3.64,2.13,3.42,3.43,44.0,2015/2016
SP1,2016-05-02,Malaga,Levante,3,1,H,21,11,11,5,18,10,13,7,2,4,0,0,2.2,3.2,3.5,2.22,3.52,3.51,2.23,3.52,3.51,2.17,3.36,3.37,43.0,2015/2016
SP1,2016-05-08,Eibar,Real Betis,1,1,D,21,6,10,3,15,9,8,2,1,3,0,0,2.1,3.6,3.4,2.16,3.6,3.57,2.3,3.6,3.6,2.13,3.43,3.42,48.0,2015/2016
SP1,2016-05-08,Getafe,Sp Gijon,1,1,D,19,9,9,3,15,13,7,3,3,1,0,1,2.1,3.6,3.4,2.16,3.57,3.6,2.16,3.65,3.6,2.12,3.43,3.43,47.0,2015/2016
SP1,2016-05-08,Barcelona,Espanol,5,0,H,13,4,7,1,13,25,8,0,2,7,0,0,1.04,17.0,41.0,1.04,29.0,41.0,1.05,30.0,55.0,1.03,18.64,38.17,46.0,2015/2016
SP1,2016-05-08,Celta,Malaga,1,0,H,12,13,3,5,11,10,4,3,0,2,0,0,1.5,4.2,7.0,1.53,4.62,6.57,1.54,4.62,7.0,1.5,4.28,6.46,48.0,2015/2016
SP1,2016-05-08,Las Palmas,Athletic Bilbao,0,0,D,4,8,2,3,9,18,2,2,1,1,0,0,4.0,3.6,1.91,3.97,3.9,1.95,4.2,3.9,2.0,3.96,3.6,1.91,48.0,2015/2016
SP1,2016-05-08,Levante,Atletico Madrid,2,1,H,12,17,5,5,8,11,4,5,1,1,0,0,17.0,6.5,1.2,18.89,6.59,1.23,20.0,7.02,1.3,16.68,6.12,1.21,47.0,2015/2016
SP1,2016-05-08,Sociedad,Vallecano,2,1,H,12,18,6,5,7,12,5,11,2,1,1,0,3.5,3.6,2.05,3.63,3.82,2.07,3.65,3.83,2.11,3.41,3.66,2.05,47.0,2015/2016
SP1,2016-05-08,Villarreal,Deportivo La Coruna,0,2,A,11,8,4,4,14,4,8,5,3,1,0,0,2.45,3.1,3.1,2.52,3.32,3.09,2.52,3.32,3.2,2.44,3.17,3.03,47.0,2015/2016
SP1,2016-05-08,Real Madrid,Valencia,3,2,H,15,17,8,8,10,11,5,8,1,4,0,1,1.2,7.5,11.0,1.21,8.2,13.5,1.24,8.2,13.75,1.2,7.36,12.1,47.0,2015/2016
SP1,2016-05-08,Sevilla,Granada,1,4,A,12,10,6,6,18,11,5,4,4,1,0,0,2.88,3.75,2.3,2.86,3.83,2.44,2.88,3.96,2.5,2.79,3.6,2.39,47.0,2015/2016
SP1,2016-05-13,Valencia,Sociedad,0,1,A,8,14,0,7,17,12,4,6,2,2,0,0,1.95,3.75,3.75,2.06,3.84,3.63,2.1,3.9,3.9,1.98,3.71,3.63,50.0,2015/2016
SP1,2016-05-14,Athletic Bilbao,Sevilla,3,1,H,13,8,6,4,13,11,7,6,1,2,1,2,1.33,5.75,8.0,1.37,5.72,8.69,1.4,5.75,9.5,1.35,5.33,8.08,50.0,2015/2016
SP1,2016-05-14,Atletico Madrid,Celta,2,0,H,12,7,5,4,16,16,4,4,4,5,0,0,1.75,3.75,4.5,1.85,4.07,4.25,1.88,4.07,4.52,1.82,3.76,4.22,50.0,2015/2016
SP1,2016-05-14,Granada,Barcelona,0,3,A,8,12,2,10,12,10,5,6,5,2,0,0,26.0,11.0,1.08,31.13,13.64,1.09,32.0,13.84,1.18,24.88,10.79,1.09,50.0,2015/2016
SP1,2016-05-14,Deportivo La Coruna,Real Madrid,0,2,A,10,16,2,5,6,9,4,8,1,3,0,0,13.0,8.0,1.18,13.27,8.55,1.21,14.5,8.55,1.29,12.36,7.51,1.2,50.0,2015/2016
SP1,2016-05-15,Espanol,Eibar,4,2,H,11,13,7,8,10,14,3,4,4,3,0,0,2.0,3.6,3.7,2.06,3.65,3.83,2.06,3.7,4.0,2.0,3.57,3.64,50.0,2015/2016
SP1,2016-05-15,Sp Gijon,Villarreal,2,0,H,16,10,7,5,9,6,4,1,1,2,0,0,1.44,4.5,7.5,1.47,4.69,7.79,1.48,4.69,8.0,1.45,4.46,7.18,50.0,2015/2016
SP1,2016-05-15,Real Betis,Getafe,2,1,H,7,14,4,5,8,27,3,2,1,8,0,1,5.0,3.8,1.7,5.08,4.07,1.73,5.08,4.07,1.78,4.79,3.87,1.71,49.0,2015/2016
SP1,2016-05-15,Vallecano,Levante,3,1,H,21,8,9,2,12,8,9,3,1,3,0,0,1.33,5.25,9.0,1.34,5.84,9.51,1.4,5.84,9.51,1.33,5.4,8.52,50.0,2015/2016
SP1,2016-05-15,Malaga,Las Palmas,4,1,H,14,12,8,7,16,10,3,6,1,1,0,0,1.8,3.75,4.5,1.86,3.83,4.5,1.87,3.83,4.6,1.82,3.63,4.34,50.0,2015/2016
SP1,2016-08-19,Deportivo La Coruna,Eibar,2,1,H,11,12,6,6,14,17,1,8,3,3,0,0,1.95,3.4,4.2,2.01,3.39,4.39,2.05,3.44,4.44,1.97,3.31,4.18,58.0,2016/2017
SP1,2016-08-19,Malaga,Osasuna,1,1,D,14,8,4,3,11,22,5,3,2,3,0,0,1.62,3.75,6.0,1.61,3.89,7.0,1.7,3.89,7.0,1.62,3.66,6.24,57.0,2016/2017
SP1,2016-08-20,Barcelona,Real Betis,6,2,H,30,6,12,2,17,13,10,2,1,3,0,0,1.08,11.0,29.0,1.1,13.0,29.5,1.15,13.25,34.0,1.09,10.4,26.95,57.0,2016/2017
SP1,2016-08-20,Granada,Villarreal,1,1,D,7,12,1,3,17,11,7,3,2,3,0,0,2.5,3.2,3.0,2.61,3.19,3.09,2.62,3.21,3.11,2.54,3.13,2.92,56.0,2016/2017
SP1,2016-08-20,Sevilla,Espanol,6,4,H,16,10,11,7,8,15,8,2,2,2,0,0,1.67,4.0,5.0,1.73,4.02,5.18,1.73,4.07,5.5,1.68,3.86,5.04,57.0,2016/2017
SP1,2016-08-21,Atletico Madrid,Alaves,1,1,D,27,2,6,1,7,15,20,2,0,4,0,0,1.2,6.5,17.0,1.23,6.25,20.4,1.28,6.5,21.0,1.21,5.88,16.97,56.0,2016/2017
SP1,2016-08-21,Sociedad,Real Madrid,0,3,A,8,18,0,8,22,11,4,7,2,3,0,0,4.75,3.8,1.75,5.13,3.98,1.74,5.13,4.0,1.8,4.66,3.81,1.74,57.0,2016/2017
SP1,2016-08-21,Sp Gijon,Athletic Bilbao,2,1,H,12,13,4,4,18,15,2,5,3,3,0,0,4.0,3.5,1.95,4.4,3.54,1.96,4.4,3.6,2.0,4.06,3.41,1.94,56.0,2016/2017
SP1,2016-08-22,Celta,Leganes,0,1,A,10,15,2,6,5,13,8,4,4,1,0,1,1.65,3.75,5.75,1.63,4.0,6.47,1.67,4.0,6.47,1.6,3.83,5.89,54.0,2016/2017
SP1,2016-08-22,Valencia,Las Palmas,2,4,A,17,6,8,4,15,18,12,1,2,2,0,0,1.73,3.75,5.0,1.77,3.89,5.07,1.79,4.0,5.07,1.73,3.71,4.84,55.0,2016/2017
SP1,2016-08-26,Real Betis,Deportivo La Coruna,0,0,D,15,12,5,1,20,15,13,2,0,2,0,0,2.2,3.2,3.5,2.22,3.34,3.7,2.33,3.37,3.7,2.21,3.22,3.46,54.0,2016/2017
SP1,2016-08-26,Espanol,Malaga,2,2,D,7,9,2,3,20,17,3,4,2,4,0,0,2.3,3.1,3.4,2.38,3.27,3.39,2.4,3.3,3.41,2.32,3.18,3.26,54.0,2016/2017
SP1,2016-08-27,Eibar,Valencia,1,0,H,13,13,6,3,13,11,6,10,2,2,0,0,2.7,3.2,2.75,2.78,3.25,2.84,2.8,3.29,2.85,2.67,3.18,2.75,54.0,2016/2017
SP1,2016-08-27,Leganes,Atletico Madrid,0,0,D,6,10,1,3,19,5,1,8,3,1,0,0,8.5,3.6,1.53,7.88,3.83,1.58,8.5,3.9,1.62,7.32,3.65,1.56,53.0,2016/2017
SP1,2016-08-27,Osasuna,Sociedad,0,2,A,8,5,3,4,14,14,10,1,2,1,0,0,3.1,3.1,2.5,3.19,3.13,2.59,3.19,3.2,2.65,3.04,3.06,2.52,54.0,2016/2017
SP1,2016-08-27,Real Madrid,Celta,2,1,H,24,8,10,3,8,11,7,2,0,2,0,0,1.18,7.0,17.0,1.22,7.9,14.09,1.27,7.9,17.0,1.21,6.98,12.8,54.0,2016/2017
SP1,2016-08-28,Alaves,Sp Gijon,0,0,D,13,7,2,1,10,12,4,6,1,1,0,0,2.15,3.2,3.75,2.15,3.26,4.02,2.2,3.26,4.02,2.14,3.2,3.68,52.0,2016/2017
SP1,2016-08-28,Athletic Bilbao,Barcelona,0,1,A,9,12,4,3,20,13,4,4,5,4,0,0,6.5,4.33,1.5,6.44,4.66,1.54,6.7,4.9,1.6,6.09,4.41,1.52,53.0,2016/2017
SP1,2016-08-28,Las Palmas,Granada,5,1,H,15,13,10,2,8,16,6,4,5,1,0,0,1.91,3.4,4.33,1.91,3.6,4.58,2.02,3.6,4.58,1.9,3.45,4.25,53.0,2016/2017
SP1,2016-08-28,Villarreal,Sevilla,0,0,D,12,6,5,0,16,12,5,1,1,3,0,0,2.5,3.4,2.8,2.6,3.42,2.91,2.6,3.5,2.92,2.5,3.33,2.84,53.0,2016/2017
SP1,2016-09-09,Sociedad,Espanol,1,1,D,9,4,3,1,10,10,11,1,2,2,0,1,2.05,3.4,3.75,2.06,3.53,4.0,2.1,3.56,4.01,2.03,3.41,3.82,56.0,2016/2017
SP1,2016-09-10,Barcelona,Alaves,1,2,A,16,5,2,4,12,12,13,0,1,1,0,0,1.07,12.0,34.0,1.1,12.25,34.0,1.14,14.5,46.0,1.07,11.58,32.36,56.0,2016/2017
SP1,2016-09-10,Celta,Atletico Madrid,0,4,A,9,13,1,6,13,12,6,4,1,2,0,0,6.0,3.3,1.73,5.64,3.59,1.78,6.0,3.6,1.81,5.25,3.43,1.77,53.0,2016/2017
SP1,2016-09-10,Malaga,Villarreal,0,2,A,15,12,2,6,8,14,9,7,2,1,0,0,2.3,3.1,3.3,2.39,3.24,3.41,2.5,3.3,3.42,2.37,3.15,3.21,56.0,2016/2017
SP1,2016-09-10,Real Madrid,Osasuna,5,2,H,25,10,11,3,14,14,6,7,2,2,0,1,1.04,15.0,34.0,1.07,19.0,33.5,1.13,19.0,55.0,1.06,13.74,36.19,56.0,2016/2017
SP1,2016-09-10,Sevilla,Las Palmas,2,1,H,16,7,7,4,15,13,10,1,2,4,0,1,1.5,4.33,6.0,1.55,4.66,6.27,1.7,4.73,6.5,1.56,4.31,5.68,56.0,2016/2017
SP1,2016-09-11,Granada,Eibar,1,2,A,15,10,5,8,7,8,6,7,2,0,0,1,2.15,3.25,3.5,2.23,3.49,3.5,2.34,3.5,3.53,2.22,3.36,3.3,56.0,2016/2017
SP1,2016-09-11,Deportivo La Coruna,Athletic Bilbao,0,1,A,16,7,3,2,15,15,7,6,2,3,0,0,3.6,3.25,2.15,3.55,3.38,2.26,3.66,3.45,2.26,3.43,3.28,2.2,55.0,2016/2017
SP1,2016-09-11,Sp Gijon,Leganes,2,1,H,7,9,4,2,12,16,3,5,0,2,0,0,2.25,3.2,3.4,2.29,3.31,3.56,2.32,3.31,3.62,2.24,3.22,3.42,55.0,2016/2017
SP1,2016-09-11,Valencia,Real Betis,2,3,A,23,12,9,5,15,21,5,5,2,4,1,0,1.65,4.2,5.0,1.68,4.08,5.53,1.75,4.2,5.53,1.68,3.88,5.05,56.0,2016/2017
SP1,2016-09-16,Real Betis,Granada,2,2,D,23,15,7,8,13,17,7,3,4,3,1,1,1.73,3.75,5.0,1.79,3.82,5.04,1.9,3.83,5.25,1.77,3.68,4.74,57.0,2016/2017
SP1,2016-09-17,Atletico Madrid,Sp Gijon,5,0,H,18,10,7,1,14,9,1,4,0,2,0,0,1.18,6.5,21.0,1.22,6.5,21.3,1.28,6.75,22.0,1.21,5.94,18.06,54.0,2016/2017
SP1,2016-09-17,Eibar,Sevilla,1,1,D,10,8,2,4,19,10,4,2,1,1,2,0,3.1,3.3,2.35,3.08,3.5,2.44,3.1,3.57,2.48,2.95,3.39,2.39,54.0,2016/2017
SP1,2016-09-17,Las Palmas,Malaga,1,0,H,6,10,2,2,11,18,2,2,3,1,0,0,2.3,3.25,3.3,2.28,3.44,3.44,2.33,3.44,3.6,2.26,3.27,3.31,56.0,2016/2017
SP1,2016-09-17,Leganes,Barcelona,1,5,A,15,10,6,7,28,7,2,5,4,2,0,0,17.0,7.0,1.18,17.0,7.7,1.2,19.0,7.9,1.25,15.73,6.95,1.19,56.0,2016/2017
SP1,2016-09-18,Athletic Bilbao,Valencia,2,1,H,13,10,4,2,19,20,7,1,4,4,0,0,1.85,3.6,4.33,1.93,3.65,4.35,1.96,3.75,4.4,1.9,3.54,4.12,55.0,2016/2017
SP1,2016-09-18,Espanol,Real Madrid,0,2,A,11,13,2,7,19,8,4,5,4,2,0,0,7.5,5.5,1.36,7.76,5.33,1.42,9.0,5.54,1.46,7.64,5.01,1.39,56.0,2016/2017
SP1,2016-09-18,Osasuna,Celta,0,0,D,9,13,2,5,18,13,3,5,4,1,0,0,2.9,3.1,2.6,2.98,3.17,2.71,3.03,3.25,2.71,2.89,3.12,2.6,55.0,2016/2017
SP1,2016-09-18,Villarreal,Sociedad,2,1,H,9,15,4,2,13,16,3,6,2,3,0,1,1.85,3.5,4.5,1.88,3.51,4.9,1.92,3.57,5.0,1.86,3.39,4.58,55.0,2016/2017
SP1,2016-09-19,Alaves,Deportivo La Coruna,0,0,D,9,16,1,1,16,8,4,5,3,4,0,0,2.3,3.0,3.5,2.38,3.15,3.54,2.4,3.25,3.65,2.29,3.12,3.4,52.0,2016/2017
SP1,2016-09-20,Malaga,Eibar,2,1,H,14,12,6,3,7,13,7,5,2,4,0,0,1.85,3.4,4.75,1.89,3.5,4.82,1.89,3.63,5.0,1.84,3.43,4.68,57.0,2016/2017
SP1,2016-09-20,Sevilla,Real Betis,1,0,H,12,8,3,3,24,17,6,2,5,4,0,0,1.45,4.5,7.0,1.5,4.87,6.79,1.54,4.87,7.2,1.49,4.49,6.55,57.0,2016/2017
SP1,2016-09-21,Barcelona,Atletico Madrid,1,1,D,19,9,7,4,14,17,8,2,2,4,0,0,1.6,4.0,5.5,1.63,4.16,6.02,1.68,4.22,6.02,1.62,4.0,5.5,56.0,2016/2017
SP1,2016-09-21,Celta,Sp Gijon,2,1,H,16,4,5,1,16,8,8,0,2,3,0,0,1.57,4.0,6.0,1.59,4.2,6.51,1.65,4.36,6.75,1.57,4.03,6.07,54.0,2016/2017
SP1,2016-09-21,Granada,Athletic Bilbao,1,2,A,13,13,2,8,8,9,6,3,1,0,0,0,4.5,3.5,1.85,4.22,3.63,1.97,4.5,3.65,2.0,4.17,3.47,1.92,56.0,2016/2017
SP1,2016-09-21,Real Madrid,Villarreal,1,1,D,22,8,6,3,9,9,17,3,4,1,0,0,1.2,7.0,15.0,1.23,7.32,14.5,1.28,7.45,15.0,1.22,6.51,13.02,56.0,2016/2017
SP1,2016-09-21,Sociedad,Las Palmas,4,1,H,17,8,7,3,3,7,7,4,1,2,0,1,2.0,3.5,3.75,2.03,3.64,3.98,2.1,3.65,4.0,2.01,3.46,3.79,56.0,2016/2017
SP1,2016-09-22,Valencia,Alaves,2,1,H,12,8,2,1,14,13,7,4,2,3,0,0,1.57,3.75,6.0,1.57,4.25,6.66,1.75,4.29,6.66,1.58,4.01,5.97,55.0,2016/2017
SP1,2016-09-22,Deportivo La Coruna,Leganes,1,2,A,12,8,5,2,20,18,7,1,0,3,0,0,2.15,3.25,3.6,2.19,3.29,3.84,2.2,3.33,4.1,2.13,3.18,3.73,55.0,2016/2017
SP1,2016-09-22,Osasuna,Espanol,1,2,A,17,10,11,2,16,14,7,1,2,1,0,0,2.88,3.2,2.6,3.01,3.23,2.64,3.03,3.3,2.66,2.91,3.16,2.55,55.0,2016/2017
SP1,2016-09-23,Real Betis,Malaga,1,0,H,11,16,4,6,20,15,6,5,4,6,0,0,2.6,3.1,2.9,2.69,3.23,2.95,2.73,3.28,3.0,2.62,3.16,2.87,55.0,2016/2017
SP1,2016-09-24,Athletic Bilbao,Sevilla,3,1,H,14,5,7,2,9,9,4,5,2,2,0,1,2.05,3.4,3.75,2.09,3.61,3.78,2.14,3.65,3.8,2.06,3.49,3.6,55.0,2016/2017
SP1,2016-09-24,Eibar,Sociedad,2,0,H,17,3,3,0,15,13,5,3,4,2,0,1,2.45,3.2,3.0,2.58,3.24,3.09,2.64,3.3,3.09,2.55,3.19,2.92,56.0,2016/2017
SP1,2016-09-24,Las Palmas,Real Madrid,2,2,D,8,27,6,11,7,19,0,5,3,2,0,0,8.5,5.0,1.36,8.22,5.43,1.4,8.75,5.63,1.43,7.87,5.17,1.37,55.0,2016/2017
SP1,2016-09-24,Sp Gijon,Barcelona,0,5,A,10,13,3,7,15,10,4,3,1,0,1,0,13.0,6.5,1.22,12.3,6.25,1.28,13.0,6.5,1.33,10.97,5.9,1.27,54.0,2016/2017
SP1,2016-09-25,Atletico Madrid,Deportivo La Coruna,1,0,H,21,8,5,1,13,19,10,0,1,2,0,1,1.22,5.5,19.0,1.23,6.7,17.8,1.28,6.7,19.0,1.22,6.06,16.09,55.0,2016/2017
SP1,2016-09-25,Espanol,Celta,0,2,A,10,12,2,4,15,13,4,7,2,3,0,0,2.25,3.3,3.3,2.32,3.45,3.34,2.4,3.45,3.4,2.3,3.31,3.22,55.0,2016/2017
SP1,2016-09-25,Leganes,Valencia,1,2,A,7,10,3,4,19,17,1,5,4,4,0,0,2.8,3.2,2.6,2.85,3.34,2.71,2.95,3.4,2.71,2.8,3.26,2.6,55.0,2016/2017
SP1,2016-09-25,Villarreal,Osasuna,3,1,H,12,11,5,3,7,16,5,5,0,2,0,0,1.4,4.33,9.5,1.43,4.6,9.65,1.43,4.92,11.0,1.39,4.5,9.3,55.0,2016/2017
SP1,2016-09-26,Alaves,Granada,3,1,H,16,13,6,3,15,19,5,6,3,3,0,0,2.1,3.3,3.75,2.12,3.43,3.88,2.15,3.46,4.05,2.08,3.33,3.73,53.0,2016/2017
SP1,2016-09-30,Sociedad,Real Betis,1,0,H,16,5,8,2,17,22,4,2,2,3,0,0,1.8,3.5,4.75,1.87,3.62,4.8,1.87,3.75,5.1,1.82,3.53,4.65,54.0,2016/2017
SP1,2016-10-01,Granada,Leganes,0,1,A,8,9,1,3,13,20,6,4,1,0,0,0,2.45,3.3,3.0,2.49,3.42,3.08,2.55,3.45,3.12,2.45,3.27,2.98,55.0,2016/2017
SP1,2016-10-01,Deportivo La Coruna,Sp Gijon,2,1,H,21,7,6,2,17,26,11,4,0,4,0,0,1.95,3.4,4.2,2.01,3.39,4.41,2.01,3.53,4.5,1.96,3.32,4.2,54.0,2016/2017
SP1,2016-10-01,Osasuna,Las Palmas,2,2,D,5,17,3,5,17,7,1,12,3,4,0,0,2.6,3.2,2.8,2.69,3.35,2.86,2.8,3.38,2.88,2.65,3.24,2.76,55.0,2016/2017
SP1,2016-10-01,Sevilla,Alaves,2,1,H,20,6,12,1,10,13,9,2,2,6,0,0,1.44,4.33,8.0,1.47,4.63,8.0,1.52,4.8,8.1,1.45,4.46,7.3,55.0,2016/2017
SP1,2016-10-02,Celta,Barcelona,4,3,H,14,13,9,4,16,11,3,6,1,3,0,0,8.0,4.75,1.4,7.71,4.94,1.45,8.1,5.09,1.49,7.48,4.71,1.42,55.0,2016/2017
SP1,2016-10-02,Espanol,Villarreal,0,0,D,9,5,1,1,14,10,3,1,2,2,0,0,2.88,3.1,2.63,2.93,3.1,2.81,3.0,3.2,2.81,2.83,3.07,2.7,55.0,2016/2017
SP1,2016-10-02,Malaga,Athletic Bilbao,2,1,H,15,7,3,1,19,11,7,2,7,3,1,1,2.45,3.0,3.3,2.52,3.09,3.33,2.75,3.25,3.33,2.5,3.06,3.12,55.0,2016/2017
SP1,2016-10-02,Real Madrid,Eibar,1,1,D,15,7,3,4,8,15,7,5,4,5,0,0,1.08,11.0,26.0,1.1,13.4,25.0,1.15,13.5,35.0,1.09,10.88,25.74,55.0,2016/2017
SP1,2016-10-02,Valencia,Atletico Madrid,0,2,A,14,17,5,10,10,15,6,5,1,3,0,0,4.5,3.5,1.85,4.55,3.5,1.94,4.6,3.67,1.97,4.23,3.48,1.91,55.0,2016/2017
SP1,2016-10-14,Las Palmas,Espanol,0,0,D,13,5,8,2,13,21,8,4,2,3,0,0,1.95,3.4,4.2,2.04,3.51,4.09,2.12,3.6,4.2,2.02,3.43,3.86,47.0,2016/2017
SP1,2016-10-15,Atletico Madrid,Granada,7,1,H,17,9,11,2,14,8,11,3,1,1,0,0,1.13,10.0,17.0,1.14,9.5,29.5,1.17,10.0,31.22,1.12,8.47,25.5,48.0,2016/2017
SP1,2016-10-15,Barcelona,Deportivo La Coruna,4,0,H,25,7,8,0,5,15,8,2,1,2,0,1,1.1,10.0,26.0,1.12,11.5,25.0,1.17,11.66,30.0,1.11,9.63,23.41,48.0,2016/2017
SP1,2016-10-15,Real Betis,Real Madrid,1,6,A,13,22,2,9,14,8,2,5,4,1,0,0,8.0,5.25,1.36,7.94,5.46,1.41,9.0,5.65,1.44,7.79,5.18,1.38,48.0,2016/2017
SP1,2016-10-15,Leganes,Sevilla,2,3,A,19,5,6,4,17,20,5,2,2,5,0,0,3.4,3.2,2.25,3.47,3.49,2.24,3.5,3.49,2.32,3.32,3.31,2.24,48.0,2016/2017
SP1,2016-10-16,Athletic Bilbao,Sociedad,3,2,H,15,6,11,3,17,19,7,4,3,3,0,0,1.83,3.6,4.4,1.9,3.54,4.74,1.9,3.6,5.05,1.84,3.48,4.62,48.0,2016/2017
SP1,2016-10-16,Alaves,Malaga,1,1,D,8,12,4,5,14,14,6,7,3,3,1,1,2.6,3.0,3.0,2.75,3.07,3.03,2.75,3.12,3.05,2.65,3.0,2.95,48.0,2016/2017
SP1,2016-10-16,Villarreal,Celta,5,0,H,11,4,5,1,19,12,3,5,1,4,0,1,1.85,3.4,4.75,1.87,3.56,4.91,1.93,3.56,4.91,1.87,3.43,4.44,48.0,2016/2017
SP1,2016-10-16,Sp Gijon,Valencia,1,2,A,10,7,2,3,21,11,4,4,5,1,0,0,3.6,3.4,2.1,3.58,3.61,2.16,3.66,3.61,2.22,3.47,3.41,2.13,47.0,2016/2017
SP1,2016-10-17,Eibar,Osasuna,2,3,A,13,8,5,4,15,12,5,0,1,2,0,0,1.7,3.6,5.0,1.78,3.75,5.2,1.82,3.75,5.2,1.75,3.6,4.89,47.0,2016/2017
SP1,2016-10-21,Osasuna,Real Betis,1,2,A,13,12,5,6,20,12,6,4,3,2,1,0,2.4,3.2,3.1,2.59,3.32,3.0,2.68,3.4,3.1,2.55,3.18,2.92,55.0,2016/2017
SP1,2016-10-22,Espanol,Eibar,3,3,D,11,8,5,3,11,12,7,6,1,6,1,0,2.05,3.4,3.8,2.09,3.37,4.08,2.12,3.43,4.08,2.06,3.3,3.84,54.0,2016/2017
SP1,2016-10-22,Granada,Sp Gijon,0,0,D,12,3,1,3,10,12,3,3,4,1,0,0,2.1,3.4,3.6,2.16,3.46,3.73,2.3,3.52,3.73,2.14,3.33,3.52,53.0,2016/2017
SP1,2016-10-22,Sociedad,Alaves,3,0,H,16,10,5,3,17,20,4,2,3,5,0,0,1.67,3.75,5.5,1.7,3.81,5.9,1.75,3.81,6.05,1.67,3.67,5.52,54.0,2016/2017
SP1,2016-10-22,Valencia,Barcelona,2,3,A,7,15,4,8,15,13,3,1,5,4,0,0,7.0,5.25,1.4,7.67,5.24,1.43,7.67,5.26,1.51,6.79,4.9,1.43,54.0,2016/2017
SP1,2016-10-23,Celta,Deportivo La Coruna,4,1,H,9,11,7,1,17,15,5,4,3,5,0,0,1.7,3.6,5.5,1.79,3.7,5.25,1.79,3.75,5.5,1.75,3.58,5.0,54.0,2016/2017
SP1,2016-10-23,Malaga,Leganes,4,0,H,24,14,8,5,12,15,5,8,1,3,0,0,1.85,3.3,4.75,1.87,3.41,5.19,1.95,3.6,5.19,1.87,3.28,4.71,54.0,2016/2017
SP1,2016-10-23,Real Madrid,Athletic Bilbao,2,1,H,24,10,8,3,10,17,6,4,2,3,0,0,1.2,7.0,13.0,1.25,7.03,12.68,1.29,7.4,13.5,1.24,6.47,11.59,54.0,2016/2017
SP1,2016-10-23,Sevilla,Atletico Madrid,1,0,H,12,9,5,3,15,11,4,5,4,2,0,1,4.0,3.5,1.95,4.19,3.51,2.01,4.19,3.55,2.1,3.92,3.41,1.99,54.0,2016/2017
SP1,2016-10-23,Villarreal,Las Palmas,2,1,H,14,8,4,4,16,12,2,1,2,3,0,0,1.67,3.8,5.25,1.68,3.92,5.8,1.76,3.95,5.8,1.69,3.75,5.19,54.0,2016/2017
SP1,2016-10-28,Leganes,Sociedad,0,2,A,7,9,4,5,19,15,1,4,5,2,0,0,2.63,3.1,2.88,2.63,3.16,3.09,2.77,3.21,3.09,2.6,3.1,2.93,55.0,2016/2017
SP1,2016-10-29,Alaves,Real Madrid,1,4,A,8,15,3,5,15,6,4,3,5,1,0,0,13.0,6.5,1.22,14.0,6.8,1.25,15.0,7.2,1.29,12.6,6.34,1.23,56.0,2016/2017
SP1,2016-10-29,Atletico Madrid,Malaga,4,2,H,16,6,7,3,10,10,6,2,2,4,1,1,1.22,6.0,15.0,1.24,6.31,17.71,1.3,6.75,19.0,1.23,5.78,15.6,56.0,2016/2017
SP1,2016-10-29,Barcelona,Granada,1,0,H,15,1,5,0,7,17,8,1,1,4,0,0,1.05,17.0,34.0,1.06,19.0,45.0,1.11,20.94,61.0,1.05,15.65,40.93,56.0,2016/2017
SP1,2016-10-29,Sp Gijon,Sevilla,1,1,D,9,20,5,6,17,9,3,4,6,2,0,0,3.8,3.6,1.95,4.33,3.73,1.92,4.33,3.75,2.02,4.04,3.54,1.92,56.0,2016/2017
SP1,2016-10-30,Athletic Bilbao,Osasuna,1,1,D,18,7,4,3,10,11,9,2,2,1,0,0,1.36,5.0,8.5,1.41,5.01,9.16,1.45,5.15,10.27,1.38,4.7,8.85,56.0,2016/2017
SP1,2016-10-30,Real Betis,Espanol,0,1,A,13,10,5,5,15,15,8,3,3,3,0,0,2.25,3.25,3.4,2.28,3.38,3.51,2.37,3.4,3.53,2.23,3.26,3.37,55.0,2016/2017
SP1,2016-10-30,Eibar,Villarreal,2,1,H,13,6,9,1,16,16,3,7,2,3,0,0,3.0,3.2,2.5,3.19,3.18,2.55,3.2,3.22,2.61,3.04,3.14,2.48,55.0,2016/2017
SP1,2016-10-30,Las Palmas,Celta,3,3,D,17,9,8,6,13,22,8,1,2,6,0,1,2.3,3.3,3.2,2.42,3.4,3.21,2.49,3.5,3.29,2.35,3.34,3.07,56.0,2016/2017
SP1,2016-10-31,Deportivo La Coruna,Valencia,1,1,D,16,10,4,3,14,21,5,6,1,5,0,0,2.88,3.2,2.55,2.88,3.37,2.66,3.0,3.4,2.66,2.85,3.25,2.55,53.0,2016/2017
SP1,2016-11-04,Malaga,Sp Gijon,3,2,H,22,7,7,4,12,20,9,2,5,4,0,1,1.73,3.6,5.25,1.71,3.79,5.83,1.77,3.8,5.83,1.71,3.64,5.38,49.0,2016/2017
SP1,2016-11-05,Granada,Deportivo La Coruna,1,1,D,14,13,6,5,11,7,7,6,1,2,0,0,2.6,3.2,2.8,2.74,3.16,2.95,2.75,3.25,3.0,2.64,3.11,2.86,50.0,2016/2017
SP1,2016-11-05,Las Palmas,Eibar,1,0,H,16,13,6,5,10,20,7,4,1,4,0,0,1.91,3.5,4.0,1.99,3.71,4.04,2.05,3.71,4.2,1.96,3.55,3.88,50.0,2016/2017
SP1,2016-11-05,Osasuna,Alaves,0,1,A,10,12,4,3,18,10,3,4,5,2,0,0,2.25,3.2,3.4,2.32,3.25,3.54,2.35,3.3,3.55,2.26,3.17,3.42,50.0,2016/2017
SP1,2016-11-05,Sociedad,Atletico Madrid,2,0,H,12,9,3,2,18,20,6,6,2,4,0,0,5.75,3.6,1.67,5.37,3.82,1.75,5.75,3.85,1.82,5.13,3.65,1.72,49.0,2016/2017
SP1,2016-11-06,Real Madrid,Leganes,3,0,H,17,7,7,3,7,20,2,2,3,5,0,0,1.07,13.0,23.0,1.1,15.0,22.5,1.1,17.0,36.0,1.08,12.49,27.03,50.0,2016/2017
SP1,2016-11-06,Espanol,Athletic Bilbao,0,0,D,6,4,3,0,13,11,5,3,1,2,0,0,3.0,3.2,2.5,2.92,3.34,2.65,3.0,3.4,2.7,2.88,3.21,2.56,50.0,2016/2017
SP1,2016-11-06,Villarreal,Real Betis,2,0,H,15,7,7,3,16,12,10,1,0,2,0,0,1.5,4.2,7.0,1.53,4.31,7.36,1.64,4.38,7.5,1.52,4.08,6.89,50.0,2016/2017
SP1,2016-11-06,Sevilla,Barcelona,1,2,A,15,14,4,7,18,12,3,5,4,6,0,0,5.25,4.2,1.62,4.84,4.51,1.69,5.5,4.51,1.75,4.89,4.31,1.64,50.0,2016/2017
SP1,2016-11-06,Celta,Valencia,2,1,H,7,13,4,4,19,15,4,3,6,1,0,0,2.25,3.4,3.2,2.28,3.68,3.23,2.32,3.68,3.3,2.26,3.45,3.14,50.0,2016/2017
SP1,2016-11-18,Real Betis,Las Palmas,2,0,H,10,9,3,3,22,10,4,5,0,1,0,0,2.35,3.4,3.1,2.37,3.48,3.21,2.47,3.5,3.21,2.36,3.37,3.06,51.0,2016/2017
SP1,2016-11-19,Atletico Madrid,Real Madrid,0,3,A,16,12,5,7,21,14,8,6,4,2,0,0,2.5,3.3,2.9,2.44,3.44,3.12,2.6,3.44,3.15,2.46,3.3,2.97,52.0,2016/2017
SP1,2016-11-19,Barcelona,Malaga,0,0,D,28,4,8,1,13,12,14,1,0,2,0,2,1.13,9.0,21.0,1.13,10.68,23.62,1.16,10.68,25.0,1.13,9.08,20.74,52.0,2016/2017
SP1,2016-11-19,Eibar,Celta,1,0,H,12,6,5,2,11,13,7,0,2,5,0,2,2.38,3.25,3.1,2.35,3.32,3.41,2.5,3.44,3.41,2.32,3.27,3.21,51.0,2016/2017
SP1,2016-11-19,Deportivo La Coruna,Sevilla,2,3,A,4,20,3,7,15,12,3,14,3,2,0,0,3.3,3.4,2.2,3.4,3.44,2.3,3.45,3.5,2.35,3.28,3.35,2.24,52.0,2016/2017
SP1,2016-11-20,Athletic Bilbao,Villarreal,1,0,H,12,6,5,2,13,17,6,5,0,2,0,0,2.15,3.3,3.5,2.15,3.35,3.89,2.2,3.4,3.95,2.14,3.24,3.65,52.0,2016/2017
SP1,2016-11-20,Sp Gijon,Sociedad,1,3,A,4,20,1,9,17,9,3,5,2,1,0,0,3.4,3.3,2.2,3.5,3.33,2.31,3.59,3.35,2.36,3.36,3.25,2.25,51.0,2016/2017
SP1,2016-11-20,Alaves,Espanol,0,1,A,10,10,4,3,20,14,2,5,5,2,0,0,2.5,3.1,3.1,2.54,3.21,3.17,2.65,3.21,3.17,2.49,3.12,3.06,52.0,2016/2017
SP1,2016-11-20,Valencia,Granada,1,1,D,14,9,7,5,7,18,11,2,1,5,0,0,1.33,5.5,8.5,1.35,5.42,10.67,1.4,5.5,10.67,1.34,5.11,9.24,52.0,2016/2017
SP1,2016-11-21,Leganes,Osasuna,2,0,H,15,5,5,2,13,17,3,2,2,3,0,0,1.85,3.5,4.5,1.9,3.44,4.9,1.96,3.5,4.9,1.88,3.4,4.47,51.0,2016/2017
SP1,2016-11-25,Eibar,Real Betis,3,1,H,16,7,9,2,11,7,5,1,0,1,0,1,1.95,3.4,4.2,2.0,3.41,4.4,2.0,3.5,4.4,1.97,3.38,4.13,49.0,2016/2017
SP1,2016-11-26,Espanol,Leganes,3,0,H,8,8,4,3,19,16,3,4,1,2,0,0,1.85,3.4,4.75,1.83,3.47,5.34,1.92,3.5,5.34,1.83,3.36,4.87,49.0,2016/2017
SP1,2016-11-26,Malaga,Deportivo La Coruna,4,3,H,10,24,4,8,15,13,2,5,3,1,0,0,2.0,3.25,4.2,2.02,3.46,4.27,2.08,3.5,4.3,2.01,3.33,4.0,49.0,2016/2017
SP1,2016-11-26,Real Madrid,Sp Gijon,2,1,H,19,9,7,3,19,18,5,6,1,3,0,0,1.06,13.0,34.0,1.08,15.0,32.5,1.1,16.0,46.0,1.07,13.2,29.79,48.0,2016/2017
SP1,2016-11-26,Sevilla,Valencia,2,1,H,6,10,1,4,19,14,3,6,0,1,0,0,1.73,3.75,5.0,1.78,4.03,4.75,1.82,4.15,5.0,1.75,3.88,4.59,49.0,2016/2017
SP1,2016-11-27,Celta,Granada,3,1,H,16,7,6,1,4,15,5,0,0,3,0,0,1.53,4.0,7.0,1.58,4.31,6.51,1.62,4.4,7.0,1.55,4.11,6.14,49.0,2016/2017
SP1,2016-11-27,Osasuna,Atletico Madrid,0,3,A,11,7,1,5,9,6,7,4,2,2,0,0,11.0,5.25,1.3,11.58,5.44,1.32,13.5,5.75,1.36,11.4,5.23,1.3,49.0,2016/2017
SP1,2016-11-27,Sociedad,Barcelona,1,1,D,17,10,6,2,16,11,8,6,2,4,0,0,7.0,4.75,1.44,7.02,4.83,1.49,7.02,4.85,1.6,6.36,4.63,1.48,49.0,2016/2017
SP1,2016-11-27,Villarreal,Alaves,0,2,A,23,10,10,7,11,19,12,1,2,3,0,0,1.5,4.0,7.5,1.52,4.1,8.49,1.58,4.2,8.49,1.51,3.94,7.59,49.0,2016/2017
SP1,2016-11-28,Las Palmas,Athletic Bilbao,3,1,H,10,10,4,3,19,21,5,3,3,4,0,1,2.5,3.4,2.8,2.74,3.29,2.86,2.74,3.41,2.95,2.6,3.28,2.77,47.0,2016/2017
SP1,2016-12-03,Atletico Madrid,Espanol,0,0,D,11,5,3,3,10,19,9,2,2,2,0,0,1.22,6.0,15.0,1.24,6.33,17.25,1.3,6.5,18.5,1.23,5.97,14.93,47.0,2016/2017
SP1,2016-12-03,Barcelona,Real Madrid,1,1,D,11,14,2,5,19,16,5,7,4,2,0,0,1.85,4.2,4.2,1.86,4.18,4.09,1.93,4.25,4.2,1.85,4.02,3.92,47.0,2016/2017
SP1,2016-12-03,Granada,Sevilla,2,1,H,11,17,6,6,18,16,4,8,5,2,0,0,4.75,3.5,1.8,4.98,3.85,1.79,4.98,3.85,1.87,4.59,3.65,1.79,47.0,2016/2017
SP1,2016-12-03,Leganes,Villarreal,0,0,D,11,9,4,3,21,16,2,4,6,3,0,0,3.8,2.9,2.25,3.6,3.22,2.31,3.8,3.3,2.4,3.47,3.12,2.27,47.0,2016/2017
SP1,2016-12-04,Alaves,Las Palmas,1,1,D,9,10,2,3,15,11,3,5,3,3,0,0,2.5,3.2,3.0,2.54,3.22,3.16,2.55,3.33,3.16,2.48,3.19,2.99,46.0,2016/2017
SP1,2016-12-04,Athletic Bilbao,Eibar,3,1,H,12,10,5,4,9,16,2,2,1,4,0,0,1.85,3.4,4.75,1.93,3.46,4.71,1.94,3.7,4.8,1.88,3.4,4.47,45.0,2016/2017
SP1,2016-12-04,Real Betis,Celta,3,3,D,16,13,5,6,22,14,4,3,4,1,1,0,2.38,3.25,3.1,2.49,3.31,3.16,2.58,3.4,3.2,2.41,3.27,3.04,47.0,2016/2017
SP1,2016-12-04,Sp Gijon,Osasuna,3,1,H,9,15,5,2,17,13,2,5,3,1,0,0,2.0,3.3,4.0,2.08,3.34,4.16,2.15,3.41,4.3,2.03,3.33,3.89,45.0,2016/2017
SP1,2016-12-04,Valencia,Malaga,2,2,D,8,19,3,6,16,7,2,13,5,1,0,0,1.75,3.6,5.0,1.75,4.01,5.06,1.9,4.01,5.06,1.76,3.77,4.67,46.0,2016/2017
SP1,2016-12-05,Deportivo La Coruna,Sociedad,5,1,H,15,14,10,3,15,10,8,6,1,4,0,0,3.1,3.1,2.5,3.11,3.22,2.58,3.11,3.3,2.6,2.97,3.17,2.51,45.0,2016/2017
SP1,2016-12-09,Malaga,Granada,1,1,D,16,8,7,2,16,14,6,2,3,5,0,0,1.6,4.0,5.75,1.65,4.18,5.67,1.7,4.2,5.85,1.64,3.98,5.46,51.0,2016/2017
SP1,2016-12-10,Las Palmas,Leganes,1,1,D,5,11,1,6,17,18,6,4,3,3,0,0,1.8,3.5,4.75,1.82,3.76,4.89,1.85,3.81,5.1,1.79,3.62,4.7,50.0,2016/2017
SP1,2016-12-10,Osasuna,Barcelona,0,3,A,4,17,1,6,18,6,2,5,3,0,0,0,15.0,7.5,1.18,17.1,7.85,1.2,18.5,8.52,1.25,15.39,7.26,1.19,49.0,2016/2017
SP1,2016-12-10,Real Madrid,Deportivo La Coruna,3,2,H,17,4,5,2,16,17,10,3,3,4,0,0,1.17,8.0,15.0,1.19,8.25,16.85,1.21,9.35,27.0,1.17,7.77,16.27,51.0,2016/2017
SP1,2016-12-10,Sociedad,Valencia,3,2,H,14,9,6,3,17,20,8,4,4,4,0,1,1.91,3.75,3.8,1.96,3.81,4.03,2.01,3.82,4.15,1.94,3.66,3.88,50.0,2016/2017
SP1,2016-12-11,Celta,Sevilla,0,3,A,14,14,6,5,13,13,4,6,3,3,0,0,2.75,3.3,2.63,2.74,3.55,2.68,2.85,3.55,2.7,2.71,3.36,2.62,49.0,2016/2017
SP1,2016-12-11,Real Betis,Athletic Bilbao,1,0,H,6,14,1,4,14,12,3,7,3,2,0,0,3.1,3.25,2.38,3.15,3.35,2.47,3.35,3.35,2.5,3.12,3.23,2.39,49.0,2016/2017
SP1,2016-12-11,Espanol,Sp Gijon,2,1,H,12,13,6,5,13,10,4,3,1,2,0,0,1.73,3.75,5.0,1.73,3.7,5.8,1.77,3.8,5.8,1.72,3.6,5.27,48.0,2016/2017
SP1,2016-12-11,Eibar,Alaves,0,0,D,8,3,1,3,14,7,7,2,1,1,0,0,1.83,3.6,4.5,1.86,3.53,5.01,2.0,3.6,5.01,1.85,3.43,4.63,49.0,2016/2017
SP1,2016-12-12,Villarreal,Atletico Madrid,3,0,H,9,13,5,3,13,13,2,7,3,3,0,0,4.5,3.5,1.85,4.54,3.44,1.96,4.86,3.5,2.0,4.32,3.36,1.92,48.0,2016/2017
SP1,2016-12-16,Alaves,Real Betis,1,0,H,10,6,2,3,20,6,6,4,6,1,0,0,2.3,3.1,3.4,2.42,3.12,3.5,2.5,3.35,3.75,2.36,3.1,3.36,50.0,2016/2017
SP1,2016-12-17,Atletico Madrid,Las Palmas,1,0,H,16,11,3,3,15,11,8,5,2,1,0,0,1.29,5.5,9.5,1.31,5.81,11.66,1.35,5.95,12.88,1.3,5.46,10.89,49.0,2016/2017
SP1,2016-12-17,Granada,Sociedad,0,2,A,10,18,4,6,9,11,5,9,0,1,0,0,3.75,3.4,2.0,3.76,3.56,2.11,3.85,3.6,2.18,3.67,3.44,2.07,50.0,2016/2017
SP1,2016-12-17,Sevilla,Malaga,4,1,H,9,16,5,3,17,12,3,6,2,3,1,0,1.5,4.1,6.5,1.55,4.55,6.42,1.6,4.6,7.0,1.53,4.31,6.2,49.0,2016/2017
SP1,2016-12-17,Sp Gijon,Villarreal,1,3,A,16,14,7,9,16,14,12,2,2,1,0,0,3.25,3.3,2.2,3.68,3.33,2.23,3.75,3.42,2.3,3.53,3.28,2.18,49.0,2016/2017
SP1,2016-12-18,Barcelona,Espanol,4,1,H,14,4,7,1,11,16,5,2,0,3,0,0,1.1,10.0,26.0,1.11,11.58,27.71,1.17,12.38,29.71,1.1,10.21,24.66,49.0,2016/2017
SP1,2016-12-18,Deportivo La Coruna,Osasuna,2,0,H,8,13,4,3,8,16,5,1,1,3,0,0,1.57,3.75,6.0,1.59,4.11,6.82,1.7,4.3,7.0,1.57,3.99,6.24,50.0,2016/2017
SP1,2016-12-18,Leganes,Eibar,1,1,D,8,15,2,4,10,10,3,6,2,2,1,0,2.55,3.1,2.88,2.74,3.09,3.02,2.77,3.2,3.15,2.63,3.09,2.92,50.0,2016/2017
SP1,2016-12-19,Athletic Bilbao,Celta,2,1,H,10,10,7,4,16,13,9,7,4,2,0,1,1.83,3.5,4.33,1.91,3.68,4.47,1.97,3.68,4.5,1.88,3.53,4.29,49.0,2016/2017
SP1,2017-01-06,Espanol,Deportivo La Coruna,1,1,D,14,13,4,3,13,14,2,8,1,1,0,1,2.05,3.3,3.8,2.12,3.25,4.15,2.18,3.4,4.15,2.07,3.28,3.88,51.0,2016/2017
SP1,2017-01-07,Eibar,Atletico Madrid,0,2,A,15,8,2,4,11,10,5,3,2,2,0,0,5.5,3.5,1.73,5.48,3.78,1.75,5.75,3.8,1.77,5.38,3.64,1.71,50.0,2016/2017
SP1,2017-01-07,Las Palmas,Sp Gijon,1,0,H,16,10,10,2,8,18,8,3,2,3,0,0,1.67,3.75,5.5,1.66,4.12,5.76,1.71,4.12,5.76,1.67,3.9,5.29,49.0,2016/2017
SP1,2017-01-07,Real Madrid,Granada,5,0,H,23,3,13,1,11,12,9,1,1,4,0,0,1.07,13.0,26.0,1.08,16.25,27.0,1.1,17.33,41.59,1.07,13.06,28.44,50.0,2016/2017
SP1,2017-01-07,Sociedad,Sevilla,0,4,A,11,11,5,10,15,18,7,4,2,3,0,0,2.25,3.4,3.2,2.35,3.62,3.14,2.4,3.62,3.25,2.3,3.47,3.08,49.0,2016/2017
SP1,2017-01-08,Athletic Bilbao,Alaves,0,0,D,15,10,4,4,10,13,13,4,2,4,0,0,1.53,3.8,7.5,1.59,4.14,6.64,1.61,4.14,7.5,1.56,3.92,6.58,50.0,2016/2017
SP1,2017-01-08,Real Betis,Leganes,2,0,H,16,9,3,3,10,20,4,2,2,6,0,0,2.1,3.25,3.75,2.19,3.21,3.96,2.19,3.4,4.06,2.12,3.22,3.79,50.0,2016/2017
SP1,2017-01-08,Celta,Malaga,3,1,H,6,13,3,4,17,15,2,7,1,4,0,0,1.85,3.6,4.33,1.88,3.78,4.42,1.92,3.85,4.43,1.87,3.69,4.16,50.0,2016/2017
SP1,2017-01-08,Villarreal,Barcelona,1,1,D,6,20,3,7,16,13,2,4,1,2,1,0,6.0,4.33,1.53,5.91,4.54,1.58,6.25,4.66,1.59,5.86,4.37,1.54,50.0,2016/2017
SP1,2017-01-09,Osasuna,Valencia,3,3,D,22,7,4,3,19,13,7,3,2,5,0,0,4.0,3.5,1.95,3.92,3.74,2.01,4.1,3.74,2.02,3.86,3.59,1.96,50.0,2016/2017
SP1,2017-01-14,Barcelona,Las Palmas,5,0,H,22,7,10,1,15,11,5,1,3,4,0,0,1.1,11.0,26.0,1.1,13.22,25.51,1.14,13.22,29.0,1.1,10.84,23.5,49.0,2016/2017
SP1,2017-01-14,Atletico Madrid,Real Betis,1,0,H,6,10,3,6,15,17,9,2,1,3,0,0,1.2,6.5,17.0,1.22,6.7,18.2,1.26,6.9,20.8,1.21,6.3,16.58,49.0,2016/2017
SP1,2017-01-14,Leganes,Athletic Bilbao,0,0,D,15,10,5,2,20,11,4,8,3,3,0,0,3.25,3.1,2.38,3.46,3.18,2.4,3.47,3.3,2.43,3.29,3.13,2.37,49.0,2016/2017
SP1,2017-01-14,Deportivo La Coruna,Villarreal,0,0,D,13,4,3,1,14,8,10,0,0,1,0,0,2.7,3.1,2.8,2.73,3.22,2.91,2.81,3.25,2.91,2.71,3.12,2.79,49.0,2016/2017
SP1,2017-01-15,Celta,Alaves,1,0,H,13,9,4,1,19,10,7,4,4,3,0,1,1.7,3.75,5.25,1.72,3.75,5.74,1.75,3.87,5.85,1.7,3.7,5.28,51.0,2016/2017
SP1,2017-01-15,Granada,Osasuna,1,1,D,8,13,4,3,13,23,3,5,2,4,2,0,2.05,3.4,3.8,2.06,3.53,3.98,2.1,3.53,4.15,2.01,3.43,3.85,49.0,2016/2017
SP1,2017-01-15,Sevilla,Real Madrid,2,1,H,9,10,4,3,13,10,6,1,3,1,0,0,3.6,3.8,1.95,3.71,3.93,2.02,3.85,4.04,2.02,3.62,3.8,1.97,49.0,2016/2017
SP1,2017-01-15,Sp Gijon,Eibar,2,3,A,10,18,4,7,13,16,2,4,4,0,0,0,2.9,3.1,2.6,2.98,3.3,2.62,2.98,3.3,2.7,2.87,3.21,2.57,48.0,2016/2017
SP1,2017-01-15,Valencia,Espanol,2,1,H,10,6,5,3,17,13,6,3,5,0,0,0,1.91,3.6,4.0,1.98,3.63,4.18,2.0,3.75,4.22,1.95,3.55,3.96,49.0,2016/2017
SP1,2017-01-16,Malaga,Sociedad,0,2,A,5,11,1,5,22,12,8,8,0,2,0,0,2.4,3.3,3.0,2.49,3.39,3.09,2.55,3.41,3.09,2.46,3.28,2.97,48.0,2016/2017
SP1,2017-01-20,Las Palmas,Deportivo La Coruna,1,1,D,9,7,3,1,13,8,4,5,0,1,1,0,2.25,3.3,3.3,2.4,3.35,3.29,2.46,3.4,3.44,2.33,3.28,3.23,50.0,2016/2017
SP1,2017-01-21,Alaves,Leganes,2,2,D,8,13,3,4,9,20,4,3,3,2,0,0,2.2,3.1,3.6,2.3,3.17,3.69,2.31,3.22,3.75,2.23,3.11,3.63,51.0,2016/2017
SP1,2017-01-21,Espanol,Granada,3,1,H,17,7,8,4,19,17,10,5,0,3,0,0,1.57,4.0,6.0,1.65,3.93,6.26,1.66,4.1,6.6,1.6,3.86,6.15,51.0,2016/2017
SP1,2017-01-21,Real Madrid,Malaga,2,1,H,14,10,7,6,7,20,5,4,2,3,0,0,1.13,10.0,17.0,1.14,10.5,20.25,1.17,10.5,22.0,1.13,9.4,18.15,51.0,2016/2017
SP1,2017-01-21,Villarreal,Valencia,0,2,A,20,13,5,5,14,17,7,2,2,2,0,0,1.85,3.6,4.33,1.88,3.69,4.63,1.96,3.7,4.63,1.88,3.56,4.31,50.0,2016/2017
SP1,2017-01-22,Athletic Bilbao,Atletico Madrid,2,2,D,8,11,5,5,12,9,2,6,2,3,0,0,4.0,3.2,2.05,4.07,3.35,2.1,4.04,3.4,2.15,3.86,3.26,2.08,50.0,2016/2017
SP1,2017-01-22,Real Betis,Sp Gijon,0,0,D,16,7,4,1,14,20,9,5,2,2,0,0,1.73,3.6,5.25,1.71,3.78,5.83,1.76,3.8,5.83,1.71,3.65,5.33,50.0,2016/2017
SP1,2017-01-22,Eibar,Barcelona,0,4,A,14,14,6,7,12,4,8,5,3,1,0,0,9.5,6.0,1.29,10.23,6.01,1.32,11.25,6.14,1.35,9.71,5.79,1.3,50.0,2016/2017
SP1,2017-01-22,Osasuna,Sevilla,3,4,A,14,13,7,9,14,8,3,6,5,3,0,0,6.0,4.33,1.53,6.35,4.57,1.55,6.65,4.66,1.65,6.1,4.39,1.53,51.0,2016/2017
SP1,2017-01-22,Sociedad,Celta,1,0,H,17,11,6,5,13,12,4,3,2,2,0,0,1.95,3.6,3.8,1.96,3.68,4.19,2.1,3.7,4.19,1.97,3.56,3.87,50.0,2016/2017
SP1,2017-01-27,Osasuna,Malaga,1,1,D,14,14,2,5,9,16,4,6,1,0,0,0,2.88,3.3,2.5,3.0,3.36,2.57,3.13,3.4,2.65,2.91,3.3,2.52,51.0,2016/2017
SP1,2017-01-28,Alaves,Atletico Madrid,0,0,D,19,8,4,2,19,18,7,2,3,2,0,0,6.0,3.6,1.62,6.74,3.71,1.66,6.82,3.8,1.71,6.2,3.63,1.64,50.0,2016/2017
SP1,2017-01-28,Eibar,Deportivo La Coruna,3,1,H,12,20,6,7,14,7,9,10,0,2,0,0,2.1,3.25,3.75,2.19,3.38,3.73,2.22,3.38,3.82,2.16,3.28,3.58,50.0,2016/2017
SP1,2017-01-28,Leganes,Celta,0,2,A,6,3,0,3,20,14,8,0,1,1,0,0,2.3,3.1,3.4,2.38,3.23,3.44,2.6,3.28,3.44,2.37,3.18,3.24,50.0,2016/2017
SP1,2017-01-28,Villarreal,Granada,2,0,H,18,7,6,0,11,18,7,4,3,2,0,0,1.36,4.75,9.5,1.37,5.08,10.66,1.42,5.08,10.66,1.37,4.75,9.58,50.0,2016/2017
SP1,2017-01-29,Espanol,Sevilla,3,1,H,16,12,8,5,18,14,7,4,2,2,0,1,3.3,3.4,2.2,3.43,3.63,2.21,3.6,3.63,2.28,3.33,3.47,2.18,48.0,2016/2017
SP1,2017-01-29,Athletic Bilbao,Sp Gijon,2,1,H,11,5,6,3,11,22,5,0,4,3,0,0,1.36,4.75,9.5,1.36,5.14,11.35,1.38,5.25,11.35,1.34,4.96,9.98,49.0,2016/2017
SP1,2017-01-29,Real Betis,Barcelona,1,1,D,17,10,7,4,17,12,8,2,2,3,0,0,12.0,6.0,1.25,13.36,6.5,1.26,13.37,6.5,1.3,11.49,6.08,1.26,49.0,2016/2017
SP1,2017-01-29,Real Madrid,Sociedad,3,0,H,7,9,4,3,16,11,0,3,2,1,0,1,1.25,6.5,10.0,1.25,7.16,11.96,1.3,7.16,12.38,1.25,6.43,10.79,49.0,2016/2017
SP1,2017-01-30,Las Palmas,Valencia,3,1,H,9,8,4,3,17,13,6,3,1,3,0,1,2.5,3.4,2.8,2.59,3.57,2.82,2.65,3.57,2.92,2.51,3.4,2.8,46.0,2016/2017
SP1,2017-02-04,Atletico Madrid,Leganes,2,0,H,12,15,4,2,10,15,3,6,1,1,0,0,1.29,5.0,15.0,1.3,5.47,15.13,1.33,5.5,15.85,1.29,5.1,13.82,44.0,2016/2017
SP1,2017-02-04,Barcelona,Athletic Bilbao,3,0,H,16,10,6,5,11,18,7,3,1,3,0,0,1.22,6.5,13.0,1.25,7.19,12.68,1.28,7.19,13.01,1.24,6.56,11.97,44.0,2016/2017
SP1,2017-02-04,Malaga,Espanol,0,1,A,19,4,5,3,9,18,17,2,1,4,0,0,2.1,3.4,3.6,2.21,3.34,3.72,2.23,3.42,3.77,2.15,3.33,3.57,44.0,2016/2017
SP1,2017-02-04,Valencia,Eibar,0,4,A,8,11,1,7,12,10,2,6,2,1,1,0,1.91,3.6,4.0,1.92,3.75,4.32,1.98,3.77,4.5,1.91,3.64,4.05,48.0,2016/2017
SP1,2017-02-05,Sevilla,Villarreal,0,0,D,14,11,4,4,14,16,9,0,2,2,0,0,1.6,3.8,6.0,1.67,4.08,5.72,1.72,4.08,6.0,1.65,3.93,5.36,48.0,2016/2017
SP1,2017-02-05,Sociedad,Osasuna,3,2,H,13,11,6,5,6,22,3,2,2,2,0,0,1.3,5.25,11.0,1.35,5.37,10.55,1.38,5.56,11.0,1.33,5.13,10.07,48.0,2016/2017
SP1,2017-02-05,Sp Gijon,Alaves,2,4,A,12,14,4,7,20,20,8,4,7,3,0,0,2.2,3.3,3.4,2.19,3.33,3.81,2.32,3.35,3.81,2.2,3.22,3.57,44.0,2016/2017
SP1,2017-02-06,Granada,Las Palmas,1,0,H,12,15,4,5,27,9,6,5,5,3,0,0,3.0,3.4,2.38,3.15,3.49,2.41,3.15,3.5,2.5,3.03,3.35,2.39,47.0,2016/2017
SP1,2017-02-10,Espanol,Sociedad,1,2,A,7,15,2,5,15,14,5,6,3,2,0,0,2.8,3.2,2.63,2.89,3.21,2.76,3.02,3.25,2.78,2.83,3.15,2.68,41.0,2016/2017
SP1,2017-02-11,Athletic Bilbao,Deportivo La Coruna,2,1,H,13,8,5,3,12,11,3,2,1,2,0,0,1.67,3.6,5.75,1.75,3.76,5.54,1.8,3.8,5.75,1.71,3.66,5.38,40.0,2016/2017
SP1,2017-02-11,Alaves,Barcelona,0,6,A,9,21,4,9,16,9,3,9,1,3,0,0,10.0,5.5,1.3,11.0,5.88,1.32,11.5,5.88,1.37,10.05,5.36,1.32,41.0,2016/2017
SP1,2017-02-11,Osasuna,Real Madrid,1,3,A,11,12,8,6,10,8,3,2,3,2,0,0,13.0,6.5,1.22,12.25,6.9,1.26,14.36,6.9,1.28,11.99,6.36,1.24,41.0,2016/2017
SP1,2017-02-11,Real Betis,Valencia,0,0,D,16,8,2,4,15,17,4,6,4,3,0,0,2.5,3.25,2.9,2.51,3.41,3.05,2.6,3.42,3.07,2.49,3.29,2.95,40.0,2016/2017
SP1,2017-02-12,Atletico Madrid,Celta,3,2,H,16,14,5,6,11,13,3,3,1,2,0,0,1.4,4.5,8.5,1.39,5.11,9.68,1.43,5.11,9.68,1.38,4.75,8.95,40.0,2016/2017
SP1,2017-02-12,Las Palmas,Sevilla,0,1,A,15,12,7,3,15,16,1,4,2,4,0,0,3.3,3.6,2.1,3.42,3.67,2.2,3.42,3.7,2.32,3.25,3.55,2.19,40.0,2016/2017
SP1,2017-02-12,Leganes,Sp Gijon,0,2,A,9,4,3,2,16,16,4,3,3,6,0,1,1.83,3.4,4.75,1.87,3.5,5.01,1.89,3.6,5.01,1.84,3.42,4.75,40.0,2016/2017
SP1,2017-02-12,Villarreal,Malaga,1,1,D,12,11,5,5,14,12,9,9,0,5,1,0,1.8,3.5,4.75,1.82,3.74,4.94,1.87,3.81,5.0,1.8,3.61,4.72,41.0,2016/2017
SP1,2017-02-13,Eibar,Granada,4,0,H,25,13,9,3,11,14,7,8,2,2,0,0,1.55,4.2,6.0,1.6,4.32,6.14,1.64,4.33,6.5,1.58,4.11,5.91,39.0,2016/2017
SP1,2017-02-17,Granada,Real Betis,4,1,H,10,6,8,2,18,9,4,7,4,1,1,1,3.0,3.2,2.5,3.04,3.25,2.61,3.04,3.32,2.65,2.92,3.22,2.54,44.0,2016/2017
SP1,2017-02-18,Sevilla,Eibar,2,0,H,11,11,5,3,13,11,5,2,2,3,0,0,1.45,4.5,7.0,1.54,4.66,6.44,1.56,4.66,7.0,1.51,4.42,6.19,44.0,2016/2017
SP1,2017-02-18,Sp Gijon,Atletico Madrid,1,4,A,15,11,2,6,12,10,12,3,1,1,0,0,7.5,4.0,1.5,7.51,4.32,1.53,7.71,4.35,1.56,6.99,4.13,1.51,44.0,2016/2017
SP1,2017-02-18,Deportivo La Coruna,Alaves,0,1,A,16,6,4,4,13,13,10,6,5,3,0,0,2.0,3.1,4.2,2.03,3.32,4.42,2.1,3.4,4.42,2.01,3.26,4.1,44.0,2016/2017
SP1,2017-02-18,Real Madrid,Espanol,2,0,H,12,3,3,1,12,13,13,2,3,4,0,0,1.14,8.0,21.0,1.18,8.45,18.5,1.2,8.49,21.0,1.17,7.55,16.32,44.0,2016/2017
SP1,2017-02-19,Celta,Osasuna,3,0,H,11,8,4,3,14,18,3,5,1,0,0,0,1.57,4.2,5.5,1.61,4.19,6.22,1.62,4.28,6.22,1.58,4.08,5.81,44.0,2016/2017
SP1,2017-02-19,Barcelona,Leganes,2,1,H,13,11,6,6,8,18,4,4,1,3,0,0,1.07,11.0,41.0,1.08,15.18,32.91,1.11,15.18,41.0,1.08,11.36,28.52,44.0,2016/2017
SP1,2017-02-19,Valencia,Athletic Bilbao,2,0,H,15,15,5,5,17,11,3,1,0,1,0,0,2.3,3.25,3.25,2.37,3.44,3.24,2.4,3.44,3.29,2.32,3.32,3.15,44.0,2016/2017
SP1,2017-02-19,Sociedad,Villarreal,0,1,A,16,7,0,3,8,19,7,4,2,4,0,0,1.95,3.3,4.2,1.94,3.6,4.39,2.01,3.6,4.42,1.93,3.41,4.24,43.0,2016/2017
SP1,2017-02-20,Malaga,Las Palmas,2,1,H,13,13,6,4,23,14,2,6,3,3,1,0,1.95,3.5,4.0,1.99,3.54,4.25,2.02,3.6,4.35,1.96,3.46,4.0,41.0,2016/2017
SP1,2017-02-22,Valencia,Real Madrid,2,1,H,8,22,5,5,12,18,3,11,5,2,0,0,6.0,4.33,1.53,5.89,4.63,1.57,6.0,4.63,1.6,5.67,4.4,1.56,47.0,2016/2017
SP1,2017-02-24,Las Palmas,Sociedad,0,1,A,18,9,7,2,14,19,6,1,2,2,0,0,2.6,3.4,2.7,2.74,3.41,2.77,2.76,3.52,2.85,2.66,3.34,2.7,49.0,2016/2017
SP1,2017-02-25,Alaves,Valencia,2,1,H,13,5,5,2,13,16,2,1,4,2,0,1,2.63,3.1,2.88,2.71,3.16,2.99,2.8,3.3,2.99,2.67,3.09,2.86,48.0,2016/2017
SP1,2017-02-25,Real Betis,Sevilla,1,2,A,15,13,4,4,19,17,4,4,3,3,0,0,3.8,3.4,2.05,3.75,3.54,2.1,3.9,3.57,2.15,3.69,3.46,2.06,48.0,2016/2017
SP1,2017-02-25,Eibar,Malaga,3,0,H,8,4,4,2,11,18,2,2,2,4,0,1,2.05,3.4,3.8,2.08,3.55,3.91,2.2,3.6,3.91,2.05,3.46,3.7,48.0,2016/2017
SP1,2017-02-25,Leganes,Deportivo La Coruna,4,0,H,7,11,5,3,18,13,2,7,2,5,0,1,2.4,3.1,3.2,2.64,3.12,3.11,2.64,3.3,3.25,2.5,3.07,3.11,48.0,2016/2017
SP1,2017-02-26,Atletico Madrid,Barcelona,1,2,A,12,15,4,6,28,14,6,5,4,2,0,0,3.0,3.4,2.38,2.99,3.52,2.49,3.05,3.52,2.55,2.94,3.41,2.42,49.0,2016/2017
SP1,2017-02-26,Athletic Bilbao,Granada,3,1,H,14,7,7,2,14,16,0,3,1,5,0,0,1.44,4.5,7.5,1.49,4.57,7.68,1.5,4.8,8.32,1.47,4.38,7.31,47.0,2016/2017
SP1,2017-02-26,Espanol,Osasuna,3,0,H,18,4,6,1,11,10,10,2,1,4,0,1,1.67,3.8,5.5,1.67,3.88,6.09,1.72,3.88,6.14,1.66,3.72,5.75,48.0,2016/2017
SP1,2017-02-26,Villarreal,Real Madrid,2,3,A,11,25,4,6,15,6,5,5,4,1,0,0,5.5,3.75,1.67,5.28,4.1,1.7,5.5,4.2,1.73,5.04,3.93,1.69,47.0,2016/2017
SP1,2017-02-26,Sp Gijon,Celta,1,1,D,20,16,6,5,9,17,7,5,2,4,1,0,2.63,3.4,2.63,2.78,3.31,2.78,2.78,3.42,2.82,2.69,3.28,2.7,47.0,2016/2017
SP1,2017-02-28,Malaga,Real Betis,1,2,A,15,11,4,5,8,16,7,5,3,5,0,0,1.95,3.5,4.0,1.96,3.46,4.5,2.0,3.52,4.5,1.94,3.42,4.19,48.0,2016/2017
SP1,2017-02-28,Sociedad,Eibar,2,2,D,14,13,7,4,12,20,3,5,3,4,1,1,1.85,3.5,4.5,1.85,3.65,4.82,1.88,3.72,4.82,1.83,3.56,4.58,48.0,2016/2017
SP1,2017-02-28,Valencia,Leganes,1,0,H,16,3,6,0,12,26,7,3,3,2,0,1,1.75,3.6,5.0,1.81,3.63,5.22,1.82,3.9,5.35,1.77,3.53,5.02,48.0,2016/2017
SP1,2017-03-01,Barcelona,Sp Gijon,6,1,H,25,5,9,2,14,12,10,3,1,3,0,0,1.05,15.0,41.0,1.08,17.5,30.2,1.1,17.5,46.0,1.06,13.63,30.72,47.0,2016/2017
SP1,2017-03-01,Celta,Espanol,2,2,D,8,8,4,2,16,8,1,3,2,2,1,0,1.91,3.4,4.33,1.95,3.5,4.53,1.98,3.52,4.53,1.93,3.42,4.21,48.0,2016/2017
SP1,2017-03-01,Granada,Alaves,2,1,H,13,11,6,5,19,15,4,4,6,4,0,2,2.63,3.2,2.8,2.74,3.18,2.94,2.77,3.3,2.96,2.68,3.1,2.81,48.0,2016/2017
SP1,2017-03-01,Osasuna,Villarreal,1,4,A,17,12,3,6,10,13,8,2,3,3,0,0,3.8,3.4,2.05,3.88,3.4,2.14,4.3,3.5,2.14,3.8,3.33,2.07,48.0,2016/2017
SP1,2017-03-01,Real Madrid,Las Palmas,3,3,D,20,17,7,8,15,16,7,4,4,3,1,0,1.13,9.0,21.0,1.15,10.2,19.25,1.18,10.26,21.0,1.14,8.77,17.82,48.0,2016/2017
SP1,2017-03-02,Deportivo La Coruna,Atletico Madrid,1,1,D,13,10,2,4,14,10,7,2,2,1,0,0,5.5,3.75,1.65,6.22,3.66,1.7,6.22,4.0,1.74,5.59,3.62,1.69,48.0,2016/2017
SP1,2017-03-02,Sevilla,Athletic Bilbao,1,0,H,14,14,4,4,16,10,6,9,6,2,0,0,1.67,3.8,5.25,1.68,4.07,5.58,1.72,4.07,5.58,1.67,3.89,5.14,47.0,2016/2017
SP1,2017-03-03,Real Betis,Sociedad,2,3,A,12,9,5,6,18,15,7,6,4,2,0,0,2.6,3.2,2.88,2.72,3.15,2.99,2.73,3.22,3.1,2.61,3.1,2.95,48.0,2016/2017
SP1,2017-03-04,Barcelona,Celta,5,0,H,19,7,9,2,10,16,10,1,1,3,0,0,1.13,8.5,23.0,1.16,9.6,19.5,1.18,10.4,23.0,1.14,9.08,17.88,47.0,2016/2017
SP1,2017-03-04,Eibar,Real Madrid,1,4,A,12,12,2,7,13,14,4,4,1,1,0,0,5.0,4.0,1.67,4.99,4.22,1.71,6.2,4.35,1.75,5.03,3.99,1.68,47.0,2016/2017
SP1,2017-03-04,Leganes,Granada,1,0,H,16,1,4,1,17,19,7,4,3,2,0,0,1.8,3.4,5.0,1.85,3.48,5.23,1.88,3.6,5.4,1.81,3.41,5.0,47.0,2016/2017
SP1,2017-03-04,Villarreal,Espanol,2,0,H,11,8,6,2,13,18,1,1,2,2,0,0,1.73,3.6,5.25,1.77,3.63,5.57,1.82,3.7,5.57,1.76,3.57,5.12,47.0,2016/2017
SP1,2017-03-05,Athletic Bilbao,Malaga,1,0,H,15,8,3,2,13,18,8,2,3,5,0,0,1.75,3.6,5.0,1.82,3.65,5.07,1.85,3.75,5.07,1.8,3.62,4.66,46.0,2016/2017
SP1,2017-03-05,Atletico Madrid,Valencia,3,0,H,18,6,8,2,17,9,6,2,1,2,0,0,1.44,4.5,7.5,1.49,4.7,7.4,1.51,4.7,7.8,1.47,4.46,7.05,46.0,2016/2017
SP1,2017-03-05,Las Palmas,Osasuna,5,2,H,16,10,8,4,7,21,5,1,4,4,0,0,1.57,4.0,6.0,1.6,4.37,6.0,1.63,4.37,6.2,1.59,4.12,5.75,46.0,2016/2017
SP1,2017-03-05,Sp Gijon,Deportivo La Coruna,0,1,A,9,7,2,3,11,13,6,4,4,5,0,0,2.6,3.2,2.88,2.71,3.28,2.89,2.71,3.32,3.02,2.59,3.23,2.84,46.0,2016/2017
SP1,2017-03-06,Alaves,Sevilla,1,1,D,18,9,4,1,12,16,2,2,2,5,0,0,4.1,3.4,1.95,4.22,3.48,2.02,4.22,3.5,2.04,4.0,3.4,1.98,46.0,2016/2017
SP1,2017-03-08,Deportivo La Coruna,Real Betis,1,1,D,15,5,5,3,22,17,6,4,4,7,0,0,2.15,3.2,3.7,2.13,3.33,3.99,2.2,3.4,4.01,2.09,3.27,3.77,46.0,2016/2017
SP1,2017-03-10,Espanol,Las Palmas,4,3,H,12,12,6,5,18,12,2,5,2,4,0,0,2.2,3.4,3.3,2.27,3.39,3.52,2.32,3.4,3.57,2.22,3.34,3.38,45.0,2016/2017
SP1,2017-03-11,Granada,Atletico Madrid,0,1,A,12,15,2,6,14,15,4,9,3,3,1,0,7.5,4.0,1.5,7.73,4.41,1.51,8.02,4.41,1.55,7.25,4.16,1.5,45.0,2016/2017
SP1,2017-03-11,Malaga,Alaves,1,2,A,15,4,9,2,17,13,5,3,2,1,0,1,2.0,3.3,4.0,2.03,3.33,4.4,2.07,3.5,4.4,2.0,3.28,4.13,45.0,2016/2017
SP1,2017-03-11,Sevilla,Leganes,1,1,D,12,12,4,4,20,20,4,1,2,3,0,0,1.36,4.75,8.0,1.43,4.65,9.35,1.44,4.8,9.5,1.4,4.57,8.58,45.0,2016/2017
SP1,2017-03-11,Valencia,Sp Gijon,1,1,D,20,10,7,4,15,20,7,9,3,5,0,0,1.5,4.33,6.5,1.5,4.73,7.15,1.53,4.8,7.5,1.48,4.49,6.75,44.0,2016/2017
SP1,2017-03-12,Celta,Villarreal,0,1,A,12,8,1,4,8,11,4,3,4,5,0,0,2.75,3.2,2.75,2.81,3.29,2.77,2.84,3.31,2.8,2.75,3.19,2.7,44.0,2016/2017
SP1,2017-03-12,Deportivo La Coruna,Barcelona,2,1,H,14,16,9,5,7,8,4,8,2,0,0,0,13.0,6.5,1.22,13.05,7.01,1.25,15.0,7.13,1.27,12.41,6.55,1.23,44.0,2016/2017
SP1,2017-03-12,Real Madrid,Real Betis,2,1,H,14,9,4,4,8,21,8,4,1,0,0,1,1.13,9.0,21.0,1.14,10.34,21.04,1.16,10.69,27.73,1.12,9.24,21.5,44.0,2016/2017
SP1,2017-03-12,Sociedad,Athletic Bilbao,0,2,A,16,9,4,5,15,22,8,3,3,6,0,0,2.1,3.3,3.5,2.19,3.47,3.63,2.25,3.5,3.63,2.16,3.34,3.5,44.0,2016/2017
SP1,2017-03-13,Osasuna,Eibar,1,1,D,10,14,6,7,15,14,6,6,4,4,0,0,3.6,3.4,2.1,3.78,3.58,2.1,3.9,3.8,2.15,3.57,3.49,2.08,42.0,2016/2017
SP1,2017-03-17,Las Palmas,Villarreal,1,0,H,19,8,10,3,14,14,8,5,2,2,0,1,2.55,3.4,2.75,2.64,3.59,2.75,2.72,3.6,2.9,2.58,3.44,2.72,47.0,2016/2017
SP1,2017-03-18,Alaves,Sociedad,1,0,H,10,10,5,2,14,13,5,8,3,3,0,1,2.55,3.2,2.9,2.65,3.17,3.06,2.9,3.28,3.06,2.62,3.12,2.9,47.0,2016/2017
SP1,2017-03-18,Athletic Bilbao,Real Madrid,1,2,A,12,9,5,4,1,4,5,5,1,4,0,0,5.0,4.0,1.67,5.0,4.22,1.71,5.07,4.22,1.74,4.85,4.02,1.69,46.0,2016/2017
SP1,2017-03-18,Real Betis,Osasuna,2,0,H,9,13,5,5,12,15,5,0,0,3,0,0,1.44,4.33,8.0,1.5,4.55,7.6,1.52,4.6,8.0,1.47,4.41,7.15,46.0,2016/2017
SP1,2017-03-18,Eibar,Espanol,1,1,D,16,4,4,1,12,13,6,2,2,4,0,0,1.91,3.5,4.2,1.94,3.52,4.5,2.0,3.62,4.55,1.91,3.48,4.23,46.0,2016/2017
SP1,2017-03-19,Deportivo La Coruna,Celta,0,1,A,9,9,2,2,21,12,3,1,4,4,0,0,2.2,3.3,3.4,2.18,3.43,3.7,2.3,3.43,3.7,2.17,3.32,3.48,46.0,2016/2017
SP1,2017-03-19,Atletico Madrid,Sevilla,3,1,H,15,9,8,2,16,14,2,2,4,3,0,0,1.67,3.8,5.25,1.67,4.0,5.83,1.73,4.1,5.95,1.66,3.89,5.3,46.0,2016/2017
SP1,2017-03-19,Leganes,Malaga,0,0,D,14,8,2,1,11,16,6,7,4,2,0,0,2.4,3.0,3.3,2.45,3.08,3.48,2.5,3.15,3.48,2.42,3.05,3.26,46.0,2016/2017
SP1,2017-03-19,Sp Gijon,Granada,3,1,H,15,12,11,5,12,14,6,3,2,4,0,0,2.0,3.5,3.8,2.08,3.61,3.82,2.12,3.61,3.94,2.02,3.46,3.75,46.0,2016/2017
SP1,2017-03-19,Barcelona,Valencia,4,2,H,28,6,12,5,4,12,6,3,3,4,0,1,1.13,9.5,19.0,1.13,11.25,20.5,1.16,11.25,20.5,1.13,9.58,18.03,45.0,2016/2017
SP1,2017-03-31,Espanol,Real Betis,2,1,H,8,10,5,3,16,14,4,4,3,2,0,0,2.3,3.2,3.3,2.44,3.21,3.35,2.44,3.4,3.6,2.33,3.16,3.34,46.0,2016/2017
SP1,2017-04-01,Malaga,Atletico Madrid,0,2,A,21,7,5,6,9,11,6,0,2,2,0,0,5.25,3.5,1.75,5.36,3.68,1.76,5.5,3.8,1.79,5.11,3.6,1.74,45.0,2016/2017
SP1,2017-04-01,Osasuna,Athletic Bilbao,1,2,A,8,9,6,4,19,9,6,3,4,2,0,0,6.0,4.0,1.57,5.84,4.32,1.62,6.5,4.32,1.65,5.73,4.08,1.6,45.0,2016/2017
SP1,2017-04-01,Sociedad,Leganes,1,1,D,14,6,5,3,10,16,7,0,2,3,0,0,1.75,3.4,5.5,1.81,3.52,5.42,1.83,3.7,5.75,1.77,3.44,5.25,45.0,2016/2017
SP1,2017-04-01,Villarreal,Eibar,2,3,A,15,14,7,4,9,10,11,5,4,3,0,0,1.85,3.6,4.33,1.9,3.7,4.45,1.93,3.7,4.85,1.86,3.57,4.33,46.0,2016/2017
SP1,2017-04-02,Sevilla,Sp Gijon,0,0,D,18,8,6,2,17,13,9,5,3,4,0,0,1.33,5.5,8.5,1.35,5.88,9.07,1.37,6.25,10.0,1.33,5.52,8.63,46.0,2016/2017
SP1,2017-04-02,Valencia,Deportivo La Coruna,3,0,H,14,13,8,5,17,13,3,6,3,1,0,0,1.85,3.4,4.75,1.89,3.71,4.49,1.91,3.71,4.75,1.85,3.6,4.36,46.0,2016/2017
SP1,2017-04-02,Granada,Barcelona,1,4,A,7,26,5,13,15,10,1,9,1,3,1,0,13.0,7.5,1.2,16.5,7.85,1.2,18.0,7.85,1.23,13.91,7.21,1.19,46.0,2016/2017
SP1,2017-04-02,Real Madrid,Alaves,3,0,H,18,12,6,3,12,16,3,3,0,2,0,0,1.11,10.0,19.0,1.14,10.59,19.74,1.16,10.82,24.76,1.13,9.39,19.39,45.0,2016/2017
SP1,2017-04-03,Celta,Las Palmas,3,1,H,13,12,6,5,15,10,4,6,3,3,0,0,1.95,3.5,3.8,1.97,3.76,4.05,2.04,3.76,4.3,1.95,3.6,3.83,44.0,2016/2017
SP1,2017-04-04,Athletic Bilbao,Espanol,2,0,H,13,5,5,2,19,16,5,1,1,3,0,0,1.5,4.2,7.0,1.53,4.27,7.49,1.65,4.32,7.64,1.52,4.12,6.98,46.0,2016/2017
SP1,2017-04-04,Atletico Madrid,Sociedad,1,0,H,20,10,8,1,18,13,6,4,0,4,0,0,1.36,4.75,9.5,1.39,4.85,10.62,1.44,4.9,10.8,1.38,4.68,9.16,46.0,2016/2017
SP1,2017-04-04,Real Betis,Villarreal,0,1,A,15,6,3,2,12,15,5,2,2,2,0,0,2.75,3.2,2.7,2.82,3.23,2.81,2.85,3.3,2.87,2.73,3.17,2.75,45.0,2016/2017
SP1,2017-04-05,Alaves,Osasuna,0,1,A,15,7,3,6,20,12,5,1,5,1,0,0,1.44,4.5,7.0,1.45,4.69,8.56,1.48,4.69,8.72,1.44,4.44,7.75,45.0,2016/2017
SP1,2017-04-05,Barcelona,Sevilla,3,0,H,15,7,7,3,16,13,4,4,4,2,0,1,1.22,7.0,11.0,1.27,7.25,10.64,1.28,7.25,12.12,1.25,6.71,10.58,45.0,2016/2017
SP1,2017-04-05,Deportivo La Coruna,Granada,0,0,D,12,10,3,2,14,10,6,3,1,4,0,0,1.55,4.0,6.5,1.63,4.08,6.26,1.68,4.15,6.5,1.6,3.94,5.89,46.0,2016/2017
SP1,2017-04-05,Leganes,Real Madrid,2,4,A,14,18,3,8,14,16,4,4,2,1,0,0,8.0,5.25,1.33,10.58,5.3,1.36,10.58,5.4,1.4,8.87,5.1,1.35,45.0,2016/2017
SP1,2017-04-05,Sp Gijon,Malaga,0,1,A,14,11,5,3,12,18,7,1,2,5,0,0,2.8,3.25,2.6,2.76,3.42,2.74,2.82,3.42,2.85,2.71,3.31,2.66,45.0,2016/2017
SP1,2017-04-06,Eibar,Las Palmas,3,1,H,11,8,6,6,14,12,9,2,2,5,0,0,1.85,3.75,4.2,1.85,3.92,4.27,1.88,3.92,4.5,1.84,3.75,4.16,44.0,2016/2017
SP1,2017-04-06,Valencia,Celta,3,2,H,15,12,10,3,16,9,6,2,1,1,0,0,2.0,3.5,3.75,2.06,3.67,3.83,2.09,3.68,3.92,2.01,3.51,3.73,44.0,2016/2017
SP1,2017-04-07,Villarreal,Athletic Bilbao,3,1,H,10,11,5,5,16,16,4,5,6,3,1,0,2.15,3.2,3.6,2.31,3.27,3.55,2.33,3.35,3.6,2.26,3.23,3.39,46.0,2016/2017
SP1,2017-04-08,Espanol,Alaves,1,0,H,15,9,6,0,11,13,5,3,3,3,0,0,2.1,3.1,3.8,2.31,3.15,3.71,2.34,3.4,3.82,2.21,3.16,3.57,47.0,2016/2017
SP1,2017-04-08,Malaga,Barcelona,2,0,H,8,11,4,3,26,20,2,3,4,3,0,1,8.0,5.25,1.36,9.16,5.62,1.36,9.71,5.75,1.4,8.65,5.24,1.35,47.0,2016/2017
SP1,2017-04-08,Real Madrid,Atletico Madrid,1,1,D,20,10,6,4,12,13,6,2,2,3,0,0,1.8,3.8,4.33,1.81,3.94,4.65,1.84,3.94,5.0,1.79,3.72,4.53,46.0,2016/2017
SP1,2017-04-08,Sevilla,Deportivo La Coruna,4,2,H,19,9,13,4,19,15,4,2,3,3,0,0,1.5,4.33,6.5,1.56,4.39,6.67,1.57,4.49,7.0,1.53,4.21,6.37,46.0,2016/2017
SP1,2017-04-09,Celta,Eibar,0,2,A,12,11,3,6,10,16,0,3,1,3,0,0,2.25,3.4,3.25,2.31,3.47,3.34,2.4,3.5,3.34,2.31,3.35,3.16,47.0,2016/2017
SP1,2017-04-09,Granada,Valencia,1,3,A,21,17,5,8,9,13,5,2,2,2,0,0,3.5,3.4,2.1,3.55,3.71,2.13,3.55,3.71,2.25,3.37,3.51,2.14,46.0,2016/2017
SP1,2017-04-09,Las Palmas,Real Betis,4,1,H,9,13,6,5,16,18,2,6,3,4,0,0,2.1,3.5,3.5,2.14,3.6,3.65,2.16,3.6,3.8,2.1,3.47,3.51,46.0,2016/2017
SP1,2017-04-09,Osasuna,Leganes,2,1,H,11,17,6,2,14,14,4,8,3,4,0,0,3.8,3.3,2.05,3.82,3.29,2.2,4.0,3.4,2.2,3.72,3.22,2.13,46.0,2016/2017
SP1,2017-04-10,Sociedad,Sp Gijon,3,1,H,20,10,7,3,20,19,7,4,1,5,0,0,1.44,4.75,7.0,1.48,4.79,7.35,1.5,4.79,7.5,1.46,4.52,6.89,45.0,2016/2017
SP1,2017-04-14,Athletic Bilbao,Las Palmas,5,1,H,18,8,7,2,22,10,14,5,1,2,0,0,1.44,4.5,7.5,1.53,4.6,6.79,1.53,4.8,7.5,1.48,4.49,6.61,45.0,2016/2017
SP1,2017-04-15,Atletico Madrid,Osasuna,3,0,H,19,3,8,0,11,14,5,2,1,5,0,0,1.14,8.0,15.0,1.17,8.15,21.9,1.2,8.41,23.0,1.16,7.34,18.12,45.0,2016/2017
SP1,2017-04-15,Barcelona,Sociedad,3,2,H,16,14,9,7,15,17,5,4,3,2,0,0,1.17,6.5,17.0,1.22,7.55,15.4,1.26,7.55,17.0,1.21,6.84,13.28,45.0,2016/2017
SP1,2017-04-15,Deportivo La Coruna,Malaga,2,0,H,11,11,4,3,15,17,1,4,3,4,0,0,2.25,3.2,3.25,2.3,3.39,3.44,2.34,3.4,3.44,2.26,3.28,3.29,45.0,2016/2017
SP1,2017-04-15,Sp Gijon,Real Madrid,2,3,A,4,18,2,6,17,12,4,8,5,1,0,0,6.5,5.0,1.4,7.17,5.09,1.46,8.0,5.3,1.48,6.95,4.88,1.42,45.0,2016/2017
SP1,2017-04-16,Real Betis,Eibar,2,0,H,6,10,4,3,15,19,4,6,4,4,0,0,2.7,3.2,2.63,2.69,3.4,2.83,2.78,3.5,2.83,2.64,3.3,2.71,44.0,2016/2017
SP1,2017-04-16,Granada,Celta,0,3,A,17,15,4,4,17,9,8,1,5,2,0,0,2.8,3.3,2.45,2.8,3.57,2.61,2.82,3.6,2.75,2.74,3.41,2.55,44.0,2016/2017
SP1,2017-04-16,Leganes,Espanol,0,1,A,15,7,5,2,20,14,5,1,1,1,0,0,2.0,3.2,4.0,2.12,3.23,4.18,2.17,3.4,4.18,2.1,3.15,3.88,44.0,2016/2017
SP1,2017-04-16,Valencia,Sevilla,0,0,D,14,10,3,2,19,20,4,2,3,2,0,0,2.55,3.2,2.75,2.58,3.71,2.75,2.65,3.71,2.77,2.54,3.5,2.69,44.0,2016/2017
SP1,2017-04-17,Alaves,Villarreal,2,1,H,11,11,5,5,8,13,5,11,2,4,0,0,3.0,3.0,2.55,2.97,3.19,2.7,3.05,3.3,2.7,2.92,3.08,2.59,42.0,2016/2017
SP1,2017-04-21,Sevilla,Granada,2,0,H,28,9,12,2,18,11,7,2,1,2,0,0,1.17,8.0,15.0,1.18,8.7,16.85,1.22,8.98,19.0,1.17,7.88,15.45,45.0,2016/2017
SP1,2017-04-22,Espanol,Atletico Madrid,0,1,A,10,13,2,3,13,10,5,3,3,2,0,0,5.0,3.6,1.75,5.37,3.8,1.75,5.5,3.85,1.8,5.09,3.6,1.74,44.0,2016/2017
SP1,2017-04-22,Malaga,Valencia,2,0,H,10,13,4,2,16,13,7,6,3,3,0,0,2.2,3.4,3.3,2.26,3.55,3.38,2.31,3.6,3.4,2.24,3.44,3.21,44.0,2016/2017
SP1,2017-04-22,Osasuna,Sp Gijon,2,2,D,7,12,1,4,25,10,1,5,3,4,0,0,2.5,3.4,2.8,2.57,3.62,2.82,2.6,3.62,2.88,2.5,3.44,2.78,45.0,2016/2017
SP1,2017-04-22,Villarreal,Leganes,2,1,H,11,8,5,4,9,19,3,8,1,3,0,0,1.67,3.6,5.75,1.68,3.74,6.36,1.71,3.9,6.36,1.67,3.6,5.78,45.0,2016/2017
SP1,2017-04-23,Celta,Real Betis,0,1,A,8,17,4,6,16,15,5,6,3,5,0,0,2.05,3.4,3.75,2.12,3.52,3.77,2.15,3.52,4.1,2.07,3.4,3.69,45.0,2016/2017
SP1,2017-04-23,Las Palmas,Alaves,1,1,D,14,12,3,5,16,14,3,9,4,1,1,0,2.0,3.5,3.8,2.03,3.67,3.91,2.08,3.67,4.1,2.0,3.52,3.76,44.0,2016/2017
SP1,2017-04-23,Real Madrid,Barcelona,2,3,A,22,16,14,9,13,8,7,4,2,2,1,0,2.05,4.0,3.2,2.11,4.01,3.36,2.16,4.01,3.36,2.09,3.86,3.23,45.0,2016/2017
SP1,2017-04-23,Sociedad,Deportivo La Coruna,1,0,H,17,5,3,1,16,16,11,1,1,3,0,0,1.57,4.0,6.0,1.61,4.2,6.21,1.65,4.2,6.21,1.6,3.96,5.77,45.0,2016/2017
SP1,2017-04-24,Eibar,Athletic Bilbao,0,1,A,7,9,2,3,15,9,5,5,4,2,1,0,2.6,3.3,2.75,2.59,3.45,2.9,2.63,3.5,2.95,2.54,3.31,2.81,42.0,2016/2017
SP1,2017-04-25,Atletico Madrid,Villarreal,0,1,A,23,6,9,2,15,16,5,1,2,6,0,0,1.4,4.1,9.0,1.46,4.41,9.35,1.5,4.5,9.5,1.44,4.24,8.54,43.0,2016/2017
SP1,2017-04-25,Granada,Malaga,0,2,A,3,17,1,6,22,13,2,4,5,0,0,0,3.9,3.5,1.95,3.73,3.69,2.08,3.9,3.7,2.2,3.67,3.57,2.02,43.0,2016/2017
SP1,2017-04-25,Sp Gijon,Espanol,1,1,D,16,14,6,5,9,11,7,2,1,2,0,0,2.05,3.4,3.6,2.18,3.55,3.59,2.25,3.55,3.7,2.14,3.39,3.48,43.0,2016/2017
SP1,2017-04-26,Deportivo La Coruna,Real Madrid,2,6,A,19,22,7,11,12,5,4,5,3,1,0,0,8.0,4.75,1.4,8.19,5.3,1.41,8.2,5.43,1.43,7.65,4.93,1.4,43.0,2016/2017
SP1,2017-04-26,Barcelona,Osasuna,7,1,H,19,3,9,2,3,7,10,1,0,0,0,0,1.02,17.0,34.0,1.05,23.54,38.58,1.06,23.54,61.8,1.04,18.07,38.59,42.0,2016/2017
SP1,2017-04-26,Valencia,Sociedad,2,3,A,14,8,3,2,15,21,2,3,4,3,0,0,2.6,3.4,2.7,2.67,3.69,2.67,2.67,3.69,2.8,2.57,3.51,2.67,43.0,2016/2017
SP1,2017-04-26,Leganes,Las Palmas,3,0,H,16,7,5,0,14,17,6,3,1,0,0,0,1.73,3.6,4.75,1.7,3.96,5.51,1.76,3.96,5.51,1.71,3.78,5.05,43.0,2016/2017
SP1,2017-04-27,Alaves,Eibar,0,0,D,14,6,4,4,13,14,3,2,4,2,0,1,2.75,3.2,2.7,2.73,3.28,2.87,2.77,3.4,2.87,2.68,3.2,2.74,43.0,2016/2017
SP1,2017-04-27,Athletic Bilbao,Real Betis,2,1,H,18,9,9,3,10,17,11,1,1,3,0,0,1.4,4.5,9.0,1.37,5.32,9.68,1.4,5.32,9.75,1.36,4.93,8.89,41.0,2016/2017
SP1,2017-04-27,Sevilla,Celta,2,1,H,16,10,5,1,20,18,5,1,1,2,0,1,1.33,5.5,8.0,1.38,5.47,8.7,1.38,5.8,9.5,1.35,5.3,8.3,42.0,2016/2017
SP1,2017-04-28,Villarreal,Sp Gijon,3,1,H,18,14,6,7,9,10,4,7,2,1,0,0,1.4,4.75,8.0,1.43,5.05,7.43,1.48,5.3,8.0,1.42,4.78,7.33,44.0,2016/2017
SP1,2017-04-29,Espanol,Barcelona,0,3,A,6,15,3,9,19,18,4,5,3,0,0,0,15.0,7.5,1.18,15.69,7.7,1.2,15.69,7.7,1.22,14.57,7.13,1.19,42.0,2016/2017
SP1,2017-04-29,Las Palmas,Atletico Madrid,0,5,A,15,8,3,7,6,13,7,1,4,4,1,0,5.25,3.6,1.73,4.89,4.14,1.71,5.25,4.14,1.8,4.79,3.86,1.72,43.0,2016/2017
SP1,2017-04-29,Real Madrid,Valencia,2,1,H,20,9,5,2,13,10,2,3,3,4,0,0,1.17,9.0,13.0,1.19,9.15,12.87,1.2,9.5,15.0,1.17,8.52,12.9,43.0,2016/2017
SP1,2017-04-29,Sociedad,Granada,2,1,H,13,5,5,3,14,16,7,1,0,3,0,0,1.17,7.5,17.0,1.18,8.08,17.91,1.2,8.3,19.0,1.16,7.64,16.89,42.0,2016/2017
SP1,2017-04-30,Celta,Athletic Bilbao,0,3,A,5,22,0,12,8,11,0,11,1,1,0,0,4.5,3.7,1.8,4.63,3.79,1.82,4.75,3.8,1.92,4.44,3.63,1.81,42.0,2016/2017
SP1,2017-04-30,Real Betis,Alaves,1,4,A,11,9,3,5,14,16,4,0,1,5,0,0,2.1,3.2,3.8,2.17,3.24,3.83,2.25,3.3,3.83,2.17,3.17,3.61,43.0,2016/2017
SP1,2017-04-30,Osasuna,Deportivo La Coruna,2,2,D,16,15,5,5,9,11,7,7,2,3,0,0,3.9,3.6,1.95,3.88,3.65,2.05,4.2,3.65,2.06,3.72,3.53,2.0,43.0,2016/2017
SP1,2017-04-30,Eibar,Leganes,2,0,H,9,12,5,1,12,9,2,11,1,1,0,0,2.1,3.3,3.75,2.21,3.28,3.66,2.21,3.4,3.9,2.14,3.22,3.62,42.0,2016/2017
SP1,2017-05-01,Malaga,Sevilla,4,2,H,11,9,5,4,14,18,1,3,3,5,0,0,4.0,3.6,1.91,3.9,3.8,1.96,4.0,3.8,2.02,3.73,3.68,1.96,0.0,2016/2017
SP1,2017-05-05,Sevilla,Sociedad,1,1,D,11,9,3,3,20,10,10,3,4,3,0,1,1.62,4.0,5.5,1.62,4.45,5.66,1.7,4.45,5.66,1.62,4.2,5.26,44.0,2016/2017
SP1,2017-05-06,Atletico Madrid,Eibar,1,0,H,14,7,5,3,6,10,6,5,3,3,1,0,1.3,5.25,11.0,1.3,5.47,14.45,1.33,6.0,14.45,1.3,5.19,11.81,43.0,2016/2017
SP1,2017-05-06,Barcelona,Villarreal,4,1,H,20,8,8,4,10,13,4,3,2,4,0,0,1.14,8.5,17.0,1.18,9.15,16.05,1.18,9.15,19.0,1.16,8.13,15.89,43.0,2016/2017
SP1,2017-05-06,Granada,Real Madrid,0,4,A,13,16,3,8,14,8,6,3,1,0,0,0,21.0,9.0,1.13,24.11,11.3,1.12,28.0,11.3,1.14,21.03,9.77,1.12,43.0,2016/2017
SP1,2017-05-06,Sp Gijon,Las Palmas,1,0,H,16,8,3,2,19,15,5,4,4,3,0,0,1.5,4.75,5.5,1.56,4.98,5.59,1.61,4.98,5.75,1.55,4.63,5.38,43.0,2016/2017
SP1,2017-05-07,Deportivo La Coruna,Espanol,1,2,A,21,9,5,3,10,14,12,4,1,2,0,0,2.0,3.4,4.0,2.05,3.6,3.92,2.09,3.6,4.01,2.03,3.41,3.79,42.0,2016/2017
SP1,2017-05-07,Malaga,Celta,3,0,H,14,5,8,2,13,18,2,1,2,4,0,0,1.4,4.5,7.5,1.44,4.85,8.25,1.5,5.0,8.25,1.42,4.66,7.59,40.0,2016/2017
SP1,2017-05-07,Alaves,Athletic Bilbao,1,0,H,9,20,3,6,14,11,3,10,1,4,0,0,4.75,3.5,1.8,4.83,3.7,1.84,5.05,3.75,1.85,4.67,3.56,1.81,43.0,2016/2017
SP1,2017-05-07,Valencia,Osasuna,4,1,H,19,9,8,4,15,11,9,2,3,2,0,0,1.22,6.5,13.0,1.25,7.14,12.5,1.3,7.14,15.0,1.23,6.57,12.01,43.0,2016/2017
SP1,2017-05-08,Leganes,Real Betis,4,0,H,6,13,4,3,18,13,2,2,3,0,0,0,1.65,3.8,5.75,1.71,3.85,5.73,1.71,4.0,6.2,1.67,3.73,5.45,43.0,2016/2017
SP1,2017-05-13,Espanol,Valencia,0,1,A,15,9,3,3,19,14,7,2,0,4,0,0,2.4,3.3,3.0,2.36,3.61,3.13,2.4,3.61,3.25,2.36,3.42,3.01,45.0,2016/2017
SP1,2017-05-13,Osasuna,Granada,2,1,H,19,9,7,3,11,9,8,3,1,3,0,0,1.8,3.8,4.33,1.76,4.06,4.86,1.9,4.06,4.86,1.76,3.84,4.5,45.0,2016/2017
SP1,2017-05-14,Alaves,Celta,3,1,H,11,15,4,4,11,13,4,4,1,3,0,0,1.8,3.4,5.0,1.75,3.81,5.33,1.8,4.0,5.33,1.76,3.58,4.94,45.0,2016/2017
SP1,2017-05-14,Athletic Bilbao,Leganes,1,1,D,15,5,6,2,12,8,10,1,2,7,0,0,1.44,4.2,8.5,1.43,4.78,8.76,1.45,5.0,9.0,1.42,4.5,8.12,45.0,2016/2017
SP1,2017-05-14,Real Betis,Atletico Madrid,1,1,D,13,5,5,2,7,16,3,5,4,4,0,0,7.0,3.75,1.57,6.37,4.13,1.61,7.0,4.13,1.65,6.05,3.9,1.59,45.0,2016/2017
SP1,2017-05-14,Eibar,Sp Gijon,0,1,A,10,11,2,4,9,10,5,6,2,2,0,0,2.0,3.75,3.5,2.01,4.25,3.48,2.1,4.25,3.61,2.0,3.89,3.44,45.0,2016/2017
SP1,2017-05-14,Las Palmas,Barcelona,1,4,A,11,11,5,5,13,15,3,6,0,1,0,0,26.0,11.0,1.08,23.0,12.8,1.11,26.0,12.8,1.13,20.72,10.9,1.1,45.0,2016/2017
SP1,2017-05-14,Real Madrid,Sevilla,4,1,H,14,11,7,6,14,19,4,5,4,2,0,0,1.17,8.0,15.0,1.2,8.89,13.09,1.22,9.0,15.0,1.19,8.0,12.02,45.0,2016/2017
SP1,2017-05-14,Sociedad,Malaga,2,2,D,15,9,5,4,10,16,9,3,1,2,0,0,1.53,4.1,6.5,1.58,4.45,6.12,1.6,4.7,6.5,1.56,4.22,5.88,45.0,2016/2017
SP1,2017-05-14,Villarreal,Deportivo La Coruna,0,0,D,21,3,4,1,15,21,11,3,2,4,0,0,1.5,4.33,6.5,1.54,4.59,6.49,1.59,4.59,6.5,1.54,4.28,6.02,45.0,2016/2017
SP1,2017-05-17,Celta,Real Madrid,1,4,A,17,13,6,8,17,9,4,6,4,2,1,0,13.0,7.0,1.2,12.87,7.79,1.23,15.0,7.79,1.25,11.67,7.06,1.22,44.0,2016/2017
SP1,2017-05-19,Granada,Espanol,1,2,A,16,5,7,3,12,9,3,3,0,3,0,0,4.5,4.0,1.73,4.51,4.05,1.81,4.75,4.05,1.81,4.46,3.87,1.77,43.0,2016/2017
SP1,2017-05-20,Leganes,Alaves,1,1,D,15,17,4,5,9,14,8,4,0,1,0,0,2.1,3.25,3.75,2.08,3.57,3.79,2.4,3.57,3.9,2.08,3.36,3.67,43.0,2016/2017
SP1,2017-05-20,Deportivo La Coruna,Las Palmas,3,0,H,9,13,5,4,25,14,0,9,4,2,0,1,1.73,4.0,4.5,1.75,4.29,4.67,1.78,4.33,4.8,1.73,4.04,4.43,43.0,2016/2017
SP1,2017-05-20,Sp Gijon,Real Betis,2,2,D,11,21,5,9,15,14,2,3,0,2,0,0,2.5,3.4,2.8,2.54,3.65,2.84,2.55,3.65,3.05,2.47,3.44,2.81,43.0,2016/2017
SP1,2017-05-20,Sevilla,Osasuna,5,0,H,17,5,7,2,11,8,1,1,3,1,0,0,1.14,9.0,17.0,1.16,9.71,17.22,1.2,9.71,21.0,1.14,8.69,16.85,43.0,2016/2017
SP1,2017-05-21,Atletico Madrid,Athletic Bilbao,3,1,H,12,16,4,1,13,11,2,5,2,0,0,0,2.0,3.5,3.8,2.0,3.66,3.99,2.1,3.66,3.99,2.0,3.48,3.74,42.0,2016/2017
SP1,2017-05-21,Barcelona,Eibar,4,2,H,18,6,11,4,3,16,10,4,1,2,0,1,1.05,15.0,34.0,1.07,15.58,40.35,1.09,16.5,51.0,1.05,13.82,35.35,42.0,2016/2017
SP1,2017-05-21,Celta,Sociedad,2,2,D,13,18,5,8,8,17,3,7,2,1,0,0,4.75,3.75,1.75,4.64,3.98,1.81,4.75,4.0,1.82,4.45,3.8,1.77,42.0,2016/2017
SP1,2017-05-21,Malaga,Real Madrid,0,2,A,22,16,6,8,6,9,9,7,2,0,0,0,11.0,7.0,1.22,12.7,7.48,1.24,12.8,7.5,1.25,10.69,6.84,1.23,41.0,2016/2017
SP1,2017-05-21,Valencia,Villarreal,1,3,A,16,14,5,6,15,10,9,0,2,2,0,0,3.1,3.4,2.3,3.11,3.74,2.32,3.11,3.74,2.4,3.0,3.51,2.3,42.0,2016/2017
SP1,2017-08-18,Leganes,Alaves,1,0,H,16,6,9,3,14,18,4,2,0,1,0,0,2.05,3.2,4.1,2.03,3.25,4.52,2.12,3.4,4.52,2.03,3.15,4.17,35.0,2017/2018
SP1,2017-08-18,Valencia,Las Palmas,1,0,H,22,5,6,4,25,13,5,2,3,3,0,1,1.75,3.8,4.5,1.78,4.01,4.83,1.83,4.04,4.83,1.77,3.86,4.46,35.0,2017/2018
SP1,2017-08-19,Girona,Atletico Madrid,2,2,D,13,9,6,3,15,15,6,0,2,4,0,1,8.0,4.33,1.45,8.36,4.38,1.49,8.36,4.4,1.51,7.53,4.17,1.48,35.0,2017/2018
SP1,2017-08-19,Sevilla,Espanol,1,1,D,9,9,4,6,14,12,7,3,2,4,1,0,1.62,4.0,5.5,1.62,4.17,6.18,1.69,4.17,6.2,1.63,3.93,5.58,35.0,2017/2018
SP1,2017-08-19,Celta,Sociedad,2,3,A,16,13,5,6,12,11,5,4,3,1,0,0,2.38,3.25,3.2,2.44,3.4,3.16,2.5,3.5,3.2,2.39,3.32,3.01,35.0,2017/2018
SP1,2017-08-20,Athletic Bilbao,Getafe,0,0,D,12,8,2,2,16,15,7,6,1,3,0,1,1.5,4.0,7.5,1.53,4.37,7.31,1.53,4.4,7.5,1.5,4.17,6.94,34.0,2017/2018
SP1,2017-08-20,Barcelona,Real Betis,2,0,H,15,3,2,0,16,15,8,0,2,1,0,0,1.17,8.0,15.0,1.22,7.35,15.5,1.22,8.0,17.0,1.19,7.11,13.85,35.0,2017/2018
SP1,2017-08-20,Deportivo La Coruna,Real Madrid,0,3,A,12,16,6,8,16,12,4,4,5,1,0,1,9.5,5.75,1.3,10.26,5.79,1.33,11.45,5.86,1.35,9.68,5.44,1.31,35.0,2017/2018
SP1,2017-08-21,Levante,Villarreal,1,0,H,14,9,3,1,18,14,11,6,1,3,0,0,3.25,3.25,2.3,3.36,3.24,2.36,3.5,3.35,2.4,3.26,3.17,2.31,34.0,2017/2018
SP1,2017-08-21,Malaga,Eibar,0,1,A,10,13,4,6,16,15,3,7,2,3,0,0,2.1,3.3,3.7,2.24,3.36,3.49,2.28,3.4,3.7,2.18,3.26,3.43,34.0,2017/2018
SP1,2017-08-25,Real Betis,Celta,2,1,H,10,9,3,2,13,9,4,6,2,2,0,0,2.2,3.4,3.4,2.28,3.56,3.32,2.4,3.56,3.4,2.25,3.37,3.25,33.0,2017/2018
SP1,2017-08-25,Sociedad,Villarreal,3,0,H,15,6,9,1,12,22,10,4,2,2,0,0,2.05,3.4,3.75,2.11,3.46,3.87,2.2,3.46,3.87,2.09,3.37,3.67,33.0,2017/2018
SP1,2017-08-26,Alaves,Barcelona,0,2,A,11,23,2,11,12,10,1,14,2,3,0,0,10.0,5.75,1.29,10.55,5.8,1.33,12.0,6.0,1.34,10.19,5.56,1.3,34.0,2017/2018
SP1,2017-08-26,Girona,Malaga,1,0,H,15,7,4,2,11,15,2,3,3,4,0,0,2.15,3.25,3.6,2.19,3.37,3.75,2.23,3.39,3.75,2.16,3.25,3.59,33.0,2017/2018
SP1,2017-08-26,Las Palmas,Atletico Madrid,1,5,A,10,8,4,6,10,9,4,2,4,1,0,0,4.75,3.75,1.75,5.14,3.73,1.79,5.14,3.8,1.84,4.76,3.65,1.77,34.0,2017/2018
SP1,2017-08-26,Levante,Deportivo La Coruna,2,2,D,24,11,5,4,11,12,6,5,0,2,1,0,2.2,3.1,3.6,2.23,3.31,3.71,2.26,3.35,3.75,2.2,3.2,3.53,33.0,2017/2018
SP1,2017-08-27,Eibar,Athletic Bilbao,0,1,A,14,10,5,4,14,11,4,3,1,1,1,0,2.5,3.1,3.1,2.57,3.26,3.08,2.7,3.3,3.1,2.55,3.18,2.9,34.0,2017/2018
SP1,2017-08-27,Espanol,Leganes,0,1,A,17,12,2,8,10,14,9,1,3,3,0,0,1.95,3.25,4.33,2.0,3.37,4.49,2.03,3.4,4.6,1.96,3.25,4.33,34.0,2017/2018
SP1,2017-08-27,Getafe,Sevilla,0,1,A,15,6,3,3,20,10,7,5,0,1,0,0,3.6,3.3,2.15,3.61,3.58,2.16,3.62,3.59,2.2,3.47,3.42,2.13,33.0,2017/2018
SP1,2017-08-27,Real Madrid,Valencia,2,2,D,22,7,6,3,12,12,13,4,3,5,0,0,1.17,8.0,15.0,1.16,10.0,17.0,1.2,10.0,17.0,1.17,8.29,14.23,34.0,2017/2018
SP1,2017-09-08,Leganes,Getafe,1,2,A,11,11,7,3,14,20,2,4,1,2,0,0,2.05,3.25,4.0,2.11,3.28,4.15,2.14,3.4,4.17,2.07,3.2,3.95,34.0,2017/2018
SP1,2017-09-09,Barcelona,Espanol,5,0,H,20,9,9,1,11,18,8,7,1,5,0,0,1.17,8.0,17.0,1.18,8.79,17.82,1.18,8.82,19.0,1.17,7.74,16.05,34.0,2017/2018
SP1,2017-09-09,Real Madrid,Levante,1,1,D,18,5,10,2,9,16,13,3,2,3,1,0,1.05,15.0,34.0,1.08,15.0,36.5,1.1,16.67,41.0,1.07,12.92,29.97,34.0,2017/2018
SP1,2017-09-09,Sevilla,Eibar,3,0,H,12,7,6,2,14,18,6,5,1,1,0,0,1.57,4.0,6.0,1.61,4.27,6.08,1.64,4.27,6.08,1.6,4.06,5.64,34.0,2017/2018
SP1,2017-09-09,Valencia,Atletico Madrid,0,0,D,11,13,0,4,16,14,4,3,1,0,0,0,3.6,3.2,2.2,3.56,3.38,2.26,3.6,3.5,2.26,3.45,3.29,2.19,33.0,2017/2018
SP1,2017-09-10,Athletic Bilbao,Girona,2,0,H,7,11,4,7,19,18,6,4,4,6,0,0,1.67,3.75,5.5,1.68,3.99,5.63,1.75,4.09,5.63,1.68,3.81,5.18,34.0,2017/2018
SP1,2017-09-10,Celta,Alaves,1,0,H,20,5,3,3,17,17,9,4,4,4,0,0,1.67,3.75,5.25,1.74,3.84,5.4,1.8,3.84,5.4,1.74,3.65,4.94,34.0,2017/2018
SP1,2017-09-10,Deportivo La Coruna,Sociedad,2,4,A,11,15,4,4,18,14,5,7,1,3,0,0,2.75,3.3,2.6,2.85,3.46,2.63,2.85,3.47,2.65,2.76,3.33,2.58,34.0,2017/2018
SP1,2017-09-10,Villarreal,Real Betis,3,1,H,14,8,7,3,9,9,4,3,3,0,0,0,1.85,3.6,4.33,1.9,3.62,4.62,1.92,3.69,4.62,1.88,3.51,4.33,34.0,2017/2018
SP1,2017-09-11,Malaga,Las Palmas,1,3,A,14,10,6,8,22,11,3,2,4,2,0,0,2.0,3.5,3.8,2.06,3.67,3.83,2.08,3.67,4.1,2.0,3.52,3.7,32.0,2017/2018
SP1,2017-09-15,Eibar,Leganes,1,0,H,10,5,4,2,15,20,8,1,2,5,0,0,2.05,3.25,4.0,2.13,3.3,4.04,2.16,3.4,4.3,2.09,3.2,3.86,37.0,2017/2018
SP1,2017-09-16,Real Betis,Deportivo La Coruna,2,1,H,17,11,7,3,13,19,6,4,2,3,0,0,1.83,3.6,4.5,1.88,3.72,4.55,1.92,3.77,4.6,1.87,3.57,4.28,37.0,2017/2018
SP1,2017-09-16,Atletico Madrid,Malaga,1,0,H,17,9,4,4,9,15,8,4,2,2,0,0,1.22,6.0,15.0,1.24,6.4,16.0,1.3,6.78,17.0,1.23,6.11,14.28,37.0,2017/2018
SP1,2017-09-16,Levante,Valencia,1,1,D,9,13,2,5,21,11,1,3,2,1,0,0,3.25,3.25,2.3,3.15,3.35,2.47,3.25,3.45,2.47,3.11,3.27,2.37,37.0,2017/2018
SP1,2017-09-16,Getafe,Barcelona,1,2,A,13,7,4,5,15,14,3,4,2,4,0,0,11.0,6.5,1.25,13.5,6.85,1.25,13.5,7.15,1.3,11.38,6.39,1.24,37.0,2017/2018
SP1,2017-09-17,Alaves,Villarreal,0,3,A,16,16,2,6,12,25,2,3,2,2,0,0,3.1,3.1,2.4,3.31,3.27,2.42,3.31,3.3,2.65,3.13,3.16,2.41,37.0,2017/2018
SP1,2017-09-17,Girona,Sevilla,0,1,A,13,13,0,8,14,19,8,1,2,5,0,0,3.3,3.25,2.3,3.28,3.52,2.32,3.3,3.52,2.38,3.15,3.37,2.29,37.0,2017/2018
SP1,2017-09-17,Las Palmas,Athletic Bilbao,1,0,H,12,11,3,5,12,19,7,6,2,3,0,0,2.75,3.4,2.55,2.87,3.48,2.6,2.95,3.48,2.64,2.76,3.33,2.56,37.0,2017/2018
SP1,2017-09-17,Sociedad,Real Madrid,1,3,A,10,18,5,6,12,15,4,6,3,2,0,0,5.0,4.0,1.67,4.99,4.36,1.69,5.0,4.44,1.71,4.72,4.18,1.67,37.0,2017/2018
SP1,2017-09-18,Espanol,Celta,2,1,H,9,11,3,1,12,14,3,5,1,4,0,0,2.3,3.3,3.2,2.4,3.39,3.24,2.4,3.4,3.3,2.33,3.29,3.14,36.0,2017/2018
SP1,2017-09-19,Barcelona,Eibar,6,1,H,11,13,10,4,4,9,7,7,0,2,0,0,1.11,10.0,15.0,1.12,11.63,22.74,1.13,12.5,29.0,1.11,9.97,21.12,34.0,2017/2018
SP1,2017-09-19,Valencia,Malaga,5,0,H,16,11,11,2,9,10,4,9,0,1,0,0,1.5,4.0,7.0,1.56,4.38,6.67,1.6,4.4,7.0,1.54,4.15,6.27,34.0,2017/2018
SP1,2017-09-20,Athletic Bilbao,Atletico Madrid,1,2,A,12,16,7,9,12,12,6,0,0,2,0,0,3.4,3.2,2.25,3.55,3.23,2.33,3.56,3.3,2.33,3.39,3.19,2.26,36.0,2017/2018
SP1,2017-09-20,Deportivo La Coruna,Alaves,1,0,H,15,8,3,3,16,19,5,2,0,2,0,0,1.91,3.3,4.5,1.92,3.53,4.64,1.95,3.56,4.64,1.89,3.43,4.32,35.0,2017/2018
SP1,2017-09-20,Leganes,Girona,0,0,D,12,10,1,0,19,20,6,3,2,3,0,0,2.15,3.2,3.7,2.18,3.21,3.99,2.25,3.28,3.99,2.17,3.16,3.68,36.0,2017/2018
SP1,2017-09-20,Real Madrid,Real Betis,0,1,A,27,12,7,4,13,11,12,3,0,3,0,0,1.13,10.0,17.0,1.11,13.0,20.0,1.13,13.0,29.0,1.11,10.31,20.33,36.0,2017/2018
SP1,2017-09-20,Sevilla,Las Palmas,1,0,H,14,6,9,0,21,8,12,0,2,2,0,0,1.4,4.75,7.5,1.42,5.06,8.51,1.45,5.06,8.51,1.42,4.81,7.3,35.0,2017/2018
SP1,2017-09-21,Celta,Getafe,1,1,D,8,10,4,3,9,21,3,2,2,4,0,0,1.8,3.6,4.5,1.76,3.85,5.03,1.85,3.85,5.03,1.78,3.68,4.55,34.0,2017/2018
SP1,2017-09-21,Levante,Sociedad,3,0,H,13,13,9,3,13,11,3,6,2,0,0,1,3.25,3.25,2.3,3.11,3.54,2.4,3.25,3.54,2.4,3.0,3.35,2.36,35.0,2017/2018
SP1,2017-09-21,Villarreal,Espanol,0,0,D,14,10,5,3,17,10,5,5,5,2,0,0,1.73,3.5,5.5,1.76,3.84,5.23,1.79,3.84,5.5,1.74,3.61,4.92,35.0,2017/2018
SP1,2017-09-23,Alaves,Real Madrid,1,2,A,8,21,3,7,19,19,5,13,5,2,0,0,17.0,7.5,1.17,19.65,8.4,1.18,19.65,8.5,1.21,16.3,7.59,1.17,39.0,2017/2018
SP1,2017-09-23,Atletico Madrid,Sevilla,2,0,H,13,11,4,0,11,17,7,6,4,3,0,0,1.57,4.0,6.5,1.57,4.23,6.81,1.65,4.23,6.81,1.58,3.99,5.93,39.0,2017/2018
SP1,2017-09-23,Girona,Barcelona,0,3,A,13,9,2,5,21,5,9,3,3,0,0,0,12.0,6.0,1.25,12.7,6.65,1.26,15.0,6.75,1.3,11.56,6.07,1.25,39.0,2017/2018
SP1,2017-09-23,Malaga,Athletic Bilbao,3,3,D,15,8,7,7,16,8,5,1,7,2,1,0,2.9,3.3,2.4,2.99,3.32,2.61,3.3,3.35,2.61,2.93,3.23,2.47,39.0,2017/2018
SP1,2017-09-24,Eibar,Celta,0,4,A,9,10,0,6,14,5,4,4,2,1,0,0,2.2,3.3,3.4,2.27,3.46,3.44,2.31,3.46,3.55,2.24,3.33,3.28,39.0,2017/2018
SP1,2017-09-24,Espanol,Deportivo La Coruna,4,1,H,17,21,5,6,16,7,4,6,1,2,0,0,1.95,3.5,4.0,1.95,3.61,4.34,2.01,3.61,4.34,1.95,3.48,3.97,39.0,2017/2018
SP1,2017-09-24,Getafe,Villarreal,4,0,H,17,6,8,1,11,16,7,4,1,4,0,0,2.88,3.1,2.63,2.98,3.22,2.67,2.98,3.3,2.68,2.84,3.16,2.6,39.0,2017/2018
SP1,2017-09-24,Las Palmas,Leganes,0,2,A,8,9,3,3,10,15,3,2,1,3,0,0,2.05,3.25,3.8,2.11,3.35,4.03,2.15,3.4,4.05,2.08,3.28,3.74,38.0,2017/2018
SP1,2017-09-24,Sociedad,Valencia,2,3,A,18,13,6,4,11,13,7,6,3,7,1,1,2.3,3.4,3.1,2.28,3.62,3.27,2.33,3.7,3.3,2.25,3.54,3.07,38.0,2017/2018
SP1,2017-09-25,Real Betis,Levante,4,0,H,14,8,6,1,9,5,6,3,1,0,0,0,1.85,3.5,4.5,1.81,3.6,5.23,1.9,3.6,5.23,1.81,3.52,4.62,37.0,2017/2018
SP1,2017-09-29,Celta,Girona,3,3,D,16,10,9,6,9,17,5,6,2,5,0,0,1.67,3.6,5.75,1.74,3.77,5.42,1.76,3.8,5.75,1.72,3.68,5.06,38.0,2017/2018
SP1,2017-09-30,Deportivo La Coruna,Getafe,2,1,H,15,10,9,3,16,22,8,5,6,3,0,0,2.25,3.25,3.4,2.26,3.47,3.45,2.3,3.47,3.45,2.23,3.32,3.29,39.0,2017/2018
SP1,2017-09-30,Leganes,Atletico Madrid,0,0,D,7,11,3,2,13,13,2,6,2,1,0,0,7.5,3.75,1.55,7.11,3.75,1.63,7.5,4.2,1.63,6.85,3.63,1.58,39.0,2017/2018
SP1,2017-09-30,Levante,Alaves,0,2,A,13,8,0,3,11,18,8,4,2,4,0,0,1.83,3.5,4.5,1.91,3.56,4.65,1.91,3.75,5.0,1.83,3.48,4.52,39.0,2017/2018
SP1,2017-09-30,Sevilla,Malaga,2,0,H,12,11,5,4,11,12,4,6,2,1,0,0,1.36,5.5,7.5,1.35,5.7,9.78,1.37,5.7,10.02,1.33,5.17,8.92,39.0,2017/2018
SP1,2017-10-01,Barcelona,Las Palmas,3,0,H,22,10,10,1,10,11,8,3,5,1,0,0,1.08,11.0,26.0,1.09,14.5,29.0,1.1,17.0,41.0,1.07,12.47,27.6,37.0,2017/2018
SP1,2017-10-01,Real Madrid,Espanol,2,0,H,22,8,8,3,8,10,10,3,2,2,0,0,1.1,10.0,23.0,1.12,12.5,19.5,1.13,12.5,27.0,1.1,10.51,21.03,37.0,2017/2018
SP1,2017-10-01,Sociedad,Real Betis,4,4,D,17,10,6,6,9,18,12,5,3,3,0,0,1.95,3.6,3.8,1.95,3.81,4.09,1.99,3.81,4.2,1.92,3.67,3.81,38.0,2017/2018
SP1,2017-10-01,Valencia,Athletic Bilbao,3,2,H,10,16,6,6,18,16,2,8,3,4,0,0,1.91,3.5,4.2,1.93,3.74,4.23,1.94,3.75,4.8,1.88,3.58,4.07,38.0,2017/2018
SP1,2017-10-01,Villarreal,Eibar,3,0,H,12,8,6,1,15,9,6,3,2,1,0,0,1.83,3.6,4.33,1.85,3.71,4.75,1.88,3.75,5.0,1.82,3.59,4.43,38.0,2017/2018
SP1,2017-10-13,Espanol,Levante,0,0,D,20,13,6,3,9,13,9,4,2,3,0,0,1.75,3.6,5.0,1.79,3.74,5.19,1.9,3.74,5.5,1.77,3.59,4.84,36.0,2017/2018
SP1,2017-10-14,Alaves,Sociedad,0,2,A,8,13,0,6,11,7,4,9,1,1,0,0,3.5,3.4,2.15,3.52,3.55,2.2,3.52,3.55,2.4,3.37,3.39,2.17,35.0,2017/2018
SP1,2017-10-14,Athletic Bilbao,Sevilla,1,0,H,15,14,2,6,18,9,6,6,5,5,0,0,2.5,3.25,2.9,2.54,3.34,3.05,2.57,3.41,3.05,2.46,3.3,2.9,35.0,2017/2018
SP1,2017-10-14,Atletico Madrid,Barcelona,1,1,D,5,15,4,7,12,10,2,1,3,2,0,0,3.0,3.4,2.38,2.97,3.54,2.49,3.0,3.54,2.6,2.91,3.36,2.44,35.0,2017/2018
SP1,2017-10-14,Getafe,Real Madrid,1,2,A,8,16,3,6,23,8,4,7,2,3,0,0,10.0,5.75,1.29,10.0,6.1,1.32,11.0,6.5,1.32,9.83,5.74,1.29,35.0,2017/2018
SP1,2017-10-15,Real Betis,Valencia,3,6,A,13,13,6,9,11,11,7,5,1,4,0,0,2.55,3.5,2.7,2.67,3.62,2.71,2.67,3.65,2.75,2.55,3.48,2.65,35.0,2017/2018
SP1,2017-10-15,Eibar,Deportivo La Coruna,0,0,D,15,11,6,3,9,10,10,1,2,2,0,0,2.0,3.5,3.75,2.05,3.59,3.93,2.1,3.65,4.12,2.0,3.49,3.76,35.0,2017/2018
SP1,2017-10-15,Girona,Villarreal,1,2,A,14,5,3,2,12,20,8,1,3,4,0,0,2.8,3.2,2.6,2.89,3.23,2.74,2.89,3.3,2.78,2.78,3.16,2.64,35.0,2017/2018
SP1,2017-10-15,Malaga,Leganes,0,2,A,13,19,5,9,21,21,4,2,4,3,1,0,2.38,3.0,3.4,2.39,3.18,3.49,2.41,3.3,3.62,2.32,3.12,3.3,35.0,2017/2018
SP1,2017-10-16,Las Palmas,Celta,2,5,A,24,14,11,7,13,12,14,3,2,1,0,1,2.38,3.3,3.1,2.44,3.47,3.11,2.5,3.5,3.11,2.4,3.36,2.92,33.0,2017/2018
SP1,2017-10-21,Real Betis,Alaves,2,0,H,12,7,5,3,18,9,6,5,2,2,0,0,1.57,4.0,6.0,1.6,4.21,6.35,1.65,4.31,6.35,1.58,4.04,5.82,35.0,2017/2018
SP1,2017-10-21,Barcelona,Malaga,2,0,H,12,13,4,5,10,11,4,3,1,4,0,0,1.07,13.0,26.0,1.08,17.77,26.17,1.08,17.77,41.0,1.07,13.17,27.68,35.0,2017/2018
SP1,2017-10-21,Valencia,Sevilla,4,0,H,18,18,8,5,15,21,7,10,2,4,0,0,1.85,3.89,4.0,1.99,3.86,3.86,2.0,3.91,4.3,1.93,3.71,3.77,36.0,2017/2018
SP1,2017-10-21,Levante,Getafe,1,1,D,5,9,1,5,18,16,3,2,1,3,0,0,2.37,3.2,3.2,2.45,3.19,3.35,2.47,3.3,3.35,2.41,3.14,3.13,36.0,2017/2018
SP1,2017-10-22,Leganes,Athletic Bilbao,1,0,H,15,7,4,1,16,15,4,3,3,4,0,0,2.37,3.1,3.29,2.46,3.15,3.37,2.62,3.3,3.37,2.46,3.04,3.13,35.0,2017/2018
SP1,2017-10-22,Celta,Atletico Madrid,0,1,A,19,4,8,2,13,19,4,4,3,5,0,0,4.2,3.39,1.95,4.3,3.53,1.99,4.6,3.53,2.0,4.18,3.38,1.93,35.0,2017/2018
SP1,2017-10-22,Villarreal,Las Palmas,4,0,H,25,16,9,5,14,9,9,6,1,5,0,0,1.5,4.2,7.0,1.52,4.6,6.87,1.55,4.6,7.0,1.52,4.26,6.26,34.0,2017/2018
SP1,2017-10-22,Real Madrid,Eibar,3,0,H,15,9,7,2,9,7,5,2,1,1,0,0,1.09,11.0,23.0,1.11,13.5,23.85,1.11,14.19,34.0,1.09,10.99,23.03,35.0,2017/2018
SP1,2017-10-23,Deportivo La Coruna,Girona,1,2,A,15,13,6,6,9,16,9,7,3,8,0,0,2.04,3.29,3.79,2.06,3.49,4.03,2.06,3.5,4.1,2.01,3.37,3.76,33.0,2017/2018
SP1,2017-10-23,Sociedad,Espanol,1,1,D,19,4,5,1,12,15,10,1,4,4,1,0,1.85,3.79,4.0,1.86,3.81,4.53,1.86,3.81,4.72,1.82,3.66,4.28,33.0,2017/2018
SP1,2017-10-28,Alaves,Valencia,1,2,A,16,7,6,2,19,18,6,4,5,1,0,0,6.0,3.75,1.6,5.94,4.1,1.65,6.0,4.1,1.67,5.47,3.9,1.63,36.0,2017/2018
SP1,2017-10-28,Athletic Bilbao,Barcelona,0,2,A,17,17,5,5,15,12,6,4,1,4,0,0,7.0,4.5,1.44,7.65,4.89,1.46,7.65,5.0,1.5,6.8,4.63,1.45,36.0,2017/2018
SP1,2017-10-28,Atletico Madrid,Villarreal,1,1,D,18,12,6,4,13,20,11,6,0,4,0,0,1.5,4.0,7.5,1.55,4.23,7.29,1.57,4.3,7.5,1.53,4.01,6.73,36.0,2017/2018
SP1,2017-10-28,Sevilla,Leganes,2,1,H,9,10,5,1,16,19,5,6,0,3,0,0,1.61,3.75,6.0,1.59,3.91,7.33,1.64,4.0,7.33,1.6,3.83,6.09,36.0,2017/2018
SP1,2017-10-29,Getafe,Sociedad,2,1,H,10,15,5,4,19,16,8,7,3,2,0,0,2.45,3.39,2.87,2.64,3.37,2.9,2.64,3.4,2.98,2.51,3.28,2.84,34.0,2017/2018
SP1,2017-10-29,Eibar,Levante,2,2,D,16,3,6,2,8,16,6,2,1,3,0,0,1.95,3.39,4.2,1.98,3.48,4.39,2.1,3.5,4.4,1.94,3.36,4.15,34.0,2017/2018
SP1,2017-10-29,Malaga,Celta,2,1,H,15,10,4,2,20,12,4,1,2,3,0,0,3.1,3.39,2.29,3.07,3.62,2.4,3.1,3.62,2.52,2.93,3.42,2.37,35.0,2017/2018
SP1,2017-10-29,Girona,Real Madrid,2,1,H,15,15,4,6,21,11,2,7,2,1,0,0,10.0,6.5,1.25,12.08,6.86,1.26,15.0,6.86,1.3,10.6,6.16,1.26,34.0,2017/2018
SP1,2017-10-30,Espanol,Real Betis,1,0,H,10,9,4,4,10,17,5,3,2,5,0,0,2.14,3.39,3.39,2.3,3.47,3.36,2.33,3.5,3.5,2.23,3.37,3.24,35.0,2017/2018
SP1,2017-10-30,Las Palmas,Deportivo La Coruna,1,3,A,13,15,5,5,11,15,8,5,1,1,0,0,2.04,3.5,3.6,2.19,3.71,3.4,2.22,3.71,3.6,2.15,3.52,3.28,35.0,2017/2018
SP1,2017-11-03,Real Betis,Getafe,2,2,D,15,9,4,2,10,14,4,6,2,6,0,0,2.0,3.5,3.79,2.05,3.59,3.92,2.06,3.62,4.0,2.0,3.5,3.77,36.0,2017/2018
SP1,2017-11-04,Alaves,Espanol,1,0,H,17,9,6,3,29,9,3,8,7,2,0,1,2.87,3.1,2.7,2.96,3.14,2.75,3.0,3.3,2.77,2.86,3.05,2.66,36.0,2017/2018
SP1,2017-11-04,Barcelona,Sevilla,2,1,H,18,8,6,3,10,12,3,3,1,0,0,0,1.19,7.5,12.0,1.21,8.15,13.75,1.24,8.2,14.0,1.21,7.25,11.51,36.0,2017/2018
SP1,2017-11-04,Deportivo La Coruna,Atletico Madrid,0,1,A,14,11,1,3,17,10,4,4,4,2,0,0,4.75,3.6,1.8,4.78,3.68,1.85,5.0,3.9,1.86,4.64,3.57,1.8,36.0,2017/2018
SP1,2017-11-04,Valencia,Leganes,3,0,H,13,13,7,6,11,13,4,7,1,2,0,0,1.5,4.33,6.5,1.53,4.4,7.23,1.55,4.5,7.23,1.51,4.16,6.63,36.0,2017/2018
SP1,2017-11-05,Levante,Girona,1,2,A,7,10,4,5,10,16,7,2,3,4,0,0,2.39,3.29,3.0,2.5,3.31,3.14,2.5,3.4,3.3,2.41,3.24,3.05,36.0,2017/2018
SP1,2017-11-05,Sociedad,Eibar,3,1,H,10,9,6,5,10,17,3,6,0,3,0,0,1.61,4.0,5.5,1.6,4.4,5.95,1.67,4.4,5.95,1.59,4.08,5.55,36.0,2017/2018
SP1,2017-11-05,Celta,Athletic Bilbao,3,1,H,11,14,5,5,13,17,3,6,2,3,0,0,2.1,3.5,3.5,2.11,3.52,3.81,2.2,3.53,3.81,2.09,3.41,3.56,36.0,2017/2018
SP1,2017-11-05,Villarreal,Malaga,2,0,H,14,10,3,2,18,12,6,4,2,4,0,0,1.53,4.33,6.0,1.6,4.37,6.09,1.6,4.4,7.2,1.55,4.22,5.91,36.0,2017/2018
SP1,2017-11-05,Real Madrid,Las Palmas,3,0,H,27,2,9,1,9,9,9,2,2,1,0,0,1.08,13.0,19.0,1.07,17.0,31.0,1.09,17.0,36.0,1.07,13.27,25.28,36.0,2017/2018
SP1,2017-11-17,Girona,Sociedad,1,1,D,14,14,4,5,28,10,3,6,4,2,0,0,2.89,3.5,2.37,2.97,3.59,2.48,2.97,3.6,2.7,2.85,3.46,2.43,35.0,2017/2018
SP1,2017-11-18,Atletico Madrid,Real Madrid,0,0,D,7,14,1,3,21,6,7,9,6,2,0,0,3.2,3.39,2.25,3.32,3.58,2.28,3.34,3.58,2.4,3.22,3.39,2.25,35.0,2017/2018
SP1,2017-11-18,Getafe,Alaves,4,1,H,13,11,8,5,18,14,4,5,3,3,0,0,1.8,3.5,4.75,1.86,3.5,5.06,1.86,3.6,5.17,1.82,3.39,4.86,35.0,2017/2018
SP1,2017-11-18,Leganes,Barcelona,0,3,A,18,11,7,7,25,10,6,3,1,2,0,0,9.5,5.25,1.33,9.5,5.35,1.37,10.6,5.6,1.37,9.1,5.09,1.34,35.0,2017/2018
SP1,2017-11-18,Sevilla,Celta,2,1,H,12,11,5,5,20,17,1,2,3,2,0,0,1.72,3.79,4.75,1.78,4.05,4.78,1.8,4.1,4.9,1.74,3.89,4.56,35.0,2017/2018
SP1,2017-11-19,Athletic Bilbao,Villarreal,1,1,D,15,7,3,4,10,16,9,7,1,3,0,0,2.25,3.29,3.29,2.24,3.41,3.55,2.3,3.41,3.55,2.22,3.3,3.33,35.0,2017/2018
SP1,2017-11-19,Espanol,Valencia,0,2,A,12,7,4,3,11,17,3,4,0,4,0,0,3.2,3.29,2.29,3.29,3.48,2.33,3.5,3.5,2.33,3.19,3.36,2.26,35.0,2017/2018
SP1,2017-11-19,Las Palmas,Levante,0,2,A,10,11,5,6,9,22,3,5,1,4,0,0,1.95,3.5,4.0,1.94,3.64,4.34,2.0,3.65,4.34,1.91,3.53,4.02,34.0,2017/2018
SP1,2017-11-19,Malaga,Deportivo La Coruna,3,2,H,14,12,5,4,16,15,5,4,4,5,0,0,2.37,3.29,3.1,2.37,3.39,3.3,2.4,3.4,3.4,2.33,3.3,3.14,35.0,2017/2018
SP1,2017-11-20,Eibar,Real Betis,5,0,H,17,4,7,0,10,9,5,2,2,2,0,1,2.39,3.29,3.0,2.46,3.48,3.06,2.5,3.5,3.06,2.41,3.36,2.92,34.0,2017/2018
SP1,2017-11-24,Celta,Leganes,1,0,H,14,9,7,2,13,16,3,4,2,3,0,0,1.95,3.25,4.33,2.01,3.39,4.38,2.01,3.5,4.56,1.95,3.34,4.15,36.0,2017/2018
SP1,2017-11-25,Alaves,Eibar,1,2,A,6,11,2,6,18,19,2,5,7,3,1,1,2.5,3.1,3.1,2.72,3.08,3.05,2.72,3.2,3.1,2.58,3.04,2.96,36.0,2017/2018
SP1,2017-11-25,Real Betis,Girona,2,2,D,12,13,6,7,9,16,3,5,2,1,0,0,2.0,3.6,3.75,2.05,3.77,3.75,2.1,3.77,3.8,2.03,3.59,3.55,36.0,2017/2018
SP1,2017-11-25,Levante,Atletico Madrid,0,5,A,17,16,2,11,11,14,2,3,2,1,0,0,7.5,3.75,1.53,7.4,3.95,1.58,8.0,4.0,1.6,6.96,3.76,1.56,36.0,2017/2018
SP1,2017-11-25,Real Madrid,Malaga,3,2,H,16,9,9,3,15,13,6,0,1,2,0,0,1.08,13.0,21.0,1.09,15.37,25.02,1.1,15.37,33.0,1.08,11.91,24.24,36.0,2017/2018
SP1,2017-11-26,Deportivo La Coruna,Athletic Bilbao,2,2,D,14,10,4,3,11,14,5,2,4,1,0,0,2.75,3.29,2.6,2.78,3.41,2.73,2.8,3.41,2.75,2.71,3.26,2.65,36.0,2017/2018
SP1,2017-11-26,Sociedad,Las Palmas,2,2,D,16,8,3,7,22,14,11,3,4,3,1,0,1.44,4.75,7.0,1.41,5.51,7.61,1.45,5.51,7.61,1.42,4.91,6.83,36.0,2017/2018
SP1,2017-11-26,Valencia,Barcelona,1,1,D,8,12,1,8,12,11,3,9,4,0,0,0,4.0,3.89,1.85,4.26,3.99,1.87,4.26,4.1,2.0,3.97,3.84,1.85,36.0,2017/2018
SP1,2017-11-26,Villarreal,Sevilla,2,3,A,19,15,4,4,9,17,6,6,4,3,1,0,2.37,3.39,3.0,2.41,3.4,3.22,2.5,3.45,3.22,2.38,3.3,3.0,36.0,2017/2018
SP1,2017-11-27,Espanol,Getafe,1,0,H,10,7,5,4,12,18,6,4,3,6,0,0,2.0,3.39,3.79,2.12,3.34,4.02,2.2,3.4,4.25,2.05,3.26,3.83,34.0,2017/2018
SP1,2017-12-01,Malaga,Levante,0,0,D,18,3,2,3,12,15,7,2,1,3,0,0,1.72,3.79,4.75,1.78,3.8,5.12,1.85,3.85,5.25,1.75,3.66,4.85,35.0,2017/2018
SP1,2017-12-02,Athletic Bilbao,Real Madrid,0,0,D,11,19,4,4,20,13,3,5,2,5,0,1,7.5,4.5,1.44,7.11,4.85,1.49,7.5,5.0,1.5,6.76,4.56,1.46,35.0,2017/2018
SP1,2017-12-02,Atletico Madrid,Sociedad,2,1,H,16,10,10,2,12,10,5,6,1,2,0,0,1.5,3.89,7.5,1.56,4.25,7.08,1.57,4.33,7.5,1.53,4.08,6.58,35.0,2017/2018
SP1,2017-12-02,Barcelona,Celta,2,2,D,21,10,7,5,11,12,4,1,3,6,0,0,1.12,10.0,17.0,1.14,10.92,19.11,1.15,10.98,23.0,1.13,9.06,18.42,35.0,2017/2018
SP1,2017-12-02,Sevilla,Deportivo La Coruna,2,0,H,10,11,6,3,12,16,6,7,1,3,0,0,1.44,4.5,7.5,1.45,5.0,7.6,1.47,5.0,8.0,1.44,4.67,6.98,35.0,2017/2018
SP1,2017-12-03,Eibar,Espanol,3,1,H,10,6,5,3,13,16,3,2,3,3,0,0,2.37,3.1,3.29,2.38,3.25,3.43,2.45,3.3,3.43,2.35,3.14,3.22,35.0,2017/2018
SP1,2017-12-03,Getafe,Valencia,1,0,H,11,13,3,6,18,11,5,12,8,4,1,0,3.0,3.39,2.29,2.96,3.52,2.51,3.16,3.52,2.51,2.96,3.37,2.39,33.0,2017/2018
SP1,2017-12-03,Las Palmas,Real Betis,1,0,H,21,8,7,2,12,21,6,4,1,7,0,1,2.2,3.5,3.1,2.27,3.74,3.21,2.27,3.75,3.33,2.21,3.54,3.11,35.0,2017/2018
SP1,2017-12-03,Leganes,Villarreal,3,1,H,12,12,5,4,11,17,5,6,2,4,0,0,2.79,3.25,2.62,2.91,3.16,2.78,2.91,3.3,2.82,2.78,3.13,2.66,35.0,2017/2018
SP1,2017-12-04,Girona,Alaves,2,3,A,11,9,3,4,8,13,6,5,1,2,0,0,1.6,3.79,6.0,1.63,3.94,6.59,1.7,4.0,6.59,1.63,3.77,5.69,34.0,2017/2018
SP1,2017-12-08,Alaves,Las Palmas,2,0,H,22,6,9,1,23,12,8,3,2,0,0,0,2.29,3.25,3.25,2.32,3.33,3.45,2.35,3.4,3.55,2.28,3.27,3.31,38.0,2017/2018
SP1,2017-12-09,Getafe,Eibar,0,0,D,6,7,3,2,14,13,9,7,1,4,0,0,2.04,3.39,3.75,2.08,3.38,4.1,2.1,3.45,4.1,2.03,3.34,3.88,38.0,2017/2018
SP1,2017-12-09,Deportivo La Coruna,Leganes,1,0,H,15,3,4,0,16,21,6,1,4,4,0,0,2.37,3.2,3.2,2.4,3.26,3.37,2.45,3.35,3.37,2.36,3.2,3.21,38.0,2017/2018
SP1,2017-12-09,Real Madrid,Sevilla,5,0,H,20,11,8,3,12,11,9,3,0,2,0,0,1.33,5.5,8.5,1.33,6.4,8.85,1.35,6.4,9.75,1.31,5.86,8.54,38.0,2017/2018
SP1,2017-12-09,Valencia,Celta,2,1,H,13,13,7,5,16,12,10,2,2,5,0,0,1.66,4.0,5.0,1.73,4.29,4.77,1.74,4.3,5.0,1.69,4.08,4.72,38.0,2017/2018
SP1,2017-12-10,Real Betis,Atletico Madrid,0,1,A,9,4,4,2,15,19,3,2,4,3,0,0,4.75,3.79,1.72,5.29,3.85,1.75,5.29,3.95,1.8,4.83,3.74,1.74,38.0,2017/2018
SP1,2017-12-10,Levante,Athletic Bilbao,1,2,A,12,14,3,3,11,13,8,6,3,3,0,0,3.25,3.39,2.25,3.57,3.33,2.27,3.57,3.4,2.4,3.32,3.27,2.27,38.0,2017/2018
SP1,2017-12-10,Sociedad,Malaga,0,2,A,18,9,2,5,10,12,5,0,1,1,0,0,1.53,4.33,6.0,1.53,4.64,6.6,1.6,4.65,6.64,1.53,4.33,6.14,38.0,2017/2018
SP1,2017-12-10,Villarreal,Barcelona,0,2,A,9,16,5,6,18,13,2,4,2,1,1,0,6.0,4.33,1.53,6.16,4.71,1.55,6.25,4.71,1.58,5.66,4.42,1.55,38.0,2017/2018
SP1,2017-12-11,Espanol,Girona,0,1,A,8,12,3,5,9,17,8,6,1,3,0,0,2.04,3.5,3.6,2.04,3.38,4.27,2.09,3.52,4.27,2.01,3.36,3.88,37.0,2017/2018
SP1,2017-12-15,Sevilla,Levante,0,0,D,16,10,6,2,22,14,8,5,2,3,0,0,1.28,5.75,9.5,1.32,5.77,10.88,1.36,6.0,10.97,1.32,5.46,9.65,35.0,2017/2018
SP1,2017-12-16,Athletic Bilbao,Sociedad,0,0,D,7,10,1,2,14,9,6,6,3,0,0,0,2.14,3.39,3.39,2.31,3.44,3.37,2.31,3.51,3.6,2.22,3.4,3.28,35.0,2017/2018
SP1,2017-12-16,Atletico Madrid,Alaves,1,0,H,10,11,4,0,14,16,4,4,3,4,0,0,1.19,6.5,15.0,1.22,6.8,18.25,1.25,6.8,20.0,1.21,6.08,16.43,35.0,2017/2018
SP1,2017-12-16,Eibar,Valencia,2,1,H,15,7,3,3,13,13,5,6,1,4,0,0,2.75,3.29,2.6,2.84,3.44,2.65,3.15,3.47,2.66,2.79,3.31,2.57,35.0,2017/2018
SP1,2017-12-17,Barcelona,Deportivo La Coruna,4,0,H,23,10,11,3,12,10,6,3,0,1,0,0,1.08,13.0,23.0,1.1,14.5,26.0,1.11,14.53,34.0,1.09,11.67,24.88,35.0,2017/2018
SP1,2017-12-17,Celta,Villarreal,0,1,A,10,8,3,5,11,19,2,2,1,3,0,0,2.29,3.39,3.1,2.4,3.54,3.13,2.43,3.54,3.3,2.35,3.39,3.05,35.0,2017/2018
SP1,2017-12-17,Girona,Getafe,1,0,H,9,7,2,0,20,25,1,7,2,6,0,0,2.2,3.25,3.5,2.21,3.49,3.55,2.25,3.49,3.6,2.18,3.33,3.44,35.0,2017/2018
SP1,2017-12-17,Las Palmas,Espanol,2,2,D,14,8,5,3,6,25,9,2,3,3,0,0,2.5,3.29,2.87,2.58,3.41,2.95,2.58,3.41,3.08,2.5,3.3,2.87,35.0,2017/2018
SP1,2017-12-18,Malaga,Real Betis,0,2,A,18,10,2,4,15,15,3,4,2,2,1,0,2.0,3.39,3.79,2.07,3.62,3.83,2.12,3.62,3.83,2.06,3.45,3.6,34.0,2017/2018
SP1,2017-12-19,Levante,Leganes,0,0,D,10,10,3,2,21,17,6,5,6,6,1,1,2.7,3.0,2.89,2.68,3.13,3.05,2.72,3.25,3.1,2.62,3.04,2.97,36.0,2017/2018
SP1,2017-12-20,Getafe,Las Palmas,2,0,H,13,17,7,6,23,11,3,1,3,1,0,0,1.75,3.6,5.0,1.81,3.81,4.85,1.81,3.93,5.02,1.76,3.72,4.69,36.0,2017/2018
SP1,2017-12-20,Sociedad,Sevilla,3,1,H,14,9,5,4,9,18,4,5,1,5,0,0,2.25,3.5,3.0,2.24,3.8,3.22,2.3,3.8,3.25,2.21,3.62,3.13,36.0,2017/2018
SP1,2017-12-21,Alaves,Malaga,1,0,H,10,10,5,3,14,18,4,4,3,4,0,0,2.14,3.2,3.5,2.13,3.35,3.97,2.22,3.38,3.97,2.13,3.26,3.66,36.0,2017/2018
SP1,2017-12-21,Eibar,Girona,4,1,H,16,6,6,1,14,18,3,2,1,2,0,0,2.0,3.39,3.75,2.01,3.5,4.23,2.1,3.5,4.23,2.0,3.39,3.93,36.0,2017/2018
SP1,2017-12-22,Real Betis,Athletic Bilbao,0,2,A,16,19,6,7,7,6,6,9,1,2,1,0,2.7,3.25,2.62,2.76,3.45,2.72,2.8,3.45,2.72,2.7,3.32,2.61,35.0,2017/2018
SP1,2017-12-22,Espanol,Atletico Madrid,1,0,H,7,9,4,1,18,22,2,3,2,5,0,0,5.0,3.5,1.72,5.62,3.57,1.78,5.62,3.65,1.82,5.07,3.48,1.76,35.0,2017/2018
SP1,2017-12-23,Deportivo La Coruna,Celta,1,3,A,15,7,4,3,20,16,3,1,2,2,0,0,2.54,3.29,2.7,2.77,3.51,2.67,2.77,3.51,2.82,2.63,3.34,2.68,33.0,2017/2018
SP1,2017-12-23,Real Madrid,Barcelona,0,3,A,14,18,5,11,14,10,7,7,2,2,1,0,2.1,3.75,3.1,2.09,4.06,3.34,2.2,4.07,3.38,2.07,3.88,3.21,33.0,2017/2018
SP1,2017-12-23,Valencia,Villarreal,0,1,A,22,9,3,2,11,21,14,1,7,5,1,1,2.04,3.6,3.29,2.09,3.92,3.5,2.11,3.92,3.8,2.04,3.69,3.44,33.0,2017/2018
SP1,2018-01-06,Atletico Madrid,Getafe,2,0,H,9,10,5,5,11,16,5,0,7,3,1,0,1.39,4.2,10.0,1.41,4.72,10.29,1.43,4.72,10.58,1.4,4.44,9.48,36.0,2017/2018
SP1,2018-01-06,Las Palmas,Eibar,1,2,A,4,14,2,5,13,17,4,3,3,3,0,0,2.54,3.39,2.75,2.64,3.53,2.79,2.67,3.53,2.8,2.57,3.38,2.73,36.0,2017/2018
SP1,2018-01-06,Sevilla,Real Betis,3,5,A,14,9,3,5,16,18,12,0,3,6,0,0,1.5,4.33,6.5,1.52,4.7,6.74,1.56,4.7,6.74,1.52,4.42,6.04,36.0,2017/2018
SP1,2018-01-06,Valencia,Girona,2,1,H,17,11,7,5,16,14,9,7,5,5,0,0,1.61,4.0,5.5,1.66,4.15,5.63,1.69,4.2,5.63,1.64,3.98,5.24,36.0,2017/2018
SP1,2018-01-07,Barcelona,Levante,3,0,H,16,9,8,2,10,22,3,6,0,4,0,0,1.05,15.0,34.0,1.05,20.38,31.01,1.08,20.38,67.0,1.05,15.32,33.42,34.0,2017/2018
SP1,2018-01-07,Leganes,Sociedad,1,0,H,8,9,4,5,14,11,5,6,0,1,0,0,2.89,3.25,2.5,3.07,3.39,2.51,3.15,3.39,2.6,3.0,3.22,2.47,36.0,2017/2018
SP1,2018-01-07,Athletic Bilbao,Alaves,2,0,H,14,8,8,1,23,20,4,1,2,4,0,0,1.66,3.5,6.0,1.66,3.9,6.26,1.7,4.0,6.26,1.66,3.72,5.67,36.0,2017/2018
SP1,2018-01-07,Villarreal,Deportivo La Coruna,1,1,D,11,13,5,3,19,12,7,5,4,3,0,0,1.57,4.0,6.0,1.62,4.27,5.94,1.65,4.27,6.5,1.59,4.04,5.7,36.0,2017/2018
SP1,2018-01-07,Celta,Real Madrid,2,2,D,10,19,5,8,10,15,3,7,2,2,0,0,6.5,4.33,1.5,6.6,5.14,1.48,6.6,5.14,1.53,5.98,4.75,1.49,36.0,2017/2018
SP1,2018-01-08,Malaga,Espanol,0,1,A,17,6,2,3,18,11,6,5,2,3,0,0,2.54,3.0,3.1,2.54,3.11,3.28,2.63,3.11,3.28,2.54,3.03,3.04,35.0,2017/2018
SP1,2018-01-12,Getafe,Malaga,1,0,H,7,9,3,2,19,16,5,2,3,1,0,0,1.8,3.39,5.0,1.81,3.51,5.44,1.85,3.51,5.5,1.81,3.38,5.06,37.0,2017/2018
SP1,2018-01-13,Eibar,Atletico Madrid,0,1,A,11,7,4,3,12,9,9,1,2,1,0,0,4.0,3.2,2.04,3.98,3.39,2.11,4.33,3.5,2.12,3.96,3.24,2.04,37.0,2017/2018
SP1,2018-01-13,Girona,Las Palmas,6,0,H,15,3,8,1,25,20,5,2,2,5,0,0,1.72,3.79,4.75,1.75,4.05,4.94,1.82,4.05,4.94,1.75,3.84,4.63,37.0,2017/2018
SP1,2018-01-13,Deportivo La Coruna,Valencia,1,2,A,12,12,2,5,13,8,8,10,2,1,0,0,3.0,3.39,2.37,3.08,3.69,2.35,3.3,3.69,2.4,2.99,3.47,2.34,37.0,2017/2018
SP1,2018-01-13,Real Madrid,Villarreal,0,1,A,28,10,7,4,11,12,11,0,2,1,0,0,1.25,6.5,10.0,1.27,7.01,10.86,1.3,7.15,12.0,1.25,6.62,10.33,37.0,2017/2018
SP1,2018-01-14,Levante,Celta,0,1,A,15,3,5,2,19,7,6,2,4,3,0,0,3.0,3.25,2.45,3.17,3.44,2.42,3.2,3.44,2.6,3.04,3.28,2.39,37.0,2017/2018
SP1,2018-01-14,Sociedad,Barcelona,2,4,A,15,11,6,5,15,13,7,3,2,2,0,0,6.5,5.0,1.44,6.94,4.89,1.49,7.2,5.05,1.51,6.43,4.77,1.45,37.0,2017/2018
SP1,2018-01-14,Alaves,Sevilla,1,0,H,12,14,3,1,18,12,5,4,5,2,1,0,3.25,3.25,2.29,3.47,3.42,2.28,3.47,3.45,2.31,3.28,3.3,2.25,36.0,2017/2018
SP1,2018-01-14,Espanol,Athletic Bilbao,1,1,D,11,8,3,3,14,16,4,2,2,4,0,0,2.54,3.0,3.0,2.66,3.19,3.03,2.68,3.2,3.03,2.58,3.09,2.92,37.0,2017/2018
SP1,2018-01-15,Real Betis,Leganes,3,2,H,16,10,9,6,12,15,1,1,2,3,0,0,2.25,3.1,3.5,2.23,3.38,3.62,2.27,3.38,3.75,2.19,3.24,3.47,36.0,2017/2018
SP1,2018-01-19,Getafe,Athletic Bilbao,2,2,D,17,7,6,6,17,12,6,2,5,1,0,0,2.7,3.1,2.79,2.85,3.14,2.82,2.86,3.2,2.87,2.76,3.06,2.79,37.0,2017/2018
SP1,2018-01-20,Atletico Madrid,Girona,1,1,D,9,6,4,3,13,15,2,1,4,3,0,0,1.36,4.75,9.5,1.36,5.11,10.33,1.4,5.11,11.0,1.37,4.74,9.6,37.0,2017/2018
SP1,2018-01-20,Espanol,Sevilla,0,3,A,9,12,0,7,18,14,8,2,4,2,0,0,2.75,3.2,2.7,2.78,3.31,2.76,2.86,3.32,2.77,2.74,3.22,2.66,37.0,2017/2018
SP1,2018-01-20,Las Palmas,Valencia,2,1,H,20,14,6,8,18,16,3,6,2,9,0,2,4.5,4.0,1.72,4.53,4.1,1.79,4.8,4.25,1.84,4.26,3.97,1.78,37.0,2017/2018
SP1,2018-01-20,Villarreal,Levante,2,1,H,18,16,6,4,14,16,6,4,2,2,0,0,1.44,4.5,7.5,1.51,4.39,7.42,1.53,4.5,8.0,1.48,4.26,7.06,37.0,2017/2018
SP1,2018-01-21,Alaves,Leganes,2,2,D,14,8,6,4,13,14,4,6,3,3,1,0,2.14,3.1,3.75,2.2,3.1,3.97,2.27,3.35,3.97,2.19,3.05,3.74,37.0,2017/2018
SP1,2018-01-21,Real Betis,Barcelona,0,5,A,7,14,2,10,12,9,4,2,2,2,0,0,10.0,6.0,1.28,9.2,6.1,1.33,10.0,6.5,1.35,8.63,5.79,1.31,37.0,2017/2018
SP1,2018-01-21,Real Madrid,Deportivo La Coruna,7,1,H,24,5,13,2,7,11,6,1,0,2,0,0,1.14,9.0,15.0,1.13,11.0,19.0,1.16,11.0,21.0,1.13,9.24,17.59,37.0,2017/2018
SP1,2018-01-21,Sociedad,Celta,1,2,A,16,10,2,3,10,7,8,3,1,2,0,0,1.85,3.89,4.0,1.9,3.95,4.06,2.2,4.0,4.2,1.88,3.8,3.92,37.0,2017/2018
SP1,2018-01-22,Eibar,Malaga,1,1,D,15,10,4,4,11,11,8,3,1,3,0,1,1.66,3.5,6.0,1.68,3.72,6.31,1.75,3.78,6.31,1.69,3.6,5.54,35.0,2017/2018
SP1,2018-01-26,Athletic Bilbao,Eibar,1,1,D,7,14,1,2,15,14,3,7,0,0,0,0,1.9,3.39,4.33,1.99,3.47,4.25,2.04,3.55,4.4,1.95,3.4,4.16,37.0,2017/2018
SP1,2018-01-27,Deportivo La Coruna,Levante,2,2,D,8,15,2,4,13,14,4,7,7,5,1,0,2.0,3.5,3.79,2.0,3.59,4.15,2.05,3.65,4.15,1.98,3.49,3.87,36.0,2017/2018
SP1,2018-01-27,Malaga,Girona,0,0,D,7,11,1,2,18,7,5,4,2,1,1,0,2.29,3.0,3.39,2.36,3.32,3.33,2.6,3.33,3.39,2.37,3.2,3.18,37.0,2017/2018
SP1,2018-01-27,Valencia,Real Madrid,1,4,A,11,13,4,7,20,22,4,4,2,3,0,0,5.0,4.33,1.61,4.79,4.53,1.68,5.0,4.65,1.75,4.63,4.38,1.65,37.0,2017/2018
SP1,2018-01-27,Villarreal,Sociedad,4,2,H,11,24,7,6,16,6,2,9,1,1,0,0,2.04,3.5,3.5,2.14,3.65,3.59,2.2,3.65,4.1,2.12,3.5,3.45,37.0,2017/2018
SP1,2018-01-28,Barcelona,Alaves,2,1,H,18,7,12,4,6,18,8,1,0,2,0,0,1.08,11.0,26.0,1.1,13.4,24.5,1.13,14.0,34.0,1.09,11.21,25.81,37.0,2017/2018
SP1,2018-01-28,Atletico Madrid,Las Palmas,3,0,H,18,9,7,1,17,11,4,1,1,2,0,0,1.16,7.5,17.0,1.19,7.69,18.88,1.2,8.0,21.0,1.18,7.13,16.47,36.0,2017/2018
SP1,2018-01-28,Sevilla,Getafe,1,1,D,15,7,1,2,12,15,3,4,3,3,0,0,1.5,4.33,6.5,1.54,4.47,6.56,1.56,4.5,6.75,1.52,4.26,6.29,37.0,2017/2018
SP1,2018-01-28,Leganes,Espanol,3,2,H,11,12,6,4,20,19,1,7,2,4,0,0,2.37,2.79,3.5,2.47,3.08,3.36,2.6,3.15,3.52,2.45,2.94,3.29,36.0,2017/2018
SP1,2018-01-29,Celta,Real Betis,3,2,H,13,7,5,3,13,8,7,2,1,5,0,0,1.75,3.75,4.75,1.8,4.18,4.34,1.82,4.18,4.8,1.77,3.93,4.33,36.0,2017/2018
SP1,2018-02-02,Sociedad,Deportivo La Coruna,5,0,H,19,4,8,1,11,11,9,5,0,1,0,0,1.44,4.75,6.5,1.48,4.82,7.05,1.7,4.93,7.05,1.49,4.6,6.43,39.0,2017/2018
SP1,2018-02-03,Alaves,Celta,2,1,H,9,16,3,4,13,11,2,1,3,2,0,0,2.62,3.2,2.79,2.63,3.37,2.87,2.72,3.45,2.89,2.62,3.29,2.75,39.0,2017/2018
SP1,2018-02-03,Real Betis,Villarreal,2,1,H,13,12,4,3,11,12,2,6,1,2,0,1,2.79,3.39,2.5,2.82,3.56,2.57,2.88,3.6,2.63,2.78,3.44,2.51,39.0,2017/2018
SP1,2018-02-03,Eibar,Sevilla,5,1,H,17,11,7,3,11,20,5,3,0,3,0,0,2.6,3.29,2.75,2.62,3.43,2.84,2.7,3.5,2.93,2.55,3.35,2.79,39.0,2017/2018
SP1,2018-02-03,Levante,Real Madrid,2,2,D,12,23,4,9,14,7,4,6,3,3,0,0,13.0,7.0,1.19,14.8,7.5,1.21,16.0,7.78,1.25,13.5,7.06,1.2,39.0,2017/2018
SP1,2018-02-04,Espanol,Barcelona,1,1,D,7,12,2,2,15,12,0,7,5,3,0,0,9.5,5.25,1.33,9.2,5.35,1.37,10.5,5.6,1.39,9.15,5.12,1.34,37.0,2017/2018
SP1,2018-02-04,Getafe,Leganes,0,0,D,11,2,1,1,17,20,5,2,2,6,0,0,1.9,3.2,4.5,1.96,3.25,4.83,2.02,3.29,4.83,1.95,3.17,4.53,39.0,2017/2018
SP1,2018-02-04,Atletico Madrid,Valencia,1,0,H,14,9,4,0,18,4,9,1,1,1,0,0,1.44,4.33,7.5,1.51,4.48,7.28,1.57,4.55,7.9,1.49,4.3,6.89,39.0,2017/2018
SP1,2018-02-04,Girona,Athletic Bilbao,2,0,H,8,9,3,0,13,14,2,4,1,1,0,0,2.39,3.29,3.0,2.57,3.26,3.04,2.6,3.32,3.1,2.51,3.21,2.94,39.0,2017/2018
SP1,2018-02-05,Las Palmas,Malaga,1,0,H,11,9,4,3,11,17,4,2,2,3,0,0,2.25,3.39,3.2,2.32,3.4,3.33,2.4,3.51,3.4,2.27,3.37,3.19,38.0,2017/2018
SP1,2018-02-09,Athletic Bilbao,Las Palmas,0,0,D,11,8,5,2,20,29,5,2,4,4,0,0,1.44,4.5,7.5,1.45,4.83,7.81,1.5,4.83,8.01,1.44,4.54,7.32,40.0,2017/2018
SP1,2018-02-10,Leganes,Eibar,0,1,A,2,19,0,6,14,6,1,10,4,2,1,0,2.87,3.1,2.62,2.97,3.1,2.74,3.0,3.16,2.79,2.89,3.02,2.68,40.0,2017/2018
SP1,2018-02-10,Malaga,Atletico Madrid,0,1,A,13,5,3,1,22,19,3,3,3,2,0,0,7.5,3.6,1.57,7.11,3.82,1.61,7.5,4.2,1.65,6.72,3.68,1.59,40.0,2017/2018
SP1,2018-02-10,Real Madrid,Sociedad,5,2,H,18,8,9,3,11,10,5,3,2,1,0,0,1.19,7.0,13.0,1.26,7.48,10.25,1.3,7.5,13.0,1.25,6.87,9.79,40.0,2017/2018
SP1,2018-02-10,Villarreal,Alaves,1,2,A,27,5,6,4,15,15,13,2,4,4,0,0,1.66,4.0,5.0,1.7,3.81,5.69,1.74,4.0,5.69,1.69,3.72,5.27,40.0,2017/2018
SP1,2018-02-11,Barcelona,Getafe,0,0,D,12,10,6,1,7,13,9,3,2,3,0,0,1.12,9.0,19.0,1.12,11.25,23.5,1.15,11.25,29.0,1.11,9.49,21.04,40.0,2017/2018
SP1,2018-02-11,Celta,Espanol,2,2,D,18,3,7,2,9,16,9,1,3,4,0,0,1.9,3.6,4.0,1.89,3.57,4.62,1.94,3.67,4.62,1.87,3.51,4.27,38.0,2017/2018
SP1,2018-02-11,Sevilla,Girona,1,0,H,13,14,4,6,13,19,7,2,2,2,0,0,1.72,3.79,4.75,1.72,4.06,5.04,1.76,4.06,5.5,1.7,3.86,4.85,40.0,2017/2018
SP1,2018-02-11,Valencia,Levante,3,1,H,18,5,8,1,10,19,7,9,3,4,0,0,1.5,4.33,6.5,1.54,4.59,6.25,1.56,4.7,6.75,1.51,4.38,6.16,40.0,2017/2018
SP1,2018-02-12,Deportivo La Coruna,Real Betis,0,1,A,16,10,2,4,19,7,8,1,2,0,0,0,2.2,3.6,3.1,2.25,3.76,3.18,2.4,3.78,3.21,2.24,3.61,3.04,38.0,2017/2018
SP1,2018-02-16,Girona,Leganes,3,0,H,10,10,5,5,12,10,4,4,3,5,0,0,1.85,3.25,5.0,1.86,3.39,5.19,2.0,3.47,5.25,1.87,3.31,4.82,39.0,2017/2018
SP1,2018-02-17,Eibar,Barcelona,0,2,A,13,10,3,6,13,6,6,0,3,1,1,0,6.5,4.75,1.44,6.9,4.72,1.5,7.2,4.75,1.53,6.59,4.48,1.49,39.0,2017/2018
SP1,2018-02-17,Alaves,Deportivo La Coruna,1,0,H,14,5,3,0,17,14,9,3,2,3,0,0,1.9,3.39,4.33,1.88,3.56,4.72,1.96,3.64,4.72,1.88,3.5,4.32,39.0,2017/2018
SP1,2018-02-17,Malaga,Valencia,1,2,A,9,10,3,3,19,18,7,2,2,4,1,0,3.6,3.5,2.04,3.87,3.44,2.1,4.1,3.53,2.14,3.75,3.39,2.06,39.0,2017/2018
SP1,2018-02-17,Las Palmas,Sevilla,1,2,A,11,12,3,6,15,18,7,5,2,5,0,0,3.5,3.6,2.04,3.63,3.82,2.05,3.66,3.85,2.12,3.48,3.68,2.04,39.0,2017/2018
SP1,2018-02-18,Atletico Madrid,Athletic Bilbao,2,0,H,14,4,4,0,6,12,5,2,3,2,0,0,1.44,4.2,8.5,1.43,4.35,10.22,1.48,4.5,10.3,1.43,4.13,9.28,39.0,2017/2018
SP1,2018-02-18,Real Betis,Real Madrid,3,5,A,20,12,5,9,7,15,7,5,3,5,0,0,9.0,6.0,1.3,8.4,6.28,1.34,9.2,6.28,1.37,7.98,5.81,1.33,39.0,2017/2018
SP1,2018-02-18,Espanol,Villarreal,1,1,D,15,8,3,3,7,19,2,5,1,7,0,0,2.5,3.25,2.89,2.52,3.24,3.14,2.65,3.35,3.14,2.49,3.18,3.0,37.0,2017/2018
SP1,2018-02-18,Sociedad,Levante,3,0,H,13,9,3,1,12,13,2,4,0,2,0,0,1.57,4.2,5.75,1.65,4.21,5.49,1.65,4.33,6.0,1.61,4.13,5.46,39.0,2017/2018
SP1,2018-02-19,Getafe,Celta,3,0,H,9,4,5,1,21,15,5,5,4,3,0,0,2.5,3.29,2.87,2.49,3.42,3.02,2.58,3.46,3.15,2.45,3.31,2.93,3.0,2017/2018
SP1,2018-02-21,Leganes,Real Madrid,1,3,A,7,13,3,7,18,7,6,5,3,1,0,0,11.0,6.0,1.25,12.4,5.99,1.29,13.0,6.09,1.31,11.19,5.77,1.28,40.0,2017/2018
SP1,2018-02-23,Deportivo La Coruna,Espanol,0,0,D,17,9,4,1,9,10,4,2,5,1,0,0,2.54,3.2,2.87,2.65,3.27,2.92,2.71,3.3,3.05,2.58,3.18,2.89,36.0,2017/2018
SP1,2018-02-24,Leganes,Las Palmas,0,0,D,11,4,2,1,22,17,6,5,4,5,0,0,1.8,3.5,4.75,1.85,3.52,4.93,1.9,3.6,4.93,1.84,3.46,4.62,39.0,2017/2018
SP1,2018-02-24,Real Madrid,Alaves,4,0,H,25,11,10,5,9,14,9,5,1,2,0,0,1.14,8.5,17.0,1.15,9.83,17.9,1.18,9.89,20.0,1.15,8.74,17.05,39.0,2017/2018
SP1,2018-02-24,Barcelona,Girona,6,1,H,21,10,14,4,11,11,5,3,1,1,0,0,1.14,8.0,19.0,1.14,9.45,22.25,1.17,9.75,23.0,1.14,8.46,18.42,39.0,2017/2018
SP1,2018-02-24,Celta,Eibar,2,0,H,8,15,3,2,11,16,3,9,2,3,0,0,2.0,3.5,3.7,2.04,3.56,3.94,2.1,3.63,3.94,2.02,3.51,3.73,39.0,2017/2018
SP1,2018-02-25,Athletic Bilbao,Malaga,2,1,H,8,8,6,4,12,18,6,4,3,3,0,1,1.75,3.5,5.25,1.72,3.66,5.8,1.76,3.8,5.85,1.71,3.56,5.43,39.0,2017/2018
SP1,2018-02-25,Sevilla,Atletico Madrid,2,5,A,10,13,5,8,10,24,5,4,3,3,0,0,3.39,3.2,2.25,3.33,3.34,2.35,3.5,3.41,2.4,3.22,3.25,2.3,39.0,2017/2018
SP1,2018-02-25,Valencia,Sociedad,2,1,H,7,9,4,3,12,9,4,4,2,3,0,0,1.7,4.0,4.75,1.72,4.2,4.86,1.77,4.29,5.3,1.7,4.09,4.54,39.0,2017/2018
SP1,2018-02-25,Villarreal,Getafe,1,0,H,10,3,4,2,14,21,2,8,5,3,0,0,1.75,3.75,4.75,1.83,3.55,5.04,1.88,3.75,5.04,1.81,3.51,4.62,39.0,2017/2018
SP1,2018-02-26,Levante,Real Betis,0,2,A,12,15,2,6,17,8,5,5,5,2,0,0,2.5,3.29,2.87,2.46,3.51,3.0,2.59,3.56,3.0,2.44,3.41,2.86,38.0,2017/2018
SP1,2018-02-27,Espanol,Real Madrid,1,0,H,16,12,7,5,15,10,3,8,1,1,0,0,6.0,4.33,1.53,6.24,4.43,1.56,6.7,4.55,1.61,5.91,4.3,1.56,36.0,2017/2018
SP1,2018-02-27,Girona,Celta,1,0,H,11,10,2,2,9,10,6,4,3,2,0,0,2.29,3.5,3.0,2.4,3.53,3.07,2.47,3.6,3.18,2.37,3.43,3.01,38.0,2017/2018
SP1,2018-02-28,Athletic Bilbao,Valencia,1,1,D,11,6,4,4,16,16,6,1,1,2,0,0,2.62,3.2,2.79,2.72,3.35,2.79,2.72,3.4,2.89,2.61,3.29,2.76,38.0,2017/2018
SP1,2018-02-28,Atletico Madrid,Leganes,4,0,H,15,9,8,3,10,10,5,1,1,3,0,0,1.25,5.25,15.0,1.27,5.39,18.25,1.3,6.2,21.9,1.26,5.24,17.16,38.0,2017/2018
SP1,2018-02-28,Eibar,Villarreal,1,0,H,13,11,1,3,18,8,6,4,4,2,0,0,2.2,3.2,3.6,2.2,3.39,3.63,2.4,3.49,3.63,2.23,3.3,3.38,38.0,2017/2018
SP1,2018-02-28,Getafe,Deportivo La Coruna,3,0,H,14,9,5,1,6,9,10,6,2,4,0,0,1.9,3.39,4.33,1.91,3.54,4.56,1.99,3.66,4.56,1.9,3.47,4.3,38.0,2017/2018
SP1,2018-02-28,Malaga,Sevilla,0,1,A,8,6,0,4,19,14,9,4,2,2,0,0,3.5,3.2,2.14,3.53,3.41,2.23,4.1,3.5,2.3,3.43,3.34,2.19,38.0,2017/2018
SP1,2018-03-01,Las Palmas,Barcelona,1,1,D,12,10,1,4,18,13,6,6,6,3,0,0,15.0,7.5,1.18,14.23,7.5,1.22,15.0,7.51,1.25,13.28,7.1,1.21,37.0,2017/2018
SP1,2018-03-01,Alaves,Levante,1,0,H,15,6,5,1,14,17,5,3,4,4,1,1,1.8,3.39,5.0,1.87,3.45,5.0,1.91,3.7,5.4,1.81,3.45,4.84,38.0,2017/2018
SP1,2018-03-01,Real Betis,Sociedad,0,0,D,8,13,4,5,11,7,4,10,2,0,0,0,2.79,3.39,2.39,2.78,3.88,2.45,2.82,3.88,2.65,2.68,3.68,2.47,38.0,2017/2018
SP1,2018-03-03,Deportivo La Coruna,Eibar,1,1,D,7,16,2,3,6,8,2,9,1,2,1,0,2.79,3.1,2.7,2.8,3.35,2.71,2.81,3.37,2.8,2.71,3.26,2.69,38.0,2017/2018
SP1,2018-03-03,Leganes,Malaga,2,0,H,10,4,3,1,11,14,6,1,1,1,0,0,2.14,2.89,4.0,2.22,3.09,3.98,2.26,3.4,4.1,2.17,3.03,3.92,38.0,2017/2018
SP1,2018-03-03,Real Madrid,Getafe,3,1,H,14,4,6,4,13,18,8,0,1,3,0,1,1.19,7.5,13.0,1.24,7.0,13.4,1.25,7.5,17.0,1.21,6.91,12.8,38.0,2017/2018
SP1,2018-03-03,Sevilla,Athletic Bilbao,2,0,H,18,10,8,3,14,13,8,4,2,3,0,0,1.7,3.75,5.25,1.71,3.94,5.32,1.83,3.94,5.32,1.75,3.73,4.84,38.0,2017/2018
SP1,2018-03-03,Villarreal,Girona,0,2,A,14,4,5,3,14,18,7,2,4,1,0,0,1.8,3.39,4.75,1.85,3.68,4.65,1.88,3.72,4.85,1.83,3.56,4.54,38.0,2017/2018
SP1,2018-03-04,Barcelona,Atletico Madrid,1,0,H,16,6,5,1,16,20,12,1,2,2,0,0,1.72,3.79,4.75,1.72,3.88,5.32,1.8,3.9,5.32,1.73,3.76,4.91,38.0,2017/2018
SP1,2018-03-04,Levante,Espanol,1,1,D,13,15,4,3,14,13,2,1,0,3,0,0,3.1,3.1,2.45,3.14,3.19,2.54,3.2,3.28,2.75,3.06,3.12,2.5,35.0,2017/2018
SP1,2018-03-04,Sociedad,Alaves,2,1,H,14,3,5,1,10,13,8,4,0,1,0,0,1.64,4.0,5.25,1.68,3.98,5.59,1.8,4.1,5.64,1.68,3.87,5.1,38.0,2017/2018
SP1,2018-03-04,Valencia,Real Betis,2,0,H,12,9,6,4,14,11,7,0,1,4,0,0,1.44,4.75,6.5,1.45,5.03,7.25,1.51,5.04,7.25,1.47,4.77,6.3,38.0,2017/2018
SP1,2018-03-05,Celta,Las Palmas,2,1,H,14,10,6,3,13,15,10,7,1,2,0,0,1.44,4.33,7.0,1.43,4.93,8.0,1.48,5.01,8.26,1.44,4.62,7.23,37.0,2017/2018
SP1,2018-03-09,Girona,Deportivo La Coruna,2,0,H,9,8,6,4,17,16,2,2,1,4,0,0,1.55,4.2,5.5,1.6,4.09,6.38,1.67,4.2,6.38,1.61,3.98,5.73,38.0,2017/2018
SP1,2018-03-10,Getafe,Levante,0,1,A,11,12,4,4,14,16,4,7,5,7,0,1,1.75,3.5,5.25,1.74,3.63,5.75,1.77,3.75,6.0,1.71,3.54,5.48,40.0,2017/2018
SP1,2018-03-10,Eibar,Real Madrid,1,2,A,12,12,3,6,12,7,8,6,1,1,0,0,5.75,4.75,1.5,6.23,4.69,1.53,6.32,4.8,1.56,5.92,4.55,1.52,40.0,2017/2018
SP1,2018-03-10,Sevilla,Valencia,0,2,A,21,10,5,5,15,15,7,3,4,2,0,0,2.0,3.5,3.79,2.07,3.68,3.7,2.2,3.73,3.79,2.06,3.58,3.52,39.0,2017/2018
SP1,2018-03-10,Malaga,Barcelona,0,2,A,6,20,2,9,15,9,2,5,1,1,1,0,13.0,6.0,1.25,13.92,6.14,1.27,15.0,6.51,1.3,12.44,5.82,1.26,40.0,2017/2018
SP1,2018-03-11,Athletic Bilbao,Leganes,2,0,H,13,12,5,1,12,14,3,6,2,5,0,0,1.9,3.29,4.5,1.94,3.27,4.91,2.0,3.5,4.91,1.93,3.21,4.56,40.0,2017/2018
SP1,2018-03-11,Atletico Madrid,Celta,3,0,H,7,8,3,2,14,10,6,4,1,2,0,0,1.39,4.75,8.0,1.43,4.73,8.57,1.46,4.8,8.75,1.42,4.57,8.0,40.0,2017/2018
SP1,2018-03-11,Espanol,Sociedad,2,1,H,18,11,7,5,18,14,6,4,0,2,0,0,2.87,3.1,2.62,2.82,3.33,2.7,2.87,3.4,2.75,2.75,3.24,2.66,38.0,2017/2018
SP1,2018-03-11,Las Palmas,Villarreal,0,2,A,9,11,3,4,15,17,7,3,1,1,1,0,3.5,3.5,2.1,3.67,3.45,2.16,3.7,3.53,2.3,3.47,3.4,2.13,40.0,2017/2018
SP1,2018-03-12,Alaves,Real Betis,1,3,A,9,10,1,4,18,17,6,2,2,3,0,0,2.14,3.29,3.6,2.16,3.46,3.66,2.23,3.51,3.68,2.15,3.37,3.45,39.0,2017/2018
SP1,2018-03-16,Levante,Eibar,2,1,H,6,13,3,4,11,11,4,5,4,3,0,0,3.2,3.2,2.37,3.21,3.31,2.43,3.29,3.37,2.5,3.13,3.21,2.4,39.0,2017/2018
SP1,2018-03-17,Sociedad,Getafe,1,2,A,8,9,2,5,13,21,7,1,3,7,0,0,1.72,3.6,5.25,1.75,3.92,5.01,1.79,4.0,5.3,1.72,3.77,4.91,42.0,2017/2018
SP1,2018-03-17,Valencia,Alaves,3,1,H,24,16,10,4,8,14,9,2,1,1,0,0,1.44,4.5,7.5,1.47,4.64,7.73,1.49,4.8,8.0,1.45,4.51,7.33,42.0,2017/2018
SP1,2018-03-17,Real Betis,Espanol,3,0,H,9,4,4,1,15,11,3,5,1,3,0,0,2.2,3.39,3.29,2.27,3.39,3.45,2.32,3.49,3.5,2.24,3.33,3.33,39.0,2017/2018
SP1,2018-03-17,Deportivo La Coruna,Las Palmas,1,1,D,13,8,3,1,24,12,9,2,3,3,0,0,1.72,3.75,5.0,1.77,3.88,4.95,1.81,3.95,5.05,1.75,3.79,4.73,42.0,2017/2018
SP1,2018-03-18,Leganes,Sevilla,2,1,H,12,10,6,4,13,11,5,4,2,4,0,1,3.7,3.29,2.1,3.71,3.37,2.18,3.8,3.44,2.3,3.62,3.27,2.15,42.0,2017/2018
SP1,2018-03-18,Barcelona,Athletic Bilbao,2,0,H,18,10,9,3,7,14,6,5,2,2,0,0,1.16,8.0,15.0,1.16,8.49,21.78,1.19,8.57,29.0,1.15,7.87,19.54,42.0,2017/2018
SP1,2018-03-18,Real Madrid,Girona,6,3,H,20,10,14,6,13,13,6,7,1,2,0,0,1.16,7.5,17.0,1.21,8.32,12.98,1.23,8.32,17.0,1.19,7.56,12.98,42.0,2017/2018
SP1,2018-03-18,Villarreal,Atletico Madrid,2,1,H,17,8,5,2,13,16,5,4,5,3,0,1,4.2,3.1,2.04,4.14,3.39,2.05,4.2,3.47,2.11,3.97,3.27,2.03,42.0,2017/2018
SP1,2018-03-18,Celta,Malaga,0,0,D,9,5,3,0,16,24,4,5,3,2,0,0,1.44,4.5,7.0,1.53,4.29,7.35,1.53,4.8,8.0,1.48,4.28,7.14,41.0,2017/2018
SP1,2018-03-31,Athletic Bilbao,Celta,1,1,D,11,13,2,3,10,10,4,5,3,1,0,0,2.04,3.29,3.6,2.09,3.53,3.81,2.15,3.55,3.81,2.07,3.4,3.66,42.0,2017/2018
SP1,2018-03-31,Girona,Levante,1,1,D,12,15,5,6,13,12,5,7,1,3,0,0,1.57,3.79,6.0,1.62,4.02,6.27,1.67,4.02,6.35,1.62,3.81,5.82,42.0,2017/2018
SP1,2018-03-31,Las Palmas,Real Madrid,0,3,A,17,17,3,7,11,17,3,3,3,0,0,0,10.0,6.0,1.25,10.16,6.7,1.28,10.7,6.7,1.33,9.41,6.15,1.28,42.0,2017/2018
SP1,2018-03-31,Sevilla,Barcelona,2,2,D,21,20,6,9,11,7,5,9,2,0,0,0,4.75,4.0,1.66,4.89,4.04,1.75,5.13,4.07,1.8,4.64,3.88,1.73,42.0,2017/2018
SP1,2018-04-01,Atletico Madrid,Deportivo La Coruna,1,0,H,15,10,3,2,14,15,9,7,2,3,0,0,1.22,5.75,13.0,1.26,6.22,14.32,1.3,6.5,16.0,1.25,5.77,13.32,41.0,2017/2018
SP1,2018-04-01,Malaga,Villarreal,1,0,H,13,11,3,1,17,13,3,6,2,3,0,0,3.5,3.2,2.14,3.72,3.33,2.19,3.72,3.47,2.26,3.5,3.25,2.18,41.0,2017/2018
SP1,2018-04-01,Eibar,Sociedad,0,0,D,15,7,3,0,14,10,8,1,4,2,0,0,2.37,3.39,2.87,2.39,3.45,3.16,2.48,3.5,3.21,2.37,3.36,3.01,42.0,2017/2018
SP1,2018-04-01,Leganes,Valencia,0,1,A,8,3,1,1,14,17,5,2,3,4,0,0,3.75,3.39,2.0,3.95,3.41,2.09,4.0,3.52,2.15,3.79,3.34,2.04,42.0,2017/2018
SP1,2018-04-01,Espanol,Alaves,0,0,D,12,13,3,4,18,12,6,5,3,2,0,0,2.04,3.2,3.75,2.03,3.25,4.46,2.2,3.38,4.46,2.02,3.2,4.06,40.0,2017/2018
SP1,2018-04-02,Getafe,Real Betis,0,1,A,8,7,4,4,21,9,4,0,4,2,0,0,1.95,3.5,3.75,2.05,3.55,3.89,2.13,3.59,3.9,2.02,3.43,3.72,39.0,2017/2018
SP1,2018-04-06,Deportivo La Coruna,Malaga,3,2,H,14,11,6,4,16,14,7,6,4,3,0,0,2.04,3.29,3.79,2.09,3.36,4.01,2.12,3.42,4.11,2.04,3.3,3.93,40.0,2017/2018
SP1,2018-04-07,Alaves,Getafe,2,0,H,11,5,2,1,17,22,1,3,2,3,0,0,2.45,3.0,3.2,2.55,3.02,3.31,2.58,3.18,3.4,2.45,3.05,3.22,42.0,2017/2018
SP1,2018-04-07,Barcelona,Leganes,3,1,H,12,11,6,1,14,12,5,3,2,4,0,0,1.12,9.0,21.0,1.12,10.05,28.06,1.16,10.05,31.0,1.13,8.54,22.73,42.0,2017/2018
SP1,2018-04-07,Real Betis,Eibar,2,0,H,13,5,4,2,10,11,7,8,2,2,0,0,2.25,3.39,3.25,2.28,3.43,3.39,2.35,3.52,3.4,2.25,3.37,3.25,42.0,2017/2018
SP1,2018-04-07,Celta,Sevilla,4,0,H,12,16,6,6,8,12,3,10,1,2,0,0,2.2,3.39,3.29,2.23,3.53,3.42,2.28,3.6,3.46,2.19,3.44,3.32,42.0,2017/2018
SP1,2018-04-08,Levante,Las Palmas,2,1,H,11,17,4,5,19,10,4,5,6,3,2,0,1.9,3.6,4.0,1.89,3.72,4.39,1.96,3.78,4.4,1.89,3.56,4.19,42.0,2017/2018
SP1,2018-04-08,Real Madrid,Atletico Madrid,1,1,D,30,9,8,5,12,17,11,2,2,3,0,0,1.75,3.75,4.75,1.71,3.91,5.31,1.8,4.02,5.4,1.73,3.8,4.89,42.0,2017/2018
SP1,2018-04-08,Sociedad,Girona,5,0,H,13,8,7,1,8,20,4,5,2,2,0,0,1.9,3.6,4.0,1.93,3.79,4.13,1.98,3.9,4.33,1.89,3.65,4.08,42.0,2017/2018
SP1,2018-04-08,Valencia,Espanol,1,0,H,14,21,6,6,17,10,4,3,3,2,0,0,1.5,4.33,6.5,1.51,4.34,7.72,1.55,4.4,8.0,1.49,4.19,7.06,40.0,2017/2018
SP1,2018-04-09,Villarreal,Athletic Bilbao,1,3,A,7,17,2,13,17,11,3,6,5,5,1,0,1.85,3.5,4.5,1.89,3.47,4.8,1.94,3.58,4.8,1.87,3.44,4.45,39.0,2017/2018
SP1,2018-04-13,Girona,Real Betis,0,1,A,9,10,4,2,23,18,6,4,7,5,0,0,2.29,3.39,3.1,2.39,3.45,3.16,2.45,3.57,3.33,2.34,3.43,3.04,40.0,2017/2018
SP1,2018-04-14,Barcelona,Valencia,2,1,H,12,17,7,6,9,11,6,5,2,2,0,0,1.28,6.0,9.5,1.32,6.05,9.95,1.33,6.2,10.5,1.3,5.81,9.46,41.0,2017/2018
SP1,2018-04-14,Leganes,Celta,1,0,H,19,5,7,2,22,17,8,3,3,3,0,0,3.1,3.2,2.39,3.33,3.24,2.4,3.33,3.31,2.49,3.18,3.17,2.38,41.0,2017/2018
SP1,2018-04-14,Athletic Bilbao,Deportivo La Coruna,2,3,A,13,5,4,3,5,9,11,6,2,1,0,0,1.66,3.75,5.5,1.69,3.88,5.68,1.71,4.04,6.0,1.66,3.8,5.49,41.0,2017/2018
SP1,2018-04-14,Sevilla,Villarreal,2,2,D,18,7,4,4,11,23,10,2,5,3,1,1,1.8,3.75,4.5,1.83,3.85,4.61,1.91,3.91,4.61,1.83,3.73,4.25,41.0,2017/2018
SP1,2018-04-14,Las Palmas,Sociedad,0,1,A,7,20,0,11,6,16,4,6,0,0,0,0,3.79,3.6,1.95,3.69,3.75,2.03,3.95,3.82,2.08,3.65,3.66,2.0,40.0,2017/2018
SP1,2018-04-15,Atletico Madrid,Levante,3,0,H,13,11,5,3,9,13,8,3,2,1,0,0,1.22,6.0,15.0,1.24,6.15,18.0,1.28,6.4,18.0,1.23,5.78,15.62,41.0,2017/2018
SP1,2018-04-15,Eibar,Alaves,0,1,A,21,2,4,1,11,18,12,1,2,1,0,0,1.83,3.39,4.75,1.83,3.44,5.27,1.88,3.57,5.27,1.82,3.39,4.84,40.0,2017/2018
SP1,2018-04-15,Getafe,Espanol,1,0,H,13,5,4,0,19,13,4,3,6,2,1,0,2.14,3.1,3.75,2.17,3.11,4.14,2.22,3.23,4.14,2.15,3.08,3.82,37.0,2017/2018
SP1,2018-04-15,Malaga,Real Madrid,1,2,A,13,16,3,6,12,9,4,7,4,0,0,0,10.0,5.5,1.28,10.76,5.93,1.31,11.2,6.25,1.33,10.08,5.63,1.3,41.0,2017/2018
SP1,2018-04-17,Celta,Barcelona,2,2,D,18,14,8,6,9,7,6,4,3,0,0,1,4.75,4.33,1.64,4.9,4.31,1.7,5.05,4.4,1.73,4.74,4.19,1.68,42.0,2017/2018
SP1,2018-04-17,Deportivo La Coruna,Sevilla,0,0,D,22,24,6,7,8,8,7,9,0,2,0,0,2.5,3.5,2.75,2.53,3.72,2.77,2.67,3.81,2.88,2.5,3.57,2.72,42.0,2017/2018
SP1,2018-04-17,Villarreal,Leganes,2,1,H,17,6,6,1,14,14,10,4,1,1,0,0,1.6,3.79,6.5,1.64,3.89,6.38,1.67,4.13,7.02,1.61,3.82,6.16,42.0,2017/2018
SP1,2018-04-18,Espanol,Eibar,0,1,A,10,5,4,1,17,17,3,6,3,2,0,0,2.29,3.1,3.39,2.38,3.15,3.49,2.42,3.23,3.55,2.33,3.09,3.35,41.0,2017/2018
SP1,2018-04-18,Real Madrid,Athletic Bilbao,1,1,D,29,6,10,2,6,19,16,2,2,4,0,0,1.19,7.0,12.0,1.24,7.2,12.75,1.27,7.38,13.82,1.23,6.72,11.7,43.0,2017/2018
SP1,2018-04-18,Valencia,Getafe,1,2,A,10,8,3,3,10,14,7,5,1,7,1,0,1.44,4.0,8.0,1.49,4.45,7.79,1.52,4.49,8.0,1.48,4.24,7.25,43.0,2017/2018
SP1,2018-04-19,Real Betis,Las Palmas,1,0,H,17,1,8,0,18,17,6,3,3,5,0,1,1.36,5.25,7.5,1.38,5.5,8.45,1.4,5.6,8.57,1.36,5.26,7.75,43.0,2017/2018
SP1,2018-04-19,Alaves,Girona,1,2,A,11,14,5,5,15,12,3,6,4,4,0,0,2.37,3.1,3.29,2.44,3.18,3.33,2.47,3.35,3.33,2.4,3.16,3.16,43.0,2017/2018
SP1,2018-04-19,Sociedad,Atletico Madrid,3,0,H,12,9,4,2,13,13,6,6,1,0,0,0,3.29,3.29,2.25,3.36,3.38,2.32,3.4,3.45,2.36,3.28,3.3,2.27,43.0,2017/2018
SP1,2018-04-19,Levante,Malaga,1,0,H,11,10,2,2,9,17,4,3,1,1,0,0,1.85,3.5,4.5,1.85,3.56,4.92,1.94,3.8,4.92,1.86,3.41,4.57,43.0,2017/2018
SP1,2018-04-20,Leganes,Deportivo La Coruna,0,0,D,13,12,0,3,12,13,9,4,0,2,0,0,2.29,3.25,3.2,2.49,3.27,3.14,2.52,3.32,3.21,2.42,3.21,3.09,40.0,2017/2018
SP1,2018-04-21,Celta,Valencia,1,1,D,10,17,3,7,14,19,4,3,1,2,0,0,2.7,3.39,2.6,2.74,3.46,2.7,2.8,3.55,2.73,2.67,3.4,2.63,42.0,2017/2018
SP1,2018-04-21,Eibar,Getafe,0,1,A,12,7,2,4,15,16,8,3,4,1,0,0,2.04,3.2,4.0,2.14,3.24,4.0,2.21,3.4,4.0,2.12,3.14,3.88,42.0,2017/2018
SP1,2018-04-22,Atletico Madrid,Real Betis,0,0,D,10,10,2,4,17,14,8,3,2,5,0,0,1.61,3.75,6.0,1.63,3.93,6.36,1.68,4.0,6.36,1.62,3.8,5.86,42.0,2017/2018
SP1,2018-04-22,Girona,Espanol,0,2,A,20,5,6,4,18,18,10,0,1,2,0,0,2.14,3.25,3.6,2.12,3.28,4.04,2.17,3.4,4.4,2.09,3.25,3.76,40.0,2017/2018
SP1,2018-04-22,Las Palmas,Alaves,0,4,A,12,10,1,7,14,19,3,3,2,2,0,0,3.1,3.2,2.39,3.17,3.34,2.44,3.3,3.4,2.47,3.1,3.26,2.37,42.0,2017/2018
SP1,2018-04-22,Malaga,Sociedad,2,0,H,4,14,3,2,16,0,5,3,4,1,0,0,5.25,3.6,1.72,5.55,3.63,1.76,5.55,3.73,1.81,5.05,3.59,1.75,42.0,2017/2018
SP1,2018-04-23,Athletic Bilbao,Levante,1,3,A,18,11,5,7,13,14,2,9,3,3,0,0,1.66,3.75,5.5,1.68,3.7,6.32,1.73,3.89,6.32,1.66,3.68,5.58,41.0,2017/2018
SP1,2018-04-27,Levante,Sevilla,2,1,H,15,22,5,4,4,15,4,8,1,1,0,0,4.5,3.6,1.75,4.31,3.87,1.87,4.5,3.95,2.0,4.12,3.77,1.85,42.0,2017/2018
SP1,2018-04-28,Villarreal,Celta,4,1,H,13,15,7,4,14,8,5,7,2,0,0,0,1.72,3.75,5.0,1.75,3.88,5.1,1.8,4.05,5.1,1.74,3.82,4.75,42.0,2017/2018
SP1,2018-04-28,Sociedad,Athletic Bilbao,3,1,H,17,9,4,3,16,16,3,7,3,6,1,0,1.85,3.6,4.33,1.88,3.69,4.48,2.0,3.74,4.6,1.87,3.58,4.28,43.0,2017/2018
SP1,2018-04-28,Real Madrid,Leganes,2,1,H,12,16,5,6,16,15,3,2,0,1,0,1,1.3,5.5,10.0,1.3,5.91,11.18,1.35,6.0,11.26,1.3,5.57,9.98,42.0,2017/2018
SP1,2018-04-28,Espanol,Las Palmas,1,1,D,16,13,7,2,18,22,6,7,2,4,0,0,1.36,4.75,9.5,1.4,4.84,9.81,1.43,5.0,10.0,1.39,4.6,8.88,41.0,2017/2018
SP1,2018-04-29,Alaves,Atletico Madrid,0,1,A,7,14,3,6,14,12,3,4,4,6,0,1,3.29,3.1,2.37,3.5,3.19,2.35,3.52,3.23,2.43,3.35,3.1,2.34,43.0,2017/2018
SP1,2018-04-29,Getafe,Girona,1,1,D,10,15,2,2,19,21,4,4,6,4,1,0,2.1,3.1,4.0,2.08,3.36,4.04,2.15,3.4,4.1,2.06,3.23,3.92,43.0,2017/2018
SP1,2018-04-29,Deportivo La Coruna,Barcelona,2,4,A,17,21,5,9,9,9,6,7,1,1,0,0,12.0,6.0,1.25,11.81,6.38,1.28,12.0,6.6,1.31,10.0,6.08,1.27,43.0,2017/2018
SP1,2018-04-29,Valencia,Eibar,0,0,D,16,8,5,2,12,19,8,2,2,3,0,0,1.5,4.0,7.5,1.5,4.56,7.22,1.56,4.56,7.5,1.51,4.27,6.62,42.0,2017/2018
SP1,2018-04-30,Real Betis,Malaga,2,1,H,12,9,3,3,9,17,6,4,1,4,0,0,1.44,4.5,7.5,1.41,4.98,8.81,1.45,5.0,9.0,1.41,4.61,7.96,42.0,2017/2018
SP1,2018-05-04,Sevilla,Sociedad,1,0,H,16,11,6,1,17,13,6,4,4,2,0,0,2.1,3.79,3.1,2.21,3.54,3.38,2.3,3.79,3.6,2.17,3.53,3.29,42.0,2017/2018
SP1,2018-05-05,Girona,Eibar,1,4,A,16,15,5,6,12,13,6,5,2,5,0,0,2.1,3.29,3.75,2.11,3.4,3.89,2.17,3.47,4.0,2.08,3.31,3.74,43.0,2017/2018
SP1,2018-05-05,Athletic Bilbao,Real Betis,2,0,H,14,6,5,3,13,12,4,5,0,2,0,0,2.25,3.29,3.29,2.37,3.3,3.34,2.38,3.45,3.42,2.28,3.33,3.22,43.0,2017/2018
SP1,2018-05-05,Celta,Deportivo La Coruna,1,1,D,13,11,4,2,6,11,4,10,4,2,0,0,1.61,4.0,5.5,1.66,4.38,5.18,1.7,4.38,6.2,1.63,4.17,5.07,43.0,2017/2018
SP1,2018-05-05,Villarreal,Valencia,1,0,H,13,6,5,2,18,18,7,3,5,3,0,0,2.25,3.39,3.2,2.27,3.44,3.39,2.33,3.58,3.5,2.23,3.42,3.22,43.0,2017/2018
SP1,2018-05-06,Atletico Madrid,Espanol,0,2,A,9,14,3,6,9,13,6,3,1,3,0,0,1.39,4.2,10.0,1.43,4.36,10.55,1.45,4.8,11.0,1.4,4.34,9.58,41.0,2017/2018
SP1,2018-05-06,Barcelona,Real Madrid,2,2,D,11,17,4,5,8,20,6,5,3,5,1,0,1.66,4.33,4.5,1.72,4.6,4.39,1.8,4.7,4.7,1.68,4.43,4.4,43.0,2017/2018
SP1,2018-05-06,Las Palmas,Getafe,0,1,A,21,8,4,1,8,28,9,4,0,2,0,0,4.0,3.29,2.0,3.9,3.46,2.09,4.0,3.6,2.13,3.76,3.38,2.05,43.0,2017/2018
SP1,2018-05-06,Malaga,Alaves,0,3,A,16,13,4,7,15,13,6,7,2,1,0,0,2.39,3.2,3.1,2.45,3.17,3.31,2.5,3.3,3.31,2.43,3.15,3.11,43.0,2017/2018
SP1,2018-05-07,Leganes,Levante,0,3,A,13,10,2,3,15,11,6,5,5,1,1,0,2.1,3.2,3.89,2.18,3.24,3.89,2.21,3.4,3.9,2.11,3.24,3.69,42.0,2017/2018
SP1,2018-05-09,Barcelona,Villarreal,5,1,H,12,20,6,7,6,15,4,4,0,3,0,0,1.28,5.75,10.0,1.29,6.13,10.66,1.33,6.5,11.0,1.29,5.91,9.53,42.0,2017/2018
SP1,2018-05-09,Sevilla,Real Madrid,3,2,H,14,14,6,4,21,9,2,3,3,1,0,0,2.45,3.7,2.62,2.46,3.96,2.69,2.6,4.0,2.77,2.44,3.84,2.63,42.0,2017/2018
SP1,2018-05-12,Alaves,Athletic Bilbao,3,1,H,4,13,3,4,15,13,0,8,2,5,0,0,2.5,3.29,2.89,2.62,3.18,3.04,2.65,3.3,3.08,2.56,3.15,2.92,41.0,2017/2018
SP1,2018-05-12,Real Betis,Sevilla,2,2,D,9,13,5,5,10,19,4,5,1,4,0,0,2.62,3.39,2.7,2.61,3.7,2.69,2.85,3.73,2.76,2.59,3.55,2.62,41.0,2017/2018
SP1,2018-05-12,Eibar,Las Palmas,1,0,H,10,8,5,2,13,12,3,11,3,1,0,0,1.39,4.5,9.0,1.41,4.92,8.91,1.5,5.07,9.5,1.4,4.7,8.36,41.0,2017/2018
SP1,2018-05-12,Getafe,Atletico Madrid,0,1,A,11,5,4,3,13,17,8,2,3,2,0,0,2.79,3.1,2.79,2.77,3.13,2.9,2.83,3.17,3.3,2.75,3.03,2.81,41.0,2017/2018
SP1,2018-05-12,Girona,Valencia,0,1,A,16,10,4,4,16,11,6,2,2,3,0,0,2.5,3.39,2.75,2.61,3.6,2.75,2.66,3.62,2.82,2.57,3.49,2.68,41.0,2017/2018
SP1,2018-05-12,Deportivo La Coruna,Villarreal,2,4,A,16,11,7,7,14,5,11,0,3,0,0,0,3.5,3.6,2.04,3.8,3.69,2.04,4.1,3.74,2.1,3.57,3.58,2.03,41.0,2017/2018
SP1,2018-05-12,Real Madrid,Celta,6,0,H,15,5,10,1,5,10,4,2,0,1,0,0,1.36,5.0,9.0,1.34,6.13,8.06,1.4,6.16,9.0,1.35,5.66,7.61,41.0,2017/2018
SP1,2018-05-12,Sociedad,Leganes,3,2,H,11,9,6,3,8,12,5,1,1,2,0,0,1.44,4.2,8.5,1.45,4.71,8.19,1.48,4.75,8.5,1.44,4.45,7.68,41.0,2017/2018
SP1,2018-05-13,Espanol,Malaga,4,1,H,19,9,7,3,13,19,5,3,0,2,0,0,1.61,3.7,6.25,1.65,3.94,6.03,1.7,3.97,6.25,1.64,3.73,5.72,39.0,2017/2018
SP1,2018-05-13,Levante,Barcelona,5,4,H,12,18,7,7,18,12,3,8,6,6,0,0,10.0,5.25,1.3,10.34,6.15,1.31,10.34,6.18,1.34,9.07,5.65,1.31,41.0,2017/2018
SP1,2018-05-19,Celta,Levante,4,2,H,20,7,9,3,9,15,5,3,1,3,0,1,1.8,4.0,4.1,1.83,4.08,4.31,2.0,4.22,4.31,1.81,4.01,4.01,42.0,2017/2018
SP1,2018-05-19,Las Palmas,Girona,1,2,A,13,12,7,6,7,19,4,3,1,2,0,0,3.1,3.5,2.25,3.14,3.81,2.25,3.23,3.81,2.5,3.03,3.63,2.24,42.0,2017/2018
SP1,2018-05-19,Leganes,Real Betis,3,2,H,8,16,3,8,9,9,6,4,2,0,1,0,2.7,3.6,2.5,2.77,3.56,2.61,2.85,3.7,2.67,2.71,3.48,2.54,42.0,2017/2018
SP1,2018-05-19,Malaga,Getafe,0,1,A,6,11,2,3,19,12,2,9,4,1,0,0,3.3,3.3,2.25,3.26,3.6,2.27,3.36,3.6,2.34,3.22,3.41,2.24,42.0,2017/2018
SP1,2018-05-19,Sevilla,Alaves,1,0,H,20,10,8,4,15,12,8,3,2,2,0,0,1.4,4.75,8.0,1.43,5.22,7.32,1.5,5.22,8.0,1.43,4.88,6.84,42.0,2017/2018
SP1,2018-05-19,Villarreal,Real Madrid,2,2,D,14,15,5,7,13,10,4,5,4,3,0,0,3.1,4.1,2.1,3.04,4.25,2.17,3.13,4.33,2.5,2.99,4.12,2.12,42.0,2017/2018
SP1,2018-05-20,Athletic Bilbao,Espanol,0,1,A,12,11,3,4,4,11,7,7,0,1,0,0,2.04,3.5,3.6,2.05,3.74,3.69,2.11,3.74,4.0,2.02,3.56,3.63,39.0,2017/2018
SP1,2018-05-20,Atletico Madrid,Eibar,2,2,D,8,14,4,3,14,14,2,2,6,2,1,0,1.61,3.8,6.0,1.6,4.17,6.18,1.65,4.21,6.18,1.6,3.98,5.65,41.0,2017/2018
SP1,2018-05-20,Barcelona,Sociedad,1,0,H,12,13,4,2,13,13,3,8,3,2,0,0,1.22,7.0,11.0,1.25,7.53,9.4,1.3,7.8,11.0,1.24,7.0,9.76,42.0,2017/2018
SP1,2018-05-20,Valencia,Deportivo La Coruna,2,1,H,22,12,5,7,8,11,8,4,0,0,0,0,1.4,4.75,8.0,1.36,5.56,8.97,1.45,5.66,9.5,1.37,5.15,7.94,41.0,2017/2018
SP1,2018-08-17,Real Betis,Levante,0,3,A,22,6,8,4,10,10,5,3,0,2,0,0,1.66,4.0,5.0,1.69,4.19,5.11,1.75,4.25,5.25,1.68,4.0,4.95,40.0,2018/2019
SP1,2018-08-17,Girona,Valladolid,0,0,D,13,2,1,1,21,20,3,2,1,1,0,0,1.75,3.6,5.0,1.8,3.7,4.99,1.85,3.83,5.27,1.78,3.6,4.79,40.0,2018/2019
SP1,2018-08-18,Barcelona,Alaves,3,0,H,25,3,9,0,6,13,7,1,0,2,0,0,1.11,10.0,21.0,1.11,11.27,25.4,1.13,11.5,41.0,1.1,9.82,25.67,40.0,2018/2019
SP1,2018-08-18,Celta,Espanol,1,1,D,12,14,2,5,13,14,8,7,3,2,0,0,1.85,3.5,4.5,1.93,3.64,4.27,1.97,3.73,4.5,1.9,3.53,4.2,38.0,2018/2019
SP1,2018-08-18,Villarreal,Sociedad,1,2,A,16,8,7,4,16,10,4,6,2,3,0,0,2.04,3.4,3.8,2.06,3.51,3.91,2.11,3.62,3.93,2.03,3.43,3.76,40.0,2018/2019
SP1,2018-08-19,Eibar,Huesca,1,2,A,18,8,6,6,12,13,7,0,1,1,0,0,1.66,3.75,5.5,1.72,3.9,5.26,1.76,3.93,5.5,1.7,3.77,5.08,40.0,2018/2019
SP1,2018-08-19,Real Madrid,Getafe,2,0,H,10,4,3,1,11,27,3,0,1,7,0,0,1.2,7.0,13.0,1.2,7.36,17.47,1.24,7.36,17.47,1.21,6.66,14.13,39.0,2018/2019
SP1,2018-08-19,Vallecano,Sevilla,1,4,A,13,17,2,8,6,15,2,6,1,0,0,0,3.25,3.6,2.14,3.46,3.74,2.13,3.53,3.75,2.2,3.38,3.56,2.11,40.0,2018/2019
SP1,2018-08-20,Athletic Bilbao,Leganes,2,1,H,17,12,5,2,12,13,6,2,4,5,0,0,1.75,3.3,5.5,1.79,3.54,5.46,1.85,3.64,5.5,1.78,3.43,5.03,40.0,2018/2019
SP1,2018-08-20,Valencia,Atletico Madrid,1,1,D,13,9,4,3,10,15,4,10,2,3,0,0,3.0,3.2,2.5,3.12,3.18,2.57,3.12,3.29,2.61,2.99,3.14,2.51,39.0,2018/2019
SP1,2018-08-24,Getafe,Eibar,2,0,H,7,9,4,0,14,11,5,5,2,1,0,0,1.95,3.2,4.33,2.01,3.35,4.43,2.06,3.35,4.5,1.98,3.22,4.32,40.0,2018/2019
SP1,2018-08-24,Leganes,Sociedad,2,2,D,18,7,5,6,12,9,5,0,1,2,0,0,3.5,3.3,2.1,3.66,3.36,2.2,3.76,3.4,2.27,3.57,3.25,2.18,40.0,2018/2019
SP1,2018-08-25,Alaves,Real Betis,0,0,D,16,13,4,5,17,15,5,6,3,1,0,0,2.8,3.25,2.6,2.87,3.36,2.63,2.92,3.38,2.78,2.77,3.26,2.63,40.0,2018/2019
SP1,2018-08-25,Atletico Madrid,Vallecano,1,0,H,9,13,2,3,7,8,8,5,1,1,0,0,1.16,7.0,21.0,1.16,8.09,24.21,1.19,8.18,24.21,1.16,7.39,20.03,41.0,2018/2019
SP1,2018-08-25,Valladolid,Barcelona,0,1,A,7,10,4,5,13,11,6,10,1,1,0,0,17.0,7.5,1.16,19.07,8.18,1.18,21.0,8.4,1.2,16.55,7.56,1.17,41.0,2018/2019
SP1,2018-08-26,Espanol,Valencia,2,0,H,19,16,9,4,16,12,6,10,1,1,0,0,3.25,3.2,2.37,3.19,3.48,2.35,3.25,3.48,2.47,3.08,3.3,2.37,39.0,2018/2019
SP1,2018-08-26,Girona,Real Madrid,1,4,A,10,20,5,8,13,11,4,7,2,3,0,0,8.0,5.5,1.36,8.99,5.42,1.37,9.25,5.5,1.4,8.29,5.2,1.36,41.0,2018/2019
SP1,2018-08-26,Sevilla,Villarreal,0,0,D,19,14,2,6,13,14,4,5,3,2,0,0,1.72,4.2,4.33,1.79,3.98,4.7,1.83,4.2,4.75,1.76,3.87,4.51,41.0,2018/2019
SP1,2018-08-27,Athletic Bilbao,Huesca,2,2,D,14,9,4,4,17,17,3,2,2,2,0,0,1.61,3.6,6.5,1.64,3.8,6.45,1.68,3.95,6.5,1.63,3.75,5.95,41.0,2018/2019
SP1,2018-08-27,Levante,Celta,1,2,A,15,21,6,9,14,8,7,7,2,3,0,0,2.4,3.25,3.0,2.52,3.31,3.08,2.6,3.41,3.09,2.49,3.25,2.93,41.0,2018/2019
SP1,2018-08-31,Eibar,Sociedad,2,1,H,8,7,2,2,18,15,4,2,3,2,0,0,2.75,3.25,2.62,2.8,3.31,2.73,2.95,3.34,2.77,2.79,3.23,2.66,41.0,2018/2019
SP1,2018-08-31,Getafe,Valladolid,0,0,D,12,7,3,4,22,14,6,7,3,1,0,0,1.9,3.2,4.75,1.93,3.18,5.22,1.99,3.3,5.35,1.91,3.18,4.86,41.0,2018/2019
SP1,2018-08-31,Villarreal,Girona,0,1,A,13,14,3,6,15,11,7,2,3,2,0,0,1.57,4.0,6.0,1.57,4.17,6.67,1.65,4.24,6.68,1.57,4.08,6.19,41.0,2018/2019
SP1,2018-09-01,Celta,Atletico Madrid,2,0,H,10,9,4,0,12,14,2,8,4,5,0,1,5.5,3.4,1.75,4.93,3.66,1.81,5.5,3.77,1.85,4.83,3.58,1.78,41.0,2018/2019
SP1,2018-09-01,Real Madrid,Leganes,4,1,H,17,8,8,3,11,11,8,1,1,1,0,0,1.12,9.0,21.0,1.13,9.73,25.14,1.14,10.3,31.0,1.12,9.31,23.88,41.0,2018/2019
SP1,2018-09-02,Alaves,Espanol,2,1,H,8,11,5,7,19,13,0,12,4,3,0,0,2.9,3.1,2.54,2.93,3.16,2.71,3.06,3.2,2.8,2.91,3.08,2.63,39.0,2018/2019
SP1,2018-09-02,Barcelona,Huesca,8,2,H,31,7,15,3,6,12,9,4,1,2,0,0,1.08,11.0,29.0,1.09,13.22,30.82,1.1,15.0,52.0,1.07,12.43,33.38,41.0,2018/2019
SP1,2018-09-02,Real Betis,Sevilla,1,0,H,11,8,3,2,15,17,5,8,3,6,0,1,2.8,3.5,2.45,2.77,3.87,2.46,2.86,3.87,2.54,2.75,3.62,2.44,41.0,2018/2019
SP1,2018-09-02,Levante,Valencia,2,2,D,13,18,4,5,14,10,3,5,4,2,1,0,3.75,3.4,2.0,3.61,3.59,2.13,3.8,3.69,2.2,3.51,3.5,2.09,41.0,2018/2019
SP1,2018-09-14,Huesca,Vallecano,0,1,A,14,14,4,2,16,18,6,3,2,1,0,0,2.14,3.5,3.4,2.26,3.57,3.3,2.3,3.7,3.41,2.2,3.51,3.28,36.0,2018/2019
SP1,2018-09-15,Athletic Bilbao,Real Madrid,1,1,D,11,16,3,6,18,6,1,2,6,2,0,0,6.0,4.33,1.53,5.46,4.7,1.58,6.0,4.7,1.6,5.47,4.46,1.57,39.0,2018/2019
SP1,2018-09-15,Atletico Madrid,Eibar,1,1,D,18,12,9,3,5,21,14,3,2,2,0,0,1.36,4.33,12.0,1.36,4.78,11.13,1.41,4.82,12.0,1.37,4.56,10.12,39.0,2018/2019
SP1,2018-09-15,Sociedad,Barcelona,1,2,A,8,12,5,6,18,8,1,6,1,1,0,0,7.0,5.25,1.4,7.05,5.46,1.41,7.5,5.46,1.48,6.8,5.08,1.42,39.0,2018/2019
SP1,2018-09-15,Valencia,Real Betis,0,0,D,12,11,2,6,22,9,5,4,6,3,0,0,1.75,3.75,4.75,1.75,4.06,4.72,1.8,4.06,5.0,1.75,3.84,4.65,39.0,2018/2019
SP1,2018-09-16,Espanol,Levante,1,0,H,22,16,9,4,17,13,5,4,1,2,0,0,1.72,3.6,5.25,1.79,3.8,4.86,1.84,3.93,5.25,1.78,3.7,4.66,39.0,2018/2019
SP1,2018-09-16,Leganes,Villarreal,0,1,A,16,9,3,3,16,9,6,1,4,3,0,0,3.0,3.1,2.54,3.08,3.19,2.59,3.1,3.27,2.63,3.02,3.13,2.53,39.0,2018/2019
SP1,2018-09-16,Sevilla,Getafe,0,2,A,15,10,1,5,10,22,7,1,3,6,0,0,1.55,4.0,7.0,1.56,4.18,6.65,1.61,4.19,7.0,1.56,4.01,6.25,39.0,2018/2019
SP1,2018-09-16,Valladolid,Alaves,0,1,A,15,10,5,4,9,12,7,2,3,2,0,0,2.2,3.1,3.6,2.25,3.13,3.83,2.25,3.2,3.88,2.21,3.06,3.71,36.0,2018/2019
SP1,2018-09-17,Girona,Celta,3,2,H,11,20,6,7,15,11,3,1,1,3,0,1,2.4,3.3,3.0,2.42,3.53,3.02,2.54,3.57,3.1,2.41,3.4,2.93,38.0,2018/2019
SP1,2018-09-21,Huesca,Sociedad,0,1,A,13,7,3,1,16,12,7,5,5,3,0,2,3.6,3.4,2.1,3.75,3.53,2.1,3.8,3.55,2.2,3.62,3.4,2.1,38.0,2018/2019
SP1,2018-09-22,Celta,Valladolid,3,3,D,12,14,5,4,9,11,7,8,2,2,0,0,1.75,3.5,5.25,1.74,3.65,5.56,1.77,3.75,5.6,1.73,3.63,5.18,38.0,2018/2019
SP1,2018-09-22,Getafe,Atletico Madrid,0,2,A,11,7,2,4,12,15,1,5,1,2,1,0,5.0,3.3,1.8,5.22,3.32,1.86,5.3,3.32,1.92,5.04,3.23,1.86,38.0,2018/2019
SP1,2018-09-22,Real Madrid,Espanol,1,0,H,19,10,5,3,5,16,8,3,2,2,0,0,1.18,7.0,15.0,1.2,7.17,17.23,1.22,7.65,18.1,1.2,7.01,14.36,38.0,2018/2019
SP1,2018-09-22,Eibar,Leganes,1,0,H,14,4,3,2,16,17,5,2,1,1,0,0,2.04,3.2,4.0,2.08,3.35,4.02,2.11,3.35,4.2,2.06,3.23,3.95,38.0,2018/2019
SP1,2018-09-22,Vallecano,Alaves,1,5,A,13,11,4,7,14,12,8,4,1,2,1,0,2.04,3.4,3.6,2.16,3.54,3.53,2.2,3.6,3.7,2.12,3.41,3.55,38.0,2018/2019
SP1,2018-09-23,Barcelona,Girona,2,2,D,22,7,11,6,9,16,8,2,3,5,1,0,1.08,11.0,21.0,1.08,13.12,36.83,1.1,13.25,36.83,1.08,11.57,27.69,37.0,2018/2019
SP1,2018-09-23,Real Betis,Athletic Bilbao,2,2,D,15,7,3,4,13,20,6,1,2,7,0,1,2.14,3.3,3.6,2.21,3.49,3.46,2.3,3.55,3.6,2.21,3.41,3.29,38.0,2018/2019
SP1,2018-09-23,Levante,Sevilla,2,6,A,19,20,10,9,5,18,8,4,1,1,0,0,3.5,3.6,2.04,3.34,3.7,2.17,3.6,3.8,2.17,3.32,3.64,2.12,38.0,2018/2019
SP1,2018-09-23,Villarreal,Valencia,0,0,D,11,12,1,2,12,12,8,6,4,1,0,1,2.25,3.25,3.3,2.31,3.44,3.26,2.45,3.5,3.3,2.31,3.38,3.14,38.0,2018/2019
SP1,2018-09-25,Atletico Madrid,Huesca,3,0,H,17,8,5,1,1,14,4,3,0,2,0,0,1.22,6.0,15.0,1.24,6.1,16.21,1.27,6.5,17.0,1.24,5.99,14.4,40.0,2018/2019
SP1,2018-09-25,Espanol,Eibar,1,0,H,9,8,5,1,8,8,4,3,2,2,0,0,1.9,3.3,4.5,1.96,3.33,4.63,2.01,3.4,4.8,1.94,3.27,4.44,40.0,2018/2019
SP1,2018-09-25,Sociedad,Vallecano,2,2,D,16,11,6,6,12,18,8,5,4,3,0,0,1.61,4.0,5.5,1.69,3.98,5.41,1.7,4.4,5.71,1.65,4.01,5.29,40.0,2018/2019
SP1,2018-09-26,Athletic Bilbao,Villarreal,0,3,A,12,19,2,6,3,14,6,4,1,1,0,0,2.25,3.3,3.3,2.17,3.5,3.53,2.25,3.5,3.56,2.17,3.38,3.43,40.0,2018/2019
SP1,2018-09-26,Leganes,Barcelona,2,1,H,10,9,6,5,15,11,4,5,4,2,0,0,12.0,6.0,1.25,12.3,6.21,1.27,13.0,6.55,1.31,10.97,5.98,1.27,40.0,2018/2019
SP1,2018-09-26,Sevilla,Real Madrid,3,0,H,16,21,7,3,16,12,5,6,3,4,0,0,4.33,4.2,1.72,4.23,4.27,1.79,4.33,4.4,1.81,4.16,4.23,1.76,40.0,2018/2019
SP1,2018-09-26,Valencia,Celta,1,1,D,14,9,5,3,18,7,0,2,1,3,0,0,1.66,4.0,4.75,1.71,4.17,4.84,1.85,4.2,4.84,1.72,4.04,4.58,39.0,2018/2019
SP1,2018-09-27,Alaves,Getafe,1,1,D,15,13,2,5,8,22,5,7,4,2,0,0,2.8,3.0,2.75,2.84,3.02,2.89,2.85,3.1,2.91,2.8,2.97,2.82,40.0,2018/2019
SP1,2018-09-27,Girona,Real Betis,0,1,A,8,14,2,6,17,14,5,1,1,3,0,0,2.5,3.3,2.87,2.55,3.54,2.82,2.57,3.54,2.87,2.51,3.42,2.8,40.0,2018/2019
SP1,2018-09-27,Valladolid,Levante,2,1,H,20,9,6,4,17,10,8,6,1,4,0,1,2.04,3.5,3.6,2.09,3.64,3.63,2.11,3.65,3.75,2.07,3.51,3.56,39.0,2018/2019
SP1,2018-09-28,Vallecano,Espanol,2,2,D,11,12,5,5,13,16,5,3,3,3,0,0,2.8,3.3,2.6,2.8,3.37,2.7,2.83,3.37,2.75,2.74,3.27,2.67,38.0,2018/2019
SP1,2018-09-29,Barcelona,Athletic Bilbao,1,1,D,20,8,8,2,9,18,4,3,3,3,0,0,1.16,7.5,17.0,1.15,8.49,20.57,1.18,9.0,21.0,1.16,8.17,17.47,38.0,2018/2019
SP1,2018-09-29,Eibar,Sevilla,1,3,A,15,7,2,5,16,9,6,3,2,3,0,0,3.3,3.4,2.2,3.26,3.54,2.27,3.3,3.54,2.31,3.22,3.41,2.25,38.0,2018/2019
SP1,2018-09-29,Real Madrid,Atletico Madrid,0,0,D,15,8,6,3,7,17,8,6,3,4,0,0,2.0,3.5,3.75,2.11,3.38,3.85,2.15,3.6,3.9,2.09,3.42,3.64,38.0,2018/2019
SP1,2018-09-29,Sociedad,Valencia,0,1,A,10,9,5,2,13,18,3,0,3,5,0,0,2.2,3.4,3.2,2.34,3.52,3.14,2.38,3.6,3.25,2.29,3.44,3.13,37.0,2018/2019
SP1,2018-09-30,Huesca,Girona,1,1,D,13,14,6,4,14,14,5,5,4,2,0,0,2.5,3.3,2.9,2.52,3.34,3.0,2.56,3.35,3.1,2.47,3.24,2.99,38.0,2018/2019
SP1,2018-09-30,Real Betis,Leganes,1,0,H,17,11,4,5,7,10,7,1,0,4,0,0,1.64,3.8,5.5,1.69,3.91,5.5,1.75,4.0,5.6,1.68,3.76,5.3,38.0,2018/2019
SP1,2018-09-30,Villarreal,Valladolid,0,1,A,27,9,7,3,17,12,7,2,3,3,0,0,1.53,4.0,6.5,1.55,4.18,6.89,1.6,4.25,7.0,1.55,4.03,6.42,38.0,2018/2019
SP1,2018-09-30,Levante,Alaves,2,1,H,14,14,4,2,22,19,9,4,7,1,0,0,2.14,3.5,3.3,2.22,3.52,3.39,2.25,3.52,3.55,2.19,3.38,3.38,38.0,2018/2019
SP1,2018-10-01,Celta,Getafe,1,1,D,8,12,2,4,13,15,3,9,2,2,0,0,2.0,3.5,3.8,2.02,3.38,4.17,2.05,3.5,4.25,2.0,3.36,3.95,37.0,2018/2019
SP1,2018-10-05,Athletic Bilbao,Sociedad,1,3,A,13,6,5,3,15,19,11,0,6,5,0,0,2.04,3.4,3.8,2.1,3.48,3.81,2.2,3.55,3.9,2.08,3.39,3.73,37.0,2018/2019
SP1,2018-10-06,Alaves,Real Madrid,1,0,H,8,13,4,6,20,10,4,3,1,0,0,0,9.0,4.75,1.36,8.47,5.06,1.4,9.5,5.5,1.45,8.13,4.94,1.39,37.0,2018/2019
SP1,2018-10-06,Getafe,Levante,0,1,A,15,12,4,3,17,18,10,2,4,5,1,0,1.72,3.6,5.25,1.7,3.91,5.41,1.79,3.95,5.43,1.73,3.71,5.1,37.0,2018/2019
SP1,2018-10-06,Girona,Eibar,2,3,A,10,12,3,4,9,17,4,9,3,6,0,0,2.1,3.2,3.8,2.13,3.43,3.79,2.23,3.43,3.85,2.15,3.27,3.67,36.0,2018/2019
SP1,2018-10-06,Leganes,Vallecano,1,0,H,13,6,4,2,12,12,6,4,1,4,0,1,2.0,3.3,4.0,2.1,3.42,3.9,2.15,3.42,4.01,2.09,3.3,3.78,37.0,2018/2019
SP1,2018-10-07,Sevilla,Celta,2,1,H,12,13,3,5,14,9,8,8,3,4,0,1,1.53,4.33,6.0,1.58,4.55,5.66,1.6,4.75,6.0,1.56,4.49,5.51,37.0,2018/2019
SP1,2018-10-07,Valencia,Barcelona,1,1,D,10,10,3,5,11,6,5,2,2,2,0,0,4.75,4.2,1.64,4.98,4.16,1.7,5.0,4.33,1.75,4.68,4.12,1.69,37.0,2018/2019
SP1,2018-10-07,Atletico Madrid,Real Betis,1,0,H,13,5,5,0,16,10,6,4,5,3,0,0,1.44,4.0,9.0,1.5,4.0,8.86,1.55,4.2,9.3,1.49,3.95,8.15,37.0,2018/2019
SP1,2018-10-07,Espanol,Villarreal,3,1,H,28,13,12,6,13,8,10,3,3,2,0,0,2.25,3.2,3.4,2.34,3.25,3.46,2.35,3.25,3.46,2.31,3.19,3.33,37.0,2018/2019
SP1,2018-10-07,Valladolid,Huesca,1,0,H,9,11,3,1,9,13,6,2,1,2,0,0,1.9,3.5,4.2,1.97,3.48,4.3,1.97,3.55,4.46,1.92,3.47,4.24,37.0,2018/2019
SP1,2018-10-19,Celta,Alaves,0,1,A,19,9,9,2,9,12,6,2,2,3,0,0,1.66,4.0,5.0,1.72,3.93,5.2,1.93,4.0,5.25,1.73,3.77,4.89,36.0,2018/2019
SP1,2018-10-20,Real Madrid,Levante,1,2,A,34,6,12,2,10,19,15,1,1,2,0,0,1.14,8.5,19.0,1.15,9.03,18.28,1.19,9.25,20.95,1.15,8.52,16.34,39.0,2018/2019
SP1,2018-10-20,Barcelona,Sevilla,4,2,H,23,19,9,7,10,16,5,7,0,1,0,0,1.33,6.0,7.5,1.35,6.29,7.4,1.39,6.5,8.5,1.34,5.96,7.5,39.0,2018/2019
SP1,2018-10-20,Villarreal,Atletico Madrid,1,1,D,18,15,6,4,16,9,8,7,3,1,0,0,3.8,3.1,2.14,3.87,3.22,2.19,3.95,3.25,2.25,3.71,3.14,2.18,39.0,2018/2019
SP1,2018-10-20,Valencia,Leganes,1,1,D,18,7,4,5,9,13,10,1,1,2,0,0,1.5,4.0,7.5,1.56,4.13,6.84,1.65,4.2,7.5,1.55,3.99,6.52,39.0,2018/2019
SP1,2018-10-21,Real Betis,Valladolid,0,1,A,20,6,4,2,7,10,9,6,0,4,0,0,1.61,3.8,6.0,1.63,4.08,5.85,1.7,4.1,6.0,1.63,3.91,5.55,39.0,2018/2019
SP1,2018-10-21,Eibar,Athletic Bilbao,1,1,D,18,6,6,3,7,13,8,2,2,3,0,0,2.7,3.2,2.75,2.79,3.21,2.82,2.83,3.25,2.85,2.72,3.14,2.75,39.0,2018/2019
SP1,2018-10-21,Huesca,Espanol,0,2,A,10,6,2,2,21,14,6,4,3,3,0,0,3.5,3.3,2.14,3.64,3.54,2.13,3.7,3.55,2.17,3.57,3.4,2.11,39.0,2018/2019
SP1,2018-10-21,Vallecano,Getafe,1,2,A,10,5,3,2,14,25,6,2,5,5,1,0,2.9,3.3,2.5,3.0,3.26,2.61,3.0,3.3,2.64,2.93,3.19,2.55,39.0,2018/2019
SP1,2018-10-22,Sociedad,Girona,0,0,D,14,12,8,2,14,15,7,6,3,1,0,0,1.72,3.75,5.0,1.68,4.16,5.12,1.73,4.16,5.3,1.68,3.88,5.04,39.0,2018/2019
SP1,2018-10-24,Vallecano,Athletic Bilbao,1,1,D,11,12,3,4,14,9,5,4,1,1,0,0,3.3,3.3,2.25,3.28,3.53,2.29,3.4,3.53,2.3,3.26,3.36,2.24,37.0,2018/2019
SP1,2018-10-26,Valladolid,Espanol,1,1,D,15,11,2,4,16,16,5,2,4,2,0,0,3.4,3.1,2.25,3.45,3.21,2.36,3.45,3.25,2.6,3.3,3.14,2.35,36.0,2018/2019
SP1,2018-10-27,Athletic Bilbao,Valencia,0,0,D,13,11,2,3,25,22,5,2,2,5,0,0,2.5,3.3,2.87,2.69,3.23,2.91,2.74,3.35,2.95,2.6,3.22,2.83,37.0,2018/2019
SP1,2018-10-27,Atletico Madrid,Sociedad,2,0,H,14,7,4,0,10,7,10,1,2,1,0,0,1.53,3.8,7.5,1.55,3.96,7.47,1.6,4.15,7.65,1.53,3.9,7.19,37.0,2018/2019
SP1,2018-10-27,Celta,Eibar,4,0,H,10,17,6,5,9,8,2,8,0,0,0,0,2.14,3.3,3.6,2.25,3.41,3.49,2.25,3.45,3.62,2.18,3.35,3.42,37.0,2018/2019
SP1,2018-10-27,Girona,Vallecano,2,1,H,14,14,6,5,11,16,4,7,1,3,1,0,1.85,3.5,4.5,1.93,3.58,4.31,1.95,3.75,4.5,1.89,3.57,4.22,37.0,2018/2019
SP1,2018-10-27,Levante,Leganes,2,0,H,9,21,4,6,12,14,3,2,2,2,0,0,2.1,3.25,3.75,2.17,3.43,3.65,2.22,3.45,3.75,2.15,3.33,3.51,37.0,2018/2019
SP1,2018-10-28,Alaves,Villarreal,2,1,H,19,9,6,2,9,11,8,4,1,1,0,0,3.0,3.2,2.5,3.18,3.34,2.43,3.25,3.35,2.65,3.1,3.21,2.4,37.0,2018/2019
SP1,2018-10-28,Barcelona,Real Madrid,5,1,H,13,15,8,4,17,14,4,2,2,2,0,0,1.95,3.8,3.6,2.0,3.78,3.8,2.1,3.95,3.89,1.97,3.74,3.65,36.0,2018/2019
SP1,2018-10-28,Getafe,Real Betis,2,0,H,16,7,7,3,9,14,5,4,1,2,0,0,2.4,3.1,3.25,2.48,3.12,3.32,2.52,3.15,3.35,2.42,3.06,3.23,37.0,2018/2019
SP1,2018-10-28,Sevilla,Huesca,2,1,H,15,11,4,2,9,14,4,2,2,3,0,0,1.22,6.5,13.0,1.25,6.66,12.27,1.3,7.0,13.5,1.24,6.3,11.99,37.0,2018/2019
SP1,2018-11-03,Leganes,Atletico Madrid,1,1,D,8,9,3,4,18,12,4,7,4,2,0,0,5.75,3.4,1.72,5.99,3.24,1.81,6.2,3.45,1.83,5.63,3.3,1.77,38.0,2018/2019
SP1,2018-11-03,Real Madrid,Valladolid,2,0,H,16,12,7,2,14,7,8,6,1,0,0,0,1.16,8.0,15.0,1.2,7.28,14.98,1.23,8.1,17.0,1.19,7.34,13.95,37.0,2018/2019
SP1,2018-11-03,Valencia,Girona,0,1,A,27,5,9,3,14,13,11,2,4,4,0,0,1.5,4.0,7.5,1.48,4.49,7.48,1.65,4.49,8.2,1.49,4.19,7.33,38.0,2018/2019
SP1,2018-11-03,Vallecano,Barcelona,2,3,A,11,9,5,5,23,11,3,1,4,2,0,0,9.5,6.0,1.28,9.55,5.85,1.32,11.0,6.25,1.35,9.47,5.77,1.3,38.0,2018/2019
SP1,2018-11-04,Huesca,Getafe,1,1,D,18,8,7,2,18,13,10,2,5,3,0,0,3.6,3.3,2.1,3.65,3.22,2.27,3.75,3.3,2.27,3.59,3.17,2.2,38.0,2018/2019
SP1,2018-11-04,Sociedad,Sevilla,0,0,D,10,8,1,1,8,17,7,7,1,3,0,0,2.75,3.5,2.45,2.76,3.61,2.6,2.9,3.7,2.6,2.79,3.53,2.46,38.0,2018/2019
SP1,2018-11-04,Real Betis,Celta,3,3,D,14,14,6,7,12,11,4,4,4,2,0,0,1.8,3.8,4.5,1.83,4.02,4.34,2.0,4.02,4.55,1.82,3.76,4.27,38.0,2018/2019
SP1,2018-11-04,Eibar,Alaves,2,1,H,23,9,8,3,11,7,13,1,4,0,1,1,2.04,3.3,3.9,2.1,3.35,3.96,2.3,3.4,4.0,2.08,3.3,3.82,37.0,2018/2019
SP1,2018-11-04,Villarreal,Levante,1,1,D,23,13,4,2,14,10,5,4,3,3,0,0,1.55,4.0,6.0,1.63,4.1,5.83,1.7,4.45,6.13,1.59,4.17,5.56,38.0,2018/2019
SP1,2018-11-05,Espanol,Athletic Bilbao,1,0,H,8,10,3,2,15,13,2,1,1,3,0,0,2.0,3.3,4.0,2.02,3.43,4.18,2.1,3.45,4.25,1.99,3.33,4.04,37.0,2018/2019
SP1,2018-11-09,Levante,Sociedad,1,3,A,17,15,2,4,17,12,6,4,6,1,0,0,2.62,3.4,2.62,2.76,3.38,2.73,2.76,3.45,2.76,2.7,3.34,2.68,37.0,2018/2019
SP1,2018-11-10,Atletico Madrid,Athletic Bilbao,3,2,H,9,6,3,5,8,15,12,2,5,4,0,1,1.44,4.0,9.0,1.47,4.13,9.27,1.5,4.3,9.45,1.46,4.02,8.67,38.0,2018/2019
SP1,2018-11-10,Getafe,Valencia,0,1,A,17,7,3,3,23,8,6,4,3,3,1,0,2.75,3.1,2.75,2.91,3.1,2.78,2.95,3.2,2.85,2.84,3.05,2.73,38.0,2018/2019
SP1,2018-11-10,Girona,Leganes,0,0,D,5,10,0,1,13,13,0,6,1,4,0,0,2.04,3.2,3.75,2.23,3.27,3.69,2.25,3.32,3.81,2.17,3.21,3.65,38.0,2018/2019
SP1,2018-11-10,Valladolid,Eibar,0,0,D,9,16,1,6,16,15,4,4,2,4,0,1,2.3,3.3,3.25,2.43,3.29,3.24,2.43,3.35,3.33,2.35,3.23,3.23,38.0,2018/2019
SP1,2018-11-11,Alaves,Huesca,2,1,H,13,9,5,2,20,13,5,4,3,4,0,0,1.8,3.6,4.33,1.88,3.47,4.83,1.91,3.8,5.0,1.85,3.46,4.59,38.0,2018/2019
SP1,2018-11-11,Barcelona,Real Betis,3,4,A,20,15,5,8,13,11,10,5,4,2,1,0,1.18,7.0,13.0,1.22,7.23,13.06,1.25,7.8,15.0,1.21,7.1,12.6,38.0,2018/2019
SP1,2018-11-11,Celta,Real Madrid,2,4,A,15,14,4,5,19,13,5,1,4,2,1,0,5.0,4.5,1.55,5.02,4.63,1.63,5.5,4.85,1.65,5.07,4.53,1.59,38.0,2018/2019
SP1,2018-11-11,Sevilla,Espanol,2,1,H,23,15,10,7,18,10,6,3,4,2,0,0,1.75,3.6,4.5,1.81,3.7,4.91,1.85,3.9,4.91,1.79,3.7,4.58,38.0,2018/2019
SP1,2018-11-11,Vallecano,Villarreal,2,2,D,15,11,7,5,7,12,8,4,1,3,0,1,3.1,3.4,2.25,3.17,3.56,2.34,3.25,3.56,2.4,3.11,3.43,2.29,38.0,2018/2019
SP1,2018-11-23,Leganes,Alaves,1,0,H,13,7,6,2,10,13,5,3,2,4,0,0,2.2,3.1,3.6,2.29,3.14,3.68,2.35,3.2,3.81,2.27,3.08,3.57,38.0,2018/2019
SP1,2018-11-24,Atletico Madrid,Barcelona,1,1,D,3,8,1,2,19,12,2,8,5,3,0,0,3.0,3.3,2.37,3.1,3.33,2.49,3.3,3.45,2.5,3.03,3.31,2.41,37.0,2018/2019
SP1,2018-11-24,Eibar,Real Madrid,3,0,H,14,9,8,3,17,8,5,4,2,1,0,0,6.0,4.33,1.53,5.96,4.55,1.56,6.5,4.85,1.57,5.71,4.54,1.53,38.0,2018/2019
SP1,2018-11-24,Huesca,Levante,2,2,D,32,5,12,3,11,8,7,2,4,3,1,0,2.25,3.4,3.25,2.27,3.39,3.44,2.37,3.5,3.45,2.25,3.35,3.3,37.0,2018/2019
SP1,2018-11-24,Valencia,Vallecano,3,0,H,13,13,10,3,15,14,6,5,2,4,0,1,1.44,4.5,7.5,1.43,4.73,8.1,1.5,4.85,8.1,1.44,4.59,7.25,38.0,2018/2019
SP1,2018-11-25,Athletic Bilbao,Getafe,1,1,D,8,15,4,2,10,12,2,2,5,4,0,0,2.04,3.3,3.9,2.11,3.37,3.9,2.15,3.4,4.05,2.08,3.25,3.85,37.0,2018/2019
SP1,2018-11-25,Espanol,Girona,1,3,A,18,16,10,11,16,14,8,3,3,4,0,0,1.66,3.6,5.75,1.68,3.85,5.8,1.75,3.9,6.0,1.66,3.7,5.64,37.0,2018/2019
SP1,2018-11-25,Sevilla,Valladolid,1,0,H,17,13,9,5,15,15,8,6,3,3,0,0,1.4,4.75,8.0,1.38,5.34,8.1,1.43,5.34,9.0,1.38,4.99,7.76,37.0,2018/2019
SP1,2018-11-25,Villarreal,Real Betis,2,1,H,13,13,8,6,15,13,5,4,2,1,0,0,2.14,3.4,3.4,2.25,3.59,3.32,2.32,3.65,3.4,2.21,3.47,3.24,37.0,2018/2019
SP1,2018-11-26,Sociedad,Celta,2,1,H,15,6,8,2,12,14,6,2,2,2,0,0,1.85,3.75,4.2,1.83,3.91,4.47,1.9,3.91,4.5,1.83,3.72,4.29,36.0,2018/2019
SP1,2018-11-30,Vallecano,Eibar,1,0,H,5,13,2,5,15,12,1,4,5,3,0,0,3.1,3.3,2.3,3.09,3.54,2.39,3.2,3.55,2.6,3.01,3.41,2.37,37.0,2018/2019
SP1,2018-12-01,Getafe,Espanol,3,0,H,14,8,5,2,17,16,7,4,3,2,0,0,2.4,2.87,3.4,2.42,3.09,3.47,2.51,3.15,3.5,2.39,3.03,3.35,36.0,2018/2019
SP1,2018-12-01,Celta,Huesca,2,0,H,12,8,5,3,14,14,4,4,2,3,0,0,1.64,4.0,5.0,1.74,3.87,5.17,1.8,4.15,5.6,1.69,3.88,5.07,37.0,2018/2019
SP1,2018-12-01,Valladolid,Leganes,2,4,A,20,14,6,5,5,13,6,5,0,3,0,0,2.37,3.1,3.3,2.46,3.02,3.48,2.5,3.15,3.55,2.41,3.01,3.35,37.0,2018/2019
SP1,2018-12-01,Real Madrid,Valencia,2,0,H,13,7,3,2,11,10,2,2,1,3,0,0,1.44,4.75,7.0,1.47,4.84,6.99,1.51,5.0,7.5,1.45,4.73,6.72,37.0,2018/2019
SP1,2018-12-02,Barcelona,Villarreal,2,0,H,16,12,7,2,9,17,11,1,2,4,0,0,1.25,6.5,11.0,1.25,6.9,11.47,1.27,7.3,13.25,1.23,6.67,11.42,37.0,2018/2019
SP1,2018-12-02,Alaves,Sevilla,1,1,D,11,14,3,3,21,14,2,5,3,3,0,0,3.6,3.6,2.0,3.79,3.69,2.03,3.9,3.75,2.1,3.68,3.61,2.0,37.0,2018/2019
SP1,2018-12-02,Girona,Atletico Madrid,1,1,D,13,17,3,3,8,16,2,9,0,5,0,0,5.5,3.4,1.75,5.64,3.42,1.79,5.65,3.55,1.83,5.32,3.36,1.77,37.0,2018/2019
SP1,2018-12-02,Real Betis,Sociedad,1,0,H,6,6,4,4,18,18,6,4,4,2,0,0,2.2,3.3,3.4,2.32,3.3,3.44,2.35,3.4,3.5,2.27,3.26,3.33,37.0,2018/2019
SP1,2018-12-03,Levante,Athletic Bilbao,3,0,H,17,12,7,3,11,15,2,6,3,5,0,1,2.75,3.4,2.54,2.84,3.46,2.6,2.9,3.5,2.75,2.74,3.36,2.58,36.0,2018/2019
SP1,2018-12-07,Leganes,Getafe,1,1,D,17,6,5,2,12,13,7,2,1,2,1,0,2.62,2.9,3.0,2.76,2.99,3.04,2.84,3.04,3.15,2.68,2.92,3.02,37.0,2018/2019
SP1,2018-12-08,Atletico Madrid,Alaves,3,0,H,12,13,5,3,20,15,5,5,5,4,0,0,1.36,4.5,10.0,1.39,4.38,11.88,1.45,4.6,11.88,1.39,4.35,10.12,38.0,2018/2019
SP1,2018-12-08,Espanol,Barcelona,0,4,A,15,17,3,9,16,10,11,4,1,0,0,0,6.5,4.33,1.5,6.09,4.64,1.53,6.5,4.7,1.56,6.09,4.44,1.52,37.0,2018/2019
SP1,2018-12-08,Valencia,Sevilla,1,1,D,16,11,6,3,13,17,6,4,0,4,0,0,2.2,3.5,3.2,2.24,3.61,3.31,2.32,3.65,3.35,2.23,3.48,3.22,37.0,2018/2019
SP1,2018-12-08,Villarreal,Celta,2,3,A,13,14,3,7,12,10,6,1,3,3,0,0,1.72,3.8,4.75,1.81,3.9,4.56,1.85,4.0,4.81,1.79,3.81,4.45,37.0,2018/2019
SP1,2018-12-09,Real Betis,Vallecano,2,0,H,8,12,3,3,13,20,2,9,2,3,0,0,1.53,4.33,6.0,1.57,4.54,5.76,1.6,4.6,6.1,1.55,4.39,5.69,37.0,2018/2019
SP1,2018-12-09,Eibar,Levante,4,4,D,32,14,7,5,11,7,12,3,2,2,0,0,1.75,3.8,4.5,1.78,4.03,4.57,1.83,4.05,4.75,1.78,3.84,4.46,37.0,2018/2019
SP1,2018-12-09,Huesca,Real Madrid,0,1,A,11,5,4,4,12,10,11,6,2,2,0,0,10.0,5.5,1.3,9.11,6.01,1.32,10.25,6.05,1.36,9.13,5.62,1.31,37.0,2018/2019
SP1,2018-12-09,Sociedad,Valladolid,1,2,A,23,10,5,6,9,16,11,6,2,2,0,0,1.61,3.6,6.5,1.61,3.94,6.47,1.65,4.0,6.5,1.61,3.78,6.11,37.0,2018/2019
SP1,2018-12-10,Athletic Bilbao,Girona,1,0,H,25,3,10,1,17,15,11,0,3,1,0,0,1.95,3.4,4.0,1.98,3.57,4.15,2.05,3.57,4.33,1.98,3.38,4.02,36.0,2018/2019
SP1,2018-12-14,Celta,Leganes,0,0,D,15,5,2,2,11,11,10,0,3,3,0,0,1.85,3.5,4.33,1.87,3.5,4.82,1.91,3.65,4.95,1.86,3.46,4.59,36.0,2018/2019
SP1,2018-12-15,Eibar,Valencia,1,1,D,18,11,6,4,11,15,4,2,0,1,0,0,2.7,3.2,2.7,2.74,3.26,2.84,2.8,3.35,2.86,2.69,3.21,2.74,37.0,2018/2019
SP1,2018-12-15,Getafe,Sociedad,1,0,H,9,9,2,4,24,14,2,3,3,4,0,0,2.25,3.1,3.5,2.35,3.16,3.52,2.4,3.2,3.6,2.31,3.09,3.44,36.0,2018/2019
SP1,2018-12-15,Real Madrid,Vallecano,1,0,H,9,11,4,3,15,18,4,4,0,3,0,0,1.14,9.0,15.0,1.15,9.14,17.59,1.18,9.75,21.0,1.15,8.8,16.27,36.0,2018/2019
SP1,2018-12-15,Valladolid,Atletico Madrid,2,3,A,8,14,2,5,16,13,9,3,4,1,0,0,5.75,3.4,1.72,6.11,3.5,1.72,6.15,3.51,1.8,5.7,3.41,1.73,36.0,2018/2019
SP1,2018-12-16,Levante,Barcelona,0,5,A,20,16,6,9,12,9,15,3,2,3,1,0,9.0,6.5,1.25,10.21,6.74,1.27,12.0,7.1,1.3,10.22,6.58,1.25,36.0,2018/2019
SP1,2018-12-16,Sevilla,Girona,2,0,H,17,8,5,2,18,12,5,3,2,1,0,0,1.44,4.5,7.0,1.45,4.82,7.46,1.55,4.85,7.82,1.45,4.6,6.95,37.0,2018/2019
SP1,2018-12-16,Espanol,Real Betis,1,3,A,10,12,3,5,23,10,0,4,3,4,0,0,2.4,3.3,3.0,2.38,3.39,3.23,2.41,3.5,3.3,2.34,3.33,3.11,37.0,2018/2019
SP1,2018-12-16,Huesca,Villarreal,2,2,D,30,10,13,5,12,11,13,2,4,5,0,1,3.5,3.2,2.14,3.32,3.5,2.28,3.5,3.65,2.3,3.29,3.4,2.21,37.0,2018/2019
SP1,2018-12-17,Alaves,Athletic Bilbao,0,0,D,11,6,2,3,16,13,5,3,2,2,0,0,3.0,3.2,2.5,2.95,3.23,2.66,3.01,3.3,2.81,2.88,3.15,2.59,35.0,2018/2019
SP1,2018-12-21,Girona,Getafe,1,1,D,12,5,4,2,9,13,4,1,1,2,0,0,2.62,3.0,2.9,2.72,3.04,3.05,2.87,3.1,3.12,2.69,3.01,2.94,35.0,2018/2019
SP1,2018-12-21,Sociedad,Alaves,0,1,A,18,9,4,3,14,11,10,1,2,4,0,0,1.75,3.5,5.0,1.79,3.54,5.31,1.85,3.6,5.31,1.79,3.49,5.05,36.0,2018/2019
SP1,2018-12-22,Athletic Bilbao,Valladolid,1,1,D,8,5,3,2,25,12,3,1,3,2,0,0,1.75,3.4,5.0,1.76,3.6,5.49,1.79,3.75,5.55,1.74,3.58,5.22,36.0,2018/2019
SP1,2018-12-22,Atletico Madrid,Espanol,1,0,H,8,18,5,4,16,13,5,9,1,1,0,0,1.4,4.0,10.0,1.42,4.19,11.05,1.46,4.4,11.05,1.42,4.13,9.74,36.0,2018/2019
SP1,2018-12-22,Barcelona,Celta,2,0,H,9,11,5,1,14,15,4,6,0,1,0,0,1.12,9.0,21.0,1.13,10.28,18.95,1.17,11.25,26.0,1.12,9.83,19.17,36.0,2018/2019
SP1,2018-12-22,Real Betis,Eibar,1,1,D,4,15,2,4,11,13,4,11,2,4,0,0,1.8,3.75,4.5,1.81,3.84,4.68,1.85,3.9,4.8,1.8,3.73,4.5,36.0,2018/2019
SP1,2018-12-23,Leganes,Sevilla,1,1,D,13,8,4,2,14,9,3,6,3,3,0,1,3.4,3.2,2.25,3.42,3.25,2.35,3.44,3.35,2.37,3.28,3.23,2.3,36.0,2018/2019
SP1,2018-12-23,Valencia,Huesca,2,1,H,19,11,8,4,14,15,12,5,7,4,0,0,1.4,4.75,8.0,1.4,4.69,9.64,1.45,4.85,9.8,1.4,4.59,8.51,36.0,2018/2019
SP1,2018-12-23,Vallecano,Levante,2,1,H,18,12,8,7,13,10,3,5,2,2,0,0,2.1,3.6,3.4,2.14,3.95,3.27,2.25,4.0,3.4,2.11,3.77,3.24,35.0,2018/2019
SP1,2019-01-03,Villarreal,Real Madrid,2,2,D,12,14,4,7,12,13,6,4,2,2,0,0,3.8,3.8,1.85,4.02,3.98,1.9,4.1,4.0,1.92,3.93,3.83,1.87,34.0,2018/2019
SP1,2019-01-04,Espanol,Leganes,1,0,H,12,10,1,2,10,17,3,6,2,5,0,1,2.0,3.3,4.2,2.04,3.28,4.33,2.08,3.33,4.4,2.01,3.22,4.2,36.0,2018/2019
SP1,2019-01-04,Levante,Girona,2,2,D,19,9,8,2,18,16,8,2,3,1,1,0,2.15,3.5,3.3,2.24,3.6,3.32,2.28,3.65,3.47,2.18,3.55,3.3,36.0,2018/2019
SP1,2019-01-05,Alaves,Valencia,2,1,H,14,14,5,2,10,13,2,6,3,3,0,0,3.1,3.1,2.4,3.15,3.27,2.49,3.3,3.29,2.5,3.13,3.15,2.43,33.0,2018/2019
SP1,2019-01-05,Huesca,Real Betis,2,1,H,11,7,6,1,21,7,4,6,3,2,0,0,3.2,3.5,2.2,3.28,3.46,2.32,3.4,3.5,2.34,3.24,3.4,2.25,33.0,2018/2019
SP1,2019-01-05,Valladolid,Vallecano,0,1,A,12,9,5,5,16,23,9,5,0,3,0,0,2.1,3.4,3.6,2.14,3.38,3.8,2.16,3.47,3.85,2.09,3.35,3.71,33.0,2018/2019
SP1,2019-01-06,Eibar,Villarreal,0,0,D,24,7,6,4,12,17,13,1,0,2,0,0,2.1,3.25,3.5,2.18,3.54,3.52,2.2,3.6,3.6,2.14,3.46,3.44,33.0,2018/2019
SP1,2019-01-06,Getafe,Barcelona,1,2,A,10,12,2,8,23,12,4,4,4,3,0,0,8.0,5.25,1.36,7.4,5.18,1.42,8.5,5.3,1.45,7.62,5.01,1.4,33.0,2018/2019
SP1,2019-01-06,Real Madrid,Sociedad,0,2,A,28,12,8,4,13,13,10,4,5,1,1,0,1.33,6.0,7.5,1.35,5.49,9.03,1.38,6.0,9.1,1.34,5.43,8.47,33.0,2018/2019
SP1,2019-01-06,Sevilla,Atletico Madrid,1,1,D,15,12,5,7,15,11,4,5,5,7,0,0,2.8,3.1,2.7,2.84,3.15,2.81,2.86,3.2,2.85,2.78,3.11,2.73,33.0,2018/2019
SP1,2019-01-07,Celta,Athletic Bilbao,1,2,A,17,8,3,4,16,21,3,2,2,5,0,0,2.4,3.3,3.0,2.52,3.33,3.05,2.55,3.38,3.17,2.44,3.27,2.99,33.0,2018/2019
SP1,2019-01-11,Vallecano,Celta,4,2,H,11,13,8,4,12,8,7,5,4,1,0,0,2.5,3.4,2.8,2.59,3.26,3.02,2.62,3.4,3.02,2.53,3.23,2.93,38.0,2018/2019
SP1,2019-01-12,Girona,Alaves,1,1,D,9,15,4,4,21,14,6,3,4,2,0,0,2.1,3.1,4.0,2.23,3.15,3.86,2.3,3.2,4.0,2.19,3.09,3.73,38.0,2018/2019
SP1,2019-01-12,Leganes,Huesca,1,0,H,14,9,7,3,11,9,4,4,3,3,0,0,1.95,3.25,4.33,2.01,3.26,4.48,2.05,3.34,4.55,1.98,3.23,4.32,38.0,2018/2019
SP1,2019-01-12,Valencia,Valladolid,1,1,D,17,6,5,1,15,18,7,0,2,5,0,0,1.53,4.0,7.0,1.59,3.86,7.01,1.65,4.1,7.1,1.57,3.89,6.63,38.0,2018/2019
SP1,2019-01-12,Villarreal,Getafe,1,2,A,17,9,6,4,14,13,6,1,5,3,0,0,2.15,3.1,3.8,2.16,3.21,3.99,2.2,3.25,4.05,2.15,3.14,3.8,38.0,2018/2019
SP1,2019-01-13,Barcelona,Eibar,3,0,H,7,15,6,2,10,12,2,3,2,1,0,0,1.12,9.0,21.0,1.14,9.51,19.09,1.16,10.75,23.0,1.13,9.07,18.4,38.0,2018/2019
SP1,2019-01-13,Athletic Bilbao,Sevilla,2,0,H,10,10,3,4,14,14,7,6,4,3,0,0,2.75,3.2,2.7,2.72,3.34,2.8,2.85,3.37,2.8,2.71,3.25,2.69,38.0,2018/2019
SP1,2019-01-13,Atletico Madrid,Levante,1,0,H,19,7,5,2,9,17,5,2,0,3,0,0,1.25,6.0,12.0,1.26,5.93,13.8,1.3,6.1,14.0,1.27,5.75,11.97,38.0,2018/2019
SP1,2019-01-13,Real Betis,Real Madrid,1,2,A,9,14,2,5,9,13,6,5,2,3,0,0,3.25,3.75,2.1,3.29,3.94,2.13,3.45,4.0,2.18,3.26,3.74,2.11,36.0,2018/2019
SP1,2019-01-14,Sociedad,Espanol,3,2,H,9,21,4,2,15,12,7,3,7,4,1,0,2.0,3.3,4.0,2.0,3.31,4.47,2.03,3.45,4.5,1.97,3.31,4.16,37.0,2018/2019
SP1,2019-01-18,Getafe,Alaves,4,0,H,12,6,5,0,17,18,4,2,0,4,0,0,2.0,3.1,4.5,2.09,3.01,4.63,2.1,3.3,4.9,2.01,3.07,4.54,34.0,2018/2019
SP1,2019-01-19,Celta,Valencia,1,2,A,12,13,4,8,18,12,4,6,4,3,0,0,3.1,3.2,2.4,3.15,3.34,2.45,3.2,3.34,2.7,3.04,3.22,2.45,37.0,2018/2019
SP1,2019-01-19,Huesca,Atletico Madrid,0,3,A,14,15,3,8,15,13,6,5,2,2,0,0,5.75,3.6,1.66,6.01,3.5,1.74,6.7,3.7,1.76,5.68,3.55,1.7,37.0,2018/2019
SP1,2019-01-19,Real Madrid,Sevilla,2,0,H,23,4,6,1,9,14,7,4,2,3,0,0,1.7,4.2,4.5,1.77,4.12,4.55,1.8,4.25,4.65,1.74,4.1,4.42,37.0,2018/2019
SP1,2019-01-20,Barcelona,Leganes,3,1,H,15,5,7,2,12,18,5,1,3,3,0,0,1.12,9.0,21.0,1.14,8.97,24.26,1.15,11.25,27.0,1.13,8.86,21.43,37.0,2018/2019
SP1,2019-01-20,Real Betis,Girona,3,2,H,12,8,5,5,9,12,7,2,2,4,0,0,1.61,3.75,6.0,1.65,4.05,5.64,1.75,4.1,6.0,1.64,3.9,5.51,37.0,2018/2019
SP1,2019-01-20,Levante,Valladolid,2,0,H,13,13,4,3,12,18,3,2,6,5,0,0,2.1,3.5,3.5,2.12,3.64,3.59,2.14,3.75,3.65,2.08,3.55,3.5,37.0,2018/2019
SP1,2019-01-20,Vallecano,Sociedad,2,2,D,11,10,4,4,14,10,2,9,2,1,0,0,2.87,3.3,2.5,2.82,3.63,2.53,2.91,3.63,2.56,2.81,3.46,2.49,37.0,2018/2019
SP1,2019-01-20,Villarreal,Athletic Bilbao,1,1,D,3,9,1,2,17,13,1,3,4,1,0,0,2.2,3.3,3.4,2.3,3.32,3.45,2.32,3.45,3.5,2.24,3.31,3.36,37.0,2018/2019
SP1,2019-01-21,Eibar,Espanol,3,0,H,16,6,9,0,16,10,6,2,2,5,0,0,2.1,3.1,4.0,2.09,3.42,3.91,2.11,3.46,4.0,2.06,3.34,3.79,36.0,2018/2019
SP1,2019-01-26,Atletico Madrid,Getafe,2,0,H,10,6,6,2,11,26,3,6,2,7,0,2,1.53,3.6,8.0,1.59,3.69,7.62,1.62,3.87,8.0,1.58,3.67,7.21,37.0,2018/2019
SP1,2019-01-26,Leganes,Eibar,2,2,D,9,5,3,2,15,14,4,5,2,3,0,0,2.62,3.0,3.0,2.77,3.04,2.99,2.8,3.12,3.05,2.68,2.98,2.96,37.0,2018/2019
SP1,2019-01-26,Sevilla,Levante,5,0,H,23,7,9,0,15,13,5,8,2,1,0,0,1.53,4.33,6.0,1.56,4.41,6.1,1.59,4.6,6.5,1.55,4.38,5.8,37.0,2018/2019
SP1,2019-01-26,Valencia,Villarreal,3,0,H,18,14,9,5,13,8,7,4,1,3,0,0,1.83,3.6,4.5,1.9,3.61,4.47,1.94,3.75,4.5,1.88,3.55,4.28,37.0,2018/2019
SP1,2019-01-27,Athletic Bilbao,Real Betis,1,0,H,11,8,2,2,20,6,6,4,4,2,1,0,2.1,3.3,3.5,2.11,3.48,3.78,2.17,3.54,3.82,2.1,3.37,3.64,36.0,2018/2019
SP1,2019-01-27,Espanol,Real Madrid,2,4,A,13,16,6,9,15,17,1,6,3,4,0,1,4.2,4.0,1.8,4.33,4.03,1.82,4.5,4.05,1.85,4.21,3.86,1.8,35.0,2018/2019
SP1,2019-01-27,Girona,Barcelona,0,2,A,13,15,5,7,18,12,3,8,5,3,1,0,10.0,5.25,1.33,8.95,5.59,1.35,10.0,5.65,1.37,8.79,5.34,1.34,36.0,2018/2019
SP1,2019-01-27,Sociedad,Huesca,0,0,D,8,8,1,1,9,22,5,2,0,3,0,0,1.61,3.75,6.0,1.62,4.1,5.98,1.66,4.25,6.1,1.61,3.96,5.68,37.0,2018/2019
SP1,2019-01-27,Valladolid,Celta,2,1,H,19,8,7,3,15,19,7,5,2,5,0,1,2.4,3.2,3.1,2.5,3.26,3.14,2.52,3.3,3.21,2.42,3.2,3.1,37.0,2018/2019
SP1,2019-01-28,Alaves,Vallecano,0,1,A,16,14,1,3,14,19,7,4,2,5,0,0,2.15,3.3,3.5,2.24,3.38,3.54,2.29,3.38,3.8,2.2,3.27,3.47,36.0,2018/2019
SP1,2019-02-01,Huesca,Valladolid,4,0,H,11,9,7,4,17,11,7,7,6,2,0,0,2.25,3.25,3.4,2.31,3.29,3.47,2.35,3.3,3.6,2.28,3.16,3.45,35.0,2018/2019
SP1,2019-02-02,Barcelona,Valencia,2,2,D,20,14,8,7,8,5,9,1,3,0,0,0,1.28,5.75,11.0,1.3,6.41,9.03,1.32,6.5,11.0,1.29,6.05,9.31,35.0,2018/2019
SP1,2019-02-02,Celta,Sevilla,1,0,H,10,13,4,2,13,12,4,9,4,4,0,0,3.75,3.6,2.0,3.73,3.77,2.03,3.8,3.77,2.1,3.61,3.61,2.02,35.0,2018/2019
SP1,2019-02-02,Levante,Getafe,0,0,D,8,9,4,2,7,15,5,5,4,3,0,0,2.37,3.25,3.1,2.47,3.37,3.09,2.48,3.42,3.2,2.39,3.33,3.05,35.0,2018/2019
SP1,2019-02-02,Sociedad,Athletic Bilbao,2,1,H,6,8,2,5,17,13,3,3,1,1,0,0,2.35,3.3,3.2,2.41,3.24,3.32,2.42,3.3,3.4,2.35,3.18,3.25,35.0,2018/2019
SP1,2019-02-03,Real Betis,Atletico Madrid,1,0,H,7,13,3,1,7,21,1,7,4,3,0,0,4.0,3.2,2.05,3.99,3.45,2.06,4.05,3.45,2.12,3.9,3.31,2.04,34.0,2018/2019
SP1,2019-02-03,Eibar,Girona,3,0,H,17,6,5,2,12,9,8,5,2,1,0,0,1.66,4.0,5.0,1.74,3.95,4.99,1.8,4.05,5.25,1.71,3.86,4.9,35.0,2018/2019
SP1,2019-02-03,Real Madrid,Alaves,3,0,H,22,8,8,1,10,12,7,2,0,3,0,0,1.2,6.5,15.0,1.23,6.91,12.51,1.25,7.25,15.5,1.22,6.53,12.8,35.0,2018/2019
SP1,2019-02-03,Villarreal,Espanol,2,2,D,14,17,5,2,22,16,3,2,4,5,0,0,1.8,3.75,4.5,1.83,3.97,4.35,1.84,4.0,4.75,1.81,3.79,4.34,35.0,2018/2019
SP1,2019-02-04,Vallecano,Leganes,1,2,A,15,13,6,4,19,10,5,6,6,4,0,1,2.37,3.25,3.1,2.39,3.16,3.44,2.4,3.25,3.48,2.34,3.13,3.31,34.0,2018/2019
SP1,2019-02-08,Valladolid,Villarreal,0,0,D,9,7,3,3,13,18,8,3,3,2,0,0,2.9,3.3,2.4,3.09,3.29,2.52,3.1,3.35,2.58,2.99,3.24,2.48,34.0,2018/2019
SP1,2019-02-09,Atletico Madrid,Real Madrid,1,3,A,11,11,2,4,21,16,3,4,7,3,1,0,2.37,3.25,3.1,2.43,3.32,3.2,2.51,3.35,3.2,2.42,3.25,3.06,33.0,2018/2019
SP1,2019-02-09,Espanol,Vallecano,2,1,H,15,9,5,3,11,19,6,2,0,2,0,0,1.8,3.6,4.5,1.83,3.71,4.7,1.87,3.75,4.75,1.82,3.62,4.51,34.0,2018/2019
SP1,2019-02-09,Getafe,Celta,3,1,H,12,13,6,3,16,13,4,3,3,3,0,1,1.9,3.4,4.33,1.95,3.38,4.56,2.0,3.4,4.6,1.94,3.32,4.36,34.0,2018/2019
SP1,2019-02-09,Girona,Huesca,0,2,A,13,6,7,6,9,18,13,2,3,1,1,0,2.0,3.3,4.0,2.0,3.43,4.27,2.04,3.5,4.3,1.98,3.35,4.1,33.0,2018/2019
SP1,2019-02-10,Athletic Bilbao,Barcelona,0,0,D,13,10,5,2,23,10,6,4,4,2,1,0,4.75,4.0,1.7,4.81,3.84,1.79,5.13,4.08,1.8,4.66,3.86,1.74,34.0,2018/2019
SP1,2019-02-10,Leganes,Real Betis,3,0,H,16,3,4,1,22,11,4,4,4,2,0,1,2.25,3.0,3.6,2.38,3.18,3.45,2.43,3.2,3.6,2.34,3.1,3.36,33.0,2018/2019
SP1,2019-02-10,Sevilla,Eibar,2,2,D,13,8,4,4,11,7,9,7,4,2,1,0,1.66,4.0,5.0,1.68,4.16,5.13,1.73,4.2,5.13,1.68,4.02,4.92,33.0,2018/2019
SP1,2019-02-10,Valencia,Sociedad,0,0,D,10,8,4,1,11,18,7,5,2,4,0,0,1.83,3.5,4.5,1.82,3.74,4.74,1.89,3.75,4.8,1.82,3.58,4.54,33.0,2018/2019
SP1,2019-02-11,Alaves,Levante,2,0,H,16,8,4,0,14,18,3,10,3,2,0,0,2.0,3.4,3.8,2.1,3.54,3.75,2.12,3.6,3.85,2.06,3.47,3.65,34.0,2018/2019
SP1,2019-02-15,Eibar,Getafe,2,2,D,11,7,6,4,12,12,3,3,2,2,0,0,2.05,3.3,4.0,2.11,3.16,4.24,2.13,3.3,4.3,2.09,3.12,4.07,32.0,2018/2019
SP1,2019-02-16,Barcelona,Valladolid,1,0,H,20,10,8,0,12,18,3,5,1,3,0,0,1.14,9.0,15.0,1.15,8.44,21.24,1.18,9.0,21.24,1.16,8.08,17.25,31.0,2018/2019
SP1,2019-02-16,Celta,Levante,1,4,A,14,14,7,8,12,17,5,7,1,1,1,0,1.8,3.8,4.5,1.83,4.05,4.26,1.87,4.05,4.5,1.82,3.85,4.2,32.0,2018/2019
SP1,2019-02-16,Sociedad,Leganes,3,0,H,15,8,6,3,10,16,4,1,4,2,0,0,2.05,3.1,4.2,2.11,3.2,4.18,2.11,3.21,4.27,2.07,3.13,4.06,31.0,2018/2019
SP1,2019-02-16,Vallecano,Atletico Madrid,0,1,A,12,4,6,3,10,14,4,6,0,1,0,0,6.0,3.5,1.65,5.68,3.86,1.68,6.0,3.86,1.8,5.51,3.7,1.68,32.0,2018/2019
SP1,2019-02-17,Real Betis,Alaves,1,1,D,19,6,10,3,10,12,6,3,4,1,0,0,1.72,3.5,5.25,1.83,3.42,5.31,1.85,3.57,5.33,1.8,3.42,5.0,32.0,2018/2019
SP1,2019-02-17,Real Madrid,Girona,1,2,A,19,14,7,6,13,18,7,0,3,2,1,0,1.16,8.0,15.0,1.21,7.15,14.44,1.23,8.0,16.5,1.2,7.03,14.12,32.0,2018/2019
SP1,2019-02-17,Valencia,Espanol,0,0,D,21,6,1,1,12,10,10,2,2,4,0,1,1.72,3.7,4.8,1.78,3.69,5.17,1.84,3.8,5.17,1.77,3.63,4.81,32.0,2018/2019
SP1,2019-02-17,Villarreal,Sevilla,3,0,H,12,21,6,5,7,12,6,4,4,1,0,0,2.5,3.4,2.8,2.64,3.6,2.72,2.65,3.6,2.83,2.54,3.45,2.75,32.0,2018/2019
SP1,2019-02-18,Huesca,Athletic Bilbao,0,1,A,12,9,2,4,16,11,3,5,5,1,0,0,3.1,3.1,2.5,3.25,3.16,2.5,3.3,3.22,2.55,3.11,3.12,2.45,32.0,2018/2019
SP1,2019-02-22,Espanol,Huesca,1,1,D,13,13,2,4,9,16,7,4,2,4,0,0,1.72,3.6,5.0,1.79,3.68,5.1,1.81,3.8,5.27,1.76,3.64,4.96,35.0,2018/2019
SP1,2019-02-23,Alaves,Celta,0,0,D,17,8,4,2,15,9,3,4,2,2,0,0,2.3,3.3,3.2,2.35,3.4,3.28,2.4,3.42,3.35,2.31,3.29,3.22,35.0,2018/2019
SP1,2019-02-23,Athletic Bilbao,Eibar,1,0,H,9,7,4,2,10,17,10,2,3,4,0,0,2.1,3.25,3.8,2.17,3.19,3.97,2.18,3.3,3.97,2.12,3.19,3.82,35.0,2018/2019
SP1,2019-02-23,Getafe,Vallecano,2,1,H,11,7,2,2,12,13,2,2,2,1,0,0,1.7,3.6,5.5,1.78,3.57,5.43,1.78,3.7,5.65,1.74,3.53,5.28,35.0,2018/2019
SP1,2019-02-23,Sevilla,Barcelona,2,4,A,13,17,4,8,15,11,3,8,6,1,0,0,3.5,4.0,1.95,3.69,4.05,1.96,3.75,4.1,2.0,3.62,3.91,1.94,35.0,2018/2019
SP1,2019-02-24,Atletico Madrid,Villarreal,2,0,H,15,14,7,3,9,10,6,7,0,3,0,0,1.57,3.75,7.0,1.58,4.08,6.56,1.63,4.1,7.0,1.57,3.92,6.34,35.0,2018/2019
SP1,2019-02-24,Leganes,Valencia,1,1,D,17,6,6,1,14,10,4,2,5,3,0,0,2.8,3.1,2.7,2.93,3.08,2.79,2.96,3.12,2.85,2.84,3.03,2.73,35.0,2018/2019
SP1,2019-02-24,Levante,Real Madrid,1,2,A,11,19,2,5,17,11,4,6,5,3,1,1,5.25,4.75,1.53,5.85,4.68,1.55,5.9,4.8,1.61,5.54,4.56,1.54,35.0,2018/2019
SP1,2019-02-24,Valladolid,Real Betis,0,2,A,10,6,2,3,10,9,13,4,1,2,0,0,2.7,3.2,2.75,2.72,3.32,2.81,2.75,3.32,2.86,2.67,3.17,2.78,35.0,2018/2019
SP1,2019-02-25,Girona,Sociedad,0,0,D,10,7,3,1,26,15,3,5,4,1,0,0,2.37,3.2,3.0,2.45,3.4,3.1,2.65,3.4,3.1,2.46,3.27,2.98,35.0,2018/2019
SP1,2019-03-01,Vallecano,Girona,0,2,A,9,12,3,4,17,23,7,1,3,4,1,0,2.25,3.4,3.2,2.36,3.37,3.3,2.36,3.52,3.53,2.29,3.33,3.25,31.0,2018/2019
SP1,2019-03-02,Espanol,Valladolid,3,1,H,15,14,6,3,17,8,5,3,2,2,0,0,1.8,3.6,4.75,1.82,3.59,5.01,1.85,3.7,5.01,1.8,3.52,4.83,32.0,2018/2019
SP1,2019-03-02,Huesca,Sevilla,2,1,H,7,12,3,5,15,16,3,12,5,4,0,0,3.8,3.6,1.95,3.94,3.74,1.98,4.0,3.75,2.02,3.85,3.6,1.96,33.0,2018/2019
SP1,2019-03-02,Real Madrid,Barcelona,0,1,A,17,10,3,4,16,13,8,6,3,2,0,0,2.75,3.7,2.45,2.74,3.78,2.53,2.8,3.85,2.56,2.71,3.71,2.46,33.0,2018/2019
SP1,2019-03-02,Villarreal,Alaves,1,2,A,9,10,2,2,15,12,8,2,2,3,0,0,1.66,3.75,5.5,1.67,4.02,5.47,1.7,4.05,5.75,1.67,3.86,5.31,33.0,2018/2019
SP1,2019-03-03,Eibar,Celta,1,0,H,15,3,4,1,14,16,7,0,1,1,0,0,1.72,3.8,4.75,1.78,3.99,4.66,1.83,4.0,5.0,1.76,3.82,4.6,33.0,2018/2019
SP1,2019-03-03,Real Betis,Getafe,1,2,A,6,11,2,5,14,14,4,4,2,2,0,0,2.3,3.0,3.4,2.42,3.08,3.48,2.42,3.15,3.7,2.37,3.02,3.38,33.0,2018/2019
SP1,2019-03-03,Valencia,Athletic Bilbao,2,0,H,11,4,3,1,12,13,6,2,0,3,0,0,2.0,3.3,4.0,2.02,3.29,4.42,2.06,3.4,4.42,2.0,3.23,4.22,33.0,2018/2019
SP1,2019-03-03,Sociedad,Atletico Madrid,0,2,A,19,8,3,3,12,17,7,3,1,4,0,1,4.0,3.25,2.05,3.87,3.37,2.12,4.0,3.4,2.19,3.71,3.28,2.11,33.0,2018/2019
SP1,2019-03-04,Leganes,Levante,1,0,H,14,15,3,4,15,10,2,2,6,4,0,0,1.95,3.4,4.2,1.91,3.56,4.48,2.01,3.56,4.5,1.92,3.42,4.24,32.0,2018/2019
SP1,2019-03-08,Athletic Bilbao,Espanol,1,1,D,15,5,6,2,13,20,7,0,3,5,0,0,1.66,3.6,6.0,1.67,3.77,6.11,1.73,3.8,6.28,1.67,3.64,5.86,31.0,2018/2019
SP1,2019-03-09,Alaves,Eibar,1,1,D,16,20,3,3,10,18,3,5,1,1,0,0,2.9,3.2,2.55,3.04,3.01,2.75,3.05,3.28,2.75,2.94,3.06,2.64,34.0,2018/2019
SP1,2019-03-09,Atletico Madrid,Leganes,1,0,H,13,3,4,2,9,7,4,4,2,2,0,0,1.45,4.2,10.0,1.47,4.2,9.04,1.5,4.35,10.0,1.46,4.1,8.62,34.0,2018/2019
SP1,2019-03-09,Barcelona,Vallecano,3,1,H,12,8,6,1,12,17,10,4,1,2,0,0,1.16,8.0,15.0,1.15,8.86,18.11,1.18,8.95,23.0,1.15,8.24,17.91,34.0,2018/2019
SP1,2019-03-09,Getafe,Huesca,2,1,H,14,8,6,1,14,17,13,1,0,4,0,0,1.61,3.6,6.5,1.63,3.91,6.31,1.67,3.91,6.5,1.63,3.77,6.03,34.0,2018/2019
SP1,2019-03-10,Celta,Real Betis,0,1,A,7,14,1,4,17,16,4,4,3,0,0,0,2.5,3.3,2.9,2.55,3.35,2.99,2.55,3.42,3.06,2.48,3.27,2.97,34.0,2018/2019
SP1,2019-03-10,Valladolid,Real Madrid,1,4,A,10,15,2,6,14,12,5,12,1,6,0,1,5.0,4.33,1.61,5.22,4.3,1.65,5.5,4.43,1.7,5.12,4.21,1.63,34.0,2018/2019
SP1,2019-03-10,Girona,Valencia,2,3,A,18,11,8,6,13,10,6,1,1,4,0,1,3.3,3.2,2.35,3.22,3.27,2.45,3.32,3.35,2.48,3.15,3.23,2.39,34.0,2018/2019
SP1,2019-03-10,Sevilla,Sociedad,5,2,H,22,9,11,2,12,13,7,2,2,2,0,0,1.66,4.2,4.75,1.67,4.29,5.04,1.71,4.3,5.25,1.66,4.1,4.98,34.0,2018/2019
SP1,2019-03-10,Levante,Villarreal,0,2,A,11,13,3,5,8,21,8,2,3,5,0,0,2.9,3.3,2.5,2.84,3.54,2.56,2.9,3.57,2.57,2.79,3.45,2.51,34.0,2018/2019
SP1,2019-03-15,Sociedad,Levante,1,1,D,22,8,7,3,10,12,5,3,2,2,0,0,1.8,3.75,4.5,1.89,3.61,4.53,1.9,3.75,4.6,1.86,3.58,4.36,31.0,2018/2019
SP1,2019-03-16,Athletic Bilbao,Atletico Madrid,2,0,H,9,9,5,2,12,4,1,7,3,1,0,0,3.9,3.0,2.2,3.87,3.01,2.3,3.9,3.1,2.31,3.69,2.98,2.26,34.0,2018/2019
SP1,2019-03-16,Huesca,Alaves,1,3,A,7,12,2,5,21,23,2,2,1,3,0,0,2.45,3.2,3.0,2.52,3.22,3.15,2.55,3.3,3.15,2.47,3.18,3.03,31.0,2018/2019
SP1,2019-03-16,Leganes,Girona,0,2,A,12,8,3,4,20,6,6,2,8,1,0,0,2.15,3.2,3.7,2.18,3.1,4.07,2.2,3.25,4.1,2.13,3.13,3.86,34.0,2018/2019
SP1,2019-03-16,Real Madrid,Celta,2,0,H,22,6,7,1,15,8,9,2,1,0,0,0,1.18,7.5,13.0,1.2,7.48,14.42,1.25,7.85,15.75,1.2,7.17,13.69,31.0,2018/2019
SP1,2019-03-17,Real Betis,Barcelona,1,4,A,13,16,3,9,10,11,3,7,1,2,0,0,7.0,5.0,1.4,6.33,5.11,1.48,7.4,5.25,1.5,6.37,4.91,1.45,34.0,2018/2019
SP1,2019-03-17,Eibar,Valladolid,1,2,A,15,8,3,3,16,14,5,0,4,2,0,0,1.66,3.8,5.5,1.65,3.9,6.08,1.7,4.0,6.25,1.64,3.82,5.73,34.0,2018/2019
SP1,2019-03-17,Espanol,Sevilla,0,1,A,13,12,3,3,11,14,6,5,3,4,1,1,2.4,3.5,2.9,2.56,3.59,2.81,2.6,3.65,2.9,2.51,3.5,2.76,34.0,2018/2019
SP1,2019-03-17,Valencia,Getafe,0,0,D,8,9,2,1,13,22,3,5,3,4,0,0,2.0,3.3,4.0,2.0,3.25,4.59,2.01,3.45,4.6,1.96,3.23,4.37,34.0,2018/2019
SP1,2019-03-17,Villarreal,Vallecano,3,1,H,12,7,4,3,16,7,5,5,3,3,0,0,1.6,4.2,5.5,1.65,4.19,5.35,1.66,4.33,5.55,1.63,4.15,5.18,34.0,2018/2019
SP1,2019-03-29,Girona,Athletic Bilbao,1,2,A,6,8,2,5,18,18,3,3,2,4,0,0,2.87,2.9,2.7,2.94,3.0,2.85,3.06,3.05,2.89,2.89,2.95,2.78,35.0,2018/2019
SP1,2019-03-30,Barcelona,Espanol,2,0,H,13,4,3,2,15,14,5,2,0,4,0,0,1.14,9.0,15.0,1.18,7.88,15.97,1.21,9.0,17.0,1.18,7.73,14.41,35.0,2018/2019
SP1,2019-03-30,Alaves,Atletico Madrid,0,4,A,14,11,4,7,10,8,9,2,2,2,0,0,5.5,3.4,1.75,5.49,3.35,1.83,5.5,3.5,1.84,5.2,3.37,1.79,34.0,2018/2019
SP1,2019-03-30,Getafe,Leganes,0,2,A,9,7,2,3,15,25,3,4,5,2,0,0,1.95,3.2,4.5,1.97,3.18,4.86,2.0,3.27,4.93,1.94,3.16,4.65,35.0,2018/2019
SP1,2019-03-30,Celta,Villarreal,3,2,H,15,14,6,5,7,8,10,7,1,3,0,0,2.5,3.3,2.75,2.71,3.33,2.82,2.71,3.45,2.9,2.62,3.29,2.77,35.0,2018/2019
SP1,2019-03-31,Levante,Eibar,2,2,D,7,17,2,3,9,12,6,7,2,1,0,0,2.8,3.5,2.45,2.73,3.65,2.6,2.85,3.7,2.6,2.74,3.56,2.51,35.0,2018/2019
SP1,2019-03-31,Real Madrid,Huesca,3,2,H,16,16,8,3,9,18,4,6,1,3,0,0,1.11,10.0,19.0,1.14,9.65,20.2,1.16,10.25,24.0,1.13,9.33,18.8,35.0,2018/2019
SP1,2019-03-31,Sevilla,Valencia,0,1,A,17,4,5,2,18,9,5,3,3,1,0,0,2.05,3.5,3.6,2.09,3.6,3.69,2.15,3.65,3.69,2.1,3.52,3.49,34.0,2018/2019
SP1,2019-03-31,Valladolid,Sociedad,1,1,D,10,10,4,1,18,8,7,5,4,1,0,0,2.6,3.0,3.0,2.63,3.19,3.02,2.7,3.2,3.03,2.62,3.11,2.92,35.0,2018/2019
SP1,2019-03-31,Vallecano,Real Betis,1,1,D,20,7,5,2,22,9,6,3,5,3,1,0,2.75,3.5,2.45,2.79,3.6,2.58,2.86,3.6,2.58,2.77,3.49,2.5,35.0,2018/2019
SP1,2019-04-02,Atletico Madrid,Girona,2,0,H,17,12,7,4,10,9,4,3,1,0,0,0,1.36,4.5,10.0,1.38,4.69,10.7,1.42,4.75,11.5,1.38,4.54,9.78,36.0,2018/2019
SP1,2019-04-02,Espanol,Getafe,1,1,D,9,13,3,3,14,14,5,4,4,3,0,0,2.4,3.1,3.2,2.49,3.17,3.24,2.55,3.2,3.28,2.45,3.1,3.16,36.0,2018/2019
SP1,2019-04-02,Villarreal,Barcelona,4,4,D,16,15,9,9,10,10,5,3,4,7,1,0,5.25,4.2,1.61,5.14,4.23,1.67,5.55,4.45,1.7,5.04,4.15,1.65,36.0,2018/2019
SP1,2019-04-03,Athletic Bilbao,Levante,3,2,H,14,11,7,6,13,14,2,9,3,7,0,1,1.61,4.0,5.5,1.61,4.14,6.0,1.65,4.15,6.1,1.61,3.98,5.75,36.0,2018/2019
SP1,2019-04-03,Eibar,Vallecano,2,1,H,12,13,6,2,14,9,2,6,2,2,0,0,1.61,4.0,5.5,1.66,4.13,5.44,1.69,4.2,5.69,1.64,3.99,5.29,36.0,2018/2019
SP1,2019-04-03,Huesca,Celta,3,3,D,23,11,7,5,9,12,5,0,2,3,0,0,2.62,3.5,2.62,2.71,3.41,2.76,2.75,3.5,2.84,2.64,3.35,2.72,36.0,2018/2019
SP1,2019-04-03,Valencia,Real Madrid,2,1,H,11,15,4,5,9,13,6,6,2,2,0,0,3.3,3.6,2.15,3.34,3.73,2.18,4.0,4.05,2.22,3.3,3.65,2.13,36.0,2018/2019
SP1,2019-04-04,Leganes,Valladolid,1,0,H,18,8,2,1,13,11,3,4,2,2,0,0,1.9,3.3,4.5,1.95,3.27,4.78,2.0,3.35,4.8,1.93,3.22,4.57,36.0,2018/2019
SP1,2019-04-04,Sevilla,Alaves,2,0,H,18,5,5,2,13,19,11,1,3,4,0,0,1.5,4.33,6.5,1.52,4.54,6.65,1.55,4.55,6.76,1.52,4.38,6.24,36.0,2018/2019
SP1,2019-04-04,Sociedad,Real Betis,2,1,H,15,11,7,6,12,13,3,6,2,3,0,0,2.25,3.3,3.3,2.22,3.49,3.46,2.27,3.5,3.5,2.21,3.37,3.36,36.0,2018/2019
SP1,2019-04-06,Barcelona,Atletico Madrid,2,0,H,21,9,10,2,14,12,5,1,3,4,0,1,1.75,3.6,5.0,1.76,3.97,4.96,1.9,3.97,5.02,1.76,3.76,4.73,34.0,2018/2019
SP1,2019-04-06,Girona,Espanol,1,2,A,14,9,5,2,23,20,1,4,5,2,0,0,2.5,3.2,3.0,2.52,3.26,3.17,2.61,3.29,3.17,2.49,3.17,3.04,34.0,2018/2019
SP1,2019-04-06,Real Madrid,Eibar,2,1,H,13,3,7,1,9,15,5,4,0,1,0,0,1.3,5.5,9.5,1.33,6.22,9.07,1.34,6.25,11.8,1.3,6.0,9.1,34.0,2018/2019
SP1,2019-04-06,Vallecano,Valencia,2,0,H,15,12,5,3,17,10,4,7,2,3,0,0,4.2,3.5,1.9,4.05,3.72,1.98,4.2,3.73,2.01,3.9,3.61,1.95,34.0,2018/2019
SP1,2019-04-07,Celta,Sociedad,3,1,H,11,14,4,7,16,11,2,7,2,1,0,1,2.4,3.3,3.0,2.42,3.58,3.07,2.45,3.6,3.1,2.37,3.42,3.01,34.0,2018/2019
SP1,2019-04-07,Alaves,Leganes,1,1,D,6,9,1,5,17,15,3,3,6,4,0,0,2.5,3.0,3.1,2.58,3.02,3.33,2.58,3.15,3.35,2.49,2.98,3.25,34.0,2018/2019
SP1,2019-04-07,Real Betis,Villarreal,2,1,H,17,10,7,4,15,14,4,3,4,4,0,0,2.2,3.4,3.3,2.3,3.64,3.19,2.35,3.64,3.3,2.27,3.46,3.17,34.0,2018/2019
SP1,2019-04-07,Levante,Huesca,2,2,D,14,17,8,4,22,12,9,1,2,4,0,0,1.95,3.6,3.8,2.02,3.91,3.71,2.05,3.91,3.8,1.98,3.74,3.64,34.0,2018/2019
SP1,2019-04-07,Valladolid,Sevilla,0,2,A,10,16,5,4,17,12,6,7,3,3,0,0,3.5,3.4,2.05,3.54,3.62,2.17,3.55,3.65,2.22,3.37,3.48,2.16,34.0,2018/2019
SP1,2019-04-07,Getafe,Athletic Bilbao,1,0,H,6,9,2,1,16,18,1,2,2,1,0,0,2.3,3.0,3.5,2.44,3.01,3.6,2.44,3.1,3.65,2.36,2.97,3.51,34.0,2018/2019
SP1,2019-04-13,Atletico Madrid,Celta,2,0,H,11,10,5,3,9,15,1,2,2,2,0,0,1.36,4.75,9.0,1.4,4.64,9.64,1.42,4.92,9.75,1.39,4.63,8.97,33.0,2018/2019
SP1,2019-04-13,Espanol,Alaves,2,1,H,6,14,2,3,12,17,4,8,3,2,0,0,1.8,3.5,4.75,1.82,3.54,5.12,1.86,3.65,5.12,1.82,3.49,4.8,33.0,2018/2019
SP1,2019-04-13,Huesca,Barcelona,0,0,D,6,10,1,2,18,13,6,5,1,2,0,0,4.75,4.2,1.65,4.71,4.16,1.74,5.2,4.2,1.76,4.7,4.0,1.72,33.0,2018/2019
SP1,2019-04-13,Sevilla,Real Betis,3,2,H,11,12,5,7,18,8,5,4,6,3,0,0,1.66,4.0,5.0,1.72,4.26,4.71,1.73,4.3,5.0,1.7,4.13,4.65,33.0,2018/2019
SP1,2019-04-14,Valencia,Levante,3,1,H,23,6,6,3,12,19,8,3,2,2,0,0,1.5,4.75,5.5,1.51,4.69,6.41,1.54,4.85,6.5,1.51,4.58,6.1,33.0,2018/2019
SP1,2019-04-14,Valladolid,Getafe,2,2,D,8,8,4,3,22,18,5,3,4,4,0,1,3.2,2.9,2.55,3.35,3.03,2.52,3.35,3.05,2.59,3.23,2.97,2.5,33.0,2018/2019
SP1,2019-04-14,Athletic Bilbao,Vallecano,3,2,H,15,8,9,4,10,16,3,6,1,3,0,1,1.6,4.0,5.5,1.64,4.18,5.51,1.7,4.2,5.72,1.64,4.02,5.35,33.0,2018/2019
SP1,2019-04-14,Girona,Villarreal,0,1,A,14,17,5,6,12,11,9,5,2,5,0,0,2.5,3.25,2.8,2.52,3.54,2.9,2.68,3.55,2.91,2.5,3.44,2.83,32.0,2018/2019
SP1,2019-04-14,Sociedad,Eibar,1,1,D,3,17,2,2,15,18,0,3,2,2,0,0,2.2,3.5,3.25,2.3,3.54,3.24,2.34,3.55,3.28,2.28,3.42,3.17,33.0,2018/2019
SP1,2019-04-15,Leganes,Real Madrid,1,1,D,5,13,2,6,11,12,1,5,0,3,0,0,5.25,4.2,1.6,5.19,4.21,1.67,5.4,4.35,1.68,5.08,4.15,1.64,32.0,2018/2019
SP1,2019-04-19,Alaves,Valladolid,2,2,D,10,12,4,7,17,16,5,7,3,5,0,0,2.1,3.2,3.75,2.2,3.23,3.83,2.23,3.23,3.9,2.17,3.15,3.75,35.0,2018/2019
SP1,2019-04-20,Barcelona,Sociedad,2,1,H,11,9,4,2,10,12,4,2,0,1,0,0,1.22,6.5,13.0,1.24,7.03,11.48,1.27,7.3,13.0,1.23,6.74,11.64,35.0,2018/2019
SP1,2019-04-20,Celta,Girona,2,1,H,13,9,8,1,7,10,5,1,2,1,0,0,2.0,3.75,3.5,2.03,3.88,3.63,2.05,3.9,3.8,2.0,3.72,3.61,35.0,2018/2019
SP1,2019-04-20,Eibar,Atletico Madrid,0,1,A,10,8,2,4,11,12,5,8,3,1,0,0,3.2,3.1,2.4,3.21,3.13,2.54,3.25,3.25,2.6,3.12,3.11,2.47,35.0,2018/2019
SP1,2019-04-20,Vallecano,Huesca,0,0,D,16,10,3,3,12,10,8,3,4,2,0,0,2.05,3.75,3.4,2.08,3.82,3.53,2.11,3.85,3.6,2.06,3.71,3.42,35.0,2018/2019
SP1,2019-04-21,Real Betis,Valencia,1,2,A,23,4,7,3,19,13,8,2,4,2,0,1,3.0,3.3,2.4,2.98,3.46,2.5,3.0,3.5,2.54,2.88,3.37,2.47,35.0,2018/2019
SP1,2019-04-21,Getafe,Sevilla,3,0,H,10,12,3,2,19,15,2,7,3,6,1,1,3.1,3.4,2.3,3.17,3.39,2.41,3.22,3.47,2.43,3.12,3.3,2.35,34.0,2018/2019
SP1,2019-04-21,Levante,Espanol,2,2,D,19,14,5,7,13,15,12,7,4,1,1,0,2.3,3.5,3.0,2.33,3.77,3.03,2.35,3.77,3.1,2.3,3.62,2.97,34.0,2018/2019
SP1,2019-04-21,Real Madrid,Athletic Bilbao,3,0,H,11,5,4,3,12,16,8,2,2,4,0,0,1.45,4.33,7.0,1.51,4.38,7.22,1.55,4.75,7.7,1.49,4.41,6.67,35.0,2018/2019
SP1,2019-04-21,Villarreal,Leganes,2,1,H,11,6,5,2,12,15,7,4,2,1,0,0,1.72,3.5,5.0,1.79,3.81,4.81,1.9,3.85,5.0,1.78,3.67,4.71,34.0,2018/2019
SP1,2019-04-23,Alaves,Barcelona,0,2,A,6,17,1,6,19,9,1,4,3,1,0,0,7.0,5.25,1.4,7.5,5.06,1.43,7.55,5.3,1.45,6.96,5.01,1.43,34.0,2018/2019
SP1,2019-04-23,Huesca,Eibar,2,0,H,12,7,3,4,16,16,5,3,4,1,0,0,2.25,3.5,3.0,2.33,3.69,3.08,2.45,3.77,3.16,2.33,3.55,3.0,35.0,2018/2019
SP1,2019-04-23,Valladolid,Girona,1,0,H,13,6,4,0,17,17,4,5,4,3,0,0,2.3,3.3,3.25,2.4,3.29,3.29,2.41,3.4,3.31,2.35,3.25,3.22,35.0,2018/2019
SP1,2019-04-24,Espanol,Celta,1,1,D,9,18,2,6,15,8,2,4,2,1,0,0,2.3,3.2,3.3,2.31,3.47,3.3,2.36,3.6,3.32,2.27,3.4,3.19,35.0,2018/2019
SP1,2019-04-24,Atletico Madrid,Valencia,3,2,H,14,12,6,4,17,13,4,3,3,3,0,0,1.8,3.4,5.0,1.85,3.57,4.87,1.95,3.57,5.0,1.86,3.43,4.63,35.0,2018/2019
SP1,2019-04-24,Levante,Real Betis,4,0,H,6,7,4,2,9,15,3,4,2,3,0,0,2.5,3.3,2.9,2.54,3.65,2.8,2.6,3.8,2.9,2.5,3.58,2.73,35.0,2018/2019
SP1,2019-04-24,Leganes,Athletic Bilbao,0,1,A,14,3,1,2,11,14,2,2,1,2,0,0,2.6,3.0,3.0,2.77,3.07,2.96,2.78,3.1,3.05,2.69,2.99,2.93,35.0,2018/2019
SP1,2019-04-25,Getafe,Real Madrid,0,0,D,9,12,5,4,17,15,9,4,1,3,0,0,4.0,3.6,1.9,4.12,3.82,1.91,4.25,3.88,1.93,4.08,3.71,1.87,35.0,2018/2019
SP1,2019-04-25,Sevilla,Vallecano,5,0,H,20,12,11,3,10,12,5,4,1,2,0,0,1.33,5.25,9.0,1.33,5.77,9.06,1.38,5.9,9.7,1.33,5.51,8.63,35.0,2018/2019
SP1,2019-04-25,Sociedad,Villarreal,0,1,A,13,8,2,3,11,14,6,3,2,3,0,0,2.5,3.3,2.9,2.5,3.51,2.94,2.51,3.6,3.04,2.43,3.46,2.88,35.0,2018/2019
SP1,2019-04-27,Athletic Bilbao,Alaves,1,1,D,14,14,1,3,14,17,8,6,2,2,0,0,1.45,4.2,7.5,1.52,4.46,6.82,1.55,4.46,7.5,1.52,4.13,6.86,34.0,2018/2019
SP1,2019-04-27,Atletico Madrid,Valladolid,1,0,H,13,13,1,4,19,12,7,3,4,2,0,0,1.33,4.5,11.0,1.34,4.94,11.89,1.4,4.95,12.5,1.35,4.64,10.77,34.0,2018/2019
SP1,2019-04-27,Barcelona,Levante,1,0,H,23,7,12,2,17,12,6,3,4,3,0,0,1.2,6.5,11.0,1.28,6.33,10.46,1.29,6.75,11.5,1.26,6.23,10.41,34.0,2018/2019
SP1,2019-04-27,Leganes,Celta,0,0,D,10,8,1,2,16,5,4,6,1,0,0,0,2.37,3.25,3.0,2.53,3.25,3.1,2.54,3.28,3.2,2.46,3.18,3.07,34.0,2018/2019
SP1,2019-04-28,Girona,Sevilla,1,0,H,15,7,4,3,12,18,3,6,1,2,0,1,4.75,3.4,1.75,4.41,3.76,1.87,4.75,3.85,1.91,4.21,3.65,1.86,34.0,2018/2019
SP1,2019-04-28,Vallecano,Real Madrid,1,0,H,11,9,5,3,21,6,6,6,2,5,0,0,7.5,4.5,1.4,6.69,5.23,1.45,7.5,5.25,1.48,6.65,4.91,1.44,34.0,2018/2019
SP1,2019-04-28,Sociedad,Getafe,2,1,H,11,12,7,3,17,14,5,7,2,3,0,0,2.6,3.2,2.75,2.62,3.29,2.89,2.68,3.29,3.0,2.57,3.17,2.91,34.0,2018/2019
SP1,2019-04-28,Valencia,Eibar,0,1,A,7,13,2,3,10,15,7,6,2,3,0,0,1.45,4.5,6.5,1.47,5.11,6.51,1.5,5.2,7.0,1.45,4.81,6.58,34.0,2018/2019
SP1,2019-04-28,Villarreal,Huesca,1,1,D,18,13,5,3,15,22,0,1,5,2,0,1,1.55,4.0,6.5,1.59,4.54,5.57,1.61,4.57,6.5,1.58,4.3,5.52,34.0,2018/2019
SP1,2019-04-29,Real Betis,Espanol,1,1,D,18,10,5,4,16,14,6,5,4,1,0,0,2.3,3.3,3.1,2.24,3.65,3.27,2.35,3.65,3.27,2.27,3.45,3.11,32.0,2018/2019
SP1,2019-05-03,Sevilla,Leganes,0,3,A,7,9,3,5,11,23,3,4,1,1,0,0,1.36,5.0,8.5,1.39,5.17,8.22,1.44,5.2,9.15,1.39,4.9,8.21,35.0,2018/2019
SP1,2019-05-04,Alaves,Sociedad,0,1,A,17,9,6,2,7,22,13,6,1,3,0,0,2.5,3.25,2.9,2.64,3.3,2.92,2.66,3.3,2.95,2.58,3.2,2.88,35.0,2018/2019
SP1,2019-05-04,Celta,Barcelona,2,0,H,14,8,6,1,11,13,11,1,1,5,0,0,2.15,3.6,3.25,2.15,3.77,3.38,2.17,3.8,3.48,2.12,3.65,3.32,35.0,2018/2019
SP1,2019-05-04,Espanol,Atletico Madrid,3,0,H,11,11,5,3,11,14,5,6,1,2,0,0,3.8,3.3,2.05,3.94,3.32,2.12,3.94,3.4,2.2,3.69,3.28,2.12,35.0,2018/2019
SP1,2019-05-04,Levante,Vallecano,4,1,H,12,20,7,3,17,12,6,7,1,4,0,1,1.95,3.8,3.6,1.98,4.17,3.56,2.0,4.17,3.7,1.95,3.96,3.52,35.0,2018/2019
SP1,2019-05-05,Huesca,Valencia,2,6,A,24,10,4,7,10,9,7,5,2,1,0,0,3.5,3.4,2.1,3.37,3.68,2.18,3.5,3.7,2.24,3.35,3.54,2.13,35.0,2018/2019
SP1,2019-05-05,Getafe,Girona,2,0,H,13,4,8,2,15,13,1,3,3,3,0,1,1.8,3.6,4.75,1.85,3.39,5.19,1.87,3.6,5.25,1.81,3.44,4.9,35.0,2018/2019
SP1,2019-05-05,Valladolid,Athletic Bilbao,1,0,H,10,9,3,1,14,22,1,3,5,5,0,0,2.9,3.1,2.6,2.89,3.18,2.75,3.0,3.18,2.76,2.84,3.07,2.68,35.0,2018/2019
SP1,2019-05-05,Real Madrid,Villarreal,3,2,H,24,15,11,7,9,14,8,3,0,3,0,0,1.7,4.0,4.75,1.7,4.1,5.07,1.75,4.3,5.07,1.69,4.04,4.78,35.0,2018/2019
SP1,2019-05-05,Eibar,Real Betis,1,0,H,14,12,6,6,15,7,11,8,3,2,0,0,2.05,3.6,3.5,2.04,3.78,3.69,2.08,3.78,3.8,2.03,3.59,3.59,35.0,2018/2019
SP1,2019-05-12,Real Betis,Huesca,2,1,H,17,9,8,2,13,15,9,2,3,5,0,1,1.55,4.33,5.75,1.58,4.93,5.14,1.6,4.93,5.75,1.57,4.55,5.23,34.0,2018/2019
SP1,2019-05-12,Girona,Levante,1,2,A,14,6,6,2,15,16,9,2,2,3,0,0,2.15,3.6,3.2,2.27,3.58,3.28,2.28,3.75,3.28,2.22,3.58,3.15,34.0,2018/2019
SP1,2019-05-12,Atletico Madrid,Sevilla,1,1,D,11,11,4,5,16,12,5,7,5,4,0,0,2.1,3.6,3.4,2.1,3.68,3.6,2.16,3.68,3.6,2.11,3.52,3.48,34.0,2018/2019
SP1,2019-05-12,Barcelona,Getafe,2,0,H,13,11,8,0,9,13,4,3,1,3,0,0,1.53,4.33,6.0,1.56,4.48,6.04,1.59,4.55,6.45,1.53,4.37,5.96,34.0,2018/2019
SP1,2019-05-12,Athletic Bilbao,Celta,3,1,H,8,3,4,2,16,18,3,3,4,3,0,0,2.0,3.5,3.8,2.02,3.58,3.96,2.05,3.6,4.05,2.01,3.45,3.84,35.0,2018/2019
SP1,2019-05-12,Sociedad,Real Madrid,3,1,H,19,6,7,2,12,16,5,2,1,2,0,1,3.0,3.6,2.3,3.09,3.86,2.26,3.11,3.86,2.35,3.0,3.69,2.26,34.0,2018/2019
SP1,2019-05-12,Valencia,Alaves,3,1,H,10,10,4,3,9,14,7,4,2,5,0,0,1.4,5.0,7.5,1.41,5.48,7.14,1.43,5.5,8.5,1.39,5.14,7.52,34.0,2018/2019
SP1,2019-05-12,Vallecano,Valladolid,1,2,A,16,9,5,6,13,9,4,2,2,2,0,0,4.2,3.8,1.8,4.09,4.09,1.85,4.2,4.09,1.9,4.02,3.88,1.85,35.0,2018/2019
SP1,2019-05-12,Villarreal,Eibar,1,0,H,11,4,3,0,11,14,5,3,3,2,0,0,1.6,4.33,5.0,1.61,4.7,5.08,1.65,4.7,5.3,1.61,4.36,5.01,35.0,2018/2019
SP1,2019-05-12,Leganes,Espanol,0,2,A,11,19,4,7,11,9,6,7,4,1,1,0,2.4,3.5,2.87,2.58,3.32,2.98,2.58,3.5,3.0,2.49,3.29,2.92,34.0,2018/2019
SP1,2019-05-18,Celta,Vallecano,2,2,D,14,11,5,4,16,20,3,5,0,4,0,0,1.45,4.75,7.0,1.49,4.87,6.45,1.51,4.95,7.0,1.47,4.76,6.31,39.0,2018/2019
SP1,2019-05-18,Huesca,Leganes,2,1,H,15,9,6,1,18,12,4,6,0,1,0,0,2.5,3.75,2.62,2.59,3.72,2.71,2.6,3.75,2.8,2.53,3.55,2.7,39.0,2018/2019
SP1,2019-05-18,Alaves,Girona,2,1,H,14,13,7,4,13,10,6,4,3,3,0,0,2.25,3.5,3.1,2.38,3.66,3.01,2.38,3.75,3.1,2.31,3.56,2.99,39.0,2018/2019
SP1,2019-05-18,Getafe,Villarreal,2,2,D,17,8,5,4,16,20,6,4,2,3,0,0,1.61,4.2,5.25,1.66,4.18,5.34,1.67,4.3,5.47,1.64,4.11,5.14,38.0,2018/2019
SP1,2019-05-18,Sevilla,Athletic Bilbao,2,0,H,9,9,3,1,14,19,2,3,4,2,0,0,1.85,3.4,4.33,1.9,3.42,4.81,1.93,3.5,4.9,1.87,3.4,4.59,38.0,2018/2019
SP1,2019-05-18,Valladolid,Valencia,0,2,A,19,9,4,6,12,10,8,2,1,3,0,0,8.0,5.25,1.36,8.05,4.91,1.42,8.6,5.25,1.42,7.8,4.84,1.4,38.0,2018/2019
SP1,2019-05-18,Levante,Atletico Madrid,2,2,D,17,17,7,8,9,7,6,4,0,1,0,1,3.75,3.75,1.95,3.67,3.87,2.02,3.75,3.9,2.05,3.55,3.78,2.0,38.0,2018/2019
SP1,2019-05-18,Espanol,Sociedad,2,0,H,9,11,4,2,13,13,4,5,3,2,0,0,2.3,3.6,3.0,2.29,3.74,3.12,2.33,3.74,3.2,2.27,3.57,3.05,38.0,2018/2019
SP1,2019-05-19,Eibar,Barcelona,2,2,D,15,6,8,3,11,3,5,2,4,2,0,0,3.6,4.0,1.9,3.83,4.2,1.89,3.85,4.2,1.94,3.73,4.03,1.88,39.0,2018/2019
SP1,2019-05-19,Real Madrid,Real Betis,0,2,A,9,9,2,7,17,11,1,5,4,1,0,0,1.57,4.75,4.75,1.59,5.09,4.86,1.62,5.09,5.25,1.58,4.73,4.91,38.0,2018/2019
SP1,2020-09-12,Eibar,Celta,0,0,D,8,6,1,3,17,13,3,3,4,4,1,0,2.5,3.25,2.9,2.6,3.22,3.01,,,,,,,,2020/2021
SP1,2020-09-12,Granada,Athletic Bilbao,2,0,H,4,9,2,2,8,10,1,2,3,4,0,0,2.75,3.1,2.75,2.92,3.02,2.82,,,,,,,,2020/2021
SP1,2020-09-12,Cadiz,Osasuna,0,2,A,12,6,3,4,14,21,6,2,2,2,0,0,2.8,3.0,2.75,2.87,3.04,2.86,,,,,,,,2020/2021
SP1,2020-09-13,Alaves,Real Betis,0,1,A,7,11,2,4,19,17,6,4,3,3,0,0,2.8,3.2,2.6,2.88,3.32,2.64,,,,,,,,2020/2021
SP1,2020-09-13,Valladolid,Sociedad,1,1,D,8,8,3,2,15,17,5,3,4,1,0,0,2.8,3.2,2.6,2.98,3.3,2.57,,,,,,,,2020/2021
SP1,2020-09-13,Villarreal,Huesca,1,1,D,15,10,4,3,10,22,6,6,1,1,0,0,1.57,4.0,6.0,1.57,4.21,6.36,,,,,,,,2020/2021
SP1,2020-09-13,Valencia,Levante,4,2,H,14,19,8,8,9,14,3,4,1,3,0,0,2.1,3.5,3.5,2.14,3.48,3.66,,,,,,,,2020/2021
SP1,2020-09-19,Villarreal,Eibar,2,1,H,14,12,8,4,5,12,4,3,1,1,0,0,1.57,4.0,6.0,1.61,4.12,5.93,,,,,,,,2020/2021
SP1,2020-09-19,Getafe,Osasuna,1,0,H,7,10,1,3,19,13,4,1,4,2,0,0,1.95,3.25,4.33,2.02,3.24,4.4,,,,,,,,2020/2021
SP1,2020-09-19,Celta,Valencia,2,1,H,23,9,6,3,12,13,6,6,3,1,0,0,2.2,3.6,3.1,2.25,3.58,3.22,,,,,,,,2020/2021
SP1,2020-09-20,Huesca,Cadiz,0,2,A,4,6,0,4,18,23,2,1,3,3,0,0,2.1,3.1,4.0,2.21,2.99,4.07,,,,,,,,2020/2021
SP1,2020-09-20,Real Betis,Valladolid,2,0,H,16,9,6,2,18,10,5,3,3,0,0,0,1.85,3.6,4.33,1.87,3.63,4.52,,,,,,,,2020/2021
SP1,2020-09-20,Granada,Alaves,2,1,H,10,5,3,3,9,12,4,4,0,3,0,0,2.05,3.1,4.2,2.1,3.08,4.3,,,,,,,,2020/2021
SP1,2020-09-20,Sociedad,Real Madrid,0,0,D,6,16,1,4,17,12,1,11,2,2,0,0,4.75,3.8,1.72,4.83,3.85,1.76,,,,,,,,2020/2021
SP1,2020-09-26,Elche,Sociedad,0,3,A,5,27,2,7,11,12,2,11,3,1,0,0,4.2,3.3,1.95,4.28,3.45,1.97,,,,,,,,2020/2021
SP1,2020-09-26,Alaves,Getafe,0,0,D,9,11,0,4,13,13,1,5,2,2,0,0,3.5,2.9,2.37,3.58,2.83,2.5,,,,,,,,2020/2021
SP1,2020-09-26,Valencia,Huesca,1,1,D,5,17,2,4,14,20,4,4,0,1,0,0,2.0,3.4,4.0,2.1,3.4,3.82,,,,,,,,2020/2021
SP1,2020-09-26,Real Betis,Real Madrid,2,3,A,15,11,5,4,9,10,8,3,5,2,1,0,4.0,4.0,1.8,4.17,3.94,1.85,,,,,,,,2020/2021
SP1,2020-09-27,Atletico Madrid,Granada,6,1,H,17,11,10,6,16,14,1,1,3,1,0,0,1.5,4.0,7.5,1.48,4.2,8.13,,,,,,,,2020/2021
SP1,2020-09-27,Eibar,Athletic Bilbao,1,2,A,7,9,1,5,15,12,5,4,1,0,0,0,3.0,3.0,2.55,3.17,2.98,2.69,,,,,,,,2020/2021
SP1,2020-09-27,Osasuna,Levante,1,3,A,9,11,4,5,15,16,3,7,2,0,0,0,2.3,3.2,3.25,2.3,3.43,3.25,,,,,,,,2020/2021
SP1,2020-09-27,Cadiz,Sevilla,1,3,A,12,14,5,5,9,14,6,5,4,2,0,0,5.0,3.6,1.7,5.52,3.38,1.83,,,,,,,,2020/2021
SP1,2020-09-27,Barcelona,Villarreal,4,0,H,17,5,9,1,9,10,8,4,0,1,0,0,1.53,4.33,6.0,1.56,4.53,5.77,,,,,,,,2020/2021
SP1,2020-09-27,Valladolid,Celta,1,1,D,10,5,4,1,26,18,4,1,3,4,0,0,2.8,3.0,2.7,2.96,2.94,2.81,,,,,,,,2020/2021
SP1,2020-09-29,Sociedad,Valencia,0,1,A,11,9,3,5,16,15,9,3,1,5,0,0,1.53,4.2,5.75,1.58,4.44,5.94,,,,,,,,2020/2021
SP1,2020-09-29,Getafe,Real Betis,3,0,H,8,10,4,2,15,17,1,4,4,4,0,1,2.45,3.1,3.0,2.55,3.15,3.2,,,,,,,,2020/2021
SP1,2020-09-30,Huesca,Atletico Madrid,0,0,D,9,16,3,2,13,10,5,7,1,0,0,0,7.5,4.2,1.45,8.59,4.11,1.48,,,,,,,,2020/2021
SP1,2020-09-30,Villarreal,Alaves,3,1,H,10,8,6,3,11,13,2,0,0,2,0,0,1.57,3.8,5.75,1.6,4.11,6.08,,,,,,,,2020/2021
SP1,2020-09-30,Eibar,Elche,0,1,A,12,5,4,2,9,14,3,2,2,2,0,0,1.8,3.5,4.5,1.84,3.64,4.67,,,,,,,,2020/2021
SP1,2020-09-30,Real Madrid,Valladolid,1,0,H,15,11,5,5,11,7,4,7,2,1,0,0,1.22,6.0,11.0,1.26,6.27,12.65,,,,,,,,2020/2021
SP1,2020-10-01,Athletic Bilbao,Cadiz,0,1,A,13,3,4,1,15,16,5,2,3,5,0,2,1.53,3.8,6.5,1.58,3.83,7.04,,,,,,,,2020/2021
SP1,2020-10-01,Sevilla,Levante,1,0,H,16,3,2,1,14,17,2,4,5,2,0,0,1.4,4.5,7.5,1.43,4.62,8.17,,,,,,,,2020/2021
SP1,2020-10-01,Celta,Barcelona,0,3,A,10,6,3,3,22,10,3,7,5,5,0,1,5.75,4.2,1.53,5.89,4.51,1.56,,,,,,,,2020/2021
SP1,2020-10-03,Atletico Madrid,Villarreal,0,0,D,14,6,1,2,11,7,9,1,1,2,0,0,1.61,3.9,5.5,1.7,3.85,5.6,,,,,,,,2020/2021
SP1,2020-10-03,Sociedad,Getafe,3,0,H,11,5,6,1,21,13,5,4,3,3,0,0,2.25,3.1,3.5,2.35,3.13,3.61,,,,,,,,2020/2021
SP1,2020-10-03,Valladolid,Eibar,1,2,A,9,11,3,5,11,21,3,4,2,3,0,1,2.35,3.0,3.4,2.39,3.15,3.48,,,,,,,,2020/2021
SP1,2020-10-03,Valencia,Real Betis,0,2,A,5,17,2,8,11,14,4,7,2,2,0,0,2.8,3.2,2.6,2.82,3.36,2.7,,,,,,,,2020/2021
SP1,2020-10-03,Elche,Huesca,0,0,D,2,18,0,4,8,26,0,5,0,2,0,0,3.1,3.1,2.45,3.21,3.27,2.47,,,,,,,,2020/2021
SP1,2020-10-04,Osasuna,Celta,2,0,H,14,9,5,3,19,10,6,5,3,3,0,0,2.7,3.1,2.75,2.69,3.14,3.02,,,,,,,,2020/2021
SP1,2020-10-04,Alaves,Athletic Bilbao,1,0,H,8,8,3,0,20,17,0,6,2,3,1,0,3.3,2.9,2.37,3.42,3.02,2.51,,,,,,,,2020/2021
SP1,2020-10-04,Levante,Real Madrid,0,2,A,11,13,4,3,14,8,4,6,2,1,0,0,6.0,4.5,1.5,6.45,4.66,1.52,,,,,,,,2020/2021
SP1,2020-10-04,Cadiz,Granada,1,1,D,14,13,4,5,16,16,2,5,2,2,0,0,3.0,3.0,2.6,3.14,3.02,2.69,,,,,,,,2020/2021
SP1,2020-10-04,Barcelona,Sevilla,1,1,D,12,13,5,1,11,18,6,5,1,1,0,0,1.57,4.33,5.25,1.65,4.17,5.55,,,,,,,,2020/2021
SP1,2020-10-17,Granada,Sevilla,1,0,H,13,8,3,3,16,11,5,1,4,4,0,1,4.2,3.4,1.9,4.3,3.49,1.98,,,,,,,,2020/2021
SP1,2020-10-17,Celta,Atletico Madrid,0,2,A,15,9,5,4,16,18,8,4,3,4,0,0,5.5,3.3,1.75,5.72,3.31,1.83,,,,,,,,2020/2021
SP1,2020-10-17,Real Madrid,Cadiz,0,1,A,14,14,2,5,7,5,4,11,2,0,0,0,1.18,7.0,15.0,1.23,7.08,13.52,,,,,,,,2020/2021
SP1,2020-10-17,Getafe,Barcelona,1,0,H,9,7,4,1,20,10,7,2,4,3,0,0,4.75,3.8,1.72,5.09,3.75,1.78,,,,,,,,2020/2021
SP1,2020-10-18,Athletic Bilbao,Levante,2,0,H,14,6,5,1,11,10,9,3,3,1,0,0,2.05,3.2,4.0,2.12,3.36,3.95,,,,,,,,2020/2021
SP1,2020-10-18,Eibar,Osasuna,0,0,D,10,8,6,2,14,14,6,7,2,3,0,1,2.6,3.0,3.0,2.71,3.12,3.01,,,,,,,,2020/2021
SP1,2020-10-18,Villarreal,Valencia,2,1,H,16,11,6,3,13,8,3,7,4,1,1,0,1.6,4.0,5.25,1.66,4.27,5.3,,,,,,,,2020/2021
SP1,2020-10-18,Alaves,Elche,0,2,A,13,7,2,3,11,11,2,6,2,5,0,0,1.75,3.3,5.5,1.79,3.5,5.59,,,,,,,,2020/2021
SP1,2020-10-18,Real Betis,Sociedad,0,3,A,7,8,1,5,11,18,6,2,2,1,0,0,2.5,3.25,2.9,2.54,3.56,2.87,,,,,,,,2020/2021
SP1,2020-10-18,Huesca,Valladolid,2,2,D,12,5,7,3,14,24,3,1,1,2,0,0,2.25,2.9,3.8,2.32,3.12,3.71,,,,,,,,2020/2021
SP1,2020-10-23,Elche,Valencia,2,1,H,3,14,2,4,15,8,0,7,3,2,0,0,3.2,3.1,2.4,3.2,3.24,2.46,,,,,,,,2020/2021
SP1,2020-10-24,Barcelona,Real Madrid,1,3,A,10,15,4,9,11,13,7,7,3,2,0,0,2.0,3.6,3.6,2.07,3.76,3.66,,,,,,,,2020/2021
SP1,2020-10-24,Osasuna,Athletic Bilbao,1,0,H,7,13,2,5,18,10,2,5,3,2,0,0,3.25,2.9,2.4,3.42,3.0,2.52,,,,,,,,2020/2021
SP1,2020-10-24,Sevilla,Eibar,0,1,A,21,3,3,1,11,12,13,3,0,3,0,0,1.45,4.33,7.5,1.51,4.35,7.64,,,,,,,,2020/2021
SP1,2020-10-24,Atletico Madrid,Real Betis,2,0,H,13,12,6,3,19,12,8,5,2,0,0,1,1.55,3.8,6.5,1.59,4.1,6.56,,,,,,,,2020/2021
SP1,2020-10-25,Valladolid,Alaves,0,2,A,5,14,1,4,9,7,2,4,1,0,1,0,2.3,2.9,3.5,2.41,2.96,3.73,,,,,,,,2020/2021
SP1,2020-10-25,Cadiz,Villarreal,0,0,D,5,7,0,2,15,7,0,5,2,2,0,0,3.6,3.3,2.1,3.6,3.39,2.23,,,,,,,,2020/2021
SP1,2020-10-25,Getafe,Granada,0,1,A,10,5,1,2,19,23,6,1,4,2,0,0,1.85,3.1,5.0,1.97,3.09,5.18,,,,,,,,2020/2021
SP1,2020-10-25,Sociedad,Huesca,4,1,H,13,6,6,4,12,11,4,5,2,1,0,0,1.57,3.75,6.0,1.65,3.84,6.34,,,,,,,,2020/2021
SP1,2020-10-26,Levante,Celta,1,1,D,10,10,3,3,11,19,3,2,2,2,0,0,2.37,3.25,3.0,2.51,3.4,3.03,,,,,,,,2020/2021
SP1,2020-10-30,Eibar,Cadiz,0,2,A,9,6,3,4,10,10,7,2,1,1,0,0,2.55,2.75,3.3,2.65,2.86,3.38,,,,,,,,2020/2021
SP1,2020-10-31,Real Madrid,Huesca,4,1,H,13,9,6,2,16,9,6,3,0,2,0,0,1.33,5.25,9.0,1.38,5.36,8.63,,,,,,,,2020/2021
SP1,2020-10-31,Athletic Bilbao,Sevilla,2,1,H,16,7,5,3,17,19,6,1,5,5,0,0,3.0,3.0,2.6,3.13,2.98,2.72,,,,,,,,2020/2021
SP1,2020-10-31,Osasuna,Atletico Madrid,1,3,A,8,11,3,6,12,10,3,2,1,2,0,0,5.5,3.3,1.75,5.57,3.38,1.82,,,,,,,,2020/2021
SP1,2020-10-31,Alaves,Barcelona,1,1,D,4,25,3,9,16,4,2,14,4,3,1,0,6.5,4.75,1.44,6.89,4.98,1.47,,,,,,,,2020/2021
SP1,2020-11-01,Real Betis,Elche,3,1,H,17,4,10,2,13,12,1,1,2,1,0,0,1.45,4.33,7.5,1.48,4.54,7.79,,,,,,,,2020/2021
SP1,2020-11-01,Celta,Sociedad,1,4,A,9,9,2,7,19,16,2,3,2,5,1,0,3.0,3.2,2.45,3.11,3.33,2.5,,,,,,,,2020/2021
SP1,2020-11-01,Granada,Levante,1,1,D,5,19,2,4,7,14,2,8,2,3,1,0,2.25,3.2,3.4,2.31,3.33,3.46,,,,,,,,2020/2021
SP1,2020-11-01,Valencia,Getafe,2,2,D,11,16,5,5,18,25,0,3,8,5,1,1,3.1,3.1,2.45,3.39,2.99,2.55,,,,,,,,2020/2021
SP1,2020-11-02,Villarreal,Valladolid,2,0,H,11,11,5,1,13,13,6,4,1,3,0,0,1.61,4.0,5.5,1.62,4.05,6.26,,,,,,,,2020/2021
SP1,2020-11-06,Elche,Celta,1,1,D,8,14,1,6,18,12,3,3,3,4,0,0,4.0,3.3,1.95,4.09,3.41,2.06,,,,,,,,2020/2021
SP1,2020-11-07,Sevilla,Osasuna,1,0,H,9,10,1,2,11,19,3,0,2,3,0,0,1.5,4.0,7.0,1.54,4.26,7.15,,,,,,,,2020/2021
SP1,2020-11-07,Barcelona,Real Betis,5,2,H,18,12,9,6,8,10,9,5,2,2,0,1,1.4,5.0,7.5,1.4,5.36,7.91,,,,,,,,2020/2021
SP1,2020-11-07,Atletico Madrid,Cadiz,4,0,H,17,10,7,3,10,9,2,7,1,1,0,0,1.4,4.2,10.0,1.42,4.36,11.0,,,,,,,,2020/2021
SP1,2020-11-07,Huesca,Eibar,1,1,D,14,8,6,3,16,30,4,3,2,0,0,0,2.05,3.3,3.6,2.18,3.26,3.89,,,,,,,,2020/2021
SP1,2020-11-08,Getafe,Villarreal,1,3,A,13,9,5,5,18,11,3,3,3,4,0,0,2.5,3.1,3.0,2.66,3.1,3.09,,,,,,,,2020/2021
SP1,2020-11-08,Sociedad,Granada,2,0,H,22,2,9,1,8,11,15,0,2,1,1,0,1.65,3.8,5.25,1.69,4.08,5.31,,,,,,,,2020/2021
SP1,2020-11-08,Levante,Alaves,1,1,D,18,6,5,2,12,16,12,1,1,6,0,1,2.15,3.4,3.4,2.24,3.45,3.5,,,,,,,,2020/2021
SP1,2020-11-08,Valladolid,Athletic Bilbao,2,1,H,7,17,4,2,23,11,2,11,4,2,0,0,3.3,2.9,2.37,3.66,3.01,2.4,,,,,,,,2020/2021
SP1,2020-11-08,Valencia,Real Madrid,4,1,H,7,16,4,6,13,14,1,8,3,2,0,0,6.0,4.75,1.45,6.3,4.96,1.5,,,,,,,,2020/2021
SP1,2020-11-20,Osasuna,Huesca,1,1,D,18,6,7,5,14,15,4,3,2,3,0,0,2.4,3.0,3.25,2.43,3.11,3.45,,,,,,,,2020/2021
SP1,2020-11-21,Levante,Elche,1,1,D,13,11,5,5,15,11,5,4,1,4,0,0,1.57,4.0,5.75,1.6,4.28,5.63,,,,,,,,2020/2021
SP1,2020-11-21,Villarreal,Real Madrid,1,1,D,13,6,1,1,16,14,4,2,1,2,0,0,2.87,3.8,2.25,3.04,3.86,2.3,,,,,,,,2020/2021
SP1,2020-11-21,Sevilla,Celta,4,2,H,15,10,10,7,14,20,3,2,2,2,0,0,1.72,3.6,5.25,1.71,3.63,5.61,,,,,,,,2020/2021
SP1,2020-11-21,Atletico Madrid,Barcelona,1,0,H,9,13,2,4,12,6,8,8,4,0,0,0,2.9,3.5,2.37,2.87,3.56,2.54,,,,,,,,2020/2021
SP1,2020-11-22,Eibar,Getafe,0,0,D,15,8,5,3,16,22,3,4,3,4,1,0,3.4,3.0,2.35,3.47,3.02,2.49,,,,,,,,2020/2021
SP1,2020-11-22,Cadiz,Sociedad,0,1,A,2,14,0,4,14,14,1,6,2,1,0,0,4.0,3.8,1.85,4.42,3.93,1.84,,,,,,,,2020/2021
SP1,2020-11-22,Granada,Valladolid,1,3,A,16,9,6,3,16,14,5,3,4,3,0,0,2.1,3.2,3.8,2.19,3.19,3.98,,,,,,,,2020/2021
SP1,2020-11-22,Alaves,Valencia,2,2,D,13,13,3,5,21,16,4,5,1,1,0,0,2.7,3.2,2.8,2.71,3.2,2.85,,,,,,,,2020/2021
SP1,2020-11-23,Athletic Bilbao,Real Betis,4,0,H,14,7,9,1,16,8,6,3,0,0,0,0,2.2,3.3,3.4,2.22,3.45,3.55,,,,,,,,2020/2021
SP1,2020-11-27,Valladolid,Levante,1,1,D,10,10,4,3,18,11,3,11,0,3,0,0,2.55,3.3,2.8,2.6,3.37,2.93,,,,,,,,2020/2021
SP1,2020-11-28,Elche,Cadiz,1,1,D,4,7,3,2,16,15,1,9,6,2,1,0,3.2,3.0,2.45,3.2,2.95,2.54,,,,,,,,2020/2021
SP1,2020-11-28,Valencia,Atletico Madrid,0,1,A,5,14,2,6,12,15,2,7,2,5,0,0,4.75,3.8,1.72,4.97,3.94,1.76,,,,,,,,2020/2021
SP1,2020-11-28,Huesca,Sevilla,0,1,A,5,16,1,4,14,9,1,10,4,3,0,0,4.0,3.3,2.0,4.36,3.39,2.0,,,,,,,,2020/2021
SP1,2020-11-28,Real Madrid,Alaves,1,2,A,20,11,9,6,8,17,12,9,2,3,0,0,1.33,5.25,9.0,1.36,5.5,9.37,,,,,,,,2020/2021
SP1,2020-11-29,Barcelona,Osasuna,4,0,H,20,10,11,5,8,12,5,3,1,0,0,0,1.25,6.0,11.0,1.25,6.62,11.95,,,,,,,,2020/2021
SP1,2020-11-29,Getafe,Athletic Bilbao,1,1,D,11,5,3,2,16,23,3,2,2,4,0,0,2.8,2.9,2.8,2.93,3.01,2.88,,,,,,,,2020/2021
SP1,2020-11-29,Celta,Granada,3,1,H,17,9,8,2,14,13,8,0,4,3,1,0,2.0,3.5,3.75,2.01,3.61,4.03,,,,,,,,2020/2021
SP1,2020-11-29,Sociedad,Villarreal,1,1,D,8,10,4,2,18,12,4,4,5,3,0,0,2.1,3.6,3.4,2.14,3.69,3.52,,,,,,,,2020/2021
SP1,2020-11-30,Real Betis,Eibar,0,2,A,7,11,3,6,13,14,6,2,2,1,0,0,1.75,3.75,4.5,1.79,3.81,4.91,,,,,,,,2020/2021
SP1,2020-12-04,Athletic Bilbao,Celta,0,2,A,10,6,0,4,7,15,4,5,2,1,0,0,2.05,3.25,3.8,2.13,3.36,3.91,,,,,,,,2020/2021
SP1,2020-12-05,Levante,Getafe,3,0,H,12,9,8,0,12,13,5,5,2,7,0,2,2.9,3.1,2.55,2.99,3.18,2.68,,,,,,,,2020/2021
SP1,2020-12-05,Sevilla,Real Madrid,0,1,A,12,10,2,3,15,20,4,3,1,3,0,0,2.5,3.5,2.7,2.59,3.64,2.77,,,,,,,,2020/2021
SP1,2020-12-05,Atletico Madrid,Valladolid,2,0,H,15,13,4,3,10,10,4,4,4,2,0,0,1.4,4.33,9.5,1.39,4.63,9.91,,,,,,,,2020/2021
SP1,2020-12-05,Cadiz,Barcelona,2,1,H,7,21,3,8,10,7,5,13,0,2,0,0,8.5,5.0,1.36,8.41,5.64,1.37,,,,,,,,2020/2021
SP1,2020-12-06,Granada,Huesca,3,3,D,15,16,6,7,12,16,4,2,2,0,0,0,2.3,3.1,3.4,2.49,3.09,3.13,,,,,,,,2020/2021
SP1,2020-12-06,Osasuna,Real Betis,0,2,A,10,12,0,5,16,12,2,5,3,2,0,0,2.62,3.3,2.7,2.75,3.38,2.76,,,,,,,,2020/2021
SP1,2020-12-06,Villarreal,Elche,0,0,D,12,3,3,0,16,13,4,0,3,2,0,0,1.3,5.5,9.5,1.35,5.41,8.85,,,,,,,,2020/2021
SP1,2020-12-06,Alaves,Sociedad,0,0,D,5,13,1,5,3,11,2,3,1,0,1,0,4.75,3.5,1.8,4.97,3.39,1.89,,,,,,,,2020/2021
SP1,2020-12-07,Eibar,Valencia,0,0,D,19,6,3,4,15,10,8,0,3,2,0,0,2.45,3.1,3.1,2.51,3.17,3.03,,,,,,,,2020/2021
SP1,2020-12-11,Valladolid,Osasuna,3,2,H,11,13,6,6,14,18,3,3,4,5,0,0,2.5,3.1,3.0,2.6,3.02,3.27,,,,,,,,2020/2021
SP1,2020-12-12,Getafe,Sevilla,0,1,A,8,8,2,0,14,13,5,3,2,3,0,0,3.75,3.2,2.1,3.89,3.33,2.15,,,,,,,,2020/2021
SP1,2020-12-12,Valencia,Athletic Bilbao,2,2,D,11,13,2,5,19,16,0,10,2,6,0,0,3.25,3.1,2.35,3.38,3.22,2.4,,,,,,,,2020/2021
SP1,2020-12-12,Real Madrid,Atletico Madrid,2,0,H,11,5,3,1,7,16,3,6,1,3,0,0,2.3,3.3,3.1,2.4,3.4,3.22,,,,,,,,2020/2021
SP1,2020-12-12,Huesca,Alaves,1,0,H,11,3,3,1,14,20,5,2,1,4,0,0,2.2,3.2,3.5,2.24,3.32,3.63,,,,,,,,2020/2021
SP1,2020-12-13,Sociedad,Eibar,1,1,D,8,16,2,4,14,11,5,4,4,3,0,0,1.6,3.75,6.0,1.67,3.73,6.32,,,,,,,,2020/2021
SP1,2020-12-13,Real Betis,Villarreal,1,1,D,11,7,5,2,13,14,4,8,2,3,0,0,3.1,3.5,2.25,3.18,3.62,2.31,,,,,,,,2020/2021
SP1,2020-12-13,Elche,Granada,0,1,A,9,13,1,5,16,15,6,5,4,2,0,0,3.4,3.1,2.3,3.42,3.15,2.42,,,,,,,,2020/2021
SP1,2020-12-13,Barcelona,Levante,1,0,H,24,7,13,3,4,15,12,4,2,1,0,0,1.22,7.0,11.0,1.25,6.88,11.21,,,,,,,,2020/2021
SP1,2020-12-14,Celta,Cadiz,4,0,H,8,12,5,2,24,9,1,5,2,1,0,0,1.72,3.6,5.25,1.76,3.81,5.15,,,,,,,,2020/2021
SP1,2020-12-15,Real Madrid,Athletic Bilbao,3,1,H,18,10,5,4,8,9,6,6,1,3,0,1,1.53,4.33,5.75,1.57,4.2,6.68,,,,,,,,2020/2021
SP1,2020-12-16,Barcelona,Sociedad,2,1,H,14,12,4,5,18,14,2,3,3,3,0,0,1.6,4.5,5.0,1.65,4.59,5.0,,,,,,,,2020/2021
SP1,2020-12-18,Athletic Bilbao,Huesca,2,0,H,10,6,3,1,9,16,5,5,0,3,0,1,1.9,3.3,4.33,1.95,3.38,4.62,,,,,,,,2020/2021
SP1,2020-12-19,Atletico Madrid,Elche,3,1,H,12,8,6,3,13,14,2,5,1,2,0,0,1.2,6.0,19.0,1.22,6.25,18.61,,,,,,,,2020/2021
SP1,2020-12-19,Barcelona,Valencia,2,2,D,25,12,9,4,10,14,8,3,4,2,0,0,1.3,6.0,8.5,1.33,5.94,9.43,,,,,,,,2020/2021
SP1,2020-12-19,Levante,Sociedad,2,1,H,13,15,5,5,19,14,3,4,2,1,0,0,3.4,3.4,2.15,3.65,3.4,2.2,,,,,,,,2020/2021
SP1,2020-12-19,Osasuna,Villarreal,1,3,A,6,13,1,6,17,16,2,2,2,2,1,0,3.6,3.4,2.1,3.77,3.42,2.15,,,,,,,,2020/2021
SP1,2020-12-19,Sevilla,Valladolid,1,1,D,14,12,3,5,14,10,7,7,3,4,0,0,1.53,3.75,7.5,1.55,4.09,7.47,,,,,,,,2020/2021
SP1,2020-12-20,Celta,Alaves,2,0,H,11,8,3,2,18,12,3,5,2,2,0,0,1.7,4.0,4.75,1.72,4.02,5.11,,,,,,,,2020/2021
SP1,2020-12-20,Granada,Real Betis,2,0,H,8,14,3,1,21,16,1,10,3,4,0,0,2.45,3.4,2.87,2.62,3.41,2.87,,,,,,,,2020/2021
SP1,2020-12-20,Cadiz,Getafe,0,2,A,8,6,1,4,6,22,2,4,1,6,0,0,3.3,2.9,2.45,3.45,2.95,2.55,,,,,,,,2020/2021
SP1,2020-12-20,Eibar,Real Madrid,1,3,A,10,11,3,5,11,7,4,4,1,0,0,0,6.5,4.2,1.5,6.78,4.16,1.57,,,,,,,,2020/2021
SP1,2020-12-22,Elche,Osasuna,2,2,D,7,15,2,6,8,17,4,4,1,2,0,1,3.3,3.0,2.37,3.45,3.05,2.47,,,,,,,,2020/2021
SP1,2020-12-22,Valencia,Sevilla,0,1,A,10,19,4,3,11,17,3,5,3,2,0,0,3.75,3.4,2.0,3.91,3.44,2.1,,,,,,,,2020/2021
SP1,2020-12-22,Huesca,Levante,1,1,D,11,9,2,1,10,17,10,3,2,3,0,0,2.62,3.4,2.6,2.76,3.38,2.75,,,,,,,,2020/2021
SP1,2020-12-22,Sociedad,Atletico Madrid,0,2,A,6,8,1,3,20,17,5,5,3,3,0,0,3.3,3.2,2.25,3.34,3.2,2.44,,,,,,,,2020/2021
SP1,2020-12-22,Valladolid,Barcelona,0,3,A,12,21,5,10,12,10,4,5,1,2,0,0,7.0,5.4,1.36,7.43,5.17,1.43,,,,,,,,2020/2021
SP1,2020-12-22,Villarreal,Athletic Bilbao,1,1,D,17,9,6,3,10,18,6,4,1,1,0,0,2.0,3.4,3.8,2.02,3.45,4.18,,,,,,,,2020/2021
SP1,2020-12-23,Getafe,Celta,1,1,D,6,2,3,1,17,16,1,4,3,3,0,0,2.75,3.0,2.8,2.77,3.18,2.71,,,,,,,,2020/2021
SP1,2020-12-23,Real Madrid,Granada,2,0,H,23,10,6,1,13,11,8,1,2,1,0,0,1.33,5.25,9.0,1.33,5.72,9.9,,,,,,,,2020/2021
SP1,2020-12-23,Alaves,Eibar,2,1,H,13,8,3,4,10,14,2,7,4,2,0,0,2.75,2.87,2.9,2.82,3.01,2.98,,,,,,,,2020/2021
SP1,2020-12-23,Real Betis,Cadiz,1,0,H,6,6,1,3,18,9,5,5,1,1,0,0,1.9,3.5,4.1,1.95,3.45,4.52,,,,,,,,2020/2021
SP1,2020-12-29,Sevilla,Villarreal,2,0,H,10,6,3,2,13,14,4,7,1,4,0,0,2.25,3.3,3.25,2.3,3.33,3.47,,,,,,,,2020/2021
SP1,2020-12-29,Barcelona,Eibar,1,1,D,16,9,5,3,6,15,5,7,0,2,0,0,1.28,5.75,9.5,1.28,6.16,10.3,,,,,,,,2020/2021
SP1,2020-12-29,Cadiz,Valladolid,0,0,D,8,7,3,1,14,13,1,6,3,2,0,0,2.87,2.9,2.75,2.98,2.9,2.93,,,,,,,,2020/2021
SP1,2020-12-29,Levante,Real Betis,4,3,H,10,19,5,7,9,14,3,6,3,2,1,0,2.4,3.4,2.9,2.52,3.51,2.94,,,,,,,,2020/2021
SP1,2020-12-30,Atletico Madrid,Getafe,1,0,H,10,10,3,2,7,12,5,2,2,3,0,0,1.44,4.2,8.5,1.47,4.29,9.0,,,,,,,,2020/2021
SP1,2020-12-30,Celta,Huesca,2,1,H,15,17,6,6,19,8,0,5,2,0,0,0,1.75,3.75,4.6,1.78,3.81,5.0,,,,,,,,2020/2021
SP1,2020-12-30,Granada,Valencia,2,1,H,24,16,5,6,16,15,6,6,4,4,1,2,2.2,3.3,3.4,2.29,3.47,3.36,,,,,,,,2020/2021
SP1,2020-12-30,Elche,Real Madrid,1,1,D,6,14,3,6,8,18,2,3,1,4,0,0,10.0,6.5,1.25,10.93,6.05,1.29,,,,,,,,2020/2021
SP1,2020-12-31,Athletic Bilbao,Sociedad,0,1,A,4,13,0,3,23,18,2,4,5,4,0,0,3.0,3.2,2.5,3.06,3.22,2.6,,,,,,,,2020/2021
SP1,2020-12-31,Osasuna,Alaves,1,1,D,8,15,3,1,12,9,5,4,3,4,1,0,2.35,3.25,3.1,2.42,3.33,3.24,,,,,,,,2020/2021
SP1,2021-01-02,Villarreal,Levante,2,1,H,12,9,7,2,12,11,3,5,1,1,0,0,1.65,3.8,5.5,1.65,3.98,6.06,,,,,,,,2020/2021
SP1,2021-01-02,Real Betis,Sevilla,1,1,D,16,6,3,2,15,18,2,1,5,2,0,0,3.9,3.5,1.95,3.98,3.62,2.02,,,,,,,,2020/2021
SP1,2021-01-02,Getafe,Valladolid,0,1,A,11,8,4,2,13,13,5,9,3,2,0,0,1.95,3.1,4.5,2.04,3.23,4.5,,,,,,,,2020/2021
SP1,2021-01-02,Real Madrid,Celta,2,0,H,9,6,2,1,14,14,1,5,4,2,0,0,1.44,4.75,6.5,1.5,4.92,6.36,,,,,,,,2020/2021
SP1,2021-01-03,Athletic Bilbao,Elche,1,0,H,13,5,2,2,15,13,5,4,2,1,0,0,1.5,3.8,8.0,1.54,4.01,8.0,,,,,,,,2020/2021
SP1,2021-01-03,Alaves,Atletico Madrid,1,2,A,4,8,1,4,14,12,1,5,0,2,1,0,7.0,3.75,1.53,7.19,3.81,1.6,,,,,,,,2020/2021
SP1,2021-01-03,Eibar,Granada,2,0,H,15,6,7,3,10,9,4,2,2,1,0,0,2.37,3.0,3.3,2.45,3.2,3.31,,,,,,,,2020/2021
SP1,2021-01-03,Sociedad,Osasuna,1,1,D,8,6,2,2,15,8,7,2,1,1,0,0,1.53,4.0,6.5,1.57,4.25,6.55,,,,,,,,2020/2021
SP1,2021-01-03,Huesca,Barcelona,0,1,A,4,20,4,7,12,11,2,6,1,0,0,0,6.5,4.75,1.44,6.52,4.75,1.51,,,,,,,,2020/2021
SP1,2021-01-04,Valencia,Cadiz,1,1,D,11,9,4,2,11,17,9,7,2,2,0,0,2.0,3.4,3.75,2.02,3.63,3.97,,,,,,,,2020/2021
SP1,2021-01-06,Athletic Bilbao,Barcelona,2,3,A,8,13,3,9,10,6,3,4,2,1,0,0,4.2,3.6,1.83,4.39,3.85,1.87,,,,,,,,2020/2021
SP1,2021-01-08,Celta,Villarreal,0,4,A,8,15,3,6,15,18,3,4,1,0,0,0,3.4,3.3,2.2,3.55,3.33,2.27,,,,,,,,2020/2021
SP1,2021-01-09,Granada,Barcelona,0,4,A,8,13,4,4,16,3,4,1,2,3,1,0,6.5,5.25,1.4,7.1,5.43,1.43,,,,,,,,2020/2021
SP1,2021-01-09,Osasuna,Real Madrid,0,0,D,8,9,2,1,9,3,2,4,0,0,0,0,6.5,4.75,1.45,7.18,4.49,1.51,,,,,,,,2020/2021
SP1,2021-01-09,Sevilla,Sociedad,3,2,H,12,10,7,4,8,18,2,9,0,3,0,0,2.2,3.1,3.6,2.31,3.1,3.76,,,,,,,,2020/2021
SP1,2021-01-10,Levante,Eibar,2,1,H,4,17,2,4,12,8,4,9,2,0,0,0,2.25,3.4,3.2,2.33,3.56,3.2,,,,,,,,2020/2021
SP1,2021-01-10,Cadiz,Alaves,3,1,H,10,5,7,2,17,10,4,1,1,4,0,1,2.7,2.9,3.0,2.74,2.95,3.15,,,,,,,,2020/2021
SP1,2021-01-10,Valladolid,Valencia,0,1,A,11,17,4,6,14,14,0,4,2,3,0,0,2.37,3.25,3.1,2.46,3.29,3.21,,,,,,,,2020/2021
SP1,2021-01-11,Elche,Getafe,1,3,A,7,14,4,7,14,16,1,7,4,2,1,0,4.33,2.9,2.1,4.8,2.86,2.15,,,,,,,,2020/2021
SP1,2021-01-11,Huesca,Real Betis,0,2,A,10,15,3,5,12,13,3,6,2,2,0,1,2.8,3.3,2.55,2.94,3.39,2.58,,,,,,,,2020/2021
SP1,2021-01-12,Granada,Osasuna,2,0,H,9,15,2,3,16,17,4,4,1,4,0,0,2.3,3.1,3.4,2.33,3.12,3.65,,,,,,,,2020/2021
SP1,2021-01-12,Atletico Madrid,Sevilla,2,0,H,5,13,4,2,14,11,3,12,2,0,0,0,1.9,3.2,4.5,1.97,3.21,4.87,,,,,,,,2020/2021
SP1,2021-01-19,Alaves,Sevilla,1,2,A,12,7,3,3,15,14,3,2,3,3,0,0,5.5,3.6,1.66,5.84,3.73,1.71,,,,,,,,2020/2021
SP1,2021-01-19,Cadiz,Levante,2,2,D,8,8,2,5,13,11,5,2,3,1,0,0,2.9,3.1,2.55,3.06,3.15,2.65,,,,,,,,2020/2021
SP1,2021-01-19,Valladolid,Elche,2,2,D,13,9,2,3,14,19,4,5,1,3,1,0,1.83,3.4,4.6,1.88,3.48,4.84,,,,,,,,2020/2021
SP1,2021-01-20,Villarreal,Granada,2,2,D,9,3,3,2,11,11,3,0,2,4,0,1,1.5,4.0,7.0,1.55,4.03,7.63,,,,,,,,2020/2021
SP1,2021-01-20,Getafe,Huesca,1,0,H,12,15,5,3,15,14,3,8,2,4,0,0,1.9,3.25,4.5,1.98,3.25,4.74,,,,,,,,2020/2021
SP1,2021-01-20,Real Betis,Celta,2,1,H,12,10,4,3,13,15,5,6,2,3,0,0,2.1,3.5,3.4,2.2,3.56,3.49,,,,,,,,2020/2021
SP1,2021-01-21,Valencia,Osasuna,1,1,D,10,14,3,5,8,17,9,4,1,3,0,0,2.05,3.5,3.5,2.1,3.54,3.8,,,,,,,,2020/2021
SP1,2021-01-21,Eibar,Atletico Madrid,1,2,A,12,9,2,4,24,9,3,3,2,2,0,0,6.5,3.4,1.66,6.37,3.48,1.72,,,,,,,,2020/2021
SP1,2021-01-22,Levante,Valladolid,2,2,D,11,7,3,3,16,12,8,2,0,1,0,0,1.95,3.4,4.0,1.98,3.51,4.28,,,,,,,,2020/2021
SP1,2021-01-23,Huesca,Villarreal,0,0,D,5,8,1,2,9,15,1,2,3,1,0,0,4.33,3.75,1.8,4.59,3.64,1.88,,,,,,,,2020/2021
SP1,2021-01-23,Sevilla,Cadiz,3,0,H,15,9,7,3,12,6,7,6,1,3,0,0,1.45,4.2,8.0,1.51,4.08,8.57,,,,,,,,2020/2021
SP1,2021-01-23,Sociedad,Real Betis,2,2,D,12,7,6,4,14,13,8,3,2,2,0,0,1.8,3.75,4.33,1.88,3.86,4.29,,,,,,,,2020/2021
SP1,2021-01-23,Alaves,Real Madrid,1,4,A,14,10,4,7,16,7,4,4,5,3,0,0,5.5,4.33,1.55,6.22,4.2,1.6,,,,,,,,2020/2021
SP1,2021-01-24,Celta,Eibar,1,1,D,7,9,4,2,10,16,0,6,4,3,0,0,2.05,3.4,3.75,2.08,3.57,3.83,,,,,,,,2020/2021
SP1,2021-01-24,Atletico Madrid,Valencia,3,1,H,14,8,5,4,11,14,7,7,2,0,0,0,1.4,4.75,8.0,1.43,4.75,8.6,,,,,,,,2020/2021
SP1,2021-01-24,Osasuna,Granada,3,1,H,7,12,4,1,15,15,1,5,5,4,1,0,2.5,3.1,3.0,2.58,3.08,3.22,,,,,,,,2020/2021
SP1,2021-01-24,Elche,Barcelona,0,2,A,4,15,2,8,15,9,0,7,0,2,0,0,8.0,5.25,1.36,8.32,5.12,1.36,,,,,,,,2020/2021
SP1,2021-01-25,Athletic Bilbao,Getafe,5,1,H,11,6,8,2,13,18,4,4,4,4,0,0,2.3,3.0,3.6,2.36,3.09,3.63,,,,,,,,2020/2021
SP1,2021-01-29,Valladolid,Huesca,1,3,A,14,11,4,5,12,12,6,7,2,2,0,0,2.2,3.1,3.6,2.26,3.23,3.7,,,,,,,,2020/2021
SP1,2021-01-30,Eibar,Sevilla,0,2,A,17,7,6,4,10,12,6,2,4,3,0,0,4.0,3.25,2.0,4.26,3.35,2.04,,,,,,,,2020/2021
SP1,2021-01-30,Real Madrid,Levante,1,2,A,8,14,2,8,9,20,3,7,1,2,1,0,1.33,5.5,8.0,1.36,5.81,8.44,,,,,,,,2020/2021
SP1,2021-01-30,Valencia,Elche,1,0,H,14,10,4,1,18,15,4,10,1,7,0,0,1.66,3.75,5.5,1.67,3.79,6.13,,,,,,,,2020/2021
SP1,2021-01-30,Villarreal,Sociedad,1,1,D,4,12,2,3,10,17,1,7,1,3,0,0,2.4,3.2,3.1,2.43,3.22,3.33,,,,,,,,2020/2021
SP1,2021-01-31,Getafe,Alaves,0,0,D,5,5,1,1,20,17,5,2,3,3,0,0,1.9,3.2,4.5,2.01,3.2,4.66,,,,,,,,2020/2021
SP1,2021-01-31,Cadiz,Atletico Madrid,2,4,A,11,9,6,4,7,7,2,2,1,5,0,0,9.0,4.0,1.44,9.96,3.88,1.5,,,,,,,,2020/2021
SP1,2021-01-31,Granada,Celta,0,0,D,10,7,5,1,16,19,6,5,2,4,0,0,2.7,3.3,2.62,2.8,3.34,2.74,,,,,,,,2020/2021
SP1,2021-01-31,Barcelona,Athletic Bilbao,2,1,H,12,7,6,2,12,20,7,3,2,3,0,0,1.36,5.25,7.5,1.42,4.87,7.14,,,,,,,,2020/2021
SP1,2021-02-01,Real Betis,Osasuna,1,0,H,8,15,4,5,12,6,3,4,1,1,0,0,1.8,3.6,4.33,1.93,3.49,4.6,,,,,,,,2020/2021
SP1,2021-02-05,Alaves,Valladolid,1,0,H,20,3,5,1,11,17,11,1,4,4,0,0,2.6,3.0,3.0,2.67,3.09,3.09,,,,,,,,2020/2021
SP1,2021-02-06,Levante,Granada,2,2,D,11,11,7,5,12,13,6,2,1,3,0,0,2.2,3.3,3.4,2.23,3.37,3.6,,,,,,,,2020/2021
SP1,2021-02-06,Huesca,Real Madrid,1,2,A,13,18,2,7,18,9,3,10,2,1,0,0,7.0,4.5,1.44,7.17,4.62,1.49,,,,,,,,2020/2021
SP1,2021-02-06,Elche,Villarreal,2,2,D,8,9,2,4,17,5,4,2,1,2,0,0,6.5,3.8,1.53,6.76,3.95,1.6,,,,,,,,2020/2021
SP1,2021-02-06,Sevilla,Getafe,3,0,H,17,5,5,1,10,11,3,1,1,4,0,1,1.72,3.6,4.75,1.72,3.66,5.91,,,,,,,,2020/2021
SP1,2021-02-07,Sociedad,Cadiz,4,1,H,17,2,6,1,7,7,5,1,0,2,0,1,1.45,4.2,8.0,1.51,4.33,7.65,,,,,,,,2020/2021
SP1,2021-02-07,Athletic Bilbao,Valencia,1,1,D,11,15,2,2,10,8,6,6,2,1,0,0,2.15,3.2,3.6,2.3,3.4,3.42,,,,,,,,2020/2021
SP1,2021-02-07,Osasuna,Eibar,2,1,H,12,12,4,3,10,11,2,1,0,0,0,0,2.55,3.0,3.0,2.67,3.02,3.16,,,,,,,,2020/2021
SP1,2021-02-07,Real Betis,Barcelona,2,3,A,8,12,5,4,21,7,3,5,1,3,0,0,5.75,4.6,1.5,6.05,4.63,1.55,,,,,,,,2020/2021
SP1,2021-02-08,Atletico Madrid,Celta,2,2,D,9,7,2,2,12,17,1,4,2,2,0,0,1.6,3.6,6.5,1.6,3.61,6.48,,,,,,,,2020/2021
SP1,2021-02-09,Real Madrid,Getafe,2,0,H,14,1,4,0,8,16,8,1,1,1,0,0,1.53,4.0,6.5,1.55,4.17,7.09,,,,,,,,2020/2021
SP1,2021-02-12,Celta,Elche,3,1,H,9,7,6,2,11,15,3,6,3,2,0,0,1.45,4.2,8.0,1.49,4.22,8.37,,,,,,,,2020/2021
SP1,2021-02-13,Granada,Atletico Madrid,1,2,A,6,10,1,4,14,20,7,3,0,5,0,0,5.0,3.3,1.8,5.46,3.34,1.85,,,,,,,,2020/2021
SP1,2021-02-13,Sevilla,Huesca,1,0,H,14,9,4,5,14,15,6,6,3,4,0,0,1.5,3.9,7.5,1.55,4.02,7.57,,,,,,,,2020/2021
SP1,2021-02-13,Eibar,Valladolid,1,1,D,14,5,2,1,15,12,7,3,2,3,0,0,1.95,3.3,4.2,2.0,3.44,4.29,,,,,,,,2020/2021
SP1,2021-02-13,Barcelona,Alaves,5,1,H,17,6,9,2,10,14,5,4,0,2,0,0,1.28,6.0,9.0,1.3,6.12,10.63,,,,,,,,2020/2021
SP1,2021-02-14,Getafe,Sociedad,0,1,A,4,3,0,2,23,19,2,5,3,3,1,0,3.75,3.25,2.1,3.99,3.3,2.13,,,,,,,,2020/2021
SP1,2021-02-14,Real Madrid,Valencia,2,0,H,16,4,7,1,13,12,6,1,0,3,0,0,1.4,4.75,8.0,1.45,4.87,7.71,,,,,,,,2020/2021
SP1,2021-02-14,Levante,Osasuna,0,1,A,13,7,4,2,13,10,2,1,1,2,0,0,2.25,3.2,3.4,2.38,3.2,3.45,,,,,,,,2020/2021
SP1,2021-02-14,Villarreal,Real Betis,1,2,A,9,15,5,4,19,13,7,3,3,2,0,0,1.9,3.4,4.2,1.99,3.41,4.37,,,,,,,,2020/2021
SP1,2021-02-15,Cadiz,Athletic Bilbao,0,4,A,11,13,2,8,15,13,5,8,3,2,0,0,4.0,3.1,2.05,4.03,3.31,2.12,,,,,,,,2020/2021
SP1,2021-02-17,Levante,Atletico Madrid,1,1,D,7,14,4,6,10,10,1,8,1,3,0,0,4.75,3.4,1.8,5.02,3.44,1.88,,,,,,,,2020/2021
SP1,2021-02-19,Real Betis,Getafe,1,0,H,12,6,5,1,17,18,5,2,5,4,1,0,2.05,3.1,4.1,2.05,3.26,4.38,,,,,,,,2020/2021
SP1,2021-02-20,Valencia,Celta,2,0,H,10,5,3,2,9,19,6,1,2,3,0,1,2.45,3.2,3.0,2.52,3.28,3.12,,,,,,,,2020/2021
SP1,2021-02-20,Valladolid,Real Madrid,0,1,A,9,10,5,2,13,11,4,5,4,2,0,0,5.5,4.2,1.57,6.37,4.04,1.61,,,,,,,,2020/2021
SP1,2021-02-20,Elche,Eibar,1,0,H,6,13,2,3,16,9,1,4,2,1,0,0,3.6,3.25,2.15,3.85,3.31,2.17,,,,,,,,2020/2021
SP1,2021-02-20,Atletico Madrid,Levante,0,2,A,28,6,11,1,10,15,12,2,2,3,0,0,1.53,4.0,7.0,1.56,4.03,7.27,,,,,,,,2020/2021
SP1,2021-02-21,Barcelona,Cadiz,1,1,D,20,3,4,1,13,12,8,0,0,2,0,0,1.16,8.0,13.0,1.17,8.23,17.86,,,,,,,,2020/2021
SP1,2021-02-21,Sociedad,Alaves,4,0,H,8,7,4,2,17,16,4,3,3,2,0,0,1.66,3.75,5.5,1.67,3.67,6.57,,,,,,,,2020/2021
SP1,2021-02-21,Huesca,Granada,3,2,H,15,8,6,5,13,14,5,2,3,3,0,1,2.15,3.3,3.5,2.21,3.25,3.81,,,,,,,,2020/2021
SP1,2021-02-21,Athletic Bilbao,Villarreal,1,1,D,18,3,8,2,12,12,6,0,2,2,0,0,2.45,3.2,3.0,2.6,3.15,3.12,,,,,,,,2020/2021
SP1,2021-02-22,Osasuna,Sevilla,0,2,A,6,10,0,5,14,15,3,5,2,2,0,0,4.0,3.3,2.0,4.63,3.26,2.0,,,,,,,,2020/2021
SP1,2021-02-24,Barcelona,Elche,3,0,H,9,6,5,1,8,8,6,3,0,0,0,0,1.12,9.0,19.0,1.13,9.51,21.25,,,,,,,,2020/2021
SP1,2021-02-26,Levante,Athletic Bilbao,1,1,D,10,11,4,5,11,13,2,10,3,1,0,1,3.3,3.25,2.25,3.47,3.37,2.29,,,,,,,,2020/2021
SP1,2021-02-27,Eibar,Huesca,1,1,D,17,4,3,1,19,11,6,2,2,2,0,0,2.15,3.3,3.5,2.22,3.36,3.64,,,,,,,,2020/2021
SP1,2021-02-27,Sevilla,Barcelona,0,2,A,4,9,2,5,20,9,3,3,5,2,0,0,3.2,3.5,2.2,3.31,3.58,2.27,,,,,,,,2020/2021
SP1,2021-02-27,Alaves,Osasuna,0,1,A,4,6,1,3,18,20,5,2,3,4,0,0,2.62,2.9,3.0,2.79,3.02,3.01,,,,,,,,2020/2021
SP1,2021-02-27,Getafe,Valencia,3,0,H,15,5,4,0,21,12,3,6,5,2,0,1,2.5,3.0,3.1,2.66,2.95,3.25,,,,,,,,2020/2021
SP1,2021-02-28,Celta,Valladolid,1,1,D,11,7,2,3,20,20,3,5,3,5,0,0,1.75,3.75,4.5,1.76,4.01,4.82,,,,,,,,2020/2021
SP1,2021-02-28,Cadiz,Real Betis,0,1,A,5,9,3,4,9,13,3,7,1,2,0,0,3.8,3.3,2.05,4.08,3.38,2.08,,,,,,,,2020/2021
SP1,2021-02-28,Granada,Elche,2,1,H,13,12,4,4,14,12,5,5,3,2,0,0,2.1,3.1,4.0,2.14,3.13,4.24,,,,,,,,2020/2021
SP1,2021-02-28,Villarreal,Atletico Madrid,0,2,A,19,6,6,5,15,19,10,2,2,3,0,0,3.2,3.1,2.45,3.31,3.03,2.57,,,,,,,,2020/2021
SP1,2021-03-01,Real Madrid,Sociedad,1,1,D,21,6,2,2,5,10,13,4,0,1,0,0,1.83,4.0,4.0,1.89,3.82,4.27,,,,,,,,2020/2021
SP1,2021-03-05,Valencia,Villarreal,2,1,H,25,10,4,5,12,10,5,3,4,3,0,0,4.0,3.4,1.95,4.18,3.48,2.01,,,,,,,,2020/2021
SP1,2021-03-06,Elche,Sevilla,2,1,H,6,11,3,3,16,11,6,3,4,0,0,0,6.5,3.6,1.6,7.04,3.58,1.66,,,,,,,,2020/2021
SP1,2021-03-06,Valladolid,Getafe,2,1,H,4,9,3,2,16,19,1,6,2,2,0,1,3.0,2.8,2.7,3.24,2.86,2.75,,,,,,,,2020/2021
SP1,2021-03-06,Osasuna,Barcelona,0,2,A,10,13,3,6,4,12,3,4,0,2,0,0,5.75,4.5,1.5,6.37,4.68,1.53,,,,,,,,2020/2021
SP1,2021-03-06,Cadiz,Eibar,1,0,H,6,16,2,1,7,11,0,12,2,2,0,0,3.25,3.2,2.3,3.45,3.28,2.34,,,,,,,,2020/2021
SP1,2021-03-07,Huesca,Celta,3,4,A,19,10,7,7,12,21,6,3,0,2,0,0,3.0,3.3,2.4,3.04,3.28,2.58,,,,,,,,2020/2021
SP1,2021-03-07,Atletico Madrid,Real Madrid,1,1,D,11,18,5,8,19,9,1,6,5,1,0,0,2.55,3.25,2.8,2.67,3.27,2.93,,,,,,,,2020/2021
SP1,2021-03-07,Sociedad,Levante,1,0,H,25,6,8,1,13,14,7,5,0,2,0,0,1.44,4.33,7.5,1.49,4.47,7.74,,,,,,,,2020/2021
SP1,2021-03-07,Athletic Bilbao,Granada,2,1,H,7,13,5,3,10,10,6,9,2,2,0,0,1.57,4.0,5.75,1.65,3.98,5.96,,,,,,,,2020/2021
SP1,2021-03-08,Real Betis,Alaves,3,2,H,23,4,8,3,13,11,12,1,0,3,0,0,1.72,3.8,4.75,1.76,3.89,5.05,,,,,,,,2020/2021
SP1,2021-03-10,Atletico Madrid,Athletic Bilbao,2,1,H,11,4,5,2,12,13,5,4,2,2,0,0,1.8,3.3,5.25,1.83,3.33,5.61,,,,,,,,2020/2021
SP1,2021-03-12,Levante,Valencia,1,0,H,11,11,3,2,17,13,3,3,3,4,0,0,2.25,3.4,3.2,2.37,3.41,3.26,,,,,,,,2020/2021
SP1,2021-03-13,Alaves,Cadiz,1,1,D,9,9,3,1,22,6,2,5,3,3,1,0,2.15,3.1,3.8,2.19,3.21,3.92,,,,,,,,2020/2021
SP1,2021-03-13,Real Madrid,Elche,2,1,H,17,3,4,2,11,16,6,1,1,1,0,0,1.18,7.0,15.0,1.2,7.14,16.48,,,,,,,,2020/2021
SP1,2021-03-13,Osasuna,Valladolid,0,0,D,14,12,2,2,12,9,7,3,2,3,0,0,2.2,3.1,3.6,2.27,3.14,3.8,,,,,,,,2020/2021
SP1,2021-03-13,Getafe,Atletico Madrid,0,0,D,11,15,2,7,9,17,3,11,1,4,1,0,4.75,3.1,1.9,5.06,3.21,1.94,,,,,,,,2020/2021
SP1,2021-03-14,Celta,Athletic Bilbao,0,0,D,13,6,3,1,20,13,1,3,3,1,0,0,2.7,3.2,2.7,2.74,3.34,2.8,,,,,,,,2020/2021
SP1,2021-03-14,Granada,Sociedad,1,0,H,7,7,2,1,23,16,4,6,2,3,0,0,5.5,4.2,1.57,5.82,4.15,1.63,,,,,,,,2020/2021
SP1,2021-03-14,Eibar,Villarreal,1,3,A,16,13,7,8,12,9,7,2,2,2,0,1,2.9,3.4,2.4,3.08,3.55,2.4,,,,,,,,2020/2021
SP1,2021-03-14,Sevilla,Real Betis,1,0,H,9,13,3,3,12,14,3,6,3,5,0,0,2.0,3.4,3.75,2.02,3.61,3.97,,,,,,,,2020/2021
SP1,2021-03-15,Barcelona,Huesca,4,1,H,12,8,5,4,8,13,7,3,0,2,0,0,1.18,7.5,13.0,1.21,7.32,14.34,,,,,,,,2020/2021
SP1,2021-03-17,Sevilla,Elche,2,0,H,13,11,8,5,9,8,4,1,2,1,0,0,1.4,4.5,8.0,1.45,4.51,8.7,,,,,,,,2020/2021
SP1,2021-03-19,Real Betis,Levante,2,0,H,15,7,6,1,14,10,4,1,2,0,0,0,1.72,3.8,4.5,1.79,3.86,4.88,,,,,,,,2020/2021
SP1,2021-03-20,Athletic Bilbao,Eibar,1,1,D,18,4,4,2,5,15,10,1,1,1,0,0,1.75,3.6,4.75,1.84,3.74,4.71,,,,,,,,2020/2021
SP1,2021-03-20,Celta,Real Madrid,1,3,A,8,16,3,4,23,13,1,7,3,4,0,0,4.33,4.0,1.72,4.72,4.06,1.77,,,,,,,,2020/2021
SP1,2021-03-20,Huesca,Osasuna,0,0,D,15,7,3,2,9,13,5,1,1,2,0,0,2.45,3.2,3.0,2.6,3.2,3.08,,,,,,,,2020/2021
SP1,2021-03-20,Valladolid,Sevilla,1,1,D,3,12,2,4,17,10,2,8,3,1,0,0,4.33,3.5,1.83,4.96,3.47,1.87,,,,,,,,2020/2021
SP1,2021-03-21,Villarreal,Cadiz,2,1,H,13,9,4,3,14,6,5,6,3,3,0,0,1.44,4.2,7.5,1.41,4.57,10.12,,,,,,,,2020/2021
SP1,2021-03-21,Valencia,Granada,2,1,H,18,15,9,3,11,11,3,4,0,3,0,0,2.0,3.5,3.75,2.07,3.53,3.89,,,,,,,,2020/2021
SP1,2021-03-21,Sociedad,Barcelona,1,6,A,10,14,5,10,11,12,1,1,3,2,0,0,3.6,3.8,1.95,3.62,4.01,2.01,,,,,,,,2020/2021
SP1,2021-03-21,Atletico Madrid,Alaves,1,0,H,8,9,4,3,17,12,5,5,3,3,0,0,1.36,4.5,10.0,1.35,4.87,12.19,,,,,,,,2020/2021
SP1,2021-03-21,Getafe,Elche,1,1,D,12,6,5,2,17,21,4,8,3,7,0,0,1.83,3.25,4.75,1.93,3.13,5.37,,,,,,,,2020/2021
SP1,2021-04-02,Levante,Huesca,0,2,A,13,6,3,2,15,7,8,2,2,2,0,0,2.37,3.3,3.0,2.43,3.44,3.12,,,,,,,,2020/2021
SP1,2021-04-03,Granada,Villarreal,0,3,A,6,15,2,6,14,14,3,5,2,2,0,0,3.8,3.3,2.05,3.91,3.37,2.12,,,,,,,,2020/2021
SP1,2021-04-03,Real Madrid,Eibar,2,0,H,21,10,8,4,6,8,6,9,0,2,0,0,1.33,5.5,8.0,1.36,5.26,9.7,,,,,,,,2020/2021
SP1,2021-04-03,Osasuna,Getafe,0,0,D,4,6,1,2,23,18,2,4,2,3,0,0,2.55,2.8,3.2,2.81,2.81,3.23,,,,,,,,2020/2021
SP1,2021-04-04,Cadiz,Valencia,2,1,H,6,12,2,6,10,7,4,13,2,2,0,0,3.1,3.1,2.45,3.25,3.17,2.51,,,,,,,,2020/2021
SP1,2021-04-04,Sevilla,Atletico Madrid,1,0,H,18,9,5,4,13,11,3,2,2,4,0,0,2.9,3.0,2.7,2.95,3.15,2.74,,,,,,,,2020/2021
SP1,2021-04-04,Alaves,Celta,1,3,A,17,8,7,6,9,21,6,2,4,5,0,1,3.0,3.2,2.5,3.08,3.23,2.58,,,,,,,,2020/2021
SP1,2021-04-04,Elche,Real Betis,1,1,D,7,13,3,3,9,15,7,2,1,4,0,0,4.33,3.75,1.8,4.68,3.67,1.86,,,,,,,,2020/2021
SP1,2021-04-05,Barcelona,Valladolid,1,0,H,25,7,10,2,12,13,4,1,3,3,0,1,1.12,9.0,19.0,1.13,9.82,22.55,,,,,,,,2020/2021
SP1,2021-04-07,Sociedad,Athletic Bilbao,1,1,D,12,11,2,2,18,7,3,6,3,1,0,0,2.1,3.3,3.6,2.25,3.22,3.75,,,,,,,,2020/2021
SP1,2021-04-09,Huesca,Elche,3,1,H,8,8,5,2,17,13,6,6,2,2,0,0,2.0,3.2,4.1,2.08,3.26,4.23,,,,,,,,2020/2021
SP1,2021-04-10,Getafe,Cadiz,0,1,A,19,8,4,3,10,13,10,4,3,2,0,0,1.9,3.1,4.5,1.97,3.17,5.01,,,,,,,,2020/2021
SP1,2021-04-10,Athletic Bilbao,Alaves,0,0,D,11,9,4,0,13,15,6,6,2,2,0,0,1.9,3.3,4.4,1.94,3.42,4.6,,,,,,,,2020/2021
SP1,2021-04-10,Eibar,Levante,0,1,A,10,6,4,1,9,7,6,3,3,2,0,0,2.2,3.5,3.1,2.25,3.51,3.42,,,,,,,,2020/2021
SP1,2021-04-10,Real Madrid,Barcelona,2,1,H,14,18,3,4,16,10,5,6,3,4,1,0,2.8,3.8,2.3,2.97,3.89,2.33,,,,,,,,2020/2021
SP1,2021-04-11,Villarreal,Osasuna,1,2,A,15,12,6,4,6,12,6,5,0,0,0,0,1.61,3.6,6.0,1.71,3.69,5.89,,,,,,,,2020/2021
SP1,2021-04-11,Valencia,Sociedad,2,2,D,9,16,2,5,11,17,4,5,6,4,1,0,3.5,3.3,2.1,3.69,3.29,2.23,,,,,,,,2020/2021
SP1,2021-04-11,Valladolid,Granada,1,2,A,7,12,3,6,14,15,2,4,4,2,0,0,2.05,3.4,3.6,2.19,3.4,3.67,,,,,,,,2020/2021
SP1,2021-04-11,Real Betis,Atletico Madrid,1,1,D,8,10,4,4,12,13,5,5,0,0,0,0,3.25,3.2,2.3,3.41,3.12,2.45,,,,,,,,2020/2021
SP1,2021-04-12,Celta,Sevilla,3,4,A,12,13,5,6,18,15,5,2,3,2,0,0,3.5,3.3,2.15,3.6,3.36,2.24,,,,,,,,2020/2021
SP1,2021-04-18,Atletico Madrid,Eibar,5,0,H,10,0,7,0,10,10,8,3,0,1,0,0,1.4,4.33,9.0,1.45,4.32,9.53,,,,,,,,2020/2021
SP1,2021-04-18,Osasuna,Elche,2,0,H,9,8,3,2,14,15,4,5,2,1,0,0,1.9,3.3,4.33,2.0,3.26,4.63,,,,,,,,2020/2021
SP1,2021-04-18,Sociedad,Sevilla,1,2,A,5,15,2,7,20,15,7,3,3,2,0,0,2.9,3.25,2.45,2.94,3.38,2.59,,,,,,,,2020/2021
SP1,2021-04-18,Alaves,Huesca,1,0,H,10,9,2,1,15,13,7,3,1,2,0,0,2.37,3.1,3.25,2.52,3.17,3.22,,,,,,,,2020/2021
SP1,2021-04-18,Cadiz,Celta,0,0,D,5,11,2,4,6,13,4,7,0,1,0,0,3.6,3.5,2.05,3.73,3.52,2.12,,,,,,,,2020/2021
SP1,2021-04-18,Getafe,Real Madrid,0,0,D,19,10,6,2,17,8,6,6,3,1,0,0,6.0,3.75,1.61,6.18,3.77,1.67,,,,,,,,2020/2021
SP1,2021-04-18,Levante,Villarreal,1,5,A,12,14,3,7,9,7,4,5,2,1,0,0,3.75,3.4,2.05,3.98,3.44,2.08,,,,,,,,2020/2021
SP1,2021-04-18,Real Betis,Valencia,2,2,D,9,9,5,3,12,10,6,3,3,1,0,0,1.85,3.6,4.2,1.89,3.73,4.41,,,,,,,,2020/2021
SP1,2021-04-21,Levante,Sevilla,0,1,A,6,10,1,3,15,13,2,3,4,1,0,0,5.0,4.2,1.61,5.14,4.34,1.67,,,,,,,,2020/2021
SP1,2021-04-21,Osasuna,Valencia,3,1,H,18,10,9,5,17,11,5,6,1,2,0,0,2.3,3.25,3.2,2.52,3.13,3.27,,,,,,,,2020/2021
SP1,2021-04-21,Real Betis,Athletic Bilbao,0,0,D,6,16,2,4,10,16,5,4,3,2,1,0,2.37,3.3,3.0,2.44,3.41,3.13,,,,,,,,2020/2021
SP1,2021-04-21,Alaves,Villarreal,2,1,H,9,10,4,5,8,11,3,8,2,1,0,0,4.33,3.6,1.83,4.5,3.65,1.89,,,,,,,,2020/2021
SP1,2021-04-21,Elche,Valladolid,1,1,D,9,12,3,4,23,11,4,6,5,3,0,0,2.8,3.0,2.7,2.96,3.06,2.8,,,,,,,,2020/2021
SP1,2021-04-21,Cadiz,Real Madrid,0,3,A,14,14,3,4,13,21,7,3,4,3,0,0,9.0,4.75,1.36,8.7,4.58,1.39,,,,,,,,2020/2021
SP1,2021-04-22,Atletico Madrid,Huesca,2,0,H,18,5,12,2,9,11,8,1,2,0,0,0,1.36,4.75,9.0,1.41,4.81,9.12,,,,,,,,2020/2021
SP1,2021-04-22,Granada,Eibar,4,1,H,8,16,4,3,13,10,4,7,1,1,0,0,2.37,3.1,3.2,2.46,3.16,3.36,,,,,,,,2020/2021
SP1,2021-04-22,Sociedad,Celta,2,1,H,7,10,3,3,17,17,2,4,4,5,0,0,1.9,3.5,4.1,1.91,3.67,4.38,,,,,,,,2020/2021
SP1,2021-04-22,Barcelona,Getafe,5,2,H,9,5,6,1,8,15,3,1,2,0,0,0,1.25,5.75,13.0,1.23,6.53,15.15,,,,,,,,2020/2021
SP1,2021-04-24,Elche,Levante,1,0,H,8,6,3,1,10,14,4,2,3,4,0,0,2.7,3.2,2.6,2.76,3.35,2.77,,,,,,,,2020/2021
SP1,2021-04-24,Valladolid,Cadiz,1,1,D,13,6,6,2,11,20,5,7,1,3,0,0,1.9,3.25,4.33,1.96,3.39,4.55,,,,,,,,2020/2021
SP1,2021-04-24,Valencia,Alaves,1,1,D,9,6,2,2,17,16,7,2,4,0,0,1,2.1,3.25,3.6,2.16,3.29,3.91,,,,,,,,2020/2021
SP1,2021-04-24,Real Madrid,Real Betis,0,0,D,17,6,5,2,17,13,8,2,1,2,0,0,1.45,4.75,6.5,1.52,4.61,6.69,,,,,,,,2020/2021
SP1,2021-04-25,Huesca,Getafe,0,2,A,8,6,1,4,16,22,1,0,2,4,0,0,2.75,2.9,2.8,3.0,2.96,2.85,,,,,,,,2020/2021
SP1,2021-04-25,Villarreal,Barcelona,1,2,A,10,15,4,5,16,10,6,1,2,3,1,0,4.5,4.2,1.66,4.78,4.61,1.67,,,,,,,,2020/2021
SP1,2021-04-25,Celta,Osasuna,2,1,H,7,12,2,3,13,12,2,8,1,4,0,0,2.2,3.3,3.25,2.25,3.56,3.36,,,,,,,,2020/2021
SP1,2021-04-25,Sevilla,Granada,2,1,H,10,4,4,2,11,14,5,5,2,3,0,0,1.4,4.75,7.5,1.41,4.96,8.52,,,,,,,,2020/2021
SP1,2021-04-25,Athletic Bilbao,Atletico Madrid,2,1,H,11,14,3,3,20,7,4,11,4,2,0,0,4.0,3.5,1.85,4.46,3.39,1.98,,,,,,,,2020/2021
SP1,2021-04-26,Eibar,Sociedad,0,1,A,14,5,5,2,8,20,2,3,5,1,0,0,4.0,3.6,1.85,4.42,3.66,1.91,,,,,,,,2020/2021
SP1,2021-04-28,Athletic Bilbao,Valladolid,2,2,D,13,14,7,4,8,13,5,7,1,1,0,0,1.85,3.2,5.0,1.9,3.19,5.4,,,,,,,,2020/2021
SP1,2021-04-29,Barcelona,Granada,1,2,A,16,6,4,2,10,22,6,1,0,4,0,0,1.14,8.0,17.0,1.16,8.78,19.0,,,,,,,,2020/2021
SP1,2021-04-30,Celta,Levante,2,0,H,8,10,5,2,12,13,1,5,2,2,0,0,1.8,3.75,4.33,1.88,3.66,4.52,,,,,,,,2020/2021
SP1,2021-05-01,Eibar,Alaves,3,0,H,15,6,4,2,12,12,10,5,0,2,0,0,2.5,3.1,3.0,2.59,3.19,3.11,,,,,,,,2020/2021
SP1,2021-05-01,Elche,Atletico Madrid,0,1,A,6,11,1,4,20,16,3,2,3,3,0,0,9.0,4.33,1.4,9.5,4.68,1.41,,,,,,,,2020/2021
SP1,2021-05-01,Huesca,Sociedad,1,0,H,10,7,3,3,14,11,2,7,2,2,0,0,3.75,3.5,2.0,3.85,3.52,2.09,,,,,,,,2020/2021
SP1,2021-05-01,Real Madrid,Osasuna,2,0,H,22,3,6,2,9,12,7,0,0,2,0,0,1.36,5.0,8.5,1.38,5.14,9.17,,,,,,,,2020/2021
SP1,2021-05-02,Valladolid,Real Betis,1,1,D,10,11,2,4,7,14,3,2,2,5,0,0,3.0,3.5,2.3,3.31,3.58,2.27,,,,,,,,2020/2021
SP1,2021-05-02,Villarreal,Getafe,1,0,H,4,15,3,3,13,17,4,4,1,2,0,0,2.1,2.9,4.1,2.24,3.08,3.97,,,,,,,,2020/2021
SP1,2021-05-02,Granada,Cadiz,0,1,A,9,8,2,4,12,10,6,5,7,2,1,0,1.85,3.3,4.75,1.83,3.53,5.12,,,,,,,,2020/2021
SP1,2021-05-02,Valencia,Barcelona,2,3,A,9,14,4,7,12,14,2,1,2,1,0,0,7.0,5.5,1.36,7.12,5.55,1.42,,,,,,,,2020/2021
SP1,2021-05-03,Sevilla,Athletic Bilbao,0,1,A,18,8,3,2,13,15,6,2,1,0,0,0,1.57,4.0,5.75,1.62,4.12,6.12,,,,,,,,2020/2021
SP1,2021-05-07,Sociedad,Elche,2,0,H,16,1,3,0,8,10,7,0,1,3,0,1,1.45,4.1,8.0,1.51,4.16,8.15,,,,,,,,2020/2021
SP1,2021-05-08,Alaves,Levante,2,2,D,15,6,5,3,12,18,8,3,2,1,0,0,2.1,3.4,3.5,2.24,3.31,3.64,,,,,,,,2020/2021
SP1,2021-05-08,Barcelona,Atletico Madrid,0,0,D,12,11,7,6,13,26,5,7,3,3,0,0,1.75,3.8,4.5,1.83,3.75,4.73,,,,,,,,2020/2021
SP1,2021-05-08,Cadiz,Huesca,2,1,H,11,13,1,5,14,13,3,3,4,0,0,0,3.6,3.2,2.15,3.74,3.32,2.2,,,,,,,,2020/2021
SP1,2021-05-08,Athletic Bilbao,Osasuna,2,2,D,13,13,3,4,4,10,10,4,1,2,0,0,1.8,3.5,4.75,1.83,3.7,4.85,,,,,,,,2020/2021
SP1,2021-05-09,Getafe,Eibar,0,1,A,10,7,2,3,11,11,4,2,1,2,0,0,2.15,3.1,3.75,2.31,3.12,3.71,,,,,,,,2020/2021
SP1,2021-05-09,Valencia,Valladolid,3,0,H,6,19,3,2,17,6,1,9,0,0,0,0,2.05,3.3,3.8,2.05,3.39,4.18,,,,,,,,2020/2021
SP1,2021-05-09,Villarreal,Celta,2,4,A,16,11,7,6,11,16,5,3,3,3,2,1,1.95,3.6,3.8,2.02,3.79,3.78,,,,,,,,2020/2021
SP1,2021-05-09,Real Madrid,Sevilla,2,2,D,16,7,6,3,8,8,7,3,1,2,0,0,1.9,3.75,3.75,2.02,3.74,3.84,,,,,,,,2020/2021
SP1,2021-05-10,Real Betis,Granada,2,1,H,14,11,6,5,16,11,9,2,2,4,0,0,1.75,3.8,4.75,1.84,3.69,4.76,,,,,,,,2020/2021
SP1,2021-05-11,Osasuna,Cadiz,3,2,H,14,10,4,4,15,12,3,5,2,2,0,0,1.95,3.4,4.0,2.0,3.46,4.26,,,,,,,,2020/2021
SP1,2021-05-11,Elche,Alaves,0,2,A,11,9,4,2,21,15,7,5,2,4,0,0,2.9,3.0,2.6,2.98,3.09,2.75,,,,,,,,2020/2021
SP1,2021-05-11,Levante,Barcelona,3,3,D,16,17,6,5,12,4,8,6,2,2,0,0,12.0,8.0,1.18,11.38,7.61,1.23,,,,,,,,2020/2021
SP1,2021-05-12,Celta,Getafe,1,0,H,4,13,1,4,16,18,1,5,1,3,0,0,2.35,3.25,3.0,2.43,3.32,3.24,,,,,,,,2020/2021
SP1,2021-05-12,Sevilla,Valencia,1,0,H,10,6,4,2,17,6,3,5,2,2,0,0,1.44,4.5,7.0,1.47,4.84,7.34,,,,,,,,2020/2021
SP1,2021-05-12,Atletico Madrid,Sociedad,2,1,H,12,14,4,7,11,15,1,7,0,0,0,0,1.6,4.0,5.5,1.61,4.05,6.36,,,,,,,,2020/2021
SP1,2021-05-12,Huesca,Athletic Bilbao,1,0,H,18,4,6,3,9,14,5,0,0,1,0,0,2.5,3.2,2.9,2.63,3.31,2.94,,,,,,,,2020/2021
SP1,2021-05-13,Valladolid,Villarreal,0,2,A,11,9,2,3,15,14,3,6,3,1,0,0,3.8,3.5,1.95,4.0,3.7,1.99,,,,,,,,2020/2021
SP1,2021-05-13,Eibar,Real Betis,1,1,D,14,9,4,4,12,8,5,4,3,1,0,0,2.8,3.25,2.55,2.86,3.57,2.55,,,,,,,,2020/2021
SP1,2021-05-13,Granada,Real Madrid,1,4,A,10,16,5,7,15,9,2,3,3,3,0,0,8.0,4.5,1.4,8.12,5.2,1.41,,,,,,,,2020/2021
SP1,2021-05-16,Atletico Madrid,Osasuna,2,1,H,26,5,9,2,2,13,8,0,1,2,0,0,1.22,5.75,15.0,1.24,6.32,14.31,,,,,,,,2020/2021
SP1,2021-05-16,Alaves,Granada,4,2,H,14,5,9,2,7,11,6,1,2,4,0,0,1.83,3.75,4.0,1.9,3.73,4.26,,,,,,,,2020/2021
SP1,2021-05-16,Athletic Bilbao,Real Madrid,0,1,A,8,11,1,2,10,7,4,11,3,2,1,0,5.0,4.2,1.6,5.49,4.47,1.61,,,,,,,,2020/2021
SP1,2021-05-16,Barcelona,Celta,1,2,A,20,4,4,4,9,14,7,1,3,2,1,0,1.2,7.5,11.0,1.26,6.68,10.93,,,,,,,,2020/2021
SP1,2021-05-16,Real Betis,Huesca,1,0,H,10,7,2,0,15,19,2,5,1,5,0,1,1.75,3.8,4.33,1.9,3.85,4.1,,,,,,,,2020/2021
SP1,2021-05-16,Cadiz,Elche,1,3,A,7,20,3,5,13,15,1,8,3,4,0,0,3.2,3.1,2.35,3.35,3.21,2.38,,,,,,,,2020/2021
SP1,2021-05-16,Sociedad,Valladolid,4,1,H,13,19,8,5,16,11,2,4,2,4,0,1,1.61,3.75,6.0,1.65,3.86,6.05,,,,,,,,2020/2021
SP1,2021-05-16,Valencia,Eibar,4,1,H,9,20,5,8,5,7,2,10,0,0,0,0,2.87,3.4,2.37,2.89,3.48,2.52,,,,,,,,2020/2021
SP1,2021-05-16,Getafe,Levante,2,1,H,9,5,3,1,15,11,3,4,5,0,1,0,1.61,3.8,5.75,1.63,4.08,5.81,,,,,,,,2020/2021
SP1,2021-05-16,Villarreal,Sevilla,4,0,H,12,17,5,5,9,7,3,6,0,3,0,1,2.37,3.4,2.87,2.45,3.58,2.93,,,,,,,,2020/2021
SP1,2021-05-21,Levante,Cadiz,2,2,D,17,6,4,2,17,8,7,0,0,2,0,0,1.75,4.1,4.1,1.82,4.11,4.22,,,,,,,,2020/2021
SP1,2021-05-22,Celta,Real Betis,2,3,A,11,11,4,5,20,20,8,4,6,7,0,1,3.2,3.8,2.1,3.29,3.84,2.15,,,,,,,,2020/2021
SP1,2021-05-22,Eibar,Barcelona,0,1,A,17,7,3,3,11,15,6,3,0,3,0,0,4.33,4.75,1.65,4.51,4.21,1.67,,,,,,,,2020/2021
SP1,2021-05-22,Elche,Athletic Bilbao,2,0,H,8,8,3,2,10,6,3,1,3,0,0,0,1.95,3.6,3.8,2.05,3.64,3.73,,,,,,,,2020/2021
SP1,2021-05-22,Huesca,Valencia,0,0,D,23,11,8,4,17,15,9,3,2,1,0,0,1.65,4.2,5.0,1.7,4.33,4.75,,,,,,,,2020/2021
SP1,2021-05-22,Osasuna,Sociedad,0,1,A,7,11,1,1,15,7,3,3,1,0,0,0,5.0,4.33,1.61,4.99,4.59,1.64,,,,,,,,2020/2021
SP1,2021-05-22,Real Madrid,Villarreal,2,1,H,14,6,4,2,8,13,6,1,0,0,0,0,1.4,5.0,6.5,1.43,5.23,7.23,,,,,,,,2020/2021
SP1,2021-05-22,Valladolid,Atletico Madrid,1,2,A,10,14,4,3,11,11,4,6,4,6,0,0,9.0,5.25,1.33,9.45,5.47,1.35,,,,,,,,2020/2021
SP1,2021-05-23,Granada,Getafe,0,0,D,9,11,3,2,16,13,6,3,4,2,0,0,2.62,3.4,2.6,2.82,3.42,2.61,,,,,,,,2020/2021
SP1,2021-05-23,Sevilla,Alaves,1,0,H,11,11,2,2,11,8,6,4,1,0,0,0,1.5,4.33,6.5,1.57,4.23,6.41,,,,,,,,2020/2021
SP1,2021-08-13,Valencia,Getafe,1,0,H,4,22,2,4,24,15,1,9,6,3,1,1,2.55,3.0,3.1,2.7,3.03,3.11,,,,,,,,2021/2022
SP1,2021-08-14,Cadiz,Levante,1,1,D,7,12,2,3,10,16,2,4,1,5,0,0,2.8,3.25,2.6,2.86,3.28,2.73,,,,,,,,2021/2022
SP1,2021-08-14,Mallorca,Real Betis,1,1,D,6,10,2,1,12,18,4,3,1,3,0,0,3.3,3.4,2.2,3.51,3.35,2.28,,,,,,,,2021/2022
SP1,2021-08-14,Alaves,Real Madrid,1,4,A,11,19,4,7,14,10,0,4,1,2,0,0,7.0,4.75,1.44,7.48,4.64,1.48,,,,,,,,2021/2022
SP1,2021-08-14,Osasuna,Espanol,0,0,D,14,10,1,3,18,12,4,6,3,3,0,0,2.25,3.2,3.4,2.34,3.35,3.37,,,,,,,,2021/2022
SP1,2021-08-15,Celta,Atletico Madrid,1,2,A,10,13,2,4,11,9,2,5,4,5,1,1,4.2,3.4,1.9,4.41,3.25,2.05,,,,,,,,2021/2022
SP1,2021-08-15,Barcelona,Sociedad,4,2,H,13,11,8,3,11,18,5,3,2,4,0,0,1.72,4.0,4.5,1.75,4.2,4.62,,,,,,,,2021/2022
SP1,2021-08-15,Sevilla,Vallecano,3,0,H,21,4,8,3,14,7,4,0,1,0,0,1,1.44,4.2,8.0,1.44,4.68,8.37,,,,,,,,2021/2022
SP1,2021-08-16,Villarreal,Granada,0,0,D,14,6,4,1,19,21,6,2,5,1,1,0,1.53,4.2,6.5,1.56,4.35,6.51,,,,,,,,2021/2022
SP1,2021-08-16,Elche,Athletic Bilbao,0,0,D,8,9,2,3,13,19,6,8,2,2,0,0,3.8,3.3,2.05,3.93,3.36,2.13,,,,,,,,2021/2022
SP1,2021-08-20,Real Betis,Cadiz,1,1,D,16,8,7,3,12,10,4,5,4,0,0,0,1.5,4.2,7.0,1.52,4.4,7.09,,,,,,,,2021/2022
SP1,2021-08-21,Alaves,Mallorca,0,1,A,9,12,4,2,14,15,1,8,3,3,1,0,2.25,3.2,3.4,2.32,3.26,3.51,,,,,,,,2021/2022
SP1,2021-08-21,Espanol,Villarreal,0,0,D,14,12,3,2,10,10,9,7,3,4,0,0,3.1,3.4,2.3,3.15,3.51,2.38,,,,,,,,2021/2022
SP1,2021-08-21,Granada,Valencia,1,1,D,9,18,2,7,14,12,2,6,4,2,0,0,2.45,3.4,2.87,2.59,3.33,2.98,,,,,,,,2021/2022
SP1,2021-08-21,Athletic Bilbao,Barcelona,1,1,D,16,9,7,3,15,10,13,2,1,2,0,1,4.0,3.75,1.85,4.33,3.66,1.93,,,,,,,,2021/2022
SP1,2021-08-22,Sociedad,Vallecano,1,0,H,13,9,8,1,19,15,5,4,3,4,0,0,1.44,4.33,7.5,1.47,4.57,8.02,,,,,,,,2021/2022
SP1,2021-08-22,Atletico Madrid,Elche,1,0,H,8,4,4,2,16,10,2,1,2,2,0,0,1.22,5.75,17.0,1.22,6.51,19.95,,,,,,,,2021/2022
SP1,2021-08-22,Levante,Real Madrid,3,3,D,8,19,4,5,17,7,4,6,3,2,1,0,5.0,4.33,1.6,5.05,4.32,1.68,,,,,,,,2021/2022
SP1,2021-08-23,Getafe,Sevilla,0,1,A,12,9,0,3,18,10,5,4,2,2,0,0,3.5,3.2,2.2,3.64,3.23,2.28,,,,,,,,2021/2022
SP1,2021-08-23,Osasuna,Celta,0,0,D,15,4,7,0,19,8,1,2,4,3,0,0,2.62,3.25,2.75,2.77,3.21,2.87,,,,,,,,2021/2022
SP1,2021-08-27,Mallorca,Espanol,1,0,H,12,8,6,3,16,17,3,2,4,3,0,1,2.6,2.9,3.1,2.69,2.99,3.17,,,,,,,,2021/2022
SP1,2021-08-27,Valencia,Alaves,3,0,H,9,10,4,3,20,15,4,4,1,4,0,0,1.75,3.6,4.75,1.78,3.61,5.44,,,,,,,,2021/2022
SP1,2021-08-28,Celta,Athletic Bilbao,0,1,A,13,6,0,2,12,11,5,4,2,1,0,0,2.4,3.2,3.1,2.54,3.24,3.13,,,,,,,,2021/2022
SP1,2021-08-28,Elche,Sevilla,1,1,D,7,18,4,5,6,9,5,3,2,0,0,0,5.0,3.6,1.72,5.5,3.48,1.8,,,,,,,,2021/2022
SP1,2021-08-28,Sociedad,Levante,1,0,H,7,6,2,0,17,13,2,2,1,1,0,0,1.53,4.2,6.0,1.58,4.29,6.33,,,,,,,,2021/2022
SP1,2021-08-28,Real Betis,Real Madrid,0,1,A,11,13,6,3,15,13,3,7,5,3,0,0,4.2,3.8,1.8,4.32,3.88,1.87,,,,,,,,2021/2022
SP1,2021-08-29,Cadiz,Osasuna,2,3,A,7,14,3,4,9,6,4,11,4,0,0,0,3.2,3.0,2.45,3.3,3.15,2.49,,,,,,,,2021/2022
SP1,2021-08-29,Barcelona,Getafe,2,1,H,7,8,3,3,16,22,3,2,3,1,0,0,1.4,4.75,7.5,1.4,4.89,9.26,,,,,,,,2021/2022
SP1,2021-08-29,Atletico Madrid,Villarreal,2,2,D,24,2,5,2,11,6,16,0,4,2,0,0,1.75,3.4,5.25,1.78,3.52,5.68,,,,,,,,2021/2022
SP1,2021-08-29,Vallecano,Granada,4,0,H,19,9,6,3,19,14,5,6,1,4,0,0,2.55,3.2,2.87,2.63,3.3,2.95,,,,,,,,2021/2022
SP1,2021-09-11,Levante,Vallecano,1,1,D,7,22,2,6,14,16,2,5,3,4,0,0,2.1,3.4,3.5,2.13,3.53,3.71,,,,,,,,2021/2022
SP1,2021-09-11,Athletic Bilbao,Mallorca,2,0,H,19,7,5,1,7,13,7,2,1,2,0,0,1.72,3.6,5.25,1.74,3.76,5.52,,,,,,,,2021/2022
SP1,2021-09-12,Espanol,Atletico Madrid,1,2,A,9,13,3,3,10,11,6,3,1,4,0,0,4.33,3.3,1.9,4.38,3.53,1.95,,,,,,,,2021/2022
SP1,2021-09-12,Osasuna,Valencia,1,4,A,11,10,2,4,20,14,4,4,4,2,0,0,2.4,3.2,3.1,2.5,3.17,3.26,,,,,,,,2021/2022
SP1,2021-09-12,Cadiz,Sociedad,0,2,A,6,16,1,4,10,9,2,8,4,0,1,0,5.0,3.6,1.75,5.67,3.5,1.78,,,,,,,,2021/2022
SP1,2021-09-12,Real Madrid,Celta,5,2,H,15,11,11,4,8,16,7,3,2,3,0,0,1.36,5.25,8.0,1.38,5.48,8.4,,,,,,,,2021/2022
SP1,2021-09-13,Getafe,Elche,0,1,A,10,8,1,3,6,14,8,2,2,3,0,0,1.8,3.4,4.75,1.87,3.48,4.94,,,,,,,,2021/2022
SP1,2021-09-13,Granada,Real Betis,1,2,A,11,19,2,9,7,14,6,8,1,2,0,0,3.1,3.25,2.37,3.13,3.38,2.46,,,,,,,,2021/2022
SP1,2021-09-17,Celta,Cadiz,1,2,A,14,7,4,3,8,8,7,1,3,3,0,0,1.45,4.33,7.0,1.52,4.32,7.42,,,,,,,,2021/2022
SP1,2021-09-18,Vallecano,Getafe,3,0,H,11,13,5,3,20,16,5,3,6,7,0,0,2.37,2.9,3.4,2.5,3.02,3.43,,,,,,,,2021/2022
SP1,2021-09-18,Atletico Madrid,Athletic Bilbao,0,0,D,14,6,2,0,10,13,5,5,6,2,1,0,1.65,3.6,6.0,1.67,3.65,6.56,,,,,,,,2021/2022
SP1,2021-09-18,Elche,Levante,1,1,D,9,11,2,6,10,14,4,7,2,2,0,0,2.4,3.1,3.2,2.52,3.18,3.22,,,,,,,,2021/2022
SP1,2021-09-18,Alaves,Osasuna,0,2,A,8,13,3,5,11,14,2,8,4,3,0,0,3.1,3.0,2.55,3.1,3.13,2.63,,,,,,,,2021/2022
SP1,2021-09-19,Mallorca,Villarreal,0,0,D,10,11,1,3,11,16,3,1,2,3,0,0,3.5,3.0,2.3,3.62,3.2,2.31,,,,,,,,2021/2022
SP1,2021-09-19,Sociedad,Sevilla,0,0,D,11,11,4,4,16,11,5,6,2,3,0,0,2.55,3.2,2.87,2.76,3.2,2.89,,,,,,,,2021/2022
SP1,2021-09-19,Real Betis,Espanol,2,2,D,23,11,9,4,13,9,10,4,4,4,1,0,2.0,3.2,4.2,2.06,3.43,4.06,,,,,,,,2021/2022
SP1,2021-09-19,Valencia,Real Madrid,1,2,A,12,18,4,10,14,14,2,5,1,5,0,0,3.8,3.8,1.9,3.78,4.02,1.96,,,,,,,,2021/2022
SP1,2021-09-20,Barcelona,Granada,1,1,D,17,5,6,2,15,20,12,4,3,6,0,0,1.28,5.75,10.0,1.29,5.96,12.35,,,,,,,,2021/2022
SP1,2021-09-21,Getafe,Atletico Madrid,1,2,A,7,12,2,4,15,11,2,5,4,5,1,0,6.0,3.5,1.66,6.53,3.54,1.7,,,,,,,,2021/2022
SP1,2021-09-21,Athletic Bilbao,Vallecano,1,2,A,8,8,1,3,16,20,2,1,3,3,0,0,1.85,3.5,4.33,1.9,3.46,4.81,,,,,,,,2021/2022
SP1,2021-09-21,Levante,Celta,0,2,A,6,4,2,2,16,12,2,4,3,2,0,0,2.6,3.4,2.7,2.7,3.46,2.76,,,,,,,,2021/2022
SP1,2021-09-22,Espanol,Alaves,1,0,H,10,8,2,2,14,18,4,8,2,1,0,0,1.8,3.5,4.75,1.88,3.46,4.98,,,,,,,,2021/2022
SP1,2021-09-22,Sevilla,Valencia,3,1,H,11,8,5,3,25,21,1,4,5,3,0,0,1.61,3.8,6.0,1.65,4.04,5.81,,,,,,,,2021/2022
SP1,2021-09-22,Real Madrid,Mallorca,6,1,H,18,17,12,5,18,8,3,2,2,1,0,0,1.22,6.5,12.0,1.24,6.66,13.03,,,,,,,,2021/2022
SP1,2021-09-22,Villarreal,Elche,4,1,H,14,9,9,3,16,11,8,7,1,2,0,0,1.5,4.2,6.5,1.51,4.33,7.71,,,,,,,,2021/2022
SP1,2021-09-23,Granada,Sociedad,2,3,A,10,20,2,11,11,16,4,7,5,1,0,0,4.2,3.4,1.9,4.22,3.56,1.98,,,,,,,,2021/2022
SP1,2021-09-23,Osasuna,Real Betis,1,3,A,11,16,3,9,18,10,4,7,2,0,0,0,2.37,3.25,3.0,2.37,3.38,3.28,,,,,,,,2021/2022
SP1,2021-09-23,Cadiz,Barcelona,0,0,D,13,6,3,2,16,8,4,5,3,4,0,1,6.0,4.33,1.5,6.38,4.48,1.55,,,,,,,,2021/2022
SP1,2021-09-25,Alaves,Atletico Madrid,1,0,H,7,13,1,1,18,11,3,8,2,3,0,0,7.5,4.0,1.5,7.51,3.99,1.56,,,,,,,,2021/2022
SP1,2021-09-25,Valencia,Athletic Bilbao,1,1,D,13,12,6,4,14,17,4,5,5,2,1,0,2.6,3.2,2.8,2.71,3.25,2.89,,,,,,,,2021/2022
SP1,2021-09-25,Sevilla,Espanol,2,0,H,12,13,5,2,10,8,4,8,4,0,1,0,1.57,3.8,6.5,1.63,3.9,6.38,,,,,,,,2021/2022
SP1,2021-09-25,Real Madrid,Villarreal,0,0,D,15,6,2,2,10,12,6,3,1,2,0,0,1.5,4.75,5.75,1.52,4.87,6.25,,,,,,,,2021/2022
SP1,2021-09-26,Vallecano,Cadiz,3,1,H,13,6,6,1,11,11,4,3,2,4,0,0,1.6,3.8,6.0,1.68,3.82,6.02,,,,,,,,2021/2022
SP1,2021-09-26,Real Betis,Getafe,2,0,H,20,8,5,3,12,19,3,3,1,3,0,0,1.75,3.6,4.75,1.78,3.9,4.9,,,,,,,,2021/2022
SP1,2021-09-26,Mallorca,Osasuna,2,3,A,17,12,8,6,8,17,5,5,2,3,0,0,2.7,3.2,2.75,2.85,3.21,2.79,,,,,,,,2021/2022
SP1,2021-09-26,Barcelona,Levante,3,0,H,20,6,12,2,11,16,11,1,1,3,0,0,1.4,5.5,6.5,1.45,5.07,7.23,,,,,,,,2021/2022
SP1,2021-09-26,Sociedad,Elche,1,0,H,17,5,5,2,12,16,6,1,1,3,0,0,1.4,4.5,9.0,1.47,4.43,8.53,,,,,,,,2021/2022
SP1,2021-09-27,Celta,Granada,1,0,H,14,7,5,4,9,12,5,3,2,7,0,0,1.61,4.0,5.5,1.65,4.19,5.54,,,,,,,,2021/2022
SP1,2021-10-01,Athletic Bilbao,Alaves,1,0,H,16,17,5,5,16,12,13,9,3,2,0,0,1.53,3.75,7.5,1.59,3.89,7.16,,,,,,,,2021/2022
SP1,2021-10-02,Osasuna,Vallecano,1,0,H,7,7,3,0,19,9,6,3,3,3,0,0,2.15,3.4,3.4,2.2,3.47,3.57,,,,,,,,2021/2022
SP1,2021-10-02,Mallorca,Levante,1,0,H,9,6,7,2,18,25,8,3,4,4,0,0,2.1,3.2,3.4,2.22,3.51,3.49,,,,,,,,2021/2022
SP1,2021-10-02,Cadiz,Valencia,0,0,D,2,16,1,4,16,11,1,3,3,4,0,0,3.4,3.0,2.3,3.45,3.08,2.46,,,,,,,,2021/2022
SP1,2021-10-02,Atletico Madrid,Barcelona,2,0,H,6,9,3,2,13,10,2,6,2,1,0,0,1.9,3.5,4.0,1.92,3.61,4.43,,,,,,,,2021/2022
SP1,2021-10-03,Elche,Celta,1,0,H,12,10,5,1,14,19,7,4,4,3,0,0,3.3,3.2,2.3,3.52,3.17,2.37,,,,,,,,2021/2022
SP1,2021-10-03,Espanol,Real Madrid,2,1,H,8,18,4,4,12,13,2,8,2,1,0,0,5.0,4.0,1.66,5.15,4.15,1.69,,,,,,,,2021/2022
SP1,2021-10-03,Getafe,Sociedad,1,1,D,9,10,2,5,16,11,2,5,4,2,0,0,3.6,3.1,2.2,3.77,3.17,2.26,,,,,,,,2021/2022
SP1,2021-10-03,Villarreal,Real Betis,2,0,H,11,10,5,3,14,9,4,6,2,4,0,0,2.0,3.6,3.6,2.03,3.83,3.71,,,,,,,,2021/2022
SP1,2021-10-03,Granada,Sevilla,1,0,H,3,14,1,3,13,11,2,6,3,4,0,1,4.8,3.4,1.72,5.36,3.62,1.78,,,,,,,,2021/2022
SP1,2021-10-16,Levante,Getafe,0,0,D,6,14,2,4,14,10,3,11,3,3,0,0,2.5,2.9,3.25,2.61,2.92,3.38,,,,,,,,2021/2022
SP1,2021-10-16,Sociedad,Mallorca,1,0,H,10,7,2,1,11,21,2,6,3,3,1,0,1.4,4.5,8.5,1.44,4.51,9.05,,,,,,,,2021/2022
SP1,2021-10-17,Vallecano,Elche,2,1,H,10,7,4,3,16,11,6,2,2,2,0,0,1.8,3.5,4.75,1.84,3.73,4.7,,,,,,,,2021/2022
SP1,2021-10-17,Celta,Sevilla,0,1,A,14,8,3,2,13,9,5,4,2,3,0,0,3.4,3.25,2.2,3.57,3.22,2.32,,,,,,,,2021/2022
SP1,2021-10-17,Villarreal,Osasuna,1,2,A,11,6,6,2,6,14,4,4,1,5,0,0,1.66,3.75,5.25,1.67,4.07,5.55,,,,,,,,2021/2022
SP1,2021-10-17,Barcelona,Valencia,3,1,H,12,9,5,3,16,13,9,3,2,3,0,0,1.5,4.33,6.5,1.56,4.29,6.66,,,,,,,,2021/2022
SP1,2021-10-18,Alaves,Real Betis,0,1,A,14,19,2,4,8,11,7,7,1,1,0,0,3.5,3.3,2.15,3.62,3.46,2.19,,,,,,,,2021/2022
SP1,2021-10-18,Espanol,Cadiz,2,0,H,14,13,6,2,8,10,7,9,1,0,0,0,1.66,3.6,5.75,1.68,3.88,5.84,,,,,,,,2021/2022
SP1,2021-10-22,Osasuna,Granada,1,1,D,17,9,6,4,15,11,4,1,1,3,1,0,1.72,3.5,5.25,1.81,3.57,5.25,,,,,,,,2021/2022
SP1,2021-10-23,Valencia,Mallorca,2,2,D,20,9,6,4,15,19,5,0,4,5,0,2,1.66,3.8,5.25,1.7,3.99,5.35,,,,,,,,2021/2022
SP1,2021-10-23,Cadiz,Alaves,0,2,A,23,8,4,4,11,14,14,3,0,2,0,0,2.5,2.9,3.2,2.7,2.97,3.18,,,,,,,,2021/2022
SP1,2021-10-23,Elche,Espanol,2,2,D,12,20,7,7,15,9,3,7,3,1,0,0,2.7,3.0,2.87,2.82,3.0,2.99,,,,,,,,2021/2022
SP1,2021-10-23,Athletic Bilbao,Villarreal,2,1,H,14,11,7,3,7,12,9,2,0,3,0,0,2.45,3.0,3.2,2.52,3.24,3.16,,,,,,,,2021/2022
SP1,2021-10-24,Sevilla,Levante,5,3,H,18,12,11,7,13,6,10,3,1,2,0,0,1.44,4.2,8.0,1.46,4.65,8.09,,,,,,,,2021/2022
SP1,2021-10-24,Barcelona,Real Madrid,1,2,A,12,10,2,5,17,13,7,4,1,1,0,0,2.75,3.6,2.45,2.73,3.85,2.53,,,,,,,,2021/2022
SP1,2021-10-24,Real Betis,Vallecano,3,2,H,11,14,5,3,12,12,4,4,1,2,0,0,1.83,3.75,4.2,1.83,3.84,4.6,,,,,,,,2021/2022
SP1,2021-10-24,Atletico Madrid,Sociedad,2,2,D,17,8,4,4,14,14,4,3,1,3,0,0,1.61,3.7,6.0,1.65,3.94,6.09,,,,,,,,2021/2022
SP1,2021-10-25,Getafe,Celta,0,3,A,11,16,2,8,15,11,2,7,2,2,2,0,2.5,3.0,3.1,2.77,2.95,3.11,,,,,,,,2021/2022
SP1,2021-10-26,Espanol,Athletic Bilbao,1,1,D,14,23,3,7,7,12,8,12,1,2,1,0,2.9,3.0,2.62,3.03,3.06,2.74,,,,,,,,2021/2022
SP1,2021-10-26,Villarreal,Cadiz,3,3,D,14,9,5,4,13,9,8,2,3,6,0,0,1.3,5.5,9.5,1.33,5.59,10.83,,,,,,,,2021/2022
SP1,2021-10-26,Alaves,Elche,1,0,H,16,4,5,1,13,9,4,7,1,1,0,0,2.3,3.0,3.5,2.4,3.04,3.61,,,,,,,,2021/2022
SP1,2021-10-27,Mallorca,Sevilla,1,1,D,11,10,4,3,16,14,4,2,3,6,1,0,5.5,3.3,1.75,5.49,3.28,1.86,,,,,,,,2021/2022
SP1,2021-10-27,Vallecano,Barcelona,1,0,H,13,16,3,1,17,12,3,7,2,2,0,0,4.33,3.75,1.8,4.51,3.83,1.85,,,,,,,,2021/2022
SP1,2021-10-27,Real Betis,Valencia,4,1,H,14,10,9,4,14,19,4,7,2,5,0,0,1.85,3.5,4.5,1.88,3.64,4.56,,,,,,,,2021/2022
SP1,2021-10-27,Real Madrid,Osasuna,0,0,D,17,7,3,0,12,10,11,3,1,1,0,0,1.3,5.5,9.0,1.34,5.88,8.94,,,,,,,,2021/2022
SP1,2021-10-28,Celta,Sociedad,0,2,A,14,11,6,4,12,11,7,6,1,0,0,0,2.87,3.4,2.45,2.82,3.48,2.63,,,,,,,,2021/2022
SP1,2021-10-28,Granada,Getafe,1,1,D,18,6,3,4,10,15,5,0,1,4,0,0,2.6,2.8,3.25,2.67,2.88,3.34,,,,,,,,2021/2022
SP1,2021-10-28,Levante,Atletico Madrid,2,2,D,10,7,3,3,15,11,5,2,3,5,1,0,5.5,3.8,1.65,5.99,3.64,1.71,,,,,,,,2021/2022
SP1,2021-10-30,Valencia,Villarreal,2,0,H,9,11,3,1,19,17,7,6,2,4,0,0,2.9,3.4,2.45,3.0,3.51,2.47,,,,,,,,2021/2022
SP1,2021-10-30,Barcelona,Alaves,1,1,D,16,3,5,2,11,11,9,0,0,2,0,0,1.28,5.5,11.0,1.32,5.79,10.48,,,,,,,,2021/2022
SP1,2021-10-30,Elche,Real Madrid,1,2,A,13,17,4,5,11,13,5,4,2,0,1,0,7.5,4.5,1.44,7.96,4.62,1.46,,,,,,,,2021/2022
SP1,2021-10-30,Sevilla,Osasuna,2,0,H,16,10,4,3,17,10,4,5,2,2,0,0,1.53,4.0,7.0,1.52,4.41,7.05,,,,,,,,2021/2022
SP1,2021-10-31,Atletico Madrid,Real Betis,3,0,H,18,8,9,1,11,12,13,0,0,0,0,0,1.6,3.8,6.0,1.61,4.02,6.46,,,,,,,,2021/2022
SP1,2021-10-31,Cadiz,Mallorca,1,1,D,13,11,2,5,14,16,6,5,3,7,0,2,2.5,3.0,3.2,2.68,2.99,3.18,,,,,,,,2021/2022
SP1,2021-10-31,Sociedad,Athletic Bilbao,1,1,D,8,11,3,5,21,14,2,7,4,3,0,1,2.1,3.2,3.8,2.19,3.17,3.99,,,,,,,,2021/2022
SP1,2021-10-31,Getafe,Espanol,2,1,H,12,10,7,3,18,11,6,11,7,4,0,0,2.45,3.0,3.2,2.44,3.13,3.41,,,,,,,,2021/2022
SP1,2021-11-01,Vallecano,Celta,0,0,D,11,10,5,4,13,14,4,7,2,5,0,0,2.37,3.25,3.1,2.41,3.49,3.12,,,,,,,,2021/2022
SP1,2021-11-01,Levante,Granada,0,3,A,12,12,3,6,14,13,3,5,4,2,0,0,1.95,3.4,4.0,2.05,3.49,4.03,,,,,,,,2021/2022
SP1,2021-11-05,Athletic Bilbao,Cadiz,0,1,A,15,8,5,4,14,19,5,1,2,1,0,0,1.36,4.75,9.0,1.38,4.97,10.07,,,,,,,,2021/2022
SP1,2021-11-06,Celta,Barcelona,3,3,D,18,10,4,6,18,18,3,1,3,6,0,0,3.3,3.6,2.1,3.43,3.72,2.17,,,,,,,,2021/2022
SP1,2021-11-06,Alaves,Levante,2,1,H,10,12,3,7,21,17,1,3,3,3,0,0,2.5,3.0,3.2,2.51,3.09,3.33,,,,,,,,2021/2022
SP1,2021-11-06,Espanol,Granada,2,0,H,17,18,6,5,12,8,5,3,1,1,0,0,1.85,3.4,4.5,1.91,3.49,4.71,,,,,,,,2021/2022
SP1,2021-11-06,Real Madrid,Vallecano,2,1,H,15,19,7,7,8,14,4,5,1,2,0,0,1.33,5.5,8.0,1.4,5.57,7.75,,,,,,,,2021/2022
SP1,2021-11-07,Villarreal,Getafe,1,0,H,10,5,4,2,12,13,6,4,1,1,0,0,1.5,4.0,7.0,1.53,4.27,7.29,,,,,,,,2021/2022
SP1,2021-11-07,Osasuna,Sociedad,0,2,A,6,9,2,4,11,12,5,2,0,2,0,0,3.1,3.3,2.35,3.19,3.41,2.41,,,,,,,,2021/2022
SP1,2021-11-07,Valencia,Atletico Madrid,3,3,D,11,13,5,7,12,17,9,0,2,2,0,0,4.5,3.2,1.95,4.72,3.25,1.98,,,,,,,,2021/2022
SP1,2021-11-07,Mallorca,Elche,2,2,D,18,7,6,2,11,19,3,3,2,3,0,0,2.05,3.0,4.33,2.09,3.14,4.43,,,,,,,,2021/2022
SP1,2021-11-07,Real Betis,Sevilla,0,2,A,8,11,1,2,12,13,2,1,3,1,1,0,3.0,3.3,2.45,3.07,3.35,2.51,,,,,,,,2021/2022
SP1,2021-11-19,Levante,Athletic Bilbao,0,0,D,15,7,2,2,16,7,6,3,2,1,0,0,3.5,3.3,2.15,3.61,3.29,2.27,,,,,,,,2021/2022
SP1,2021-11-20,Celta,Villarreal,1,1,D,12,18,3,6,14,17,3,5,1,1,0,0,2.75,3.3,2.55,2.86,3.32,2.69,,,,,,,,2021/2022
SP1,2021-11-20,Sevilla,Alaves,2,2,D,16,8,6,3,14,17,5,2,4,4,0,0,1.44,4.33,8.5,1.42,4.67,9.34,,,,,,,,2021/2022
SP1,2021-11-20,Atletico Madrid,Osasuna,1,0,H,15,9,2,3,7,8,7,4,2,2,0,0,1.44,4.33,8.0,1.41,4.66,9.76,,,,,,,,2021/2022
SP1,2021-11-20,Barcelona,Espanol,1,0,H,16,12,6,2,17,9,4,4,4,2,0,0,1.36,5.25,7.5,1.39,5.19,8.96,,,,,,,,2021/2022
SP1,2021-11-21,Getafe,Cadiz,4,0,H,17,10,8,2,14,7,3,7,2,4,0,0,2.0,3.1,4.33,2.04,3.19,4.55,,,,,,,,2021/2022
SP1,2021-11-21,Granada,Real Madrid,1,4,A,11,21,3,10,10,7,9,6,1,1,1,0,7.0,4.5,1.45,7.56,4.63,1.48,,,,,,,,2021/2022
SP1,2021-11-21,Elche,Real Betis,0,3,A,14,9,4,4,12,14,10,1,1,2,0,1,3.6,3.4,2.1,3.59,3.43,2.21,,,,,,,,2021/2022
SP1,2021-11-21,Sociedad,Valencia,0,0,D,9,8,2,3,11,16,2,4,4,7,1,0,1.72,3.8,4.75,1.74,4.03,4.97,,,,,,,,2021/2022
SP1,2021-11-22,Vallecano,Mallorca,3,1,H,15,11,6,5,14,17,6,4,3,2,0,0,1.8,3.5,4.75,1.85,3.5,5.01,,,,,,,,2021/2022
SP1,2021-11-26,Athletic Bilbao,Granada,2,2,D,17,8,5,4,12,9,8,3,1,1,1,0,1.36,4.75,9.5,1.42,4.69,9.41,,,,,,,,2021/2022
SP1,2021-11-27,Alaves,Celta,1,2,A,13,8,5,5,12,15,5,3,3,2,0,0,2.9,3.1,2.55,3.09,3.19,2.6,,,,,,,,2021/2022
SP1,2021-11-27,Valencia,Vallecano,1,1,D,8,12,4,6,18,15,3,9,6,5,0,0,2.0,3.4,3.9,2.04,3.44,4.13,,,,,,,,2021/2022
SP1,2021-11-27,Mallorca,Getafe,0,0,D,12,11,2,0,8,19,2,0,3,0,0,0,2.3,2.9,3.75,2.36,2.98,3.8,,,,,,,,2021/2022
SP1,2021-11-27,Villarreal,Barcelona,1,3,A,14,12,2,6,19,14,4,4,2,2,0,0,2.7,3.4,2.6,2.75,3.53,2.66,,,,,,,,2021/2022
SP1,2021-11-28,Real Betis,Levante,3,1,H,26,8,8,2,16,9,5,8,2,3,0,0,1.66,4.2,4.75,1.68,4.41,4.98,,,,,,,,2021/2022
SP1,2021-11-28,Espanol,Sociedad,1,0,H,8,10,2,4,15,7,2,9,1,1,0,0,3.2,3.2,2.3,3.29,3.26,2.43,,,,,,,,2021/2022
SP1,2021-11-28,Cadiz,Atletico Madrid,1,4,A,8,17,0,7,13,11,4,8,2,0,0,0,8.0,3.8,1.5,8.13,4.1,1.52,,,,,,,,2021/2022
SP1,2021-11-28,Real Madrid,Sevilla,2,1,H,14,11,4,6,10,9,0,4,3,3,0,0,1.7,4.0,4.75,1.68,4.17,5.2,,,,,,,,2021/2022
SP1,2021-11-29,Osasuna,Elche,1,1,D,17,10,4,4,16,12,5,4,1,3,0,0,1.8,3.4,4.75,1.87,3.5,4.92,,,,,,,,2021/2022
SP1,2021-12-01,Real Madrid,Athletic Bilbao,1,0,H,17,18,7,2,12,13,7,6,2,3,0,0,1.44,4.75,7.0,,,,,,,,,,,2021/2022
SP1,2021-12-03,Granada,Alaves,2,1,H,9,14,2,2,17,15,3,5,2,2,0,0,2.37,3.1,3.25,2.47,3.16,3.32,,,,,,,,2021/2022
SP1,2021-12-04,Sevilla,Villarreal,1,0,H,8,16,3,2,9,10,5,8,2,2,0,0,2.0,3.3,4.0,2.05,3.41,4.13,,,,,,,,2021/2022
SP1,2021-12-04,Barcelona,Real Betis,0,1,A,12,8,3,2,17,12,6,1,1,2,0,0,1.5,4.5,6.5,1.52,4.8,6.28,,,,,,,,2021/2022
SP1,2021-12-04,Atletico Madrid,Mallorca,1,2,A,14,10,6,3,13,16,8,5,2,5,0,0,1.3,5.25,11.0,1.33,5.34,11.81,,,,,,,,2021/2022
SP1,2021-12-04,Sociedad,Real Madrid,0,2,A,11,13,0,8,12,8,5,5,2,0,0,0,3.3,3.3,2.25,3.31,3.58,2.27,,,,,,,,2021/2022
SP1,2021-12-05,Vallecano,Espanol,1,0,H,7,10,0,3,18,11,6,3,3,3,0,1,2.15,3.1,3.8,2.16,3.31,3.87,,,,,,,,2021/2022
SP1,2021-12-05,Elche,Cadiz,3,1,H,8,15,3,6,16,15,3,3,7,3,0,0,2.05,3.1,4.2,2.02,3.36,4.36,,,,,,,,2021/2022
SP1,2021-12-05,Levante,Osasuna,0,0,D,11,11,3,1,12,16,7,2,2,3,0,0,2.4,3.2,3.1,2.56,3.25,3.1,,,,,,,,2021/2022
SP1,2021-12-05,Celta,Valencia,1,2,A,11,8,5,5,10,22,6,4,3,2,0,0,2.1,3.25,3.75,2.16,3.4,3.77,,,,,,,,2021/2022
SP1,2021-12-06,Getafe,Athletic Bilbao,0,0,D,17,9,5,3,14,14,5,3,2,1,0,0,3.5,3.0,2.3,3.54,3.11,2.39,,,,,,,,2021/2022
SP1,2021-12-10,Mallorca,Celta,0,0,D,12,14,1,5,14,11,7,4,3,2,0,0,2.5,3.0,3.1,2.62,3.0,3.26,,,,,,,,2021/2022
SP1,2021-12-11,Espanol,Levante,4,3,H,17,14,8,5,9,15,4,2,4,4,0,1,2.05,3.3,3.8,2.07,3.43,4.02,,,,,,,,2021/2022
SP1,2021-12-11,Alaves,Getafe,1,1,D,9,11,1,2,18,15,1,1,4,4,1,0,2.45,2.9,3.2,2.61,2.88,3.43,,,,,,,,2021/2022
SP1,2021-12-11,Valencia,Elche,2,1,H,21,8,8,4,15,12,8,1,3,2,0,0,1.75,3.5,5.0,1.79,3.54,5.44,,,,,,,,2021/2022
SP1,2021-12-11,Athletic Bilbao,Sevilla,0,1,A,13,6,2,1,17,10,9,2,4,3,0,0,2.5,3.0,3.1,2.58,3.1,3.21,,,,,,,,2021/2022
SP1,2021-12-12,Villarreal,Vallecano,2,0,H,13,19,5,7,16,14,5,6,1,3,0,0,1.72,3.8,4.75,1.78,3.94,4.8,,,,,,,,2021/2022
SP1,2021-12-12,Osasuna,Barcelona,2,2,D,8,10,3,2,16,16,6,5,5,4,0,0,4.0,3.5,1.9,3.98,3.57,2.03,,,,,,,,2021/2022
SP1,2021-12-12,Real Betis,Sociedad,4,0,H,11,15,5,5,12,10,4,7,3,1,0,0,2.25,3.3,3.3,2.36,3.35,3.35,,,,,,,,2021/2022
SP1,2021-12-12,Real Madrid,Atletico Madrid,2,0,H,7,9,3,6,17,15,3,6,2,3,0,0,2.05,3.5,3.6,2.11,3.57,3.73,,,,,,,,2021/2022
SP1,2021-12-13,Cadiz,Granada,1,1,D,13,16,3,5,14,10,8,1,5,0,1,0,2.6,3.1,2.9,2.68,3.13,3.04,,,,,,,,2021/2022
SP1,2021-12-17,Celta,Espanol,3,1,H,12,6,5,3,13,5,3,3,2,1,0,0,1.95,3.4,4.0,1.99,3.52,4.23,,,,,,,,2021/2022
SP1,2021-12-18,Vallecano,Alaves,2,0,H,20,6,5,4,12,19,5,5,1,2,0,0,1.72,3.6,5.0,1.82,3.5,5.3,,,,,,,,2021/2022
SP1,2021-12-18,Sociedad,Villarreal,1,3,A,8,15,4,8,9,15,5,5,2,3,1,0,2.15,3.3,3.5,2.31,3.24,3.57,,,,,,,,2021/2022
SP1,2021-12-18,Barcelona,Elche,3,2,H,19,5,8,3,13,17,5,0,1,3,0,0,1.3,5.5,10.0,1.36,5.25,10.02,,,,,,,,2021/2022
SP1,2021-12-18,Sevilla,Atletico Madrid,2,1,H,6,15,2,3,15,14,4,7,2,1,0,0,2.75,3.0,2.8,2.89,3.0,2.92,,,,,,,,2021/2022
SP1,2021-12-19,Granada,Mallorca,4,1,H,15,8,6,5,12,15,4,2,3,2,0,0,2.5,3.0,3.1,2.57,3.04,3.3,,,,,,,,2021/2022
SP1,2021-12-19,Athletic Bilbao,Real Betis,3,2,H,9,16,6,8,7,12,5,6,1,3,0,0,2.15,3.25,3.5,2.29,3.29,3.54,,,,,,,,2021/2022
SP1,2021-12-19,Getafe,Osasuna,1,0,H,18,11,4,2,14,8,4,3,3,1,0,0,2.4,2.9,3.4,2.53,2.95,3.48,,,,,,,,2021/2022
SP1,2021-12-19,Real Madrid,Cadiz,0,0,D,36,4,9,0,9,10,13,2,1,1,0,0,1.2,7.5,11.0,1.24,6.82,12.54,,,,,,,,2021/2022
SP1,2021-12-20,Levante,Valencia,3,4,A,15,15,9,8,21,11,6,4,3,4,0,0,2.7,3.2,2.75,2.79,3.38,2.72,,,,,,,,2021/2022
SP1,2021-12-21,Villarreal,Alaves,5,2,H,24,4,10,2,16,14,6,2,0,2,0,0,1.33,5.0,9.5,1.37,5.34,9.3,,,,,,,,2021/2022
SP1,2021-12-21,Sevilla,Barcelona,1,1,D,5,23,1,7,15,13,4,9,2,3,1,0,2.5,3.2,2.9,2.61,3.29,2.98,,,,,,,,2021/2022
SP1,2021-12-22,Granada,Atletico Madrid,2,1,H,6,15,4,3,17,7,2,7,4,1,0,0,6.0,3.7,1.61,6.81,3.82,1.62,,,,,,,,2021/2022
SP1,2021-12-22,Athletic Bilbao,Real Madrid,1,2,A,15,12,2,7,17,7,7,0,2,2,0,0,3.4,3.5,2.1,3.49,3.59,2.19,,,,,,,,2021/2022
SP1,2021-12-31,Valencia,Espanol,1,2,A,12,15,2,4,19,14,7,5,7,3,1,0,1.8,3.8,4.2,1.81,3.83,4.71,,,,,,,,2021/2022
SP1,2022-01-02,Getafe,Real Madrid,1,0,H,6,14,3,4,20,8,2,9,3,2,0,0,5.5,3.75,1.65,5.88,3.71,1.68,,,,,,,,2021/2022
SP1,2022-01-02,Atletico Madrid,Vallecano,2,0,H,15,5,5,0,14,12,8,2,3,0,0,0,1.36,4.5,9.5,1.38,4.72,9.96,,,,,,,,2021/2022
SP1,2022-01-02,Elche,Granada,0,0,D,18,10,2,5,18,15,6,3,3,3,1,0,2.5,3.1,3.0,2.58,3.09,3.12,,,,,,,,2021/2022
SP1,2022-01-02,Alaves,Sociedad,1,1,D,19,10,5,4,22,10,2,3,3,3,0,0,3.5,3.1,2.25,3.58,3.15,2.29,,,,,,,,2021/2022
SP1,2022-01-02,Real Betis,Celta,0,2,A,18,7,7,5,15,11,3,3,1,2,0,0,1.72,3.75,4.75,1.79,3.71,4.83,,,,,,,,2021/2022
SP1,2022-01-02,Mallorca,Barcelona,0,1,A,13,13,3,4,22,24,4,3,5,2,0,0,3.4,3.4,2.15,3.7,3.33,2.16,,,,,,,,2021/2022
SP1,2022-01-03,Cadiz,Sevilla,0,1,A,9,14,2,4,5,9,2,8,0,1,0,0,4.75,3.3,1.85,5.06,3.32,1.86,,,,,,,,2021/2022
SP1,2022-01-03,Villarreal,Levante,5,0,H,17,7,7,3,12,9,6,5,3,2,0,0,1.4,5.0,7.0,1.44,5.02,6.97,,,,,,,,2021/2022
SP1,2022-01-03,Osasuna,Athletic Bilbao,1,3,A,15,17,4,5,12,7,4,5,5,2,1,0,3.1,3.0,2.5,3.24,2.96,2.59,,,,,,,,2021/2022
SP1,2022-01-08,Levante,Mallorca,2,0,H,16,15,8,8,20,11,5,5,3,1,1,0,2.2,3.25,3.4,2.22,3.3,3.58,,,,,,,,2021/2022
SP1,2022-01-08,Sociedad,Celta,1,0,H,12,4,3,0,10,18,6,4,3,3,0,0,1.83,3.3,4.75,1.88,3.43,4.68,,,,,,,,2021/2022
SP1,2022-01-08,Granada,Barcelona,1,1,D,14,13,4,1,9,21,3,2,2,5,0,1,4.5,3.8,1.75,4.64,3.77,1.8,,,,,,,,2021/2022
SP1,2022-01-08,Real Madrid,Valencia,4,1,H,23,12,8,7,15,24,3,8,3,3,0,0,1.37,5.0,8.0,1.35,5.35,9.07,,,,,,,,2021/2022
SP1,2022-01-09,Vallecano,Real Betis,1,1,D,17,9,7,5,18,13,6,4,1,3,0,1,2.5,3.4,2.8,2.57,3.51,2.79,,,,,,,,2021/2022
SP1,2022-01-09,Sevilla,Getafe,1,0,H,10,4,1,2,8,20,5,2,1,3,0,0,1.61,3.4,7.5,1.57,3.72,7.56,,,,,,,,2021/2022
SP1,2022-01-09,Alaves,Athletic Bilbao,0,0,D,12,10,1,2,15,11,7,5,2,0,0,0,4.0,3.3,1.95,3.96,3.42,2.04,,,,,,,,2021/2022
SP1,2022-01-09,Osasuna,Cadiz,2,0,H,15,6,5,1,13,13,5,7,2,2,0,0,1.75,3.3,5.75,1.75,3.3,6.13,,,,,,,,2021/2022
SP1,2022-01-09,Villarreal,Atletico Madrid,2,2,D,13,7,3,5,13,8,7,3,0,2,0,1,2.8,3.2,2.62,2.87,3.2,2.69,,,,,,,,2021/2022
SP1,2022-01-10,Espanol,Elche,1,2,A,8,3,3,2,13,18,13,0,4,6,0,0,1.9,3.25,4.5,1.88,3.31,4.97,,,,,,,,2021/2022
SP1,2022-01-16,Elche,Villarreal,1,0,H,5,9,2,4,12,15,3,8,4,3,0,0,4.5,3.6,1.8,4.95,3.79,1.75,,,,,,,,2021/2022
SP1,2022-01-18,Real Betis,Alaves,4,0,H,18,9,5,2,14,14,8,3,2,0,0,0,1.45,4.33,7.0,1.48,4.47,7.18,,,,,,,,2021/2022
SP1,2022-01-18,Cadiz,Espanol,2,2,D,10,14,4,7,14,9,3,2,5,1,0,0,3.25,3.1,2.37,3.27,3.13,2.45,,,,,,,,2021/2022
SP1,2022-01-19,Celta,Osasuna,2,0,H,5,9,3,0,14,11,0,5,1,2,0,0,1.85,3.5,4.33,1.88,3.42,4.75,,,,,,,,2021/2022
SP1,2022-01-19,Valencia,Sevilla,1,1,D,10,12,2,3,22,14,4,4,3,3,1,0,3.3,3.25,2.25,3.23,3.17,2.45,,,,,,,,2021/2022
SP1,2022-01-20,Getafe,Granada,4,2,H,12,7,4,4,15,10,4,8,3,4,0,0,2.1,3.2,3.8,2.13,3.15,4.04,,,,,,,,2021/2022
SP1,2022-01-21,Espanol,Real Betis,1,4,A,12,15,4,8,15,12,6,5,3,4,1,0,3.25,3.25,2.25,3.21,3.38,2.35,,,,,,,,2021/2022
SP1,2022-01-22,Levante,Cadiz,0,2,A,15,8,8,2,15,16,8,2,4,6,0,0,1.8,3.5,5.0,1.76,3.77,4.93,,,,,,,,2021/2022
SP1,2022-01-22,Villarreal,Mallorca,3,0,H,12,8,6,2,13,12,10,6,1,2,0,1,1.44,4.33,8.0,1.41,4.84,8.29,,,,,,,,2021/2022
SP1,2022-01-22,Sevilla,Celta,2,2,D,16,6,5,4,11,16,7,0,1,4,0,0,1.75,3.5,5.25,1.79,3.58,5.05,,,,,,,,2021/2022
SP1,2022-01-22,Atletico Madrid,Valencia,3,2,H,16,7,6,3,13,22,5,4,5,6,0,0,1.44,4.2,8.5,1.47,4.28,8.02,,,,,,,,2021/2022
SP1,2022-01-23,Real Madrid,Elche,2,2,D,23,3,8,2,11,14,10,3,3,1,0,0,1.16,8.0,15.0,1.15,8.12,21.4,,,,,,,,2021/2022
SP1,2022-01-23,Granada,Osasuna,0,2,A,6,16,2,7,12,15,4,3,0,2,0,0,2.5,3.2,3.0,2.62,3.0,3.14,,,,,,,,2021/2022
SP1,2022-01-23,Sociedad,Getafe,0,0,D,9,9,3,2,17,13,7,2,1,1,0,0,1.66,3.5,6.0,1.66,3.42,7.07,,,,,,,,2021/2022
SP1,2022-01-23,Alaves,Barcelona,0,1,A,6,10,2,4,16,8,1,10,0,0,0,0,6.0,4.0,1.57,5.85,4.46,1.56,,,,,,,,2021/2022
SP1,2022-01-23,Vallecano,Athletic Bilbao,0,1,A,29,9,3,3,8,20,9,7,1,6,0,0,2.75,3.0,2.8,2.96,2.8,2.96,,,,,,,,2021/2022
SP1,2022-02-04,Getafe,Levante,3,0,H,14,11,8,2,12,13,2,8,4,3,0,0,1.95,3.1,4.5,2.08,3.11,4.52,,,,,,,,2021/2022
SP1,2022-02-05,Elche,Alaves,3,1,H,14,6,4,2,15,11,7,3,1,1,0,0,2.37,3.1,3.3,2.49,2.98,3.39,,,,,,,,2021/2022
SP1,2022-02-05,Mallorca,Cadiz,2,1,H,17,12,5,5,14,15,6,4,2,4,0,0,1.83,3.4,4.6,1.81,3.4,5.28,,,,,,,,2021/2022
SP1,2022-02-05,Celta,Vallecano,2,0,H,13,11,3,0,17,17,7,2,0,2,0,0,1.9,3.4,4.33,2.0,3.28,4.34,,,,,,,,2021/2022
SP1,2022-02-05,Osasuna,Sevilla,0,0,D,9,9,3,4,13,7,1,1,1,1,0,0,3.6,3.2,2.15,3.66,3.04,2.32,,,,,,,,2021/2022
SP1,2022-02-06,Valencia,Sociedad,0,0,D,14,8,3,2,17,14,9,9,4,2,0,0,2.87,3.2,2.6,2.93,3.27,2.59,,,,,,,,2021/2022
SP1,2022-02-06,Barcelona,Atletico Madrid,4,2,H,9,10,4,4,15,13,3,5,2,2,1,0,2.25,3.4,3.2,2.36,3.35,3.22,,,,,,,,2021/2022
SP1,2022-02-06,Real Betis,Villarreal,0,2,A,9,9,3,3,19,14,6,6,2,3,0,0,2.37,3.5,2.9,2.46,3.57,2.88,,,,,,,,2021/2022
SP1,2022-02-06,Real Madrid,Granada,1,0,H,24,7,11,3,9,11,9,2,2,1,0,0,1.25,6.0,11.0,1.24,6.39,12.64,,,,,,,,2021/2022
SP1,2022-02-07,Athletic Bilbao,Espanol,2,1,H,7,7,4,3,17,11,5,3,3,3,0,0,1.6,3.8,6.0,1.64,3.73,6.28,,,,,,,,2021/2022
SP1,2022-02-11,Sevilla,Elche,2,0,H,14,7,6,1,13,14,5,4,1,5,0,0,1.45,4.33,7.5,1.46,4.41,8.95,,,,,,,,2021/2022
SP1,2022-02-12,Cadiz,Celta,0,0,D,8,6,2,1,12,19,3,3,3,2,0,0,3.8,3.4,2.05,4.12,3.35,2.08,,,,,,,,2021/2022
SP1,2022-02-12,Villarreal,Real Madrid,0,0,D,9,17,2,6,11,10,3,3,2,4,0,0,2.5,3.5,2.7,2.66,3.55,2.74,,,,,,,,2021/2022
SP1,2022-02-12,Vallecano,Osasuna,0,3,A,10,12,3,5,11,16,4,5,2,1,0,0,2.15,3.25,3.5,2.22,3.22,3.81,,,,,,,,2021/2022
SP1,2022-02-12,Atletico Madrid,Getafe,4,3,H,11,10,7,4,18,17,5,4,3,4,1,0,1.45,4.2,8.0,1.45,4.31,9.71,,,,,,,,2021/2022
SP1,2022-02-13,Alaves,Valencia,2,1,H,9,9,5,4,15,17,5,9,4,3,0,0,2.8,3.2,2.6,2.92,3.33,2.64,,,,,,,,2021/2022
SP1,2022-02-13,Levante,Real Betis,2,4,A,12,19,4,11,13,8,5,7,1,2,1,0,3.4,3.6,2.1,3.39,3.87,2.13,,,,,,,,2021/2022
SP1,2022-02-13,Sociedad,Granada,2,0,H,18,15,8,2,13,13,6,5,0,2,0,0,1.4,4.5,9.0,1.41,4.88,8.84,,,,,,,,2021/2022
SP1,2022-02-13,Espanol,Barcelona,2,2,D,10,12,4,4,14,13,3,5,5,4,1,1,5.0,3.6,1.75,4.86,3.97,1.76,,,,,,,,2021/2022
SP1,2022-02-14,Mallorca,Athletic Bilbao,3,2,H,16,7,5,2,22,15,6,6,6,4,0,0,3.4,3.1,2.3,3.46,3.21,2.38,,,,,,,,2021/2022
SP1,2022-02-16,Atletico Madrid,Levante,0,1,A,10,8,1,5,9,19,5,3,3,4,0,0,1.33,5.25,9.0,1.32,5.48,11.51,,,,,,,,2021/2022
SP1,2022-02-18,Elche,Vallecano,2,1,H,9,13,5,2,18,15,2,3,2,4,0,0,3.0,3.0,2.62,3.15,2.94,2.74,,,,,,,,2021/2022
SP1,2022-02-19,Osasuna,Atletico Madrid,0,3,A,14,5,4,4,12,19,4,2,1,2,0,0,3.9,3.25,2.05,3.97,3.36,2.11,,,,,,,,2021/2022
SP1,2022-02-19,Granada,Villarreal,1,4,A,20,15,5,7,15,10,9,2,3,6,0,0,4.0,3.4,1.95,4.32,3.57,1.95,,,,,,,,2021/2022
SP1,2022-02-19,Real Madrid,Alaves,3,0,H,22,7,9,2,6,11,7,1,1,1,0,0,1.22,6.5,12.0,1.21,6.85,16.62,,,,,,,,2021/2022
SP1,2022-02-19,Cadiz,Getafe,1,1,D,9,6,2,1,17,11,7,2,3,4,0,0,3.2,2.9,2.55,3.32,2.95,2.62,,,,,,,,2021/2022
SP1,2022-02-20,Espanol,Sevilla,1,1,D,11,7,4,2,14,14,3,7,4,5,0,1,3.4,3.3,2.2,3.67,3.27,2.25,,,,,,,,2021/2022
SP1,2022-02-20,Valencia,Barcelona,1,4,A,11,6,5,6,22,16,8,3,3,4,0,0,3.6,3.5,2.05,3.76,3.86,2.01,,,,,,,,2021/2022
SP1,2022-02-20,Real Betis,Mallorca,2,1,H,14,10,5,1,13,17,4,7,3,2,0,0,1.6,4.0,5.75,1.56,4.17,6.81,,,,,,,,2021/2022
SP1,2022-02-20,Athletic Bilbao,Sociedad,4,0,H,18,9,8,2,9,9,6,4,4,1,0,0,2.37,3.0,3.4,2.52,2.89,3.59,,,,,,,,2021/2022
SP1,2022-02-21,Celta,Levante,1,1,D,8,13,4,3,15,16,2,5,3,5,0,0,1.6,3.8,6.0,1.63,4.35,5.47,,,,,,,,2021/2022
SP1,2022-02-25,Levante,Elche,3,0,H,11,8,4,3,17,8,3,3,1,2,0,1,2.05,3.4,3.75,2.11,3.28,4.1,,,,,,,,2021/2022
SP1,2022-02-26,Vallecano,Real Madrid,0,1,A,19,13,5,6,20,5,5,9,5,3,0,0,5.0,3.8,1.66,5.33,4.21,1.67,,,,,,,,2021/2022
SP1,2022-02-26,Atletico Madrid,Celta,2,0,H,13,16,6,2,10,7,5,9,4,3,0,0,1.61,3.8,6.0,1.65,3.85,6.34,,,,,,,,2021/2022
SP1,2022-02-26,Mallorca,Valencia,0,1,A,23,8,3,4,14,21,14,1,4,6,0,1,2.4,3.1,3.1,2.48,3.17,3.29,,,,,,,,2021/2022
SP1,2022-02-26,Getafe,Alaves,2,2,D,12,7,3,3,7,24,6,1,2,4,1,0,1.95,3.0,4.75,1.95,3.14,5.2,,,,,,,,2021/2022
SP1,2022-02-27,Villarreal,Espanol,5,1,H,19,7,11,2,11,12,10,3,2,1,0,0,1.5,4.2,7.0,1.5,4.4,7.65,,,,,,,,2021/2022
SP1,2022-02-27,Sevilla,Real Betis,2,1,H,12,10,3,2,13,16,4,4,6,3,0,0,2.2,3.25,3.5,2.29,3.22,3.63,,,,,,,,2021/2022
SP1,2022-02-27,Sociedad,Osasuna,1,0,H,11,11,5,1,10,9,6,5,0,4,0,0,1.85,3.4,4.75,1.91,3.27,5.14,,,,,,,,2021/2022
SP1,2022-02-27,Barcelona,Athletic Bilbao,4,0,H,17,6,7,3,8,10,5,0,2,1,0,0,1.6,4.2,5.25,1.57,4.31,6.36,,,,,,,,2021/2022
SP1,2022-02-28,Granada,Cadiz,0,0,D,6,12,1,4,12,17,0,4,3,3,1,0,2.0,3.3,4.0,2.02,3.4,4.27,,,,,,,,2021/2022
SP1,2022-03-02,Mallorca,Sociedad,0,2,A,13,13,1,3,12,9,3,4,0,2,0,0,3.4,3.2,2.25,3.61,3.22,2.3,,,,,,,,2021/2022
SP1,2022-03-04,Alaves,Sevilla,0,0,D,14,13,2,4,16,8,5,5,3,1,0,0,4.5,3.1,1.95,4.74,3.14,2.02,,,,,,,,2021/2022
SP1,2022-03-05,Osasuna,Villarreal,1,0,H,12,10,3,1,12,6,6,8,1,0,0,0,3.5,3.4,2.1,3.77,3.41,2.15,,,,,,,,2021/2022
SP1,2022-03-05,Espanol,Getafe,2,0,H,4,12,1,3,17,15,1,5,6,5,0,0,2.15,3.0,3.6,2.31,3.09,3.75,,,,,,,,2021/2022
SP1,2022-03-05,Valencia,Granada,3,1,H,12,7,4,0,14,13,3,6,3,3,0,0,1.75,3.6,4.5,1.79,3.79,4.92,,,,,,,,2021/2022
SP1,2022-03-05,Real Madrid,Sociedad,4,1,H,18,1,8,1,12,14,7,1,0,2,0,0,1.6,4.2,5.25,1.64,4.21,5.65,,,,,,,,2021/2022
SP1,2022-03-06,Cadiz,Vallecano,2,0,H,13,14,7,3,23,15,5,6,5,3,0,0,2.7,3.1,2.7,2.93,3.06,2.82,,,,,,,,2021/2022
SP1,2022-03-06,Elche,Barcelona,1,2,A,13,20,3,9,10,8,5,6,2,6,1,0,7.5,4.33,1.4,8.27,4.81,1.43,,,,,,,,2021/2022
SP1,2022-03-06,Celta,Mallorca,4,3,H,16,12,8,3,17,9,4,5,5,4,1,0,1.75,3.4,5.25,1.76,3.51,5.82,,,,,,,,2021/2022
SP1,2022-03-06,Real Betis,Atletico Madrid,1,3,A,18,8,6,6,16,10,10,3,5,3,0,0,3.0,3.2,2.37,3.28,3.25,2.44,,,,,,,,2021/2022
SP1,2022-03-07,Athletic Bilbao,Levante,3,1,H,17,5,9,2,6,14,4,3,1,2,0,0,1.57,4.0,5.5,1.58,4.19,6.53,,,,,,,,2021/2022
SP1,2022-03-11,Atletico Madrid,Cadiz,2,1,H,6,14,5,3,23,14,0,4,4,1,1,0,1.36,4.6,9.5,1.39,4.62,11.13,,,,,,,,2021/2022
SP1,2022-03-12,Levante,Espanol,1,1,D,14,6,3,1,17,10,8,2,4,4,0,0,2.3,3.3,3.2,2.36,3.5,3.2,,,,,,,,2021/2022
SP1,2022-03-12,Granada,Elche,0,1,A,15,13,4,2,15,16,3,3,3,6,0,0,2.25,3.2,3.4,2.33,3.21,3.56,,,,,,,,2021/2022
SP1,2022-03-12,Villarreal,Celta,1,0,H,10,12,3,2,12,14,5,6,1,1,0,0,1.65,4.2,4.75,1.68,4.25,5.18,,,,,,,,2021/2022
SP1,2022-03-12,Getafe,Valencia,0,0,D,16,6,6,0,18,21,5,3,6,5,0,0,2.37,3.2,3.2,2.43,3.1,3.47,,,,,,,,2021/2022
SP1,2022-03-13,Vallecano,Sevilla,1,1,D,10,3,2,2,16,15,5,6,0,1,0,0,3.4,3.1,2.3,3.44,3.23,2.37,,,,,,,,2021/2022
SP1,2022-03-13,Real Betis,Athletic Bilbao,1,0,H,8,11,5,2,17,12,5,6,4,5,1,0,2.3,3.3,3.2,2.47,3.21,3.28,,,,,,,,2021/2022
SP1,2022-03-13,Sociedad,Alaves,1,0,H,15,13,6,4,15,12,6,4,1,1,0,0,1.53,4.0,7.0,1.52,4.23,7.68,,,,,,,,2021/2022
SP1,2022-03-13,Barcelona,Osasuna,4,0,H,24,4,9,3,7,4,5,1,0,4,0,0,1.33,4.75,10.0,1.35,5.37,10.09,,,,,,,,2021/2022
SP1,2022-03-14,Mallorca,Real Madrid,0,3,A,14,11,3,5,13,15,1,6,3,3,0,0,6.0,4.0,1.57,6.3,4.39,1.56,,,,,,,,2021/2022
SP1,2022-03-18,Athletic Bilbao,Getafe,1,1,D,22,7,11,2,15,13,8,2,4,5,0,2,1.72,3.2,6.0,1.76,3.28,6.56,,,,,,,,2021/2022
SP1,2022-03-19,Alaves,Granada,2,3,A,11,12,6,3,12,10,6,2,4,6,0,1,2.0,3.3,4.0,2.06,3.32,4.22,,,,,,,,2021/2022
SP1,2022-03-19,Elche,Valencia,0,1,A,8,8,2,3,19,14,4,2,3,3,1,0,2.62,3.25,2.7,2.79,3.18,2.86,,,,,,,,2021/2022
SP1,2022-03-19,Osasuna,Levante,3,1,H,20,13,7,4,9,17,6,1,0,1,0,0,1.9,3.5,4.2,1.93,3.6,4.41,,,,,,,,2021/2022
SP1,2022-03-19,Vallecano,Atletico Madrid,0,1,A,15,11,3,3,15,12,3,6,0,0,0,1,4.0,3.25,2.0,4.1,3.44,2.05,,,,,,,,2021/2022
SP1,2022-03-20,Celta,Real Betis,0,0,D,9,7,3,1,12,12,2,2,1,2,0,0,2.2,3.5,3.2,2.22,3.54,3.45,,,,,,,,2021/2022
SP1,2022-03-20,Cadiz,Villarreal,1,0,H,16,3,7,1,11,11,6,3,3,2,0,0,4.75,3.5,1.83,4.94,3.58,1.85,,,,,,,,2021/2022
SP1,2022-03-20,Real Madrid,Barcelona,0,4,A,14,18,4,10,9,12,4,3,4,4,0,0,2.15,3.6,3.25,2.2,3.73,3.34,,,,,,,,2021/2022
SP1,2022-03-20,Sevilla,Sociedad,0,0,D,10,13,0,2,12,13,7,3,0,3,0,0,2.05,3.25,3.8,2.16,3.21,4.01,,,,,,,,2021/2022
SP1,2022-03-20,Espanol,Mallorca,1,0,H,12,9,3,3,14,12,6,6,3,3,0,0,2.05,3.5,3.5,2.15,3.48,3.7,,,,,,,,2021/2022
SP1,2022-04-02,Getafe,Mallorca,1,0,H,16,7,3,1,15,22,5,1,5,6,0,1,2.15,3.0,4.0,2.22,3.05,4.1,,,,,,,,2021/2022
SP1,2022-04-02,Levante,Villarreal,2,0,H,13,13,4,2,16,13,1,8,4,2,0,0,3.8,3.6,1.95,3.89,3.79,1.99,,,,,,,,2021/2022
SP1,2022-04-02,Celta,Real Madrid,1,2,A,10,12,4,6,16,12,9,3,3,0,0,0,4.0,3.6,1.9,4.19,3.76,1.93,,,,,,,,2021/2022
SP1,2022-04-02,Atletico Madrid,Alaves,4,1,H,14,7,8,1,10,13,8,2,1,0,0,0,1.33,4.8,10.0,1.38,4.76,11.11,,,,,,,,2021/2022
SP1,2022-04-03,Athletic Bilbao,Elche,2,1,H,16,6,6,2,14,16,7,4,2,4,0,0,1.45,4.2,7.5,1.49,4.47,7.67,,,,,,,,2021/2022
SP1,2022-04-03,Real Betis,Osasuna,4,1,H,24,10,8,3,11,5,11,7,1,3,0,0,1.9,3.5,4.0,2.0,3.42,4.34,,,,,,,,2021/2022
SP1,2022-04-03,Granada,Vallecano,2,2,D,17,10,9,4,14,14,5,4,4,5,0,1,2.6,3.1,2.9,2.71,3.15,2.99,,,,,,,,2021/2022
SP1,2022-04-03,Valencia,Cadiz,0,0,D,5,4,1,3,11,18,4,3,3,6,0,1,1.85,3.3,4.75,1.92,3.36,4.88,,,,,,,,2021/2022
SP1,2022-04-03,Barcelona,Sevilla,1,0,H,19,8,6,3,12,8,9,2,3,3,0,0,1.45,4.5,7.0,1.47,4.75,7.34,,,,,,,,2021/2022
SP1,2022-04-04,Sociedad,Espanol,1,0,H,17,8,6,2,17,13,6,0,2,4,0,0,1.6,4.0,5.75,1.58,4.32,6.16,,,,,,,,2021/2022
SP1,2022-04-08,Sevilla,Granada,4,2,H,16,15,8,5,7,7,14,3,2,2,0,0,1.5,4.33,7.0,1.48,4.4,8.07,,,,,,,,2021/2022
SP1,2022-04-09,Mallorca,Atletico Madrid,1,0,H,10,9,3,1,14,11,1,6,1,4,0,0,4.0,3.4,1.95,4.51,3.42,1.96,,,,,,,,2021/2022
SP1,2022-04-09,Cadiz,Real Betis,1,2,A,10,10,4,3,18,10,8,4,1,2,0,0,3.4,3.2,2.25,3.58,3.25,2.3,,,,,,,,2021/2022
SP1,2022-04-09,Real Madrid,Getafe,2,0,H,26,8,8,0,13,11,10,2,2,2,0,0,1.4,4.5,8.5,1.41,4.75,9.55,,,,,,,,2021/2022
SP1,2022-04-09,Villarreal,Athletic Bilbao,1,1,D,11,12,5,6,17,15,7,2,2,3,0,0,2.3,3.4,3.1,2.39,3.33,3.29,,,,,,,,2021/2022
SP1,2022-04-10,Osasuna,Alaves,1,0,H,15,8,4,2,12,6,7,3,3,1,0,0,1.95,3.3,4.33,1.99,3.28,4.62,,,,,,,,2021/2022
SP1,2022-04-10,Espanol,Celta,1,0,H,11,10,2,5,12,21,2,3,4,1,0,0,2.75,3.2,2.7,2.92,3.14,2.77,,,,,,,,2021/2022
SP1,2022-04-10,Elche,Sociedad,1,2,A,10,17,1,6,15,12,8,9,3,3,0,0,3.9,3.4,2.0,3.93,3.58,2.05,,,,,,,,2021/2022
SP1,2022-04-10,Levante,Barcelona,2,3,A,11,14,6,7,8,7,4,3,1,1,0,0,6.0,5.0,1.45,6.99,5.05,1.46,,,,,,,,2021/2022
SP1,2022-04-11,Vallecano,Valencia,1,1,D,11,6,4,2,13,17,5,4,3,4,0,0,2.2,3.3,3.3,2.26,3.33,3.59,,,,,,,,2021/2022
SP1,2022-04-15,Sociedad,Real Betis,0,0,D,9,9,2,2,17,7,8,1,4,4,1,0,2.1,3.5,3.4,2.17,3.55,3.57,,,,,,,,2021/2022
SP1,2022-04-16,Elche,Mallorca,3,0,H,6,13,2,2,17,13,2,1,2,3,0,0,2.7,3.0,2.9,2.77,3.06,3.0,,,,,,,,2021/2022
SP1,2022-04-16,Alaves,Vallecano,1,0,H,11,20,5,3,10,9,2,12,2,3,0,1,2.7,3.1,2.8,2.78,3.21,2.85,,,,,,,,2021/2022
SP1,2022-04-16,Valencia,Osasuna,1,2,A,11,9,4,3,11,22,9,5,1,2,0,0,2.15,3.2,3.7,2.18,3.3,3.83,,,,,,,,2021/2022
SP1,2022-04-16,Getafe,Villarreal,1,2,A,12,11,5,6,17,6,6,6,2,0,0,0,3.1,3.1,2.5,3.21,3.13,2.56,,,,,,,,2021/2022
SP1,2022-04-17,Atletico Madrid,Espanol,2,1,H,10,11,3,5,18,12,6,3,5,5,1,0,1.4,4.5,8.5,1.44,4.68,8.65,,,,,,,,2021/2022
SP1,2022-04-17,Granada,Levante,1,4,A,16,17,4,8,10,9,13,2,5,2,1,0,2.37,3.4,3.0,2.4,3.65,3.02,,,,,,,,2021/2022
SP1,2022-04-17,Sevilla,Real Madrid,2,3,A,7,15,2,6,11,9,0,3,3,4,0,0,3.0,3.4,2.4,3.01,3.48,2.49,,,,,,,,2021/2022
SP1,2022-04-17,Athletic Bilbao,Celta,0,2,A,10,6,2,4,13,15,5,4,2,2,0,0,1.75,3.6,5.0,1.85,3.67,4.78,,,,,,,,2021/2022
SP1,2022-04-18,Barcelona,Cadiz,0,1,A,18,6,6,4,16,9,8,1,4,1,0,0,1.2,6.5,15.0,1.23,6.78,14.85,,,,,,,,2021/2022
SP1,2022-04-19,Mallorca,Alaves,2,1,H,5,12,3,4,25,15,0,6,2,6,0,0,1.95,3.3,4.2,2.0,3.28,4.55,,,,,,,,2021/2022
SP1,2022-04-19,Real Betis,Elche,0,1,A,18,9,3,1,9,14,2,3,2,3,1,0,1.55,4.0,6.0,1.55,4.35,6.75,,,,,,,,2021/2022
SP1,2022-04-19,Villarreal,Valencia,2,0,H,12,5,5,1,14,12,3,2,2,3,0,0,1.44,4.75,6.5,1.45,4.91,7.61,,,,,,,,2021/2022
SP1,2022-04-20,Atletico Madrid,Granada,0,0,D,22,7,1,2,9,12,11,1,4,5,0,0,1.3,5.25,10.0,1.31,5.71,11.41,,,,,,,,2021/2022
SP1,2022-04-20,Celta,Getafe,0,2,A,9,6,2,3,13,13,2,1,2,5,0,0,2.15,3.1,3.75,2.24,3.12,3.93,,,,,,,,2021/2022
SP1,2022-04-20,Osasuna,Real Madrid,1,3,A,12,23,3,11,13,7,3,4,1,3,0,0,5.0,3.75,1.66,5.67,3.9,1.69,,,,,,,,2021/2022
SP1,2022-04-21,Espanol,Vallecano,0,1,A,6,13,2,2,14,18,3,10,4,4,0,0,2.37,3.2,3.1,2.5,3.2,3.23,,,,,,,,2021/2022
SP1,2022-04-21,Levante,Sevilla,2,3,A,15,13,6,6,9,12,10,4,1,5,0,0,3.5,3.5,2.1,3.53,3.54,2.19,,,,,,,,2021/2022
SP1,2022-04-21,Cadiz,Athletic Bilbao,2,3,A,27,9,8,7,9,15,4,1,3,5,0,1,3.4,3.0,2.3,3.57,3.13,2.37,,,,,,,,2021/2022
SP1,2022-04-21,Sociedad,Barcelona,0,1,A,8,11,5,1,12,9,5,3,1,2,0,0,3.5,3.5,2.1,3.48,3.7,2.15,,,,,,,,2021/2022
SP1,2022-04-24,Barcelona,Vallecano,0,1,A,18,3,5,1,10,1,9,1,4,6,0,0,1.3,5.5,10.0,1.33,5.56,10.84,,,,,,,,2021/2022
SP1,2022-04-29,Sevilla,Cadiz,1,1,D,11,10,6,4,15,11,5,6,2,2,0,0,1.65,3.5,6.0,1.65,3.77,6.57,,,,,,,,2021/2022
SP1,2022-04-30,Alaves,Villarreal,2,1,H,11,16,5,6,14,5,5,8,5,2,0,0,3.4,3.5,2.1,3.56,3.45,2.21,,,,,,,,2021/2022
SP1,2022-04-30,Real Madrid,Espanol,4,0,H,11,20,5,6,11,6,6,8,2,0,0,0,1.5,4.5,6.0,1.51,4.58,6.99,,,,,,,,2021/2022
SP1,2022-04-30,Valencia,Levante,1,1,D,6,24,1,6,11,21,1,7,4,3,1,0,2.2,3.5,3.2,2.33,3.6,3.17,,,,,,,,2021/2022
SP1,2022-04-30,Athletic Bilbao,Atletico Madrid,2,0,H,11,9,4,3,18,15,5,3,3,3,0,0,3.0,3.0,2.55,3.08,3.14,2.64,,,,,,,,2021/2022
SP1,2022-05-01,Elche,Osasuna,1,1,D,11,9,4,3,13,18,7,4,4,2,0,0,2.8,3.2,2.7,2.87,3.19,2.78,,,,,,,,2021/2022
SP1,2022-05-01,Granada,Celta,1,1,D,15,13,6,6,11,13,5,4,1,3,0,0,2.8,3.2,2.62,2.94,3.31,2.63,,,,,,,,2021/2022
SP1,2022-05-01,Vallecano,Sociedad,1,1,D,13,8,7,3,15,7,8,5,2,1,0,0,3.3,3.1,2.37,3.31,3.27,2.41,,,,,,,,2021/2022
SP1,2022-05-01,Barcelona,Mallorca,2,1,H,17,6,5,2,13,12,5,2,2,3,0,0,1.3,5.5,9.0,1.32,5.85,10.03,,,,,,,,2021/2022
SP1,2022-05-02,Getafe,Real Betis,0,0,D,13,9,2,4,13,13,2,4,1,1,0,0,2.75,3.1,2.7,2.89,3.17,2.77,,,,,,,,2021/2022
SP1,2022-05-06,Levante,Sociedad,2,1,H,16,21,7,6,10,11,7,6,2,3,0,0,3.3,3.6,2.1,3.53,3.57,2.18,,,,,,,,2021/2022
SP1,2022-05-07,Mallorca,Granada,2,6,A,18,14,8,7,11,13,5,5,3,2,0,0,1.95,3.5,4.0,2.05,3.36,4.23,,,,,,,,2021/2022
SP1,2022-05-07,Athletic Bilbao,Valencia,0,0,D,10,4,5,1,13,22,4,2,4,4,0,1,1.55,4.0,6.5,1.56,4.27,6.65,,,,,,,,2021/2022
SP1,2022-05-07,Cadiz,Elche,3,0,H,17,4,7,2,18,13,8,1,1,0,0,1,1.7,3.75,5.0,1.75,3.75,5.38,,,,,,,,2021/2022
SP1,2022-05-07,Celta,Alaves,4,0,H,15,3,7,1,7,7,7,1,1,3,0,1,1.9,3.4,4.33,1.94,3.47,4.55,,,,,,,,2021/2022
SP1,2022-05-07,Real Betis,Barcelona,1,2,A,14,11,5,5,16,18,4,8,1,2,0,0,3.0,3.6,2.25,3.17,3.83,2.24,,,,,,,,2021/2022
SP1,2022-05-08,Getafe,Vallecano,0,0,D,12,12,6,1,20,14,4,5,3,4,0,0,2.05,3.1,4.2,2.16,3.04,4.34,,,,,,,,2021/2022
SP1,2022-05-08,Villarreal,Sevilla,1,1,D,14,7,6,2,14,15,4,2,3,0,0,0,2.3,3.3,3.1,2.42,3.32,3.24,,,,,,,,2021/2022
SP1,2022-05-08,Espanol,Osasuna,1,1,D,12,12,3,5,6,15,6,6,1,3,0,0,2.3,3.3,3.2,2.39,3.34,3.29,,,,,,,,2021/2022
SP1,2022-05-08,Atletico Madrid,Real Madrid,1,0,H,16,15,2,6,17,7,4,6,2,4,0,0,2.1,3.5,3.5,2.14,3.58,3.62,,,,,,,,2021/2022
SP1,2022-05-10,Barcelona,Celta,3,1,H,10,13,4,5,18,6,2,8,3,0,0,1,1.44,5.0,6.0,1.45,5.06,7.17,,,,,,,,2021/2022
SP1,2022-05-10,Valencia,Real Betis,0,3,A,19,9,5,5,17,11,7,3,1,3,0,0,3.1,3.4,2.2,3.24,3.46,2.36,,,,,,,,2021/2022
SP1,2022-05-10,Granada,Athletic Bilbao,1,0,H,12,8,2,1,20,11,2,7,4,2,0,1,3.2,3.3,2.25,3.35,3.42,2.32,,,,,,,,2021/2022
SP1,2022-05-11,Alaves,Espanol,2,1,H,27,5,9,3,11,15,12,3,3,3,0,1,2.1,3.4,3.5,2.16,3.6,3.55,,,,,,,,2021/2022
SP1,2022-05-11,Osasuna,Getafe,1,1,D,12,6,1,0,10,17,7,2,2,4,0,1,2.7,2.9,3.0,2.79,2.98,3.05,,,,,,,,2021/2022
SP1,2022-05-11,Sevilla,Mallorca,0,0,D,18,10,4,2,11,18,6,3,4,6,0,0,1.61,4.0,5.5,1.63,3.96,6.24,,,,,,,,2021/2022
SP1,2022-05-11,Elche,Atletico Madrid,0,2,A,9,11,0,6,16,7,6,3,2,2,0,0,6.0,3.6,1.65,5.92,3.71,1.71,,,,,,,,2021/2022
SP1,2022-05-12,Sociedad,Cadiz,3,0,H,13,14,7,1,13,11,2,12,4,2,0,0,1.66,3.6,5.5,1.7,3.71,6.0,,,,,,,,2021/2022
SP1,2022-05-12,Vallecano,Villarreal,1,5,A,17,11,3,8,13,10,9,3,5,2,0,0,4.2,3.8,1.8,4.55,3.84,1.84,,,,,,,,2021/2022
SP1,2022-05-12,Real Madrid,Levante,6,0,H,27,16,16,1,8,6,6,6,2,1,0,0,1.45,5.25,5.5,1.52,5.11,5.87,,,,,,,,2021/2022
SP1,2022-05-14,Espanol,Valencia,1,1,D,5,18,3,5,18,15,2,3,4,1,0,0,2.5,3.4,2.8,2.58,3.33,2.94,,,,,,,,2021/2022
SP1,2022-05-15,Atletico Madrid,Sevilla,1,1,D,12,8,3,4,14,18,4,5,2,5,0,0,2.25,3.0,3.6,2.36,2.97,3.73,,,,,,,,2021/2022
SP1,2022-05-15,Cadiz,Real Madrid,1,1,D,21,16,7,7,13,11,10,2,7,2,0,0,3.3,3.3,2.2,3.37,3.46,2.26,,,,,,,,2021/2022
SP1,2022-05-15,Athletic Bilbao,Osasuna,2,0,H,14,8,8,1,6,14,10,6,0,0,0,0,1.53,4.2,6.0,1.55,4.38,6.3,,,,,,,,2021/2022
SP1,2022-05-15,Getafe,Barcelona,0,0,D,9,5,3,1,9,8,5,5,1,2,0,0,3.75,3.25,2.1,3.75,3.22,2.22,,,,,,,,2021/2022
SP1,2022-05-15,Real Betis,Granada,2,0,H,11,14,4,4,11,17,4,9,0,1,0,0,1.5,4.33,6.0,1.53,4.32,6.79,,,,,,,,2021/2022
SP1,2022-05-15,Mallorca,Vallecano,2,1,H,12,11,5,4,13,8,5,3,1,0,0,0,1.57,3.8,6.5,1.64,3.97,5.88,,,,,,,,2021/2022
SP1,2022-05-15,Villarreal,Sociedad,1,2,A,10,11,4,6,12,16,4,3,4,2,0,0,2.1,3.6,3.3,2.17,3.74,3.33,,,,,,,,2021/2022
SP1,2022-05-15,Levante,Alaves,3,1,H,15,6,5,2,19,10,3,4,8,6,0,0,2.8,3.8,2.25,3.04,3.8,2.29,,,,,,,,2021/2022
SP1,2022-05-15,Celta,Elche,1,0,H,14,10,5,1,11,12,7,5,2,2,0,0,1.65,3.8,5.5,1.63,3.95,6.03,,,,,,,,2021/2022
SP1,2022-05-20,Real Madrid,Real Betis,0,0,D,17,11,3,2,7,12,8,5,0,0,0,0,1.65,4.5,4.33,1.72,4.4,4.53,,,,,,,,2021/2022
SP1,2022-05-20,Vallecano,Levante,2,4,A,19,14,8,7,8,12,7,3,0,3,0,0,1.85,4.0,3.8,1.89,4.07,3.91,,,,,,,,2021/2022
SP1,2022-05-21,Valencia,Celta,2,0,H,10,9,3,3,22,19,3,3,3,3,0,0,2.75,3.3,2.62,2.79,3.33,2.71,,,,,,,,2021/2022
SP1,2022-05-22,Granada,Espanol,0,0,D,15,10,5,5,9,12,7,3,1,0,0,0,1.44,4.33,7.5,1.45,4.76,7.65,,,,,,,,2021/2022
SP1,2022-05-22,Elche,Getafe,3,1,H,19,7,9,2,11,9,8,3,2,2,0,0,3.1,2.87,2.62,3.13,2.93,2.73,,,,,,,,2021/2022
SP1,2022-05-22,Barcelona,Villarreal,0,2,A,14,4,3,3,12,7,12,1,3,1,0,0,2.1,4.0,3.0,2.17,3.98,3.15,,,,,,,,2021/2022
SP1,2022-05-22,Alaves,Cadiz,0,1,A,9,13,2,6,11,13,4,4,0,1,0,0,4.2,3.7,1.83,4.25,3.72,1.91,,,,,,,,2021/2022
SP1,2022-05-22,Sevilla,Athletic Bilbao,1,0,H,13,9,3,1,13,12,5,0,3,3,0,0,2.5,3.3,2.87,2.59,3.32,2.94,,,,,,,,2021/2022
SP1,2022-05-22,Sociedad,Atletico Madrid,1,2,A,12,6,3,5,16,11,3,2,4,2,0,0,2.62,3.3,2.7,2.71,3.31,2.8,,,,,,,,2021/2022
SP1,2022-05-22,Osasuna,Mallorca,0,2,A,11,14,1,6,8,14,5,7,2,2,0,0,3.3,3.4,2.2,3.41,3.46,2.24,,,,,,,,2021/2022
SP1,2022-08-12,Osasuna,Sevilla,2,1,H,12,10,5,3,16,9,5,2,5,3,0,0,3.2,3.1,2.4,3.38,3.1,2.48,,,,,,,,2022/2023
SP1,2022-08-13,Celta,Espanol,2,2,D,8,10,3,2,17,15,3,3,5,2,0,0,1.8,3.75,4.75,1.81,3.75,4.87,,,,,,,,2022/2023
SP1,2022-08-13,Valladolid,Villarreal,0,3,A,12,10,6,4,6,10,4,5,1,0,0,0,3.9,3.6,1.9,4.05,3.78,1.95,,,,,,,,2022/2023
SP1,2022-08-13,Barcelona,Vallecano,0,0,D,21,4,6,2,16,14,8,0,3,6,1,0,1.22,7.0,12.0,1.22,6.83,15.0,,,,,,,,2022/2023
SP1,2022-08-14,Cadiz,Sociedad,0,1,A,7,15,2,7,9,20,3,6,4,2,0,0,3.6,3.2,2.2,3.62,3.29,2.26,,,,,,,,2022/2023
SP1,2022-08-14,Valencia,Girona,1,0,H,17,5,2,1,18,14,4,4,2,3,1,0,1.85,3.4,4.5,1.94,3.42,4.65,,,,,,,,2022/2023
SP1,2022-08-14,Almeria,Real Madrid,1,2,A,10,29,6,15,11,4,2,15,3,1,0,0,7.5,5.0,1.4,7.38,5.0,1.45,,,,,,,,2022/2023
SP1,2022-08-15,Athletic Bilbao,Mallorca,0,0,D,23,6,6,2,13,12,7,2,0,6,0,0,1.6,3.75,6.5,1.61,3.94,6.73,,,,,,,,2022/2023
SP1,2022-08-15,Getafe,Atletico Madrid,0,3,A,10,12,0,5,14,19,3,6,2,1,0,0,5.0,3.1,1.9,4.99,3.14,1.98,,,,,,,,2022/2023
SP1,2022-08-15,Real Betis,Elche,3,0,H,17,4,8,2,10,18,8,4,3,6,0,1,1.44,4.5,7.0,1.46,4.74,7.71,,,,,,,,2022/2023
SP1,2022-08-19,Espanol,Vallecano,0,2,A,13,8,1,3,12,17,9,2,2,5,1,1,2.45,3.1,3.1,2.56,3.04,3.3,,,,,,,,2022/2023
SP1,2022-08-19,Sevilla,Valladolid,1,1,D,18,6,2,3,20,10,12,2,3,2,1,1,1.5,4.2,6.5,1.56,4.21,6.92,,,,,,,,2022/2023
SP1,2022-08-20,Osasuna,Cadiz,2,0,H,16,9,3,2,11,13,2,2,2,5,0,1,1.9,3.25,4.5,1.97,3.27,4.76,,,,,,,,2022/2023
SP1,2022-08-20,Mallorca,Real Betis,1,2,A,13,8,7,3,22,17,5,2,7,8,0,0,3.1,3.2,2.4,3.18,3.35,2.44,,,,,,,,2022/2023
SP1,2022-08-20,Celta,Real Madrid,1,4,A,15,16,2,7,12,8,2,2,2,2,0,0,4.5,4.2,1.66,4.79,4.34,1.71,,,,,,,,2022/2023
SP1,2022-08-21,Athletic Bilbao,Valencia,1,0,H,12,10,2,0,11,15,6,3,5,2,0,0,1.8,3.75,4.5,1.81,3.59,5.2,,,,,,,,2022/2023
SP1,2022-08-21,Atletico Madrid,Villarreal,0,2,A,13,19,5,5,8,11,5,6,2,3,1,0,1.85,3.5,4.33,1.96,3.55,4.3,,,,,,,,2022/2023
SP1,2022-08-21,Sociedad,Barcelona,1,4,A,10,15,5,7,16,9,3,6,2,1,0,0,3.3,3.6,2.1,3.46,3.7,2.16,,,,,,,,2022/2023
SP1,2022-08-22,Elche,Almeria,1,1,D,13,12,3,7,12,16,6,5,1,4,0,1,2.5,3.2,3.0,2.6,3.2,3.08,,,,,,,,2022/2023
SP1,2022-08-22,Girona,Getafe,3,1,H,12,7,6,3,16,18,5,2,3,6,0,1,2.8,2.9,2.9,2.85,2.83,3.15,,,,,,,,2022/2023
SP1,2022-08-26,Girona,Celta,0,1,A,11,11,3,6,16,13,2,4,2,1,0,0,2.8,3.1,2.75,2.81,3.15,2.87,,,,,,,,2022/2023
SP1,2022-08-26,Real Betis,Osasuna,1,0,H,7,12,1,2,9,21,2,4,0,3,1,0,1.8,3.6,4.75,1.82,3.77,4.78,,,,,,,,2022/2023
SP1,2022-08-27,Elche,Sociedad,0,1,A,12,9,5,5,13,18,4,6,3,3,0,0,3.6,3.2,2.15,3.82,3.21,2.23,,,,,,,,2022/2023
SP1,2022-08-27,Vallecano,Mallorca,0,2,A,15,9,0,4,11,18,7,3,1,3,0,0,2.05,3.25,4.0,2.08,3.23,4.3,,,,,,,,2022/2023
SP1,2022-08-27,Almeria,Sevilla,2,1,H,11,13,5,5,18,11,5,2,5,8,0,0,3.6,3.25,2.15,3.72,3.29,2.23,,,,,,,,2022/2023
SP1,2022-08-28,Getafe,Villarreal,0,0,D,8,11,2,6,11,19,1,4,1,5,0,0,4.33,3.4,1.85,4.64,3.43,1.93,,,,,,,,2022/2023
SP1,2022-08-28,Barcelona,Valladolid,4,0,H,24,8,9,3,9,8,14,4,0,3,0,0,1.14,8.5,15.0,1.17,8.8,17.21,,,,,,,,2022/2023
SP1,2022-08-28,Espanol,Real Madrid,1,3,A,15,19,4,6,15,12,7,7,0,0,1,0,6.5,4.75,1.45,6.72,5.12,1.47,,,,,,,,2022/2023
SP1,2022-08-29,Cadiz,Athletic Bilbao,0,4,A,9,20,3,8,18,4,0,6,2,1,0,0,3.6,3.2,2.15,3.99,3.15,2.2,,,,,,,,2022/2023
SP1,2022-08-29,Valencia,Atletico Madrid,0,1,A,12,13,2,7,15,17,6,2,4,3,0,0,4.0,3.3,2.0,4.13,3.37,2.06,,,,,,,,2022/2023
SP1,2022-09-02,Celta,Cadiz,3,0,H,9,7,5,0,13,23,2,2,1,2,0,0,1.66,3.6,5.5,1.67,3.74,6.33,,,,,,,,2022/2023
SP1,2022-09-03,Mallorca,Girona,1,1,D,10,10,4,4,23,9,6,3,4,2,0,0,2.15,3.2,3.6,2.19,3.17,4.0,,,,,,,,2022/2023
SP1,2022-09-03,Real Madrid,Real Betis,2,1,H,22,8,4,4,8,12,9,2,0,1,0,0,1.4,5.25,6.5,1.46,5.19,6.72,,,,,,,,2022/2023
SP1,2022-09-03,Sociedad,Atletico Madrid,1,1,D,12,15,5,7,18,13,7,7,5,4,0,0,2.9,3.2,2.55,3.04,3.22,2.62,,,,,,,,2022/2023
SP1,2022-09-03,Sevilla,Barcelona,0,3,A,9,18,4,7,15,14,4,4,2,4,0,0,4.5,3.6,1.8,4.67,3.77,1.83,,,,,,,,2022/2023
SP1,2022-09-04,Osasuna,Vallecano,2,1,H,13,5,6,3,14,16,4,0,2,2,0,0,2.0,3.1,4.33,2.07,3.09,4.61,,,,,,,,2022/2023
SP1,2022-09-04,Athletic Bilbao,Espanol,0,1,A,17,9,2,2,12,12,4,2,3,2,0,0,1.53,4.0,6.5,1.58,4.07,6.75,,,,,,,,2022/2023
SP1,2022-09-04,Villarreal,Elche,4,0,H,18,7,10,0,10,9,6,4,1,3,0,0,1.33,5.0,10.0,1.37,5.17,9.9,,,,,,,,2022/2023
SP1,2022-09-04,Valencia,Getafe,5,1,H,24,7,9,4,11,21,9,1,3,6,1,1,1.9,3.2,4.5,2.01,3.12,4.85,,,,,,,,2022/2023
SP1,2022-09-05,Valladolid,Almeria,1,0,H,14,12,6,1,11,20,2,8,1,6,0,0,2.3,3.3,3.1,2.38,3.32,3.31,,,,,,,,2022/2023
SP1,2022-09-09,Girona,Valladolid,2,1,H,14,14,5,4,11,15,3,12,0,2,0,0,2.25,3.25,3.4,2.3,3.23,3.61,,,,,,,,2022/2023
SP1,2022-09-10,Vallecano,Valencia,2,1,H,14,17,6,4,22,11,7,7,5,2,0,0,2.62,3.1,2.87,2.69,3.16,3.0,,,,,,,,2022/2023
SP1,2022-09-10,Espanol,Sevilla,2,3,A,19,11,5,7,11,14,9,3,3,5,0,1,2.87,3.25,2.5,3.0,3.27,2.61,,,,,,,,2022/2023
SP1,2022-09-10,Cadiz,Barcelona,0,4,A,6,16,0,8,12,13,5,6,1,2,0,0,13.0,6.5,1.22,14.0,6.18,1.25,,,,,,,,2022/2023
SP1,2022-09-10,Atletico Madrid,Celta,4,1,H,10,14,4,3,11,6,4,7,2,3,0,0,1.61,3.8,6.0,1.66,3.87,6.07,,,,,,,,2022/2023
SP1,2022-09-11,Real Madrid,Mallorca,4,1,H,22,5,7,2,7,15,4,3,3,5,0,0,1.25,6.0,11.0,1.28,6.19,11.58,,,,,,,,2022/2023
SP1,2022-09-11,Elche,Athletic Bilbao,1,4,A,9,16,2,8,15,9,5,5,3,0,0,0,4.0,3.6,1.9,4.31,3.54,1.96,,,,,,,,2022/2023
SP1,2022-09-11,Getafe,Sociedad,2,1,H,8,13,3,6,9,16,3,7,4,1,0,0,3.75,3.0,2.15,3.98,3.12,2.22,,,,,,,,2022/2023
SP1,2022-09-11,Real Betis,Villarreal,1,0,H,16,14,5,3,11,14,9,8,1,1,0,0,2.8,3.4,2.5,2.95,3.54,2.5,,,,,,,,2022/2023
SP1,2022-09-12,Almeria,Osasuna,0,1,A,7,15,2,4,4,9,5,10,0,2,0,0,2.6,3.25,2.75,2.76,3.24,2.85,,,,,,,,2022/2023
SP1,2022-09-16,Valladolid,Cadiz,0,1,A,18,7,6,1,12,19,8,2,1,4,0,0,2.0,3.25,4.0,2.05,3.24,4.42,,,,,,,,2022/2023
SP1,2022-09-17,Barcelona,Elche,3,0,H,25,1,9,1,11,9,6,0,2,2,0,1,1.08,11.0,26.0,1.11,11.42,23.95,,,,,,,,2022/2023
SP1,2022-09-17,Mallorca,Almeria,1,0,H,5,9,2,3,15,14,5,2,3,6,0,0,2.0,3.3,4.0,2.04,3.33,4.3,,,,,,,,2022/2023
SP1,2022-09-17,Athletic Bilbao,Vallecano,3,2,H,14,11,7,2,13,13,2,7,1,2,0,0,1.53,4.0,6.5,1.56,4.19,6.92,,,,,,,,2022/2023
SP1,2022-09-17,Valencia,Celta,3,0,H,14,6,7,2,18,23,5,4,3,2,0,1,2.3,3.2,3.3,2.42,3.22,3.36,,,,,,,,2022/2023
SP1,2022-09-18,Osasuna,Getafe,0,2,A,12,10,4,4,15,15,8,1,7,3,1,1,1.8,3.4,5.0,1.88,3.25,5.45,,,,,,,,2022/2023
SP1,2022-09-18,Villarreal,Sevilla,1,1,D,17,12,7,1,15,12,6,4,1,5,0,0,1.7,3.8,5.0,1.72,3.97,5.19,,,,,,,,2022/2023
SP1,2022-09-18,Real Betis,Girona,2,1,H,9,8,3,3,9,8,2,4,0,3,0,0,1.75,3.6,5.0,1.78,3.63,5.4,,,,,,,,2022/2023
SP1,2022-09-18,Sociedad,Espanol,2,1,H,14,14,6,4,18,8,4,2,3,0,0,0,1.7,3.6,5.0,1.76,3.87,5.11,,,,,,,,2022/2023
SP1,2022-09-18,Atletico Madrid,Real Madrid,1,2,A,12,6,5,3,15,16,8,1,4,2,1,0,3.1,3.4,2.3,3.23,3.54,2.33,,,,,,,,2022/2023
SP1,2022-09-30,Athletic Bilbao,Almeria,4,0,H,17,8,4,2,17,8,11,2,1,3,0,0,1.33,5.0,9.5,1.39,5.0,9.35,,,,,,,,2022/2023
SP1,2022-10-01,Cadiz,Villarreal,0,0,D,10,14,2,6,13,8,6,5,2,3,1,0,6.0,4.0,1.57,5.82,4.1,1.64,,,,,,,,2022/2023
SP1,2022-10-01,Getafe,Valladolid,2,3,A,14,14,6,7,23,13,4,2,2,4,0,0,2.3,3.0,3.5,2.36,3.1,3.62,,,,,,,,2022/2023
SP1,2022-10-01,Sevilla,Atletico Madrid,0,2,A,14,20,3,6,9,12,5,7,3,2,0,0,3.0,3.2,2.5,3.15,3.25,2.52,,,,,,,,2022/2023
SP1,2022-10-01,Mallorca,Barcelona,0,1,A,13,11,3,3,9,13,5,5,2,4,0,0,9.0,5.0,1.36,8.8,5.53,1.37,,,,,,,,2022/2023
SP1,2022-10-02,Espanol,Valencia,2,2,D,10,12,5,5,16,15,6,4,2,1,1,1,2.62,3.3,2.7,2.8,3.29,2.77,,,,,,,,2022/2023
SP1,2022-10-02,Celta,Real Betis,1,0,H,11,9,4,4,26,3,5,3,4,3,0,1,2.45,3.4,2.87,2.51,3.49,2.96,,,,,,,,2022/2023
SP1,2022-10-02,Girona,Sociedad,3,5,A,16,11,8,5,9,19,2,2,3,1,0,0,3.25,3.2,2.3,3.37,3.34,2.35,,,,,,,,2022/2023
SP1,2022-10-02,Real Madrid,Osasuna,1,1,D,22,8,4,2,9,13,10,2,1,2,0,1,1.3,5.5,9.5,1.35,5.63,9.33,,,,,,,,2022/2023
SP1,2022-10-03,Vallecano,Elche,2,1,H,15,5,6,2,5,19,13,3,1,8,0,0,1.72,3.6,5.25,1.74,3.82,5.31,,,,,,,,2022/2023
SP1,2022-10-07,Osasuna,Valencia,1,2,A,11,15,2,7,11,19,7,5,3,6,2,1,2.4,3.2,3.1,2.46,3.27,3.22,,,,,,,,2022/2023
SP1,2022-10-08,Almeria,Vallecano,3,1,H,10,12,4,4,22,12,7,6,4,2,1,0,2.9,3.3,2.55,3.12,3.23,2.55,,,,,,,,2022/2023
SP1,2022-10-08,Atletico Madrid,Girona,2,1,H,13,11,7,4,12,13,8,3,3,1,0,0,1.45,4.33,7.5,1.51,4.47,7.32,,,,,,,,2022/2023
SP1,2022-10-08,Sevilla,Athletic Bilbao,1,1,D,10,21,3,4,19,14,5,7,4,0,0,1,3.0,3.3,2.4,3.1,3.36,2.49,,,,,,,,2022/2023
SP1,2022-10-08,Getafe,Real Madrid,0,1,A,9,19,2,4,10,5,4,4,0,0,0,0,6.5,4.5,1.5,7.16,4.59,1.5,,,,,,,,2022/2023
SP1,2022-10-09,Valladolid,Real Betis,0,0,D,12,4,3,1,12,16,3,1,1,1,0,1,2.8,3.4,2.4,2.99,3.46,2.51,,,,,,,,2022/2023
SP1,2022-10-09,Cadiz,Espanol,2,2,D,8,9,3,6,13,12,8,3,4,4,0,0,2.87,3.2,2.55,3.02,3.12,2.7,,,,,,,,2022/2023
SP1,2022-10-09,Sociedad,Villarreal,1,0,H,17,5,5,1,21,18,9,3,5,3,0,0,2.5,3.4,2.75,2.64,3.35,2.9,,,,,,,,2022/2023
SP1,2022-10-09,Barcelona,Celta,1,0,H,13,14,5,3,16,9,6,3,2,4,0,0,1.28,6.0,9.0,1.29,5.99,11.48,,,,,,,,2022/2023
SP1,2022-10-10,Elche,Mallorca,1,1,D,7,11,2,4,12,17,5,7,4,5,1,1,3.0,3.1,2.5,3.21,3.05,2.61,,,,,,,,2022/2023
SP1,2022-10-14,Vallecano,Getafe,0,0,D,16,6,3,3,13,17,4,1,2,3,0,0,2.05,3.2,3.8,2.09,3.16,4.39,,,,,,,,2022/2023
SP1,2022-10-15,Valencia,Elche,2,2,D,20,8,8,6,14,19,6,1,3,6,0,0,1.4,4.75,7.5,1.42,4.98,8.4,,,,,,,,2022/2023
SP1,2022-10-15,Girona,Cadiz,1,1,D,23,9,6,2,16,9,6,2,5,4,0,0,1.9,3.3,4.5,1.97,3.22,4.9,,,,,,,,2022/2023
SP1,2022-10-15,Athletic Bilbao,Atletico Madrid,0,1,A,13,3,3,1,14,17,6,1,0,6,0,0,2.45,3.2,3.0,2.48,3.31,3.17,,,,,,,,2022/2023
SP1,2022-10-15,Mallorca,Sevilla,0,1,A,9,4,5,1,17,15,1,3,2,3,0,0,2.9,3.0,2.7,2.95,3.14,2.74,,,,,,,,2022/2023
SP1,2022-10-16,Celta,Sociedad,1,2,A,10,8,3,6,14,17,1,6,5,7,1,0,2.6,3.2,2.8,2.65,3.25,2.97,,,,,,,,2022/2023
SP1,2022-10-16,Real Madrid,Barcelona,3,1,H,8,18,4,5,11,14,2,3,2,2,0,0,2.2,3.6,3.1,2.32,3.65,3.16,,,,,,,,2022/2023
SP1,2022-10-16,Espanol,Valladolid,1,0,H,15,14,3,2,13,11,6,4,1,4,0,0,2.2,3.3,3.5,2.25,3.36,3.57,,,,,,,,2022/2023
SP1,2022-10-16,Real Betis,Almeria,3,1,H,15,12,6,5,6,7,9,3,1,1,0,0,1.57,4.1,5.75,1.58,4.35,6.09,,,,,,,,2022/2023
SP1,2022-10-17,Villarreal,Osasuna,2,0,H,12,14,9,3,14,23,8,4,2,6,0,0,1.57,4.2,6.0,1.58,4.28,6.33,,,,,,,,2022/2023
SP1,2022-10-18,Sevilla,Valencia,1,1,D,18,13,5,5,11,26,11,6,4,7,1,0,2.25,3.4,3.2,2.34,3.43,3.3,,,,,,,,2022/2023
SP1,2022-10-18,Getafe,Athletic Bilbao,2,2,D,11,14,4,4,14,11,7,4,7,4,0,0,4.75,3.3,1.83,4.72,3.39,1.93,,,,,,,,2022/2023
SP1,2022-10-18,Atletico Madrid,Vallecano,1,1,D,12,14,4,4,11,11,3,4,3,0,0,0,1.55,3.75,7.0,1.53,4.07,8.09,,,,,,,,2022/2023
SP1,2022-10-19,Valladolid,Celta,4,1,H,9,22,7,5,12,11,3,7,1,1,0,0,2.9,3.3,2.45,3.01,3.35,2.56,,,,,,,,2022/2023
SP1,2022-10-19,Cadiz,Real Betis,0,0,D,13,12,3,3,15,7,4,9,1,2,0,1,4.0,3.3,2.0,3.84,3.33,2.16,,,,,,,,2022/2023
SP1,2022-10-19,Elche,Real Madrid,0,3,A,10,10,3,7,14,10,8,2,1,1,0,0,8.5,5.75,1.3,9.9,5.69,1.34,,,,,,,,2022/2023
SP1,2022-10-19,Sociedad,Mallorca,1,0,H,14,12,7,3,18,9,10,7,1,2,0,0,1.55,4.0,6.5,1.56,4.12,7.06,,,,,,,,2022/2023
SP1,2022-10-20,Almeria,Girona,3,2,H,13,14,7,5,14,14,4,5,1,3,0,0,2.6,3.25,2.8,2.69,3.32,2.87,,,,,,,,2022/2023
SP1,2022-10-20,Osasuna,Espanol,1,0,H,17,5,5,3,17,15,9,2,1,2,0,0,2.05,3.6,3.5,2.1,3.51,3.82,,,,,,,,2022/2023
SP1,2022-10-20,Barcelona,Villarreal,3,0,H,16,5,5,1,18,11,8,0,0,1,0,0,1.5,4.5,6.0,1.5,4.91,6.48,,,,,,,,2022/2023
SP1,2022-10-22,Vallecano,Cadiz,5,1,H,28,3,11,0,13,12,10,1,1,4,1,2,1.72,3.5,5.25,1.76,3.64,5.52,,,,,,,,2022/2023
SP1,2022-10-22,Valladolid,Sociedad,1,0,H,9,20,2,2,19,14,4,10,2,3,0,0,3.6,3.4,2.05,3.76,3.46,2.14,,,,,,,,2022/2023
SP1,2022-10-22,Valencia,Mallorca,1,2,A,13,10,3,5,14,19,5,3,3,5,0,0,1.75,3.5,5.0,1.77,3.68,5.36,,,,,,,,2022/2023
SP1,2022-10-22,Real Madrid,Sevilla,3,1,H,18,9,6,2,9,12,4,3,1,4,0,0,1.36,4.75,8.5,1.39,5.03,9.33,,,,,,,,2022/2023
SP1,2022-10-23,Espanol,Elche,2,2,D,13,9,5,4,13,10,5,3,2,3,0,0,1.66,3.75,5.25,1.7,3.97,5.37,,,,,,,,2022/2023
SP1,2022-10-23,Girona,Osasuna,1,1,D,7,9,1,2,11,11,3,5,2,3,0,0,2.55,3.2,2.9,2.64,3.24,3.0,,,,,,,,2022/2023
SP1,2022-10-23,Barcelona,Athletic Bilbao,4,0,H,10,5,7,3,7,13,1,2,2,2,0,0,1.55,4.5,5.5,1.56,4.62,5.94,,,,,,,,2022/2023
SP1,2022-10-23,Villarreal,Almeria,2,1,H,11,15,5,4,7,8,10,4,4,1,1,0,1.36,4.75,9.0,1.37,5.29,9.27,,,,,,,,2022/2023
SP1,2022-10-23,Real Betis,Atletico Madrid,1,2,A,17,9,4,3,10,17,7,4,2,3,0,0,3.2,3.3,2.3,3.18,3.42,2.41,,,,,,,,2022/2023
SP1,2022-10-24,Celta,Getafe,1,1,D,17,4,5,1,10,13,10,0,1,1,0,0,1.75,3.5,5.0,1.79,3.54,5.42,,,,,,,,2022/2023
SP1,2022-10-28,Mallorca,Espanol,1,1,D,12,7,5,2,15,9,4,4,4,1,0,0,2.25,3.1,3.4,2.34,3.09,3.69,,,,,,,,2022/2023
SP1,2022-10-29,Sevilla,Vallecano,0,1,A,10,15,4,5,9,20,6,6,6,1,0,0,2.0,3.3,4.0,2.02,3.46,4.21,,,,,,,,2022/2023
SP1,2022-10-29,Valencia,Barcelona,0,1,A,3,13,2,2,13,7,3,10,4,5,0,0,5.0,4.33,1.57,5.55,4.48,1.61,,,,,,,,2022/2023
SP1,2022-10-29,Almeria,Celta,3,1,H,19,8,5,3,10,7,6,4,4,0,0,1,3.3,3.3,2.25,3.4,3.44,2.28,,,,,,,,2022/2023
SP1,2022-10-29,Cadiz,Atletico Madrid,3,2,H,10,15,7,7,15,12,5,3,2,4,0,0,7.0,3.6,1.6,7.07,3.8,1.61,,,,,,,,2022/2023
SP1,2022-10-30,Athletic Bilbao,Villarreal,1,0,H,19,6,7,3,12,10,6,2,2,1,0,0,2.2,3.3,3.4,2.22,3.49,3.5,,,,,,,,2022/2023
SP1,2022-10-30,Osasuna,Valladolid,2,0,H,20,7,10,2,14,16,1,8,1,3,0,0,1.9,3.4,4.33,1.93,3.49,4.55,,,,,,,,2022/2023
SP1,2022-10-30,Real Madrid,Girona,1,1,D,19,8,6,2,16,8,7,1,3,3,1,0,1.2,6.5,13.0,1.22,7.06,14.02,,,,,,,,2022/2023
SP1,2022-10-30,Sociedad,Real Betis,0,2,A,14,10,7,4,22,16,5,3,4,4,0,0,2.0,3.5,3.8,2.11,3.45,3.87,,,,,,,,2022/2023
SP1,2022-10-31,Elche,Getafe,0,1,A,12,8,5,3,12,11,6,2,0,3,0,1,2.7,3.0,2.87,2.76,3.08,2.98,,,,,,,,2022/2023
SP1,2022-11-04,Girona,Athletic Bilbao,2,1,H,19,11,10,7,11,11,7,1,1,1,0,0,3.75,3.5,2.0,3.94,3.66,2.02,,,,,,,,2022/2023
SP1,2022-11-05,Getafe,Cadiz,0,0,D,13,15,2,4,15,16,5,5,5,2,2,1,2.2,3.1,3.75,2.24,3.1,3.94,,,,,,,,2022/2023
SP1,2022-11-05,Valladolid,Elche,2,1,H,16,4,11,2,9,10,8,4,2,0,0,0,1.83,3.6,4.33,1.83,3.85,4.62,,,,,,,,2022/2023
SP1,2022-11-05,Celta,Osasuna,1,2,A,13,8,5,4,12,20,2,3,1,5,0,0,2.1,3.3,3.75,2.19,3.36,3.73,,,,,,,,2022/2023
SP1,2022-11-05,Barcelona,Almeria,2,0,H,27,4,13,1,14,13,9,1,2,1,0,0,1.08,10.0,26.0,1.1,11.76,29.47,,,,,,,,2022/2023
SP1,2022-11-06,Atletico Madrid,Espanol,1,1,D,27,6,7,2,13,10,12,2,3,5,0,1,1.44,4.5,8.0,1.45,4.49,8.64,,,,,,,,2022/2023
SP1,2022-11-06,Sociedad,Valencia,1,1,D,9,14,4,3,11,12,1,11,2,0,1,0,1.95,3.4,4.0,1.98,3.45,4.4,,,,,,,,2022/2023
SP1,2022-11-06,Villarreal,Mallorca,0,2,A,9,7,2,5,17,16,5,2,4,6,0,0,1.57,4.0,5.75,1.63,4.02,6.22,,,,,,,,2022/2023
SP1,2022-11-06,Real Betis,Sevilla,1,1,D,9,22,4,6,6,20,1,4,4,5,2,1,2.2,3.2,3.6,2.19,3.33,3.77,,,,,,,,2022/2023
SP1,2022-11-07,Vallecano,Real Madrid,3,2,H,15,16,7,2,22,11,4,5,4,5,0,0,4.75,4.2,1.65,5.6,4.1,1.66,,,,,,,,2022/2023
SP1,2022-11-08,Elche,Girona,1,2,A,11,21,2,3,16,9,2,5,3,2,0,0,3.25,3.3,2.2,3.42,3.35,2.32,,,,,,,,2022/2023
SP1,2022-11-08,Athletic Bilbao,Valladolid,3,0,H,19,8,6,0,20,6,10,2,3,1,0,0,1.4,4.5,7.5,1.44,4.71,8.39,,,,,,,,2022/2023
SP1,2022-11-08,Osasuna,Barcelona,1,2,A,15,9,3,3,15,6,2,5,4,4,0,2,5.75,4.2,1.53,6.35,4.36,1.56,,,,,,,,2022/2023
SP1,2022-11-09,Sevilla,Sociedad,1,2,A,6,17,3,9,9,12,2,1,2,2,2,0,2.6,3.2,2.8,2.66,3.25,2.96,,,,,,,,2022/2023
SP1,2022-11-09,Almeria,Getafe,1,0,H,8,11,3,3,17,8,7,6,8,4,1,0,2.15,3.3,3.5,2.27,3.2,3.72,,,,,,,,2022/2023
SP1,2022-11-09,Mallorca,Atletico Madrid,1,0,H,9,17,3,5,14,17,2,5,5,3,0,0,3.8,3.1,2.1,3.92,3.23,2.19,,,,,,,,2022/2023
SP1,2022-11-09,Espanol,Villarreal,0,1,A,14,10,6,3,11,6,4,7,1,3,0,0,3.2,3.2,2.37,3.17,3.36,2.44,,,,,,,,2022/2023
SP1,2022-11-10,Vallecano,Celta,0,0,D,10,11,3,3,19,16,5,3,7,1,0,0,2.2,3.2,3.5,2.19,3.34,3.76,,,,,,,,2022/2023
SP1,2022-11-10,Valencia,Real Betis,3,0,H,15,5,7,1,12,9,5,5,1,3,0,1,2.1,3.4,3.6,2.2,3.4,3.65,,,,,,,,2022/2023
SP1,2022-11-10,Real Madrid,Cadiz,2,1,H,18,10,5,5,12,16,7,1,3,3,0,0,1.14,8.5,15.0,1.15,9.0,22.56,,,,,,,,2022/2023
SP1,2022-12-29,Girona,Vallecano,2,2,D,16,12,7,4,14,14,2,4,3,2,0,0,2.3,3.2,3.3,2.34,3.37,3.37,,,,,,,,2022/2023
SP1,2022-12-29,Real Betis,Athletic Bilbao,0,0,D,9,10,5,0,8,17,2,6,1,4,1,0,2.88,3.3,2.5,2.95,3.47,2.53,,,,,,,,2022/2023
SP1,2022-12-29,Atletico Madrid,Elche,2,0,H,18,5,4,1,14,20,3,5,3,4,1,2,1.29,5.5,10.0,1.3,5.88,11.76,,,,,,,,2022/2023
SP1,2022-12-30,Celta,Sevilla,1,1,D,17,7,5,5,11,13,5,6,2,4,0,1,2.2,3.3,3.4,2.24,3.43,3.52,,,,,,,,2022/2023
SP1,2022-12-30,Valladolid,Real Madrid,0,2,A,14,19,4,8,7,9,5,9,2,0,1,0,6.5,4.75,1.45,6.56,4.71,1.51,,,,,,,,2022/2023
SP1,2022-12-30,Getafe,Mallorca,2,0,H,14,3,6,0,10,19,4,2,0,1,0,0,2.75,2.75,3.1,2.91,2.78,3.15,,,,,,,,2022/2023
SP1,2022-12-30,Cadiz,Almeria,1,1,D,12,18,6,9,7,14,3,2,2,0,0,0,2.38,3.1,3.25,2.39,3.23,3.39,,,,,,,,2022/2023
SP1,2022-12-31,Sociedad,Osasuna,2,0,H,9,11,2,3,10,15,3,2,1,1,0,0,1.85,3.3,4.75,1.92,3.48,4.67,,,,,,,,2022/2023
SP1,2022-12-31,Villarreal,Valencia,2,1,H,14,13,8,4,12,16,5,2,1,3,0,0,1.95,3.4,4.2,2.02,3.4,4.29,,,,,,,,2022/2023
SP1,2022-12-31,Barcelona,Espanol,1,1,D,21,4,6,1,11,15,10,2,6,7,1,1,1.25,6.5,10.0,1.26,6.57,11.89,,,,,,,,2022/2023
SP1,2023-01-06,Elche,Celta,0,1,A,13,14,5,7,15,15,8,4,3,1,1,0,4.0,3.25,1.95,4.26,3.31,2.06,,,,,,,,2022/2023
SP1,2023-01-06,Valencia,Cadiz,0,1,A,11,6,2,2,14,21,13,2,5,6,0,0,1.57,4.0,5.75,1.61,4.15,6.2,,,,,,,,2022/2023
SP1,2023-01-07,Villarreal,Real Madrid,2,1,H,17,13,5,3,13,6,6,5,4,1,0,0,3.25,3.8,2.05,3.42,3.86,2.12,,,,,,,,2022/2023
SP1,2023-01-07,Mallorca,Valladolid,1,0,H,13,9,4,1,14,17,6,2,2,3,0,0,1.95,3.3,4.2,1.99,3.39,4.45,,,,,,,,2022/2023
SP1,2023-01-07,Espanol,Girona,2,2,D,12,12,6,5,13,16,5,2,3,2,0,0,2.25,3.4,3.2,2.37,3.44,3.23,,,,,,,,2022/2023
SP1,2023-01-08,Almeria,Sociedad,0,2,A,6,9,1,6,13,14,4,2,1,0,0,0,4.2,3.3,1.95,4.35,3.37,2.01,,,,,,,,2022/2023
SP1,2023-01-08,Vallecano,Real Betis,1,2,A,15,14,3,3,10,16,5,7,3,2,0,0,2.3,3.3,3.2,2.38,3.33,3.31,,,,,,,,2022/2023
SP1,2023-01-08,Sevilla,Getafe,2,1,H,11,11,5,2,13,16,4,4,3,3,0,0,1.75,3.4,5.25,1.79,3.49,5.58,,,,,,,,2022/2023
SP1,2023-01-08,Atletico Madrid,Barcelona,0,1,A,20,10,5,2,8,16,7,4,2,3,1,1,3.1,3.4,2.3,3.21,3.51,2.35,,,,,,,,2022/2023
SP1,2023-01-09,Athletic Bilbao,Osasuna,0,0,D,17,3,3,1,8,13,14,1,0,1,0,0,1.67,3.6,5.75,1.7,3.65,6.1,,,,,,,,2022/2023
SP1,2023-01-13,Celta,Villarreal,1,1,D,21,3,8,1,11,8,14,3,0,2,0,0,2.88,3.3,2.5,2.86,3.37,2.67,,,,,,,,2022/2023
SP1,2023-01-14,Girona,Sevilla,2,1,H,19,10,7,2,11,7,5,2,3,1,0,0,2.38,3.4,3.0,2.43,3.42,3.14,,,,,,,,2022/2023
SP1,2023-01-14,Valladolid,Vallecano,0,1,A,9,13,2,6,17,18,4,8,2,2,0,0,2.75,3.25,2.63,2.86,3.3,2.72,,,,,,,,2022/2023
SP1,2023-01-14,Sociedad,Athletic Bilbao,3,1,H,11,6,5,2,20,15,4,2,5,1,0,1,2.4,3.2,3.1,2.47,3.25,3.23,,,,,,,,2022/2023
SP1,2023-01-14,Osasuna,Mallorca,1,0,H,15,6,4,2,15,19,3,1,2,3,0,0,2.0,3.1,4.33,2.11,3.1,4.43,,,,,,,,2022/2023
SP1,2023-01-15,Getafe,Espanol,1,2,A,10,10,2,4,20,13,5,1,2,3,0,0,2.5,3.0,3.1,2.59,3.02,3.29,,,,,,,,2022/2023
SP1,2023-01-15,Almeria,Atletico Madrid,1,1,D,14,12,3,6,14,12,3,4,4,4,0,1,5.0,3.75,1.7,5.1,3.94,1.74,,,,,,,,2022/2023
SP1,2023-01-16,Cadiz,Elche,1,1,D,16,12,3,5,11,21,3,6,3,2,0,0,1.91,3.4,4.33,1.97,3.43,4.44,,,,,,,,2022/2023
SP1,2023-01-20,Mallorca,Celta,1,0,H,8,10,3,3,15,11,4,6,2,3,0,0,2.8,2.75,3.0,2.89,2.79,3.15,,,,,,,,2022/2023
SP1,2023-01-21,Espanol,Real Betis,1,0,H,8,13,2,4,18,8,7,4,3,2,0,0,2.7,3.2,2.7,2.87,3.16,2.8,,,,,,,,2022/2023
SP1,2023-01-21,Atletico Madrid,Valladolid,3,0,H,18,7,8,1,12,7,4,1,1,1,0,0,1.4,4.75,8.5,1.4,4.87,9.39,,,,,,,,2022/2023
SP1,2023-01-21,Vallecano,Sociedad,0,2,A,14,12,2,7,11,11,3,4,0,0,0,0,3.1,3.2,2.38,3.21,3.23,2.49,,,,,,,,2022/2023
SP1,2023-01-21,Sevilla,Cadiz,1,0,H,17,4,9,1,15,14,8,1,1,4,0,1,1.7,3.75,5.0,1.71,3.78,5.65,,,,,,,,2022/2023
SP1,2023-01-22,Elche,Osasuna,1,1,D,13,8,4,4,19,9,7,2,2,1,0,0,3.5,3.25,2.15,3.8,3.26,2.21,,,,,,,,2022/2023
SP1,2023-01-22,Villarreal,Girona,1,0,H,19,8,9,1,21,15,3,2,5,5,0,1,1.73,3.8,4.5,1.76,4.06,4.76,,,,,,,,2022/2023
SP1,2023-01-22,Athletic Bilbao,Real Madrid,0,2,A,18,10,3,4,17,10,12,2,3,2,0,0,2.9,3.4,2.38,3.0,3.5,2.48,,,,,,,,2022/2023
SP1,2023-01-22,Barcelona,Getafe,1,0,H,8,7,4,3,11,6,4,2,1,2,0,0,1.18,8.0,15.0,1.19,7.62,17.95,,,,,,,,2022/2023
SP1,2023-01-23,Valencia,Almeria,2,2,D,16,14,6,3,8,8,6,2,2,1,0,0,1.6,4.2,5.25,1.65,4.25,5.51,,,,,,,,2022/2023
SP1,2023-01-27,Almeria,Espanol,3,1,H,19,6,7,3,16,6,2,2,3,3,0,0,2.38,3.1,3.2,2.44,3.22,3.32,,,,,,,,2022/2023
SP1,2023-01-28,Cadiz,Mallorca,2,0,H,11,9,4,2,13,12,6,2,2,2,0,0,2.88,2.8,2.9,2.98,2.82,3.02,,,,,,,,2022/2023
SP1,2023-01-28,Girona,Barcelona,0,1,A,8,8,2,3,10,15,4,2,2,3,1,0,5.0,4.33,1.57,5.32,4.39,1.64,,,,,,,,2022/2023
SP1,2023-01-28,Sevilla,Elche,3,0,H,22,6,8,1,7,8,5,2,1,3,0,1,1.53,4.0,7.0,1.53,4.21,7.42,,,,,,,,2022/2023
SP1,2023-01-28,Getafe,Real Betis,0,1,A,6,13,1,2,25,12,6,1,4,2,0,0,3.2,2.88,2.63,3.3,2.88,2.69,,,,,,,,2022/2023
SP1,2023-01-29,Valladolid,Valencia,1,0,H,13,15,6,2,14,15,4,7,3,1,0,0,3.25,3.1,2.4,3.24,3.28,2.45,,,,,,,,2022/2023
SP1,2023-01-29,Osasuna,Atletico Madrid,0,1,A,14,13,4,5,13,7,5,4,1,0,0,0,3.6,3.1,2.2,3.85,3.24,2.2,,,,,,,,2022/2023
SP1,2023-01-29,Celta,Athletic Bilbao,1,0,H,9,5,3,0,17,19,2,5,3,2,0,0,2.88,3.0,2.7,2.94,3.09,2.8,,,,,,,,2022/2023
SP1,2023-01-29,Real Madrid,Sociedad,0,0,D,20,8,7,3,8,19,10,3,1,4,0,0,1.67,3.8,5.0,1.73,4.02,5.05,,,,,,,,2022/2023
SP1,2023-01-30,Villarreal,Vallecano,0,1,A,12,11,3,3,11,18,5,4,2,3,0,0,1.67,3.8,5.25,1.72,3.85,5.41,,,,,,,,2022/2023
SP1,2023-02-01,Real Betis,Barcelona,1,2,A,5,13,1,3,17,9,1,6,3,0,1,0,5.0,3.8,1.67,5.24,4.17,1.68,,,,,,,,2022/2023
SP1,2023-02-02,Real Madrid,Valencia,2,0,H,19,4,7,0,12,17,6,6,3,1,0,1,1.44,4.75,6.5,1.43,5.17,7.39,,,,,,,,2022/2023
SP1,2023-02-03,Athletic Bilbao,Cadiz,4,1,H,17,15,9,3,14,12,0,3,2,1,1,0,1.36,4.5,9.5,1.39,4.75,10.29,,,,,,,,2022/2023
SP1,2023-02-04,Espanol,Osasuna,1,1,D,9,9,4,3,9,17,4,3,3,5,1,1,2.55,3.0,3.0,2.69,3.07,3.08,,,,,,,,2022/2023
SP1,2023-02-04,Elche,Villarreal,3,1,H,18,14,7,2,19,8,6,10,4,2,0,0,5.0,3.8,1.67,5.62,3.85,1.7,,,,,,,,2022/2023
SP1,2023-02-04,Atletico Madrid,Getafe,1,1,D,12,9,4,1,11,18,8,0,3,5,0,0,1.4,4.33,9.0,1.42,4.31,10.91,,,,,,,,2022/2023
SP1,2023-02-04,Real Betis,Celta,3,4,A,15,9,7,7,11,13,5,5,2,3,1,0,2.2,3.2,3.5,2.23,3.18,3.85,,,,,,,,2022/2023
SP1,2023-02-05,Mallorca,Real Madrid,1,0,H,4,20,1,1,29,14,1,12,5,5,0,0,5.0,3.5,1.73,5.22,3.7,1.78,,,,,,,,2022/2023
SP1,2023-02-05,Girona,Valencia,1,0,H,20,8,8,4,11,10,8,4,1,4,0,0,2.2,3.2,3.5,2.28,3.39,3.47,,,,,,,,2022/2023
SP1,2023-02-05,Sociedad,Valladolid,0,1,A,15,7,4,2,17,14,0,4,4,5,0,0,1.44,4.33,7.5,1.45,4.45,8.9,,,,,,,,2022/2023
SP1,2023-02-05,Barcelona,Sevilla,3,0,H,16,3,7,1,8,10,8,3,0,2,0,0,1.33,5.25,8.5,1.34,5.51,10.19,,,,,,,,2022/2023
SP1,2023-02-06,Vallecano,Almeria,2,0,H,15,14,11,5,16,9,3,7,3,3,0,0,1.73,3.6,5.0,1.76,3.8,5.19,,,,,,,,2022/2023
SP1,2023-02-10,Cadiz,Girona,2,0,H,12,7,3,1,17,11,5,6,4,4,0,0,3.0,3.2,2.45,3.19,3.2,2.53,,,,,,,,2022/2023
SP1,2023-02-11,Sevilla,Mallorca,2,0,H,15,6,6,0,9,14,8,2,5,2,0,0,1.91,3.2,4.5,1.99,3.17,4.88,,,,,,,,2022/2023
SP1,2023-02-11,Valencia,Athletic Bilbao,1,2,A,18,11,8,3,11,17,7,1,2,2,0,0,3.0,3.2,2.45,3.13,3.28,2.51,,,,,,,,2022/2023
SP1,2023-02-11,Almeria,Real Betis,2,3,A,16,12,9,7,12,10,8,2,2,3,0,0,2.8,3.4,2.5,3.04,3.38,2.52,,,,,,,,2022/2023
SP1,2023-02-12,Getafe,Vallecano,1,1,D,13,19,4,4,21,19,5,6,4,4,1,0,2.8,2.9,2.88,2.96,2.85,3.01,,,,,,,,2022/2023
SP1,2023-02-12,Celta,Atletico Madrid,0,1,A,14,10,3,2,10,13,7,5,2,2,0,1,3.6,3.1,2.2,3.78,3.25,2.22,,,,,,,,2022/2023
SP1,2023-02-12,Valladolid,Osasuna,0,0,D,18,15,5,4,13,16,10,4,1,3,0,0,2.75,3.1,2.7,2.86,3.09,2.87,,,,,,,,2022/2023
SP1,2023-02-12,Villarreal,Barcelona,0,1,A,11,7,2,4,22,18,6,2,4,4,0,0,3.75,4.0,1.85,4.32,3.96,1.85,,,,,,,,2022/2023
SP1,2023-02-13,Espanol,Sociedad,2,3,A,10,11,6,5,9,17,4,3,4,1,1,0,3.5,3.0,2.3,3.66,3.12,2.33,,,,,,,,2022/2023
SP1,2023-02-15,Real Madrid,Elche,4,0,H,26,7,13,0,5,13,6,4,1,3,0,0,1.18,7.5,15.0,1.2,7.35,15.54,,,,,,,,2022/2023
SP1,2023-02-17,Girona,Almeria,6,2,H,14,16,8,4,10,8,1,7,1,1,0,0,1.8,3.75,4.33,1.86,3.71,4.61,,,,,,,,2022/2023
SP1,2023-02-18,Real Betis,Valladolid,2,1,H,16,17,10,3,18,15,4,6,3,5,0,0,1.6,3.75,6.5,1.66,3.91,5.98,,,,,,,,2022/2023
SP1,2023-02-18,Sociedad,Celta,1,1,D,9,18,3,4,14,12,3,7,3,5,0,1,1.8,3.3,5.25,1.81,3.5,5.39,,,,,,,,2022/2023
SP1,2023-02-18,Osasuna,Real Madrid,0,2,A,11,11,4,6,17,7,5,5,3,2,0,0,4.33,3.6,1.8,4.73,3.7,1.85,,,,,,,,2022/2023
SP1,2023-02-18,Mallorca,Villarreal,4,2,H,13,8,5,4,19,8,4,4,5,0,0,1,3.2,3.0,2.45,3.53,2.95,2.5,,,,,,,,2022/2023
SP1,2023-02-19,Elche,Espanol,0,1,A,19,11,5,4,11,12,10,5,2,3,1,0,2.9,3.1,2.63,2.97,3.19,2.69,,,,,,,,2022/2023
SP1,2023-02-19,Vallecano,Sevilla,1,1,D,18,7,5,2,15,6,7,3,4,1,0,0,2.5,3.1,3.0,2.55,3.22,3.14,,,,,,,,2022/2023
SP1,2023-02-19,Atletico Madrid,Athletic Bilbao,1,0,H,17,8,5,2,7,13,6,5,2,3,0,0,2.0,3.3,4.0,2.07,3.31,4.19,,,,,,,,2022/2023
SP1,2023-02-19,Barcelona,Cadiz,2,0,H,16,14,5,4,15,18,5,6,2,3,0,0,1.18,7.0,13.0,1.22,7.16,14.53,,,,,,,,2022/2023
SP1,2023-02-20,Getafe,Valencia,1,0,H,15,8,6,3,11,8,4,5,6,1,0,0,2.75,3.0,2.8,2.91,2.94,2.96,,,,,,,,2022/2023
SP1,2023-02-24,Elche,Real Betis,2,3,A,4,21,2,9,16,9,3,3,4,1,2,0,3.5,3.3,2.1,3.8,3.4,2.15,,,,,,,,2022/2023
SP1,2023-02-25,Real Madrid,Atletico Madrid,1,1,D,18,7,7,2,10,8,7,4,3,3,0,1,1.8,3.5,5.0,1.85,3.64,4.77,,,,,,,,2022/2023
SP1,2023-02-25,Espanol,Mallorca,2,1,H,9,15,3,4,15,18,0,4,2,2,0,0,2.5,2.9,3.2,2.63,2.97,3.28,,,,,,,,2022/2023
SP1,2023-02-25,Cadiz,Vallecano,1,0,H,5,11,3,2,19,19,4,6,3,4,0,1,2.9,3.0,2.7,3.09,2.98,2.76,,,,,,,,2022/2023
SP1,2023-02-25,Valencia,Sociedad,1,0,H,8,11,3,3,13,12,7,8,6,3,0,0,3.1,3.1,2.5,3.25,3.26,2.45,,,,,,,,2022/2023
SP1,2023-02-26,Celta,Valladolid,3,0,H,18,6,4,3,6,5,5,4,1,3,0,1,1.7,3.75,5.25,1.69,3.83,5.85,,,,,,,,2022/2023
SP1,2023-02-26,Athletic Bilbao,Girona,2,3,A,17,8,3,4,17,8,11,3,5,5,0,0,1.67,3.8,5.25,1.71,3.81,5.63,,,,,,,,2022/2023
SP1,2023-02-26,Sevilla,Osasuna,2,3,A,22,11,8,4,10,15,10,2,4,2,1,0,1.85,3.25,4.5,1.88,3.53,4.74,,,,,,,,2022/2023
SP1,2023-02-26,Almeria,Barcelona,1,0,H,7,14,4,1,13,11,4,7,3,3,0,0,7.0,4.75,1.44,7.08,5.02,1.46,,,,,,,,2022/2023
SP1,2023-02-27,Villarreal,Getafe,2,1,H,11,8,5,3,9,13,6,6,0,1,0,0,1.67,3.6,5.75,1.7,3.68,6.1,,,,,,,,2022/2023
SP1,2023-03-03,Sociedad,Cadiz,0,0,D,15,6,3,2,18,18,4,0,0,1,0,0,1.5,3.9,7.5,1.55,3.98,7.79,,,,,,,,2022/2023
SP1,2023-03-04,Getafe,Girona,3,2,H,10,9,6,7,24,11,3,3,5,4,0,0,2.75,3.0,2.8,2.84,2.95,2.97,,,,,,,,2022/2023
SP1,2023-03-04,Almeria,Villarreal,0,2,A,6,16,0,6,11,10,2,10,2,4,0,0,3.5,3.6,2.05,3.56,3.71,2.09,,,,,,,,2022/2023
SP1,2023-03-04,Mallorca,Elche,0,1,A,14,15,3,6,17,14,6,7,3,3,0,0,1.7,3.4,5.75,1.71,3.43,6.49,,,,,,,,2022/2023
SP1,2023-03-04,Atletico Madrid,Sevilla,6,1,H,18,8,8,1,12,11,7,3,1,4,0,1,1.67,3.6,5.25,1.7,3.75,5.71,,,,,,,,2022/2023
SP1,2023-03-05,Valladolid,Espanol,2,1,H,15,12,5,2,4,11,9,6,3,2,0,0,2.5,3.2,2.88,2.59,3.24,3.0,,,,,,,,2022/2023
SP1,2023-03-05,Barcelona,Valencia,1,0,H,13,13,4,1,11,13,5,2,0,0,1,0,1.53,4.5,5.75,1.53,4.42,6.57,,,,,,,,2022/2023
SP1,2023-03-05,Vallecano,Athletic Bilbao,0,0,D,18,16,2,3,9,17,7,9,1,0,0,1,2.9,3.1,2.6,3.18,3.08,2.57,,,,,,,,2022/2023
SP1,2023-03-05,Real Betis,Real Madrid,0,0,D,8,15,4,5,12,13,5,3,3,4,0,0,4.75,3.75,1.73,4.64,3.93,1.79,,,,,,,,2022/2023
SP1,2023-03-06,Osasuna,Celta,0,0,D,10,6,5,0,12,12,6,4,0,2,0,0,2.8,3.0,2.8,2.85,3.07,2.86,,,,,,,,2022/2023
SP1,2023-03-10,Cadiz,Getafe,2,2,D,11,16,4,10,13,16,2,6,4,5,1,1,2.5,2.88,3.3,2.57,2.87,3.51,,,,,,,,2022/2023
SP1,2023-03-11,Real Madrid,Espanol,3,1,H,22,10,7,3,12,17,7,4,3,2,0,0,1.25,6.5,9.5,1.27,6.17,11.72,,,,,,,,2022/2023
SP1,2023-03-11,Elche,Valladolid,1,1,D,24,5,10,1,19,11,10,3,4,6,0,2,2.7,3.3,2.7,2.72,3.35,2.77,,,,,,,,2022/2023
SP1,2023-03-11,Celta,Vallecano,3,0,H,15,12,6,3,13,12,3,7,2,3,0,0,2.1,3.2,4.0,2.13,3.2,4.05,,,,,,,,2022/2023
SP1,2023-03-11,Valencia,Osasuna,1,0,H,8,7,4,0,8,19,12,3,2,5,0,0,2.1,3.2,3.8,2.12,3.24,4.04,,,,,,,,2022/2023
SP1,2023-03-12,Mallorca,Sociedad,1,1,D,8,8,2,2,19,20,3,2,2,2,0,1,3.5,2.9,2.38,3.68,2.92,2.42,,,,,,,,2022/2023
SP1,2023-03-12,Sevilla,Almeria,2,1,H,27,13,5,5,8,11,6,4,4,4,0,0,1.73,3.6,5.25,1.77,3.73,5.09,,,,,,,,2022/2023
SP1,2023-03-12,Villarreal,Real Betis,1,1,D,15,6,4,3,8,11,2,4,3,2,0,0,1.95,3.6,3.8,2.01,3.75,3.79,,,,,,,,2022/2023
SP1,2023-03-12,Athletic Bilbao,Barcelona,0,1,A,15,10,5,2,13,7,5,3,2,1,0,0,3.5,3.3,2.15,3.61,3.42,2.18,,,,,,,,2022/2023
SP1,2023-03-13,Girona,Atletico Madrid,0,1,A,6,14,4,4,6,12,1,3,2,3,0,0,3.75,3.4,2.05,3.75,3.4,2.14,,,,,,,,2022/2023
SP1,2023-03-17,Valladolid,Athletic Bilbao,1,3,A,15,15,3,6,9,14,2,9,2,2,0,0,4.2,3.6,1.83,4.46,3.76,1.87,,,,,,,,2022/2023
SP1,2023-03-18,Vallecano,Girona,2,2,D,15,12,3,4,15,16,3,5,2,2,0,0,2.0,3.4,3.8,2.11,3.44,3.79,,,,,,,,2022/2023
SP1,2023-03-18,Almeria,Cadiz,1,1,D,17,10,5,4,12,12,5,2,1,4,0,0,2.0,3.5,3.6,2.1,3.43,3.85,,,,,,,,2022/2023
SP1,2023-03-18,Atletico Madrid,Valencia,3,0,H,14,9,6,1,12,9,4,2,2,0,0,0,1.55,4.2,5.75,1.56,4.05,7.06,,,,,,,,2022/2023
SP1,2023-03-18,Espanol,Celta,1,3,A,11,8,3,4,11,12,4,1,2,2,0,0,2.75,3.25,2.55,2.94,3.24,2.64,,,,,,,,2022/2023
SP1,2023-03-19,Real Betis,Mallorca,1,0,H,10,5,3,1,8,15,4,4,1,2,0,0,1.8,3.2,5.25,1.89,3.31,5.05,,,,,,,,2022/2023
SP1,2023-03-19,Osasuna,Villarreal,0,3,A,10,12,2,6,15,7,7,1,3,2,0,0,3.0,3.1,2.45,3.2,3.25,2.46,,,,,,,,2022/2023
SP1,2023-03-19,Sociedad,Elche,2,0,H,17,4,4,3,16,16,5,3,2,1,0,0,1.4,4.75,8.5,1.41,4.67,9.19,,,,,,,,2022/2023
SP1,2023-03-19,Getafe,Sevilla,2,0,H,15,11,4,4,22,10,4,1,4,2,0,0,2.9,3.1,2.5,3.04,3.07,2.69,,,,,,,,2022/2023
SP1,2023-03-19,Barcelona,Real Madrid,2,1,H,17,11,7,3,12,13,8,1,4,3,0,0,2.15,3.5,3.25,2.25,3.56,3.31,,,,,,,,2022/2023
SP1,2023-03-31,Mallorca,Osasuna,0,0,D,10,11,1,2,19,17,2,3,7,3,1,0,2.2,2.9,3.9,2.26,2.87,4.21,,,,,,,,2022/2023
SP1,2023-04-01,Cadiz,Sevilla,0,2,A,14,11,3,5,9,14,8,4,3,4,0,0,3.4,3.1,2.3,3.4,3.14,2.41,,,,,,,,2022/2023
SP1,2023-04-01,Elche,Barcelona,0,4,A,15,12,2,6,11,11,11,3,0,3,0,0,9.5,5.0,1.33,9.78,5.37,1.34,,,,,,,,2022/2023
SP1,2023-04-01,Girona,Espanol,2,1,H,14,5,4,1,12,16,5,2,4,2,0,1,1.91,3.3,4.33,1.94,3.5,4.38,,,,,,,,2022/2023
SP1,2023-04-01,Athletic Bilbao,Getafe,0,0,D,17,9,3,1,8,9,13,3,0,0,0,0,1.57,3.8,6.5,1.63,3.7,6.74,,,,,,,,2022/2023
SP1,2023-04-02,Real Madrid,Valladolid,6,0,H,30,12,17,2,17,11,9,1,0,1,0,0,1.2,7.5,11.0,1.21,7.44,13.47,,,,,,,,2022/2023
SP1,2023-04-02,Celta,Almeria,2,2,D,21,8,5,3,13,12,4,1,3,5,0,0,1.55,4.0,6.0,1.58,4.22,6.21,,,,,,,,2022/2023
SP1,2023-04-02,Atletico Madrid,Real Betis,1,0,H,13,6,7,2,20,11,5,1,1,2,0,0,1.53,4.0,6.5,1.54,4.27,6.78,,,,,,,,2022/2023
SP1,2023-04-02,Villarreal,Sociedad,2,0,H,16,16,4,3,12,19,4,4,5,3,1,0,2.4,3.1,3.2,2.46,3.23,3.21,,,,,,,,2022/2023
SP1,2023-04-03,Valencia,Vallecano,1,1,D,18,7,4,2,15,16,13,3,2,3,0,0,2.05,3.2,3.8,2.16,3.23,3.91,,,,,,,,2022/2023
SP1,2023-04-07,Sevilla,Celta,2,2,D,7,9,2,4,11,9,8,3,6,2,2,0,2.1,3.4,3.5,2.22,3.41,3.58,,,,,,,,2022/2023
SP1,2023-04-08,Sociedad,Getafe,2,0,H,11,6,6,4,11,9,3,2,2,1,0,0,1.7,3.3,6.0,1.71,3.43,6.46,,,,,,,,2022/2023
SP1,2023-04-08,Real Madrid,Villarreal,2,3,A,18,17,4,8,8,19,6,7,0,3,0,0,1.53,4.33,5.75,1.54,4.57,6.15,,,,,,,,2022/2023
SP1,2023-04-08,Osasuna,Elche,2,1,H,22,7,6,1,15,7,9,2,1,3,0,0,1.73,3.6,5.0,1.77,3.57,5.39,,,,,,,,2022/2023
SP1,2023-04-08,Espanol,Athletic Bilbao,1,2,A,9,12,2,7,14,18,8,7,6,4,1,0,3.5,3.2,2.2,3.59,3.24,2.27,,,,,,,,2022/2023
SP1,2023-04-09,Almeria,Valencia,2,1,H,10,11,4,4,11,11,3,7,3,2,0,0,3.0,3.3,2.4,3.13,3.38,2.43,,,,,,,,2022/2023
SP1,2023-04-09,Valladolid,Mallorca,3,3,D,10,14,6,6,13,20,1,2,3,5,0,0,2.5,2.9,3.2,2.66,2.83,3.36,,,,,,,,2022/2023
SP1,2023-04-09,Real Betis,Cadiz,0,2,A,9,15,3,4,18,16,5,6,3,3,2,0,1.62,3.75,5.75,1.68,3.76,5.96,,,,,,,,2022/2023
SP1,2023-04-09,Vallecano,Atletico Madrid,1,2,A,15,14,3,4,8,7,8,2,0,0,1,0,4.33,3.5,1.85,4.68,3.45,1.9,,,,,,,,2022/2023
SP1,2023-04-10,Barcelona,Girona,0,0,D,18,5,3,0,14,14,12,2,0,2,0,0,1.3,5.5,10.0,1.31,5.83,10.1,,,,,,,,2022/2023
SP1,2023-04-14,Vallecano,Osasuna,2,1,H,12,8,3,4,18,16,2,3,2,3,0,0,2.2,3.1,3.6,2.22,3.13,3.87,,,,,,,,2022/2023
SP1,2023-04-15,Villarreal,Valladolid,1,2,A,22,14,7,7,9,18,8,5,1,6,0,0,1.44,4.75,6.5,1.44,4.96,7.39,,,,,,,,2022/2023
SP1,2023-04-15,Athletic Bilbao,Sociedad,2,0,H,13,13,5,4,16,14,5,2,5,2,0,0,2.25,3.1,3.5,2.3,3.15,3.62,,,,,,,,2022/2023
SP1,2023-04-15,Real Betis,Espanol,3,1,H,15,13,8,4,9,13,4,13,2,2,0,0,1.83,3.5,4.5,1.85,3.6,4.74,,,,,,,,2022/2023
SP1,2023-04-15,Cadiz,Real Madrid,0,2,A,12,35,3,11,12,7,2,9,1,0,0,0,5.75,4.2,1.55,5.79,4.3,1.6,,,,,,,,2022/2023
SP1,2023-04-16,Girona,Elche,2,0,H,14,13,4,5,9,14,3,4,3,3,0,1,1.53,4.33,6.0,1.54,4.37,6.51,,,,,,,,2022/2023
SP1,2023-04-16,Getafe,Barcelona,0,0,D,5,15,1,3,13,12,1,5,2,1,0,0,6.0,3.8,1.6,6.37,3.9,1.62,,,,,,,,2022/2023
SP1,2023-04-16,Atletico Madrid,Almeria,2,1,H,19,2,7,0,7,8,9,2,3,3,0,0,1.22,7.0,11.0,1.23,6.46,14.07,,,,,,,,2022/2023
SP1,2023-04-16,Valencia,Sevilla,0,2,A,13,6,3,3,10,17,6,2,1,4,1,0,2.2,3.2,3.6,2.22,3.31,3.63,,,,,,,,2022/2023
SP1,2023-04-17,Celta,Mallorca,0,1,A,12,8,3,2,10,19,7,5,2,1,1,0,1.8,3.3,5.25,1.82,3.36,5.5,,,,,,,,2022/2023
SP1,2023-04-21,Espanol,Cadiz,0,0,D,14,11,5,2,8,22,6,3,4,2,0,0,2.05,3.25,3.8,2.1,3.37,4.0,,,,,,,,2022/2023
SP1,2023-04-22,Sociedad,Vallecano,2,1,H,7,7,1,2,18,19,3,3,1,2,0,0,1.67,3.5,6.0,1.67,3.69,6.17,,,,,,,,2022/2023
SP1,2023-04-22,Osasuna,Real Betis,3,2,H,10,21,5,6,20,13,5,13,2,0,0,0,2.55,3.2,2.88,2.7,3.18,2.92,,,,,,,,2022/2023
SP1,2023-04-22,Valladolid,Girona,1,0,H,15,12,6,6,14,9,5,7,1,1,0,0,2.5,3.4,2.8,2.49,3.52,2.93,,,,,,,,2022/2023
SP1,2023-04-22,Real Madrid,Celta,2,0,H,17,12,5,2,10,10,8,3,1,2,0,0,1.36,5.0,9.0,1.38,5.42,8.07,,,,,,,,2022/2023
SP1,2023-04-22,Almeria,Athletic Bilbao,1,2,A,12,14,4,3,8,20,3,4,2,4,0,0,3.8,3.75,1.85,4.16,3.78,1.91,,,,,,,,2022/2023
SP1,2023-04-23,Elche,Valencia,0,2,A,7,5,1,3,12,6,11,6,3,1,0,0,4.33,3.5,1.85,4.53,3.58,1.89,,,,,,,,2022/2023
SP1,2023-04-23,Barcelona,Atletico Madrid,1,0,H,13,13,4,3,15,16,3,3,4,7,0,0,1.95,3.3,4.2,1.98,3.47,4.23,,,,,,,,2022/2023
SP1,2023-04-23,Mallorca,Getafe,3,1,H,8,3,4,1,15,18,2,2,2,3,0,0,2.3,2.88,3.75,2.41,2.8,3.92,,,,,,,,2022/2023
SP1,2023-04-23,Sevilla,Villarreal,2,1,H,17,17,4,5,12,10,5,3,1,2,0,0,2.75,3.4,2.55,2.87,3.46,2.57,,,,,,,,2022/2023
SP1,2023-04-25,Cadiz,Osasuna,0,1,A,20,6,4,4,8,15,11,2,0,1,0,1,2.3,3.1,3.4,2.4,3.22,3.39,,,,,,,,2022/2023
SP1,2023-04-25,Girona,Real Madrid,4,2,H,13,18,5,3,7,6,3,8,1,2,0,0,5.25,4.33,1.57,5.56,4.55,1.6,,,,,,,,2022/2023
SP1,2023-04-25,Real Betis,Sociedad,0,0,D,10,10,1,3,13,23,2,4,1,3,0,0,2.75,3.25,2.63,2.88,3.28,2.71,,,,,,,,2022/2023
SP1,2023-04-26,Atletico Madrid,Mallorca,3,1,H,24,6,9,2,10,9,5,8,0,0,0,0,1.4,4.33,8.5,1.43,4.3,9.97,,,,,,,,2022/2023
SP1,2023-04-26,Getafe,Almeria,1,2,A,21,23,9,11,15,9,4,6,2,2,1,0,1.91,3.3,4.5,1.9,3.53,4.53,,,,,,,,2022/2023
SP1,2023-04-26,Celta,Elche,1,0,H,17,16,9,1,9,12,10,6,0,0,0,0,1.3,5.25,10.0,1.33,5.33,10.76,,,,,,,,2022/2023
SP1,2023-04-26,Vallecano,Barcelona,2,1,H,9,10,6,5,10,14,3,9,1,4,0,0,4.75,3.75,1.73,5.02,3.84,1.75,,,,,,,,2022/2023
SP1,2023-04-27,Valencia,Valladolid,2,1,H,18,8,5,2,16,17,6,2,0,4,0,0,1.75,3.75,4.75,1.75,3.85,5.03,,,,,,,,2022/2023
SP1,2023-04-27,Villarreal,Espanol,4,2,H,31,13,13,4,14,10,9,2,2,4,0,1,1.57,4.0,6.0,1.6,4.17,6.01,,,,,,,,2022/2023
SP1,2023-04-27,Athletic Bilbao,Sevilla,0,1,A,7,4,2,1,7,11,8,2,3,3,0,0,1.75,3.6,4.5,1.8,3.73,4.85,,,,,,,,2022/2023
SP1,2023-04-28,Osasuna,Sociedad,0,2,A,13,12,1,8,12,15,4,2,3,1,0,0,3.75,3.0,2.2,4.02,3.02,2.26,,,,,,,,2022/2023
SP1,2023-04-29,Elche,Vallecano,4,0,H,18,14,9,3,13,16,3,8,1,2,0,1,4.75,3.5,1.8,4.84,3.6,1.83,,,,,,,,2022/2023
SP1,2023-04-29,Real Madrid,Almeria,4,2,H,15,9,12,3,12,16,7,0,2,2,0,0,1.14,8.5,15.0,1.17,8.84,14.49,,,,,,,,2022/2023
SP1,2023-04-29,Barcelona,Real Betis,4,0,H,15,4,8,1,10,9,10,0,0,2,0,1,1.33,5.0,9.0,1.36,5.35,9.18,,,,,,,,2022/2023
SP1,2023-04-30,Cadiz,Valencia,2,1,H,8,16,4,4,14,10,5,6,6,2,0,0,3.1,3.1,2.45,3.04,3.25,2.56,,,,,,,,2022/2023
SP1,2023-04-30,Villarreal,Celta,3,1,H,9,14,3,5,12,11,4,9,1,4,0,0,1.8,3.6,4.5,1.83,3.93,4.34,,,,,,,,2022/2023
SP1,2023-04-30,Espanol,Getafe,1,0,H,17,7,8,2,12,23,6,3,3,5,0,0,2.38,3.0,3.3,2.44,3.03,3.48,,,,,,,,2022/2023
SP1,2023-04-30,Valladolid,Atletico Madrid,2,5,A,19,9,6,6,14,8,9,1,2,1,0,0,5.5,3.8,1.65,5.41,4.12,1.66,,,,,,,,2022/2023
SP1,2023-05-01,Mallorca,Athletic Bilbao,1,1,D,9,16,2,6,17,9,5,7,4,2,0,0,3.6,3.0,2.25,3.66,3.05,2.34,,,,,,,,2022/2023
SP1,2023-05-01,Sevilla,Girona,0,2,A,23,9,5,3,14,11,6,1,1,1,0,0,1.95,3.5,3.8,2.01,3.55,4.02,,,,,,,,2022/2023
SP1,2023-05-02,Almeria,Elche,2,1,H,10,14,4,1,8,9,7,13,2,2,0,0,1.62,4.33,5.0,1.63,4.37,5.42,,,,,,,,2022/2023
SP1,2023-05-02,Barcelona,Osasuna,1,0,H,21,7,4,2,7,10,11,0,0,0,0,1,1.14,7.5,19.0,1.19,7.5,18.0,,,,,,,,2022/2023
SP1,2023-05-02,Sociedad,Real Madrid,2,0,H,9,10,4,5,17,9,2,6,1,5,0,1,2.55,3.4,2.8,2.57,3.4,2.95,,,,,,,,2022/2023
SP1,2023-05-03,Valencia,Villarreal,1,1,D,8,11,1,4,14,13,6,6,4,2,0,0,2.75,3.3,2.55,2.78,3.47,2.64,,,,,,,,2022/2023
SP1,2023-05-03,Atletico Madrid,Cadiz,5,1,H,18,2,8,1,12,9,5,2,3,2,0,0,1.29,5.5,12.0,1.28,5.86,12.9,,,,,,,,2022/2023
SP1,2023-05-03,Getafe,Celta,1,0,H,14,7,4,1,21,14,1,5,7,5,0,1,2.55,3.0,3.1,2.59,3.03,3.21,,,,,,,,2022/2023
SP1,2023-05-04,Sevilla,Espanol,3,2,H,18,7,6,3,15,11,9,0,1,2,0,0,1.83,3.6,4.2,1.85,3.65,4.66,,,,,,,,2022/2023
SP1,2023-05-04,Athletic Bilbao,Real Betis,0,1,A,21,12,6,2,13,7,13,2,1,3,1,0,1.7,4.0,4.75,1.68,3.96,5.54,,,,,,,,2022/2023
SP1,2023-05-04,Girona,Mallorca,2,1,H,17,8,7,2,9,13,9,5,4,0,0,0,2.1,3.2,3.75,2.14,3.26,3.95,,,,,,,,2022/2023
SP1,2023-05-04,Vallecano,Valladolid,2,1,H,16,7,6,4,18,15,3,4,0,0,0,0,1.73,3.8,4.75,1.81,3.74,4.73,,,,,,,,2022/2023
SP1,2023-05-12,Mallorca,Cadiz,1,0,H,8,14,3,4,16,14,3,7,5,3,0,0,2.15,2.9,4.0,2.25,3.02,4.05,,,,,,,,2022/2023
SP1,2023-05-13,Osasuna,Almeria,3,1,H,18,8,7,3,7,7,4,1,0,0,0,0,2.05,3.5,3.6,2.09,3.68,3.61,,,,,,,,2022/2023
SP1,2023-05-13,Sociedad,Girona,2,2,D,18,13,6,6,22,13,7,4,5,3,0,1,1.62,4.0,5.5,1.66,3.96,5.69,,,,,,,,2022/2023
SP1,2023-05-13,Real Madrid,Getafe,1,0,H,16,9,3,2,5,23,1,3,1,4,0,0,1.55,4.0,6.5,1.59,4.18,6.11,,,,,,,,2022/2023
SP1,2023-05-13,Villarreal,Athletic Bilbao,5,1,H,17,11,11,5,11,13,7,5,4,3,0,0,2.1,3.5,3.4,2.17,3.56,3.5,,,,,,,,2022/2023
SP1,2023-05-14,Celta,Valencia,1,2,A,10,12,6,5,13,19,5,4,3,5,0,1,2.2,3.3,3.4,2.32,3.22,3.5,,,,,,,,2022/2023
SP1,2023-05-14,Elche,Atletico Madrid,1,0,H,15,13,4,4,16,3,3,5,2,0,0,0,8.0,5.0,1.36,9.07,5.3,1.36,,,,,,,,2022/2023
SP1,2023-05-14,Valladolid,Sevilla,0,3,A,28,17,6,5,9,16,8,3,2,1,0,0,2.25,3.5,3.1,2.25,3.63,3.25,,,,,,,,2022/2023
SP1,2023-05-14,Espanol,Barcelona,2,4,A,15,15,7,5,12,9,4,3,1,3,0,0,5.25,4.0,1.65,5.61,4.17,1.63,,,,,,,,2022/2023
SP1,2023-05-15,Real Betis,Vallecano,3,1,H,11,16,5,4,11,9,6,5,3,2,0,1,1.91,3.5,4.0,1.93,3.59,4.27,,,,,,,,2022/2023
SP1,2023-05-19,Cadiz,Valladolid,2,0,H,11,6,4,2,18,18,4,3,4,4,0,1,2.2,3.4,3.3,2.28,3.43,3.35,,,,,,,,2022/2023
SP1,2023-05-20,Girona,Villarreal,1,2,A,9,10,3,5,16,11,3,1,2,1,0,0,2.8,3.75,2.3,2.88,3.83,2.38,,,,,,,,2022/2023
SP1,2023-05-20,Athletic Bilbao,Celta,2,1,H,10,8,3,3,17,12,8,5,4,1,0,0,1.62,3.8,5.5,1.66,3.99,5.65,,,,,,,,2022/2023
SP1,2023-05-20,Almeria,Mallorca,3,0,H,12,7,3,3,11,15,4,6,1,2,0,0,2.25,3.25,3.3,2.32,3.33,3.38,,,,,,,,2022/2023
SP1,2023-05-20,Getafe,Elche,1,1,D,9,13,5,4,19,11,5,6,3,1,0,0,1.5,4.0,7.0,1.51,4.2,7.67,,,,,,,,2022/2023
SP1,2023-05-20,Barcelona,Sociedad,1,2,A,13,13,4,6,8,16,8,2,4,4,0,0,1.8,3.75,4.33,1.84,3.82,4.45,,,,,,,,2022/2023
SP1,2023-05-21,Vallecano,Espanol,1,2,A,15,10,5,6,8,11,4,4,2,2,0,0,2.15,3.4,3.4,2.17,3.53,3.51,,,,,,,,2022/2023
SP1,2023-05-21,Atletico Madrid,Osasuna,3,0,H,15,12,5,2,6,11,8,10,0,2,0,0,1.36,4.75,8.0,1.39,5.09,8.48,,,,,,,,2022/2023
SP1,2023-05-21,Valencia,Real Madrid,1,0,H,12,13,6,5,13,4,2,9,4,2,0,1,3.2,3.5,2.2,3.24,3.7,2.22,,,,,,,,2022/2023
SP1,2023-05-21,Sevilla,Real Betis,0,0,D,10,5,4,0,14,11,4,3,2,2,0,1,2.3,3.3,3.1,2.37,3.42,3.18,,,,,,,,2022/2023
SP1,2023-05-23,Celta,Girona,1,1,D,16,11,7,4,13,13,9,3,0,0,0,0,2.0,3.5,3.75,2.05,3.54,3.87,,,,,,,,2022/2023
SP1,2023-05-23,Sociedad,Almeria,1,0,H,15,2,2,2,20,8,10,2,0,1,0,1,1.36,5.0,8.0,1.38,5.05,9.06,,,,,,,,2022/2023
SP1,2023-05-23,Valladolid,Barcelona,3,1,H,8,16,4,6,13,9,2,6,1,0,0,0,3.6,3.8,1.91,3.62,3.94,2.0,,,,,,,,2022/2023
SP1,2023-05-24,Elche,Sevilla,1,1,D,20,9,7,3,12,10,9,5,1,4,0,1,4.0,3.75,1.91,4.1,3.79,1.92,,,,,,,,2022/2023
SP1,2023-05-24,Real Madrid,Vallecano,2,1,H,12,15,3,6,11,14,5,2,1,3,0,0,1.62,4.0,5.25,1.65,4.32,5.13,,,,,,,,2022/2023
SP1,2023-05-24,Villarreal,Cadiz,2,0,H,13,16,7,8,14,8,7,6,1,2,0,0,1.44,4.5,7.0,1.49,4.59,7.06,,,,,,,,2022/2023
SP1,2023-05-24,Real Betis,Getafe,0,1,A,11,9,4,2,8,12,2,5,2,5,1,0,2.0,3.2,4.2,2.08,3.28,4.12,,,,,,,,2022/2023
SP1,2023-05-24,Espanol,Atletico Madrid,3,3,D,26,16,13,7,6,9,16,1,2,3,0,0,2.88,3.5,2.38,3.04,3.68,2.35,,,,,,,,2022/2023
SP1,2023-05-25,Mallorca,Valencia,1,0,H,4,15,3,5,15,12,2,4,4,2,0,0,3.3,3.0,2.4,3.43,2.97,2.5,,,,,,,,2022/2023
SP1,2023-05-25,Osasuna,Athletic Bilbao,2,0,H,9,10,3,5,17,13,3,6,3,3,0,0,3.0,3.25,2.45,3.08,3.37,2.46,,,,,,,,2022/2023
SP1,2023-05-27,Sevilla,Real Madrid,1,2,A,11,6,1,3,23,10,1,1,2,4,1,0,2.88,3.5,2.4,2.94,3.5,2.49,,,,,,,,2022/2023
SP1,2023-05-28,Almeria,Valladolid,0,0,D,23,8,7,2,11,16,2,4,0,4,0,0,2.25,3.4,3.1,2.35,3.47,3.18,,,,,,,,2022/2023
SP1,2023-05-28,Athletic Bilbao,Elche,0,1,A,27,6,8,2,7,10,19,3,1,1,0,0,1.3,5.0,11.0,1.35,5.56,9.18,,,,,,,,2022/2023
SP1,2023-05-28,Atletico Madrid,Sociedad,2,1,H,11,10,5,5,8,10,6,4,2,2,0,0,2.0,3.5,3.6,2.08,3.48,3.83,,,,,,,,2022/2023
SP1,2023-05-28,Barcelona,Mallorca,3,0,H,28,3,9,1,4,9,14,3,0,0,0,1,1.33,5.0,9.5,1.33,5.59,10.15,,,,,,,,2022/2023
SP1,2023-05-28,Cadiz,Celta,1,0,H,13,9,3,4,16,10,3,3,9,5,0,0,2.6,3.1,2.75,2.72,3.23,2.86,,,,,,,,2022/2023
SP1,2023-05-28,Getafe,Osasuna,2,1,H,16,10,6,2,11,6,1,1,3,1,0,0,2.2,3.1,3.5,2.29,3.13,3.69,,,,,,,,2022/2023
SP1,2023-05-28,Girona,Real Betis,1,2,A,9,18,3,7,14,12,8,5,0,1,0,0,1.95,3.6,3.6,1.99,3.71,3.91,,,,,,,,2022/2023
SP1,2023-05-28,Valencia,Espanol,2,2,D,19,9,4,5,12,12,10,3,0,4,0,0,2.0,3.75,3.4,2.02,3.78,3.71,,,,,,,,2022/2023
SP1,2023-05-28,Vallecano,Villarreal,2,1,H,15,7,4,2,9,9,4,6,3,5,0,0,3.0,3.6,2.2,3.08,3.92,2.23,,,,,,,,2022/2023
SP1,2023-06-04,Villarreal,Atletico Madrid,2,2,D,22,9,7,3,9,12,12,1,3,2,0,1,2.7,3.5,2.5,2.67,3.69,2.58,,,,,,,,2022/2023
SP1,2023-06-04,Mallorca,Vallecano,3,0,H,8,20,4,4,14,15,2,6,0,0,0,0,3.0,3.3,2.38,3.1,3.41,2.4,,,,,,,,2022/2023
SP1,2023-06-04,Osasuna,Girona,2,1,H,14,11,7,6,12,9,5,2,1,5,0,0,2.05,3.6,3.4,2.16,3.59,3.42,,,,,,,,2022/2023
SP1,2023-06-04,Real Madrid,Athletic Bilbao,1,1,D,9,15,2,9,11,14,5,6,2,2,0,0,1.91,3.75,3.75,1.93,3.97,3.81,,,,,,,,2022/2023
SP1,2023-06-04,Sociedad,Sevilla,2,1,H,17,9,6,4,10,13,5,2,0,1,0,0,1.73,3.9,4.6,1.72,4.17,4.65,,,,,,,,2022/2023
SP1,2023-06-04,Celta,Barcelona,2,1,H,12,9,9,2,13,9,2,4,2,2,0,0,2.6,3.8,2.5,2.61,3.85,2.57,,,,,,,,2022/2023
SP1,2023-06-04,Elche,Cadiz,1,1,D,12,14,5,3,18,8,7,4,4,3,0,0,2.63,3.4,2.63,2.72,3.34,2.73,,,,,,,,2022/2023
SP1,2023-06-04,Espanol,Almeria,3,3,D,12,11,8,4,11,12,7,6,2,3,0,0,2.75,3.8,2.38,2.82,3.69,2.46,,,,,,,,2022/2023
SP1,2023-06-04,Valladolid,Getafe,0,0,D,15,4,0,1,9,25,6,1,1,3,0,0,2.2,3.3,3.4,2.28,3.32,3.39,,,,,,,,2022/2023
SP1,2023-06-04,Real Betis,Valencia,1,1,D,8,10,3,3,11,11,5,4,3,0,0,1,2.63,3.6,2.5,2.86,3.59,2.47,,,,,,,,2022/2023
SP1,2023-08-11,Almeria,Vallecano,0,2,A,19,10,5,4,16,25,8,3,1,3,0,0,2.45,3.3,2.9,2.62,3.3,2.96,,,,,,,,2023/2024
SP1,2023-08-11,Sevilla,Valencia,1,2,A,9,10,3,3,15,17,8,1,3,2,1,0,1.91,3.5,4.2,1.95,3.47,4.48,,,,,,,,2023/2024
SP1,2023-08-12,Las Palmas,Mallorca,1,1,D,5,12,2,2,11,21,3,6,3,2,0,0,2.4,3.0,3.3,2.45,3.02,3.46,,,,,,,,2023/2024
SP1,2023-08-12,Athletic Bilbao,Real Madrid,0,2,A,7,14,1,8,18,6,7,5,3,1,0,0,3.3,3.5,2.15,3.43,3.58,2.19,,,,,,,,2023/2024
SP1,2023-08-12,Sociedad,Girona,1,1,D,15,6,2,1,22,9,4,1,2,5,0,0,1.62,4.0,5.25,1.65,4.05,5.66,,,,,,,,2023/2024
SP1,2023-08-13,Villarreal,Real Betis,1,2,A,18,12,5,5,13,17,9,4,1,3,0,0,1.75,4.0,4.2,1.81,3.98,4.43,,,,,,,,2023/2024
SP1,2023-08-13,Getafe,Barcelona,0,0,D,5,14,2,4,20,11,3,4,8,2,1,1,6.5,3.8,1.57,6.69,4.04,1.57,,,,,,,,2023/2024
SP1,2023-08-13,Celta,Osasuna,0,2,A,11,11,1,5,11,15,7,2,1,1,0,0,2.05,3.2,3.9,2.15,3.19,3.99,,,,,,,,2023/2024
SP1,2023-08-14,Cadiz,Alaves,1,0,H,12,10,3,2,19,15,2,4,3,2,1,0,2.2,3.0,3.75,2.25,3.08,3.86,,,,,,,,2023/2024
SP1,2023-08-14,Atletico Madrid,Granada,3,1,H,14,7,6,4,15,9,3,3,3,1,0,0,1.3,5.5,9.5,1.31,5.76,10.3,,,,,,,,2023/2024
SP1,2023-08-18,Mallorca,Villarreal,0,1,A,8,15,1,3,12,11,6,5,2,4,0,0,2.8,3.2,2.6,3.04,3.13,2.68,,,,,,,,2023/2024
SP1,2023-08-18,Valencia,Las Palmas,1,0,H,9,7,4,1,12,6,6,4,0,0,0,0,1.57,3.9,6.0,1.61,4.02,6.49,,,,,,,,2023/2024
SP1,2023-08-19,Sociedad,Celta,1,1,D,11,17,2,6,12,12,9,7,2,1,0,0,1.73,3.4,5.5,1.76,3.54,5.57,,,,,,,,2023/2024
SP1,2023-08-19,Almeria,Real Madrid,1,3,A,20,24,8,9,10,13,4,5,1,0,0,0,8.0,4.75,1.4,8.15,5.11,1.4,,,,,,,,2023/2024
SP1,2023-08-19,Osasuna,Athletic Bilbao,0,2,A,18,8,7,2,9,14,5,3,1,5,1,1,2.9,3.0,2.63,2.89,3.1,2.79,,,,,,,,2023/2024
SP1,2023-08-20,Girona,Getafe,3,0,H,7,9,6,2,11,20,3,2,2,5,0,0,2.05,3.1,4.0,2.06,3.22,4.31,,,,,,,,2023/2024
SP1,2023-08-20,Barcelona,Cadiz,2,0,H,23,10,10,1,9,22,10,2,4,3,0,0,1.2,7.0,13.0,1.21,6.9,14.96,,,,,,,,2023/2024
SP1,2023-08-20,Real Betis,Atletico Madrid,0,0,D,14,5,0,1,10,8,2,7,2,1,0,0,3.8,3.4,2.0,3.93,3.57,2.02,,,,,,,,2023/2024
SP1,2023-08-21,Alaves,Sevilla,4,3,H,14,12,7,2,14,13,4,4,1,2,0,0,3.3,3.1,2.35,3.45,3.1,2.41,,,,,,,,2023/2024
SP1,2023-08-21,Granada,Vallecano,0,2,A,14,17,7,9,14,11,5,6,2,1,1,0,2.75,3.0,2.8,2.68,3.09,3.03,,,,,,,,2023/2024
SP1,2023-08-25,Las Palmas,Sociedad,0,0,D,11,8,5,1,7,29,5,7,1,4,0,0,4.33,3.1,2.0,4.23,3.36,2.04,,,,,,,,2023/2024
SP1,2023-08-25,Celta,Real Madrid,0,1,A,13,10,4,3,19,14,3,5,2,3,0,0,4.75,3.9,1.7,4.93,3.97,1.75,,,,,,,,2023/2024
SP1,2023-08-26,Cadiz,Almeria,1,1,D,11,5,3,2,16,22,7,3,0,5,1,1,2.25,3.2,3.3,2.24,3.44,3.44,,,,,,,,2023/2024
SP1,2023-08-26,Granada,Mallorca,3,2,H,10,10,4,5,11,27,5,3,2,7,0,0,2.6,3.0,3.0,2.71,3.03,3.05,,,,,,,,2023/2024
SP1,2023-08-26,Sevilla,Girona,1,2,A,21,8,4,3,11,18,6,6,2,1,0,0,2.05,3.4,3.6,2.1,3.52,3.73,,,,,,,,2023/2024
SP1,2023-08-27,Villarreal,Barcelona,3,4,A,13,21,6,11,12,14,2,6,3,3,0,0,3.6,3.5,2.0,3.62,3.76,2.06,,,,,,,,2023/2024
SP1,2023-08-27,Valencia,Osasuna,1,2,A,16,7,4,2,13,12,6,3,3,4,0,0,1.91,3.4,4.0,1.89,3.56,4.53,,,,,,,,2023/2024
SP1,2023-08-27,Athletic Bilbao,Real Betis,4,2,H,14,7,6,3,23,11,5,3,4,2,0,0,1.85,3.5,4.2,1.96,3.7,4.0,,,,,,,,2023/2024
SP1,2023-08-28,Getafe,Alaves,1,0,H,15,16,4,2,13,15,4,5,1,2,0,0,2.2,2.88,3.8,2.36,2.89,3.88,,,,,,,,2023/2024
SP1,2023-08-28,Vallecano,Atletico Madrid,0,7,A,12,17,3,10,19,17,8,3,4,3,0,0,4.2,3.3,1.95,4.16,3.48,2.0,,,,,,,,2023/2024
SP1,2023-09-01,Cadiz,Villarreal,3,1,H,18,7,4,3,21,15,7,3,5,4,0,1,3.4,3.4,2.15,3.43,3.59,2.21,,,,,,,,2023/2024
SP1,2023-09-01,Almeria,Celta,2,3,A,16,14,5,8,9,9,6,5,1,1,0,0,2.8,3.4,2.5,3.04,3.33,2.55,,,,,,,,2023/2024
SP1,2023-09-02,Sociedad,Granada,5,3,H,15,8,6,5,15,14,2,5,1,5,0,0,1.44,4.5,7.0,1.47,4.63,7.49,,,,,,,,2023/2024
SP1,2023-09-02,Real Madrid,Getafe,2,1,H,26,6,12,2,12,16,11,1,2,6,0,0,1.33,5.25,9.5,1.34,5.13,10.76,,,,,,,,2023/2024
SP1,2023-09-02,Alaves,Valencia,1,0,H,7,9,1,4,18,9,1,2,4,2,0,0,2.9,2.88,2.75,2.96,2.99,2.82,,,,,,,,2023/2024
SP1,2023-09-02,Real Betis,Vallecano,1,0,H,14,15,5,6,22,20,2,3,3,5,0,0,1.95,3.4,4.0,1.98,3.55,4.14,,,,,,,,2023/2024
SP1,2023-09-03,Girona,Las Palmas,1,0,H,11,10,6,5,15,10,3,5,3,3,0,0,1.67,3.8,5.25,1.69,3.83,5.59,,,,,,,,2023/2024
SP1,2023-09-03,Mallorca,Athletic Bilbao,0,0,D,8,11,2,3,12,17,3,5,0,1,0,0,3.3,3.0,2.38,3.3,3.11,2.49,,,,,,,,2023/2024
SP1,2023-09-03,Osasuna,Barcelona,1,2,A,11,9,3,4,6,16,8,5,1,3,1,0,5.25,4.0,1.65,5.37,4.17,1.65,,,,,,,,2023/2024
SP1,2023-09-15,Vallecano,Alaves,2,0,H,20,9,11,1,15,14,5,3,2,3,0,0,2.0,3.25,4.0,2.03,3.23,4.52,,,,,,,,2023/2024
SP1,2023-09-16,Valencia,Atletico Madrid,3,0,H,12,11,8,3,13,17,5,8,1,5,0,0,3.8,3.3,2.05,3.93,3.41,2.08,,,,,,,,2023/2024
SP1,2023-09-16,Athletic Bilbao,Cadiz,3,0,H,20,5,9,4,10,20,5,4,1,4,0,0,1.53,4.0,7.0,1.56,4.17,6.66,,,,,,,,2023/2024
SP1,2023-09-16,Barcelona,Real Betis,5,0,H,17,11,9,2,9,10,9,5,1,2,0,0,1.36,5.25,7.5,1.38,5.4,8.04,,,,,,,,2023/2024
SP1,2023-09-16,Celta,Mallorca,0,1,A,16,7,4,4,9,15,10,1,1,3,0,0,2.0,3.1,4.33,2.08,3.13,4.4,,,,,,,,2023/2024
SP1,2023-09-17,Getafe,Osasuna,3,2,H,11,8,6,3,15,11,6,3,6,2,0,0,2.63,3.0,3.0,2.65,2.93,3.24,,,,,,,,2023/2024
SP1,2023-09-17,Villarreal,Almeria,2,1,H,10,17,4,7,16,6,7,6,2,3,0,0,1.44,4.5,7.0,1.48,4.98,6.38,,,,,,,,2023/2024
SP1,2023-09-17,Sevilla,Las Palmas,1,0,H,26,12,9,2,13,12,7,3,3,5,0,0,1.62,4.0,5.5,1.64,3.93,5.99,,,,,,,,2023/2024
SP1,2023-09-17,Real Madrid,Sociedad,2,1,H,17,15,8,5,11,14,4,3,3,2,0,0,1.65,4.0,5.0,1.69,3.97,5.31,,,,,,,,2023/2024
SP1,2023-09-18,Granada,Girona,2,4,A,12,13,5,7,13,21,4,5,3,3,0,0,2.63,3.5,2.6,2.78,3.44,2.65,,,,,,,,2023/2024
SP1,2023-09-22,Alaves,Athletic Bilbao,0,2,A,15,11,5,3,13,9,3,4,2,2,0,0,4.2,3.0,2.05,4.27,3.16,2.12,,,,,,,,2023/2024
SP1,2023-09-23,Osasuna,Sevilla,0,0,D,16,15,2,3,11,7,7,4,2,3,0,0,2.6,3.1,2.88,2.62,3.22,2.99,,,,,,,,2023/2024
SP1,2023-09-23,Barcelona,Celta,3,2,H,15,13,6,7,10,11,2,3,2,1,0,0,1.29,6.0,9.0,1.29,6.04,10.38,,,,,,,,2023/2024
SP1,2023-09-23,Girona,Mallorca,5,3,H,23,15,10,5,10,12,6,5,1,5,0,0,1.85,3.5,4.2,1.94,3.39,4.54,,,,,,,,2023/2024
SP1,2023-09-23,Almeria,Valencia,2,2,D,17,7,10,5,12,10,8,3,4,2,0,0,3.0,3.6,2.3,3.11,3.53,2.36,,,,,,,,2023/2024
SP1,2023-09-24,Sociedad,Getafe,4,3,H,10,10,6,7,13,24,2,1,3,2,0,0,1.53,3.8,7.0,1.56,3.82,7.76,,,,,,,,2023/2024
SP1,2023-09-24,Atletico Madrid,Real Madrid,3,1,H,10,20,4,5,13,10,6,11,1,3,0,0,2.7,3.4,2.55,2.88,3.37,2.61,,,,,,,,2023/2024
SP1,2023-09-24,Vallecano,Villarreal,1,1,D,11,13,6,6,20,18,2,8,2,3,0,1,2.5,3.5,2.63,2.56,3.54,2.83,,,,,,,,2023/2024
SP1,2023-09-24,Las Palmas,Granada,1,0,H,10,2,3,1,13,19,6,7,6,4,1,0,1.95,3.5,3.6,2.05,3.56,3.87,,,,,,,,2023/2024
SP1,2023-09-24,Real Betis,Cadiz,1,1,D,21,5,7,1,10,14,11,8,2,3,0,0,1.8,3.5,4.5,1.86,3.62,4.64,,,,,,,,2023/2024
SP1,2023-09-26,Sevilla,Almeria,5,1,H,18,10,9,1,15,16,9,4,3,2,0,0,1.67,3.8,5.0,1.7,4.1,5.09,,,,,,,,2023/2024
SP1,2023-09-26,Mallorca,Barcelona,2,2,D,10,10,5,4,19,7,7,2,4,1,1,0,7.5,4.2,1.5,6.98,4.53,1.51,,,,,,,,2023/2024
SP1,2023-09-27,Athletic Bilbao,Getafe,2,2,D,9,13,4,5,9,19,5,4,5,6,1,0,1.62,3.6,6.5,1.64,3.76,6.51,,,,,,,,2023/2024
SP1,2023-09-27,Real Madrid,Las Palmas,2,0,H,21,16,9,2,7,9,7,2,0,1,0,0,1.2,7.0,11.0,1.21,7.24,13.67,,,,,,,,2023/2024
SP1,2023-09-27,Villarreal,Girona,1,2,A,14,17,3,5,9,11,5,6,3,2,0,0,2.25,3.5,3.1,2.22,3.72,3.23,,,,,,,,2023/2024
SP1,2023-09-27,Cadiz,Vallecano,0,0,D,9,9,2,4,16,13,1,2,5,6,0,1,2.5,3.2,2.88,2.64,3.17,3.0,,,,,,,,2023/2024
SP1,2023-09-27,Valencia,Sociedad,0,1,A,9,2,2,1,14,17,0,2,4,7,1,0,2.63,3.1,2.8,2.68,3.18,2.94,,,,,,,,2023/2024
SP1,2023-09-28,Celta,Alaves,1,1,D,8,21,0,11,9,11,2,8,5,3,1,0,1.7,3.6,5.25,1.71,3.59,5.97,,,,,,,,2023/2024
SP1,2023-09-28,Granada,Real Betis,1,1,D,19,13,7,3,14,10,5,7,2,1,0,0,3.0,3.3,2.38,3.11,3.53,2.36,,,,,,,,2023/2024
SP1,2023-09-28,Osasuna,Atletico Madrid,0,2,A,13,4,2,3,14,4,7,2,3,3,1,1,3.4,3.4,2.15,3.68,3.47,2.14,,,,,,,,2023/2024
SP1,2023-09-29,Barcelona,Sevilla,1,0,H,18,12,5,3,11,15,13,3,2,3,0,0,1.36,5.25,8.0,1.39,5.36,7.97,,,,,,,,2023/2024
SP1,2023-09-30,Getafe,Villarreal,0,0,D,22,3,9,0,19,11,6,4,2,4,0,1,2.9,3.1,2.6,3.0,3.25,2.59,,,,,,,,2023/2024
SP1,2023-09-30,Vallecano,Mallorca,2,2,D,19,9,5,4,12,20,5,0,2,5,0,0,2.1,3.1,4.0,2.16,3.16,4.04,,,,,,,,2023/2024
SP1,2023-09-30,Girona,Real Madrid,0,3,A,13,14,3,7,13,14,1,4,2,2,0,1,3.5,4.0,1.95,3.56,4.02,2.0,,,,,,,,2023/2024
SP1,2023-09-30,Sociedad,Athletic Bilbao,3,0,H,8,18,5,3,20,9,5,7,2,2,0,0,2.2,3.2,3.5,2.26,3.3,3.53,,,,,,,,2023/2024
SP1,2023-10-01,Almeria,Granada,3,3,D,17,19,5,4,18,14,1,5,2,1,0,0,1.95,3.6,3.75,1.92,3.68,3.96,,,,,,,,2023/2024
SP1,2023-10-01,Alaves,Osasuna,0,2,A,17,10,3,3,13,13,4,2,2,3,1,0,2.75,3.0,2.8,2.76,2.99,2.89,,,,,,,,2023/2024
SP1,2023-10-01,Atletico Madrid,Cadiz,3,2,H,18,8,9,4,5,10,5,3,1,3,0,0,1.33,5.0,10.0,1.35,4.99,8.91,,,,,,,,2023/2024
SP1,2023-10-01,Real Betis,Valencia,3,0,H,15,9,7,2,11,10,5,3,2,2,0,0,2.3,3.25,3.3,2.31,3.29,3.26,,,,,,,,2023/2024
SP1,2023-10-02,Las Palmas,Celta,2,1,H,16,11,5,3,13,14,4,5,2,1,0,0,2.5,3.2,3.0,2.52,3.15,2.99,,,,,,,,2023/2024
SP1,2023-10-06,Athletic Bilbao,Almeria,3,0,H,23,4,9,1,11,7,6,2,2,0,0,0,1.36,5.0,8.0,1.38,5.41,8.23,,,,,,,,2023/2024
SP1,2023-10-07,Cadiz,Girona,0,1,A,8,20,2,5,12,13,5,5,1,3,1,0,3.25,3.4,2.25,3.28,3.4,2.33,,,,,,,,2023/2024
SP1,2023-10-07,Real Madrid,Osasuna,4,0,H,19,7,9,1,9,6,5,4,2,2,0,0,1.29,6.0,9.5,1.3,5.95,10.38,,,,,,,,2023/2024
SP1,2023-10-07,Mallorca,Valencia,1,1,D,9,11,5,3,17,11,3,6,2,1,0,0,2.5,3.0,3.2,2.54,3.05,3.26,,,,,,,,2023/2024
SP1,2023-10-07,Sevilla,Vallecano,2,2,D,22,7,6,4,16,19,12,2,5,2,0,0,1.85,3.6,4.2,1.91,3.61,4.39,,,,,,,,2023/2024
SP1,2023-10-08,Alaves,Real Betis,1,1,D,15,6,5,2,13,9,5,3,3,3,0,1,2.8,3.25,2.6,2.93,3.2,2.68,,,,,,,,2023/2024
SP1,2023-10-08,Villarreal,Las Palmas,1,2,A,9,8,4,5,17,7,7,2,4,4,0,0,1.6,4.0,5.75,1.63,4.21,5.56,,,,,,,,2023/2024
SP1,2023-10-08,Celta,Getafe,2,2,D,26,3,11,2,14,20,13,1,1,8,0,1,2.05,3.1,4.2,2.07,3.23,4.23,,,,,,,,2023/2024
SP1,2023-10-08,Granada,Barcelona,2,2,D,7,22,2,10,12,7,1,11,4,1,0,0,6.5,5.25,1.4,6.89,5.36,1.43,,,,,,,,2023/2024
SP1,2023-10-08,Atletico Madrid,Sociedad,2,1,H,14,13,5,4,9,12,1,4,3,3,0,0,1.83,3.4,4.5,1.93,3.39,4.59,,,,,,,,2023/2024
SP1,2023-10-20,Osasuna,Granada,2,0,H,12,13,6,3,19,13,1,7,3,4,0,1,1.73,3.8,4.75,1.72,3.99,5.13,,,,,,,,2023/2024
SP1,2023-10-21,Sociedad,Mallorca,1,0,H,14,18,6,7,14,16,2,5,3,3,0,0,1.55,3.8,7.0,1.57,3.91,7.23,,,,,,,,2023/2024
SP1,2023-10-21,Getafe,Real Betis,1,1,D,14,13,4,3,17,11,4,8,5,2,0,0,2.5,3.0,3.1,2.51,3.11,3.25,,,,,,,,2023/2024
SP1,2023-10-21,Sevilla,Real Madrid,1,1,D,17,14,7,5,13,6,4,6,5,2,0,0,4.2,3.6,1.85,4.18,3.91,1.87,,,,,,,,2023/2024
SP1,2023-10-21,Celta,Atletico Madrid,0,3,A,16,12,3,7,10,10,7,5,3,2,1,0,3.5,3.5,2.1,3.65,3.53,2.12,,,,,,,,2023/2024
SP1,2023-10-22,Villarreal,Alaves,1,1,D,12,16,3,7,15,10,9,3,4,3,0,0,1.7,3.75,5.0,1.74,3.98,4.95,,,,,,,,2023/2024
SP1,2023-10-22,Barcelona,Athletic Bilbao,1,0,H,12,10,7,3,11,18,4,7,3,3,0,0,1.62,4.0,5.5,1.68,4.14,5.16,,,,,,,,2023/2024
SP1,2023-10-22,Las Palmas,Vallecano,0,1,A,12,12,6,4,13,11,10,5,4,3,0,1,2.63,3.1,2.8,2.71,3.12,2.96,,,,,,,,2023/2024
SP1,2023-10-22,Girona,Almeria,5,2,H,19,9,8,5,11,14,9,6,1,2,0,0,1.45,4.5,7.0,1.47,4.89,6.71,,,,,,,,2023/2024
SP1,2023-10-23,Valencia,Cadiz,2,0,H,12,5,4,4,16,16,4,6,0,3,0,1,1.75,3.6,5.0,1.78,3.6,5.29,,,,,,,,2023/2024
SP1,2023-10-27,Girona,Celta,1,0,H,12,4,2,2,15,12,10,1,3,2,0,0,1.7,4.2,4.5,1.69,4.27,4.84,,,,,,,,2023/2024
SP1,2023-10-28,Almeria,Las Palmas,1,2,A,10,10,4,3,13,19,3,2,3,1,0,0,2.25,3.5,3.1,2.37,3.46,3.15,,,,,,,,2023/2024
SP1,2023-10-28,Barcelona,Real Madrid,1,2,A,15,13,3,4,15,15,6,3,2,1,0,0,2.55,3.6,2.6,2.55,3.66,2.76,,,,,,,,2023/2024
SP1,2023-10-28,Mallorca,Getafe,0,0,D,15,8,4,0,10,25,8,3,0,1,0,0,2.25,3.0,3.5,2.35,3.03,3.67,,,,,,,,2023/2024
SP1,2023-10-28,Cadiz,Sevilla,2,2,D,10,20,5,10,17,12,2,4,6,4,0,0,3.3,3.25,2.25,3.39,3.37,2.29,,,,,,,,2023/2024
SP1,2023-10-29,Real Betis,Osasuna,2,1,H,9,7,2,1,10,25,6,3,3,4,0,0,2.05,3.5,3.6,2.1,3.4,3.89,,,,,,,,2023/2024
SP1,2023-10-29,Vallecano,Sociedad,2,2,D,16,15,7,3,17,16,4,5,3,2,0,0,3.1,3.2,2.38,3.34,3.11,2.46,,,,,,,,2023/2024
SP1,2023-10-29,Athletic Bilbao,Valencia,2,2,D,12,11,7,5,11,10,10,4,3,1,0,0,1.62,3.8,5.75,1.64,3.96,5.95,,,,,,,,2023/2024
SP1,2023-10-29,Atletico Madrid,Alaves,2,1,H,11,8,7,1,10,11,4,4,3,2,0,0,1.4,4.75,8.5,1.4,4.96,8.74,,,,,,,,2023/2024
SP1,2023-10-30,Granada,Villarreal,2,3,A,18,6,8,5,14,15,4,1,0,4,0,0,3.1,3.5,2.25,3.16,3.62,2.29,,,,,,,,2023/2024
SP1,2023-11-03,Las Palmas,Atletico Madrid,2,1,H,9,13,3,5,12,9,3,4,0,3,0,0,5.75,3.6,1.65,5.74,3.85,1.68,,,,,,,,2023/2024
SP1,2023-11-04,Real Betis,Mallorca,2,0,H,22,8,3,1,13,16,6,1,1,4,0,1,1.91,3.3,4.5,1.93,3.37,4.52,,,,,,,,2023/2024
SP1,2023-11-04,Osasuna,Girona,2,4,A,15,11,3,4,14,10,2,7,5,3,0,0,2.9,3.4,2.4,2.88,3.47,2.51,,,,,,,,2023/2024
SP1,2023-11-04,Sociedad,Barcelona,0,1,A,13,12,6,4,16,8,8,3,3,3,0,0,3.1,3.5,2.25,3.37,3.55,2.2,,,,,,,,2023/2024
SP1,2023-11-04,Celta,Sevilla,1,1,D,15,13,3,5,14,10,4,6,2,5,1,0,2.6,3.4,2.7,2.58,3.49,2.79,,,,,,,,2023/2024
SP1,2023-11-05,Alaves,Almeria,1,0,H,23,9,3,3,13,14,12,6,2,3,0,0,1.75,3.75,4.75,1.78,3.8,4.75,,,,,,,,2023/2024
SP1,2023-11-05,Valencia,Granada,1,0,H,11,6,2,1,20,15,0,4,3,5,0,0,1.65,4.0,5.0,1.66,4.13,5.24,,,,,,,,2023/2024
SP1,2023-11-05,Villarreal,Athletic Bilbao,2,3,A,17,17,6,7,11,18,9,3,4,4,0,0,2.8,3.6,2.4,3.06,3.58,2.34,,,,,,,,2023/2024
SP1,2023-11-05,Real Madrid,Vallecano,0,0,D,22,4,5,0,12,15,11,1,3,5,0,0,1.29,5.5,12.0,1.27,6.24,10.53,,,,,,,,2023/2024
SP1,2023-11-06,Getafe,Cadiz,1,0,H,13,6,3,2,18,12,6,3,7,1,1,0,1.91,3.1,4.75,1.93,3.19,4.88,,,,,,,,2023/2024
SP1,2023-11-10,Athletic Bilbao,Celta,4,3,H,21,13,12,5,15,13,7,2,2,2,0,0,1.67,3.8,5.0,1.69,4.17,5.04,,,,,,,,2023/2024
SP1,2023-11-11,Vallecano,Girona,1,2,A,22,19,9,7,15,13,8,3,1,2,0,0,2.88,3.5,2.4,2.92,3.48,2.48,,,,,,,,2023/2024
SP1,2023-11-11,Real Madrid,Valencia,5,1,H,16,10,7,4,7,26,4,4,1,3,0,0,1.33,5.5,8.5,1.32,5.6,9.7,,,,,,,,2023/2024
SP1,2023-11-11,Almeria,Sociedad,1,3,A,7,18,2,6,18,19,5,5,2,2,0,0,4.75,3.8,1.73,4.83,4.01,1.72,,,,,,,,2023/2024
SP1,2023-11-11,Osasuna,Las Palmas,1,1,D,11,6,3,1,25,10,8,3,1,1,0,0,1.95,3.4,4.0,2.0,3.25,4.42,,,,,,,,2023/2024
SP1,2023-11-11,Granada,Getafe,1,1,D,12,10,6,6,14,9,3,5,4,2,0,0,2.5,3.1,3.0,2.58,3.16,3.04,,,,,,,,2023/2024
SP1,2023-11-12,Barcelona,Alaves,2,1,H,11,8,6,1,11,10,2,1,2,1,0,0,1.25,6.0,11.0,1.24,6.51,11.82,,,,,,,,2023/2024
SP1,2023-11-12,Sevilla,Real Betis,1,1,D,13,14,4,6,18,14,9,5,1,1,0,0,2.05,3.5,3.6,2.17,3.52,3.46,,,,,,,,2023/2024
SP1,2023-11-12,Atletico Madrid,Villarreal,3,1,H,25,11,10,7,8,8,6,3,0,2,0,0,1.36,5.5,7.5,1.38,5.43,7.71,,,,,,,,2023/2024
SP1,2023-11-24,Alaves,Granada,3,1,H,8,11,5,4,10,13,6,2,1,3,0,0,1.7,3.6,5.0,1.76,3.74,5.15,,,,,,,,2023/2024
SP1,2023-11-25,Vallecano,Barcelona,1,1,D,10,15,4,4,23,13,1,4,3,4,0,0,5.25,4.0,1.65,5.39,4.09,1.65,,,,,,,,2023/2024
SP1,2023-11-25,Valencia,Celta,0,0,D,8,13,0,1,13,7,5,7,3,2,0,0,2.2,3.25,3.5,2.19,3.43,3.51,,,,,,,,2023/2024
SP1,2023-11-25,Getafe,Almeria,2,1,H,18,13,5,4,12,8,3,6,2,4,0,0,1.65,3.75,5.5,1.68,3.86,5.46,,,,,,,,2023/2024
SP1,2023-11-25,Atletico Madrid,Mallorca,1,0,H,20,8,3,1,8,19,7,3,0,0,0,0,1.33,5.0,9.5,1.37,4.89,9.37,,,,,,,,2023/2024
SP1,2023-11-26,Cadiz,Real Madrid,0,3,A,13,14,4,5,16,16,4,4,3,3,0,0,6.0,4.5,1.5,6.67,4.68,1.48,,,,,,,,2023/2024
SP1,2023-11-26,Real Betis,Las Palmas,1,0,H,12,15,6,4,7,12,7,6,1,2,0,0,1.7,3.75,5.25,1.65,3.91,5.66,,,,,,,,2023/2024
SP1,2023-11-26,Villarreal,Osasuna,3,1,H,10,15,3,7,9,14,2,4,0,0,0,0,2.15,3.5,3.3,2.17,3.49,3.5,,,,,,,,2023/2024
SP1,2023-11-26,Sociedad,Sevilla,2,1,H,11,8,8,2,22,8,4,4,2,1,0,2,1.75,3.6,4.75,1.76,3.76,4.92,,,,,,,,2023/2024
SP1,2023-11-27,Girona,Athletic Bilbao,1,1,D,12,13,2,6,8,16,2,6,1,1,0,0,2.25,3.5,3.1,2.32,3.69,3.01,,,,,,,,2023/2024
SP1,2023-11-29,Mallorca,Cadiz,1,1,D,16,6,3,3,14,18,7,0,2,3,0,0,1.95,3.2,4.33,1.99,3.21,4.56,,,,,,,,2023/2024
SP1,2023-12-01,Las Palmas,Getafe,2,0,H,11,12,6,4,11,9,4,4,0,5,0,1,2.38,2.9,3.4,2.49,2.95,3.48,,,,,,,,2023/2024
SP1,2023-12-02,Girona,Valencia,2,1,H,9,9,5,3,6,7,3,2,2,3,0,0,1.7,4.0,4.75,1.71,3.97,5.0,,,,,,,,2023/2024
SP1,2023-12-02,Athletic Bilbao,Vallecano,4,0,H,9,11,4,3,15,11,7,2,1,2,0,0,1.57,4.2,5.75,1.57,4.32,5.92,,,,,,,,2023/2024
SP1,2023-12-02,Real Madrid,Granada,2,0,H,11,1,4,0,10,12,6,0,2,1,0,0,1.17,8.0,15.0,1.16,8.84,14.66,,,,,,,,2023/2024
SP1,2023-12-02,Osasuna,Sociedad,1,1,D,9,17,3,5,12,10,1,8,3,3,0,0,3.4,3.25,2.2,3.75,3.24,2.18,,,,,,,,2023/2024
SP1,2023-12-03,Mallorca,Alaves,0,0,D,7,7,3,4,16,15,5,4,4,2,0,0,2.45,3.0,3.25,2.47,2.99,3.41,,,,,,,,2023/2024
SP1,2023-12-03,Almeria,Real Betis,0,0,D,20,6,8,2,12,8,4,6,0,3,0,1,3.2,3.6,2.2,3.36,3.66,2.16,,,,,,,,2023/2024
SP1,2023-12-03,Sevilla,Villarreal,1,1,D,18,5,4,4,6,16,8,4,3,2,0,0,2.0,3.6,3.6,2.05,3.73,3.58,,,,,,,,2023/2024
SP1,2023-12-03,Barcelona,Atletico Madrid,1,0,H,13,9,2,4,17,12,7,2,5,4,0,0,2.0,3.75,3.5,2.05,3.76,3.57,,,,,,,,2023/2024
SP1,2023-12-04,Celta,Cadiz,1,1,D,26,2,7,1,14,18,12,1,1,6,0,1,1.57,3.8,6.5,1.61,4.13,5.8,,,,,,,,2023/2024
SP1,2023-12-08,Getafe,Valencia,1,0,H,8,3,6,0,15,14,7,0,2,4,1,2,2.6,2.9,3.1,2.76,2.88,3.14,,,,,,,,2023/2024
SP1,2023-12-09,Alaves,Las Palmas,0,1,A,19,9,5,2,13,13,12,3,3,4,0,0,2.1,3.0,4.2,2.08,3.16,4.2,,,,,,,,2023/2024
SP1,2023-12-09,Real Betis,Real Madrid,1,1,D,14,12,6,2,14,7,8,6,2,1,0,0,4.2,3.8,1.8,4.39,3.92,1.81,,,,,,,,2023/2024
SP1,2023-12-09,Villarreal,Sociedad,0,3,A,20,16,4,5,10,22,5,3,2,1,0,0,3.4,3.4,2.1,3.45,3.55,2.16,,,,,,,,2023/2024
SP1,2023-12-09,Mallorca,Sevilla,1,0,H,6,19,3,5,15,6,4,12,2,2,0,0,2.75,3.1,2.75,2.69,3.16,2.9,,,,,,,,2023/2024
SP1,2023-12-10,Atletico Madrid,Almeria,2,1,H,13,19,4,5,13,11,3,15,1,0,0,0,1.22,6.5,12.0,1.19,7.63,13.51,,,,,,,,2023/2024
SP1,2023-12-10,Cadiz,Osasuna,1,1,D,12,13,5,5,15,16,2,4,1,2,0,0,2.9,3.1,2.55,2.99,3.14,2.63,,,,,,,,2023/2024
SP1,2023-12-10,Barcelona,Girona,2,4,A,31,15,11,7,7,10,8,3,1,2,0,0,1.53,5.0,5.5,1.52,4.9,5.7,,,,,,,,2023/2024
SP1,2023-12-11,Granada,Athletic Bilbao,1,1,D,7,19,4,4,9,11,1,8,0,2,0,0,5.0,4.0,1.67,4.85,4.16,1.69,,,,,,,,2023/2024
SP1,2023-12-11,Vallecano,Celta,0,0,D,17,4,4,2,15,10,8,1,3,0,0,0,2.45,3.1,3.1,2.51,3.31,3.02,,,,,,,,2023/2024
SP1,2023-12-15,Osasuna,Vallecano,1,0,H,10,9,4,3,20,13,9,1,2,3,0,0,2.2,3.2,3.5,2.29,3.16,3.63,,,,,,,,2023/2024
SP1,2023-12-16,Celta,Granada,1,0,H,11,7,4,2,20,18,7,1,6,2,1,0,1.67,4.0,5.0,1.67,4.1,5.13,,,,,,,,2023/2024
SP1,2023-12-16,Athletic Bilbao,Atletico Madrid,2,0,H,16,7,7,3,7,10,3,7,0,1,0,0,2.45,3.3,2.9,2.45,3.52,2.94,,,,,,,,2023/2024
SP1,2023-12-16,Sevilla,Getafe,0,3,A,12,14,4,7,18,18,4,2,3,3,0,0,1.95,3.4,4.2,1.97,3.39,4.32,,,,,,,,2023/2024
SP1,2023-12-16,Valencia,Barcelona,1,1,D,11,16,4,8,9,11,4,6,1,2,0,0,5.0,3.8,1.67,5.2,4.06,1.67,,,,,,,,2023/2024
SP1,2023-12-17,Sociedad,Real Betis,0,0,D,12,12,4,3,12,12,3,7,3,4,0,0,1.7,4.0,5.0,1.7,3.9,5.17,,,,,,,,2023/2024
SP1,2023-12-17,Almeria,Mallorca,0,0,D,7,20,1,2,12,9,4,4,2,1,0,0,2.7,3.2,2.7,2.66,3.3,2.83,,,,,,,,2023/2024
SP1,2023-12-17,Real Madrid,Villarreal,4,1,H,22,3,9,1,14,12,11,0,2,3,0,0,1.29,6.0,9.0,1.29,6.3,9.21,,,,,,,,2023/2024
SP1,2023-12-17,Las Palmas,Cadiz,1,1,D,7,13,2,5,9,12,4,6,1,3,0,0,1.91,3.3,4.33,1.96,3.31,4.49,,,,,,,,2023/2024
SP1,2023-12-18,Girona,Alaves,3,0,H,9,12,4,2,9,7,3,2,0,1,0,0,1.53,4.0,6.5,1.57,4.38,5.79,,,,,,,,2023/2024
SP1,2023-12-19,Vallecano,Valencia,0,1,A,7,8,1,3,16,18,8,1,1,5,0,1,2.2,3.2,3.5,2.24,3.18,3.74,,,,,,,,2023/2024
SP1,2023-12-19,Atletico Madrid,Getafe,3,3,D,8,29,4,9,7,14,1,12,3,3,1,0,1.45,4.33,7.5,1.48,4.45,7.67,,,,,,,,2023/2024
SP1,2023-12-19,Granada,Sevilla,0,3,A,12,12,3,5,10,18,6,4,2,1,0,0,2.8,3.4,2.5,2.96,3.3,2.59,,,,,,,,2023/2024
SP1,2023-12-20,Barcelona,Almeria,3,2,H,30,10,11,5,16,9,12,0,3,3,0,0,1.14,8.5,15.0,1.13,10.49,16.19,,,,,,,,2023/2024
SP1,2023-12-20,Athletic Bilbao,Las Palmas,1,0,H,19,5,10,1,12,11,5,2,1,3,0,0,1.36,5.0,7.0,1.39,4.99,8.41,,,,,,,,2023/2024
SP1,2023-12-20,Villarreal,Celta,3,2,H,12,15,8,5,16,15,4,7,2,4,0,0,2.4,3.6,2.88,2.42,3.52,2.98,,,,,,,,2023/2024
SP1,2023-12-21,Real Betis,Girona,1,1,D,21,12,4,4,6,9,7,6,2,2,0,0,2.8,3.5,2.38,2.87,3.69,2.42,,,,,,,,2023/2024
SP1,2023-12-21,Cadiz,Sociedad,0,0,D,10,8,2,1,16,15,7,5,3,1,0,0,4.75,3.1,1.75,4.8,3.42,1.87,,,,,,,,2023/2024
SP1,2023-12-21,Alaves,Real Madrid,0,1,A,8,9,2,4,18,13,3,3,3,1,0,1,5.75,4.0,1.53,5.93,4.26,1.58,,,,,,,,2023/2024
SP1,2023-12-21,Mallorca,Osasuna,3,2,H,15,12,8,7,11,12,6,0,3,1,0,0,2.3,2.9,3.3,2.42,2.98,3.51,,,,,,,,2023/2024
SP1,2023-12-23,Atletico Madrid,Sevilla,1,0,H,12,8,4,2,12,19,6,5,7,3,1,0,1.53,4.33,5.75,1.54,4.51,6.05,,,,,,,,2023/2024
SP1,2024-01-02,Sociedad,Alaves,1,1,D,16,7,6,2,9,17,6,4,4,4,1,0,1.6,3.75,6.5,1.59,3.9,6.58,,,,,,,,2023/2024
SP1,2024-01-02,Valencia,Villarreal,3,1,H,11,8,8,4,12,15,4,3,2,5,0,0,2.05,3.5,3.6,2.04,3.49,3.9,,,,,,,,2023/2024
SP1,2024-01-02,Getafe,Vallecano,0,2,A,5,12,0,8,16,16,2,3,6,3,2,0,2.38,3.0,3.3,2.42,3.0,3.5,,,,,,,,2023/2024
SP1,2024-01-03,Granada,Cadiz,2,0,H,15,15,8,2,17,16,5,6,3,4,0,1,2.25,3.1,3.5,2.26,3.19,3.59,,,,,,,,2023/2024
SP1,2024-01-03,Celta,Real Betis,2,1,H,19,14,6,3,10,12,8,7,0,2,0,0,2.4,3.3,3.0,2.47,3.33,3.05,,,,,,,,2023/2024
SP1,2024-01-03,Real Madrid,Mallorca,1,0,H,17,7,5,0,5,15,5,4,2,3,0,0,1.2,6.5,15.0,1.23,6.68,12.58,,,,,,,,2023/2024
SP1,2024-01-03,Girona,Atletico Madrid,4,3,H,17,18,9,12,8,10,7,8,0,1,0,0,2.55,3.6,2.63,2.61,3.55,2.71,,,,,,,,2023/2024
SP1,2024-01-04,Osasuna,Almeria,1,0,H,14,4,2,0,14,5,5,4,1,2,0,0,1.7,4.0,4.75,1.71,3.94,5.03,,,,,,,,2023/2024
SP1,2024-01-04,Sevilla,Athletic Bilbao,0,2,A,11,15,2,6,9,19,5,4,3,1,0,0,3.0,3.3,2.38,3.17,3.24,2.45,,,,,,,,2023/2024
SP1,2024-01-04,Las Palmas,Barcelona,1,2,A,12,15,3,5,14,5,5,10,5,2,1,0,5.5,4.33,1.57,5.82,4.39,1.57,,,,,,,,2023/2024
SP1,2024-01-12,Sevilla,Alaves,2,3,A,19,16,4,8,12,13,5,4,4,3,0,0,1.91,3.4,4.2,1.95,3.4,4.52,,,,,,,,2023/2024
SP1,2024-01-13,Las Palmas,Villarreal,3,0,H,8,17,3,3,13,11,4,6,4,3,0,0,2.5,3.3,2.8,2.52,3.39,2.94,,,,,,,,2023/2024
SP1,2024-01-13,Mallorca,Celta,1,1,D,17,6,6,2,18,18,10,1,4,1,0,0,2.5,3.1,3.0,2.57,3.02,3.2,,,,,,,,2023/2024
SP1,2024-01-13,Athletic Bilbao,Sociedad,2,1,H,10,9,3,1,16,21,5,5,1,4,0,0,2.0,3.4,3.8,2.02,3.47,4.0,,,,,,,,2023/2024
SP1,2024-01-13,Real Betis,Granada,1,0,H,25,6,6,2,11,17,13,1,3,4,0,0,1.62,4.2,4.75,1.65,4.04,5.49,,,,,,,,2023/2024
SP1,2024-01-14,Almeria,Girona,0,0,D,20,5,3,1,13,8,4,3,4,4,0,1,4.5,4.0,1.7,4.71,4.42,1.67,,,,,,,,2023/2024
SP1,2024-01-14,Cadiz,Valencia,1,4,A,10,9,2,5,15,15,3,1,4,2,0,0,2.88,3.0,2.7,3.02,2.96,2.75,,,,,,,,2023/2024
SP1,2024-01-19,Alaves,Cadiz,1,0,H,13,9,3,1,15,18,4,4,0,4,0,0,1.7,3.5,5.75,1.73,3.51,6.0,,,,,,,,2023/2024
SP1,2024-01-20,Vallecano,Las Palmas,0,2,A,16,10,3,5,19,8,12,0,3,1,1,0,1.85,3.3,4.5,1.93,3.42,4.5,,,,,,,,2023/2024
SP1,2024-01-20,Villarreal,Mallorca,1,1,D,18,8,5,2,13,11,4,6,2,2,1,0,2.05,3.5,3.6,2.1,3.5,3.68,,,,,,,,2023/2024
SP1,2024-01-20,Valencia,Athletic Bilbao,1,0,H,6,6,1,3,11,14,4,2,0,3,0,0,3.3,3.3,2.25,3.47,3.46,2.19,,,,,,,,2023/2024
SP1,2024-01-20,Celta,Sociedad,0,1,A,6,6,2,2,12,18,6,3,1,2,0,0,3.25,3.0,2.4,3.21,3.08,2.52,,,,,,,,2023/2024
SP1,2024-01-21,Osasuna,Getafe,3,2,H,13,10,7,7,14,16,1,4,4,4,0,0,2.15,3.0,4.0,2.21,3.11,3.87,,,,,,,,2023/2024
SP1,2024-01-21,Real Madrid,Almeria,3,2,H,18,10,6,2,9,17,6,3,3,5,0,0,1.13,10.0,17.0,1.15,9.58,15.8,,,,,,,,2023/2024
SP1,2024-01-21,Real Betis,Barcelona,2,4,A,14,11,5,4,12,9,3,4,1,2,0,0,4.33,3.8,1.8,4.29,4.01,1.81,,,,,,,,2023/2024
SP1,2024-01-21,Girona,Sevilla,5,1,H,12,9,8,3,9,11,4,5,0,2,0,0,1.73,4.0,4.5,1.74,3.93,4.81,,,,,,,,2023/2024
SP1,2024-01-22,Granada,Atletico Madrid,0,1,A,17,10,2,5,11,16,6,2,2,2,1,0,4.75,3.8,1.7,5.03,4.0,1.7,,,,,,,,2023/2024
SP1,2024-01-26,Almeria,Alaves,0,3,A,19,11,7,3,17,12,11,3,1,2,0,0,2.6,3.2,2.8,2.64,3.24,2.9,,,,,,,,2023/2024
SP1,2024-01-27,Sociedad,Vallecano,0,0,D,6,5,3,0,16,14,2,2,2,4,0,0,1.67,3.75,5.5,1.67,3.73,5.86,,,,,,,,2023/2024
SP1,2024-01-27,Las Palmas,Real Madrid,1,2,A,7,13,2,5,17,14,1,6,3,3,0,0,6.5,4.75,1.45,7.18,4.74,1.45,,,,,,,,2023/2024
SP1,2024-01-27,Barcelona,Villarreal,3,5,A,22,9,10,6,8,13,10,0,3,4,0,0,1.36,5.5,8.0,1.35,5.9,7.75,,,,,,,,2023/2024
SP1,2024-01-27,Mallorca,Real Betis,0,1,A,14,8,1,2,14,6,5,4,2,1,0,0,2.3,3.2,3.2,2.39,3.13,3.37,,,,,,,,2023/2024
SP1,2024-01-28,Sevilla,Osasuna,1,1,D,10,11,5,4,19,13,2,4,3,0,1,0,2.0,3.4,3.75,2.1,3.37,3.84,,,,,,,,2023/2024
SP1,2024-01-28,Atletico Madrid,Valencia,2,0,H,12,10,8,3,9,9,3,6,2,0,0,0,1.45,4.33,7.0,1.51,4.47,6.63,,,,,,,,2023/2024
SP1,2024-01-28,Celta,Girona,0,1,A,10,15,5,6,13,11,5,7,1,1,0,0,2.8,3.4,2.5,2.8,3.52,2.55,,,,,,,,2023/2024
SP1,2024-01-28,Cadiz,Athletic Bilbao,0,0,D,9,8,2,0,13,14,6,8,4,2,0,0,5.5,3.4,1.73,5.11,3.68,1.76,,,,,,,,2023/2024
SP1,2024-01-29,Getafe,Granada,2,0,H,7,16,4,3,17,11,4,3,2,1,0,0,1.8,3.4,4.75,1.82,3.5,5.01,,,,,,,,2023/2024
SP1,2024-01-31,Barcelona,Osasuna,1,0,H,16,9,4,1,9,12,6,6,1,2,0,1,1.33,5.0,10.0,1.32,5.82,9.33,,,,,,,,2023/2024
SP1,2024-01-31,Atletico Madrid,Vallecano,2,1,H,8,10,3,2,11,13,5,6,0,3,0,0,1.5,4.2,6.5,1.5,4.48,6.83,,,,,,,,2023/2024
SP1,2024-02-01,Getafe,Real Madrid,0,2,A,10,16,2,9,16,5,2,6,1,2,0,0,6.0,4.2,1.55,6.44,4.18,1.56,,,,,,,,2023/2024
SP1,2024-02-02,Athletic Bilbao,Mallorca,4,0,H,13,6,6,2,17,15,6,2,0,1,0,0,1.53,3.9,7.0,1.56,4.0,7.13,,,,,,,,2023/2024
SP1,2024-02-03,Valencia,Almeria,2,1,H,7,15,2,5,17,16,0,6,4,5,0,0,1.65,3.75,5.5,1.67,3.97,5.35,,,,,,,,2023/2024
SP1,2024-02-03,Granada,Las Palmas,1,1,D,3,16,1,6,6,16,2,9,4,3,1,1,2.3,3.2,3.3,2.32,3.23,3.41,,,,,,,,2023/2024
SP1,2024-02-03,Alaves,Barcelona,1,3,A,13,8,2,5,15,10,14,5,2,2,0,1,4.33,3.6,1.85,4.31,3.71,1.87,,,,,,,,2023/2024
SP1,2024-02-03,Girona,Sociedad,0,0,D,11,11,3,2,8,19,3,4,2,3,0,0,2.1,3.4,3.5,2.19,3.42,3.52,,,,,,,,2023/2024
SP1,2024-02-04,Villarreal,Cadiz,0,0,D,19,8,4,2,14,14,13,2,3,1,0,0,1.62,4.0,5.5,1.66,4.02,5.4,,,,,,,,2023/2024
SP1,2024-02-04,Osasuna,Celta,0,3,A,18,6,1,5,10,10,9,1,2,0,0,0,2.38,3.1,3.3,2.38,3.16,3.36,,,,,,,,2023/2024
SP1,2024-02-04,Real Betis,Getafe,1,1,D,9,11,3,2,9,19,3,5,7,4,0,0,1.91,3.4,4.2,1.9,3.45,4.57,,,,,,,,2023/2024
SP1,2024-02-04,Real Madrid,Atletico Madrid,1,1,D,17,10,4,5,6,15,2,8,0,5,0,0,1.73,4.0,4.5,1.78,4.06,4.36,,,,,,,,2023/2024
SP1,2024-02-05,Vallecano,Sevilla,1,2,A,22,10,5,6,8,10,6,0,2,2,0,0,2.15,3.3,3.5,2.18,3.36,3.61,,,,,,,,2023/2024
SP1,2024-02-09,Cadiz,Real Betis,0,2,A,14,13,5,5,12,10,5,3,1,1,0,0,3.0,3.0,2.6,3.12,2.97,2.7,,,,,,,,2023/2024
SP1,2024-02-10,Alaves,Villarreal,1,1,D,17,12,4,4,7,11,10,9,0,2,0,0,2.2,3.4,3.3,2.24,3.42,3.4,,,,,,,,2023/2024
SP1,2024-02-10,Sociedad,Osasuna,0,1,A,21,9,3,2,11,11,7,4,0,0,0,0,1.85,3.2,5.0,1.89,3.21,5.12,,,,,,,,2023/2024
SP1,2024-02-10,Real Madrid,Girona,4,0,H,16,5,6,0,9,12,0,2,1,2,0,0,1.45,5.0,6.0,1.45,5.12,6.54,,,,,,,,2023/2024
SP1,2024-02-10,Las Palmas,Valencia,2,0,H,8,7,3,1,9,9,5,0,2,0,0,0,2.75,3.0,2.9,2.84,2.91,2.97,,,,,,,,2023/2024
SP1,2024-02-11,Getafe,Celta,3,2,H,11,9,4,4,16,13,0,4,1,2,0,0,2.2,3.1,3.6,2.24,3.14,3.71,,,,,,,,2023/2024
SP1,2024-02-11,Mallorca,Vallecano,2,1,H,8,11,5,4,17,11,5,1,4,0,0,0,2.3,3.0,3.4,2.42,2.97,3.54,,,,,,,,2023/2024
SP1,2024-02-11,Sevilla,Atletico Madrid,1,0,H,10,16,6,5,8,5,2,7,2,1,0,0,3.5,3.5,2.05,3.6,3.64,2.08,,,,,,,,2023/2024
SP1,2024-02-11,Barcelona,Granada,3,3,D,11,11,6,5,13,9,6,2,1,2,0,0,1.22,7.5,10.0,1.2,7.83,12.33,,,,,,,,2023/2024
SP1,2024-02-12,Almeria,Athletic Bilbao,0,0,D,10,12,4,4,17,15,4,10,4,1,1,0,4.33,4.0,1.73,4.64,3.99,1.76,,,,,,,,2023/2024
SP1,2024-02-16,Villarreal,Getafe,1,1,D,20,11,7,2,13,13,8,3,0,1,0,0,1.95,3.5,3.8,2.02,3.58,3.93,,,,,,,,2023/2024
SP1,2024-02-17,Atletico Madrid,Las Palmas,5,0,H,13,11,7,2,19,9,3,5,2,2,0,0,1.5,4.75,6.5,1.48,4.58,6.96,,,,,,,,2023/2024
SP1,2024-02-17,Osasuna,Cadiz,2,0,H,11,5,4,1,20,12,5,4,4,2,0,0,1.75,3.3,5.5,1.8,3.41,5.36,,,,,,,,2023/2024
SP1,2024-02-17,Celta,Barcelona,1,2,A,13,14,4,4,11,13,2,5,2,4,0,0,3.8,3.8,1.85,4.09,3.88,1.88,,,,,,,,2023/2024
SP1,2024-02-17,Valencia,Sevilla,0,0,D,14,1,4,1,5,8,7,2,0,1,0,0,2.25,3.3,3.3,2.29,3.28,3.44,,,,,,,,2023/2024
SP1,2024-02-18,Vallecano,Real Madrid,1,1,D,8,11,3,4,17,7,4,10,4,3,0,1,6.0,3.75,1.62,5.43,4.12,1.64,,,,,,,,2023/2024
SP1,2024-02-18,Granada,Almeria,1,1,D,19,13,7,3,13,22,10,4,2,3,0,0,2.1,3.5,3.4,2.19,3.51,3.43,,,,,,,,2023/2024
SP1,2024-02-18,Mallorca,Sociedad,1,2,A,4,19,1,5,12,18,3,9,7,5,1,0,3.4,2.8,2.5,3.4,2.83,2.6,,,,,,,,2023/2024
SP1,2024-02-18,Real Betis,Alaves,0,0,D,13,13,2,4,13,9,6,8,5,2,0,0,2.1,3.3,3.75,2.15,3.31,3.75,,,,,,,,2023/2024
SP1,2024-02-19,Athletic Bilbao,Girona,3,2,H,14,12,7,6,16,13,3,4,1,2,0,0,1.91,3.6,4.0,1.94,3.79,3.88,,,,,,,,2023/2024
SP1,2024-02-23,Sociedad,Villarreal,1,3,A,21,6,8,4,15,14,13,2,3,4,0,0,1.73,3.6,5.0,1.72,3.84,5.25,,,,,,,,2023/2024
SP1,2024-02-24,Barcelona,Getafe,4,0,H,17,10,9,4,12,18,5,8,1,4,0,0,1.4,5.0,7.0,1.42,5.11,7.29,,,,,,,,2023/2024
SP1,2024-02-24,Alaves,Mallorca,1,1,D,9,15,1,8,7,15,3,3,0,2,0,0,1.91,3.0,5.0,1.96,3.09,4.98,,,,,,,,2023/2024
SP1,2024-02-24,Almeria,Atletico Madrid,2,2,D,9,18,4,9,13,12,2,7,1,1,0,0,4.75,4.0,1.7,4.55,4.02,1.76,,,,,,,,2023/2024
SP1,2024-02-25,Real Betis,Athletic Bilbao,3,1,H,13,3,5,1,14,12,5,3,1,6,0,1,3.6,3.1,2.2,3.63,3.27,2.21,,,,,,,,2023/2024
SP1,2024-02-25,Cadiz,Celta,2,2,D,19,7,6,3,13,20,9,1,2,3,0,0,3.1,3.0,2.5,3.15,3.04,2.58,,,,,,,,2023/2024
SP1,2024-02-25,Real Madrid,Sevilla,1,0,H,16,4,6,1,10,13,7,2,1,3,0,0,1.29,6.0,9.0,1.32,6.02,8.92,,,,,,,,2023/2024
SP1,2024-02-25,Las Palmas,Osasuna,1,1,D,9,6,3,2,6,15,6,7,2,1,0,0,2.38,2.9,3.5,2.44,3.03,3.42,,,,,,,,2023/2024
SP1,2024-02-26,Girona,Vallecano,3,0,H,14,7,8,1,13,16,2,2,3,5,0,1,1.65,4.2,4.75,1.68,4.15,5.01,,,,,,,,2023/2024
SP1,2024-03-01,Celta,Almeria,1,0,H,15,3,6,0,8,14,7,0,1,2,0,1,1.85,3.6,4.2,1.88,3.78,4.29,,,,,,,,2023/2024
SP1,2024-03-02,Sevilla,Sociedad,3,2,H,12,13,5,4,12,15,2,5,1,2,0,0,2.6,3.0,3.0,2.64,3.02,3.09,,,,,,,,2023/2024
SP1,2024-03-02,Vallecano,Cadiz,1,1,D,9,16,5,5,14,17,4,9,1,1,0,0,1.8,3.3,5.25,1.84,3.32,5.25,,,,,,,,2023/2024
SP1,2024-03-02,Getafe,Las Palmas,3,3,D,16,14,5,5,28,9,4,4,4,1,0,0,2.0,3.1,4.33,2.05,3.2,4.27,,,,,,,,2023/2024
SP1,2024-03-02,Valencia,Real Madrid,2,2,D,12,10,5,5,18,11,2,2,2,3,0,1,5.25,3.8,1.67,5.48,3.96,1.66,,,,,,,,2023/2024
SP1,2024-03-03,Villarreal,Granada,5,1,H,16,9,10,3,12,15,6,4,1,2,0,0,1.65,4.0,5.0,1.65,4.33,5.04,,,,,,,,2023/2024
SP1,2024-03-03,Atletico Madrid,Real Betis,2,1,H,17,12,12,6,9,12,4,6,1,2,0,0,1.57,4.2,5.75,1.58,4.36,5.73,,,,,,,,2023/2024
SP1,2024-03-03,Mallorca,Girona,1,0,H,16,15,2,4,19,9,8,5,5,0,0,0,3.25,3.2,2.3,3.27,3.3,2.35,,,,,,,,2023/2024
SP1,2024-03-03,Athletic Bilbao,Barcelona,0,0,D,8,8,2,2,14,11,4,4,3,3,0,0,2.88,3.5,2.4,2.94,3.54,2.43,,,,,,,,2023/2024
SP1,2024-03-04,Osasuna,Alaves,1,0,H,15,10,4,4,15,11,5,5,2,1,0,0,2.38,3.1,3.25,2.44,3.05,3.38,,,,,,,,2023/2024
SP1,2024-03-08,Barcelona,Mallorca,1,0,H,20,9,6,3,9,14,4,1,1,1,0,0,1.44,4.75,6.5,1.47,4.68,7.38,,,,,,,,2023/2024
SP1,2024-03-09,Cadiz,Atletico Madrid,2,0,H,7,8,3,4,20,15,3,1,4,5,0,0,4.75,3.6,1.73,4.96,3.76,1.76,,,,,,,,2023/2024
SP1,2024-03-09,Valencia,Getafe,1,0,H,10,15,3,5,10,19,5,5,2,3,0,0,2.0,3.2,4.2,2.0,3.15,4.62,,,,,,,,2023/2024
SP1,2024-03-09,Girona,Osasuna,2,0,H,11,7,6,1,10,16,5,7,3,3,0,0,1.62,4.2,5.25,1.62,4.2,5.54,,,,,,,,2023/2024
SP1,2024-03-09,Granada,Sociedad,2,3,A,13,11,6,8,17,11,4,6,1,2,0,0,4.5,3.3,1.85,4.45,3.5,1.91,,,,,,,,2023/2024
SP1,2024-03-10,Alaves,Vallecano,1,0,H,12,9,4,3,13,10,7,5,2,2,0,0,2.15,3.1,3.75,2.2,3.1,3.89,,,,,,,,2023/2024
SP1,2024-03-10,Las Palmas,Athletic Bilbao,0,2,A,14,7,2,2,8,14,10,3,3,3,0,0,4.0,3.3,2.0,4.14,3.38,2.01,,,,,,,,2023/2024
SP1,2024-03-10,Real Madrid,Celta,4,0,H,24,11,13,1,8,13,12,1,2,3,0,0,1.3,6.0,8.0,1.29,6.13,10.04,,,,,,,,2023/2024
SP1,2024-03-10,Real Betis,Villarreal,2,3,A,13,6,4,4,12,17,11,4,3,4,1,1,2.05,3.5,3.4,2.08,3.66,3.59,,,,,,,,2023/2024
SP1,2024-03-11,Almeria,Sevilla,2,2,D,14,19,4,6,6,11,1,8,2,2,0,0,3.1,3.3,2.38,3.11,3.36,2.42,,,,,,,,2023/2024
SP1,2024-03-15,Sociedad,Cadiz,2,0,H,14,13,6,2,15,6,8,2,3,1,0,0,1.5,4.0,8.5,1.48,4.15,8.55,,,,,,,,2023/2024
SP1,2024-03-16,Mallorca,Granada,1,0,H,18,8,8,3,17,9,10,2,2,0,0,0,1.83,3.3,5.0,1.84,3.43,5.0,,,,,,,,2023/2024
SP1,2024-03-16,Osasuna,Real Madrid,2,4,A,9,17,4,9,18,9,5,7,3,2,0,0,5.75,4.2,1.55,6.12,4.36,1.55,,,,,,,,2023/2024
SP1,2024-03-16,Getafe,Girona,1,0,H,11,13,3,3,16,13,2,5,4,4,0,0,3.1,3.5,2.25,3.13,3.56,2.31,,,,,,,,2023/2024
SP1,2024-03-16,Athletic Bilbao,Alaves,2,0,H,16,7,4,3,7,13,5,4,1,3,0,0,1.55,3.75,7.0,1.55,4.08,6.75,,,,,,,,2023/2024
SP1,2024-03-17,Villarreal,Valencia,1,0,H,13,14,7,7,12,12,6,2,5,1,0,0,2.05,3.5,3.6,2.13,3.49,3.61,,,,,,,,2023/2024
SP1,2024-03-17,Sevilla,Celta,1,2,A,11,18,4,5,13,6,3,8,4,0,0,0,2.0,3.4,3.75,2.03,3.45,4.05,,,,,,,,2023/2024
SP1,2024-03-17,Vallecano,Real Betis,2,0,H,8,11,4,1,22,16,4,8,4,4,0,0,2.5,3.25,3.0,2.51,3.31,3.0,,,,,,,,2023/2024
SP1,2024-03-17,Atletico Madrid,Barcelona,0,3,A,12,9,3,5,15,9,7,3,3,1,1,0,2.38,3.6,2.8,2.42,3.66,2.89,,,,,,,,2023/2024
SP1,2024-03-17,Las Palmas,Almeria,0,1,A,21,3,6,2,8,17,11,3,2,2,0,0,1.95,3.5,4.0,1.92,3.65,4.18,,,,,,,,2023/2024
SP1,2024-03-29,Cadiz,Granada,1,0,H,13,10,5,2,17,14,5,2,2,4,0,0,2.0,3.3,4.2,2.02,3.37,4.23,,,,,,,,2023/2024
SP1,2024-03-30,Getafe,Sevilla,0,1,A,18,10,5,3,11,15,7,3,4,5,0,0,2.55,3.1,3.0,2.54,3.19,3.07,,,,,,,,2023/2024
SP1,2024-03-30,Almeria,Osasuna,0,3,A,12,6,5,4,12,14,6,1,3,2,0,0,2.63,3.2,2.8,2.63,3.25,2.89,,,,,,,,2023/2024
SP1,2024-03-30,Valencia,Mallorca,0,0,D,14,11,5,3,8,11,3,3,0,2,0,0,2.05,3.0,4.2,2.09,2.99,4.52,,,,,,,,2023/2024
SP1,2024-03-30,Barcelona,Las Palmas,1,0,H,14,8,2,0,11,9,6,1,5,1,0,1,1.25,6.5,10.0,1.27,6.49,10.02,,,,,,,,2023/2024
SP1,2024-03-31,Alaves,Sociedad,0,1,A,3,12,0,3,10,15,3,8,2,2,0,0,3.5,2.9,2.38,3.48,2.98,2.44,,,,,,,,2023/2024
SP1,2024-03-31,Real Madrid,Athletic Bilbao,2,0,H,9,7,4,3,9,13,4,7,2,1,0,0,1.53,4.33,6.0,1.57,4.36,5.87,,,,,,,,2023/2024
SP1,2024-03-31,Celta,Vallecano,0,0,D,13,8,0,2,12,16,3,2,3,3,0,0,1.95,3.3,4.0,1.97,3.4,4.29,,,,,,,,2023/2024
SP1,2024-03-31,Girona,Real Betis,3,2,H,9,7,5,4,13,14,5,4,3,4,0,0,1.75,3.8,4.75,1.79,3.98,4.4,,,,,,,,2023/2024
SP1,2024-04-01,Villarreal,Atletico Madrid,1,2,A,11,14,2,8,14,22,3,3,3,3,0,0,2.9,3.75,2.25,2.99,3.72,2.32,,,,,,,,2023/2024
SP1,2024-04-04,Granada,Valencia,0,1,A,13,6,3,2,20,15,5,4,3,1,0,0,3.4,3.1,2.3,3.37,3.23,2.34,,,,,,,,2023/2024
SP1,2024-04-12,Real Betis,Celta,2,1,H,15,12,3,5,7,10,6,5,1,0,0,0,2.1,3.4,3.5,2.12,3.5,3.7,,,,,,,,2023/2024
SP1,2024-04-13,Atletico Madrid,Girona,3,1,H,17,12,4,5,18,12,2,0,3,2,0,0,1.91,3.6,3.8,1.97,3.88,3.71,,,,,,,,2023/2024
SP1,2024-04-13,Vallecano,Getafe,0,0,D,11,7,2,0,17,19,3,0,4,6,0,0,2.2,3.0,3.7,2.26,3.07,3.77,,,,,,,,2023/2024
SP1,2024-04-13,Mallorca,Real Madrid,0,1,A,6,16,2,9,18,7,4,2,2,1,0,0,5.0,3.6,1.75,5.09,3.68,1.76,,,,,,,,2023/2024
SP1,2024-04-13,Cadiz,Barcelona,0,1,A,14,12,3,2,17,15,8,4,3,3,0,0,4.33,3.6,1.83,4.43,3.5,1.91,,,,,,,,2023/2024
SP1,2024-04-14,Las Palmas,Sevilla,0,2,A,5,10,2,3,8,13,6,2,3,3,1,0,2.7,3.2,2.7,2.8,3.11,2.83,,,,,,,,2023/2024
SP1,2024-04-14,Granada,Alaves,2,0,H,9,8,3,3,16,11,1,5,3,2,0,0,3.0,3.0,2.55,3.12,3.14,2.54,,,,,,,,2023/2024
SP1,2024-04-14,Athletic Bilbao,Villarreal,1,1,D,13,10,6,2,13,12,3,1,3,3,0,1,1.75,4.0,4.33,1.78,4.02,4.47,,,,,,,,2023/2024
SP1,2024-04-14,Sociedad,Almeria,2,2,D,17,7,4,3,16,8,5,1,2,2,1,0,1.33,5.0,10.0,1.34,5.32,9.55,,,,,,,,2023/2024
SP1,2024-04-15,Osasuna,Valencia,0,1,A,13,4,2,3,10,10,4,1,0,2,0,0,2.2,3.1,3.75,2.2,3.14,3.68,,,,,,,,2023/2024
SP1,2024-04-19,Athletic Bilbao,Granada,1,1,D,17,5,6,0,11,15,11,4,4,2,0,0,1.25,6.0,11.0,1.28,6.09,12.01,,,,,,,,2023/2024
SP1,2024-04-20,Vallecano,Osasuna,2,1,H,17,6,6,2,9,15,5,1,4,1,0,0,2.2,3.1,3.6,2.24,3.12,3.73,,,,,,,,2023/2024
SP1,2024-04-20,Celta,Las Palmas,4,1,H,21,9,13,4,10,9,8,4,1,0,0,0,1.73,3.75,5.0,1.76,3.72,4.99,,,,,,,,2023/2024
SP1,2024-04-20,Girona,Cadiz,4,1,H,10,12,5,5,11,14,2,4,1,2,0,0,1.4,4.75,8.0,1.43,4.89,7.51,,,,,,,,2023/2024
SP1,2024-04-20,Valencia,Real Betis,1,2,A,8,12,5,6,18,10,7,6,2,3,0,0,2.2,3.2,3.5,2.25,3.28,3.52,,,,,,,,2023/2024
SP1,2024-04-21,Getafe,Sociedad,1,1,D,6,7,4,3,12,18,0,4,0,2,0,0,3.8,3.1,2.15,3.88,3.07,2.22,,,,,,,,2023/2024
SP1,2024-04-21,Almeria,Villarreal,1,2,A,24,11,5,3,10,16,5,2,3,4,1,0,3.4,3.8,2.05,3.32,3.81,2.05,,,,,,,,2023/2024
SP1,2024-04-21,Alaves,Atletico Madrid,2,0,H,8,15,3,4,20,12,1,11,5,3,0,0,4.0,3.5,1.95,4.21,3.4,1.99,,,,,,,,2023/2024
SP1,2024-04-21,Real Madrid,Barcelona,3,2,H,14,14,8,6,11,12,2,8,3,2,0,0,1.85,3.8,4.0,1.88,3.96,3.99,,,,,,,,2023/2024
SP1,2024-04-22,Sevilla,Mallorca,2,1,H,11,8,4,6,10,8,4,4,0,2,0,0,1.95,3.1,4.5,2.02,3.02,4.81,,,,,,,,2023/2024
SP1,2024-04-26,Sociedad,Real Madrid,0,1,A,9,5,3,3,13,11,11,3,3,4,0,0,2.45,3.25,2.9,2.51,3.23,3.14,,,,,,,,2023/2024
SP1,2024-04-27,Las Palmas,Girona,0,2,A,10,6,5,3,12,10,4,2,1,3,0,0,4.5,3.8,1.75,4.49,4.04,1.77,,,,,,,,2023/2024
SP1,2024-04-27,Almeria,Getafe,1,3,A,21,8,11,5,15,31,9,2,5,4,1,0,2.7,3.4,2.63,2.69,3.3,2.67,,,,,,,,2023/2024
SP1,2024-04-27,Alaves,Celta,3,0,H,16,4,8,0,10,9,8,3,3,3,0,0,2.75,3.1,2.7,2.7,3.09,2.95,,,,,,,,2023/2024
SP1,2024-04-27,Atletico Madrid,Athletic Bilbao,3,1,H,8,7,3,1,16,15,3,5,3,2,0,0,1.95,3.5,4.0,1.97,3.57,4.05,,,,,,,,2023/2024
SP1,2024-04-28,Granada,Osasuna,3,0,H,12,11,4,2,17,5,0,6,4,0,0,0,2.55,3.1,3.0,2.64,3.15,2.97,,,,,,,,2023/2024
SP1,2024-04-28,Cadiz,Mallorca,1,1,D,10,9,2,2,14,21,3,1,3,2,0,0,2.5,2.9,3.2,2.69,2.85,3.23,,,,,,,,2023/2024
SP1,2024-04-28,Real Betis,Sevilla,1,1,D,15,10,5,1,9,20,4,6,3,5,0,0,2.05,3.4,3.6,2.08,3.42,3.84,,,,,,,,2023/2024
SP1,2024-04-28,Villarreal,Vallecano,3,0,H,15,20,7,4,15,8,3,6,2,1,0,0,1.65,4.0,5.0,1.74,3.93,4.84,,,,,,,,2023/2024
SP1,2024-04-29,Barcelona,Valencia,4,2,H,27,5,13,3,12,5,15,1,1,0,0,1,1.36,5.0,7.5,1.36,5.49,8.18,,,,,,,,2023/2024
SP1,2024-05-03,Getafe,Athletic Bilbao,0,2,A,34,7,9,2,6,9,10,6,0,2,0,2,4.0,3.2,2.05,4.08,3.3,2.08,,,,,,,,2023/2024
SP1,2024-05-04,Sociedad,Las Palmas,2,0,H,9,7,4,1,12,11,7,2,2,1,0,0,1.33,5.0,10.0,1.36,5.08,9.57,,,,,,,,2023/2024
SP1,2024-05-04,Real Madrid,Cadiz,3,0,H,19,7,9,2,6,12,7,4,0,1,0,0,1.33,5.25,8.5,1.35,5.53,8.54,,,,,,,,2023/2024
SP1,2024-05-04,Girona,Barcelona,4,2,H,9,16,7,7,11,8,5,4,0,3,0,0,2.7,3.75,2.4,2.75,3.87,2.43,,,,,,,,2023/2024
SP1,2024-05-04,Mallorca,Atletico Madrid,0,1,A,7,9,4,4,12,7,6,2,2,0,0,0,3.75,3.2,2.15,3.82,3.16,2.19,,,,,,,,2023/2024
SP1,2024-05-05,Sevilla,Granada,3,0,H,11,8,5,3,15,13,5,4,2,2,0,0,1.65,4.0,5.25,1.67,4.08,5.18,,,,,,,,2023/2024
SP1,2024-05-05,Vallecano,Almeria,0,1,A,27,7,10,2,17,15,9,2,3,2,0,0,1.57,4.0,5.75,1.6,4.2,5.76,,,,,,,,2023/2024
SP1,2024-05-05,Osasuna,Real Betis,0,2,A,12,10,2,4,13,13,8,5,2,2,1,0,3.2,3.25,2.38,3.22,3.29,2.39,,,,,,,,2023/2024
SP1,2024-05-05,Celta,Villarreal,3,2,H,23,11,7,3,11,5,2,1,4,0,0,1,2.3,3.6,2.88,2.44,3.69,2.84,,,,,,,,2023/2024
SP1,2024-05-05,Valencia,Alaves,0,1,A,13,14,1,4,9,17,5,7,1,3,0,0,2.1,3.0,4.0,2.15,2.93,4.37,,,,,,,,2023/2024
SP1,2024-05-10,Alaves,Girona,2,2,D,14,15,8,5,13,6,5,3,3,2,0,0,3.5,3.6,2.05,3.57,3.63,2.12,,,,,,,,2023/2024
SP1,2024-05-11,Villarreal,Sevilla,3,2,H,25,8,7,4,12,14,10,1,3,5,0,0,1.83,4.0,3.8,1.84,3.94,3.91,,,,,,,,2023/2024
SP1,2024-05-11,Mallorca,Las Palmas,1,0,H,7,7,2,1,18,10,2,2,6,2,0,0,1.65,3.5,6.5,1.62,3.32,7.34,,,,,,,,2023/2024
SP1,2024-05-11,Athletic Bilbao,Osasuna,2,2,D,15,13,6,3,9,14,8,6,2,4,0,0,1.44,4.33,7.5,1.45,4.29,7.49,,,,,,,,2023/2024
SP1,2024-05-11,Granada,Real Madrid,0,4,A,12,13,1,7,11,10,8,5,2,0,0,0,5.5,4.6,1.53,5.32,4.58,1.54,,,,,,,,2023/2024
SP1,2024-05-12,Cadiz,Getafe,1,0,H,13,10,6,4,23,16,6,2,5,2,0,0,2.1,3.2,3.8,2.1,3.28,3.71,,,,,,,,2023/2024
SP1,2024-05-12,Atletico Madrid,Celta,1,0,H,21,6,8,2,7,9,4,7,1,1,0,0,1.42,4.75,7.0,1.43,4.22,8.29,,,,,,,,2023/2024
SP1,2024-05-12,Valencia,Vallecano,0,0,D,13,12,5,1,14,21,6,3,1,2,0,0,2.25,3.1,3.5,2.27,3.0,3.63,,,,,,,,2023/2024
SP1,2024-05-12,Real Betis,Almeria,3,2,H,14,14,7,7,9,10,3,5,0,2,0,0,1.33,5.5,8.5,1.35,5.27,8.02,,,,,,,,2023/2024
SP1,2024-05-13,Barcelona,Sociedad,2,0,H,14,10,5,3,12,14,6,2,2,3,0,0,1.8,3.6,4.5,1.79,3.74,4.39,,,,,,,,2023/2024
SP1,2024-05-14,Girona,Villarreal,0,1,A,22,11,5,3,3,14,5,1,1,5,0,1,1.7,4.5,4.2,1.72,4.58,4.36,,,,,,,,2023/2024
SP1,2024-05-14,Osasuna,Mallorca,1,1,D,10,10,4,4,12,11,2,4,0,1,0,0,2.8,2.9,2.88,2.88,2.92,2.96,,,,,,,,2023/2024
SP1,2024-05-14,Real Madrid,Alaves,5,0,H,22,18,11,10,6,12,4,1,1,1,0,0,1.22,7.5,11.0,1.21,7.35,14.08,,,,,,,,2023/2024
SP1,2024-05-15,Vallecano,Granada,2,1,H,18,10,9,1,12,17,6,6,4,3,1,0,1.65,3.8,5.5,1.68,3.79,5.66,,,,,,,,2023/2024
SP1,2024-05-15,Sevilla,Cadiz,0,1,A,14,19,3,7,13,11,1,9,6,2,0,0,1.9,3.6,4.0,1.92,3.69,4.13,,,,,,,,2023/2024
SP1,2024-05-15,Getafe,Atletico Madrid,0,3,A,8,7,3,3,17,7,6,3,4,3,0,0,4.75,3.4,1.83,4.78,3.53,1.78,,,,,,,,2023/2024
SP1,2024-05-15,Celta,Athletic Bilbao,2,1,H,10,7,4,2,15,14,2,3,2,0,0,0,2.63,3.3,2.7,2.6,3.35,2.73,,,,,,,,2023/2024
SP1,2024-05-16,Las Palmas,Real Betis,2,2,D,16,6,9,4,9,12,4,8,2,1,0,0,4.0,3.5,1.91,4.14,3.67,1.92,,,,,,,,2023/2024
SP1,2024-05-16,Almeria,Barcelona,0,2,A,12,16,3,7,9,11,4,7,0,1,0,0,6.5,5.0,1.44,6.79,5.43,1.41,,,,,,,,2023/2024
SP1,2024-05-16,Sociedad,Valencia,1,0,H,10,7,5,3,11,13,3,3,0,2,0,0,1.6,3.9,5.75,1.66,3.75,6.0,,,,,,,,2023/2024
SP1,2024-05-18,Alaves,Getafe,1,0,H,9,10,2,4,13,27,2,1,5,7,0,1,2.0,3.2,4.1,2.07,3.18,4.21,,,,,,,,2023/2024
SP1,2024-05-19,Barcelona,Vallecano,3,0,H,14,15,6,4,10,7,7,5,4,2,0,0,1.25,6.0,12.0,1.26,5.94,9.7,,,,,,,,2023/2024
SP1,2024-05-19,Cadiz,Las Palmas,0,0,D,10,9,3,1,13,12,5,3,3,1,1,0,1.8,3.5,4.75,1.85,3.43,4.55,,,,,,,,2023/2024
SP1,2024-05-19,Athletic Bilbao,Sevilla,2,0,H,15,9,6,4,12,5,8,3,1,1,0,0,1.7,3.9,4.75,1.7,3.79,4.92,,,,,,,,2023/2024
SP1,2024-05-19,Atletico Madrid,Osasuna,1,4,A,15,15,2,6,12,9,7,5,2,2,0,0,1.4,4.5,8.0,1.39,4.87,7.58,,,,,,,,2023/2024
SP1,2024-05-19,Mallorca,Almeria,2,2,D,29,7,8,3,9,9,12,2,2,3,0,0,1.5,4.1,7.0,1.48,4.23,6.88,,,,,,,,2023/2024
SP1,2024-05-19,Valencia,Girona,1,3,A,20,18,6,5,10,8,5,4,2,0,0,0,3.0,3.5,2.3,3.05,3.58,2.25,,,,,,,,2023/2024
SP1,2024-05-19,Villarreal,Real Madrid,4,4,D,21,12,7,6,15,12,3,3,3,2,0,0,3.2,3.75,2.05,3.2,3.85,2.09,,,,,,,,2023/2024
SP1,2024-05-19,Granada,Celta,1,2,A,11,8,3,5,15,12,10,2,2,1,0,0,3.7,3.6,2.0,3.81,3.53,1.98,,,,,,,,2023/2024
SP1,2024-05-19,Real Betis,Sociedad,0,2,A,18,5,9,2,12,18,6,2,3,4,0,0,2.55,3.2,2.88,2.66,3.06,2.89,,,,,,,,2023/2024
SP1,2024-05-24,Girona,Granada,7,0,H,16,10,9,2,6,13,4,2,3,5,0,1,1.22,6.5,12.0,1.22,7.22,10.68,,,,,,,,2023/2024
SP1,2024-05-25,Osasuna,Villarreal,1,1,D,12,11,6,3,13,6,6,4,4,3,0,0,2.9,3.6,2.3,2.9,3.78,2.33,,,,,,,,2023/2024
SP1,2024-05-25,Real Madrid,Real Betis,0,0,D,13,11,5,3,8,11,4,5,2,1,0,0,1.33,6.0,7.5,1.35,5.67,7.79,,,,,,,,2023/2024
SP1,2024-05-25,Sociedad,Atletico Madrid,0,2,A,14,10,4,4,19,15,8,4,3,5,0,1,2.4,3.3,3.0,2.42,3.49,2.96,,,,,,,,2023/2024
SP1,2024-05-25,Vallecano,Athletic Bilbao,0,1,A,17,7,4,1,6,13,8,2,1,1,0,0,2.88,3.5,2.38,2.87,3.54,2.45,,,,,,,,2023/2024
SP1,2024-05-25,Almeria,Cadiz,6,1,H,27,12,12,4,4,9,1,4,2,2,0,0,2.05,3.6,3.5,2.08,3.63,3.52,,,,,,,,2023/2024
SP1,2024-05-26,Las Palmas,Alaves,1,1,D,10,14,4,4,16,10,2,6,2,1,0,0,2.4,3.3,3.0,2.53,3.34,2.91,,,,,,,,2023/2024
SP1,2024-05-26,Getafe,Mallorca,1,2,A,16,9,6,4,12,10,3,4,0,2,0,0,2.3,3.25,3.2,2.35,3.21,3.31,,,,,,,,2023/2024
SP1,2024-05-26,Celta,Valencia,2,2,D,9,12,4,1,17,18,2,2,0,0,0,0,1.95,3.5,3.8,1.96,3.57,3.99,,,,,,,,2023/2024
SP1,2024-05-26,Sevilla,Barcelona,1,2,A,15,11,6,6,11,9,6,5,2,1,0,0,4.0,4.0,1.8,3.98,4.11,1.83,,,,,,,,2023/2024
