Div,Date,HomeTeam,AwayTeam,FTHG,FTAG,FTR,HS,AS,HST,AST,HF,AF,HC,AC,HY,AY,HR,AR,B365H,B365D,B365A,PSH,PSD,PSA,BbMxH,BbMxD,BbMxA,BbAvH,BbAvD,BbAvA,Bb1X2,Season
E0,2014-08-16,Arsenal,Crystal Palace,2.0,1.0,H,14.0,4.0,6.0,2.0,13.0,19.0,9.0,3.0,2.0,2.0,0.0,1.0,1.25,6.5,15.0,1.26,6.45,14.01,1.3,6.7,16.0,1.25,5.96,12.43,50.0,2014/2015
E0,2014-08-16,Leicester,Everton,2.0,2.0,D,11.0,13.0,3.0,3.0,16.0,10.0,3.0,6.0,1.0,1.0,0.0,0.0,3.2,3.4,2.4,3.14,3.38,2.46,3.3,3.45,2.42,3.06,3.32,2.36,50.0,2014/2015
E0,2014-08-16,Manchester United,Swansea,1.0,2.0,A,14.0,5.0,5.0,4.0,14.0,20.0,4.0,0.0,2.0,4.0,0.0,0.0,1.36,5.0,11.0,1.37,5.1,10.6,1.38,5.5,11.03,1.34,4.96,9.32,50.0,2014/2015
E0,2014-08-16,QPR,Hull,0.0,1.0,A,19.0,11.0,6.0,4.0,10.0,10.0,8.0,9.0,1.0,2.0,0.0,0.0,2.5,3.3,3.1,2.48,3.26,3.22,2.6,3.4,3.2,2.47,3.18,3.02,50.0,2014/2015
E0,2014-08-16,Stoke,Aston Villa,0.0,1.0,A,12.0,7.0,2.0,2.0,14.0,9.0,2.0,8.0,0.0,3.0,0.0,0.0,1.95,3.5,4.5,1.95,3.47,4.55,2.0,3.5,4.8,1.92,3.38,4.27,50.0,2014/2015
E0,2014-08-16,West Brom,Sunderland,2.0,2.0,D,10.0,7.0,5.0,2.0,18.0,9.0,6.0,3.0,3.0,1.0,0.0,0.0,2.25,3.4,3.5,2.21,3.34,3.73,2.3,3.5,3.7,2.23,3.31,3.34,50.0,2014/2015
E0,2014-08-16,West Ham,Tottenham,0.0,1.0,A,18.0,10.0,4.0,4.0,12.0,10.0,8.0,5.0,1.0,0.0,1.0,1.0,3.8,3.6,2.05,3.96,3.55,2.06,4.05,3.62,2.2,3.74,3.43,2.03,49.0,2014/2015
E0,2014-08-17,Liverpool,Southampton,2.0,1.0,H,12.0,12.0,5.0,6.0,8.0,11.0,2.0,6.0,1.0,2.0,0.0,0.0,1.33,5.75,10.0,1.35,5.48,10.3,1.38,5.8,11.0,1.34,5.16,9.0,49.0,2014/2015
E0,2014-08-17,Newcastle,Manchester City,0.0,2.0,A,12.0,13.0,0.0,5.0,8.0,11.0,3.0,3.0,1.0,5.0,0.0,0.0,5.25,4.33,1.67,5.8,4.28,1.63,5.97,4.33,1.67,5.24,4.0,1.64,50.0,2014/2015
E0,2014-08-18,Burnley,Chelsea,1.0,3.0,A,9.0,11.0,2.0,3.0,6.0,7.0,4.0,3.0,1.0,1.0,0.0,0.0,9.0,5.0,1.4,9.77,4.81,1.41,11.0,5.1,1.42,8.72,4.63,1.39,48.0,2014/2015
E0,2014-08-23,Crystal Palace,West Ham,1.0,3.0,A,9.0,17.0,4.0,8.0,14.0,11.0,6.0,9.0,1.0,3.0,0.0,0.0,2.5,3.3,3.1,2.44,3.25,3.3,2.52,3.31,3.35,2.44,3.18,3.07,51.0,2014/2015
E0,2014-08-23,Aston Villa,Newcastle,0.0,0.0,D,9.0,11.0,0.0,4.0,11.0,8.0,7.0,7.0,4.0,0.0,0.0,1.0,2.5,3.4,3.0,2.56,3.36,3.01,2.65,3.45,3.11,2.5,3.27,2.92,51.0,2014/2015
E0,2014-08-23,Chelsea,Leicester,2.0,0.0,H,27.0,6.0,10.0,4.0,11.0,11.0,8.0,7.0,0.0,1.0,0.0,0.0,1.2,7.5,17.0,1.21,7.28,17.7,1.24,7.8,18.48,1.2,6.79,14.59,51.0,2014/2015
E0,2014-08-23,Southampton,West Brom,0.0,0.0,D,8.0,8.0,2.0,2.0,14.0,15.0,1.0,5.0,1.0,2.0,0.0,0.0,1.85,3.7,4.75,1.86,3.76,4.62,1.95,3.8,4.8,1.86,3.52,4.43,50.0,2014/2015
E0,2014-08-23,Swansea,Burnley,1.0,0.0,H,10.0,12.0,5.0,1.0,14.0,13.0,2.0,3.0,2.0,1.0,0.0,0.0,1.65,4.0,6.0,1.64,4.13,5.98,1.7,4.11,6.25,1.64,3.83,5.65,50.0,2014/2015
E0,2014-08-23,Everton,Arsenal,2.0,2.0,D,8.0,13.0,2.0,3.0,10.0,18.0,3.0,3.0,1.0,4.0,0.0,0.0,2.8,3.4,2.7,2.72,3.45,2.76,2.82,3.5,2.78,2.71,3.3,2.65,50.0,2014/2015
E0,2014-08-24,Hull,Stoke,1.0,1.0,D,9.0,19.0,2.0,3.0,10.0,10.0,4.0,5.0,1.0,3.0,1.0,0.0,2.5,3.25,3.2,2.48,3.18,3.31,2.6,3.3,3.31,2.44,3.16,3.1,51.0,2014/2015
E0,2014-08-24,Sunderland,Manchester United,1.0,1.0,D,11.0,10.0,3.0,3.0,10.0,15.0,4.0,4.0,0.0,2.0,0.0,0.0,5.0,4.0,1.75,4.95,3.93,1.79,5.25,4.0,1.81,4.8,3.68,1.76,50.0,2014/2015
E0,2014-08-24,Tottenham,QPR,4.0,0.0,H,18.0,9.0,5.0,1.0,12.0,6.0,7.0,6.0,0.0,1.0,0.0,0.0,1.45,4.75,8.0,1.49,4.64,7.5,1.51,4.77,8.2,1.46,4.37,7.21,50.0,2014/2015
E0,2014-08-25,Manchester City,Liverpool,3.0,1.0,H,9.0,11.0,4.0,3.0,13.0,7.0,6.0,7.0,1.0,1.0,0.0,0.0,1.85,4.0,4.33,1.83,4.05,4.43,1.88,4.1,4.5,1.83,3.72,4.26,48.0,2014/2015
E0,2014-08-30,Everton,Chelsea,3.0,6.0,A,17.0,12.0,7.0,8.0,7.0,16.0,8.0,2.0,1.0,3.0,0.0,0.0,3.75,3.3,2.2,3.79,3.33,2.19,3.84,3.5,2.22,3.56,3.31,2.15,50.0,2014/2015
E0,2014-08-30,Burnley,Manchester United,0.0,0.0,D,9.0,7.0,3.0,2.0,10.0,14.0,3.0,6.0,2.0,2.0,0.0,0.0,6.0,4.2,1.62,6.11,4.18,1.62,6.54,4.27,1.67,5.97,3.89,1.6,50.0,2014/2015
E0,2014-08-30,West Ham,Southampton,1.0,3.0,A,4.0,18.0,2.0,8.0,11.0,13.0,2.0,9.0,2.0,1.0,0.0,0.0,2.8,3.4,2.7,2.8,3.43,2.69,2.9,3.5,2.76,2.73,3.26,2.65,50.0,2014/2015
E0,2014-08-30,Manchester City,Stoke,0.0,1.0,A,16.0,7.0,2.0,2.0,14.0,5.0,11.0,4.0,2.0,1.0,0.0,0.0,1.18,8.0,18.0,1.2,7.8,17.95,1.21,8.0,21.0,1.19,7.04,15.58,49.0,2014/2015
E0,2014-08-30,Swansea,West Brom,3.0,0.0,H,15.0,16.0,8.0,2.0,10.0,8.0,0.0,7.0,1.0,2.0,0.0,0.0,1.85,3.6,4.75,1.88,3.66,4.67,1.91,3.7,4.9,1.85,3.51,4.47,50.0,2014/2015
E0,2014-08-30,QPR,Sunderland,1.0,0.0,H,18.0,16.0,5.0,6.0,8.0,9.0,4.0,6.0,1.0,2.0,0.0,0.0,2.4,3.25,3.3,2.43,3.23,3.35,2.51,3.3,3.4,2.41,3.17,3.13,49.0,2014/2015
E0,2014-08-30,Newcastle,Crystal Palace,3.0,3.0,D,18.0,12.0,4.0,7.0,12.0,19.0,11.0,4.0,1.0,3.0,0.0,0.0,1.75,3.75,5.25,1.74,3.78,5.58,1.77,3.8,5.8,1.72,3.6,5.22,50.0,2014/2015
E0,2014-08-31,Aston Villa,Hull,2.0,1.0,H,11.0,9.0,4.0,3.0,9.0,10.0,3.0,7.0,1.0,4.0,0.0,0.0,2.3,3.3,3.5,2.33,3.16,3.63,2.38,3.3,3.75,2.25,3.15,3.47,50.0,2014/2015
E0,2014-08-31,Leicester,Arsenal,1.0,1.0,D,9.0,24.0,3.0,6.0,14.0,6.0,5.0,10.0,3.0,1.0,0.0,0.0,4.75,3.75,1.83,4.54,3.8,1.87,4.75,3.9,1.89,4.48,3.6,1.82,50.0,2014/2015
E0,2014-08-31,Tottenham,Liverpool,0.0,3.0,A,7.0,17.0,1.0,8.0,14.0,11.0,7.0,3.0,0.0,4.0,0.0,0.0,2.7,3.5,2.7,2.69,3.48,2.77,2.74,3.6,2.8,2.63,3.38,2.68,49.0,2014/2015
E0,2014-09-13,Arsenal,Manchester City,2.0,2.0,D,15.0,15.0,6.0,8.0,11.0,15.0,0.0,3.0,3.0,4.0,0.0,0.0,3.0,3.4,2.5,3.03,3.48,2.48,3.05,3.55,2.51,2.93,3.35,2.43,47.0,2014/2015
E0,2014-09-13,Chelsea,Swansea,4.0,2.0,H,29.0,11.0,9.0,2.0,12.0,11.0,7.0,4.0,0.0,3.0,0.0,0.0,1.3,5.75,12.0,1.32,5.62,12.04,1.33,6.0,12.5,1.3,5.41,10.78,46.0,2014/2015
E0,2014-09-13,Crystal Palace,Burnley,0.0,0.0,D,14.0,11.0,3.0,3.0,12.0,10.0,5.0,5.0,2.0,3.0,0.0,0.0,2.25,3.3,3.6,2.23,3.35,3.66,2.3,3.35,3.8,2.19,3.24,3.5,46.0,2014/2015
E0,2014-09-13,Liverpool,Aston Villa,0.0,1.0,A,18.0,5.0,1.0,1.0,9.0,10.0,7.0,6.0,2.0,1.0,0.0,0.0,1.3,6.0,11.0,1.3,5.92,11.85,1.33,6.0,12.0,1.29,5.58,10.79,45.0,2014/2015
E0,2014-09-13,Southampton,Newcastle,4.0,0.0,H,10.0,9.0,7.0,4.0,15.0,7.0,5.0,5.0,0.0,2.0,0.0,0.0,1.8,3.75,5.0,1.79,3.78,5.06,1.9,3.8,5.1,1.78,3.6,4.78,47.0,2014/2015
E0,2014-09-13,Stoke,Leicester,0.0,1.0,A,24.0,8.0,4.0,1.0,8.0,15.0,13.0,3.0,3.0,0.0,0.0,0.0,2.1,3.4,4.0,2.1,3.35,4.07,2.16,3.4,4.07,2.09,3.24,3.8,47.0,2014/2015
E0,2014-09-13,Sunderland,Tottenham,2.0,2.0,D,6.0,15.0,1.0,6.0,10.0,13.0,5.0,5.0,5.0,1.0,0.0,0.0,3.6,3.5,2.15,3.71,3.5,2.15,3.84,3.55,2.2,3.59,3.37,2.11,46.0,2014/2015
E0,2014-09-13,West Brom,Everton,0.0,2.0,A,11.0,11.0,1.0,4.0,12.0,8.0,9.0,1.0,2.0,3.0,0.0,0.0,3.5,3.5,2.2,3.57,3.48,2.21,3.74,3.5,2.21,3.45,3.37,2.15,46.0,2014/2015
E0,2014-09-14,Manchester United,QPR,4.0,0.0,H,19.0,9.0,9.0,2.0,11.0,8.0,3.0,1.0,1.0,0.0,0.0,0.0,1.29,6.25,12.0,1.27,6.33,13.29,1.33,6.33,13.29,1.27,5.72,11.51,46.0,2014/2015
E0,2014-09-15,Hull,West Ham,2.0,2.0,D,11.0,16.0,6.0,4.0,12.0,7.0,3.0,10.0,3.0,1.0,0.0,0.0,2.15,3.4,3.75,2.15,3.33,3.91,2.31,3.4,4.0,2.13,3.28,3.63,44.0,2014/2015
E0,2014-09-20,Aston Villa,Arsenal,0.0,3.0,A,6.0,9.0,2.0,3.0,11.0,9.0,5.0,5.0,1.0,3.0,0.0,0.0,4.75,3.6,1.85,4.71,3.63,1.88,5.0,3.8,1.88,4.6,3.53,1.82,48.0,2014/2015
E0,2014-09-20,Burnley,Sunderland,0.0,0.0,D,17.0,14.0,6.0,6.0,14.0,14.0,5.0,1.0,1.0,2.0,0.0,0.0,2.5,3.3,3.1,2.49,3.36,3.12,2.61,3.36,3.2,2.5,3.2,2.96,48.0,2014/2015
E0,2014-09-20,Newcastle,Hull,2.0,2.0,D,25.0,10.0,7.0,3.0,11.0,11.0,4.0,2.0,4.0,2.0,0.0,0.0,2.2,3.3,3.75,2.14,3.4,3.86,2.27,3.4,3.86,2.14,3.29,3.59,48.0,2014/2015
E0,2014-09-20,QPR,Stoke,2.0,2.0,D,21.0,8.0,5.0,4.0,6.0,15.0,10.0,1.0,2.0,4.0,0.0,0.0,2.8,3.25,2.8,2.77,3.15,2.91,2.88,3.25,2.88,2.74,3.11,2.76,48.0,2014/2015
E0,2014-09-20,Swansea,Southampton,0.0,1.0,A,5.0,11.0,2.0,4.0,11.0,15.0,2.0,4.0,0.0,4.0,1.0,0.0,2.5,3.3,3.1,2.46,3.34,3.18,2.61,3.4,3.18,2.45,3.29,2.97,48.0,2014/2015
E0,2014-09-20,West Ham,Liverpool,3.0,1.0,H,13.0,11.0,7.0,5.0,16.0,11.0,7.0,5.0,4.0,1.0,0.0,0.0,4.5,3.8,1.85,4.56,3.89,1.84,4.7,4.0,1.86,4.38,3.78,1.8,47.0,2014/2015
E0,2014-09-21,Everton,Crystal Palace,2.0,3.0,A,17.0,10.0,6.0,3.0,8.0,13.0,7.0,1.0,2.0,2.0,0.0,0.0,1.4,5.0,9.0,1.39,5.09,9.52,1.45,5.2,9.52,1.39,4.68,8.48,46.0,2014/2015
E0,2014-09-21,Leicester,Manchester United,5.0,3.0,H,15.0,16.0,5.0,5.0,11.0,9.0,2.0,4.0,1.0,1.0,0.0,1.0,5.5,4.2,1.67,5.64,4.23,1.65,6.0,4.33,1.67,5.39,3.98,1.64,48.0,2014/2015
E0,2014-09-21,Manchester City,Chelsea,1.0,1.0,D,16.0,6.0,4.0,2.0,16.0,12.0,14.0,2.0,3.0,4.0,1.0,0.0,2.38,3.5,3.1,2.39,3.56,3.12,2.46,3.55,3.16,2.37,3.39,2.99,46.0,2014/2015
E0,2014-09-21,Tottenham,West Brom,0.0,1.0,A,7.0,10.0,1.0,4.0,12.0,7.0,9.0,7.0,2.0,2.0,0.0,0.0,1.53,4.33,7.0,1.53,4.39,7.25,1.54,4.6,7.4,1.5,4.2,6.84,46.0,2014/2015
E0,2014-09-27,Arsenal,Tottenham,1.0,1.0,D,16.0,6.0,6.0,4.0,7.0,16.0,15.0,5.0,3.0,6.0,0.0,0.0,1.75,3.9,5.0,1.8,3.86,4.87,1.81,4.0,5.1,1.77,3.72,4.65,47.0,2014/2015
E0,2014-09-27,Chelsea,Aston Villa,3.0,0.0,H,17.0,7.0,8.0,1.0,11.0,9.0,9.0,2.0,2.0,2.0,0.0,0.0,1.22,7.0,16.0,1.22,7.05,16.5,1.26,7.2,17.0,1.21,6.5,14.22,47.0,2014/2015
E0,2014-09-27,Crystal Palace,Leicester,2.0,0.0,H,16.0,7.0,6.0,1.0,14.0,9.0,6.0,6.0,0.0,2.0,0.0,0.0,2.63,3.4,2.88,2.64,3.37,2.9,2.72,3.4,2.94,2.6,3.27,2.79,47.0,2014/2015
E0,2014-09-27,Hull,Manchester City,2.0,4.0,A,10.0,20.0,5.0,6.0,10.0,6.0,3.0,8.0,0.0,2.0,0.0,0.0,6.5,4.2,1.57,6.79,4.32,1.56,7.0,4.33,1.61,6.34,4.03,1.55,47.0,2014/2015
E0,2014-09-27,Liverpool,Everton,1.0,1.0,D,24.0,11.0,8.0,5.0,8.0,9.0,8.0,2.0,2.0,1.0,0.0,0.0,1.91,3.75,4.33,1.96,3.81,4.04,2.01,3.8,4.33,1.91,3.63,4.0,46.0,2014/2015
E0,2014-09-27,Manchester United,West Ham,2.0,1.0,H,8.0,13.0,3.0,4.0,10.0,12.0,7.0,10.0,1.0,3.0,1.0,0.0,1.4,5.5,8.0,1.39,5.44,8.41,1.43,5.5,9.5,1.38,5.08,7.84,47.0,2014/2015
E0,2014-09-27,Southampton,QPR,2.0,1.0,H,19.0,10.0,9.0,2.0,12.0,11.0,6.0,3.0,2.0,1.0,0.0,0.0,1.44,4.6,8.5,1.47,4.63,8.14,1.51,4.8,8.9,1.44,4.42,7.77,47.0,2014/2015
E0,2014-09-27,Sunderland,Swansea,0.0,0.0,D,15.0,7.0,3.0,1.0,13.0,15.0,10.0,1.0,2.0,1.0,0.0,1.0,2.9,3.3,2.63,2.96,3.23,2.69,3.0,3.3,2.77,2.79,3.21,2.62,47.0,2014/2015
E0,2014-09-28,West Brom,Burnley,4.0,0.0,H,20.0,10.0,6.0,2.0,7.0,9.0,10.0,2.0,1.0,2.0,0.0,0.0,2.0,3.5,4.2,2.01,3.46,4.29,2.04,3.5,4.35,1.98,3.37,4.02,47.0,2014/2015
E0,2014-09-29,Stoke,Newcastle,1.0,0.0,H,12.0,16.0,3.0,1.0,20.0,15.0,2.0,10.0,1.0,2.0,0.0,0.0,2.15,3.4,3.8,2.13,3.42,3.86,2.16,3.45,3.9,2.1,3.32,3.64,47.0,2014/2015
E0,2014-10-04,Aston Villa,Manchester City,0.0,2.0,A,6.0,27.0,1.0,7.0,4.0,6.0,0.0,7.0,0.0,1.0,0.0,0.0,7.5,4.5,1.5,8.05,4.57,1.48,8.05,4.57,1.55,7.25,4.2,1.48,45.0,2014/2015
E0,2014-10-04,Hull,Crystal Palace,2.0,0.0,H,15.0,11.0,2.0,2.0,6.0,14.0,6.0,7.0,1.0,2.0,0.0,0.0,2.1,3.5,3.8,2.12,3.44,3.89,2.2,3.52,4.0,2.07,3.34,3.72,45.0,2014/2015
E0,2014-10-04,Leicester,Burnley,2.0,2.0,D,15.0,10.0,6.0,4.0,16.0,12.0,9.0,3.0,2.0,2.0,0.0,0.0,1.8,3.75,5.0,1.79,3.72,5.16,1.82,3.75,5.19,1.78,3.57,4.8,44.0,2014/2015
E0,2014-10-04,Liverpool,West Brom,2.0,1.0,H,19.0,8.0,7.0,4.0,12.0,15.0,5.0,5.0,2.0,2.0,0.0,0.0,1.44,5.0,7.5,1.46,4.78,7.95,1.46,5.0,8.2,1.43,4.63,7.36,44.0,2014/2015
E0,2014-10-04,Sunderland,Stoke,3.0,1.0,H,8.0,11.0,3.0,5.0,10.0,17.0,7.0,4.0,3.0,4.0,0.0,0.0,2.55,3.25,3.1,2.55,3.23,3.14,2.6,3.3,3.2,2.5,3.17,2.97,45.0,2014/2015
E0,2014-10-04,Swansea,Newcastle,2.0,2.0,D,11.0,9.0,5.0,4.0,11.0,15.0,3.0,1.0,1.0,3.0,0.0,0.0,1.91,3.7,4.33,1.92,3.65,4.44,1.93,3.75,4.7,1.87,3.52,4.31,45.0,2014/2015
E0,2014-10-05,Manchester United,Everton,2.0,1.0,H,15.0,10.0,4.0,6.0,18.0,11.0,11.0,6.0,4.0,3.0,0.0,0.0,1.67,4.2,5.25,1.66,4.19,5.62,1.7,4.3,5.8,1.65,3.9,5.26,44.0,2014/2015
E0,2014-10-05,Chelsea,Arsenal,2.0,0.0,H,5.0,10.0,3.0,0.0,14.0,10.0,2.0,2.0,4.0,3.0,0.0,0.0,1.67,4.2,5.25,1.67,4.1,5.64,1.7,4.2,6.0,1.66,3.83,5.4,44.0,2014/2015
E0,2014-10-05,West Ham,QPR,2.0,0.0,H,11.0,10.0,3.0,3.0,10.0,11.0,7.0,5.0,2.0,2.0,0.0,0.0,1.91,3.6,4.5,1.91,3.61,4.56,1.95,3.61,4.56,1.9,3.48,4.23,44.0,2014/2015
E0,2014-10-05,Tottenham,Southampton,1.0,0.0,H,9.0,7.0,4.0,3.0,15.0,9.0,10.0,5.0,2.0,1.0,0.0,0.0,2.2,3.5,3.5,2.16,3.45,3.73,2.25,3.55,3.71,2.15,3.36,3.47,44.0,2014/2015
E0,2014-10-18,Arsenal,Hull,2.0,2.0,D,25.0,4.0,9.0,4.0,9.0,13.0,10.0,0.0,2.0,2.0,0.0,0.0,1.4,5.0,9.0,1.44,4.87,8.39,1.45,5.0,9.2,1.41,4.67,8.03,46.0,2014/2015
E0,2014-10-18,Burnley,West Ham,1.0,3.0,A,17.0,22.0,3.0,6.0,3.0,10.0,5.0,7.0,0.0,1.0,0.0,0.0,2.8,3.4,2.7,2.83,3.37,2.7,2.88,3.45,2.75,2.75,3.29,2.63,46.0,2014/2015
E0,2014-10-18,Crystal Palace,Chelsea,1.0,2.0,A,7.0,14.0,4.0,5.0,13.0,7.0,3.0,2.0,1.0,1.0,1.0,1.0,8.5,4.75,1.44,8.5,4.68,1.45,8.9,4.9,1.46,7.96,4.51,1.43,46.0,2014/2015
E0,2014-10-18,Everton,Aston Villa,3.0,0.0,H,15.0,10.0,6.0,2.0,11.0,16.0,3.0,4.0,2.0,2.0,0.0,0.0,1.6,4.0,6.5,1.56,4.29,6.76,1.65,4.29,6.76,1.58,3.96,6.2,46.0,2014/2015
E0,2014-10-18,Manchester City,Tottenham,4.0,1.0,H,20.0,19.0,12.0,7.0,11.0,9.0,3.0,4.0,1.0,2.0,0.0,1.0,1.45,4.75,8.0,1.47,4.79,7.77,1.5,4.8,8.2,1.46,4.49,7.29,46.0,2014/2015
E0,2014-10-18,Newcastle,Leicester,1.0,0.0,H,19.0,7.0,6.0,2.0,13.0,15.0,10.0,7.0,0.0,3.0,0.0,0.0,2.25,3.6,3.3,2.25,3.59,3.31,2.28,3.65,3.5,2.19,3.45,3.31,46.0,2014/2015
E0,2014-10-18,Southampton,Sunderland,8.0,0.0,H,20.0,12.0,11.0,1.0,11.0,8.0,5.0,6.0,1.0,3.0,0.0,0.0,1.57,4.0,7.0,1.59,4.12,6.79,1.65,4.15,7.2,1.57,3.88,6.56,46.0,2014/2015
E0,2014-10-19,QPR,Liverpool,2.0,3.0,A,15.0,15.0,6.0,5.0,10.0,15.0,7.0,2.0,2.0,3.0,0.0,0.0,6.0,4.2,1.6,6.52,4.3,1.58,6.5,4.35,1.65,5.98,4.03,1.58,45.0,2014/2015
E0,2014-10-19,Stoke,Swansea,2.0,1.0,H,17.0,13.0,3.0,5.0,17.0,7.0,3.0,5.0,4.0,1.0,0.0,0.0,2.5,3.3,3.1,2.55,3.31,3.07,2.55,3.35,3.15,2.46,3.24,2.99,46.0,2014/2015
E0,2014-10-20,West Brom,Manchester United,2.0,2.0,D,8.0,22.0,2.0,7.0,6.0,8.0,0.0,11.0,1.0,2.0,0.0,0.0,5.0,4.0,1.75,5.05,3.97,1.75,5.2,4.1,1.78,4.83,3.83,1.73,46.0,2014/2015
E0,2014-10-25,Liverpool,Hull,0.0,0.0,D,17.0,6.0,4.0,3.0,12.0,17.0,14.0,1.0,3.0,2.0,0.0,0.0,1.44,4.75,8.0,1.44,4.84,8.29,1.47,5.0,9.0,1.43,4.55,7.75,44.0,2014/2015
E0,2014-10-25,Sunderland,Arsenal,0.0,2.0,A,11.0,15.0,3.0,5.0,11.0,9.0,3.0,3.0,3.0,3.0,0.0,0.0,5.5,3.8,1.73,5.21,3.95,1.74,5.5,3.95,1.79,5.05,3.7,1.72,45.0,2014/2015
E0,2014-10-25,Southampton,Stoke,1.0,0.0,H,20.0,8.0,2.0,1.0,10.0,12.0,6.0,3.0,0.0,2.0,0.0,0.0,1.65,4.0,6.0,1.65,4.1,5.94,1.65,4.18,6.5,1.6,3.88,5.99,45.0,2014/2015
E0,2014-10-25,West Ham,Manchester City,2.0,1.0,H,12.0,21.0,4.0,5.0,12.0,14.0,4.0,8.0,2.0,1.0,0.0,0.0,6.5,4.5,1.55,6.66,4.71,1.52,6.7,4.75,1.57,6.07,4.34,1.53,45.0,2014/2015
E0,2014-10-25,West Brom,Crystal Palace,2.0,2.0,D,17.0,8.0,4.0,6.0,14.0,8.0,6.0,3.0,3.0,1.0,0.0,0.0,1.91,3.6,4.5,1.89,3.62,4.65,1.94,3.65,4.75,1.88,3.46,4.37,45.0,2014/2015
E0,2014-10-25,Swansea,Leicester,2.0,0.0,H,7.0,9.0,3.0,4.0,7.0,10.0,2.0,2.0,0.0,0.0,0.0,0.0,1.95,3.7,4.2,1.92,3.72,4.37,1.95,3.75,4.4,1.9,3.53,4.13,45.0,2014/2015
E0,2014-10-26,Burnley,Everton,1.0,3.0,A,14.0,15.0,3.0,6.0,12.0,7.0,5.0,4.0,4.0,2.0,0.0,0.0,4.75,3.75,1.83,4.49,3.81,1.87,4.8,3.81,1.88,4.46,3.56,1.83,45.0,2014/2015
E0,2014-10-26,Manchester United,Chelsea,1.0,1.0,D,19.0,9.0,7.0,4.0,13.0,14.0,4.0,7.0,3.0,5.0,0.0,1.0,2.88,3.6,2.5,2.92,3.5,2.55,3.0,3.6,2.6,2.84,3.38,2.48,45.0,2014/2015
E0,2014-10-26,Tottenham,Newcastle,1.0,2.0,A,17.0,8.0,2.0,2.0,9.0,12.0,10.0,2.0,2.0,4.0,0.0,0.0,1.75,3.9,5.0,1.76,3.93,5.03,1.8,3.95,5.2,1.74,3.74,4.78,45.0,2014/2015
E0,2014-10-27,QPR,Aston Villa,2.0,0.0,H,11.0,15.0,4.0,6.0,11.0,14.0,2.0,4.0,0.0,2.0,0.0,0.0,2.38,3.25,3.4,2.33,3.32,3.45,2.4,3.32,3.45,2.33,3.2,3.23,43.0,2014/2015
E0,2014-11-01,Arsenal,Burnley,3.0,0.0,H,32.0,6.0,13.0,2.0,5.0,9.0,18.0,1.0,0.0,1.0,0.0,0.0,1.25,6.5,14.0,1.28,6.21,13.23,1.3,6.5,14.0,1.27,5.81,11.61,46.0,2014/2015
E0,2014-11-01,Everton,Swansea,0.0,0.0,D,17.0,8.0,3.0,0.0,10.0,15.0,11.0,0.0,2.0,3.0,0.0,1.0,1.75,3.8,5.25,1.74,3.85,5.39,1.76,3.9,5.5,1.72,3.64,5.15,46.0,2014/2015
E0,2014-11-01,Leicester,West Brom,0.0,1.0,A,14.0,8.0,5.0,3.0,5.0,12.0,8.0,3.0,0.0,1.0,0.0,0.0,2.3,3.5,3.3,2.35,3.46,3.27,2.38,3.5,3.4,2.27,3.37,3.2,46.0,2014/2015
E0,2014-11-01,Chelsea,QPR,2.0,1.0,H,18.0,7.0,8.0,1.0,8.0,12.0,13.0,2.0,0.0,0.0,0.0,0.0,1.17,8.5,21.0,1.19,7.8,19.99,1.19,8.61,21.0,1.17,7.6,16.97,46.0,2014/2015
E0,2014-11-01,Stoke,West Ham,2.0,2.0,D,21.0,10.0,6.0,2.0,14.0,13.0,9.0,2.0,1.0,1.0,0.0,0.0,2.38,3.4,3.25,2.42,3.37,3.22,2.45,3.5,3.25,2.36,3.29,3.12,46.0,2014/2015
E0,2014-11-01,Newcastle,Liverpool,1.0,0.0,H,14.0,6.0,3.0,3.0,13.0,8.0,7.0,2.0,4.0,3.0,0.0,0.0,3.8,3.75,2.0,3.77,3.74,2.05,3.85,3.75,2.08,3.72,3.54,2.01,45.0,2014/2015
E0,2014-11-01,Hull,Southampton,0.0,1.0,A,8.0,10.0,1.0,3.0,6.0,9.0,7.0,4.0,1.0,0.0,0.0,0.0,3.8,3.6,2.05,4.01,3.61,2.03,4.1,3.6,2.1,3.85,3.42,2.01,46.0,2014/2015
E0,2014-11-02,Aston Villa,Tottenham,1.0,2.0,A,12.0,18.0,1.0,7.0,12.0,11.0,3.0,9.0,3.0,3.0,1.0,0.0,3.75,3.6,2.1,3.89,3.53,2.08,3.9,3.6,2.1,3.72,3.4,2.05,46.0,2014/2015
E0,2014-11-02,Manchester City,Manchester United,1.0,0.0,H,16.0,9.0,6.0,2.0,15.0,9.0,7.0,4.0,3.0,1.0,0.0,1.0,1.91,3.75,4.33,1.9,3.81,4.33,1.95,3.95,4.33,1.88,3.65,4.07,46.0,2014/2015
E0,2014-11-03,Crystal Palace,Sunderland,1.0,3.0,A,9.0,8.0,1.0,7.0,12.0,19.0,11.0,2.0,0.0,3.0,1.0,0.0,2.1,3.5,3.8,2.08,3.48,3.96,2.15,3.5,4.0,2.07,3.35,3.73,46.0,2014/2015
E0,2014-11-08,QPR,Manchester City,2.0,2.0,D,17.0,23.0,4.0,6.0,9.0,10.0,7.0,7.0,4.0,2.0,0.0,0.0,7.0,4.75,1.5,7.14,4.73,1.5,7.6,4.9,1.53,6.74,4.5,1.47,44.0,2014/2015
E0,2014-11-08,Southampton,Leicester,2.0,0.0,H,18.0,5.0,6.0,0.0,10.0,12.0,13.0,4.0,2.0,2.0,0.0,0.0,1.44,4.75,8.0,1.44,4.83,8.54,1.5,4.9,9.0,1.43,4.5,7.92,44.0,2014/2015
E0,2014-11-08,Burnley,Hull,1.0,0.0,H,14.0,12.0,3.0,1.0,17.0,17.0,7.0,1.0,6.0,4.0,0.0,0.0,2.5,3.4,3.0,2.52,3.36,3.07,2.6,3.4,3.1,2.49,3.28,2.91,44.0,2014/2015
E0,2014-11-08,Liverpool,Chelsea,1.0,2.0,A,12.0,15.0,4.0,5.0,9.0,12.0,5.0,7.0,2.0,5.0,0.0,0.0,3.4,3.4,2.3,3.36,3.46,2.31,3.5,3.5,2.34,3.27,3.32,2.26,43.0,2014/2015
E0,2014-11-08,Manchester United,Crystal Palace,1.0,0.0,H,23.0,6.0,5.0,1.0,8.0,12.0,11.0,4.0,1.0,3.0,0.0,0.0,1.3,6.0,11.0,1.3,5.87,12.0,1.35,6.0,12.1,1.3,5.53,10.42,44.0,2014/2015
E0,2014-11-08,West Ham,Aston Villa,0.0,0.0,D,21.0,12.0,5.0,4.0,9.0,10.0,13.0,2.0,0.0,3.0,0.0,0.0,1.75,3.75,5.5,1.75,3.73,5.52,1.76,3.88,5.6,1.72,3.64,5.19,44.0,2014/2015
E0,2014-11-09,Swansea,Arsenal,2.0,1.0,H,11.0,12.0,5.0,4.0,10.0,16.0,6.0,10.0,5.0,5.0,0.0,0.0,3.75,3.5,2.1,3.59,3.5,2.19,3.75,3.55,2.22,3.5,3.36,2.14,44.0,2014/2015
E0,2014-11-09,Sunderland,Everton,1.0,1.0,D,10.0,16.0,3.0,7.0,11.0,13.0,5.0,4.0,1.0,2.0,0.0,0.0,4.0,3.5,2.05,4.07,3.48,2.05,4.1,3.55,2.09,3.82,3.4,2.02,43.0,2014/2015
E0,2014-11-09,West Brom,Newcastle,0.0,2.0,A,10.0,8.0,2.0,3.0,12.0,6.0,7.0,4.0,0.0,0.0,0.0,0.0,2.3,3.5,3.3,2.26,3.45,3.47,2.4,3.5,3.5,2.26,3.34,3.26,44.0,2014/2015
E0,2014-11-09,Tottenham,Stoke,1.0,2.0,A,14.0,11.0,4.0,4.0,20.0,13.0,5.0,5.0,3.0,2.0,1.0,0.0,1.7,4.0,5.5,1.69,3.91,5.81,1.73,4.0,6.0,1.67,3.72,5.48,44.0,2014/2015
E0,2014-11-22,Arsenal,Manchester United,1.0,2.0,A,23.0,12.0,9.0,2.0,12.0,8.0,11.0,5.0,2.0,1.0,0.0,0.0,2.15,3.6,3.5,2.16,3.67,3.51,2.3,3.75,3.6,2.15,3.46,3.4,45.0,2014/2015
E0,2014-11-22,Chelsea,West Brom,2.0,0.0,H,21.0,5.0,8.0,1.0,7.0,9.0,15.0,0.0,1.0,0.0,0.0,1.0,1.25,6.5,15.0,1.24,6.64,15.21,1.26,7.0,17.0,1.23,6.22,13.88,47.0,2014/2015
E0,2014-11-22,Everton,West Ham,2.0,1.0,H,14.0,14.0,4.0,3.0,10.0,13.0,1.0,5.0,2.0,3.0,0.0,0.0,1.85,3.8,4.5,1.85,3.82,4.59,1.91,3.85,4.8,1.83,3.6,4.46,47.0,2014/2015
E0,2014-11-22,Leicester,Sunderland,0.0,0.0,D,13.0,10.0,4.0,5.0,18.0,12.0,6.0,9.0,2.0,3.0,0.0,0.0,2.1,3.5,3.8,2.1,3.51,3.87,2.25,3.6,4.0,2.1,3.34,3.69,45.0,2014/2015
E0,2014-11-22,Manchester City,Swansea,2.0,1.0,H,23.0,8.0,10.0,3.0,13.0,9.0,7.0,3.0,2.0,1.0,0.0,0.0,1.4,5.25,8.5,1.39,5.36,8.85,1.43,5.5,9.5,1.37,5.01,8.24,47.0,2014/2015
E0,2014-11-22,Newcastle,QPR,1.0,0.0,H,14.0,13.0,6.0,4.0,12.0,15.0,16.0,7.0,2.0,3.0,0.0,0.0,1.83,3.75,4.75,1.85,3.71,4.75,1.91,3.75,4.9,1.82,3.55,4.56,47.0,2014/2015
E0,2014-11-22,Stoke,Burnley,1.0,2.0,A,25.0,5.0,4.0,4.0,10.0,9.0,14.0,0.0,2.0,2.0,0.0,0.0,1.7,3.8,5.75,1.68,3.89,5.9,1.74,3.9,6.0,1.69,3.66,5.49,45.0,2014/2015
E0,2014-11-23,Crystal Palace,Liverpool,3.0,1.0,H,15.0,12.0,5.0,1.0,21.0,10.0,4.0,3.0,1.0,2.0,0.0,0.0,4.33,3.7,1.91,4.65,3.74,1.86,4.7,3.74,1.95,4.41,3.5,1.86,44.0,2014/2015
E0,2014-11-23,Hull,Tottenham,1.0,2.0,A,10.0,23.0,2.0,6.0,15.0,9.0,3.0,9.0,3.0,1.0,1.0,0.0,3.6,3.4,2.2,3.72,3.46,2.16,3.72,3.5,2.25,3.48,3.33,2.16,45.0,2014/2015
E0,2014-11-24,Aston Villa,Southampton,1.0,1.0,D,7.0,15.0,1.0,4.0,15.0,17.0,2.0,8.0,1.0,2.0,0.0,0.0,5.25,3.75,1.75,5.54,3.79,1.74,5.54,3.8,1.8,5.02,3.59,1.74,43.0,2014/2015
E0,2014-11-29,QPR,Leicester,3.0,2.0,H,32.0,19.0,6.0,5.0,8.0,17.0,11.0,5.0,3.0,2.0,0.0,0.0,2.38,3.4,3.25,2.32,3.41,3.38,2.4,3.43,3.45,2.29,3.3,3.22,45.0,2014/2015
E0,2014-11-29,Liverpool,Stoke,1.0,0.0,H,16.0,13.0,3.0,4.0,11.0,9.0,5.0,5.0,0.0,3.0,0.0,0.0,1.73,4.0,5.0,1.74,3.91,5.31,1.77,4.0,5.5,1.69,3.77,5.11,44.0,2014/2015
E0,2014-11-29,Manchester United,Hull,3.0,0.0,H,12.0,4.0,6.0,2.0,12.0,12.0,7.0,0.0,2.0,2.0,0.0,0.0,1.33,5.75,10.0,1.33,5.65,10.75,1.36,6.0,11.0,1.31,5.36,9.7,45.0,2014/2015
E0,2014-11-29,Burnley,Aston Villa,1.0,1.0,D,11.0,18.0,4.0,7.0,8.0,8.0,1.0,5.0,3.0,4.0,0.0,0.0,2.15,3.4,3.75,2.15,3.38,3.85,2.23,3.4,3.9,2.14,3.28,3.58,45.0,2014/2015
E0,2014-11-29,West Ham,Newcastle,1.0,0.0,H,12.0,7.0,3.0,1.0,9.0,16.0,6.0,2.0,3.0,2.0,0.0,1.0,2.15,3.5,3.6,2.12,3.54,3.76,2.25,3.55,3.76,2.12,3.34,3.56,45.0,2014/2015
E0,2014-11-29,Swansea,Crystal Palace,1.0,1.0,D,18.0,11.0,4.0,5.0,6.0,12.0,4.0,6.0,0.0,2.0,0.0,0.0,1.8,3.75,5.0,1.81,3.73,5.04,1.85,3.75,5.2,1.78,3.57,4.8,45.0,2014/2015
E0,2014-11-29,West Brom,Arsenal,0.0,1.0,A,9.0,17.0,1.0,5.0,9.0,10.0,4.0,4.0,2.0,1.0,0.0,0.0,4.5,3.8,1.85,4.68,3.7,1.86,4.8,3.8,1.9,4.46,3.56,1.83,45.0,2014/2015
E0,2014-11-29,Sunderland,Chelsea,0.0,0.0,D,12.0,24.0,3.0,6.0,13.0,10.0,2.0,8.0,3.0,2.0,0.0,0.0,9.0,5.0,1.4,10.2,5.12,1.38,10.2,5.12,1.43,8.91,4.69,1.38,46.0,2014/2015
E0,2014-11-30,Southampton,Manchester City,0.0,3.0,A,13.0,15.0,4.0,6.0,10.0,13.0,8.0,6.0,1.0,2.0,0.0,1.0,3.2,3.6,2.3,3.08,3.5,2.44,3.25,3.6,2.44,3.1,3.35,2.33,46.0,2014/2015
E0,2014-11-30,Tottenham,Everton,2.0,1.0,H,13.0,10.0,6.0,5.0,15.0,5.0,3.0,4.0,5.0,1.0,0.0,0.0,2.25,3.6,3.25,2.24,3.58,3.39,2.38,3.65,3.39,2.26,3.39,3.21,46.0,2014/2015
E0,2014-12-02,Leicester,Liverpool,1.0,3.0,A,20.0,11.0,4.0,3.0,11.0,10.0,7.0,4.0,1.0,2.0,1.0,0.0,3.8,3.6,2.05,3.8,3.58,2.09,3.85,3.65,2.1,3.71,3.47,2.05,44.0,2014/2015
E0,2014-12-02,Burnley,Newcastle,1.0,1.0,D,12.0,11.0,2.0,4.0,12.0,12.0,2.0,5.0,2.0,2.0,0.0,0.0,2.8,3.3,2.75,2.87,3.29,2.72,2.9,3.35,2.8,2.78,3.23,2.65,46.0,2014/2015
E0,2014-12-02,Crystal Palace,Aston Villa,0.0,1.0,A,17.0,5.0,5.0,3.0,16.0,15.0,8.0,2.0,2.0,2.0,0.0,0.0,2.1,3.4,4.0,2.08,3.42,4.05,2.15,3.45,4.2,2.06,3.32,3.86,48.0,2014/2015
E0,2014-12-02,Swansea,QPR,2.0,0.0,H,18.0,5.0,7.0,1.0,8.0,12.0,9.0,2.0,2.0,2.0,0.0,0.0,1.73,3.8,5.5,1.72,3.96,5.38,1.8,3.95,5.9,1.71,3.7,5.18,45.0,2014/2015
E0,2014-12-02,West Brom,West Ham,1.0,2.0,A,23.0,11.0,5.0,6.0,11.0,17.0,7.0,3.0,2.0,1.0,0.0,0.0,2.5,3.4,3.0,2.54,3.33,3.06,2.55,3.4,3.2,2.46,3.28,2.99,45.0,2014/2015
E0,2014-12-02,Manchester United,Stoke,2.0,1.0,H,10.0,5.0,3.0,4.0,8.0,13.0,2.0,2.0,2.0,4.0,0.0,0.0,1.45,4.5,8.5,1.44,4.7,8.65,1.5,4.8,9.1,1.44,4.45,7.9,43.0,2014/2015
E0,2014-12-03,Arsenal,Southampton,1.0,0.0,H,19.0,6.0,8.0,1.0,7.0,14.0,9.0,4.0,0.0,2.0,0.0,0.0,1.8,3.75,5.0,1.78,3.86,5.02,1.83,3.85,5.02,1.77,3.64,4.76,46.0,2014/2015
E0,2014-12-03,Chelsea,Tottenham,3.0,0.0,H,12.0,10.0,8.0,2.0,9.0,9.0,1.0,6.0,1.0,1.0,0.0,0.0,1.4,5.0,9.0,1.44,4.93,8.02,1.45,5.0,9.5,1.41,4.67,8.05,46.0,2014/2015
E0,2014-12-03,Everton,Hull,1.0,1.0,D,13.0,8.0,5.0,1.0,8.0,12.0,6.0,4.0,1.0,1.0,0.0,0.0,1.53,4.33,7.0,1.5,4.41,7.8,1.56,4.41,7.8,1.51,4.1,6.83,46.0,2014/2015
E0,2014-12-03,Sunderland,Manchester City,1.0,4.0,A,8.0,15.0,2.0,4.0,9.0,8.0,2.0,0.0,1.0,1.0,0.0,0.0,7.5,4.5,1.5,7.23,4.67,1.5,7.7,4.67,1.53,6.8,4.33,1.49,47.0,2014/2015
E0,2014-12-06,Hull,West Brom,0.0,0.0,D,12.0,6.0,2.0,3.0,10.0,16.0,3.0,2.0,1.0,1.0,0.0,0.0,2.45,3.3,3.2,2.4,3.29,3.33,2.5,3.3,3.33,2.39,3.22,3.1,48.0,2014/2015
E0,2014-12-06,Manchester City,Everton,1.0,0.0,H,19.0,9.0,3.0,2.0,8.0,11.0,11.0,7.0,3.0,3.0,0.0,0.0,1.5,4.75,7.0,1.52,4.75,6.68,1.57,4.9,7.3,1.5,4.44,6.46,46.0,2014/2015
E0,2014-12-06,QPR,Burnley,2.0,0.0,H,11.0,15.0,6.0,3.0,12.0,12.0,3.0,11.0,1.0,1.0,1.0,0.0,2.05,3.5,4.0,2.08,3.38,4.1,2.12,3.55,4.2,2.04,3.37,3.81,46.0,2014/2015
E0,2014-12-06,Liverpool,Sunderland,0.0,0.0,D,15.0,7.0,2.0,1.0,12.0,15.0,5.0,7.0,1.0,3.0,0.0,0.0,1.5,4.5,7.5,1.52,4.46,7.25,1.6,4.55,8.0,1.49,4.23,7.0,47.0,2014/2015
E0,2014-12-06,Tottenham,Crystal Palace,0.0,0.0,D,14.0,16.0,3.0,4.0,11.0,10.0,2.0,12.0,1.0,0.0,0.0,0.0,1.6,4.2,6.0,1.62,4.19,6.13,1.65,4.33,6.5,1.59,3.95,5.89,48.0,2014/2015
E0,2014-12-06,Stoke,Arsenal,3.0,2.0,H,13.0,15.0,4.0,6.0,17.0,14.0,3.0,9.0,3.0,2.0,0.0,1.0,4.0,3.6,2.0,4.2,3.48,2.02,4.2,3.6,2.05,3.97,3.45,1.97,48.0,2014/2015
E0,2014-12-06,Newcastle,Chelsea,2.0,1.0,H,9.0,26.0,3.0,8.0,8.0,6.0,1.0,10.0,2.0,3.0,1.0,0.0,7.0,4.33,1.53,6.88,4.37,1.55,7.5,4.33,1.59,6.64,4.08,1.53,47.0,2014/2015
E0,2014-12-07,Aston Villa,Leicester,2.0,1.0,H,16.0,10.0,7.0,4.0,9.0,14.0,5.0,5.0,4.0,4.0,0.0,1.0,2.4,3.4,3.2,2.37,3.4,3.28,2.45,3.4,3.3,2.34,3.3,3.13,48.0,2014/2015
E0,2014-12-07,West Ham,Swansea,3.0,1.0,H,15.0,11.0,7.0,2.0,11.0,18.0,7.0,4.0,0.0,1.0,0.0,1.0,2.35,3.4,3.25,2.42,3.43,3.17,2.45,3.5,3.25,2.35,3.32,3.09,48.0,2014/2015
E0,2014-12-08,Southampton,Manchester United,1.0,2.0,A,15.0,3.0,4.0,2.0,12.0,9.0,5.0,1.0,2.0,1.0,0.0,0.0,2.8,3.4,2.7,2.8,3.45,2.68,2.9,3.5,2.7,2.73,3.33,2.61,47.0,2014/2015
E0,2014-12-13,Leicester,Manchester City,0.0,1.0,A,7.0,9.0,1.0,4.0,15.0,13.0,8.0,2.0,0.0,2.0,0.0,0.0,7.0,4.75,1.5,6.77,4.74,1.51,7.5,4.8,1.53,6.55,4.52,1.48,47.0,2014/2015
E0,2014-12-13,Sunderland,West Ham,1.0,1.0,D,13.0,19.0,4.0,8.0,11.0,18.0,6.0,8.0,2.0,2.0,0.0,0.0,2.95,3.4,2.55,2.98,3.41,2.55,3.0,3.45,2.63,2.87,3.29,2.52,47.0,2014/2015
E0,2014-12-13,Arsenal,Newcastle,4.0,1.0,H,17.0,10.0,4.0,4.0,14.0,15.0,9.0,6.0,2.0,2.0,0.0,0.0,1.44,4.75,8.0,1.45,4.95,7.88,1.48,4.95,8.5,1.43,4.56,7.62,47.0,2014/2015
E0,2014-12-13,Burnley,Southampton,1.0,0.0,H,7.0,15.0,2.0,4.0,15.0,11.0,2.0,5.0,1.0,3.0,0.0,0.0,5.5,3.75,1.73,5.55,3.8,1.74,5.55,3.85,1.82,5.06,3.61,1.74,47.0,2014/2015
E0,2014-12-13,Chelsea,Hull,2.0,0.0,H,12.0,8.0,3.0,0.0,13.0,13.0,5.0,4.0,3.0,3.0,0.0,1.0,1.18,8.0,18.0,1.18,7.92,20.96,1.2,8.2,21.66,1.17,7.32,17.12,47.0,2014/2015
E0,2014-12-13,Crystal Palace,Stoke,1.0,1.0,D,10.0,7.0,3.0,3.0,12.0,11.0,9.0,8.0,2.0,0.0,0.0,0.0,2.6,3.25,3.0,2.57,3.29,3.06,2.65,3.3,3.06,2.53,3.18,2.93,47.0,2014/2015
E0,2014-12-13,West Brom,Aston Villa,1.0,0.0,H,13.0,7.0,5.0,2.0,17.0,12.0,4.0,2.0,4.0,2.0,0.0,1.0,2.15,3.4,3.8,2.14,3.37,3.92,2.3,3.4,3.96,2.11,3.27,3.71,47.0,2014/2015
E0,2014-12-14,Manchester United,Liverpool,3.0,0.0,H,11.0,19.0,6.0,9.0,13.0,14.0,2.0,7.0,4.0,3.0,0.0,0.0,1.8,3.8,4.75,1.83,3.94,4.55,1.88,3.94,4.85,1.81,3.67,4.49,46.0,2014/2015
E0,2014-12-14,Swansea,Tottenham,1.0,2.0,A,15.0,10.0,3.0,4.0,7.0,17.0,7.0,9.0,3.0,4.0,0.0,0.0,2.5,3.4,3.0,2.5,3.47,3.02,2.6,3.5,3.1,2.47,3.33,2.91,47.0,2014/2015
E0,2014-12-15,Everton,QPR,3.0,1.0,H,13.0,17.0,5.0,4.0,11.0,12.0,1.0,8.0,1.0,1.0,0.0,0.0,1.45,4.5,8.5,1.47,4.65,7.9,1.5,4.75,8.5,1.45,4.41,7.54,45.0,2014/2015
E0,2014-12-20,Hull,Swansea,0.0,1.0,A,11.0,13.0,3.0,3.0,14.0,16.0,4.0,5.0,2.0,2.0,0.0,0.0,3.1,3.3,2.5,3.08,3.33,2.53,3.2,3.35,2.6,2.95,3.23,2.5,46.0,2014/2015
E0,2014-12-20,QPR,West Brom,3.0,2.0,H,17.0,16.0,7.0,6.0,16.0,8.0,5.0,11.0,1.0,0.0,0.0,0.0,2.45,3.3,3.2,2.48,3.37,3.13,2.5,3.4,3.3,2.4,3.26,3.06,46.0,2014/2015
E0,2014-12-20,Manchester City,Crystal Palace,3.0,0.0,H,15.0,6.0,3.0,1.0,17.0,5.0,8.0,6.0,2.0,1.0,0.0,0.0,1.29,6.0,12.0,1.31,5.7,12.44,1.32,6.0,13.0,1.29,5.51,10.84,47.0,2014/2015
E0,2014-12-20,Tottenham,Burnley,2.0,1.0,H,23.0,9.0,6.0,5.0,9.0,8.0,9.0,6.0,1.0,0.0,0.0,0.0,1.5,4.5,7.5,1.49,4.63,7.52,1.54,4.7,7.7,1.49,4.34,6.88,46.0,2014/2015
E0,2014-12-20,Southampton,Everton,3.0,0.0,H,11.0,13.0,3.0,4.0,11.0,10.0,4.0,6.0,1.0,1.0,0.0,0.0,2.45,3.5,3.0,2.47,3.46,3.06,2.5,3.5,3.13,2.41,3.33,2.98,46.0,2014/2015
E0,2014-12-20,West Ham,Leicester,2.0,0.0,H,10.0,10.0,2.0,4.0,8.0,17.0,9.0,4.0,0.0,3.0,0.0,0.0,1.75,3.9,5.0,1.72,4.03,5.2,1.77,4.1,5.5,1.7,3.82,5.05,46.0,2014/2015
E0,2014-12-20,Aston Villa,Manchester United,1.0,1.0,D,10.0,16.0,4.0,9.0,9.0,10.0,3.0,9.0,1.0,1.0,1.0,0.0,6.25,4.0,1.62,6.25,4.2,1.61,6.6,4.2,1.65,6.11,3.9,1.59,46.0,2014/2015
E0,2014-12-21,Liverpool,Arsenal,2.0,2.0,D,27.0,7.0,10.0,3.0,6.0,14.0,10.0,6.0,0.0,3.0,1.0,0.0,2.8,3.5,2.6,2.78,3.59,2.62,2.9,3.65,2.63,2.77,3.43,2.53,46.0,2014/2015
E0,2014-12-21,Newcastle,Sunderland,0.0,1.0,A,15.0,16.0,7.0,3.0,15.0,15.0,7.0,1.0,4.0,4.0,0.0,0.0,2.05,3.5,4.0,2.1,3.44,3.97,2.14,3.5,4.2,2.06,3.34,3.8,47.0,2014/2015
E0,2014-12-22,Stoke,Chelsea,0.0,2.0,A,13.0,15.0,2.0,6.0,11.0,4.0,6.0,5.0,3.0,0.0,0.0,0.0,6.25,4.0,1.62,6.21,4.1,1.62,6.6,4.1,1.67,5.93,3.83,1.61,47.0,2014/2015
E0,2014-12-26,Everton,Stoke,0.0,1.0,A,16.0,12.0,5.0,2.0,9.0,15.0,9.0,3.0,2.0,3.0,0.0,0.0,1.83,3.6,5.0,1.83,3.65,5.03,1.85,3.7,5.1,1.8,3.54,4.72,46.0,2014/2015
E0,2014-12-26,Arsenal,QPR,2.0,1.0,H,15.0,16.0,5.0,2.0,6.0,15.0,6.0,2.0,1.0,4.0,1.0,0.0,1.29,6.0,13.0,1.28,6.4,12.51,1.31,6.5,14.0,1.26,5.87,11.5,47.0,2014/2015
E0,2014-12-26,Burnley,Liverpool,0.0,1.0,A,16.0,10.0,0.0,3.0,7.0,5.0,8.0,2.0,0.0,1.0,0.0,0.0,4.75,3.8,1.8,4.8,3.97,1.79,4.95,3.98,1.85,4.58,3.7,1.78,46.0,2014/2015
E0,2014-12-26,Chelsea,West Ham,2.0,0.0,H,28.0,6.0,9.0,0.0,8.0,14.0,8.0,6.0,0.0,3.0,0.0,0.0,1.33,5.75,10.0,1.35,5.56,10.33,1.36,5.8,11.0,1.33,5.26,9.54,47.0,2014/2015
E0,2014-12-26,Crystal Palace,Southampton,1.0,3.0,A,11.0,13.0,4.0,6.0,15.0,10.0,8.0,4.0,1.0,0.0,0.0,0.0,3.75,3.4,2.15,3.66,3.4,2.21,3.9,3.4,2.23,3.59,3.27,2.15,47.0,2014/2015
E0,2014-12-26,Manchester United,Newcastle,3.0,1.0,H,9.0,8.0,4.0,4.0,16.0,9.0,4.0,5.0,1.0,2.0,0.0,0.0,1.4,5.0,9.0,1.38,5.28,9.25,1.43,5.3,9.5,1.38,4.82,8.53,47.0,2014/2015
E0,2014-12-26,Sunderland,Hull,1.0,3.0,A,12.0,13.0,3.0,5.0,12.0,6.0,10.0,4.0,4.0,2.0,0.0,0.0,2.05,3.4,4.2,2.06,3.37,4.22,2.11,3.4,4.33,2.03,3.27,3.96,46.0,2014/2015
E0,2014-12-26,Swansea,Aston Villa,1.0,0.0,H,7.0,11.0,2.0,3.0,17.0,12.0,4.0,0.0,1.0,4.0,0.0,0.0,1.75,3.75,5.25,1.77,3.74,5.32,1.8,3.85,5.6,1.73,3.62,5.08,47.0,2014/2015
E0,2014-12-26,West Brom,Manchester City,1.0,3.0,A,18.0,9.0,6.0,5.0,5.0,9.0,10.0,6.0,0.0,1.0,0.0,0.0,6.5,4.5,1.53,6.65,4.45,1.55,7.0,4.51,1.57,6.31,4.23,1.53,47.0,2014/2015
E0,2014-12-26,Leicester,Tottenham,1.0,2.0,A,22.0,8.0,6.0,3.0,10.0,14.0,11.0,1.0,1.0,2.0,0.0,0.0,3.8,3.6,2.05,3.75,3.55,2.12,4.05,3.6,2.12,3.63,3.46,2.06,47.0,2014/2015
E0,2014-12-28,Manchester City,Burnley,2.0,2.0,D,17.0,12.0,6.0,3.0,18.0,9.0,10.0,3.0,4.0,1.0,0.0,0.0,1.18,8.0,19.0,1.16,8.55,22.5,1.19,8.7,25.0,1.16,7.74,17.78,47.0,2014/2015
E0,2014-12-28,Aston Villa,Sunderland,0.0,0.0,D,14.0,15.0,3.0,3.0,4.0,11.0,4.0,4.0,1.0,4.0,1.0,0.0,2.35,3.3,3.4,2.33,3.26,3.5,2.4,3.3,3.5,2.3,3.19,3.28,47.0,2014/2015
E0,2014-12-28,Newcastle,Everton,3.0,2.0,H,13.0,9.0,6.0,2.0,13.0,8.0,8.0,3.0,2.0,2.0,0.0,0.0,2.9,3.4,2.6,2.98,3.42,2.55,3.0,3.45,2.62,2.84,3.33,2.49,47.0,2014/2015
E0,2014-12-28,Stoke,West Brom,2.0,0.0,H,13.0,15.0,3.0,4.0,11.0,14.0,5.0,3.0,0.0,2.0,0.0,0.0,1.91,3.6,4.5,1.9,3.51,4.78,1.95,3.6,4.8,1.88,3.41,4.38,47.0,2014/2015
E0,2014-12-28,Hull,Leicester,0.0,1.0,A,18.0,4.0,5.0,2.0,12.0,12.0,7.0,1.0,0.0,1.0,1.0,1.0,2.25,3.4,3.5,2.28,3.38,3.5,2.31,3.4,3.57,2.23,3.27,3.33,47.0,2014/2015
E0,2014-12-28,West Ham,Arsenal,1.0,2.0,A,14.0,21.0,4.0,7.0,12.0,13.0,7.0,8.0,3.0,3.0,0.0,0.0,3.5,3.5,2.2,3.53,3.64,2.17,3.6,3.65,2.22,3.41,3.47,2.12,47.0,2014/2015
E0,2014-12-28,Tottenham,Manchester United,0.0,0.0,D,9.0,9.0,4.0,5.0,11.0,19.0,3.0,6.0,2.0,4.0,0.0,0.0,3.25,3.6,2.3,3.25,3.62,2.29,3.4,3.62,2.32,3.18,3.43,2.23,47.0,2014/2015
E0,2014-12-28,Southampton,Chelsea,1.0,1.0,D,9.0,7.0,1.0,1.0,23.0,14.0,4.0,6.0,2.0,2.0,1.0,0.0,4.75,3.75,1.83,4.83,3.65,1.85,5.01,3.8,1.88,4.62,3.54,1.81,47.0,2014/2015
E0,2014-12-28,QPR,Crystal Palace,0.0,0.0,D,11.0,10.0,3.0,3.0,11.0,17.0,9.0,4.0,2.0,1.0,0.0,0.0,2.38,3.4,3.25,2.47,3.34,3.15,2.48,3.5,3.25,2.35,3.27,3.09,47.0,2014/2015
E0,2014-12-29,Liverpool,Swansea,4.0,1.0,H,21.0,11.0,11.0,4.0,8.0,5.0,6.0,3.0,1.0,0.0,0.0,0.0,1.7,4.0,5.5,1.71,3.91,5.55,1.73,4.0,5.8,1.67,3.72,5.31,44.0,2014/2015
E0,2015-01-01,Newcastle,Burnley,3.0,3.0,D,10.0,15.0,4.0,4.0,12.0,13.0,5.0,5.0,2.0,4.0,0.0,0.0,1.83,3.75,4.75,1.83,3.74,4.88,1.85,3.8,5.0,1.78,3.64,4.66,47.0,2014/2015
E0,2015-01-01,Aston Villa,Crystal Palace,0.0,0.0,D,14.0,6.0,3.0,0.0,11.0,12.0,5.0,2.0,1.0,1.0,0.0,0.0,2.4,3.3,3.3,2.43,3.24,3.33,2.45,3.35,3.4,2.37,3.19,3.19,47.0,2014/2015
E0,2015-01-01,Liverpool,Leicester,2.0,2.0,D,18.0,16.0,6.0,3.0,13.0,10.0,4.0,5.0,2.0,2.0,0.0,0.0,1.4,5.0,9.0,1.42,5.04,8.38,1.44,5.07,9.1,1.4,4.71,8.04,46.0,2014/2015
E0,2015-01-01,Manchester City,Sunderland,3.0,2.0,H,32.0,4.0,12.0,4.0,14.0,7.0,10.0,4.0,2.0,3.0,0.0,0.0,1.22,7.0,15.0,1.25,6.87,13.85,1.27,7.1,17.0,1.23,6.39,13.1,47.0,2014/2015
E0,2015-01-01,Hull,Everton,2.0,0.0,H,14.0,9.0,5.0,3.0,16.0,15.0,4.0,8.0,2.0,3.0,0.0,1.0,3.4,3.4,2.3,3.44,3.39,2.3,3.5,3.4,2.36,3.28,3.28,2.28,47.0,2014/2015
E0,2015-01-01,QPR,Swansea,1.0,1.0,D,24.0,25.0,6.0,6.0,22.0,5.0,4.0,9.0,4.0,0.0,0.0,1.0,3.0,3.4,2.5,3.02,3.44,2.51,3.1,3.44,2.6,2.93,3.28,2.48,47.0,2014/2015
E0,2015-01-01,Southampton,Arsenal,2.0,0.0,H,13.0,11.0,6.0,6.0,14.0,7.0,2.0,7.0,2.0,1.0,0.0,0.0,2.9,3.4,2.6,2.91,3.42,2.6,3.0,3.44,2.62,2.87,3.29,2.52,47.0,2014/2015
E0,2015-01-01,Tottenham,Chelsea,5.0,3.0,H,11.0,19.0,8.0,7.0,14.0,10.0,5.0,3.0,3.0,1.0,0.0,0.0,5.0,3.75,1.8,4.86,3.92,1.79,5.0,3.92,1.85,4.71,3.66,1.77,47.0,2014/2015
E0,2015-01-01,West Ham,West Brom,1.0,1.0,D,8.0,14.0,3.0,3.0,6.0,13.0,0.0,1.0,1.0,0.0,0.0,0.0,1.85,3.75,4.5,1.88,3.71,4.56,1.91,3.75,4.75,1.84,3.57,4.38,47.0,2014/2015
E0,2015-01-01,Stoke,Manchester United,1.0,1.0,D,11.0,6.0,2.0,2.0,8.0,12.0,11.0,7.0,0.0,0.0,0.0,0.0,4.2,3.5,2.0,4.12,3.5,2.03,4.25,3.6,2.05,3.94,3.41,1.99,47.0,2014/2015
E0,2015-01-10,Burnley,QPR,2.0,1.0,H,18.0,17.0,7.0,7.0,14.0,9.0,10.0,6.0,2.0,2.0,0.0,0.0,2.2,3.4,3.6,2.16,3.47,3.7,2.25,3.5,3.77,2.14,3.36,3.48,46.0,2014/2015
E0,2015-01-10,Chelsea,Newcastle,2.0,0.0,H,9.0,11.0,5.0,5.0,13.0,13.0,7.0,4.0,2.0,3.0,0.0,0.0,1.2,7.5,17.0,1.2,7.5,17.8,1.24,7.7,18.38,1.19,6.84,15.17,46.0,2014/2015
E0,2015-01-10,Crystal Palace,Tottenham,2.0,1.0,H,21.0,9.0,7.0,5.0,9.0,14.0,4.0,6.0,5.0,3.0,0.0,0.0,3.5,3.5,2.2,3.69,3.42,2.19,3.75,3.5,2.23,3.48,3.35,2.15,46.0,2014/2015
E0,2015-01-10,Everton,Manchester City,1.0,1.0,D,11.0,18.0,4.0,2.0,9.0,10.0,4.0,9.0,1.0,2.0,0.0,0.0,4.5,3.75,1.85,4.52,3.81,1.86,4.55,3.89,1.92,4.22,3.61,1.86,46.0,2014/2015
E0,2015-01-10,Leicester,Aston Villa,1.0,0.0,H,11.0,12.0,3.0,1.0,18.0,6.0,6.0,6.0,1.0,1.0,1.0,1.0,2.2,3.4,3.6,2.18,3.29,3.89,2.3,3.4,3.86,2.17,3.24,3.55,46.0,2014/2015
E0,2015-01-10,Sunderland,Liverpool,0.0,1.0,A,5.0,21.0,1.0,4.0,12.0,11.0,6.0,6.0,1.0,4.0,1.0,0.0,4.5,3.6,1.91,4.58,3.59,1.91,4.55,3.65,1.97,4.21,3.46,1.91,45.0,2014/2015
E0,2015-01-10,Swansea,West Ham,1.0,1.0,D,19.0,11.0,3.0,5.0,9.0,7.0,4.0,5.0,0.0,1.0,0.0,0.0,2.25,3.5,3.4,2.24,3.42,3.55,2.3,3.5,3.54,2.22,3.34,3.32,46.0,2014/2015
E0,2015-01-10,West Brom,Hull,1.0,0.0,H,9.0,12.0,3.0,2.0,5.0,13.0,5.0,2.0,1.0,0.0,0.0,0.0,2.05,3.4,4.2,2.04,3.32,4.4,2.1,3.4,4.32,2.02,3.27,3.97,46.0,2014/2015
E0,2015-01-11,Arsenal,Stoke,3.0,0.0,H,14.0,7.0,6.0,2.0,11.0,11.0,9.0,1.0,0.0,3.0,0.0,0.0,1.44,4.75,8.0,1.47,4.58,8.17,1.5,4.9,8.17,1.46,4.37,7.37,46.0,2014/2015
E0,2015-01-11,Manchester United,Southampton,0.0,1.0,A,10.0,9.0,0.0,1.0,9.0,10.0,3.0,5.0,2.0,3.0,0.0,0.0,1.83,3.75,4.75,1.85,3.7,4.8,1.88,3.77,4.95,1.81,3.59,4.54,46.0,2014/2015
E0,2015-01-17,Newcastle,Southampton,1.0,2.0,A,16.0,5.0,3.0,3.0,9.0,8.0,9.0,0.0,0.0,2.0,0.0,0.0,3.3,3.3,2.38,3.32,3.36,2.38,3.4,3.45,2.45,3.17,3.26,2.34,48.0,2014/2015
E0,2015-01-17,Aston Villa,Liverpool,0.0,2.0,A,15.0,12.0,4.0,5.0,13.0,11.0,9.0,5.0,1.0,1.0,0.0,0.0,4.5,3.6,1.91,4.88,3.55,1.88,5.0,3.6,1.94,4.48,3.44,1.87,47.0,2014/2015
E0,2015-01-17,Leicester,Stoke,0.0,1.0,A,7.0,13.0,3.0,3.0,9.0,6.0,6.0,5.0,1.0,0.0,0.0,0.0,2.63,3.3,2.9,2.61,3.27,3.02,2.68,3.4,3.06,2.56,3.2,2.89,48.0,2014/2015
E0,2015-01-17,Tottenham,Sunderland,2.0,1.0,H,25.0,8.0,8.0,4.0,14.0,8.0,6.0,6.0,1.0,2.0,0.0,0.0,1.62,4.2,6.0,1.59,4.26,6.4,1.65,4.3,6.4,1.59,3.99,5.86,48.0,2014/2015
E0,2015-01-17,QPR,Manchester United,0.0,2.0,A,18.0,12.0,4.0,7.0,12.0,10.0,3.0,3.0,3.0,2.0,0.0,0.0,6.0,4.2,1.62,6.29,4.13,1.62,6.4,4.3,1.67,5.77,3.92,1.61,48.0,2014/2015
E0,2015-01-17,Burnley,Crystal Palace,2.0,3.0,A,7.0,11.0,4.0,4.0,10.0,20.0,5.0,7.0,1.0,3.0,0.0,0.0,2.55,3.25,3.1,2.57,3.22,3.13,2.6,3.3,3.25,2.48,3.17,3.02,48.0,2014/2015
E0,2015-01-17,Swansea,Chelsea,0.0,5.0,A,11.0,21.0,0.0,11.0,9.0,13.0,1.0,2.0,0.0,0.0,0.0,0.0,7.0,4.2,1.55,7.17,4.15,1.56,7.3,4.24,1.59,6.64,3.96,1.55,48.0,2014/2015
E0,2015-01-18,Manchester City,Arsenal,0.0,2.0,A,12.0,9.0,4.0,3.0,12.0,5.0,16.0,3.0,3.0,3.0,0.0,0.0,1.8,4.0,4.5,1.8,4.06,4.57,1.83,4.1,4.65,1.79,3.82,4.38,48.0,2014/2015
E0,2015-01-18,West Ham,Hull,3.0,0.0,H,17.0,9.0,6.0,3.0,5.0,14.0,4.0,7.0,1.0,3.0,0.0,0.0,1.75,3.75,5.25,1.79,3.62,5.4,1.8,3.75,5.5,1.74,3.56,5.13,48.0,2014/2015
E0,2015-01-19,Everton,West Brom,0.0,0.0,D,17.0,5.0,4.0,0.0,11.0,12.0,8.0,1.0,3.0,2.0,0.0,0.0,1.85,3.6,4.75,1.85,3.67,4.84,1.88,3.75,5.0,1.83,3.52,4.58,48.0,2014/2015
E0,2015-01-31,Liverpool,West Ham,2.0,0.0,H,21.0,7.0,7.0,2.0,12.0,12.0,5.0,7.0,1.0,1.0,0.0,0.0,1.67,4.0,5.75,1.65,4.2,5.67,1.7,4.2,6.0,1.65,3.91,5.38,48.0,2014/2015
E0,2015-01-31,Chelsea,Manchester City,1.0,1.0,D,3.0,10.0,2.0,5.0,12.0,14.0,1.0,4.0,0.0,2.0,0.0,0.0,2.15,3.5,3.6,2.16,3.52,3.66,2.21,3.6,3.8,2.12,3.39,3.56,49.0,2014/2015
E0,2015-01-31,Hull,Newcastle,0.0,3.0,A,13.0,12.0,8.0,5.0,15.0,13.0,3.0,3.0,4.0,1.0,0.0,0.0,2.7,3.25,2.88,2.65,3.23,3.0,2.73,3.3,3.0,2.62,3.13,2.87,49.0,2014/2015
E0,2015-01-31,Crystal Palace,Everton,0.0,1.0,A,13.0,14.0,3.0,2.0,12.0,14.0,6.0,1.0,0.0,3.0,0.0,0.0,2.8,3.3,2.75,2.8,3.24,2.82,2.85,3.4,2.82,2.73,3.18,2.7,49.0,2014/2015
E0,2015-01-31,Manchester United,Leicester,3.0,1.0,H,12.0,4.0,5.0,1.0,8.0,12.0,4.0,3.0,0.0,1.0,0.0,0.0,1.36,5.5,9.5,1.36,5.28,10.15,1.38,5.55,11.0,1.34,5.14,9.28,49.0,2014/2015
E0,2015-01-31,Sunderland,Burnley,2.0,0.0,H,8.0,13.0,3.0,4.0,12.0,12.0,6.0,3.0,3.0,1.0,0.0,0.0,2.25,3.3,3.6,2.25,3.32,3.64,2.28,3.4,3.75,2.2,3.25,3.49,49.0,2014/2015
E0,2015-01-31,West Brom,Tottenham,0.0,3.0,A,13.0,14.0,4.0,4.0,8.0,13.0,6.0,3.0,2.0,1.0,0.0,0.0,2.9,3.3,2.63,2.88,3.26,2.73,3.0,3.35,2.73,2.84,3.21,2.59,49.0,2014/2015
E0,2015-01-31,Stoke,QPR,3.0,1.0,H,15.0,14.0,3.0,4.0,11.0,12.0,3.0,5.0,2.0,2.0,0.0,0.0,1.65,4.0,6.0,1.65,4.01,6.09,1.7,4.0,6.5,1.64,3.76,5.71,49.0,2014/2015
E0,2015-02-01,Arsenal,Aston Villa,5.0,0.0,H,13.0,9.0,8.0,2.0,6.0,10.0,7.0,7.0,0.0,2.0,0.0,0.0,1.25,6.5,15.0,1.27,6.21,14.32,1.29,6.5,15.0,1.26,5.82,12.66,49.0,2014/2015
E0,2015-02-01,Southampton,Swansea,0.0,1.0,A,15.0,6.0,6.0,1.0,11.0,9.0,9.0,0.0,1.0,1.0,1.0,0.0,1.6,4.0,6.5,1.62,3.99,6.62,1.65,4.0,7.0,1.59,3.82,6.29,49.0,2014/2015
E0,2015-02-07,Swansea,Sunderland,1.0,1.0,D,16.0,4.0,7.0,1.0,11.0,13.0,7.0,1.0,3.0,4.0,0.0,0.0,1.91,3.5,4.6,1.91,3.48,4.78,1.95,3.6,4.8,1.88,3.38,4.47,51.0,2014/2015
E0,2015-02-07,Tottenham,Arsenal,2.0,1.0,H,23.0,7.0,8.0,3.0,8.0,12.0,10.0,3.0,3.0,5.0,0.0,0.0,3.25,3.5,2.3,3.2,3.64,2.31,3.3,3.6,2.35,3.15,3.45,2.26,51.0,2014/2015
E0,2015-02-07,Aston Villa,Chelsea,1.0,2.0,A,8.0,12.0,1.0,5.0,8.0,7.0,7.0,7.0,3.0,2.0,0.0,0.0,10.0,5.25,1.36,10.8,4.92,1.38,11.0,5.25,1.42,9.83,4.67,1.36,51.0,2014/2015
E0,2015-02-07,Everton,Liverpool,0.0,0.0,D,6.0,17.0,1.0,6.0,11.0,7.0,3.0,6.0,4.0,1.0,0.0,0.0,3.4,3.4,2.3,3.36,3.47,2.3,3.41,3.5,2.34,3.26,3.35,2.25,50.0,2014/2015
E0,2015-02-07,Leicester,Crystal Palace,0.0,1.0,A,19.0,14.0,5.0,2.0,15.0,6.0,8.0,6.0,4.0,1.0,0.0,0.0,2.4,3.3,3.25,2.42,3.29,3.3,2.45,3.4,3.4,2.35,3.24,3.17,51.0,2014/2015
E0,2015-02-07,Manchester City,Hull,1.0,1.0,D,18.0,7.0,5.0,3.0,9.0,8.0,13.0,1.0,2.0,4.0,0.0,0.0,1.18,8.0,19.0,1.19,8.0,18.0,1.22,8.0,19.0,1.18,7.07,15.69,51.0,2014/2015
E0,2015-02-07,QPR,Southampton,0.0,1.0,A,12.0,16.0,3.0,5.0,13.0,16.0,3.0,4.0,2.0,2.0,0.0,0.0,4.75,3.6,1.85,4.62,3.63,1.89,4.75,3.7,1.92,4.46,3.51,1.85,51.0,2014/2015
E0,2015-02-08,Newcastle,Stoke,1.0,1.0,D,9.0,7.0,3.0,3.0,14.0,17.0,5.0,8.0,2.0,4.0,0.0,0.0,2.3,3.4,3.4,2.28,3.34,3.54,2.34,3.4,3.54,2.26,3.26,3.33,51.0,2014/2015
E0,2015-02-08,West Ham,Manchester United,1.0,1.0,D,13.0,18.0,6.0,6.0,7.0,13.0,9.0,9.0,2.0,2.0,0.0,1.0,4.2,3.6,1.95,4.1,3.72,1.97,4.33,3.7,2.03,3.94,3.51,1.96,51.0,2014/2015
E0,2015-02-08,Burnley,West Brom,2.0,2.0,D,12.0,12.0,5.0,5.0,10.0,15.0,5.0,6.0,0.0,4.0,0.0,0.0,2.6,3.25,3.0,2.6,3.28,3.02,2.65,3.3,3.1,2.53,3.16,2.94,51.0,2014/2015
E0,2015-02-10,Arsenal,Leicester,2.0,1.0,H,17.0,11.0,7.0,4.0,13.0,14.0,6.0,6.0,2.0,2.0,0.0,0.0,1.29,6.0,12.0,1.29,6.14,12.21,1.31,6.3,13.02,1.28,5.64,10.72,50.0,2014/2015
E0,2015-02-10,Hull,Aston Villa,2.0,0.0,H,10.0,11.0,4.0,4.0,16.0,11.0,3.0,7.0,1.0,2.0,0.0,0.0,2.38,3.1,3.5,2.34,3.16,3.63,2.39,3.25,3.75,2.3,3.1,3.46,50.0,2014/2015
E0,2015-02-10,Liverpool,Tottenham,3.0,2.0,H,16.0,14.0,7.0,5.0,13.0,17.0,5.0,7.0,3.0,6.0,0.0,0.0,1.91,3.8,4.2,1.92,3.84,4.19,1.95,3.9,4.5,1.88,3.66,4.13,49.0,2014/2015
E0,2015-02-10,Sunderland,QPR,0.0,2.0,A,16.0,19.0,5.0,4.0,8.0,12.0,8.0,4.0,2.0,3.0,0.0,0.0,1.91,3.6,4.5,1.9,3.69,4.5,1.96,3.69,4.6,1.9,3.48,4.31,50.0,2014/2015
E0,2015-02-11,Stoke,Manchester City,1.0,4.0,A,17.0,14.0,5.0,8.0,6.0,11.0,3.0,2.0,1.0,2.0,0.0,0.0,5.75,3.8,1.7,5.64,3.98,1.69,5.9,4.0,1.73,5.36,3.74,1.68,50.0,2014/2015
E0,2015-02-11,West Brom,Swansea,2.0,0.0,H,11.0,10.0,4.0,3.0,11.0,12.0,5.0,4.0,2.0,1.0,0.0,0.0,2.55,3.25,3.1,2.48,3.27,3.21,2.55,3.3,3.3,2.46,3.17,3.05,50.0,2014/2015
E0,2015-02-11,Chelsea,Everton,1.0,0.0,H,21.0,7.0,7.0,4.0,8.0,13.0,10.0,2.0,3.0,3.0,0.0,1.0,1.33,5.5,11.0,1.33,5.68,11.14,1.36,5.7,12.0,1.32,5.18,9.92,50.0,2014/2015
E0,2015-02-11,Crystal Palace,Newcastle,1.0,1.0,D,7.0,5.0,3.0,1.0,10.0,11.0,5.0,2.0,1.0,2.0,0.0,0.0,2.38,3.3,3.3,2.35,3.35,3.38,2.4,3.35,3.4,2.33,3.23,3.22,50.0,2014/2015
E0,2015-02-11,Manchester United,Burnley,3.0,1.0,H,11.0,13.0,7.0,3.0,15.0,8.0,5.0,8.0,4.0,3.0,0.0,0.0,1.29,6.0,12.0,1.31,5.98,11.42,1.33,6.06,13.0,1.29,5.57,10.48,50.0,2014/2015
E0,2015-02-11,Southampton,West Ham,0.0,0.0,D,21.0,4.0,7.0,1.0,12.0,11.0,8.0,2.0,2.0,1.0,0.0,1.0,1.73,3.9,5.25,1.71,3.9,5.57,1.77,3.95,5.57,1.7,3.75,5.15,50.0,2014/2015
E0,2015-02-21,Hull,QPR,2.0,1.0,H,16.0,8.0,6.0,3.0,18.0,16.0,5.0,7.0,0.0,4.0,0.0,1.0,2.05,3.3,4.2,2.08,3.46,3.99,2.11,3.45,4.2,2.04,3.29,3.88,50.0,2014/2015
E0,2015-02-21,Chelsea,Burnley,1.0,1.0,D,14.0,10.0,5.0,5.0,9.0,9.0,7.0,7.0,1.0,2.0,1.0,0.0,1.2,7.5,17.0,1.21,7.45,17.66,1.22,8.0,19.0,1.2,6.84,15.35,50.0,2014/2015
E0,2015-02-21,Crystal Palace,Arsenal,1.0,2.0,A,22.0,12.0,3.0,4.0,15.0,14.0,10.0,1.0,1.0,3.0,0.0,0.0,4.75,3.75,1.83,4.93,3.73,1.82,5.0,3.8,1.85,4.64,3.59,1.8,50.0,2014/2015
E0,2015-02-21,Swansea,Manchester United,2.0,1.0,H,11.0,18.0,6.0,3.0,6.0,15.0,4.0,10.0,2.0,4.0,0.0,0.0,4.2,3.5,2.0,3.97,3.56,2.05,4.4,3.6,2.05,3.93,3.41,2.0,50.0,2014/2015
E0,2015-02-21,Manchester City,Newcastle,5.0,0.0,H,16.0,8.0,9.0,1.0,9.0,8.0,7.0,3.0,3.0,2.0,0.0,0.0,1.3,6.0,11.0,1.3,6.07,11.7,1.31,6.3,13.0,1.28,5.68,11.05,50.0,2014/2015
E0,2015-02-21,Sunderland,West Brom,0.0,0.0,D,13.0,5.0,2.0,1.0,11.0,12.0,11.0,2.0,1.0,2.0,0.0,0.0,2.7,3.2,2.9,2.67,3.2,2.99,2.75,3.3,3.02,2.61,3.09,2.9,50.0,2014/2015
E0,2015-02-21,Aston Villa,Stoke,1.0,2.0,A,3.0,11.0,2.0,6.0,11.0,14.0,11.0,3.0,1.0,3.0,1.0,0.0,2.7,3.2,2.9,2.64,3.25,3.01,2.75,3.25,3.05,2.61,3.14,2.88,50.0,2014/2015
E0,2015-02-22,Everton,Leicester,2.0,2.0,D,18.0,15.0,3.0,4.0,7.0,6.0,4.0,7.0,0.0,1.0,0.0,0.0,1.83,3.6,5.0,1.86,3.62,4.84,1.88,4.0,5.2,1.81,3.53,4.73,50.0,2014/2015
E0,2015-02-22,Southampton,Liverpool,0.0,2.0,A,13.0,6.0,5.0,4.0,11.0,14.0,6.0,1.0,2.0,3.0,0.0,0.0,2.63,3.3,2.9,2.5,3.38,3.09,2.63,3.45,3.1,2.49,3.27,2.92,49.0,2014/2015
E0,2015-02-22,Tottenham,West Ham,2.0,2.0,D,27.0,12.0,8.0,5.0,6.0,12.0,7.0,9.0,0.0,2.0,0.0,0.0,1.8,3.8,4.75,1.83,4.02,4.46,1.85,4.05,4.8,1.78,3.75,4.51,50.0,2014/2015
E0,2015-02-28,Burnley,Swansea,0.0,1.0,A,13.0,8.0,6.0,2.0,14.0,8.0,6.0,4.0,0.0,0.0,0.0,0.0,2.63,3.3,2.9,2.62,3.35,2.94,2.7,3.45,3.0,2.59,3.25,2.83,47.0,2014/2015
E0,2015-02-28,Manchester United,Sunderland,2.0,0.0,H,30.0,5.0,10.0,3.0,6.0,11.0,13.0,1.0,1.0,1.0,0.0,1.0,1.36,5.25,10.0,1.36,5.25,10.35,1.4,5.5,11.0,1.36,4.87,9.61,47.0,2014/2015
E0,2015-02-28,Newcastle,Aston Villa,1.0,0.0,H,14.0,13.0,5.0,3.0,6.0,16.0,9.0,5.0,1.0,5.0,0.0,0.0,1.95,3.5,4.5,1.96,3.41,4.63,2.0,3.6,4.56,1.94,3.37,4.24,46.0,2014/2015
E0,2015-02-28,Stoke,Hull,1.0,0.0,H,17.0,1.0,2.0,0.0,9.0,10.0,5.0,2.0,2.0,2.0,0.0,0.0,1.91,3.5,4.75,1.95,3.44,4.6,2.03,3.5,4.6,1.95,3.32,4.27,46.0,2014/2015
E0,2015-02-28,West Brom,Southampton,1.0,0.0,H,7.0,12.0,3.0,2.0,10.0,17.0,2.0,3.0,2.0,1.0,0.0,0.0,3.4,3.2,2.38,3.48,3.24,2.36,3.52,3.3,2.4,3.33,3.16,2.32,47.0,2014/2015
E0,2015-02-28,West Ham,Crystal Palace,1.0,3.0,A,22.0,12.0,5.0,5.0,12.0,19.0,11.0,7.0,2.0,2.0,0.0,1.0,2.15,3.4,3.75,2.14,3.4,3.86,2.16,3.5,4.0,2.1,3.33,3.68,47.0,2014/2015
E0,2015-03-01,Arsenal,Everton,2.0,0.0,H,17.0,8.0,4.0,2.0,12.0,5.0,8.0,9.0,2.0,0.0,0.0,0.0,1.57,4.5,6.0,1.55,4.47,6.6,1.59,4.6,6.8,1.54,4.19,6.27,48.0,2014/2015
E0,2015-03-01,Liverpool,Manchester City,2.0,1.0,H,11.0,8.0,5.0,1.0,8.0,16.0,3.0,0.0,1.0,3.0,0.0,0.0,3.1,3.6,2.38,3.16,3.59,2.36,3.2,3.6,2.43,3.02,3.44,2.36,46.0,2014/2015
E0,2015-03-03,Aston Villa,West Brom,2.0,1.0,H,16.0,3.0,8.0,1.0,15.0,13.0,0.0,3.0,2.0,4.0,0.0,0.0,2.88,3.1,2.88,2.82,3.14,2.88,2.9,3.2,3.0,2.78,3.04,2.81,47.0,2014/2015
E0,2015-03-03,Hull,Sunderland,1.0,1.0,D,15.0,9.0,5.0,3.0,9.0,15.0,6.0,4.0,2.0,6.0,0.0,0.0,2.15,3.3,3.9,2.22,3.24,3.82,2.25,3.35,4.0,2.15,3.2,3.75,47.0,2014/2015
E0,2015-03-03,Southampton,Crystal Palace,1.0,0.0,H,23.0,9.0,3.0,3.0,11.0,10.0,10.0,2.0,0.0,2.0,0.0,0.0,1.7,3.8,5.75,1.71,3.79,5.86,1.75,4.0,6.0,1.69,3.68,5.59,47.0,2014/2015
E0,2015-03-04,Liverpool,Burnley,2.0,0.0,H,20.0,9.0,8.0,1.0,8.0,14.0,6.0,5.0,0.0,1.0,0.0,0.0,1.36,5.25,10.0,1.4,5.16,9.14,1.4,5.4,10.0,1.36,4.98,8.98,46.0,2014/2015
E0,2015-03-04,Manchester City,Leicester,2.0,0.0,H,22.0,6.0,9.0,2.0,11.0,3.0,10.0,3.0,0.0,1.0,0.0,0.0,1.25,7.0,13.0,1.26,6.63,12.62,1.29,7.0,15.0,1.25,6.24,11.73,47.0,2014/2015
E0,2015-03-04,West Ham,Chelsea,0.0,1.0,A,18.0,12.0,5.0,3.0,10.0,10.0,5.0,4.0,3.0,4.0,0.0,0.0,6.25,4.0,1.62,6.25,4.18,1.61,6.3,4.3,1.65,5.8,3.96,1.6,47.0,2014/2015
E0,2015-03-04,Newcastle,Manchester United,0.0,1.0,A,9.0,11.0,2.0,5.0,6.0,14.0,4.0,1.0,1.0,2.0,0.0,0.0,4.2,3.5,2.0,4.14,3.54,2.01,4.2,3.6,2.05,3.98,3.42,1.99,47.0,2014/2015
E0,2015-03-04,Stoke,Everton,2.0,0.0,H,11.0,10.0,3.0,5.0,11.0,14.0,5.0,6.0,2.0,2.0,0.0,0.0,2.5,3.3,3.1,2.44,3.36,3.2,2.55,3.36,3.2,2.46,3.23,3.03,47.0,2014/2015
E0,2015-03-04,Tottenham,Swansea,3.0,2.0,H,20.0,10.0,7.0,5.0,14.0,7.0,6.0,4.0,1.0,0.0,0.0,0.0,1.75,3.8,5.25,1.74,3.99,5.15,1.8,4.0,5.5,1.73,3.74,4.98,47.0,2014/2015
E0,2015-03-04,QPR,Arsenal,1.0,2.0,A,10.0,20.0,3.0,9.0,10.0,8.0,1.0,6.0,2.0,1.0,0.0,0.0,7.0,4.33,1.53,6.62,4.57,1.54,7.0,4.8,1.57,6.37,4.26,1.53,47.0,2014/2015
E0,2015-03-07,QPR,Tottenham,1.0,2.0,A,17.0,13.0,6.0,6.0,15.0,12.0,3.0,5.0,1.0,2.0,0.0,0.0,4.75,3.9,1.8,4.67,3.98,1.8,5.0,4.0,1.85,4.55,3.76,1.78,46.0,2014/2015
E0,2015-03-14,Crystal Palace,QPR,3.0,1.0,H,15.0,11.0,4.0,4.0,17.0,16.0,6.0,3.0,1.0,3.0,0.0,0.0,1.83,3.75,4.75,1.78,3.83,5.04,1.85,3.83,5.3,1.78,3.62,4.73,46.0,2014/2015
E0,2015-03-14,Burnley,Manchester City,1.0,0.0,H,10.0,21.0,4.0,5.0,6.0,9.0,2.0,6.0,2.0,1.0,0.0,0.0,7.5,5.0,1.44,7.62,4.85,1.46,8.0,5.0,1.5,7.31,4.6,1.44,46.0,2014/2015
E0,2015-03-14,Arsenal,West Ham,3.0,0.0,H,19.0,7.0,9.0,1.0,10.0,9.0,7.0,5.0,1.0,1.0,0.0,0.0,1.4,5.0,9.0,1.38,5.36,9.08,1.44,5.5,9.5,1.38,4.92,8.2,46.0,2014/2015
E0,2015-03-14,Leicester,Hull,0.0,0.0,D,15.0,12.0,3.0,5.0,10.0,15.0,7.0,5.0,0.0,4.0,0.0,1.0,2.2,3.3,3.75,2.21,3.29,3.78,2.26,3.3,4.05,2.17,3.23,3.61,47.0,2014/2015
E0,2015-03-14,West Brom,Stoke,1.0,0.0,H,14.0,9.0,5.0,2.0,7.0,16.0,7.0,5.0,1.0,2.0,0.0,0.0,2.38,3.25,3.4,2.38,3.23,3.44,2.4,3.3,3.55,2.33,3.14,3.33,47.0,2014/2015
E0,2015-03-14,Sunderland,Aston Villa,0.0,4.0,A,12.0,14.0,2.0,8.0,10.0,9.0,2.0,5.0,1.0,1.0,0.0,0.0,2.38,3.25,3.4,2.31,3.25,3.57,2.42,3.4,3.57,2.32,3.14,3.35,46.0,2014/2015
E0,2015-03-15,Chelsea,Southampton,1.0,1.0,D,22.0,12.0,7.0,5.0,10.0,11.0,9.0,2.0,3.0,3.0,0.0,0.0,1.62,4.0,6.5,1.62,4.0,6.55,1.63,4.2,6.8,1.59,3.87,6.26,46.0,2014/2015
E0,2015-03-15,Everton,Newcastle,3.0,0.0,H,15.0,12.0,9.0,4.0,11.0,9.0,3.0,4.0,1.0,2.0,0.0,1.0,1.83,3.75,4.75,1.82,3.67,5.05,1.88,3.75,5.05,1.81,3.56,4.61,46.0,2014/2015
E0,2015-03-15,Manchester United,Tottenham,3.0,0.0,H,11.0,5.0,3.0,1.0,12.0,10.0,4.0,2.0,1.0,1.0,0.0,0.0,1.91,3.75,4.33,1.89,3.74,4.45,1.95,3.8,4.45,1.89,3.63,4.14,46.0,2014/2015
E0,2015-03-16,Swansea,Liverpool,0.0,1.0,A,10.0,16.0,3.0,5.0,13.0,16.0,4.0,5.0,0.0,3.0,0.0,0.0,4.0,3.6,2.0,4.24,3.51,2.0,4.24,3.6,2.1,3.96,3.4,1.99,44.0,2014/2015
E0,2015-03-21,Manchester City,West Brom,3.0,0.0,H,43.0,3.0,16.0,0.0,6.0,5.0,9.0,2.0,0.0,0.0,0.0,1.0,1.3,5.5,8.5,1.32,5.85,10.89,1.34,6.5,12.0,1.31,5.5,10.01,49.0,2014/2015
E0,2015-03-21,Southampton,Burnley,2.0,0.0,H,20.0,15.0,3.0,3.0,10.0,7.0,10.0,5.0,0.0,0.0,0.0,0.0,1.4,4.5,7.5,1.46,4.55,8.5,1.5,4.65,8.7,1.45,4.29,7.78,49.0,2014/2015
E0,2015-03-21,Newcastle,Arsenal,1.0,2.0,A,16.0,7.0,4.0,3.0,11.0,7.0,9.0,4.0,0.0,0.0,0.0,0.0,6.0,3.8,1.57,6.15,4.34,1.6,6.25,4.34,1.75,5.71,4.04,1.59,49.0,2014/2015
E0,2015-03-21,Tottenham,Leicester,4.0,3.0,H,10.0,14.0,4.0,5.0,8.0,9.0,4.0,4.0,2.0,1.0,0.0,0.0,1.53,4.0,6.0,1.59,4.36,6.15,1.62,4.5,7.0,1.56,4.16,5.91,49.0,2014/2015
E0,2015-03-21,Stoke,Crystal Palace,1.0,2.0,A,17.0,12.0,4.0,3.0,15.0,14.0,8.0,4.0,3.0,4.0,0.0,0.0,2.1,3.3,3.5,2.16,3.34,3.88,2.2,3.4,3.95,2.13,3.25,3.65,49.0,2014/2015
E0,2015-03-21,West Ham,Sunderland,1.0,0.0,H,15.0,7.0,4.0,3.0,14.0,11.0,6.0,4.0,0.0,1.0,0.0,0.0,1.8,3.5,4.5,1.81,3.69,5.14,1.95,3.7,5.0,1.81,3.54,4.61,49.0,2014/2015
E0,2015-03-21,Aston Villa,Swansea,0.0,1.0,A,12.0,9.0,3.0,6.0,13.0,9.0,4.0,9.0,0.0,0.0,0.0,0.0,2.5,3.25,2.8,2.52,3.22,3.2,2.55,3.3,3.3,2.45,3.17,3.06,49.0,2014/2015
E0,2015-03-22,Hull,Chelsea,2.0,3.0,A,19.0,8.0,8.0,3.0,14.0,11.0,6.0,6.0,0.0,2.0,0.0,0.0,7.0,4.33,1.44,8.52,4.42,1.48,9.0,4.55,1.55,7.87,4.23,1.45,47.0,2014/2015
E0,2015-03-22,Liverpool,Manchester United,1.0,2.0,A,7.0,6.0,1.0,4.0,14.0,17.0,2.0,3.0,2.0,2.0,1.0,0.0,2.05,3.4,3.6,2.14,3.49,3.76,2.3,3.55,3.8,2.11,3.37,3.57,46.0,2014/2015
E0,2015-03-22,QPR,Everton,1.0,2.0,A,14.0,8.0,1.0,3.0,11.0,12.0,1.0,3.0,2.0,1.0,0.0,0.0,3.3,3.4,2.15,3.55,3.42,2.25,3.6,3.5,2.3,3.35,3.35,2.2,47.0,2014/2015
E0,2015-04-04,Everton,Southampton,1.0,0.0,H,11.0,11.0,1.0,2.0,12.0,17.0,4.0,10.0,0.0,1.0,0.0,0.0,2.63,3.2,2.8,2.73,3.3,2.85,2.75,3.3,3.0,2.64,3.18,2.81,49.0,2014/2015
E0,2015-04-04,Chelsea,Stoke,2.0,1.0,H,19.0,7.0,10.0,2.0,5.0,22.0,9.0,0.0,1.0,6.0,0.0,0.0,1.29,5.5,11.0,1.27,6.06,14.38,1.31,6.1,16.0,1.27,5.55,12.62,49.0,2014/2015
E0,2015-04-04,Swansea,Hull,3.0,1.0,H,9.0,10.0,4.0,1.0,11.0,14.0,4.0,7.0,1.0,5.0,0.0,1.0,1.91,3.5,4.2,1.97,3.4,4.56,2.0,3.7,4.75,1.94,3.34,4.3,49.0,2014/2015
E0,2015-04-04,Arsenal,Liverpool,4.0,1.0,H,16.0,13.0,10.0,2.0,7.0,9.0,6.0,5.0,1.0,0.0,0.0,1.0,1.83,3.75,4.2,1.85,3.89,4.51,1.9,3.89,4.6,1.83,3.68,4.35,48.0,2014/2015
E0,2015-04-04,Manchester United,Aston Villa,3.0,1.0,H,19.0,4.0,7.0,2.0,15.0,12.0,10.0,2.0,0.0,1.0,0.0,0.0,1.3,5.5,10.0,1.31,5.7,12.0,1.4,5.8,13.0,1.3,5.29,10.76,49.0,2014/2015
E0,2015-04-04,West Brom,QPR,1.0,4.0,A,21.0,12.0,6.0,7.0,6.0,15.0,2.0,4.0,2.0,3.0,1.0,0.0,1.8,3.5,4.5,1.78,3.67,5.41,1.8,3.8,5.6,1.75,3.56,5.05,49.0,2014/2015
E0,2015-04-04,Leicester,West Ham,2.0,1.0,H,20.0,14.0,7.0,7.0,12.0,10.0,7.0,6.0,0.0,3.0,0.0,0.0,2.38,3.3,3.1,2.33,3.54,3.24,2.4,3.54,3.25,2.32,3.38,3.11,49.0,2014/2015
E0,2015-04-05,Burnley,Tottenham,0.0,0.0,D,15.0,12.0,4.0,2.0,9.0,5.0,5.0,3.0,2.0,0.0,0.0,0.0,3.5,3.4,2.1,3.5,3.63,2.18,3.65,3.65,2.2,3.44,3.45,2.13,48.0,2014/2015
E0,2015-04-05,Sunderland,Newcastle,1.0,0.0,H,16.0,10.0,4.0,1.0,14.0,18.0,8.0,4.0,5.0,2.0,0.0,0.0,2.5,3.1,3.1,2.59,3.29,3.03,2.62,3.4,3.1,2.51,3.19,2.97,48.0,2014/2015
E0,2015-04-06,Crystal Palace,Manchester City,2.0,1.0,H,5.0,22.0,3.0,4.0,11.0,11.0,4.0,13.0,2.0,1.0,0.0,0.0,5.0,4.0,1.67,5.6,4.03,1.68,6.0,4.2,1.73,5.19,3.92,1.66,48.0,2014/2015
E0,2015-04-07,Aston Villa,QPR,3.0,3.0,D,21.0,11.0,7.0,5.0,8.0,12.0,7.0,3.0,0.0,4.0,0.0,0.0,2.15,3.4,3.8,2.1,3.43,3.95,2.15,3.5,3.95,2.1,3.32,3.71,48.0,2014/2015
E0,2015-04-11,Tottenham,Aston Villa,0.0,1.0,A,14.0,10.0,3.0,3.0,11.0,12.0,9.0,6.0,3.0,2.0,0.0,1.0,1.62,4.2,6.0,1.63,4.26,5.93,1.65,4.33,6.4,1.6,4.05,5.72,50.0,2014/2015
E0,2015-04-11,West Brom,Leicester,2.0,3.0,A,8.0,12.0,5.0,4.0,15.0,15.0,4.0,6.0,2.0,2.0,0.0,0.0,2.3,3.4,3.4,2.33,3.38,3.39,2.33,3.4,3.6,2.27,3.29,3.3,50.0,2014/2015
E0,2015-04-11,Burnley,Arsenal,0.0,1.0,A,8.0,17.0,4.0,5.0,15.0,7.0,1.0,6.0,2.0,0.0,0.0,0.0,6.5,4.33,1.57,6.25,4.35,1.58,7.2,4.6,1.59,6.21,4.13,1.55,50.0,2014/2015
E0,2015-04-11,Southampton,Hull,2.0,0.0,H,9.0,15.0,4.0,4.0,7.0,11.0,2.0,5.0,2.0,0.0,0.0,0.0,1.53,4.2,7.5,1.53,4.18,7.8,1.55,4.4,8.5,1.51,3.98,7.25,50.0,2014/2015
E0,2015-04-11,Sunderland,Crystal Palace,1.0,4.0,A,12.0,14.0,3.0,5.0,15.0,17.0,8.0,4.0,2.0,2.0,0.0,0.0,2.9,3.2,2.7,3.0,3.18,2.68,3.0,3.4,2.85,2.83,3.13,2.66,50.0,2014/2015
E0,2015-04-11,Swansea,Everton,1.0,1.0,D,11.0,12.0,3.0,8.0,18.0,12.0,3.0,6.0,3.0,3.0,0.0,0.0,2.5,3.3,3.1,2.48,3.31,3.17,2.52,3.35,3.17,2.45,3.23,3.02,50.0,2014/2015
E0,2015-04-11,West Ham,Stoke,1.0,1.0,D,11.0,18.0,3.0,2.0,17.0,13.0,4.0,10.0,3.0,1.0,0.0,0.0,2.3,3.4,3.4,2.33,3.37,3.4,2.33,3.4,3.58,2.26,3.29,3.31,50.0,2014/2015
E0,2015-04-12,Manchester United,Manchester City,4.0,2.0,H,11.0,10.0,7.0,3.0,9.0,16.0,1.0,5.0,0.0,3.0,0.0,0.0,2.63,3.4,2.88,2.74,3.5,2.71,2.74,3.6,2.9,2.61,3.34,2.72,50.0,2014/2015
E0,2015-04-12,QPR,Chelsea,0.0,1.0,A,15.0,9.0,4.0,1.0,12.0,6.0,5.0,6.0,2.0,1.0,0.0,0.0,9.0,5.0,1.4,9.2,4.99,1.4,9.7,5.2,1.4,8.59,4.79,1.38,50.0,2014/2015
E0,2015-04-13,Liverpool,Newcastle,2.0,0.0,H,14.0,10.0,6.0,3.0,8.0,17.0,6.0,6.0,2.0,0.0,0.0,1.0,1.4,5.0,9.0,1.4,5.05,9.45,1.45,5.1,9.5,1.4,4.71,8.41,47.0,2014/2015
E0,2015-04-18,Chelsea,Manchester United,1.0,0.0,H,7.0,15.0,2.0,2.0,13.0,11.0,3.0,7.0,7.0,1.0,0.0,0.0,2.0,3.4,4.33,2.0,3.45,4.33,2.2,3.56,4.33,2.0,3.37,4.0,50.0,2014/2015
E0,2015-04-18,Crystal Palace,West Brom,0.0,2.0,A,19.0,8.0,4.0,4.0,17.0,17.0,7.0,6.0,3.0,3.0,0.0,0.0,1.95,3.5,4.5,1.92,3.5,4.69,1.95,3.6,4.69,1.92,3.41,4.26,50.0,2014/2015
E0,2015-04-18,Everton,Burnley,1.0,0.0,H,21.0,10.0,8.0,1.0,12.0,15.0,5.0,6.0,1.0,2.0,0.0,1.0,1.73,3.8,5.5,1.76,3.81,5.29,1.76,3.85,5.6,1.71,3.7,5.18,50.0,2014/2015
E0,2015-04-18,Leicester,Swansea,2.0,0.0,H,18.0,10.0,6.0,6.0,6.0,5.0,6.0,3.0,0.0,2.0,0.0,0.0,2.15,3.4,3.75,2.1,3.53,3.83,2.2,3.55,3.83,2.11,3.4,3.55,50.0,2014/2015
E0,2015-04-18,Stoke,Southampton,2.0,1.0,H,15.0,12.0,2.0,6.0,17.0,17.0,2.0,5.0,0.0,4.0,0.0,0.0,3.5,3.25,2.3,3.58,3.28,2.29,3.58,3.32,2.38,3.36,3.21,2.27,50.0,2014/2015
E0,2015-04-19,Manchester City,West Ham,2.0,0.0,H,18.0,9.0,3.0,3.0,10.0,6.0,6.0,3.0,2.0,2.0,0.0,0.0,1.25,6.5,11.0,1.25,6.76,13.35,1.29,7.1,13.35,1.25,6.05,11.88,50.0,2014/2015
E0,2015-04-19,Newcastle,Tottenham,1.0,3.0,A,11.0,14.0,5.0,8.0,11.0,13.0,4.0,3.0,2.0,4.0,0.0,0.0,3.3,3.5,2.3,3.3,3.53,2.32,3.42,3.52,2.5,3.19,3.36,2.28,50.0,2014/2015
E0,2015-04-25,Newcastle,Swansea,2.0,3.0,A,12.0,11.0,4.0,6.0,14.0,9.0,9.0,6.0,1.0,2.0,0.0,0.0,2.45,3.25,3.25,2.42,3.33,3.26,2.5,3.4,3.34,2.39,3.22,3.13,48.0,2014/2015
E0,2015-04-25,Burnley,Leicester,0.0,1.0,A,12.0,8.0,4.0,4.0,16.0,16.0,6.0,4.0,3.0,0.0,0.0,0.0,2.63,3.3,2.9,2.5,3.34,3.1,2.63,3.48,3.1,2.49,3.27,2.93,48.0,2014/2015
E0,2015-04-25,Manchester City,Aston Villa,3.0,2.0,H,11.0,13.0,4.0,4.0,13.0,11.0,7.0,6.0,1.0,2.0,0.0,0.0,1.29,6.0,12.0,1.27,6.45,12.4,1.3,6.6,14.0,1.26,5.91,11.44,48.0,2014/2015
E0,2015-04-25,Crystal Palace,Hull,0.0,2.0,A,7.0,21.0,3.0,7.0,15.0,10.0,0.0,9.0,0.0,0.0,0.0,0.0,2.05,3.3,4.2,2.09,3.34,4.16,2.1,3.5,4.3,2.04,3.28,3.96,48.0,2014/2015
E0,2015-04-25,QPR,West Ham,0.0,0.0,D,18.0,8.0,7.0,2.0,14.0,12.0,6.0,6.0,1.0,0.0,0.0,0.0,2.38,3.4,3.25,2.39,3.47,3.2,2.4,3.47,3.3,2.33,3.35,3.1,48.0,2014/2015
E0,2015-04-25,Stoke,Sunderland,1.0,1.0,D,23.0,15.0,8.0,5.0,14.0,15.0,9.0,8.0,2.0,3.0,0.0,0.0,1.91,3.5,4.75,1.93,3.45,4.73,1.95,3.6,4.75,1.9,3.38,4.43,48.0,2014/2015
E0,2015-04-25,West Brom,Liverpool,0.0,0.0,D,10.0,22.0,4.0,5.0,12.0,11.0,2.0,4.0,1.0,0.0,0.0,0.0,4.0,3.6,2.0,4.15,3.51,2.02,4.33,3.62,2.05,3.94,3.44,1.99,47.0,2014/2015
E0,2015-04-25,Southampton,Tottenham,2.0,2.0,D,13.0,7.0,4.0,2.0,9.0,10.0,8.0,3.0,1.0,3.0,0.0,0.0,2.1,3.5,3.8,2.05,3.49,4.06,2.15,3.6,4.06,2.06,3.4,3.73,48.0,2014/2015
E0,2015-04-26,Arsenal,Chelsea,0.0,0.0,D,12.0,7.0,1.0,3.0,17.0,11.0,6.0,2.0,4.0,3.0,0.0,0.0,2.4,3.3,3.3,2.35,3.29,3.44,2.5,3.46,3.44,2.36,3.22,3.19,48.0,2014/2015
E0,2015-04-26,Everton,Manchester United,3.0,0.0,H,9.0,17.0,7.0,4.0,6.0,10.0,7.0,7.0,0.0,2.0,0.0,0.0,3.75,3.4,2.15,3.66,3.39,2.2,3.8,3.58,2.21,3.54,3.33,2.16,48.0,2014/2015
E0,2015-04-28,Hull,Liverpool,1.0,0.0,H,7.0,12.0,4.0,9.0,10.0,10.0,7.0,7.0,2.0,0.0,0.0,0.0,4.33,3.4,2.0,4.15,3.44,2.04,4.55,3.54,2.05,4.08,3.36,1.99,46.0,2014/2015
E0,2015-04-29,Leicester,Chelsea,1.0,3.0,A,8.0,11.0,2.0,4.0,10.0,1.0,2.0,6.0,1.0,0.0,0.0,0.0,5.75,3.8,1.7,5.58,3.98,1.69,6.1,4.15,1.75,5.35,3.78,1.67,48.0,2014/2015
E0,2015-05-02,Manchester United,West Brom,0.0,1.0,A,26.0,6.0,9.0,3.0,10.0,11.0,9.0,3.0,1.0,0.0,0.0,0.0,1.36,5.25,10.0,1.38,5.23,10.35,1.38,5.5,10.35,1.36,4.9,9.2,47.0,2014/2015
E0,2015-05-02,West Ham,Burnley,1.0,0.0,H,29.0,8.0,7.0,2.0,11.0,7.0,13.0,3.0,3.0,2.0,0.0,1.0,2.25,3.5,3.4,2.29,3.45,3.39,2.29,3.5,3.6,2.22,3.34,3.36,47.0,2014/2015
E0,2015-05-02,Aston Villa,Everton,3.0,2.0,H,11.0,9.0,4.0,5.0,13.0,12.0,5.0,3.0,2.0,1.0,0.0,0.0,2.75,3.3,2.8,2.78,3.32,2.79,2.8,3.5,2.9,2.69,3.23,2.72,47.0,2014/2015
E0,2015-05-02,Leicester,Newcastle,3.0,0.0,H,19.0,12.0,7.0,3.0,10.0,13.0,10.0,7.0,1.0,2.0,0.0,2.0,1.91,3.7,4.33,1.97,3.64,4.18,2.0,3.7,4.4,1.94,3.53,4.03,47.0,2014/2015
E0,2015-05-02,Sunderland,Southampton,2.0,1.0,H,12.0,11.0,6.0,2.0,12.0,13.0,1.0,1.0,2.0,2.0,0.0,1.0,4.2,3.4,2.05,4.04,3.44,2.08,4.2,3.43,2.11,3.92,3.28,2.05,47.0,2014/2015
E0,2015-05-02,Swansea,Stoke,2.0,0.0,H,16.0,9.0,4.0,3.0,9.0,18.0,6.0,2.0,1.0,2.0,0.0,1.0,2.3,3.4,3.4,2.28,3.43,3.45,2.38,3.43,3.6,2.25,3.27,3.35,47.0,2014/2015
E0,2015-05-02,Liverpool,QPR,2.0,1.0,H,25.0,10.0,8.0,2.0,9.0,18.0,9.0,6.0,2.0,3.0,0.0,1.0,1.36,5.25,10.0,1.38,5.2,9.56,1.4,5.3,10.0,1.37,4.97,8.69,46.0,2014/2015
E0,2015-05-03,Chelsea,Crystal Palace,1.0,0.0,H,17.0,8.0,7.0,1.0,12.0,13.0,3.0,6.0,2.0,2.0,0.0,0.0,1.36,5.25,10.0,1.35,5.32,10.82,1.36,5.5,11.0,1.34,4.97,9.71,46.0,2014/2015
E0,2015-05-03,Tottenham,Manchester City,0.0,1.0,A,21.0,15.0,5.0,4.0,6.0,11.0,8.0,7.0,3.0,4.0,0.0,0.0,3.75,3.75,2.05,3.69,3.81,2.07,3.8,3.81,2.15,3.59,3.61,2.03,47.0,2014/2015
E0,2015-05-04,Hull,Arsenal,1.0,3.0,A,8.0,22.0,1.0,9.0,8.0,11.0,0.0,5.0,2.0,0.0,0.0,0.0,5.5,4.0,1.7,5.52,3.9,1.72,5.6,4.0,1.75,5.25,3.72,1.7,45.0,2014/2015
E0,2015-05-09,Aston Villa,West Ham,1.0,0.0,H,15.0,5.0,5.0,1.0,6.0,13.0,2.0,6.0,1.0,1.0,0.0,0.0,1.91,3.7,4.33,1.91,3.69,4.45,1.95,3.7,4.45,1.9,3.53,4.13,48.0,2014/2015
E0,2015-05-09,Crystal Palace,Manchester United,1.0,2.0,A,13.0,13.0,4.0,4.0,13.0,12.0,7.0,6.0,0.0,1.0,0.0,0.0,4.5,3.6,1.91,4.66,3.66,1.88,4.75,3.78,1.95,4.36,3.51,1.85,32.0,2014/2015
E0,2015-05-09,Everton,Sunderland,0.0,2.0,A,22.0,10.0,4.0,3.0,10.0,9.0,15.0,1.0,2.0,3.0,0.0,0.0,1.8,3.75,5.0,1.79,3.8,5.06,1.95,3.8,5.2,1.77,3.59,4.82,48.0,2014/2015
E0,2015-05-09,Hull,Burnley,0.0,1.0,A,21.0,8.0,3.0,2.0,16.0,12.0,9.0,3.0,1.0,1.0,0.0,0.0,1.95,3.5,4.5,1.93,3.58,4.5,1.95,3.64,4.75,1.91,3.43,4.27,48.0,2014/2015
E0,2015-05-09,Leicester,Southampton,2.0,0.0,H,10.0,10.0,3.0,3.0,12.0,10.0,4.0,8.0,1.0,0.0,0.0,0.0,2.6,3.4,2.9,2.62,3.35,2.94,2.63,3.4,2.95,2.55,3.28,2.82,48.0,2014/2015
E0,2015-05-09,Newcastle,West Brom,1.0,1.0,D,15.0,8.0,5.0,3.0,11.0,17.0,7.0,2.0,2.0,3.0,0.0,0.0,2.55,3.3,3.0,2.5,3.36,3.09,2.62,3.4,3.1,2.48,3.24,2.95,48.0,2014/2015
E0,2015-05-09,Stoke,Tottenham,3.0,0.0,H,17.0,9.0,9.0,3.0,14.0,12.0,6.0,8.0,0.0,0.0,0.0,1.0,2.9,3.4,2.6,2.9,3.45,2.59,2.97,3.45,2.63,2.84,3.3,2.52,48.0,2014/2015
E0,2015-05-10,Chelsea,Liverpool,1.0,1.0,D,8.0,15.0,3.0,4.0,13.0,11.0,6.0,4.0,4.0,3.0,0.0,0.0,2.1,3.5,3.8,2.1,3.44,3.96,2.11,3.5,3.98,2.07,3.35,3.72,47.0,2014/2015
E0,2015-05-10,Manchester City,QPR,6.0,0.0,H,23.0,9.0,11.0,3.0,12.0,7.0,7.0,4.0,0.0,1.0,0.0,0.0,1.22,7.5,13.0,1.23,7.4,13.75,1.23,7.8,15.0,1.21,6.86,12.56,48.0,2014/2015
E0,2015-05-11,Arsenal,Swansea,0.0,1.0,A,23.0,8.0,9.0,3.0,7.0,10.0,6.0,1.0,0.0,1.0,0.0,0.0,1.3,6.0,11.0,1.31,5.93,11.5,1.35,6.2,12.0,1.3,5.47,10.29,45.0,2014/2015
E0,2015-05-16,Burnley,Stoke,0.0,0.0,D,11.0,11.0,4.0,3.0,14.0,9.0,7.0,6.0,1.0,2.0,0.0,0.0,2.7,3.3,2.88,2.61,3.39,2.92,2.8,3.4,3.0,2.59,3.23,2.82,45.0,2014/2015
E0,2015-05-16,Liverpool,Crystal Palace,1.0,3.0,A,18.0,15.0,3.0,6.0,10.0,17.0,4.0,5.0,2.0,3.0,0.0,0.0,1.45,4.75,8.0,1.49,4.76,7.23,1.5,4.8,8.2,1.45,4.48,7.27,44.0,2014/2015
E0,2015-05-16,QPR,Newcastle,2.0,1.0,H,8.0,22.0,4.0,8.0,12.0,8.0,3.0,12.0,2.0,0.0,0.0,0.0,3.1,3.5,2.4,3.01,3.57,2.45,3.1,3.65,2.5,2.93,3.45,2.38,45.0,2014/2015
E0,2015-05-16,Southampton,Aston Villa,6.0,1.0,H,18.0,9.0,11.0,4.0,19.0,7.0,6.0,3.0,1.0,1.0,0.0,0.0,1.75,3.8,5.25,1.76,3.83,5.25,1.8,3.85,5.25,1.75,3.66,4.93,44.0,2014/2015
E0,2015-05-16,Sunderland,Leicester,0.0,0.0,D,13.0,11.0,3.0,0.0,14.0,15.0,8.0,9.0,4.0,1.0,0.0,0.0,2.8,3.3,2.75,2.83,3.3,2.75,2.83,3.36,2.85,2.71,3.22,2.7,45.0,2014/2015
E0,2015-05-16,Tottenham,Hull,2.0,0.0,H,10.0,14.0,3.0,2.0,10.0,6.0,6.0,8.0,3.0,1.0,0.0,0.0,1.8,3.8,4.75,1.79,3.99,4.72,1.83,4.05,5.0,1.77,3.78,4.57,45.0,2014/2015
E0,2015-05-16,West Ham,Everton,1.0,2.0,A,13.0,21.0,3.0,5.0,12.0,14.0,7.0,8.0,1.0,4.0,0.0,0.0,2.9,3.4,2.6,2.99,3.5,2.51,3.0,3.5,2.62,2.86,3.33,2.49,44.0,2014/2015
E0,2015-05-17,Manchester United,Arsenal,1.0,1.0,D,12.0,5.0,4.0,3.0,16.0,8.0,5.0,5.0,1.0,0.0,0.0,0.0,2.45,3.5,3.0,2.5,3.46,3.02,2.52,3.52,3.13,2.41,3.37,2.95,45.0,2014/2015
E0,2015-05-17,Swansea,Manchester City,2.0,4.0,A,13.0,22.0,9.0,11.0,8.0,8.0,11.0,7.0,0.0,3.0,0.0,0.0,4.75,4.2,1.75,5.03,4.23,1.71,5.03,4.23,1.8,4.79,3.92,1.71,45.0,2014/2015
E0,2015-05-18,West Brom,Chelsea,3.0,0.0,H,9.0,12.0,5.0,3.0,12.0,11.0,3.0,4.0,3.0,2.0,0.0,1.0,4.1,3.5,2.0,4.21,3.54,2.0,4.21,3.56,2.05,3.94,3.41,1.99,44.0,2014/2015
E0,2015-05-20,Arsenal,Sunderland,0.0,0.0,D,28.0,7.0,8.0,3.0,6.0,8.0,5.0,2.0,1.0,0.0,0.0,0.0,1.3,6.0,11.0,1.32,5.46,12.31,1.35,6.2,13.0,1.29,5.5,10.83,43.0,2014/2015
E0,2015-05-24,Crystal Palace,Swansea,1.0,0.0,H,13.0,5.0,7.0,2.0,22.0,13.0,7.0,3.0,3.0,0.0,0.0,0.0,2.25,3.6,3.3,2.21,3.7,3.38,2.3,3.7,3.42,2.19,3.45,3.27,43.0,2014/2015
E0,2015-05-24,Everton,Tottenham,0.0,1.0,A,9.0,16.0,1.0,3.0,12.0,8.0,3.0,5.0,1.0,2.0,0.0,0.0,2.4,3.6,3.0,2.31,3.72,3.12,2.4,3.73,3.13,2.32,3.48,2.99,43.0,2014/2015
E0,2015-05-24,Aston Villa,Burnley,0.0,1.0,A,16.0,6.0,5.0,3.0,9.0,6.0,7.0,2.0,1.0,2.0,0.0,0.0,2.1,3.6,3.75,2.12,3.67,3.65,2.13,3.66,3.8,2.07,3.44,3.58,43.0,2014/2015
E0,2015-05-24,Chelsea,Sunderland,3.0,1.0,H,24.0,17.0,8.0,9.0,12.0,8.0,11.0,3.0,2.0,1.0,0.0,0.0,1.36,5.25,9.5,1.36,5.33,10.43,1.36,5.5,11.0,1.34,5.06,9.37,42.0,2014/2015
E0,2015-05-24,Arsenal,West Brom,4.0,1.0,H,24.0,14.0,13.0,5.0,6.0,7.0,7.0,3.0,1.0,0.0,0.0,0.0,1.4,5.25,8.5,1.43,4.91,8.53,1.43,5.3,9.0,1.39,4.8,8.06,42.0,2014/2015
E0,2015-05-24,Leicester,QPR,5.0,1.0,H,22.0,18.0,7.0,2.0,7.0,6.0,5.0,6.0,0.0,0.0,0.0,0.0,1.6,4.33,6.0,1.57,4.57,6.02,1.65,4.57,6.2,1.56,4.21,5.71,43.0,2014/2015
E0,2015-05-24,Stoke,Liverpool,6.0,1.0,H,15.0,13.0,9.0,4.0,13.0,4.0,3.0,9.0,4.0,2.0,0.0,0.0,3.5,3.6,2.15,3.51,3.7,2.15,3.64,3.71,2.2,3.42,3.48,2.12,42.0,2014/2015
E0,2015-05-24,Newcastle,West Ham,2.0,0.0,H,17.0,4.0,4.0,1.0,9.0,9.0,2.0,3.0,2.0,1.0,0.0,0.0,1.83,4.0,4.33,1.79,4.0,4.69,1.83,4.2,4.7,1.77,3.84,4.42,43.0,2014/2015
E0,2015-05-24,Hull,Manchester United,0.0,0.0,D,16.0,7.0,6.0,1.0,12.0,15.0,8.0,1.0,2.0,2.0,0.0,1.0,3.2,3.75,2.25,3.22,3.71,2.27,3.28,3.8,2.4,3.14,3.55,2.21,43.0,2014/2015
E0,2015-05-24,Manchester City,Southampton,2.0,0.0,H,15.0,13.0,6.0,4.0,13.0,8.0,8.0,4.0,1.0,1.0,0.0,0.0,1.57,4.5,6.0,1.6,4.62,5.59,1.6,4.75,6.3,1.56,4.27,5.61,43.0,2014/2015
E0,2015-08-08,Bournemouth,Aston Villa,0.0,1.0,A,11.0,7.0,2.0,3.0,13.0,13.0,6.0,3.0,3.0,4.0,0.0,0.0,2.0,3.6,4.0,1.95,3.65,4.27,2.1,3.65,4.33,1.96,3.48,3.98,45.0,2015/2016
E0,2015-08-08,Chelsea,Swansea,2.0,2.0,D,11.0,18.0,3.0,10.0,15.0,16.0,4.0,8.0,1.0,3.0,1.0,0.0,1.36,5.0,11.0,1.39,4.92,10.39,1.43,5.0,11.26,1.37,4.66,9.57,45.0,2015/2016
E0,2015-08-08,Everton,Watford,2.0,2.0,D,10.0,11.0,5.0,5.0,7.0,13.0,8.0,2.0,1.0,2.0,0.0,0.0,1.7,3.9,5.5,1.7,3.95,5.62,1.75,4.0,5.77,1.69,3.76,5.25,45.0,2015/2016
E0,2015-08-08,Leicester,Sunderland,4.0,2.0,H,19.0,10.0,8.0,5.0,13.0,17.0,6.0,3.0,2.0,4.0,0.0,0.0,1.95,3.5,4.33,1.99,3.48,4.34,2.03,3.5,4.52,1.96,3.37,4.06,45.0,2015/2016
E0,2015-08-08,Manchester United,Tottenham,1.0,0.0,H,9.0,9.0,1.0,4.0,12.0,12.0,1.0,2.0,2.0,3.0,0.0,0.0,1.65,4.0,6.0,1.65,4.09,5.9,1.71,4.2,6.5,1.63,3.9,5.65,42.0,2015/2016
E0,2015-08-08,Norwich,Crystal Palace,1.0,3.0,A,17.0,11.0,6.0,7.0,14.0,20.0,1.0,4.0,1.0,0.0,0.0,0.0,2.55,3.3,3.0,2.52,3.35,3.08,2.63,3.42,3.11,2.53,3.21,2.92,45.0,2015/2016
E0,2015-08-09,Newcastle,Southampton,2.0,2.0,D,9.0,15.0,4.0,5.0,9.0,12.0,6.0,6.0,2.0,4.0,0.0,0.0,2.88,3.3,2.7,2.88,3.33,2.69,2.88,3.47,2.76,2.79,3.23,2.63,45.0,2015/2016
E0,2015-08-09,Stoke,Liverpool,0.0,1.0,A,7.0,8.0,1.0,3.0,9.0,16.0,3.0,5.0,2.0,4.0,0.0,0.0,3.4,3.4,2.3,3.48,3.46,2.25,3.51,3.51,2.35,3.33,3.33,2.24,45.0,2015/2016
E0,2015-08-09,Arsenal,West Ham,0.0,2.0,A,22.0,8.0,6.0,4.0,12.0,9.0,5.0,4.0,1.0,3.0,0.0,0.0,1.29,6.0,12.0,1.31,5.75,12.0,1.33,6.16,12.0,1.29,5.53,10.75,45.0,2015/2016
E0,2015-08-10,West Brom,Manchester City,0.0,3.0,A,9.0,19.0,2.0,7.0,12.0,9.0,6.0,6.0,4.0,1.0,0.0,0.0,5.75,4.0,1.67,5.75,3.98,1.68,6.5,4.1,1.72,5.46,3.85,1.66,41.0,2015/2016
E0,2015-08-14,Aston Villa,Manchester United,0.0,1.0,A,5.0,9.0,1.0,2.0,14.0,10.0,3.0,5.0,2.0,2.0,0.0,0.0,5.5,3.8,1.73,5.66,3.83,1.72,6.0,4.0,1.76,5.37,3.67,1.71,42.0,2015/2016
E0,2015-08-15,Watford,West Brom,0.0,0.0,D,16.0,6.0,5.0,0.0,13.0,10.0,2.0,4.0,1.0,2.0,0.0,0.0,2.3,3.4,3.4,2.25,3.41,3.54,2.4,3.51,3.54,2.25,3.3,3.33,45.0,2015/2016
E0,2015-08-15,West Ham,Leicester,1.0,2.0,A,10.0,11.0,3.0,6.0,11.0,12.0,8.0,4.0,1.0,3.0,1.0,0.0,2.25,3.5,3.4,2.25,3.52,3.42,2.35,3.52,3.5,2.25,3.36,3.27,45.0,2015/2016
E0,2015-08-15,Southampton,Everton,0.0,3.0,A,17.0,10.0,4.0,4.0,11.0,10.0,9.0,9.0,4.0,2.0,0.0,0.0,1.95,3.6,4.33,1.98,3.6,4.21,2.1,3.68,4.5,1.95,3.45,4.09,45.0,2015/2016
E0,2015-08-15,Sunderland,Norwich,1.0,3.0,A,6.0,19.0,2.0,6.0,7.0,7.0,6.0,6.0,1.0,2.0,0.0,0.0,2.5,3.3,3.1,2.52,3.35,3.08,2.6,3.4,3.2,2.47,3.2,3.01,45.0,2015/2016
E0,2015-08-15,Swansea,Newcastle,2.0,0.0,H,19.0,4.0,6.0,2.0,11.0,8.0,4.0,4.0,2.0,1.0,0.0,1.0,1.95,3.6,4.33,1.94,3.66,4.3,2.01,3.7,4.33,1.92,3.51,4.11,45.0,2015/2016
E0,2015-08-15,Tottenham,Stoke,2.0,2.0,D,13.0,16.0,7.0,7.0,15.0,11.0,4.0,3.0,2.0,2.0,0.0,0.0,1.8,3.75,5.0,1.79,3.75,5.09,1.84,3.93,5.1,1.77,3.66,4.8,45.0,2015/2016
E0,2015-08-16,Crystal Palace,Arsenal,1.0,2.0,A,11.0,20.0,4.0,7.0,14.0,12.0,6.0,6.0,1.0,1.0,0.0,0.0,5.25,3.9,1.73,5.34,3.97,1.72,5.5,4.2,1.8,5.0,3.78,1.71,45.0,2015/2016
E0,2015-08-16,Manchester City,Chelsea,3.0,0.0,H,18.0,10.0,8.0,3.0,19.0,13.0,5.0,1.0,4.0,2.0,0.0,0.0,2.1,3.5,3.75,2.08,3.56,3.87,2.17,3.56,3.9,2.09,3.4,3.66,43.0,2015/2016
E0,2015-08-17,Liverpool,Bournemouth,1.0,0.0,H,18.0,13.0,2.0,2.0,11.0,18.0,6.0,8.0,1.0,4.0,0.0,0.0,1.45,4.75,8.0,1.44,4.74,8.6,1.5,5.0,8.6,1.44,4.46,7.71,43.0,2015/2016
E0,2015-08-22,Crystal Palace,Aston Villa,2.0,1.0,H,16.0,11.0,6.0,2.0,12.0,15.0,6.0,4.0,3.0,3.0,0.0,0.0,1.85,3.6,4.75,1.85,3.63,4.89,1.9,3.7,4.89,1.83,3.52,4.52,41.0,2015/2016
E0,2015-08-22,Leicester,Tottenham,1.0,1.0,D,13.0,19.0,2.0,6.0,7.0,14.0,2.0,7.0,1.0,4.0,0.0,0.0,2.63,3.6,2.75,2.69,3.52,2.75,2.8,3.6,2.8,2.63,3.38,2.67,41.0,2015/2016
E0,2015-08-22,Manchester United,Newcastle,0.0,0.0,D,20.0,7.0,8.0,0.0,15.0,11.0,11.0,5.0,2.0,2.0,0.0,0.0,1.36,5.25,10.0,1.39,5.15,9.62,1.4,5.25,10.5,1.36,4.91,8.9,39.0,2015/2016
E0,2015-08-22,Norwich,Stoke,1.0,1.0,D,21.0,6.0,7.0,1.0,16.0,5.0,9.0,0.0,4.0,1.0,0.0,0.0,2.3,3.3,3.5,2.34,3.39,3.37,2.4,3.4,3.5,2.3,3.27,3.22,41.0,2015/2016
E0,2015-08-22,Sunderland,Swansea,1.0,1.0,D,10.0,20.0,2.0,9.0,16.0,9.0,3.0,4.0,4.0,2.0,0.0,0.0,4.0,3.4,2.1,3.79,3.45,2.14,4.1,3.6,2.14,3.74,3.33,2.07,40.0,2015/2016
E0,2015-08-22,West Ham,Bournemouth,3.0,4.0,A,10.0,15.0,4.0,7.0,8.0,11.0,5.0,4.0,0.0,0.0,1.0,0.0,2.38,3.4,3.2,2.43,3.44,3.15,2.41,3.5,3.3,2.34,3.35,3.09,41.0,2015/2016
E0,2015-08-23,Everton,Manchester City,0.0,2.0,A,10.0,16.0,1.0,9.0,5.0,7.0,8.0,7.0,0.0,3.0,0.0,0.0,5.0,4.0,1.73,4.85,4.08,1.76,5.0,4.2,1.77,4.72,3.92,1.73,38.0,2015/2016
E0,2015-08-23,Watford,Southampton,0.0,0.0,D,13.0,14.0,0.0,5.0,10.0,11.0,5.0,2.0,0.0,2.0,0.0,0.0,2.8,3.3,2.75,2.76,3.36,2.78,2.8,3.5,2.8,2.7,3.25,2.7,41.0,2015/2016
E0,2015-08-23,West Brom,Chelsea,2.0,3.0,A,15.0,15.0,6.0,5.0,9.0,12.0,8.0,7.0,2.0,1.0,0.0,1.0,6.5,4.0,1.62,6.25,3.93,1.65,6.5,4.2,1.67,5.93,3.79,1.62,40.0,2015/2016
E0,2015-08-24,Arsenal,Liverpool,0.0,0.0,D,19.0,15.0,5.0,8.0,2.0,13.0,7.0,8.0,1.0,4.0,0.0,0.0,1.75,4.0,5.0,1.74,4.0,5.12,1.8,4.0,5.2,1.72,3.82,4.9,38.0,2015/2016
E0,2015-08-29,Aston Villa,Sunderland,2.0,2.0,D,21.0,7.0,6.0,3.0,10.0,14.0,5.0,4.0,2.0,1.0,0.0,0.0,1.91,3.5,4.75,1.93,3.51,4.62,1.95,3.7,4.75,1.89,3.42,4.38,40.0,2015/2016
E0,2015-08-29,Bournemouth,Leicester,1.0,1.0,D,5.0,4.0,2.0,2.0,9.0,19.0,4.0,4.0,2.0,4.0,0.0,0.0,2.2,3.6,3.4,2.15,3.63,3.57,2.25,3.63,3.6,2.14,3.48,3.38,40.0,2015/2016
E0,2015-08-29,Chelsea,Crystal Palace,1.0,2.0,A,26.0,13.0,9.0,6.0,9.0,15.0,7.0,7.0,1.0,1.0,0.0,0.0,1.36,5.0,11.0,1.37,5.26,10.17,1.4,5.26,11.0,1.35,4.94,9.38,40.0,2015/2016
E0,2015-08-29,Liverpool,West Ham,0.0,3.0,A,13.0,12.0,1.0,5.0,17.0,11.0,5.0,7.0,3.0,1.0,1.0,1.0,1.36,5.5,9.0,1.36,5.28,10.21,1.4,5.5,10.21,1.36,4.99,9.06,40.0,2015/2016
E0,2015-08-29,Manchester City,Watford,2.0,0.0,H,18.0,7.0,5.0,0.0,9.0,12.0,9.0,3.0,1.0,2.0,0.0,0.0,1.2,8.0,15.0,1.19,8.0,17.75,1.25,8.0,17.75,1.19,7.15,14.45,40.0,2015/2016
E0,2015-08-29,Newcastle,Arsenal,0.0,1.0,A,1.0,22.0,0.0,9.0,15.0,8.0,0.0,9.0,6.0,1.0,1.0,0.0,6.0,4.2,1.62,6.13,4.21,1.61,6.25,4.21,1.7,5.7,3.99,1.61,39.0,2015/2016
E0,2015-08-29,Stoke,West Brom,0.0,1.0,A,13.0,15.0,5.0,5.0,4.0,9.0,6.0,5.0,1.0,4.0,2.0,0.0,1.95,3.4,4.5,1.95,3.5,4.5,2.0,3.5,4.6,1.93,3.39,4.22,40.0,2015/2016
E0,2015-08-29,Tottenham,Everton,0.0,0.0,D,20.0,8.0,6.0,3.0,20.0,9.0,6.0,2.0,4.0,1.0,0.0,0.0,2.0,3.5,4.2,1.97,3.72,4.09,2.0,3.72,4.33,1.94,3.53,3.98,40.0,2015/2016
E0,2015-08-30,Southampton,Norwich,3.0,0.0,H,23.0,6.0,8.0,1.0,4.0,12.0,6.0,4.0,0.0,0.0,0.0,1.0,2.05,3.5,4.0,2.05,3.54,4.0,2.07,3.6,4.1,2.01,3.44,3.82,40.0,2015/2016
E0,2015-08-30,Swansea,Manchester United,2.0,1.0,H,9.0,11.0,4.0,4.0,6.0,15.0,0.0,1.0,2.0,2.0,0.0,0.0,3.6,3.3,2.25,3.55,3.45,2.23,3.7,3.5,2.27,3.42,3.31,2.19,40.0,2015/2016
E0,2015-09-12,Crystal Palace,Manchester City,0.0,1.0,A,10.0,21.0,2.0,7.0,13.0,13.0,4.0,4.0,2.0,3.0,0.0,0.0,5.5,4.2,1.67,5.75,4.16,1.65,6.0,4.25,1.67,5.44,4.05,1.62,36.0,2015/2016
E0,2015-09-12,Everton,Chelsea,3.0,1.0,H,14.0,15.0,9.0,2.0,12.0,12.0,7.0,14.0,2.0,2.0,0.0,0.0,4.0,3.6,2.0,4.11,3.57,2.01,4.11,3.7,2.05,3.91,3.45,1.99,37.0,2015/2016
E0,2015-09-12,West Brom,Southampton,0.0,0.0,D,8.0,14.0,1.0,4.0,5.0,5.0,4.0,5.0,1.0,0.0,0.0,0.0,3.2,3.2,2.5,3.21,3.26,2.49,3.24,3.3,2.5,3.09,3.16,2.45,36.0,2015/2016
E0,2015-09-12,Arsenal,Stoke,2.0,0.0,H,29.0,9.0,12.0,4.0,6.0,13.0,13.0,1.0,1.0,1.0,0.0,0.0,1.29,6.0,12.0,1.28,6.12,13.0,1.3,6.13,13.0,1.27,5.71,11.27,36.0,2015/2016
E0,2015-09-12,Watford,Swansea,1.0,0.0,H,17.0,8.0,6.0,3.0,11.0,14.0,1.0,3.0,1.0,1.0,1.0,0.0,2.75,3.4,2.75,2.75,3.34,2.8,2.77,3.4,2.9,2.68,3.23,2.74,36.0,2015/2016
E0,2015-09-12,Manchester United,Liverpool,3.0,1.0,H,9.0,8.0,3.0,4.0,6.0,11.0,4.0,4.0,1.0,2.0,0.0,0.0,2.0,3.4,4.33,1.94,3.49,4.56,2.0,3.55,4.59,1.93,3.41,4.27,37.0,2015/2016
E0,2015-09-12,Norwich,Bournemouth,3.0,1.0,H,12.0,7.0,4.0,2.0,10.0,11.0,4.0,4.0,2.0,3.0,0.0,0.0,2.4,3.4,3.2,2.36,3.48,3.23,2.41,3.51,3.23,2.33,3.36,3.11,36.0,2015/2016
E0,2015-09-13,Leicester,Aston Villa,3.0,2.0,H,21.0,11.0,6.0,4.0,8.0,13.0,4.0,5.0,2.0,1.0,0.0,0.0,1.91,3.75,4.33,1.86,3.74,4.62,1.95,3.8,4.62,1.86,3.58,4.32,37.0,2015/2016
E0,2015-09-13,Sunderland,Tottenham,0.0,1.0,A,12.0,15.0,2.0,4.0,11.0,12.0,6.0,8.0,2.0,1.0,0.0,0.0,4.33,3.6,1.95,4.32,3.65,1.94,4.41,3.65,2.0,4.14,3.49,1.92,37.0,2015/2016
E0,2015-09-14,West Ham,Newcastle,2.0,0.0,H,17.0,14.0,3.0,4.0,8.0,11.0,6.0,7.0,0.0,2.0,0.0,0.0,2.25,3.5,3.4,2.23,3.53,3.48,2.27,3.6,3.48,2.19,3.41,3.33,35.0,2015/2016
E0,2015-09-19,Aston Villa,West Brom,0.0,1.0,A,13.0,11.0,3.0,6.0,10.0,11.0,2.0,7.0,2.0,3.0,0.0,0.0,2.3,3.25,3.5,2.32,3.23,3.57,2.33,3.27,3.6,2.28,3.2,3.36,40.0,2015/2016
E0,2015-09-19,Bournemouth,Sunderland,2.0,0.0,H,15.0,9.0,5.0,2.0,14.0,15.0,7.0,3.0,2.0,4.0,0.0,1.0,1.7,4.0,5.5,1.71,3.99,5.35,1.75,4.0,5.5,1.7,3.79,5.14,40.0,2015/2016
E0,2015-09-19,Chelsea,Arsenal,2.0,0.0,H,22.0,9.0,7.0,2.0,12.0,11.0,5.0,5.0,3.0,1.0,0.0,2.0,2.45,3.5,3.0,2.45,3.51,3.06,2.5,3.52,3.24,2.41,3.38,2.97,40.0,2015/2016
E0,2015-09-19,Manchester City,West Ham,1.0,2.0,A,27.0,6.0,8.0,3.0,10.0,7.0,16.0,3.0,1.0,2.0,0.0,0.0,1.29,6.5,11.0,1.27,6.45,12.78,1.29,6.57,13.0,1.26,6.08,11.33,40.0,2015/2016
E0,2015-09-19,Newcastle,Watford,1.0,2.0,A,15.0,13.0,5.0,4.0,8.0,12.0,5.0,5.0,1.0,2.0,0.0,0.0,2.5,3.3,3.1,2.54,3.36,3.04,2.55,3.48,3.13,2.47,3.25,2.97,40.0,2015/2016
E0,2015-09-19,Stoke,Leicester,2.0,2.0,D,11.0,12.0,4.0,5.0,7.0,12.0,3.0,4.0,1.0,4.0,0.0,0.0,2.5,3.4,3.0,2.47,3.41,3.1,2.5,3.42,3.13,2.43,3.3,2.98,40.0,2015/2016
E0,2015-09-19,Swansea,Everton,0.0,0.0,D,12.0,17.0,3.0,2.0,12.0,11.0,2.0,4.0,2.0,2.0,0.0,1.0,2.3,3.4,3.4,2.3,3.44,3.4,2.34,3.47,3.41,2.26,3.33,3.27,40.0,2015/2016
E0,2015-09-20,Southampton,Manchester United,2.0,3.0,A,15.0,10.0,8.0,3.0,6.0,13.0,5.0,5.0,2.0,0.0,0.0,0.0,3.1,3.3,2.5,3.22,3.3,2.46,3.25,3.32,2.5,3.06,3.19,2.44,40.0,2015/2016
E0,2015-09-20,Tottenham,Crystal Palace,1.0,0.0,H,22.0,12.0,6.0,4.0,9.0,11.0,6.0,5.0,1.0,2.0,0.0,0.0,2.0,3.6,4.0,1.99,3.61,4.15,2.02,3.72,4.33,1.97,3.48,3.95,40.0,2015/2016
E0,2015-09-20,Liverpool,Norwich,1.0,1.0,D,23.0,7.0,7.0,2.0,4.0,13.0,6.0,2.0,1.0,2.0,0.0,0.0,1.67,4.0,5.75,1.68,3.94,5.81,1.68,4.1,6.0,1.64,3.86,5.54,40.0,2015/2016
E0,2015-09-26,Leicester,Arsenal,2.0,5.0,A,16.0,26.0,7.0,12.0,9.0,12.0,6.0,5.0,1.0,1.0,0.0,0.0,4.5,4.0,1.8,4.55,3.97,1.83,4.56,4.01,1.9,4.26,3.81,1.82,41.0,2015/2016
E0,2015-09-26,Liverpool,Aston Villa,3.0,2.0,H,21.0,10.0,12.0,4.0,8.0,13.0,11.0,1.0,0.0,0.0,0.0,0.0,1.53,4.33,7.0,1.53,4.28,7.48,1.56,4.4,7.5,1.52,4.13,6.81,41.0,2015/2016
E0,2015-09-26,Manchester United,Sunderland,3.0,0.0,H,12.0,9.0,7.0,4.0,12.0,17.0,5.0,2.0,0.0,3.0,0.0,0.0,1.2,7.5,16.0,1.23,6.9,16.7,1.24,7.5,16.7,1.21,6.57,13.85,41.0,2015/2016
E0,2015-09-26,Newcastle,Chelsea,2.0,2.0,D,11.0,16.0,5.0,4.0,12.0,15.0,4.0,6.0,1.0,2.0,0.0,0.0,6.0,4.2,1.62,5.98,4.16,1.63,6.1,4.2,1.67,5.62,3.94,1.62,41.0,2015/2016
E0,2015-09-26,Southampton,Swansea,3.0,1.0,H,18.0,11.0,7.0,4.0,18.0,14.0,4.0,3.0,3.0,1.0,0.0,0.0,2.05,3.4,4.2,2.04,3.51,4.07,2.2,3.51,4.2,2.03,3.37,3.86,41.0,2015/2016
E0,2015-09-26,Stoke,Bournemouth,2.0,1.0,H,8.0,11.0,5.0,6.0,13.0,11.0,3.0,7.0,1.0,0.0,0.0,0.0,2.55,3.3,3.0,2.47,3.46,3.06,2.6,3.53,3.06,2.48,3.31,2.9,41.0,2015/2016
E0,2015-09-26,Tottenham,Manchester City,4.0,1.0,H,15.0,22.0,8.0,8.0,17.0,6.0,5.0,9.0,5.0,1.0,0.0,0.0,4.2,3.8,1.91,4.03,3.82,1.96,4.3,3.82,2.0,3.94,3.62,1.93,40.0,2015/2016
E0,2015-09-26,West Ham,Norwich,2.0,2.0,D,19.0,16.0,7.0,7.0,7.0,17.0,7.0,5.0,0.0,0.0,0.0,0.0,2.25,3.5,3.4,2.22,3.54,3.49,2.3,3.54,3.52,2.22,3.4,3.28,41.0,2015/2016
E0,2015-09-27,Watford,Crystal Palace,0.0,1.0,A,15.0,16.0,2.0,3.0,17.0,22.0,6.0,4.0,4.0,4.0,0.0,0.0,2.5,3.3,3.1,2.49,3.36,3.12,2.7,3.4,3.12,2.48,3.25,2.96,41.0,2015/2016
E0,2015-09-28,West Brom,Everton,2.0,3.0,A,9.0,12.0,4.0,4.0,9.0,8.0,6.0,4.0,0.0,3.0,0.0,0.0,3.1,3.3,2.5,3.06,3.39,2.51,3.1,3.4,2.55,2.98,3.25,2.47,39.0,2015/2016
E0,2015-10-03,Norwich,Leicester,1.0,2.0,A,17.0,16.0,2.0,5.0,4.0,4.0,16.0,8.0,0.0,1.0,0.0,0.0,2.3,3.5,3.3,2.26,3.63,3.31,2.3,3.63,3.31,2.25,3.46,3.15,44.0,2015/2016
E0,2015-10-03,Chelsea,Southampton,1.0,3.0,A,10.0,13.0,3.0,5.0,14.0,14.0,4.0,6.0,2.0,5.0,0.0,0.0,1.83,3.7,4.8,1.83,3.76,4.84,1.87,3.8,5.25,1.8,3.63,4.61,44.0,2015/2016
E0,2015-10-03,Crystal Palace,West Brom,2.0,0.0,H,21.0,7.0,8.0,2.0,14.0,13.0,8.0,3.0,3.0,3.0,0.0,0.0,1.83,3.6,5.0,1.84,3.65,4.93,1.87,3.7,5.05,1.81,3.49,4.74,43.0,2015/2016
E0,2015-10-03,Aston Villa,Stoke,0.0,1.0,A,13.0,12.0,2.0,5.0,12.0,12.0,9.0,5.0,1.0,0.0,0.0,0.0,2.5,3.3,3.1,2.5,3.34,3.11,2.55,3.4,3.13,2.47,3.23,2.99,44.0,2015/2016
E0,2015-10-03,Bournemouth,Watford,1.0,1.0,D,12.0,11.0,6.0,2.0,8.0,13.0,5.0,3.0,1.0,1.0,0.0,0.0,2.1,3.5,3.8,2.13,3.54,3.72,2.15,3.6,3.8,2.1,3.39,3.62,44.0,2015/2016
E0,2015-10-03,Sunderland,West Ham,2.0,2.0,D,12.0,20.0,3.0,6.0,14.0,11.0,1.0,8.0,2.0,4.0,1.0,0.0,3.2,3.4,2.4,3.13,3.46,2.43,3.2,3.5,2.45,3.05,3.34,2.37,43.0,2015/2016
E0,2015-10-03,Manchester City,Newcastle,6.0,1.0,H,23.0,6.0,11.0,4.0,13.0,8.0,6.0,3.0,3.0,1.0,0.0,0.0,1.25,7.0,13.0,1.24,6.9,13.8,1.26,7.25,15.0,1.23,6.59,12.3,43.0,2015/2016
E0,2015-10-04,Arsenal,Manchester United,3.0,0.0,H,12.0,9.0,5.0,5.0,8.0,17.0,3.0,6.0,1.0,3.0,0.0,0.0,2.0,3.8,3.8,2.06,3.67,3.81,2.1,3.8,3.9,2.01,3.59,3.69,44.0,2015/2016
E0,2015-10-04,Everton,Liverpool,1.0,1.0,D,14.0,13.0,4.0,4.0,10.0,19.0,5.0,11.0,3.0,3.0,0.0,0.0,2.7,3.4,2.8,2.75,3.42,2.75,2.8,3.47,2.9,2.66,3.27,2.74,43.0,2015/2016
E0,2015-10-04,Swansea,Tottenham,2.0,2.0,D,11.0,19.0,2.0,11.0,8.0,19.0,5.0,6.0,1.0,4.0,0.0,0.0,2.75,3.25,2.8,2.72,3.33,2.84,2.88,3.4,2.85,2.66,3.28,2.7,44.0,2015/2016
E0,2015-10-17,Manchester City,Bournemouth,5.0,1.0,H,15.0,5.0,11.0,1.0,11.0,5.0,1.0,7.0,2.0,1.0,0.0,0.0,1.33,5.75,10.0,1.34,5.58,10.6,1.36,5.75,11.0,1.33,5.23,9.31,45.0,2015/2016
E0,2015-10-17,Chelsea,Aston Villa,2.0,0.0,H,9.0,8.0,3.0,1.0,22.0,17.0,4.0,4.0,1.0,3.0,0.0,0.0,1.33,5.75,10.0,1.34,5.41,11.0,1.37,5.75,11.0,1.34,5.13,9.41,46.0,2015/2016
E0,2015-10-17,Everton,Manchester United,0.0,3.0,A,12.0,10.0,3.0,7.0,12.0,14.0,5.0,3.0,2.0,2.0,0.0,0.0,3.25,3.4,2.38,3.23,3.4,2.4,3.3,3.44,2.45,3.15,3.29,2.35,45.0,2015/2016
E0,2015-10-17,Crystal Palace,West Ham,1.0,3.0,A,6.0,24.0,1.0,4.0,9.0,11.0,1.0,9.0,1.0,3.0,1.0,0.0,2.0,3.6,4.0,2.01,3.67,3.99,2.05,3.75,4.0,1.98,3.54,3.8,46.0,2015/2016
E0,2015-10-17,Southampton,Leicester,2.0,2.0,D,14.0,26.0,6.0,7.0,16.0,10.0,6.0,7.0,2.0,0.0,0.0,0.0,1.75,4.0,5.0,1.76,3.88,5.1,1.8,4.0,5.12,1.75,3.75,4.71,46.0,2015/2016
E0,2015-10-17,Watford,Arsenal,0.0,3.0,A,8.0,17.0,1.0,6.0,11.0,12.0,3.0,9.0,2.0,1.0,0.0,0.0,6.0,4.2,1.62,6.29,4.31,1.59,6.5,4.33,1.62,5.76,4.06,1.59,46.0,2015/2016
E0,2015-10-17,West Brom,Sunderland,1.0,0.0,H,8.0,9.0,1.0,2.0,12.0,13.0,1.0,5.0,2.0,2.0,0.0,0.0,2.05,3.4,4.2,2.08,3.42,4.07,2.1,3.45,4.2,2.03,3.28,3.95,46.0,2015/2016
E0,2015-10-17,Tottenham,Liverpool,0.0,0.0,D,13.0,12.0,4.0,3.0,15.0,11.0,8.0,6.0,1.0,2.0,0.0,0.0,2.5,3.5,3.0,2.48,3.54,2.99,2.5,3.58,3.1,2.43,3.4,2.91,45.0,2015/2016
E0,2015-10-18,Newcastle,Norwich,6.0,2.0,H,11.0,18.0,6.0,6.0,10.0,10.0,3.0,7.0,1.0,1.0,0.0,0.0,2.6,3.4,2.88,2.58,3.44,2.93,2.62,3.51,2.93,2.54,3.33,2.8,46.0,2015/2016
E0,2015-10-19,Swansea,Stoke,0.0,1.0,A,14.0,9.0,2.0,2.0,6.0,14.0,1.0,2.0,2.0,2.0,0.0,0.0,2.05,3.4,4.2,2.08,3.41,4.06,2.1,3.5,4.2,2.03,3.33,3.88,44.0,2015/2016
E0,2015-10-24,Norwich,West Brom,0.0,1.0,A,16.0,7.0,3.0,4.0,11.0,6.0,13.0,3.0,1.0,2.0,0.0,0.0,2.0,3.5,4.2,2.02,3.49,4.18,2.1,3.5,4.31,2.0,3.39,3.97,43.0,2015/2016
E0,2015-10-24,Stoke,Watford,0.0,2.0,A,12.0,13.0,1.0,3.0,10.0,18.0,11.0,5.0,3.0,1.0,0.0,0.0,2.1,3.3,4.0,2.1,3.38,4.03,2.2,3.4,4.1,2.09,3.26,3.79,43.0,2015/2016
E0,2015-10-24,Arsenal,Everton,2.0,1.0,H,20.0,10.0,5.0,5.0,11.0,14.0,7.0,5.0,2.0,0.0,0.0,1.0,1.44,4.75,8.0,1.43,5.07,8.2,1.45,5.2,8.2,1.42,4.75,7.55,43.0,2015/2016
E0,2015-10-24,Aston Villa,Swansea,1.0,2.0,A,9.0,11.0,3.0,4.0,10.0,8.0,4.0,6.0,2.0,3.0,0.0,0.0,3.0,3.3,2.6,3.09,3.22,2.59,3.11,3.3,2.65,2.94,3.15,2.56,43.0,2015/2016
E0,2015-10-24,Leicester,Crystal Palace,1.0,0.0,H,12.0,9.0,3.0,4.0,7.0,11.0,3.0,2.0,3.0,1.0,0.0,0.0,2.2,3.6,3.4,2.21,3.56,3.48,2.3,3.6,3.52,2.21,3.41,3.31,43.0,2015/2016
E0,2015-10-24,West Ham,Chelsea,2.0,1.0,H,12.0,8.0,5.0,4.0,10.0,12.0,7.0,4.0,1.0,5.0,0.0,1.0,4.0,3.8,1.95,3.91,3.74,2.01,4.01,3.8,2.05,3.81,3.61,1.97,43.0,2015/2016
E0,2015-10-25,Bournemouth,Tottenham,1.0,5.0,A,11.0,14.0,3.0,9.0,8.0,15.0,4.0,5.0,0.0,1.0,0.0,0.0,3.4,3.5,2.25,3.58,3.42,2.23,3.59,3.5,2.25,3.38,3.32,2.22,43.0,2015/2016
E0,2015-10-25,Liverpool,Southampton,1.0,1.0,D,15.0,8.0,2.0,3.0,8.0,11.0,10.0,7.0,1.0,0.0,0.0,1.0,2.05,3.6,3.8,2.08,3.56,3.87,2.1,3.62,4.0,2.05,3.43,3.74,43.0,2015/2016
E0,2015-10-25,Manchester United,Manchester City,0.0,0.0,D,6.0,6.0,1.0,1.0,17.0,13.0,6.0,4.0,2.0,2.0,0.0,0.0,2.6,3.5,2.8,2.59,3.41,2.93,2.7,3.55,2.96,2.57,3.35,2.8,43.0,2015/2016
E0,2015-10-25,Sunderland,Newcastle,3.0,0.0,H,9.0,21.0,3.0,8.0,12.0,10.0,1.0,10.0,0.0,2.0,0.0,1.0,2.6,3.4,2.9,2.57,3.41,2.96,2.63,3.45,3.0,2.53,3.31,2.86,43.0,2015/2016
E0,2015-10-31,Chelsea,Liverpool,1.0,3.0,A,8.0,16.0,2.0,7.0,9.0,21.0,1.0,7.0,1.0,4.0,0.0,0.0,2.1,3.5,3.75,2.07,3.54,3.92,2.13,3.56,4.0,2.07,3.36,3.73,46.0,2015/2016
E0,2015-10-31,Crystal Palace,Manchester United,0.0,0.0,D,10.0,5.0,5.0,1.0,12.0,15.0,7.0,3.0,3.0,3.0,0.0,0.0,3.8,3.5,2.1,4.02,3.46,2.08,4.07,3.5,2.1,3.77,3.35,2.06,47.0,2015/2016
E0,2015-10-31,Manchester City,Norwich,2.0,1.0,H,21.0,5.0,5.0,3.0,4.0,13.0,12.0,4.0,2.0,2.0,0.0,1.0,1.29,6.0,12.0,1.3,6.22,11.03,1.31,6.36,12.56,1.28,5.81,10.45,46.0,2015/2016
E0,2015-10-31,Newcastle,Stoke,0.0,0.0,D,15.0,9.0,6.0,2.0,6.0,16.0,11.0,4.0,1.0,3.0,0.0,0.0,2.4,3.4,3.2,2.39,3.43,3.24,2.5,3.43,3.28,2.35,3.31,3.12,46.0,2015/2016
E0,2015-10-31,Swansea,Arsenal,0.0,3.0,A,8.0,15.0,3.0,5.0,12.0,7.0,4.0,4.0,2.0,0.0,0.0,0.0,5.0,4.0,1.75,5.05,3.93,1.76,5.3,4.0,1.77,4.8,3.82,1.73,46.0,2015/2016
E0,2015-10-31,Watford,West Ham,2.0,0.0,H,20.0,8.0,5.0,3.0,16.0,12.0,7.0,2.0,3.0,0.0,0.0,1.0,2.6,3.4,2.9,2.6,3.38,2.94,2.7,3.45,3.0,2.52,3.28,2.87,46.0,2015/2016
E0,2015-10-31,West Brom,Leicester,2.0,3.0,A,14.0,13.0,6.0,5.0,3.0,11.0,6.0,4.0,0.0,2.0,0.0,0.0,2.9,3.4,2.6,2.84,3.36,2.7,2.9,3.4,2.7,2.82,3.25,2.58,46.0,2015/2016
E0,2015-11-01,Everton,Sunderland,6.0,2.0,H,15.0,17.0,8.0,9.0,6.0,5.0,6.0,1.0,3.0,2.0,0.0,0.0,1.5,4.5,7.5,1.49,4.61,7.5,1.53,4.61,8.0,1.49,4.31,7.06,46.0,2015/2016
E0,2015-11-01,Southampton,Bournemouth,2.0,0.0,H,11.0,16.0,2.0,2.0,5.0,5.0,4.0,6.0,0.0,2.0,1.0,0.0,1.55,4.33,6.5,1.55,4.37,6.88,1.58,4.38,7.0,1.54,4.17,6.29,46.0,2015/2016
E0,2015-11-02,Tottenham,Aston Villa,3.0,1.0,H,17.0,13.0,6.0,2.0,6.0,15.0,4.0,3.0,0.0,3.0,0.0,0.0,1.44,4.75,8.0,1.43,4.8,9.0,1.45,4.84,9.0,1.42,4.52,8.11,43.0,2015/2016
E0,2015-11-07,Norwich,Swansea,1.0,0.0,H,9.0,8.0,5.0,0.0,12.0,7.0,5.0,2.0,1.0,0.0,0.0,0.0,2.45,3.4,3.1,2.46,3.47,3.06,2.55,3.49,3.12,2.45,3.31,2.94,43.0,2015/2016
E0,2015-11-07,Leicester,Watford,2.0,1.0,H,12.0,8.0,6.0,4.0,10.0,10.0,4.0,2.0,0.0,1.0,0.0,0.0,1.85,3.8,4.5,1.88,3.79,4.43,1.88,3.9,4.6,1.84,3.67,4.3,43.0,2015/2016
E0,2015-11-07,Manchester United,West Brom,2.0,0.0,H,13.0,4.0,3.0,0.0,11.0,10.0,5.0,1.0,1.0,3.0,0.0,1.0,1.33,5.25,12.0,1.34,5.25,12.05,1.36,5.3,12.05,1.33,4.91,10.69,43.0,2015/2016
E0,2015-11-07,West Ham,Everton,1.0,1.0,D,16.0,13.0,5.0,4.0,11.0,12.0,3.0,5.0,1.0,2.0,0.0,0.0,2.6,3.5,2.8,2.58,3.49,2.89,2.62,3.55,2.89,2.53,3.4,2.78,43.0,2015/2016
E0,2015-11-07,Stoke,Chelsea,1.0,0.0,H,8.0,19.0,2.0,4.0,13.0,10.0,1.0,9.0,3.0,1.0,0.0,0.0,3.8,3.6,2.05,3.96,3.51,2.07,4.0,3.6,2.1,3.74,3.38,2.06,43.0,2015/2016
E0,2015-11-07,Sunderland,Southampton,0.0,1.0,A,9.0,11.0,3.0,4.0,3.0,7.0,10.0,11.0,1.0,3.0,0.0,0.0,4.75,3.8,1.8,4.79,3.81,1.82,5.05,3.85,1.85,4.63,3.66,1.78,43.0,2015/2016
E0,2015-11-07,Bournemouth,Newcastle,0.0,1.0,A,20.0,2.0,5.0,1.0,9.0,11.0,16.0,0.0,2.0,2.0,0.0,0.0,2.25,3.5,3.4,2.18,3.56,3.57,2.25,3.6,3.57,2.2,3.44,3.3,43.0,2015/2016
E0,2015-11-08,Arsenal,Tottenham,1.0,1.0,D,10.0,14.0,4.0,4.0,12.0,17.0,7.0,6.0,0.0,1.0,0.0,0.0,1.73,4.0,5.0,1.7,4.18,5.21,1.75,4.25,5.21,1.69,3.95,4.85,43.0,2015/2016
E0,2015-11-08,Aston Villa,Manchester City,0.0,0.0,D,3.0,13.0,0.0,3.0,7.0,7.0,3.0,8.0,1.0,1.0,0.0,0.0,7.5,5.0,1.44,8.15,4.93,1.44,8.15,5.0,1.5,7.29,4.58,1.44,43.0,2015/2016
E0,2015-11-08,Liverpool,Crystal Palace,1.0,2.0,A,22.0,9.0,4.0,4.0,7.0,6.0,14.0,6.0,1.0,2.0,0.0,0.0,1.67,3.8,6.0,1.68,3.99,5.73,1.7,4.0,6.0,1.66,3.8,5.39,43.0,2015/2016
E0,2015-11-21,Chelsea,Norwich,1.0,0.0,H,21.0,4.0,7.0,2.0,4.0,12.0,6.0,5.0,1.0,4.0,0.0,0.0,1.4,5.0,9.0,1.43,4.86,8.78,1.45,5.0,9.0,1.42,4.62,8.04,42.0,2015/2016
E0,2015-11-21,Newcastle,Leicester,0.0,3.0,A,9.0,18.0,1.0,7.0,9.0,12.0,4.0,9.0,4.0,1.0,0.0,0.0,2.88,3.6,2.5,2.85,3.55,2.58,2.9,3.65,2.6,2.79,3.44,2.51,40.0,2015/2016
E0,2015-11-21,Everton,Aston Villa,4.0,0.0,H,16.0,10.0,9.0,3.0,6.0,9.0,2.0,3.0,0.0,0.0,0.0,0.0,1.57,4.2,6.5,1.57,4.2,6.8,1.62,4.27,7.0,1.57,4.0,6.21,42.0,2015/2016
E0,2015-11-21,Manchester City,Liverpool,1.0,4.0,A,11.0,14.0,3.0,9.0,5.0,13.0,11.0,5.0,0.0,3.0,0.0,0.0,1.7,4.0,5.5,1.67,4.15,5.56,1.7,4.2,5.75,1.66,3.94,5.28,42.0,2015/2016
E0,2015-11-21,Swansea,Bournemouth,2.0,2.0,D,11.0,16.0,4.0,4.0,7.0,9.0,4.0,5.0,3.0,2.0,0.0,0.0,1.91,3.6,4.5,1.91,3.59,4.6,1.95,3.8,4.6,1.89,3.47,4.34,42.0,2015/2016
E0,2015-11-21,West Brom,Arsenal,2.0,1.0,H,4.0,11.0,1.0,3.0,14.0,10.0,3.0,5.0,3.0,2.0,0.0,0.0,7.0,4.33,1.53,6.68,4.29,1.57,7.0,4.4,1.59,6.4,4.18,1.54,42.0,2015/2016
E0,2015-11-21,Watford,Manchester United,1.0,2.0,A,10.0,13.0,5.0,6.0,6.0,12.0,4.0,10.0,1.0,2.0,0.0,0.0,4.33,3.4,2.0,4.14,3.38,2.07,4.6,3.45,2.07,4.07,3.29,2.01,42.0,2015/2016
E0,2015-11-21,Southampton,Stoke,0.0,1.0,A,16.0,16.0,1.0,4.0,8.0,8.0,7.0,3.0,2.0,0.0,0.0,0.0,1.57,4.0,7.0,1.61,4.06,6.5,1.65,4.1,7.0,1.59,3.88,6.23,42.0,2015/2016
E0,2015-11-22,Tottenham,West Ham,4.0,1.0,H,22.0,10.0,12.0,4.0,13.0,9.0,7.0,6.0,2.0,2.0,0.0,0.0,1.57,4.2,6.5,1.55,4.43,6.78,1.6,4.5,6.8,1.55,4.15,6.22,41.0,2015/2016
E0,2015-11-23,Crystal Palace,Sunderland,0.0,1.0,A,19.0,12.0,7.0,4.0,18.0,11.0,11.0,2.0,1.0,3.0,0.0,0.0,1.57,4.0,7.0,1.56,4.31,6.77,1.65,4.31,7.0,1.55,3.99,6.5,39.0,2015/2016
E0,2015-11-28,Manchester City,Southampton,3.0,1.0,H,16.0,12.0,9.0,8.0,14.0,11.0,6.0,4.0,2.0,1.0,0.0,0.0,1.6,4.33,6.0,1.58,4.4,6.28,1.6,4.4,6.58,1.57,4.19,5.9,49.0,2015/2016
E0,2015-11-28,Sunderland,Stoke,2.0,0.0,H,18.0,7.0,5.0,3.0,4.0,10.0,9.0,5.0,0.0,2.0,0.0,1.0,3.2,3.3,2.45,3.16,3.28,2.51,3.25,3.3,2.51,3.1,3.19,2.41,49.0,2015/2016
E0,2015-11-28,Aston Villa,Watford,2.0,3.0,A,12.0,14.0,6.0,6.0,6.0,13.0,10.0,10.0,2.0,3.0,0.0,0.0,2.75,3.3,2.8,2.77,3.25,2.85,2.8,3.3,2.9,2.69,3.13,2.79,49.0,2015/2016
E0,2015-11-28,Bournemouth,Everton,3.0,3.0,D,19.0,11.0,10.0,6.0,6.0,6.0,10.0,5.0,2.0,0.0,0.0,0.0,2.9,3.6,2.5,2.95,3.53,2.51,3.0,3.6,2.51,2.87,3.41,2.45,49.0,2015/2016
E0,2015-11-28,Crystal Palace,Newcastle,5.0,1.0,H,19.0,7.0,8.0,2.0,7.0,13.0,7.0,5.0,1.0,1.0,0.0,0.0,1.7,3.9,5.5,1.69,4.04,5.53,1.75,4.04,5.53,1.69,3.83,5.09,49.0,2015/2016
E0,2015-11-28,Leicester,Manchester United,1.0,1.0,D,7.0,10.0,3.0,2.0,5.0,7.0,1.0,8.0,0.0,1.0,0.0,0.0,3.1,3.5,2.4,3.26,3.45,2.36,3.3,3.53,2.4,3.13,3.35,2.34,47.0,2015/2016
E0,2015-11-29,Norwich,Arsenal,1.0,1.0,D,7.0,12.0,2.0,3.0,8.0,6.0,3.0,6.0,1.0,1.0,0.0,0.0,6.0,4.2,1.62,5.62,4.34,1.63,6.1,4.35,1.65,5.51,4.15,1.6,49.0,2015/2016
E0,2015-11-29,Liverpool,Swansea,1.0,0.0,H,10.0,8.0,2.0,0.0,12.0,6.0,8.0,7.0,3.0,1.0,0.0,0.0,1.44,4.75,8.0,1.48,4.55,7.95,1.5,4.75,8.0,1.46,4.37,7.36,48.0,2015/2016
E0,2015-11-29,West Ham,West Brom,1.0,1.0,D,17.0,7.0,6.0,3.0,15.0,16.0,5.0,2.0,0.0,2.0,0.0,0.0,2.05,3.5,4.0,2.1,3.41,3.98,2.1,3.5,4.05,2.05,3.33,3.83,49.0,2015/2016
E0,2015-11-29,Tottenham,Chelsea,0.0,0.0,D,9.0,5.0,4.0,1.0,14.0,9.0,4.0,4.0,4.0,2.0,0.0,0.0,2.6,3.4,2.9,2.58,3.49,2.89,2.6,3.5,2.94,2.54,3.34,2.81,48.0,2015/2016
E0,2015-12-05,Swansea,Leicester,0.0,3.0,A,10.0,16.0,2.0,5.0,3.0,19.0,3.0,8.0,2.0,3.0,0.0,0.0,2.7,3.4,2.75,2.68,3.44,2.8,2.8,3.5,2.8,2.66,3.35,2.68,47.0,2015/2016
E0,2015-12-05,Watford,Norwich,2.0,0.0,H,14.0,6.0,7.0,1.0,11.0,10.0,4.0,1.0,3.0,3.0,0.0,0.0,2.15,3.5,3.6,2.16,3.48,3.7,2.21,3.5,3.75,2.13,3.36,3.52,47.0,2015/2016
E0,2015-12-05,Arsenal,Sunderland,3.0,1.0,H,16.0,11.0,7.0,4.0,7.0,11.0,3.0,2.0,1.0,1.0,0.0,0.0,1.29,6.0,13.0,1.28,6.14,13.53,1.29,6.25,13.53,1.27,5.76,12.07,47.0,2015/2016
E0,2015-12-05,Chelsea,Bournemouth,0.0,1.0,A,19.0,15.0,6.0,5.0,10.0,13.0,11.0,4.0,2.0,1.0,0.0,0.0,1.36,5.25,9.5,1.38,5.23,9.75,1.39,5.25,10.0,1.37,4.91,8.83,47.0,2015/2016
E0,2015-12-05,Manchester United,West Ham,0.0,0.0,D,21.0,9.0,1.0,2.0,9.0,13.0,6.0,2.0,1.0,0.0,0.0,0.0,1.44,4.5,9.0,1.43,4.7,9.06,1.46,4.8,9.23,1.43,4.38,8.4,47.0,2015/2016
E0,2015-12-05,Southampton,Aston Villa,1.0,1.0,D,23.0,9.0,5.0,2.0,4.0,9.0,10.0,4.0,1.0,2.0,0.0,0.0,1.5,4.5,7.5,1.52,4.37,7.57,1.53,4.5,7.57,1.49,4.17,7.13,47.0,2015/2016
E0,2015-12-05,Stoke,Manchester City,2.0,0.0,H,7.0,11.0,4.0,4.0,9.0,10.0,1.0,6.0,0.0,1.0,0.0,0.0,5.25,4.0,1.7,5.25,4.06,1.71,5.5,4.1,1.75,5.07,3.87,1.69,47.0,2015/2016
E0,2015-12-05,West Brom,Tottenham,1.0,1.0,D,11.0,9.0,4.0,3.0,13.0,10.0,3.0,6.0,3.0,2.0,0.0,0.0,4.75,3.6,1.85,4.75,3.69,1.85,4.8,3.69,1.91,4.45,3.5,1.86,47.0,2015/2016
E0,2015-12-06,Newcastle,Liverpool,2.0,0.0,H,6.0,10.0,1.0,1.0,6.0,10.0,2.0,7.0,3.0,1.0,0.0,0.0,5.75,4.33,1.62,5.75,4.35,1.62,6.0,4.43,1.65,5.58,4.1,1.6,47.0,2015/2016
E0,2015-12-07,Everton,Crystal Palace,1.0,1.0,D,19.0,14.0,4.0,5.0,4.0,11.0,13.0,6.0,1.0,2.0,0.0,0.0,2.1,3.6,3.75,2.06,3.63,3.88,2.1,3.63,3.88,2.03,3.49,3.68,45.0,2015/2016
E0,2015-12-12,West Ham,Stoke,0.0,0.0,D,22.0,12.0,9.0,3.0,7.0,9.0,11.0,7.0,1.0,2.0,0.0,0.0,2.63,3.3,2.9,2.63,3.33,2.94,2.66,3.4,3.0,2.55,3.19,2.89,50.0,2015/2016
E0,2015-12-12,Norwich,Everton,1.0,1.0,D,9.0,15.0,2.0,3.0,9.0,6.0,5.0,4.0,1.0,0.0,0.0,0.0,2.9,3.5,2.55,2.92,3.56,2.52,3.0,3.6,2.55,2.85,3.4,2.48,50.0,2015/2016
E0,2015-12-12,Manchester City,Swansea,2.0,1.0,H,13.0,13.0,5.0,7.0,13.0,15.0,5.0,5.0,3.0,1.0,0.0,0.0,1.3,6.0,11.0,1.32,5.9,10.9,1.33,6.0,11.5,1.3,5.56,10.18,50.0,2015/2016
E0,2015-12-12,Crystal Palace,Southampton,1.0,0.0,H,12.0,15.0,5.0,3.0,11.0,13.0,8.0,5.0,0.0,0.0,0.0,0.0,2.6,3.3,3.0,2.55,3.32,3.06,2.6,3.4,3.06,2.52,3.22,2.92,50.0,2015/2016
E0,2015-12-12,Sunderland,Watford,0.0,1.0,A,14.0,13.0,2.0,6.0,6.0,9.0,8.0,3.0,1.0,0.0,0.0,0.0,2.9,3.3,2.63,2.86,3.31,2.71,2.9,3.31,2.75,2.8,3.2,2.64,50.0,2015/2016
E0,2015-12-12,Bournemouth,Manchester United,2.0,1.0,H,11.0,11.0,5.0,5.0,12.0,12.0,5.0,7.0,2.0,1.0,0.0,0.0,3.4,3.4,2.3,3.46,3.39,2.29,3.5,3.4,2.3,3.33,3.28,2.26,50.0,2015/2016
E0,2015-12-13,Aston Villa,Arsenal,0.0,2.0,A,18.0,8.0,2.0,4.0,8.0,7.0,5.0,5.0,0.0,0.0,0.0,0.0,6.5,4.2,1.57,6.24,4.24,1.6,7.0,4.24,1.61,6.1,4.06,1.57,50.0,2015/2016
E0,2015-12-13,Liverpool,West Brom,2.0,2.0,D,28.0,4.0,8.0,2.0,7.0,10.0,4.0,4.0,0.0,0.0,0.0,0.0,1.4,4.75,10.0,1.45,4.59,9.0,1.45,4.8,10.0,1.41,4.42,8.84,50.0,2015/2016
E0,2015-12-13,Tottenham,Newcastle,1.0,2.0,A,20.0,8.0,8.0,4.0,13.0,14.0,6.0,2.0,2.0,2.0,0.0,0.0,1.36,5.5,9.0,1.39,5.32,9.0,1.4,5.5,9.5,1.37,4.96,8.4,50.0,2015/2016
E0,2015-12-14,Leicester,Chelsea,2.0,1.0,H,9.0,11.0,5.0,5.0,16.0,8.0,1.0,8.0,2.0,0.0,0.0,0.0,3.2,3.5,2.35,3.11,3.59,2.38,3.4,3.6,2.43,3.07,3.4,2.33,48.0,2015/2016
E0,2015-12-19,Manchester United,Norwich,1.0,2.0,A,11.0,6.0,2.0,4.0,4.0,10.0,11.0,0.0,0.0,2.0,0.0,0.0,1.45,4.5,8.5,1.47,4.5,8.45,1.5,4.61,8.83,1.45,4.35,7.74,49.0,2015/2016
E0,2015-12-19,Chelsea,Sunderland,3.0,1.0,H,17.0,11.0,7.0,3.0,12.0,12.0,2.0,2.0,1.0,3.0,0.0,0.0,1.33,5.25,12.0,1.32,5.69,11.8,1.33,5.75,13.0,1.31,5.32,10.91,49.0,2015/2016
E0,2015-12-19,Southampton,Tottenham,0.0,2.0,A,11.0,13.0,4.0,6.0,18.0,9.0,4.0,7.0,1.0,1.0,0.0,0.0,2.7,3.4,2.8,2.66,3.44,2.83,2.71,3.48,2.88,2.62,3.27,2.77,49.0,2015/2016
E0,2015-12-19,Everton,Leicester,2.0,3.0,A,13.0,10.0,5.0,5.0,6.0,14.0,10.0,2.0,2.0,1.0,0.0,0.0,2.1,3.75,3.6,2.07,3.8,3.65,2.1,3.8,3.7,2.05,3.61,3.51,49.0,2015/2016
E0,2015-12-19,Stoke,Crystal Palace,1.0,2.0,A,26.0,12.0,5.0,3.0,6.0,12.0,7.0,3.0,2.0,0.0,0.0,0.0,2.5,3.2,3.2,2.51,3.3,3.14,2.51,3.32,3.2,2.44,3.19,3.07,49.0,2015/2016
E0,2015-12-19,West Brom,Bournemouth,1.0,2.0,A,6.0,16.0,2.0,7.0,12.0,9.0,4.0,8.0,2.0,1.0,2.0,0.0,2.55,3.3,3.0,2.64,3.27,2.98,2.64,3.36,3.09,2.53,3.22,2.91,49.0,2015/2016
E0,2015-12-19,Newcastle,Aston Villa,1.0,1.0,D,8.0,10.0,4.0,7.0,9.0,14.0,3.0,7.0,1.0,3.0,0.0,0.0,2.05,3.5,4.0,2.03,3.58,4.02,2.05,3.6,4.1,2.0,3.41,3.91,48.0,2015/2016
E0,2015-12-20,Swansea,West Ham,0.0,0.0,D,21.0,11.0,2.0,2.0,6.0,9.0,8.0,9.0,0.0,1.0,0.0,0.0,2.1,3.4,3.9,2.1,3.46,3.92,2.15,3.5,4.0,2.07,3.35,3.74,47.0,2015/2016
E0,2015-12-20,Watford,Liverpool,3.0,0.0,H,6.0,12.0,5.0,4.0,6.0,9.0,7.0,9.0,1.0,0.0,0.0,0.0,4.2,3.6,1.95,4.14,3.55,2.01,4.3,3.6,2.01,4.02,3.43,1.96,48.0,2015/2016
E0,2015-12-21,Arsenal,Manchester City,2.0,1.0,H,8.0,20.0,5.0,6.0,5.0,16.0,4.0,8.0,0.0,2.0,0.0,0.0,2.45,3.5,3.0,2.38,3.58,3.12,2.5,3.7,3.15,2.37,3.45,2.99,47.0,2015/2016
E0,2015-12-26,Chelsea,Watford,2.0,2.0,D,17.0,12.0,2.0,3.0,7.0,15.0,9.0,4.0,1.0,4.0,0.0,0.0,1.44,4.5,7.5,1.52,4.52,7.14,1.54,4.6,8.0,1.49,4.29,7.03,49.0,2015/2016
E0,2015-12-26,Aston Villa,West Ham,1.0,1.0,D,15.0,10.0,8.0,4.0,14.0,13.0,9.0,6.0,3.0,3.0,0.0,0.0,2.63,3.25,2.75,2.66,3.29,2.94,2.7,3.3,2.94,2.63,3.15,2.83,48.0,2015/2016
E0,2015-12-26,Bournemouth,Crystal Palace,0.0,0.0,D,10.0,8.0,4.0,0.0,10.0,13.0,8.0,9.0,1.0,0.0,0.0,0.0,2.4,3.3,3.0,2.48,3.45,3.06,2.5,3.46,3.1,2.42,3.33,2.98,48.0,2015/2016
E0,2015-12-26,Liverpool,Leicester,1.0,0.0,H,25.0,7.0,4.0,3.0,11.0,8.0,7.0,6.0,2.0,1.0,0.0,0.0,1.91,3.8,3.8,1.95,3.87,4.0,2.0,3.91,4.0,1.93,3.72,3.81,49.0,2015/2016
E0,2015-12-26,Manchester City,Sunderland,4.0,1.0,H,19.0,11.0,9.0,3.0,10.0,11.0,5.0,1.0,1.0,1.0,0.0,0.0,1.2,7.0,13.0,1.21,7.65,16.0,1.23,7.65,17.0,1.21,6.91,13.59,48.0,2015/2016
E0,2015-12-26,Newcastle,Everton,0.0,1.0,A,10.0,20.0,1.0,7.0,16.0,12.0,1.0,7.0,2.0,2.0,0.0,0.0,3.2,3.5,2.2,3.37,3.58,2.25,3.4,3.65,2.3,3.24,3.45,2.22,49.0,2015/2016
E0,2015-12-26,Stoke,Manchester United,2.0,0.0,H,13.0,11.0,3.0,6.0,13.0,16.0,1.0,12.0,1.0,2.0,0.0,0.0,3.25,3.2,2.3,3.33,3.31,2.4,3.4,3.31,2.4,3.21,3.17,2.36,49.0,2015/2016
E0,2015-12-26,Swansea,West Brom,1.0,0.0,H,7.0,9.0,2.0,3.0,10.0,13.0,0.0,7.0,1.0,3.0,0.0,0.0,1.91,3.4,4.5,1.96,3.42,4.58,2.05,3.42,4.58,1.96,3.3,4.23,49.0,2015/2016
E0,2015-12-26,Southampton,Arsenal,4.0,0.0,H,15.0,7.0,5.0,4.0,10.0,9.0,3.0,4.0,1.0,0.0,0.0,0.0,3.6,3.5,2.05,3.6,3.53,2.18,3.8,3.57,2.2,3.51,3.41,2.11,49.0,2015/2016
E0,2015-12-26,Tottenham,Norwich,3.0,0.0,H,15.0,11.0,10.0,3.0,4.0,13.0,9.0,4.0,1.0,2.0,0.0,0.0,1.4,4.75,8.0,1.46,4.77,8.0,1.48,4.86,8.5,1.43,4.55,7.7,48.0,2015/2016
E0,2015-12-28,Manchester United,Chelsea,0.0,0.0,D,12.0,8.0,2.0,3.0,16.0,6.0,5.0,3.0,4.0,2.0,0.0,0.0,2.6,3.3,3.0,2.6,3.38,2.95,2.65,3.38,3.03,2.55,3.22,2.91,50.0,2015/2016
E0,2015-12-28,Crystal Palace,Swansea,0.0,0.0,D,10.0,5.0,2.0,3.0,11.0,16.0,7.0,4.0,3.0,2.0,0.0,0.0,2.1,3.4,4.0,2.09,3.41,4.03,2.14,3.5,4.0,2.07,3.31,3.8,51.0,2015/2016
E0,2015-12-28,Everton,Stoke,3.0,4.0,A,15.0,8.0,3.0,5.0,10.0,12.0,6.0,2.0,2.0,1.0,0.0,0.0,1.95,3.6,4.2,1.95,3.63,4.3,2.0,3.63,4.33,1.93,3.51,4.11,51.0,2015/2016
E0,2015-12-28,Arsenal,Bournemouth,2.0,0.0,H,13.0,10.0,6.0,3.0,7.0,8.0,9.0,3.0,2.0,0.0,0.0,0.0,1.44,4.75,8.0,1.45,4.86,8.07,1.47,4.89,8.75,1.43,4.58,7.76,50.0,2015/2016
E0,2015-12-28,West Ham,Southampton,2.0,1.0,H,13.0,15.0,5.0,4.0,6.0,12.0,4.0,7.0,1.0,3.0,0.0,0.0,3.6,3.4,2.2,3.57,3.41,2.24,3.6,3.41,2.3,3.44,3.26,2.22,50.0,2015/2016
E0,2015-12-28,Watford,Tottenham,1.0,2.0,A,9.0,10.0,1.0,3.0,11.0,13.0,5.0,3.0,4.0,2.0,1.0,0.0,3.75,3.5,2.1,3.92,3.55,2.07,3.92,3.55,2.15,3.65,3.42,2.08,51.0,2015/2016
E0,2015-12-28,West Brom,Newcastle,1.0,0.0,H,22.0,7.0,5.0,2.0,7.0,13.0,18.0,6.0,0.0,0.0,0.0,0.0,2.2,3.25,3.75,2.18,3.35,3.8,2.25,3.4,3.85,2.16,3.26,3.58,51.0,2015/2016
E0,2015-12-28,Norwich,Aston Villa,2.0,0.0,H,9.0,6.0,4.0,3.0,10.0,21.0,3.0,7.0,2.0,5.0,0.0,0.0,2.05,3.6,3.8,2.05,3.53,4.02,2.1,3.6,4.05,2.04,3.42,3.78,51.0,2015/2016
E0,2015-12-29,Leicester,Manchester City,0.0,0.0,D,11.0,21.0,4.0,5.0,11.0,8.0,1.0,13.0,1.0,3.0,0.0,0.0,4.33,4.0,1.85,4.25,4.1,1.85,4.4,4.1,1.91,4.12,3.87,1.83,49.0,2015/2016
E0,2015-12-30,Sunderland,Liverpool,0.0,1.0,A,8.0,17.0,3.0,6.0,8.0,16.0,6.0,4.0,1.0,3.0,0.0,0.0,5.5,3.9,1.7,5.51,3.91,1.71,5.6,4.0,1.75,5.22,3.74,1.7,48.0,2015/2016
E0,2016-01-02,Arsenal,Newcastle,1.0,0.0,H,16.0,15.0,3.0,6.0,10.0,9.0,7.0,4.0,2.0,2.0,0.0,0.0,1.29,6.5,11.0,1.27,6.47,12.81,1.3,6.5,12.81,1.27,5.87,11.2,48.0,2015/2016
E0,2016-01-02,Norwich,Southampton,1.0,0.0,H,10.0,10.0,1.0,4.0,9.0,7.0,4.0,9.0,1.0,0.0,0.0,1.0,3.2,3.4,2.4,3.13,3.49,2.42,3.25,3.49,2.45,3.07,3.34,2.36,48.0,2015/2016
E0,2016-01-02,Manchester United,Swansea,2.0,1.0,H,19.0,9.0,6.0,4.0,14.0,10.0,4.0,2.0,2.0,1.0,0.0,0.0,1.55,4.2,7.0,1.52,4.28,7.66,1.57,4.27,7.55,1.53,4.0,6.89,48.0,2015/2016
E0,2016-01-02,Leicester,Bournemouth,0.0,0.0,D,16.0,9.0,2.0,0.0,9.0,5.0,7.0,1.0,1.0,1.0,0.0,1.0,1.91,3.75,4.33,1.94,3.75,4.18,2.0,3.75,4.33,1.92,3.58,4.02,48.0,2015/2016
E0,2016-01-02,Sunderland,Aston Villa,3.0,1.0,H,13.0,8.0,6.0,3.0,8.0,13.0,3.0,3.0,3.0,4.0,0.0,0.0,2.5,3.25,3.2,2.49,3.34,3.14,2.51,3.34,3.23,2.45,3.18,3.04,48.0,2015/2016
E0,2016-01-02,West Brom,Stoke,2.0,1.0,H,16.0,10.0,5.0,3.0,7.0,15.0,4.0,6.0,1.0,1.0,0.0,1.0,2.8,3.2,2.8,2.81,3.2,2.84,2.85,3.2,2.88,2.74,3.09,2.77,48.0,2015/2016
E0,2016-01-02,Watford,Manchester City,1.0,2.0,A,11.0,16.0,3.0,5.0,6.0,10.0,4.0,5.0,1.0,0.0,0.0,0.0,5.0,4.0,1.75,5.14,4.11,1.72,5.2,4.11,1.75,4.87,3.88,1.71,48.0,2015/2016
E0,2016-01-02,West Ham,Liverpool,2.0,0.0,H,18.0,23.0,10.0,2.0,11.0,8.0,3.0,9.0,1.0,1.0,0.0,0.0,4.0,3.5,2.05,3.97,3.62,2.03,4.1,3.62,2.1,3.86,3.42,2.01,48.0,2015/2016
E0,2016-01-03,Crystal Palace,Chelsea,0.0,3.0,A,8.0,10.0,4.0,4.0,12.0,15.0,5.0,7.0,3.0,0.0,0.0,0.0,3.8,3.5,2.1,3.98,3.49,2.07,3.98,3.5,2.2,3.79,3.35,2.06,48.0,2015/2016
E0,2016-01-03,Everton,Tottenham,1.0,1.0,D,12.0,19.0,3.0,4.0,8.0,11.0,4.0,4.0,1.0,2.0,0.0,0.0,2.8,3.5,2.63,2.78,3.59,2.62,2.82,3.6,2.7,2.71,3.4,2.59,48.0,2015/2016
E0,2016-01-12,Aston Villa,Crystal Palace,1.0,0.0,H,13.0,9.0,3.0,1.0,15.0,9.0,9.0,0.0,2.0,1.0,0.0,0.0,3.2,3.25,2.45,3.2,3.25,2.5,3.25,3.3,2.6,3.11,3.15,2.45,48.0,2015/2016
E0,2016-01-12,Bournemouth,West Ham,1.0,3.0,A,11.0,10.0,4.0,5.0,8.0,5.0,4.0,7.0,1.0,1.0,0.0,0.0,2.0,3.6,4.0,2.01,3.65,4.02,2.1,3.75,4.15,1.98,3.51,3.9,48.0,2015/2016
E0,2016-01-12,Newcastle,Manchester United,3.0,3.0,D,14.0,12.0,6.0,4.0,10.0,12.0,5.0,3.0,1.0,3.0,0.0,0.0,5.0,3.7,1.8,5.05,3.8,1.79,5.25,3.83,1.8,4.87,3.62,1.78,48.0,2015/2016
E0,2016-01-13,Liverpool,Arsenal,3.0,3.0,D,22.0,14.0,6.0,5.0,9.0,7.0,9.0,3.0,2.0,0.0,0.0,0.0,2.88,3.4,2.6,2.84,3.58,2.57,2.95,3.58,2.6,2.83,3.37,2.51,48.0,2015/2016
E0,2016-01-13,Southampton,Watford,2.0,0.0,H,15.0,4.0,7.0,1.0,9.0,11.0,8.0,1.0,1.0,2.0,0.0,0.0,1.95,3.5,4.33,2.0,3.51,4.25,2.05,3.51,4.35,1.98,3.38,4.03,48.0,2015/2016
E0,2016-01-13,Chelsea,West Brom,2.0,2.0,D,14.0,13.0,2.0,6.0,13.0,8.0,7.0,7.0,3.0,3.0,0.0,0.0,1.44,4.5,9.0,1.46,4.58,8.54,1.49,4.75,9.0,1.44,4.32,8.24,48.0,2015/2016
E0,2016-01-13,Swansea,Sunderland,2.0,4.0,A,10.0,7.0,5.0,5.0,9.0,12.0,8.0,6.0,2.0,0.0,1.0,0.0,1.8,3.6,5.25,1.78,3.71,5.32,1.83,3.71,5.45,1.76,3.57,4.97,48.0,2015/2016
E0,2016-01-13,Tottenham,Leicester,0.0,1.0,A,21.0,10.0,5.0,2.0,13.0,10.0,16.0,8.0,1.0,0.0,0.0,0.0,1.75,3.8,5.25,1.75,3.95,5.09,1.8,4.02,5.25,1.75,3.75,4.78,47.0,2015/2016
E0,2016-01-13,Stoke,Norwich,3.0,1.0,H,14.0,5.0,4.0,2.0,5.0,8.0,7.0,3.0,0.0,1.0,0.0,1.0,2.05,3.3,4.2,2.01,3.44,4.31,2.05,3.44,4.37,2.0,3.32,4.03,48.0,2015/2016
E0,2016-01-13,Manchester City,Everton,0.0,0.0,D,22.0,7.0,5.0,2.0,5.0,6.0,12.0,5.0,0.0,1.0,0.0,0.0,1.53,4.75,6.0,1.52,4.88,6.44,1.53,4.9,7.0,1.5,4.56,6.19,48.0,2015/2016
E0,2016-01-16,Chelsea,Everton,3.0,3.0,D,14.0,9.0,7.0,4.0,12.0,5.0,6.0,4.0,1.0,1.0,0.0,0.0,1.83,3.75,4.75,1.81,3.97,4.65,1.83,3.98,4.8,1.79,3.77,4.49,44.0,2015/2016
E0,2016-01-16,Bournemouth,Norwich,3.0,0.0,H,15.0,10.0,8.0,3.0,8.0,13.0,5.0,3.0,1.0,1.0,0.0,0.0,1.91,3.6,4.5,1.89,3.68,4.54,1.95,3.68,4.75,1.88,3.49,4.35,44.0,2015/2016
E0,2016-01-16,Southampton,West Brom,3.0,0.0,H,9.0,9.0,5.0,0.0,10.0,11.0,1.0,3.0,0.0,0.0,0.0,0.0,1.73,3.75,5.5,1.71,3.73,5.95,1.8,3.8,6.0,1.71,3.6,5.46,44.0,2015/2016
E0,2016-01-16,Aston Villa,Leicester,1.0,1.0,D,14.0,12.0,5.0,5.0,13.0,15.0,3.0,4.0,3.0,2.0,0.0,0.0,3.6,3.4,2.2,3.75,3.44,2.16,3.75,3.5,2.3,3.52,3.31,2.16,44.0,2015/2016
E0,2016-01-16,Newcastle,West Ham,2.0,1.0,H,23.0,10.0,10.0,3.0,9.0,4.0,3.0,3.0,1.0,0.0,0.0,0.0,2.5,3.4,3.0,2.55,3.5,2.92,2.62,3.55,3.0,2.5,3.34,2.86,44.0,2015/2016
E0,2016-01-16,Tottenham,Sunderland,4.0,1.0,H,26.0,5.0,11.0,2.0,8.0,13.0,11.0,3.0,0.0,2.0,0.0,0.0,1.36,5.25,9.5,1.35,5.48,10.2,1.4,5.5,10.62,1.35,5.0,9.24,44.0,2015/2016
E0,2016-01-16,Manchester City,Crystal Palace,4.0,0.0,H,17.0,9.0,4.0,3.0,10.0,11.0,5.0,6.0,0.0,2.0,0.0,0.0,1.4,5.25,8.5,1.39,5.34,8.88,1.41,5.5,10.0,1.38,5.01,8.13,44.0,2015/2016
E0,2016-01-17,Liverpool,Manchester United,0.0,1.0,A,19.0,7.0,4.0,1.0,6.0,18.0,5.0,4.0,0.0,2.0,0.0,0.0,2.3,3.25,3.5,2.34,3.37,3.37,2.5,3.37,3.5,2.29,3.24,3.29,44.0,2015/2016
E0,2016-01-17,Stoke,Arsenal,0.0,0.0,D,14.0,8.0,6.0,3.0,16.0,10.0,6.0,6.0,0.0,0.0,0.0,0.0,4.33,3.6,1.95,4.29,3.61,1.96,4.33,3.61,2.0,4.11,3.47,1.93,44.0,2015/2016
E0,2016-01-18,Swansea,Watford,1.0,0.0,H,10.0,13.0,2.0,2.0,8.0,11.0,6.0,3.0,2.0,2.0,0.0,0.0,2.38,3.25,3.4,2.42,3.31,3.28,2.5,3.31,3.4,2.39,3.2,3.15,43.0,2015/2016
E0,2016-01-23,Manchester United,Southampton,0.0,1.0,A,8.0,7.0,1.0,2.0,11.0,8.0,4.0,4.0,0.0,0.0,0.0,0.0,1.91,3.5,4.75,1.91,3.45,4.84,1.95,3.54,4.84,1.88,3.37,4.55,46.0,2015/2016
E0,2016-01-23,Norwich,Liverpool,4.0,5.0,A,6.0,13.0,5.0,7.0,10.0,14.0,3.0,3.0,0.0,1.0,0.0,0.0,4.33,3.5,1.95,4.35,3.5,1.98,4.35,3.6,2.05,4.08,3.42,1.96,46.0,2015/2016
E0,2016-01-23,Leicester,Stoke,3.0,0.0,H,15.0,3.0,5.0,2.0,10.0,13.0,8.0,4.0,0.0,1.0,0.0,0.0,2.1,3.5,3.8,2.07,3.48,4.0,2.1,3.5,4.0,2.04,3.36,3.83,46.0,2015/2016
E0,2016-01-23,Crystal Palace,Tottenham,1.0,3.0,A,11.0,24.0,3.0,11.0,11.0,12.0,3.0,10.0,2.0,2.0,0.0,0.0,3.6,3.5,2.15,3.63,3.4,2.22,3.63,3.5,2.25,3.48,3.3,2.18,46.0,2015/2016
E0,2016-01-23,Watford,Newcastle,2.0,1.0,H,13.0,11.0,5.0,2.0,10.0,12.0,2.0,7.0,2.0,1.0,0.0,0.0,2.05,3.5,4.0,2.07,3.54,3.93,2.1,3.54,4.0,2.05,3.39,3.75,46.0,2015/2016
E0,2016-01-23,West Brom,Aston Villa,0.0,0.0,D,4.0,15.0,0.0,4.0,7.0,13.0,2.0,6.0,0.0,1.0,0.0,0.0,2.1,3.3,4.0,2.17,3.28,3.92,2.2,3.4,4.0,2.13,3.17,3.82,46.0,2015/2016
E0,2016-01-23,West Ham,Manchester City,2.0,2.0,D,10.0,16.0,3.0,3.0,11.0,15.0,5.0,2.0,2.0,3.0,0.0,0.0,5.0,4.0,1.73,5.19,4.09,1.71,5.4,4.1,1.74,4.98,3.87,1.7,45.0,2015/2016
E0,2016-01-23,Sunderland,Bournemouth,1.0,1.0,D,10.0,15.0,5.0,5.0,5.0,9.0,3.0,4.0,1.0,1.0,0.0,0.0,3.0,3.4,2.5,3.06,3.34,2.54,3.07,3.4,2.55,2.94,3.26,2.48,46.0,2015/2016
E0,2016-01-24,Arsenal,Chelsea,0.0,1.0,A,9.0,12.0,1.0,6.0,14.0,13.0,6.0,7.0,1.0,3.0,1.0,0.0,2.1,3.5,3.9,2.06,3.62,3.87,2.2,3.62,4.0,2.04,3.43,3.76,46.0,2015/2016
E0,2016-01-24,Everton,Swansea,1.0,2.0,A,20.0,7.0,2.0,5.0,5.0,12.0,7.0,1.0,0.0,3.0,0.0,0.0,1.73,3.8,5.5,1.69,3.92,5.77,1.75,4.0,5.77,1.68,3.75,5.31,46.0,2015/2016
E0,2016-02-02,Manchester United,Stoke,3.0,0.0,H,15.0,10.0,5.0,0.0,13.0,13.0,2.0,5.0,2.0,1.0,0.0,0.0,1.7,3.75,5.75,1.68,3.82,6.17,1.75,3.83,6.26,1.67,3.67,5.73,49.0,2015/2016
E0,2016-02-02,Arsenal,Southampton,0.0,0.0,D,21.0,14.0,11.0,3.0,11.0,19.0,13.0,3.0,2.0,1.0,0.0,0.0,1.75,3.75,5.25,1.76,3.72,5.39,1.83,3.75,5.62,1.76,3.58,5.0,49.0,2015/2016
E0,2016-02-02,Crystal Palace,Bournemouth,1.0,2.0,A,14.0,8.0,3.0,4.0,11.0,15.0,5.0,3.0,3.0,4.0,0.0,0.0,2.45,3.3,3.2,2.48,3.25,3.23,2.5,3.32,3.33,2.42,3.19,3.12,49.0,2015/2016
E0,2016-02-02,Leicester,Liverpool,2.0,0.0,H,13.0,14.0,6.0,2.0,6.0,7.0,3.0,12.0,0.0,1.0,0.0,0.0,2.63,3.4,2.88,2.62,3.44,2.88,2.65,3.51,2.9,2.58,3.28,2.81,48.0,2015/2016
E0,2016-02-02,Sunderland,Manchester City,0.0,1.0,A,11.0,6.0,2.0,2.0,6.0,15.0,8.0,4.0,1.0,4.0,0.0,0.0,8.0,4.75,1.45,7.5,4.73,1.48,8.0,4.8,1.5,7.06,4.49,1.47,48.0,2015/2016
E0,2016-02-02,West Brom,Swansea,1.0,1.0,D,17.0,18.0,7.0,4.0,12.0,13.0,7.0,7.0,0.0,0.0,0.0,0.0,2.63,3.1,3.1,2.68,3.04,3.14,2.7,3.1,3.25,2.61,3.01,3.01,49.0,2015/2016
E0,2016-02-02,West Ham,Aston Villa,2.0,0.0,H,25.0,6.0,6.0,2.0,9.0,11.0,5.0,5.0,3.0,0.0,0.0,1.0,1.91,3.5,4.75,1.89,3.57,4.69,1.95,3.57,4.87,1.88,3.46,4.42,49.0,2015/2016
E0,2016-02-02,Norwich,Tottenham,0.0,3.0,A,10.0,17.0,2.0,6.0,8.0,9.0,6.0,8.0,2.0,2.0,0.0,0.0,4.5,3.75,1.85,4.57,3.79,1.85,4.8,3.88,1.9,4.37,3.64,1.84,48.0,2015/2016
E0,2016-02-03,Everton,Newcastle,3.0,0.0,H,18.0,7.0,7.0,3.0,8.0,15.0,3.0,3.0,1.0,2.0,0.0,1.0,1.65,4.2,5.5,1.68,4.27,5.23,1.72,4.36,5.5,1.65,4.03,5.12,48.0,2015/2016
E0,2016-02-03,Watford,Chelsea,0.0,0.0,D,12.0,12.0,3.0,4.0,10.0,13.0,7.0,7.0,2.0,1.0,0.0,0.0,4.33,3.5,1.95,4.32,3.43,2.01,4.4,3.51,2.05,4.1,3.36,1.98,48.0,2015/2016
E0,2016-02-06,Newcastle,West Brom,1.0,0.0,H,19.0,7.0,7.0,0.0,12.0,12.0,8.0,4.0,0.0,3.0,0.0,0.0,2.15,3.4,3.8,2.22,3.33,3.71,2.25,3.4,3.9,2.14,3.28,3.63,45.0,2015/2016
E0,2016-02-06,Liverpool,Sunderland,2.0,2.0,D,16.0,7.0,5.0,2.0,4.0,12.0,7.0,2.0,1.0,1.0,0.0,0.0,1.44,4.75,8.5,1.45,4.71,8.42,1.5,4.75,9.0,1.44,4.46,7.82,45.0,2015/2016
E0,2016-02-06,Manchester City,Leicester,1.0,3.0,A,22.0,14.0,4.0,7.0,9.0,15.0,11.0,4.0,2.0,2.0,0.0,0.0,1.62,4.2,6.0,1.61,4.26,6.14,1.63,4.3,6.28,1.6,4.06,5.75,45.0,2015/2016
E0,2016-02-06,Aston Villa,Norwich,2.0,0.0,H,10.0,12.0,3.0,4.0,10.0,11.0,2.0,11.0,0.0,2.0,0.0,0.0,2.45,3.2,3.3,2.44,3.27,3.28,2.45,3.32,3.31,2.38,3.18,3.18,45.0,2015/2016
E0,2016-02-06,Southampton,West Ham,1.0,0.0,H,8.0,18.0,2.0,2.0,17.0,10.0,4.0,5.0,1.0,2.0,1.0,0.0,1.73,3.8,5.5,1.77,3.74,5.33,1.8,3.8,5.5,1.73,3.64,5.14,41.0,2015/2016
E0,2016-02-06,Stoke,Everton,0.0,3.0,A,11.0,14.0,3.0,6.0,11.0,8.0,6.0,4.0,1.0,0.0,0.0,0.0,2.7,3.4,2.8,2.66,3.36,2.88,2.75,3.47,2.92,2.6,3.28,2.79,45.0,2015/2016
E0,2016-02-06,Tottenham,Watford,1.0,0.0,H,26.0,3.0,9.0,0.0,12.0,9.0,15.0,1.0,0.0,1.0,0.0,0.0,1.5,4.33,8.0,1.51,4.39,7.73,1.54,4.4,8.0,1.49,4.22,7.19,44.0,2015/2016
E0,2016-02-06,Swansea,Crystal Palace,1.0,1.0,D,19.0,12.0,3.0,2.0,11.0,14.0,9.0,5.0,1.0,2.0,0.0,0.0,2.25,3.3,3.6,2.26,3.28,3.67,2.3,3.3,3.72,2.23,3.2,3.49,45.0,2015/2016
E0,2016-02-07,Bournemouth,Arsenal,0.0,2.0,A,17.0,10.0,4.0,5.0,6.0,8.0,7.0,3.0,0.0,1.0,0.0,0.0,3.8,3.5,2.1,3.84,3.58,2.08,4.0,3.66,2.13,3.72,3.41,2.05,45.0,2015/2016
E0,2016-02-07,Chelsea,Manchester United,1.0,1.0,D,16.0,17.0,5.0,7.0,6.0,9.0,10.0,11.0,0.0,3.0,0.0,0.0,2.15,3.3,3.9,2.1,3.37,4.04,2.2,3.4,4.2,2.09,3.26,3.83,45.0,2015/2016
E0,2016-02-13,Sunderland,Manchester United,2.0,1.0,H,21.0,12.0,5.0,6.0,7.0,15.0,6.0,8.0,2.0,3.0,0.0,0.0,5.25,3.75,1.75,5.1,3.74,1.79,5.5,3.78,1.83,5.0,3.6,1.76,45.0,2015/2016
E0,2016-02-13,Swansea,Southampton,0.0,1.0,A,13.0,13.0,2.0,5.0,10.0,12.0,5.0,4.0,0.0,3.0,0.0,0.0,3.2,3.25,2.5,3.24,3.26,2.47,3.25,3.33,2.6,3.11,3.18,2.43,45.0,2015/2016
E0,2016-02-13,Bournemouth,Stoke,1.0,3.0,A,11.0,11.0,2.0,6.0,7.0,18.0,9.0,2.0,4.0,2.0,0.0,0.0,2.05,3.4,4.1,2.07,3.44,4.06,2.15,3.52,4.2,2.05,3.35,3.82,45.0,2015/2016
E0,2016-02-13,Chelsea,Newcastle,5.0,1.0,H,15.0,10.0,5.0,4.0,16.0,14.0,8.0,3.0,0.0,1.0,1.0,0.0,1.44,4.75,8.0,1.46,4.79,7.95,1.5,4.8,8.1,1.44,4.55,7.42,45.0,2015/2016
E0,2016-02-13,Crystal Palace,Watford,1.0,2.0,A,14.0,10.0,7.0,3.0,11.0,16.0,8.0,5.0,0.0,2.0,0.0,0.0,2.25,3.3,3.6,2.24,3.28,3.71,2.3,3.33,3.77,2.23,3.2,3.51,45.0,2015/2016
E0,2016-02-13,Everton,West Brom,0.0,1.0,A,34.0,5.0,6.0,1.0,9.0,12.0,14.0,1.0,1.0,3.0,0.0,0.0,1.53,4.2,7.5,1.52,4.33,7.65,1.6,4.35,7.71,1.52,4.13,6.82,45.0,2015/2016
E0,2016-02-13,Norwich,West Ham,2.0,2.0,D,13.0,11.0,3.0,6.0,16.0,11.0,3.0,3.0,2.0,2.0,0.0,0.0,2.38,3.4,3.25,2.43,3.42,3.16,2.6,3.53,3.25,2.41,3.33,3.02,45.0,2015/2016
E0,2016-02-14,Arsenal,Leicester,2.0,1.0,H,24.0,7.0,6.0,3.0,9.0,10.0,11.0,1.0,4.0,3.0,0.0,1.0,1.75,4.0,5.0,1.71,4.16,5.08,1.8,4.2,5.11,1.72,3.95,4.71,45.0,2015/2016
E0,2016-02-14,Aston Villa,Liverpool,0.0,6.0,A,6.0,11.0,1.0,9.0,10.0,9.0,0.0,6.0,3.0,1.0,0.0,0.0,4.75,3.6,1.85,4.89,3.59,1.86,5.04,3.62,2.0,4.59,3.49,1.84,45.0,2015/2016
E0,2016-02-14,Manchester City,Tottenham,1.0,2.0,A,19.0,6.0,4.0,3.0,12.0,17.0,7.0,1.0,1.0,3.0,0.0,0.0,2.1,3.75,3.6,2.06,3.66,3.82,2.1,3.79,3.9,2.06,3.53,3.61,45.0,2015/2016
E0,2016-02-27,Leicester,Norwich,1.0,0.0,H,13.0,9.0,3.0,1.0,9.0,11.0,3.0,4.0,0.0,2.0,0.0,0.0,1.5,4.33,6.0,1.57,4.42,6.32,1.59,4.5,6.5,1.54,4.24,6.11,48.0,2015/2016
E0,2016-02-27,Southampton,Chelsea,1.0,2.0,A,7.0,16.0,2.0,4.0,10.0,11.0,7.0,8.0,3.0,1.0,0.0,0.0,2.8,3.25,2.5,2.9,3.37,2.65,2.96,3.37,2.65,2.83,3.22,2.58,48.0,2015/2016
E0,2016-02-27,Stoke,Aston Villa,2.0,1.0,H,11.0,5.0,3.0,1.0,7.0,15.0,11.0,0.0,0.0,3.0,0.0,0.0,1.62,3.75,5.5,1.69,3.74,6.16,1.71,3.8,6.16,1.67,3.63,5.67,48.0,2015/2016
E0,2016-02-27,Watford,Bournemouth,0.0,0.0,D,14.0,11.0,1.0,3.0,14.0,17.0,4.0,5.0,3.0,1.0,0.0,0.0,2.38,3.25,3.0,2.45,3.31,3.22,2.45,3.35,3.25,2.37,3.22,3.1,48.0,2015/2016
E0,2016-02-27,West Brom,Crystal Palace,3.0,2.0,H,11.0,15.0,5.0,2.0,14.0,16.0,3.0,6.0,2.0,2.0,0.0,0.0,2.6,3.1,2.8,2.84,3.13,2.87,2.85,3.2,2.9,2.7,3.07,2.81,48.0,2015/2016
E0,2016-02-27,West Ham,Sunderland,1.0,0.0,H,9.0,13.0,3.0,4.0,11.0,9.0,5.0,6.0,1.0,0.0,0.0,0.0,1.8,3.5,4.5,1.85,3.75,4.7,1.89,3.75,4.75,1.84,3.58,4.39,48.0,2015/2016
E0,2016-02-28,Tottenham,Swansea,2.0,1.0,H,34.0,10.0,14.0,4.0,11.0,14.0,7.0,7.0,2.0,3.0,0.0,0.0,1.4,4.2,9.0,1.48,4.5,8.27,1.5,4.6,9.0,1.45,4.27,7.83,44.0,2015/2016
E0,2016-02-28,Manchester United,Arsenal,3.0,2.0,H,7.0,13.0,5.0,5.0,21.0,15.0,2.0,3.0,4.0,3.0,0.0,0.0,3.0,3.25,2.38,3.32,3.32,2.39,3.4,3.32,2.6,3.17,3.21,2.37,44.0,2015/2016
E0,2016-03-01,Leicester,West Brom,2.0,2.0,D,22.0,11.0,5.0,3.0,10.0,8.0,11.0,3.0,0.0,2.0,0.0,0.0,1.73,3.8,5.5,1.73,3.84,5.5,1.77,3.85,6.0,1.7,3.67,5.44,47.0,2015/2016
E0,2016-03-01,Aston Villa,Everton,1.0,3.0,A,14.0,10.0,5.0,7.0,8.0,7.0,9.0,8.0,3.0,1.0,0.0,0.0,4.5,3.6,1.91,4.44,3.69,1.91,4.7,3.7,1.93,4.4,3.53,1.87,47.0,2015/2016
E0,2016-03-01,Norwich,Chelsea,1.0,2.0,A,13.0,10.0,2.0,2.0,17.0,5.0,4.0,4.0,3.0,2.0,0.0,0.0,5.25,4.0,1.7,5.31,4.08,1.7,5.7,4.08,1.71,5.26,3.89,1.68,46.0,2015/2016
E0,2016-03-01,Sunderland,Crystal Palace,2.0,2.0,D,17.0,13.0,6.0,5.0,11.0,14.0,4.0,5.0,1.0,1.0,0.0,0.0,2.5,3.3,3.1,2.48,3.36,3.13,2.55,3.4,3.2,2.46,3.24,3.03,47.0,2015/2016
E0,2016-03-01,Bournemouth,Southampton,2.0,0.0,H,9.0,6.0,4.0,1.0,11.0,18.0,10.0,2.0,0.0,0.0,0.0,0.0,2.9,3.25,2.7,2.91,3.3,2.68,2.97,3.3,2.71,2.87,3.17,2.63,47.0,2015/2016
E0,2016-03-02,Arsenal,Swansea,1.0,2.0,A,18.0,11.0,4.0,2.0,8.0,11.0,7.0,3.0,0.0,2.0,0.0,0.0,1.36,5.25,10.0,1.37,5.21,10.28,1.4,5.25,10.28,1.36,4.9,9.25,47.0,2015/2016
E0,2016-03-02,Liverpool,Manchester City,3.0,0.0,H,11.0,4.0,7.0,2.0,14.0,14.0,3.0,2.0,0.0,1.0,0.0,0.0,2.63,3.4,2.88,2.64,3.5,2.81,2.7,3.51,2.88,2.57,3.33,2.79,46.0,2015/2016
E0,2016-03-02,Manchester United,Watford,1.0,0.0,H,14.0,13.0,3.0,3.0,7.0,17.0,9.0,7.0,1.0,2.0,0.0,0.0,1.67,3.8,6.0,1.66,3.92,6.21,1.69,4.0,6.5,1.65,3.71,5.87,47.0,2015/2016
E0,2016-03-02,Stoke,Newcastle,1.0,0.0,H,9.0,5.0,2.0,3.0,11.0,6.0,5.0,2.0,1.0,0.0,0.0,0.0,2.0,3.5,4.2,2.03,3.53,4.1,2.05,3.57,4.33,1.97,3.39,4.07,47.0,2015/2016
E0,2016-03-02,West Ham,Tottenham,1.0,0.0,H,14.0,9.0,3.0,2.0,10.0,11.0,6.0,3.0,0.0,3.0,0.0,0.0,4.0,3.6,2.0,4.03,3.64,2.01,4.1,3.64,2.06,3.89,3.47,1.99,47.0,2015/2016
E0,2016-03-05,Everton,West Ham,2.0,3.0,A,15.0,17.0,8.0,5.0,12.0,13.0,9.0,6.0,2.0,3.0,1.0,0.0,1.73,4.0,5.0,1.71,4.11,5.17,1.8,4.2,5.25,1.7,3.91,4.93,47.0,2015/2016
E0,2016-03-05,Chelsea,Stoke,1.0,1.0,D,20.0,16.0,7.0,5.0,9.0,10.0,8.0,4.0,1.0,2.0,0.0,0.0,1.5,4.5,7.5,1.52,4.44,7.28,1.53,4.5,7.5,1.5,4.23,6.89,47.0,2015/2016
E0,2016-03-05,Manchester City,Aston Villa,4.0,0.0,H,22.0,2.0,9.0,1.0,10.0,10.0,9.0,1.0,0.0,1.0,0.0,0.0,1.22,7.0,15.0,1.22,7.08,16.27,1.24,7.5,17.0,1.21,6.67,14.95,46.0,2015/2016
E0,2016-03-05,Newcastle,Bournemouth,1.0,3.0,A,14.0,16.0,3.0,5.0,13.0,8.0,5.0,4.0,1.0,3.0,0.0,0.0,2.63,3.4,2.88,2.74,3.4,2.77,2.74,3.49,2.88,2.63,3.3,2.74,47.0,2015/2016
E0,2016-03-05,Southampton,Sunderland,1.0,1.0,D,16.0,11.0,5.0,3.0,9.0,9.0,12.0,2.0,2.0,1.0,1.0,0.0,1.6,4.0,6.5,1.63,4.04,6.29,1.65,4.1,6.75,1.59,3.88,6.19,47.0,2015/2016
E0,2016-03-05,Tottenham,Arsenal,2.0,2.0,D,26.0,10.0,11.0,4.0,9.0,10.0,9.0,2.0,2.0,2.0,0.0,1.0,2.38,3.4,3.25,2.39,3.54,3.13,2.5,3.62,3.25,2.36,3.38,3.08,47.0,2015/2016
E0,2016-03-05,Swansea,Norwich,1.0,0.0,H,10.0,8.0,3.0,3.0,14.0,15.0,5.0,0.0,2.0,5.0,0.0,0.0,2.05,3.5,4.0,2.04,3.47,4.13,2.05,3.5,4.2,2.0,3.38,3.99,46.0,2015/2016
E0,2016-03-05,Watford,Leicester,0.0,1.0,A,11.0,14.0,4.0,7.0,10.0,11.0,3.0,8.0,2.0,2.0,0.0,0.0,3.0,3.4,2.55,3.01,3.33,2.58,3.01,3.4,2.62,2.94,3.25,2.5,46.0,2015/2016
E0,2016-03-06,Crystal Palace,Liverpool,1.0,2.0,A,14.0,19.0,4.0,5.0,12.0,16.0,6.0,6.0,1.0,2.0,0.0,1.0,3.8,3.5,2.1,3.71,3.5,2.15,3.8,3.5,2.19,3.63,3.39,2.1,45.0,2015/2016
E0,2016-03-06,West Brom,Manchester United,1.0,0.0,H,9.0,7.0,2.0,1.0,8.0,7.0,4.0,5.0,1.0,0.0,0.0,1.0,4.33,3.4,2.0,4.24,3.42,2.03,4.33,3.5,2.06,4.1,3.32,1.99,45.0,2015/2016
E0,2016-03-12,Bournemouth,Swansea,3.0,2.0,H,12.0,12.0,4.0,4.0,12.0,11.0,5.0,3.0,1.0,0.0,0.0,0.0,1.95,3.5,4.33,1.96,3.49,4.47,2.0,3.5,4.5,1.95,3.34,4.26,45.0,2015/2016
E0,2016-03-12,Norwich,Manchester City,0.0,0.0,D,5.0,15.0,0.0,3.0,15.0,10.0,3.0,8.0,3.0,1.0,0.0,0.0,6.0,4.2,1.6,6.0,4.2,1.63,6.75,4.33,1.65,5.86,4.0,1.6,44.0,2015/2016
E0,2016-03-12,Stoke,Southampton,1.0,2.0,A,13.0,11.0,2.0,4.0,13.0,12.0,1.0,4.0,1.0,2.0,0.0,1.0,2.7,3.2,2.9,2.73,3.22,2.91,2.75,3.22,2.93,2.68,3.14,2.8,45.0,2015/2016
E0,2016-03-13,Aston Villa,Tottenham,0.0,2.0,A,11.0,19.0,2.0,8.0,6.0,6.0,5.0,8.0,0.0,0.0,0.0,0.0,7.5,4.5,1.5,7.27,4.41,1.52,7.75,4.5,1.53,6.97,4.26,1.49,45.0,2015/2016
E0,2016-03-14,Leicester,Newcastle,1.0,0.0,H,10.0,13.0,1.0,2.0,4.0,9.0,8.0,4.0,0.0,0.0,0.0,0.0,1.57,4.33,6.25,1.62,4.29,5.92,1.67,4.33,6.5,1.59,4.08,5.76,43.0,2015/2016
E0,2016-03-19,Everton,Arsenal,0.0,2.0,A,8.0,11.0,2.0,3.0,7.0,10.0,7.0,5.0,0.0,0.0,0.0,0.0,2.7,3.5,2.7,2.67,3.64,2.69,2.77,3.7,2.75,2.62,3.48,2.63,47.0,2015/2016
E0,2016-03-19,Chelsea,West Ham,2.0,2.0,D,22.0,13.0,5.0,6.0,13.0,14.0,10.0,9.0,3.0,5.0,0.0,0.0,1.75,3.8,5.25,1.76,3.9,5.1,1.78,3.96,5.25,1.72,3.78,4.89,47.0,2015/2016
E0,2016-03-19,Crystal Palace,Leicester,0.0,1.0,A,12.0,8.0,4.0,3.0,9.0,13.0,10.0,7.0,1.0,1.0,0.0,0.0,3.0,3.4,2.5,2.96,3.35,2.6,3.1,3.5,2.6,2.93,3.26,2.48,47.0,2015/2016
E0,2016-03-19,Watford,Stoke,1.0,2.0,A,9.0,9.0,4.0,6.0,10.0,14.0,9.0,2.0,3.0,1.0,0.0,0.0,2.4,3.25,3.3,2.4,3.27,3.36,2.5,3.27,3.36,2.39,3.16,3.17,47.0,2015/2016
E0,2016-03-19,West Brom,Norwich,0.0,1.0,A,10.0,7.0,0.0,1.0,8.0,13.0,4.0,3.0,1.0,2.0,0.0,0.0,2.25,3.3,3.6,2.31,3.24,3.6,2.33,3.3,3.7,2.23,3.2,3.45,46.0,2015/2016
E0,2016-03-19,Swansea,Aston Villa,1.0,0.0,H,10.0,12.0,1.0,2.0,9.0,10.0,4.0,6.0,3.0,2.0,0.0,0.0,1.67,3.8,6.0,1.73,3.81,5.55,1.73,4.0,6.0,1.66,3.73,5.58,47.0,2015/2016
E0,2016-03-20,Manchester City,Manchester United,0.0,1.0,A,26.0,5.0,2.0,3.0,9.0,12.0,11.0,5.0,1.0,1.0,0.0,0.0,1.83,3.75,4.75,1.86,3.75,4.61,1.87,3.8,4.75,1.83,3.62,4.42,46.0,2015/2016
E0,2016-03-20,Newcastle,Sunderland,1.0,1.0,D,17.0,14.0,8.0,4.0,14.0,7.0,2.0,5.0,4.0,1.0,0.0,0.0,2.1,3.5,3.8,2.13,3.43,3.85,2.2,3.53,3.85,2.11,3.34,3.61,47.0,2015/2016
E0,2016-03-20,Southampton,Liverpool,3.0,2.0,H,16.0,18.0,5.0,9.0,10.0,13.0,3.0,5.0,1.0,3.0,0.0,0.0,2.63,3.4,2.88,2.71,3.29,2.88,2.75,3.4,2.9,2.61,3.21,2.81,45.0,2015/2016
E0,2016-03-20,Tottenham,Bournemouth,3.0,0.0,H,17.0,2.0,8.0,0.0,11.0,6.0,4.0,5.0,0.0,1.0,0.0,0.0,1.53,4.33,7.0,1.56,4.41,6.57,1.57,4.5,7.0,1.53,4.24,6.2,46.0,2015/2016
E0,2016-04-02,Sunderland,West Brom,0.0,0.0,D,22.0,3.0,7.0,0.0,11.0,13.0,9.0,3.0,1.0,1.0,0.0,0.0,2.1,3.3,4.0,2.11,3.36,4.0,2.15,3.4,4.1,2.08,3.27,3.81,46.0,2015/2016
E0,2016-04-02,West Ham,Crystal Palace,2.0,2.0,D,18.0,12.0,6.0,5.0,12.0,19.0,4.0,5.0,2.0,2.0,1.0,0.0,1.95,3.6,4.2,1.95,3.65,4.29,2.0,3.66,4.33,1.95,3.51,4.01,44.0,2015/2016
E0,2016-04-02,Arsenal,Watford,4.0,0.0,H,19.0,6.0,12.0,2.0,7.0,10.0,8.0,3.0,1.0,1.0,0.0,0.0,1.36,5.25,10.0,1.36,5.4,9.82,1.38,5.4,10.0,1.35,5.03,9.07,45.0,2015/2016
E0,2016-04-02,Aston Villa,Chelsea,0.0,4.0,A,15.0,11.0,4.0,8.0,12.0,8.0,7.0,2.0,4.0,1.0,1.0,0.0,6.5,4.33,1.57,6.46,4.12,1.6,6.6,4.33,1.68,6.14,3.98,1.58,45.0,2015/2016
E0,2016-04-02,Bournemouth,Manchester City,0.0,4.0,A,11.0,15.0,2.0,7.0,9.0,8.0,4.0,4.0,0.0,1.0,0.0,0.0,3.75,3.6,2.1,3.7,3.65,2.1,3.75,3.71,2.13,3.62,3.5,2.05,45.0,2015/2016
E0,2016-04-02,Liverpool,Tottenham,1.0,1.0,D,15.0,18.0,7.0,5.0,11.0,11.0,12.0,9.0,2.0,0.0,0.0,0.0,2.5,3.4,3.0,2.49,3.5,3.01,2.6,3.5,3.03,2.47,3.34,2.91,44.0,2015/2016
E0,2016-04-02,Norwich,Newcastle,3.0,2.0,H,13.0,13.0,6.0,5.0,6.0,11.0,6.0,5.0,0.0,0.0,0.0,0.0,2.2,3.4,3.6,2.19,3.41,3.7,2.25,3.44,3.7,2.18,3.29,3.48,45.0,2015/2016
E0,2016-04-02,Stoke,Swansea,2.0,2.0,D,12.0,12.0,5.0,3.0,6.0,16.0,5.0,5.0,0.0,1.0,0.0,0.0,2.2,3.4,3.6,2.17,3.39,3.8,2.25,3.4,3.87,2.16,3.28,3.58,46.0,2015/2016
E0,2016-04-03,Leicester,Southampton,1.0,0.0,H,11.0,10.0,4.0,2.0,12.0,13.0,7.0,8.0,2.0,2.0,0.0,0.0,2.25,3.4,3.5,2.27,3.35,3.56,2.3,3.4,3.6,2.21,3.29,3.42,47.0,2015/2016
E0,2016-04-03,Manchester United,Everton,1.0,0.0,H,10.0,7.0,2.0,1.0,15.0,6.0,5.0,5.0,2.0,0.0,0.0,0.0,2.1,3.5,3.75,2.11,3.47,3.89,2.13,3.51,4.0,2.06,3.38,3.76,46.0,2015/2016
E0,2016-04-09,Aston Villa,Bournemouth,1.0,2.0,A,6.0,12.0,1.0,3.0,13.0,11.0,3.0,8.0,2.0,2.0,0.0,0.0,3.4,3.2,2.2,3.64,3.47,2.19,3.64,3.47,2.22,3.47,3.35,2.15,47.0,2015/2016
E0,2016-04-09,Crystal Palace,Norwich,1.0,0.0,H,13.0,13.0,6.0,4.0,13.0,10.0,10.0,4.0,2.0,1.0,0.0,0.0,2.05,3.4,3.6,2.13,3.36,3.95,2.15,3.41,3.95,2.07,3.33,3.73,46.0,2015/2016
E0,2016-04-09,Manchester City,West Brom,2.0,1.0,H,13.0,13.0,4.0,2.0,10.0,7.0,8.0,8.0,0.0,1.0,0.0,0.0,1.33,5.0,9.0,1.35,5.42,10.72,1.37,5.42,11.5,1.33,5.08,9.94,47.0,2015/2016
E0,2016-04-09,Southampton,Newcastle,3.0,1.0,H,20.0,5.0,6.0,3.0,8.0,7.0,11.0,2.0,0.0,0.0,0.0,0.0,1.53,4.0,6.0,1.58,4.23,6.56,1.6,4.23,7.0,1.56,4.0,6.14,47.0,2015/2016
E0,2016-04-09,Swansea,Chelsea,1.0,0.0,H,12.0,8.0,6.0,2.0,15.0,13.0,1.0,9.0,5.0,4.0,0.0,0.0,3.75,3.4,2.0,3.96,3.5,2.08,4.0,3.5,2.1,3.77,3.36,2.05,46.0,2015/2016
E0,2016-04-09,Watford,Everton,1.0,1.0,D,13.0,12.0,5.0,7.0,13.0,10.0,7.0,6.0,2.0,1.0,0.0,0.0,3.4,3.3,2.15,3.47,3.41,2.28,3.5,3.41,2.4,3.35,3.32,2.21,47.0,2015/2016
E0,2016-04-09,West Ham,Arsenal,3.0,3.0,D,19.0,11.0,7.0,6.0,11.0,8.0,7.0,4.0,2.0,0.0,0.0,0.0,3.6,3.5,2.0,3.9,3.77,2.01,3.93,3.83,2.05,3.72,3.61,1.98,47.0,2015/2016
E0,2016-04-10,Liverpool,Stoke,4.0,1.0,H,14.0,10.0,6.0,3.0,14.0,14.0,6.0,3.0,0.0,2.0,0.0,0.0,1.55,4.0,5.75,1.61,4.28,6.11,1.65,4.28,6.25,1.59,3.99,5.8,45.0,2015/2016
E0,2016-04-10,Sunderland,Leicester,0.0,2.0,A,15.0,17.0,1.0,7.0,9.0,9.0,1.0,7.0,1.0,1.0,0.0,0.0,3.4,3.4,2.1,3.51,3.5,2.23,3.6,3.5,2.25,3.41,3.37,2.17,46.0,2015/2016
E0,2016-04-10,Tottenham,Manchester United,3.0,0.0,H,16.0,5.0,8.0,1.0,10.0,10.0,2.0,7.0,3.0,3.0,0.0,0.0,1.91,3.5,4.0,1.92,3.65,4.44,2.1,3.65,4.44,1.91,3.5,4.13,46.0,2015/2016
E0,2016-04-13,Crystal Palace,Everton,0.0,0.0,D,18.0,9.0,6.0,5.0,7.0,9.0,10.0,7.0,0.0,1.0,0.0,1.0,2.9,3.4,2.6,2.89,3.48,2.59,2.95,3.49,2.63,2.85,3.3,2.52,47.0,2015/2016
E0,2016-04-16,Manchester United,Aston Villa,1.0,0.0,H,13.0,7.0,4.0,1.0,9.0,10.0,14.0,3.0,0.0,1.0,0.0,0.0,1.22,7.0,17.0,1.26,6.35,14.88,1.26,7.0,17.0,1.23,6.04,14.93,49.0,2015/2016
E0,2016-04-16,Chelsea,Manchester City,0.0,3.0,A,11.0,11.0,4.0,8.0,12.0,15.0,11.0,3.0,2.0,3.0,1.0,0.0,2.75,3.4,2.7,2.72,3.54,2.7,2.75,3.55,2.75,2.67,3.36,2.65,49.0,2015/2016
E0,2016-04-16,Everton,Southampton,1.0,1.0,D,7.0,18.0,2.0,4.0,8.0,14.0,3.0,10.0,1.0,1.0,0.0,0.0,2.7,3.4,2.8,2.66,3.39,2.85,2.75,3.41,2.95,2.59,3.29,2.79,49.0,2015/2016
E0,2016-04-16,Norwich,Sunderland,0.0,3.0,A,19.0,8.0,6.0,3.0,7.0,11.0,14.0,0.0,2.0,2.0,0.0,0.0,2.4,3.3,3.25,2.33,3.41,3.35,2.4,3.41,3.4,2.34,3.27,3.18,48.0,2015/2016
E0,2016-04-16,West Brom,Watford,0.0,1.0,A,16.0,11.0,4.0,4.0,11.0,17.0,9.0,3.0,0.0,3.0,0.0,0.0,2.4,3.2,3.4,2.36,3.23,3.49,2.4,3.26,3.5,2.34,3.14,3.31,49.0,2015/2016
E0,2016-04-16,Newcastle,Swansea,3.0,0.0,H,12.0,11.0,7.0,1.0,13.0,9.0,3.0,7.0,2.0,1.0,0.0,0.0,2.3,3.4,3.4,2.28,3.47,3.4,2.38,3.5,3.42,2.27,3.33,3.25,49.0,2015/2016
E0,2016-04-17,Arsenal,Crystal Palace,1.0,1.0,D,21.0,7.0,6.0,2.0,7.0,13.0,10.0,5.0,0.0,2.0,0.0,0.0,1.33,5.75,9.5,1.36,5.52,9.56,1.37,5.75,10.0,1.34,5.2,9.06,49.0,2015/2016
E0,2016-04-17,Bournemouth,Liverpool,1.0,2.0,A,18.0,19.0,5.0,6.0,9.0,9.0,5.0,4.0,0.0,0.0,0.0,0.0,3.6,3.5,2.15,3.71,3.52,2.14,3.71,3.52,2.2,3.46,3.42,2.13,49.0,2015/2016
E0,2016-04-17,Leicester,West Ham,2.0,2.0,D,6.0,19.0,2.0,4.0,14.0,14.0,0.0,5.0,1.0,3.0,1.0,0.0,1.95,3.6,4.2,1.92,3.75,4.3,2.0,3.8,4.3,1.91,3.57,4.08,49.0,2015/2016
E0,2016-04-18,Stoke,Tottenham,0.0,4.0,A,12.0,23.0,2.0,6.0,12.0,12.0,5.0,3.0,2.0,0.0,0.0,0.0,4.5,3.75,1.85,4.81,3.74,1.83,5.0,3.8,1.88,4.46,3.62,1.82,47.0,2015/2016
E0,2016-04-19,Newcastle,Manchester City,1.0,1.0,D,5.0,9.0,3.0,5.0,13.0,8.0,5.0,3.0,3.0,2.0,0.0,0.0,6.0,4.5,1.57,6.29,4.44,1.57,6.29,4.5,1.65,5.86,4.24,1.57,45.0,2015/2016
E0,2016-04-20,Liverpool,Everton,4.0,0.0,H,37.0,3.0,13.0,0.0,8.0,11.0,9.0,1.0,1.0,1.0,0.0,1.0,1.73,4.0,5.0,1.7,4.13,5.22,1.75,4.3,5.25,1.69,4.0,4.85,44.0,2015/2016
E0,2016-04-20,Manchester United,Crystal Palace,2.0,0.0,H,16.0,5.0,10.0,0.0,13.0,7.0,10.0,2.0,1.0,2.0,0.0,0.0,1.53,4.33,7.0,1.54,4.25,7.45,1.57,4.33,7.45,1.53,4.09,6.68,44.0,2015/2016
E0,2016-04-20,West Ham,Watford,3.0,1.0,H,18.0,7.0,7.0,4.0,11.0,17.0,4.0,2.0,0.0,2.0,0.0,1.0,1.57,4.33,6.5,1.56,4.37,6.74,1.65,4.37,6.83,1.54,4.16,6.3,44.0,2015/2016
E0,2016-04-21,Arsenal,West Brom,2.0,0.0,H,16.0,8.0,7.0,1.0,14.0,14.0,2.0,6.0,0.0,1.0,0.0,0.0,1.29,6.0,13.0,1.25,6.45,14.75,1.29,6.45,15.0,1.25,5.87,12.76,44.0,2015/2016
E0,2016-04-23,Aston Villa,Southampton,2.0,4.0,A,16.0,17.0,7.0,7.0,8.0,9.0,6.0,11.0,2.0,0.0,0.0,0.0,7.5,4.2,1.53,6.61,4.2,1.58,7.5,4.26,1.6,6.65,3.99,1.54,47.0,2015/2016
E0,2016-04-23,Bournemouth,Chelsea,1.0,4.0,A,13.0,16.0,4.0,4.0,11.0,4.0,10.0,7.0,1.0,0.0,0.0,0.0,3.1,3.5,2.4,3.09,3.6,2.39,3.1,3.61,2.5,2.99,3.43,2.35,47.0,2015/2016
E0,2016-04-23,Liverpool,Newcastle,2.0,2.0,D,13.0,6.0,4.0,3.0,8.0,17.0,5.0,4.0,1.0,1.0,0.0,0.0,1.57,4.5,6.0,1.57,4.58,6.05,1.62,4.6,6.5,1.55,4.27,5.8,47.0,2015/2016
E0,2016-04-23,Manchester City,Stoke,4.0,0.0,H,11.0,14.0,6.0,2.0,8.0,8.0,9.0,4.0,0.0,0.0,0.0,0.0,1.3,6.0,11.0,1.31,5.91,11.67,1.33,6.0,11.67,1.3,5.5,10.42,46.0,2015/2016
E0,2016-04-24,Leicester,Swansea,4.0,0.0,H,18.0,9.0,9.0,1.0,15.0,10.0,4.0,6.0,1.0,2.0,0.0,0.0,1.75,3.7,5.5,1.74,3.79,5.54,1.8,3.8,5.75,1.73,3.6,5.17,46.0,2015/2016
E0,2016-04-24,Sunderland,Arsenal,0.0,0.0,D,12.0,20.0,3.0,7.0,10.0,8.0,7.0,7.0,2.0,4.0,0.0,0.0,4.5,4.0,1.8,4.89,4.02,1.76,5.0,4.02,1.81,4.64,3.8,1.76,46.0,2015/2016
E0,2016-04-25,Tottenham,West Brom,1.0,1.0,D,19.0,16.0,2.0,3.0,8.0,13.0,9.0,7.0,0.0,1.0,0.0,0.0,1.22,7.0,15.0,1.24,6.82,15.4,1.25,7.0,17.0,1.22,6.19,14.03,45.0,2015/2016
E0,2016-04-30,Arsenal,Norwich,1.0,0.0,H,14.0,12.0,3.0,3.0,8.0,7.0,7.0,3.0,1.0,0.0,0.0,0.0,1.29,6.5,11.0,1.27,6.28,13.26,1.29,6.55,13.26,1.26,5.99,11.81,45.0,2015/2016
E0,2016-04-30,Everton,Bournemouth,2.0,1.0,H,12.0,16.0,5.0,2.0,4.0,8.0,3.0,5.0,1.0,0.0,0.0,0.0,2.0,3.8,3.8,2.0,3.8,3.89,2.05,3.81,4.0,1.98,3.67,3.69,46.0,2015/2016
E0,2016-04-30,Newcastle,Crystal Palace,1.0,0.0,H,10.0,9.0,4.0,3.0,11.0,12.0,4.0,8.0,2.0,0.0,0.0,0.0,2.0,3.6,4.0,2.03,3.54,4.08,2.05,3.61,4.2,1.99,3.47,3.87,46.0,2015/2016
E0,2016-04-30,Stoke,Sunderland,1.0,1.0,D,11.0,14.0,3.0,5.0,13.0,13.0,2.0,8.0,2.0,2.0,0.0,0.0,2.75,3.3,2.8,2.75,3.3,2.83,2.75,3.35,2.83,2.68,3.2,2.74,46.0,2015/2016
E0,2016-04-30,Watford,Aston Villa,3.0,2.0,H,18.0,7.0,6.0,2.0,14.0,10.0,8.0,4.0,2.0,3.0,0.0,1.0,1.7,3.8,5.75,1.74,3.95,5.23,1.75,3.95,5.75,1.7,3.74,5.16,46.0,2015/2016
E0,2016-04-30,West Brom,West Ham,0.0,3.0,A,15.0,8.0,5.0,4.0,14.0,7.0,8.0,6.0,0.0,0.0,0.0,0.0,4.0,3.4,2.1,4.06,3.49,2.05,4.1,3.56,2.2,3.82,3.38,2.04,46.0,2015/2016
E0,2016-05-01,Manchester United,Leicester,1.0,1.0,D,21.0,14.0,6.0,3.0,16.0,10.0,6.0,5.0,3.0,0.0,0.0,1.0,2.1,3.4,3.9,2.07,3.45,4.04,2.15,3.46,4.1,2.05,3.34,3.8,46.0,2015/2016
E0,2016-05-01,Southampton,Manchester City,4.0,2.0,H,14.0,6.0,7.0,5.0,12.0,9.0,8.0,2.0,2.0,1.0,0.0,0.0,2.8,3.4,2.7,2.73,3.44,2.75,2.8,3.5,2.75,2.68,3.34,2.65,46.0,2015/2016
E0,2016-05-01,Swansea,Liverpool,3.0,1.0,H,18.0,11.0,9.0,3.0,12.0,13.0,4.0,7.0,2.0,2.0,0.0,1.0,3.1,3.5,2.4,3.15,3.56,2.37,3.15,3.56,2.5,3.05,3.39,2.34,46.0,2015/2016
E0,2016-05-02,Chelsea,Tottenham,2.0,2.0,D,13.0,16.0,5.0,5.0,9.0,20.0,7.0,8.0,3.0,9.0,0.0,0.0,2.75,3.6,2.63,2.72,3.56,2.69,2.75,3.6,2.7,2.68,3.43,2.59,45.0,2015/2016
E0,2016-05-07,Sunderland,Chelsea,3.0,2.0,H,15.0,9.0,4.0,8.0,11.0,9.0,3.0,3.0,4.0,1.0,0.0,1.0,3.0,3.5,2.45,3.02,3.55,2.45,3.02,3.6,2.6,2.89,3.44,2.43,47.0,2015/2016
E0,2016-05-07,West Ham,Swansea,1.0,4.0,A,25.0,13.0,7.0,6.0,11.0,8.0,13.0,3.0,3.0,0.0,0.0,0.0,1.44,4.75,8.0,1.43,4.96,8.34,1.47,4.96,8.34,1.43,4.62,7.48,48.0,2015/2016
E0,2016-05-07,Aston Villa,Newcastle,0.0,0.0,D,2.0,9.0,0.0,3.0,8.0,13.0,0.0,5.0,1.0,1.0,0.0,0.0,5.75,4.2,1.65,5.39,4.17,1.68,6.0,4.33,1.73,5.45,3.98,1.63,48.0,2015/2016
E0,2016-05-07,Bournemouth,West Brom,1.0,1.0,D,12.0,12.0,4.0,4.0,5.0,8.0,5.0,3.0,2.0,1.0,0.0,0.0,1.95,3.6,4.2,1.96,3.54,4.38,1.96,3.61,4.45,1.92,3.47,4.19,48.0,2015/2016
E0,2016-05-07,Crystal Palace,Stoke,2.0,1.0,H,17.0,12.0,4.0,3.0,8.0,18.0,4.0,3.0,2.0,3.0,0.0,0.0,2.05,3.5,3.9,2.07,3.53,3.93,2.11,3.6,4.0,2.03,3.42,3.78,48.0,2015/2016
E0,2016-05-07,Leicester,Everton,3.0,1.0,H,32.0,9.0,8.0,5.0,4.0,12.0,12.0,4.0,0.0,3.0,0.0,0.0,1.91,4.0,4.0,1.91,3.98,4.07,1.93,4.0,4.33,1.87,3.74,4.06,48.0,2015/2016
E0,2016-05-07,Norwich,Manchester United,0.0,1.0,A,8.0,15.0,2.0,2.0,11.0,10.0,1.0,6.0,1.0,0.0,0.0,0.0,4.5,3.6,1.91,4.59,3.68,1.88,4.75,3.68,1.92,4.39,3.52,1.87,48.0,2015/2016
E0,2016-05-08,Liverpool,Watford,2.0,0.0,H,19.0,14.0,5.0,3.0,10.0,15.0,8.0,8.0,1.0,2.0,0.0,0.0,1.5,4.5,7.5,1.54,4.65,6.48,1.54,4.65,7.5,1.49,4.42,6.55,48.0,2015/2016
E0,2016-05-08,Manchester City,Arsenal,2.0,2.0,D,14.0,5.0,3.0,2.0,16.0,10.0,7.0,2.0,2.0,1.0,0.0,0.0,2.5,3.6,2.9,2.54,3.53,2.92,2.56,3.6,2.95,2.48,3.43,2.81,48.0,2015/2016
E0,2016-05-08,Tottenham,Southampton,1.0,2.0,A,20.0,10.0,6.0,2.0,8.0,16.0,10.0,2.0,0.0,3.0,0.0,0.0,2.05,3.6,3.9,2.03,3.71,3.88,2.05,3.75,4.0,1.98,3.58,3.78,48.0,2015/2016
E0,2016-05-10,West Ham,Manchester United,3.0,2.0,H,20.0,3.0,6.0,2.0,6.0,18.0,6.0,2.0,1.0,3.0,0.0,0.0,3.0,3.5,2.45,3.01,3.56,2.46,3.1,3.56,2.55,2.96,3.41,2.43,48.0,2015/2016
E0,2016-05-11,Liverpool,Chelsea,1.0,1.0,D,28.0,13.0,9.0,7.0,11.0,12.0,7.0,3.0,3.0,1.0,0.0,0.0,2.0,3.8,3.8,2.02,3.86,3.76,2.05,3.9,3.9,1.97,3.69,3.71,48.0,2015/2016
E0,2016-05-11,Norwich,Watford,4.0,2.0,H,18.0,12.0,6.0,7.0,8.0,12.0,5.0,1.0,2.0,3.0,0.0,0.0,1.83,3.75,4.75,1.85,3.82,4.6,1.87,3.81,5.0,1.82,3.66,4.43,47.0,2015/2016
E0,2016-05-11,Sunderland,Everton,3.0,0.0,H,14.0,17.0,8.0,6.0,15.0,7.0,5.0,5.0,1.0,0.0,0.0,0.0,1.75,4.0,5.0,1.75,4.0,5.05,1.8,4.01,5.4,1.73,3.83,4.82,48.0,2015/2016
E0,2016-05-15,Newcastle,Tottenham,5.0,1.0,H,19.0,17.0,10.0,5.0,7.0,6.0,3.0,8.0,1.0,2.0,1.0,0.0,4.5,4.0,1.8,4.54,4.16,1.79,4.6,4.16,1.85,4.38,3.84,1.78,50.0,2015/2016
E0,2016-05-15,Arsenal,Aston Villa,4.0,0.0,H,16.0,5.0,7.0,2.0,12.0,6.0,5.0,4.0,0.0,1.0,0.0,0.0,1.17,9.0,17.0,1.17,9.35,18.0,1.2,9.51,21.0,1.15,8.01,17.22,50.0,2015/2016
E0,2016-05-15,Chelsea,Leicester,1.0,1.0,D,17.0,18.0,4.0,5.0,4.0,12.0,7.0,6.0,0.0,0.0,0.0,0.0,2.3,3.75,3.1,2.33,3.76,3.07,2.35,3.8,3.3,2.28,3.58,3.02,50.0,2015/2016
E0,2016-05-15,Stoke,West Ham,2.0,1.0,H,7.0,20.0,4.0,7.0,8.0,12.0,4.0,10.0,3.0,1.0,0.0,0.0,3.5,3.6,2.15,3.48,3.82,2.12,3.5,3.83,2.3,3.37,3.59,2.1,50.0,2015/2016
E0,2016-05-15,Everton,Norwich,3.0,0.0,H,15.0,10.0,8.0,2.0,7.0,11.0,4.0,11.0,0.0,0.0,0.0,0.0,1.8,4.0,4.5,1.75,4.33,4.58,1.85,4.33,4.6,1.75,4.0,4.36,49.0,2015/2016
E0,2016-05-15,Swansea,Manchester City,1.0,1.0,D,4.0,18.0,1.0,5.0,4.0,19.0,4.0,4.0,1.0,3.0,0.0,0.0,6.0,4.75,1.53,6.46,4.79,1.52,7.0,4.8,1.59,6.04,4.5,1.51,50.0,2015/2016
E0,2016-05-15,Watford,Sunderland,2.0,2.0,D,21.0,6.0,6.0,4.0,11.0,10.0,7.0,4.0,1.0,0.0,0.0,0.0,2.05,3.75,3.7,2.03,3.8,3.78,2.2,3.8,3.78,2.02,3.62,3.58,50.0,2015/2016
E0,2016-05-15,West Brom,Liverpool,1.0,1.0,D,13.0,7.0,1.0,3.0,11.0,14.0,7.0,5.0,3.0,1.0,0.0,0.0,2.4,3.6,3.0,2.42,3.7,2.97,2.5,3.7,3.1,2.38,3.49,2.91,50.0,2015/2016
E0,2016-05-15,Southampton,Crystal Palace,4.0,1.0,H,18.0,16.0,5.0,4.0,7.0,14.0,2.0,5.0,1.0,2.0,0.0,0.0,1.36,5.5,9.0,1.34,5.69,9.9,1.4,5.69,10.0,1.33,5.29,9.03,50.0,2015/2016
E0,2016-05-17,Manchester United,Bournemouth,3.0,1.0,H,12.0,7.0,5.0,0.0,9.0,8.0,7.0,1.0,1.0,0.0,0.0,0.0,1.67,4.2,5.25,1.67,4.13,5.61,1.72,4.33,5.61,1.66,4.03,5.08,49.0,2015/2016
E0,2016-08-13,Manchester City,Sunderland,2.0,1.0,H,16.0,7.0,4.0,3.0,11.0,14.0,9.0,6.0,1.0,2.0,0.0,0.0,1.25,6.5,15.0,1.27,6.48,13.15,1.3,6.8,15.0,1.25,6.11,12.55,56.0,2016/2017
E0,2016-08-13,Middlesbrough,Stoke,1.0,1.0,D,12.0,12.0,2.0,1.0,18.0,14.0,9.0,6.0,3.0,5.0,0.0,0.0,2.38,3.2,3.4,2.33,3.24,3.53,2.4,3.3,3.65,2.31,3.16,3.38,56.0,2016/2017
E0,2016-08-13,Burnley,Swansea,0.0,1.0,A,10.0,17.0,3.0,9.0,10.0,14.0,7.0,4.0,3.0,2.0,0.0,0.0,2.4,3.3,3.25,2.47,3.32,3.19,2.55,3.35,3.3,2.43,3.21,3.1,55.0,2016/2017
E0,2016-08-13,Crystal Palace,West Brom,0.0,1.0,A,14.0,13.0,4.0,3.0,12.0,15.0,3.0,6.0,2.0,2.0,0.0,0.0,2.0,3.3,4.5,2.06,3.29,4.32,2.1,3.4,4.5,2.01,3.23,4.16,56.0,2016/2017
E0,2016-08-13,Everton,Tottenham,1.0,1.0,D,12.0,13.0,6.0,4.0,10.0,14.0,5.0,6.0,0.0,0.0,0.0,0.0,3.2,3.4,2.4,3.25,3.43,2.37,3.3,3.45,2.5,3.12,3.32,2.36,55.0,2016/2017
E0,2016-08-13,Hull,Leicester,2.0,1.0,H,14.0,18.0,5.0,5.0,8.0,17.0,5.0,3.0,2.0,2.0,0.0,0.0,4.5,3.6,1.91,4.43,3.55,1.95,4.5,3.6,2.33,4.17,3.43,1.95,55.0,2016/2017
E0,2016-08-13,Southampton,Watford,1.0,1.0,D,24.0,5.0,6.0,1.0,8.0,12.0,6.0,2.0,1.0,2.0,0.0,1.0,1.8,3.75,5.0,1.88,3.68,4.64,1.88,3.8,5.0,1.82,3.56,4.62,56.0,2016/2017
E0,2016-08-14,Arsenal,Liverpool,3.0,4.0,A,9.0,16.0,5.0,7.0,13.0,17.0,5.0,4.0,3.0,3.0,0.0,0.0,2.4,3.5,3.1,2.41,3.53,3.1,2.5,3.55,3.2,2.36,3.42,3.04,55.0,2016/2017
E0,2016-08-14,Bournemouth,Manchester United,1.0,3.0,A,9.0,11.0,3.0,7.0,7.0,10.0,4.0,2.0,0.0,1.0,0.0,0.0,4.75,3.6,1.85,4.7,3.62,1.88,5.0,3.75,1.95,4.5,3.51,1.86,55.0,2016/2017
E0,2016-08-15,Chelsea,West Ham,2.0,1.0,H,16.0,7.0,6.0,3.0,16.0,16.0,7.0,1.0,5.0,2.0,0.0,0.0,1.65,4.0,6.0,1.68,4.16,5.48,1.71,4.25,6.0,1.64,3.97,5.46,52.0,2016/2017
E0,2016-08-19,Manchester United,Southampton,2.0,0.0,H,12.0,13.0,5.0,1.0,11.0,8.0,4.0,0.0,0.0,0.0,0.0,0.0,1.53,4.2,7.5,1.54,4.33,7.19,1.62,4.45,8.0,1.52,4.17,7.06,56.0,2016/2017
E0,2016-08-20,Burnley,Liverpool,2.0,0.0,H,3.0,26.0,2.0,5.0,14.0,5.0,1.0,12.0,0.0,1.0,0.0,0.0,6.5,4.2,1.57,7.12,4.2,1.56,7.12,4.35,1.6,6.43,4.09,1.55,55.0,2016/2017
E0,2016-08-20,Leicester,Arsenal,0.0,0.0,D,8.0,13.0,1.0,4.0,11.0,7.0,2.0,7.0,1.0,2.0,0.0,0.0,2.88,3.6,2.5,2.92,3.6,2.5,3.0,3.63,2.55,2.87,3.48,2.45,56.0,2016/2017
E0,2016-08-20,Stoke,Manchester City,1.0,4.0,A,8.0,12.0,3.0,6.0,12.0,13.0,7.0,7.0,3.0,4.0,0.0,0.0,5.5,3.8,1.73,5.47,3.96,1.71,5.63,4.0,1.76,5.11,3.81,1.7,57.0,2016/2017
E0,2016-08-20,Swansea,Hull,0.0,2.0,A,13.0,12.0,3.0,4.0,7.0,10.0,8.0,3.0,0.0,0.0,0.0,0.0,1.8,3.6,5.25,1.78,3.61,5.5,1.86,3.7,5.5,1.79,3.54,4.95,56.0,2016/2017
E0,2016-08-20,Tottenham,Crystal Palace,1.0,0.0,H,20.0,10.0,5.0,2.0,19.0,9.0,10.0,4.0,3.0,3.0,0.0,0.0,1.45,4.75,8.0,1.47,4.78,7.82,1.51,4.78,8.5,1.46,4.48,7.49,56.0,2016/2017
E0,2016-08-20,Watford,Chelsea,1.0,2.0,A,6.0,13.0,2.0,4.0,20.0,10.0,0.0,5.0,4.0,3.0,0.0,0.0,5.5,3.8,1.73,5.44,3.74,1.76,5.75,3.85,1.8,5.22,3.66,1.72,56.0,2016/2017
E0,2016-08-20,West Brom,Everton,1.0,2.0,A,11.0,13.0,4.0,7.0,16.0,10.0,7.0,4.0,3.0,1.0,0.0,0.0,3.0,3.25,2.6,3.11,3.19,2.6,3.13,3.3,2.7,2.97,3.15,2.56,56.0,2016/2017
E0,2016-08-21,Sunderland,Middlesbrough,1.0,2.0,A,18.0,8.0,5.0,3.0,11.0,14.0,8.0,1.0,1.0,1.0,0.0,0.0,2.55,3.2,3.1,2.61,3.22,3.06,2.64,3.25,3.25,2.52,3.16,3.02,56.0,2016/2017
E0,2016-08-21,West Ham,Bournemouth,1.0,0.0,H,15.0,8.0,2.0,5.0,15.0,15.0,1.0,6.0,3.0,1.0,0.0,1.0,1.95,3.75,4.0,1.98,3.75,4.02,2.03,3.85,4.33,1.94,3.62,3.96,55.0,2016/2017
E0,2016-08-27,Hull,Manchester United,0.0,1.0,A,8.0,29.0,2.0,9.0,9.0,6.0,1.0,6.0,2.0,3.0,0.0,0.0,8.0,4.1,1.44,8.35,4.6,1.46,8.5,4.6,1.52,7.8,4.28,1.46,55.0,2016/2017
E0,2016-08-27,Crystal Palace,Bournemouth,1.0,1.0,D,24.0,10.0,5.0,3.0,15.0,10.0,10.0,4.0,2.0,1.0,0.0,0.0,2.3,3.2,3.3,2.33,3.38,3.39,2.4,3.4,3.4,2.31,3.28,3.24,54.0,2016/2017
E0,2016-08-27,Everton,Stoke,1.0,0.0,H,21.0,8.0,9.0,1.0,14.0,11.0,9.0,2.0,2.0,1.0,0.0,0.0,1.73,3.6,5.25,1.74,3.79,5.55,1.77,3.8,5.7,1.72,3.66,5.17,54.0,2016/2017
E0,2016-08-27,Chelsea,Burnley,3.0,0.0,H,22.0,6.0,10.0,0.0,6.0,9.0,9.0,5.0,2.0,2.0,0.0,0.0,1.25,5.5,15.0,1.26,6.35,14.35,1.3,6.35,15.25,1.25,5.72,13.7,54.0,2016/2017
E0,2016-08-27,Watford,Arsenal,1.0,3.0,A,14.0,10.0,6.0,7.0,18.0,15.0,3.0,2.0,6.0,1.0,0.0,0.0,5.0,3.75,1.73,5.47,3.91,1.72,5.5,3.91,1.78,5.12,3.72,1.72,55.0,2016/2017
E0,2016-08-27,Southampton,Sunderland,1.0,1.0,D,16.0,5.0,7.0,2.0,15.0,8.0,5.0,5.0,2.0,2.0,0.0,0.0,1.57,3.6,6.5,1.61,4.03,6.63,1.65,4.15,6.65,1.6,3.88,6.16,54.0,2016/2017
E0,2016-08-27,Tottenham,Liverpool,1.0,1.0,D,11.0,13.0,4.0,3.0,11.0,17.0,5.0,5.0,3.0,5.0,0.0,0.0,2.38,3.4,3.0,2.36,3.56,3.17,2.5,3.57,3.17,2.37,3.43,3.01,55.0,2016/2017
E0,2016-08-27,Leicester,Swansea,2.0,1.0,H,13.0,9.0,6.0,3.0,14.0,10.0,4.0,6.0,2.0,2.0,0.0,0.0,1.73,3.6,5.25,1.71,3.88,5.57,1.78,3.88,5.57,1.72,3.69,5.11,54.0,2016/2017
E0,2016-08-28,Manchester City,West Ham,3.0,1.0,H,22.0,9.0,5.0,2.0,5.0,10.0,5.0,4.0,1.0,3.0,0.0,0.0,1.25,6.0,11.0,1.3,6.3,10.91,1.33,6.3,12.0,1.28,5.75,10.65,52.0,2016/2017
E0,2016-08-28,West Brom,Middlesbrough,0.0,0.0,D,13.0,7.0,2.0,2.0,12.0,11.0,5.0,4.0,1.0,3.0,0.0,0.0,2.6,3.1,2.9,2.6,3.09,3.2,2.63,3.2,3.25,2.56,3.06,3.04,54.0,2016/2017
E0,2016-09-10,Bournemouth,West Brom,1.0,0.0,H,12.0,12.0,5.0,2.0,9.0,11.0,10.0,5.0,1.0,3.0,0.0,0.0,2.05,3.25,4.33,2.05,3.31,4.33,2.1,3.4,4.55,2.02,3.25,4.15,56.0,2016/2017
E0,2016-09-10,Arsenal,Southampton,2.0,1.0,H,17.0,11.0,2.0,5.0,10.0,8.0,6.0,1.0,2.0,5.0,0.0,0.0,1.57,4.2,6.5,1.6,4.35,6.15,1.63,4.39,6.5,1.57,4.15,5.98,56.0,2016/2017
E0,2016-09-10,Burnley,Hull,1.0,1.0,D,13.0,11.0,2.0,3.0,13.0,3.0,5.0,9.0,2.0,0.0,0.0,0.0,2.45,3.1,3.4,2.44,3.21,3.36,2.5,3.21,3.44,2.41,3.14,3.22,56.0,2016/2017
E0,2016-09-10,Liverpool,Leicester,4.0,1.0,H,17.0,12.0,11.0,3.0,4.0,8.0,1.0,7.0,1.0,2.0,0.0,0.0,1.7,4.0,5.5,1.7,3.97,5.54,1.7,4.24,6.0,1.66,3.95,5.36,57.0,2016/2017
E0,2016-09-10,Manchester United,Manchester City,1.0,2.0,A,14.0,18.0,3.0,6.0,15.0,10.0,4.0,4.0,4.0,2.0,0.0,0.0,2.38,3.25,3.4,2.38,3.31,3.35,2.4,3.37,3.5,2.32,3.26,3.28,57.0,2016/2017
E0,2016-09-10,Stoke,Tottenham,0.0,4.0,A,15.0,20.0,2.0,8.0,13.0,18.0,10.0,8.0,3.0,2.0,0.0,0.0,4.6,3.75,1.85,4.34,3.82,1.89,4.8,3.9,1.9,4.38,3.66,1.84,57.0,2016/2017
E0,2016-09-10,Middlesbrough,Crystal Palace,1.0,2.0,A,12.0,12.0,4.0,4.0,5.0,9.0,6.0,6.0,1.0,2.0,0.0,0.0,2.3,3.2,3.6,2.31,3.2,3.65,2.38,3.25,3.75,2.27,3.15,3.5,56.0,2016/2017
E0,2016-09-10,West Ham,Watford,2.0,4.0,A,19.0,13.0,4.0,8.0,10.0,15.0,4.0,4.0,2.0,2.0,0.0,0.0,1.91,3.6,4.5,1.9,3.6,4.62,1.95,3.7,4.75,1.88,3.53,4.35,56.0,2016/2017
E0,2016-09-11,Swansea,Chelsea,2.0,2.0,D,6.0,28.0,2.0,7.0,17.0,8.0,1.0,11.0,3.0,4.0,0.0,0.0,5.75,4.0,1.67,5.77,4.17,1.65,6.0,4.2,1.69,5.45,3.97,1.65,57.0,2016/2017
E0,2016-09-12,Sunderland,Everton,0.0,3.0,A,11.0,20.0,2.0,9.0,11.0,8.0,5.0,4.0,1.0,1.0,0.0,0.0,3.8,3.5,2.1,3.75,3.6,2.1,3.8,3.6,2.19,3.59,3.45,2.1,55.0,2016/2017
E0,2016-09-16,Chelsea,Liverpool,1.0,2.0,A,12.0,13.0,4.0,5.0,6.0,13.0,6.0,4.0,1.0,1.0,0.0,0.0,2.25,3.5,3.4,2.28,3.49,3.4,2.33,3.65,3.5,2.25,3.46,3.29,57.0,2016/2017
E0,2016-09-17,Everton,Middlesbrough,3.0,1.0,H,11.0,7.0,6.0,0.0,5.0,15.0,6.0,3.0,2.0,1.0,0.0,0.0,1.67,3.8,6.0,1.65,3.99,6.19,1.7,4.05,6.19,1.65,3.83,5.7,57.0,2016/2017
E0,2016-09-17,Hull,Arsenal,1.0,4.0,A,6.0,24.0,2.0,9.0,9.0,12.0,2.0,4.0,0.0,2.0,1.0,0.0,6.0,4.2,1.6,6.03,4.2,1.6,6.5,4.27,1.64,5.94,4.05,1.59,57.0,2016/2017
E0,2016-09-17,Leicester,Burnley,3.0,0.0,H,14.0,7.0,6.0,2.0,10.0,9.0,7.0,1.0,0.0,1.0,0.0,0.0,1.5,4.33,8.0,1.46,4.49,8.87,1.6,4.64,9.0,1.48,4.29,7.5,56.0,2016/2017
E0,2016-09-17,Manchester City,Bournemouth,4.0,0.0,H,20.0,6.0,12.0,2.0,8.0,11.0,5.0,5.0,1.0,1.0,1.0,0.0,1.29,6.0,12.0,1.28,6.24,12.78,1.35,6.39,13.0,1.28,5.82,11.3,56.0,2016/2017
E0,2016-09-17,West Brom,West Ham,4.0,2.0,H,8.0,23.0,6.0,5.0,14.0,6.0,2.0,6.0,2.0,1.0,0.0,0.0,2.8,3.2,2.8,2.9,3.19,2.76,2.9,3.3,2.9,2.73,3.17,2.76,55.0,2016/2017
E0,2016-09-18,Southampton,Swansea,1.0,0.0,H,19.0,9.0,6.0,3.0,14.0,9.0,7.0,1.0,1.0,1.0,0.0,0.0,1.7,3.8,5.75,1.68,3.84,6.17,1.73,3.97,6.17,1.68,3.72,5.62,56.0,2016/2017
E0,2016-09-18,Crystal Palace,Stoke,4.0,1.0,H,14.0,11.0,8.0,4.0,15.0,9.0,10.0,5.0,2.0,1.0,0.0,0.0,2.0,3.5,4.2,2.09,3.37,4.08,2.1,3.51,4.25,2.03,3.35,3.96,57.0,2016/2017
E0,2016-09-18,Watford,Manchester United,3.0,1.0,H,10.0,15.0,5.0,2.0,14.0,19.0,5.0,7.0,3.0,4.0,0.0,0.0,6.0,4.2,1.62,5.8,4.12,1.65,6.4,4.2,1.69,5.67,3.95,1.63,57.0,2016/2017
E0,2016-09-18,Tottenham,Sunderland,1.0,0.0,H,31.0,6.0,9.0,2.0,7.0,16.0,14.0,1.0,1.0,5.0,0.0,1.0,1.33,5.5,11.0,1.35,5.52,10.26,1.39,5.8,12.0,1.33,5.27,10.01,57.0,2016/2017
E0,2016-09-24,Arsenal,Chelsea,3.0,0.0,H,14.0,9.0,5.0,2.0,9.0,11.0,9.0,1.0,0.0,2.0,0.0,0.0,2.4,3.5,3.1,2.35,3.53,3.21,2.46,3.6,3.21,2.35,3.43,3.08,55.0,2016/2017
E0,2016-09-24,Bournemouth,Everton,1.0,0.0,H,12.0,13.0,1.0,2.0,10.0,14.0,5.0,3.0,2.0,2.0,0.0,0.0,3.6,3.5,2.15,3.79,3.57,2.1,3.79,3.58,2.2,3.55,3.46,2.12,55.0,2016/2017
E0,2016-09-24,Liverpool,Hull,5.0,1.0,H,32.0,2.0,12.0,1.0,8.0,8.0,13.0,2.0,1.0,2.0,0.0,1.0,1.22,7.0,15.0,1.23,7.0,15.54,1.27,7.27,17.0,1.22,6.62,13.93,56.0,2016/2017
E0,2016-09-24,Manchester United,Leicester,4.0,1.0,H,16.0,10.0,7.0,3.0,9.0,12.0,8.0,6.0,0.0,2.0,0.0,0.0,1.73,3.9,5.25,1.74,3.86,5.39,1.76,4.05,5.5,1.71,3.84,5.14,57.0,2016/2017
E0,2016-09-24,Middlesbrough,Tottenham,1.0,2.0,A,6.0,19.0,2.0,5.0,14.0,9.0,2.0,10.0,2.0,1.0,0.0,0.0,3.75,3.5,2.1,3.73,3.48,2.15,4.1,3.5,2.17,3.7,3.39,2.1,55.0,2016/2017
E0,2016-09-24,Stoke,West Brom,1.0,1.0,D,12.0,9.0,2.0,3.0,9.0,13.0,6.0,6.0,3.0,4.0,0.0,0.0,2.38,3.3,3.3,2.34,3.35,3.4,2.4,3.4,3.4,2.33,3.26,3.25,55.0,2016/2017
E0,2016-09-24,Sunderland,Crystal Palace,2.0,3.0,A,11.0,20.0,4.0,4.0,15.0,12.0,3.0,5.0,0.0,2.0,0.0,0.0,2.88,3.25,2.7,2.88,3.3,2.7,2.95,3.35,2.73,2.81,3.25,2.64,56.0,2016/2017
E0,2016-09-24,Swansea,Manchester City,1.0,3.0,A,13.0,18.0,5.0,4.0,15.0,9.0,2.0,7.0,2.0,4.0,0.0,0.0,9.0,5.5,1.36,9.45,5.31,1.38,9.5,5.5,1.45,8.38,5.08,1.38,55.0,2016/2017
E0,2016-09-25,West Ham,Southampton,0.0,3.0,A,13.0,18.0,1.0,9.0,9.0,14.0,6.0,2.0,5.0,2.0,0.0,0.0,2.8,3.3,2.75,2.83,3.35,2.72,2.9,3.44,2.78,2.78,3.29,2.64,56.0,2016/2017
E0,2016-09-26,Burnley,Watford,2.0,0.0,H,13.0,12.0,4.0,3.0,11.0,15.0,7.0,6.0,1.0,3.0,0.0,0.0,2.9,3.2,2.7,3.09,3.21,2.59,3.09,3.34,2.75,2.9,3.17,2.59,53.0,2016/2017
E0,2016-09-30,Everton,Crystal Palace,1.0,1.0,D,13.0,10.0,3.0,2.0,16.0,11.0,10.0,9.0,5.0,4.0,0.0,0.0,1.73,4.0,5.0,1.74,3.95,5.25,1.77,4.02,5.45,1.73,3.85,4.98,54.0,2016/2017
E0,2016-10-01,Swansea,Liverpool,1.0,2.0,A,8.0,18.0,3.0,6.0,11.0,9.0,3.0,10.0,2.0,2.0,0.0,0.0,8.0,4.75,1.45,8.44,4.92,1.43,8.44,5.14,1.49,7.38,4.72,1.44,56.0,2016/2017
E0,2016-10-01,Sunderland,West Brom,1.0,1.0,D,7.0,17.0,2.0,7.0,7.0,13.0,6.0,5.0,1.0,3.0,0.0,0.0,2.5,3.25,3.2,2.47,3.24,3.26,2.55,3.3,3.3,2.44,3.17,3.16,55.0,2016/2017
E0,2016-10-01,West Ham,Middlesbrough,1.0,1.0,D,19.0,9.0,2.0,3.0,13.0,12.0,4.0,5.0,2.0,3.0,0.0,0.0,2.25,3.4,3.5,2.23,3.35,3.66,2.3,3.5,3.66,2.21,3.31,3.5,55.0,2016/2017
E0,2016-10-01,Watford,Bournemouth,2.0,2.0,D,17.0,11.0,7.0,2.0,17.0,12.0,4.0,5.0,3.0,4.0,0.0,0.0,2.38,3.3,3.3,2.42,3.32,3.27,2.42,3.45,3.5,2.35,3.28,3.21,55.0,2016/2017
E0,2016-10-01,Hull,Chelsea,0.0,2.0,A,8.0,22.0,3.0,9.0,13.0,15.0,5.0,7.0,2.0,2.0,0.0,0.0,7.5,4.5,1.5,7.68,4.63,1.48,7.68,4.75,1.54,6.93,4.45,1.49,56.0,2016/2017
E0,2016-10-02,Burnley,Arsenal,0.0,1.0,A,10.0,18.0,1.0,3.0,2.0,3.0,2.0,6.0,0.0,0.0,0.0,0.0,9.0,5.0,1.4,10.17,5.13,1.38,10.17,5.28,1.43,8.94,4.91,1.38,56.0,2016/2017
E0,2016-10-02,Leicester,Southampton,0.0,0.0,D,9.0,11.0,1.0,5.0,9.0,9.0,3.0,6.0,1.0,0.0,0.0,0.0,2.25,3.4,3.5,2.24,3.35,3.63,2.3,3.45,3.65,2.21,3.31,3.49,55.0,2016/2017
E0,2016-10-02,Manchester United,Stoke,1.0,1.0,D,24.0,7.0,9.0,6.0,14.0,9.0,13.0,2.0,3.0,0.0,0.0,0.0,1.33,5.75,10.0,1.35,5.46,10.61,1.41,5.75,11.0,1.34,5.25,9.59,56.0,2016/2017
E0,2016-10-02,Tottenham,Manchester City,2.0,0.0,H,13.0,12.0,7.0,6.0,20.0,10.0,4.0,3.0,2.0,2.0,0.0,0.0,3.0,3.5,2.5,2.99,3.54,2.48,3.35,3.6,2.5,2.96,3.43,2.42,56.0,2016/2017
E0,2016-10-15,Arsenal,Swansea,3.0,2.0,H,16.0,13.0,6.0,6.0,7.0,10.0,5.0,6.0,0.0,1.0,1.0,0.0,1.29,6.5,11.0,1.28,6.15,12.8,1.32,6.5,13.0,1.28,5.91,11.22,49.0,2016/2017
E0,2016-10-15,Bournemouth,Hull,6.0,1.0,H,22.0,11.0,10.0,4.0,8.0,14.0,5.0,4.0,0.0,3.0,0.0,0.0,1.85,3.5,5.0,1.83,3.61,5.05,1.9,3.71,5.05,1.83,3.51,4.74,49.0,2016/2017
E0,2016-10-15,West Brom,Tottenham,1.0,1.0,D,8.0,20.0,4.0,8.0,14.0,10.0,5.0,8.0,2.0,2.0,0.0,0.0,5.5,3.8,1.73,5.45,3.91,1.72,5.65,3.95,1.77,5.27,3.71,1.72,49.0,2016/2017
E0,2016-10-15,Chelsea,Leicester,3.0,0.0,H,16.0,5.0,6.0,0.0,6.0,12.0,8.0,5.0,1.0,1.0,0.0,0.0,1.57,4.5,6.0,1.58,4.33,6.3,1.63,4.5,6.5,1.58,4.19,5.88,50.0,2016/2017
E0,2016-10-15,Manchester City,Everton,1.0,1.0,D,19.0,3.0,8.0,2.0,7.0,9.0,13.0,1.0,0.0,2.0,0.0,0.0,1.5,4.75,7.0,1.52,4.68,6.82,1.56,4.85,8.0,1.5,4.52,6.46,49.0,2016/2017
E0,2016-10-15,Stoke,Sunderland,2.0,0.0,H,18.0,11.0,6.0,1.0,10.0,13.0,6.0,4.0,1.0,1.0,0.0,0.0,2.0,3.6,4.0,1.98,3.51,4.34,2.1,3.6,4.34,1.99,3.44,3.99,49.0,2016/2017
E0,2016-10-15,Crystal Palace,West Ham,0.0,1.0,A,12.0,12.0,3.0,4.0,12.0,13.0,7.0,6.0,1.0,3.0,0.0,1.0,2.15,3.5,3.6,2.14,3.52,3.71,2.2,3.62,3.9,2.1,3.45,3.61,49.0,2016/2017
E0,2016-10-16,Middlesbrough,Watford,0.0,1.0,A,10.0,4.0,3.0,2.0,15.0,10.0,4.0,6.0,4.0,1.0,0.0,0.0,2.25,3.3,3.6,2.33,3.27,3.51,2.33,3.4,3.65,2.25,3.21,3.5,49.0,2016/2017
E0,2016-10-16,Southampton,Burnley,3.0,1.0,H,34.0,6.0,14.0,1.0,11.0,10.0,8.0,4.0,1.0,2.0,0.0,0.0,1.4,4.8,9.5,1.39,4.89,10.41,1.44,5.06,10.5,1.39,4.63,9.33,49.0,2016/2017
E0,2016-10-17,Liverpool,Manchester United,0.0,0.0,D,9.0,7.0,3.0,1.0,14.0,20.0,3.0,1.0,0.0,4.0,0.0,0.0,2.2,3.5,3.5,2.19,3.51,3.58,2.27,3.59,3.65,2.16,3.42,3.45,48.0,2016/2017
E0,2016-10-22,Arsenal,Middlesbrough,0.0,0.0,D,9.0,11.0,5.0,4.0,6.0,13.0,8.0,3.0,1.0,0.0,0.0,0.0,1.25,6.5,15.0,1.27,6.28,13.55,1.31,6.5,15.0,1.26,5.99,12.63,54.0,2016/2017
E0,2016-10-22,Bournemouth,Tottenham,0.0,0.0,D,8.0,16.0,1.0,4.0,10.0,15.0,7.0,4.0,2.0,4.0,0.0,0.0,4.2,3.6,1.95,4.12,3.7,1.97,4.2,3.75,2.02,3.94,3.58,1.97,55.0,2016/2017
E0,2016-10-22,Burnley,Everton,2.0,1.0,H,9.0,20.0,3.0,8.0,16.0,15.0,2.0,8.0,2.0,3.0,0.0,0.0,6.0,3.8,1.67,6.05,3.87,1.68,6.5,3.99,1.75,5.84,3.74,1.66,54.0,2016/2017
E0,2016-10-22,Hull,Stoke,0.0,2.0,A,9.0,12.0,2.0,6.0,16.0,8.0,5.0,7.0,2.0,3.0,0.0,0.0,3.1,3.3,2.5,3.16,3.35,2.46,3.16,3.4,2.7,3.01,3.27,2.48,54.0,2016/2017
E0,2016-10-22,Leicester,Crystal Palace,3.0,1.0,H,17.0,23.0,4.0,7.0,10.0,8.0,8.0,8.0,0.0,0.0,0.0,0.0,2.05,3.5,3.9,2.06,3.44,4.1,2.1,3.5,4.1,2.04,3.38,3.89,54.0,2016/2017
E0,2016-10-22,Liverpool,West Brom,2.0,1.0,H,21.0,6.0,7.0,1.0,9.0,13.0,3.0,2.0,1.0,3.0,0.0,0.0,1.29,6.0,13.0,1.28,6.26,12.86,1.33,6.33,13.25,1.28,5.84,11.53,54.0,2016/2017
E0,2016-10-22,Swansea,Watford,0.0,0.0,D,11.0,10.0,5.0,2.0,15.0,16.0,7.0,2.0,2.0,1.0,0.0,0.0,2.38,3.3,3.3,2.33,3.35,3.42,2.4,3.47,3.5,2.31,3.3,3.27,54.0,2016/2017
E0,2016-10-22,West Ham,Sunderland,1.0,0.0,H,20.0,10.0,3.0,2.0,10.0,13.0,6.0,2.0,2.0,5.0,0.0,0.0,1.67,4.0,5.75,1.68,4.07,5.52,1.75,4.15,5.75,1.68,3.94,5.24,54.0,2016/2017
E0,2016-10-23,Chelsea,Manchester United,4.0,0.0,H,14.0,16.0,6.0,5.0,7.0,17.0,5.0,7.0,3.0,2.0,0.0,0.0,2.15,3.4,3.8,2.24,3.31,3.68,2.27,3.4,3.8,2.21,3.24,3.57,54.0,2016/2017
E0,2016-10-23,Manchester City,Southampton,1.0,1.0,D,14.0,6.0,3.0,2.0,11.0,10.0,10.0,3.0,3.0,3.0,0.0,0.0,1.5,4.5,7.5,1.5,4.63,7.3,1.54,4.75,7.5,1.49,4.44,6.92,54.0,2016/2017
E0,2016-10-29,Manchester United,Burnley,0.0,0.0,D,37.0,7.0,11.0,1.0,12.0,9.0,19.0,1.0,1.0,3.0,1.0,0.0,1.2,7.0,19.0,1.22,6.9,18.5,1.25,7.05,20.25,1.21,6.49,16.6,55.0,2016/2017
E0,2016-10-29,Crystal Palace,Liverpool,2.0,4.0,A,7.0,17.0,6.0,10.0,15.0,5.0,3.0,3.0,1.0,2.0,0.0,0.0,5.25,4.0,1.7,4.9,3.92,1.78,5.5,4.2,1.82,4.82,3.9,1.73,56.0,2016/2017
E0,2016-10-29,Tottenham,Leicester,1.0,1.0,D,22.0,6.0,5.0,1.0,11.0,20.0,8.0,1.0,3.0,4.0,0.0,0.0,1.62,4.2,6.0,1.64,4.1,6.03,1.68,4.24,6.03,1.63,3.99,5.63,56.0,2016/2017
E0,2016-10-29,Middlesbrough,Bournemouth,2.0,0.0,H,10.0,15.0,3.0,3.0,3.0,5.0,4.0,7.0,1.0,1.0,0.0,0.0,2.5,3.2,3.2,2.57,3.15,3.19,2.6,3.24,3.3,2.49,3.13,3.1,56.0,2016/2017
E0,2016-10-29,Sunderland,Arsenal,1.0,4.0,A,3.0,21.0,1.0,7.0,9.0,13.0,0.0,8.0,4.0,3.0,0.0,0.0,9.0,5.0,1.4,8.25,5.1,1.42,9.0,5.25,1.46,7.88,4.94,1.4,57.0,2016/2017
E0,2016-10-29,West Brom,Manchester City,0.0,4.0,A,9.0,21.0,1.0,8.0,17.0,10.0,1.0,7.0,4.0,3.0,0.0,0.0,8.0,4.75,1.44,7.48,4.57,1.5,8.5,4.75,1.54,7.45,4.5,1.46,56.0,2016/2017
E0,2016-10-29,Watford,Hull,1.0,0.0,H,22.0,8.0,0.0,2.0,13.0,8.0,7.0,2.0,1.0,2.0,0.0,0.0,1.75,3.75,5.25,1.75,3.72,5.6,1.81,3.82,5.6,1.75,3.64,5.16,56.0,2016/2017
E0,2016-10-30,Everton,West Ham,2.0,0.0,H,17.0,13.0,6.0,3.0,15.0,12.0,8.0,8.0,2.0,3.0,0.0,0.0,1.8,3.8,4.75,1.81,3.84,4.8,1.86,4.01,4.8,1.79,3.81,4.52,56.0,2016/2017
E0,2016-10-30,Southampton,Chelsea,0.0,2.0,A,9.0,13.0,1.0,7.0,13.0,16.0,7.0,3.0,0.0,0.0,0.0,0.0,3.2,3.4,2.4,3.2,3.37,2.43,3.3,3.45,2.48,3.1,3.33,2.39,56.0,2016/2017
E0,2016-10-31,Stoke,Swansea,3.0,1.0,H,17.0,14.0,4.0,6.0,7.0,14.0,6.0,4.0,2.0,0.0,0.0,0.0,2.05,3.6,3.8,2.1,3.52,3.85,2.16,3.65,4.1,2.04,3.5,3.72,53.0,2016/2017
E0,2016-11-05,Bournemouth,Sunderland,1.0,2.0,A,22.0,9.0,7.0,4.0,14.0,17.0,12.0,2.0,3.0,2.0,0.0,1.0,1.65,4.2,5.5,1.63,4.27,5.78,1.7,4.33,5.9,1.62,4.05,5.59,51.0,2016/2017
E0,2016-11-05,Burnley,Crystal Palace,3.0,2.0,H,14.0,16.0,7.0,5.0,11.0,12.0,4.0,7.0,1.0,2.0,0.0,0.0,3.3,3.3,2.38,3.42,3.37,2.32,3.5,3.37,2.4,3.32,3.25,2.31,51.0,2016/2017
E0,2016-11-05,Chelsea,Everton,5.0,0.0,H,21.0,1.0,9.0,0.0,5.0,16.0,4.0,2.0,0.0,3.0,0.0,0.0,1.53,4.33,7.0,1.57,4.37,6.47,1.64,4.5,7.0,1.56,4.22,6.23,50.0,2016/2017
E0,2016-11-05,Manchester City,Middlesbrough,1.0,1.0,D,25.0,5.0,7.0,3.0,7.0,15.0,8.0,2.0,1.0,3.0,0.0,0.0,1.22,7.0,15.0,1.23,7.16,14.22,1.27,7.35,17.0,1.22,6.6,14.35,51.0,2016/2017
E0,2016-11-05,West Ham,Stoke,1.0,1.0,D,9.0,12.0,2.0,4.0,11.0,10.0,6.0,4.0,4.0,1.0,0.0,0.0,2.0,3.6,4.0,2.0,3.59,4.13,2.05,3.68,4.2,2.0,3.52,3.87,51.0,2016/2017
E0,2016-11-06,Hull,Southampton,2.0,1.0,H,6.0,19.0,2.0,7.0,13.0,15.0,1.0,10.0,0.0,5.0,0.0,0.0,5.75,3.8,1.7,5.73,3.88,1.7,5.75,3.9,1.81,5.46,3.71,1.7,51.0,2016/2017
E0,2016-11-06,Liverpool,Watford,6.0,1.0,H,28.0,11.0,17.0,8.0,14.0,10.0,6.0,3.0,1.0,2.0,0.0,0.0,1.29,6.0,12.0,1.29,6.19,11.8,1.37,6.4,13.0,1.28,5.9,11.25,51.0,2016/2017
E0,2016-11-06,Arsenal,Tottenham,1.0,1.0,D,15.0,10.0,2.0,3.0,11.0,17.0,7.0,2.0,1.0,2.0,0.0,0.0,1.95,3.6,4.2,1.95,3.59,4.35,2.03,3.71,4.4,1.94,3.53,4.11,51.0,2016/2017
E0,2016-11-06,Swansea,Manchester United,1.0,3.0,A,6.0,9.0,1.0,3.0,9.0,16.0,2.0,0.0,0.0,2.0,0.0,0.0,5.0,4.0,1.73,4.94,4.01,1.76,5.3,4.2,1.81,4.82,3.87,1.74,51.0,2016/2017
E0,2016-11-06,Leicester,West Brom,1.0,2.0,A,5.0,11.0,2.0,5.0,8.0,8.0,5.0,6.0,0.0,2.0,0.0,0.0,1.8,3.6,5.25,1.78,3.63,5.49,1.85,3.75,5.49,1.78,3.55,5.11,51.0,2016/2017
E0,2016-11-19,Crystal Palace,Manchester City,1.0,2.0,A,9.0,10.0,2.0,4.0,12.0,15.0,2.0,7.0,1.0,2.0,0.0,0.0,6.5,4.5,1.53,6.28,4.57,1.56,6.6,4.62,1.6,6.09,4.38,1.54,52.0,2016/2017
E0,2016-11-19,Everton,Swansea,1.0,1.0,D,14.0,5.0,6.0,3.0,13.0,12.0,10.0,3.0,4.0,2.0,0.0,0.0,1.6,4.33,6.0,1.58,4.26,6.52,1.63,4.4,6.52,1.58,4.17,5.98,52.0,2016/2017
E0,2016-11-19,Manchester United,Arsenal,1.0,1.0,D,12.0,5.0,5.0,1.0,14.0,11.0,10.0,4.0,3.0,3.0,0.0,0.0,2.6,3.4,2.9,2.61,3.33,2.97,2.72,3.47,3.0,2.54,3.26,2.92,52.0,2016/2017
E0,2016-11-19,Southampton,Liverpool,0.0,0.0,D,3.0,15.0,0.0,2.0,8.0,11.0,1.0,8.0,1.0,1.0,0.0,0.0,3.4,3.6,2.2,3.32,3.56,2.28,3.8,3.67,2.35,3.33,3.46,2.21,52.0,2016/2017
E0,2016-11-19,Stoke,Bournemouth,0.0,1.0,A,14.0,9.0,6.0,2.0,17.0,10.0,3.0,4.0,3.0,2.0,0.0,0.0,2.3,3.4,3.4,2.26,3.43,3.49,2.33,3.65,3.5,2.25,3.38,3.34,52.0,2016/2017
E0,2016-11-19,Sunderland,Hull,3.0,0.0,H,11.0,17.0,4.0,7.0,9.0,8.0,2.0,8.0,1.0,0.0,1.0,0.0,2.15,3.4,3.8,2.11,3.35,4.03,2.2,3.49,4.03,2.11,3.29,3.79,51.0,2016/2017
E0,2016-11-19,Tottenham,West Ham,3.0,2.0,H,14.0,11.0,6.0,3.0,13.0,16.0,4.0,5.0,3.0,2.0,0.0,1.0,1.5,4.5,7.5,1.5,4.58,7.4,1.65,4.61,7.52,1.5,4.4,6.85,52.0,2016/2017
E0,2016-11-19,Watford,Leicester,2.0,1.0,H,10.0,10.0,3.0,2.0,12.0,18.0,4.0,6.0,2.0,3.0,0.0,0.0,2.8,3.3,2.75,2.91,3.3,2.68,2.91,3.46,2.85,2.8,3.24,2.67,52.0,2016/2017
E0,2016-11-20,Middlesbrough,Chelsea,0.0,1.0,A,12.0,13.0,1.0,3.0,13.0,10.0,2.0,3.0,2.0,3.0,0.0,0.0,7.0,4.0,1.57,6.83,4.28,1.56,7.05,4.31,1.61,6.43,4.11,1.56,51.0,2016/2017
E0,2016-11-21,West Brom,Burnley,4.0,0.0,H,16.0,5.0,6.0,2.0,12.0,12.0,4.0,3.0,0.0,0.0,0.0,0.0,1.95,3.4,4.5,1.92,3.39,4.93,2.04,3.5,4.93,1.92,3.33,4.46,51.0,2016/2017
E0,2016-11-26,Chelsea,Tottenham,2.0,1.0,H,9.0,12.0,5.0,6.0,13.0,16.0,3.0,8.0,2.0,1.0,0.0,0.0,1.75,3.8,5.25,1.78,3.81,5.09,1.8,4.01,5.25,1.76,3.76,4.85,47.0,2016/2017
E0,2016-11-26,Hull,West Brom,1.0,1.0,D,10.0,11.0,4.0,2.0,7.0,10.0,2.0,6.0,3.0,2.0,0.0,0.0,3.1,3.2,2.6,3.3,3.18,2.48,3.3,3.25,2.64,3.1,3.13,2.5,48.0,2016/2017
E0,2016-11-26,Burnley,Manchester City,1.0,2.0,A,10.0,21.0,5.0,5.0,5.0,15.0,5.0,8.0,2.0,3.0,0.0,0.0,9.0,6.0,1.33,10.05,6.03,1.32,10.5,6.17,1.36,9.52,5.83,1.31,48.0,2016/2017
E0,2016-11-26,Liverpool,Sunderland,2.0,0.0,H,27.0,6.0,7.0,1.0,5.0,9.0,9.0,4.0,1.0,3.0,0.0,0.0,1.17,8.5,19.0,1.19,8.68,16.06,1.21,9.0,19.0,1.17,7.85,16.08,48.0,2016/2017
E0,2016-11-26,Swansea,Crystal Palace,5.0,4.0,H,18.0,12.0,9.0,4.0,12.0,24.0,10.0,6.0,4.0,5.0,0.0,0.0,2.63,3.4,2.88,2.67,3.32,2.9,2.7,3.44,2.96,2.61,3.27,2.83,48.0,2016/2017
E0,2016-11-26,Leicester,Middlesbrough,2.0,2.0,D,11.0,6.0,3.0,2.0,15.0,12.0,2.0,3.0,4.0,4.0,0.0,0.0,1.91,3.6,4.5,1.87,3.65,4.72,1.94,3.65,4.8,1.88,3.52,4.45,48.0,2016/2017
E0,2016-11-27,Arsenal,Bournemouth,3.0,1.0,H,16.0,9.0,3.0,3.0,12.0,13.0,3.0,10.0,3.0,5.0,0.0,0.0,1.4,5.0,9.0,1.43,5.04,8.05,1.47,5.3,9.0,1.42,4.83,7.8,48.0,2016/2017
E0,2016-11-27,Manchester United,West Ham,1.0,1.0,D,17.0,6.0,8.0,2.0,16.0,16.0,8.0,4.0,3.0,1.0,0.0,0.0,1.45,4.75,8.0,1.5,4.62,7.46,1.52,4.9,8.0,1.48,4.48,7.07,49.0,2016/2017
E0,2016-11-27,Southampton,Everton,1.0,0.0,H,17.0,13.0,7.0,1.0,11.0,15.0,5.0,2.0,0.0,2.0,0.0,0.0,2.2,3.4,3.6,2.19,3.35,3.78,2.24,3.5,3.85,2.15,3.35,3.6,47.0,2016/2017
E0,2016-11-27,Watford,Stoke,0.0,1.0,A,11.0,14.0,2.0,1.0,24.0,14.0,3.0,3.0,3.0,0.0,1.0,0.0,2.4,3.3,3.3,2.39,3.32,3.32,2.45,3.4,3.32,2.38,3.26,3.16,48.0,2016/2017
E0,2016-12-03,Stoke,Burnley,2.0,0.0,H,10.0,14.0,4.0,4.0,7.0,13.0,4.0,9.0,3.0,2.0,0.0,0.0,1.62,4.0,6.5,1.64,4.1,6.03,1.7,4.12,6.5,1.62,3.92,5.92,45.0,2016/2017
E0,2016-12-03,Manchester City,Chelsea,1.0,3.0,A,14.0,10.0,5.0,4.0,14.0,9.0,9.0,2.0,2.0,3.0,2.0,0.0,2.15,3.6,3.6,2.14,3.59,3.64,2.2,3.65,3.8,2.12,3.49,3.51,45.0,2016/2017
E0,2016-12-03,West Brom,Watford,3.0,1.0,H,11.0,17.0,3.0,5.0,12.0,8.0,3.0,4.0,2.0,1.0,0.0,1.0,2.2,3.3,3.75,2.16,3.33,3.89,2.21,3.4,3.89,2.16,3.27,3.65,45.0,2016/2017
E0,2016-12-03,Crystal Palace,Southampton,3.0,0.0,H,9.0,17.0,4.0,3.0,11.0,13.0,4.0,9.0,3.0,1.0,0.0,0.0,3.5,3.3,2.3,3.58,3.39,2.24,3.58,3.41,2.4,3.38,3.3,2.25,45.0,2016/2017
E0,2016-12-03,Tottenham,Swansea,5.0,0.0,H,28.0,1.0,15.0,0.0,11.0,17.0,5.0,0.0,0.0,4.0,0.0,0.0,1.36,5.5,9.0,1.36,5.45,9.64,1.39,5.5,10.0,1.35,5.15,9.23,45.0,2016/2017
E0,2016-12-03,West Ham,Arsenal,1.0,5.0,A,10.0,19.0,3.0,10.0,10.0,11.0,3.0,2.0,3.0,3.0,0.0,0.0,4.75,4.2,1.75,5.08,4.1,1.72,5.1,4.2,1.77,4.79,3.93,1.73,45.0,2016/2017
E0,2016-12-03,Sunderland,Leicester,2.0,1.0,H,22.0,17.0,6.0,5.0,8.0,12.0,3.0,4.0,3.0,1.0,0.0,0.0,3.4,3.4,2.3,3.39,3.44,2.3,3.4,3.5,2.4,3.26,3.35,2.28,45.0,2016/2017
E0,2016-12-04,Bournemouth,Liverpool,4.0,3.0,H,12.0,10.0,8.0,3.0,9.0,17.0,4.0,9.0,2.0,2.0,0.0,0.0,5.0,4.0,1.75,4.63,4.01,1.8,5.0,4.2,1.8,4.59,3.89,1.76,45.0,2016/2017
E0,2016-12-04,Everton,Manchester United,1.0,1.0,D,13.0,10.0,6.0,2.0,13.0,11.0,6.0,3.0,2.0,3.0,0.0,0.0,3.6,3.5,2.15,3.65,3.5,2.17,3.8,3.5,2.2,3.59,3.4,2.13,45.0,2016/2017
E0,2016-12-05,Middlesbrough,Hull,1.0,0.0,H,16.0,6.0,4.0,2.0,6.0,11.0,13.0,7.0,1.0,1.0,0.0,0.0,1.83,3.5,5.25,1.8,3.57,5.4,1.85,3.6,5.7,1.79,3.47,5.09,44.0,2016/2017
E0,2016-12-10,Arsenal,Stoke,3.0,1.0,H,21.0,12.0,6.0,5.0,9.0,6.0,7.0,7.0,0.0,0.0,0.0,0.0,1.35,5.5,9.5,1.38,5.29,9.21,1.41,5.55,10.0,1.36,5.19,8.83,50.0,2016/2017
E0,2016-12-10,Burnley,Bournemouth,3.0,2.0,H,16.0,17.0,7.0,4.0,14.0,18.0,4.0,11.0,2.0,2.0,0.0,0.0,3.5,3.5,2.2,3.48,3.45,2.26,3.5,3.5,2.4,3.36,3.37,2.24,50.0,2016/2017
E0,2016-12-10,Hull,Crystal Palace,3.0,3.0,D,15.0,14.0,6.0,6.0,16.0,14.0,4.0,7.0,2.0,4.0,0.0,0.0,3.5,3.3,2.3,3.43,3.37,2.32,3.5,3.4,2.5,3.33,3.29,2.29,50.0,2016/2017
E0,2016-12-10,Leicester,Manchester City,4.0,2.0,H,10.0,19.0,6.0,4.0,10.0,7.0,3.0,11.0,2.0,1.0,0.0,0.0,5.25,4.0,1.7,5.28,4.1,1.7,5.28,4.25,1.76,4.99,3.95,1.7,50.0,2016/2017
E0,2016-12-10,Swansea,Sunderland,3.0,0.0,H,14.0,11.0,5.0,2.0,10.0,8.0,7.0,4.0,1.0,2.0,0.0,0.0,2.15,3.5,3.6,2.14,3.55,3.68,2.23,3.57,3.7,2.13,3.45,3.55,50.0,2016/2017
E0,2016-12-10,Watford,Everton,3.0,2.0,H,11.0,11.0,6.0,4.0,11.0,16.0,2.0,4.0,2.0,2.0,0.0,0.0,3.1,3.4,2.45,3.15,3.39,2.45,3.15,3.4,2.54,3.06,3.28,2.44,49.0,2016/2017
E0,2016-12-11,Liverpool,West Ham,2.0,2.0,D,18.0,7.0,3.0,3.0,7.0,8.0,11.0,4.0,2.0,0.0,0.0,0.0,1.3,6.0,11.0,1.29,6.29,11.73,1.35,6.4,12.0,1.29,5.9,10.37,49.0,2016/2017
E0,2016-12-11,Chelsea,West Brom,1.0,0.0,H,12.0,6.0,2.0,1.0,6.0,10.0,3.0,1.0,2.0,4.0,0.0,0.0,1.25,6.25,15.0,1.27,6.25,14.32,1.32,6.25,15.0,1.27,5.84,12.53,49.0,2016/2017
E0,2016-12-11,Southampton,Middlesbrough,1.0,0.0,H,14.0,6.0,3.0,2.0,14.0,12.0,4.0,2.0,4.0,3.0,0.0,0.0,1.7,3.7,6.0,1.68,3.68,6.42,1.76,3.8,6.42,1.69,3.61,5.83,48.0,2016/2017
E0,2016-12-11,Manchester United,Tottenham,1.0,0.0,H,15.0,12.0,5.0,4.0,19.0,17.0,3.0,8.0,3.0,3.0,0.0,0.0,2.2,3.4,3.6,2.22,3.37,3.64,2.25,3.42,3.65,2.2,3.32,3.49,48.0,2016/2017
E0,2016-12-13,Bournemouth,Leicester,1.0,0.0,H,9.0,12.0,3.0,4.0,5.0,15.0,4.0,11.0,0.0,3.0,0.0,0.0,2.4,3.4,3.2,2.43,3.47,3.13,2.55,3.55,3.2,2.41,3.4,3.04,48.0,2016/2017
E0,2016-12-13,Everton,Arsenal,2.0,1.0,H,14.0,9.0,4.0,3.0,10.0,10.0,8.0,3.0,1.0,1.0,1.0,0.0,4.2,3.75,1.91,4.28,3.77,1.92,4.36,3.85,1.98,4.11,3.7,1.91,48.0,2016/2017
E0,2016-12-14,Crystal Palace,Manchester United,1.0,2.0,A,6.0,16.0,3.0,6.0,16.0,10.0,1.0,8.0,2.0,2.0,0.0,0.0,5.25,4.0,1.7,5.56,4.08,1.68,5.56,4.2,1.75,5.19,3.94,1.68,47.0,2016/2017
E0,2016-12-14,Manchester City,Watford,2.0,0.0,H,13.0,5.0,7.0,2.0,16.0,20.0,5.0,2.0,1.0,2.0,0.0,0.0,1.29,6.5,11.0,1.28,6.4,12.25,1.3,6.65,13.37,1.26,6.26,11.65,48.0,2016/2017
E0,2016-12-14,Middlesbrough,Liverpool,0.0,3.0,A,8.0,15.0,3.0,4.0,11.0,14.0,5.0,2.0,1.0,0.0,0.0,0.0,6.0,4.33,1.6,6.48,4.28,1.58,6.48,4.33,1.64,5.99,4.13,1.58,48.0,2016/2017
E0,2016-12-14,Stoke,Southampton,0.0,0.0,D,5.0,15.0,3.0,4.0,9.0,10.0,3.0,11.0,1.0,2.0,1.0,0.0,3.1,3.3,2.5,3.29,3.25,2.45,3.3,3.3,2.6,3.15,3.2,2.43,48.0,2016/2017
E0,2016-12-14,Sunderland,Chelsea,0.0,1.0,A,8.0,19.0,3.0,6.0,15.0,10.0,5.0,5.0,3.0,2.0,0.0,0.0,10.0,5.75,1.33,10.45,5.72,1.33,10.5,5.8,1.37,9.49,5.43,1.33,47.0,2016/2017
E0,2016-12-14,Tottenham,Hull,3.0,0.0,H,27.0,10.0,9.0,5.0,6.0,14.0,5.0,5.0,0.0,2.0,0.0,0.0,1.22,7.0,15.0,1.25,6.6,14.0,1.27,7.0,15.85,1.23,6.33,13.83,48.0,2016/2017
E0,2016-12-14,West Brom,Swansea,3.0,1.0,H,13.0,8.0,4.0,4.0,8.0,8.0,0.0,11.0,0.0,0.0,0.0,0.0,2.05,3.5,4.0,2.06,3.5,4.04,2.1,3.55,4.04,2.04,3.42,3.87,48.0,2016/2017
E0,2016-12-14,West Ham,Burnley,1.0,0.0,H,20.0,8.0,7.0,2.0,12.0,15.0,6.0,1.0,0.0,2.0,0.0,0.0,1.67,4.0,5.75,1.65,4.13,5.82,1.71,4.16,5.85,1.64,3.97,5.52,47.0,2016/2017
E0,2016-12-17,Stoke,Leicester,2.0,2.0,D,16.0,14.0,7.0,8.0,9.0,12.0,9.0,9.0,2.0,6.0,0.0,1.0,2.6,3.4,2.9,2.59,3.35,2.98,2.67,3.5,2.98,2.55,3.3,2.89,52.0,2016/2017
E0,2016-12-17,Crystal Palace,Chelsea,0.0,1.0,A,6.0,13.0,2.0,6.0,12.0,15.0,5.0,3.0,2.0,3.0,0.0,0.0,6.5,4.2,1.57,5.85,4.3,1.62,6.5,4.3,1.71,5.82,4.09,1.6,50.0,2016/2017
E0,2016-12-17,Middlesbrough,Swansea,3.0,0.0,H,10.0,14.0,4.0,2.0,10.0,11.0,3.0,8.0,1.0,0.0,0.0,0.0,2.1,3.4,4.0,2.07,3.42,4.1,2.15,3.43,4.1,2.07,3.36,3.83,49.0,2016/2017
E0,2016-12-17,West Brom,Manchester United,0.0,2.0,A,10.0,10.0,1.0,5.0,9.0,13.0,2.0,3.0,3.0,3.0,0.0,0.0,5.75,3.8,1.7,5.53,3.77,1.74,5.75,4.0,1.76,5.38,3.68,1.72,52.0,2016/2017
E0,2016-12-17,West Ham,Hull,1.0,0.0,H,18.0,16.0,6.0,5.0,13.0,9.0,10.0,6.0,2.0,4.0,0.0,0.0,1.62,4.1,6.0,1.67,4.09,5.7,1.72,4.15,6.14,1.65,3.93,5.61,50.0,2016/2017
E0,2016-12-17,Sunderland,Watford,1.0,0.0,H,12.0,9.0,4.0,4.0,10.0,9.0,4.0,11.0,1.0,2.0,0.0,0.0,2.63,3.3,2.9,2.67,3.23,2.97,2.7,3.35,3.0,2.6,3.21,2.9,52.0,2016/2017
E0,2016-12-18,Bournemouth,Southampton,1.0,3.0,A,10.0,14.0,5.0,8.0,6.0,12.0,7.0,4.0,0.0,2.0,0.0,0.0,3.0,3.3,2.6,2.95,3.23,2.69,3.05,3.35,2.75,2.91,3.21,2.6,50.0,2016/2017
E0,2016-12-18,Manchester City,Arsenal,2.0,1.0,H,14.0,6.0,5.0,1.0,9.0,13.0,8.0,1.0,4.0,2.0,0.0,0.0,2.15,3.6,3.5,2.13,3.56,3.7,2.25,3.74,3.7,2.13,3.54,3.48,50.0,2016/2017
E0,2016-12-18,Tottenham,Burnley,2.0,1.0,H,30.0,5.0,9.0,2.0,10.0,11.0,11.0,2.0,1.0,2.0,0.0,0.0,1.22,7.0,15.0,1.22,7.35,15.0,1.25,7.5,17.33,1.21,6.73,14.84,51.0,2016/2017
E0,2016-12-19,Everton,Liverpool,0.0,1.0,A,6.0,11.0,1.0,4.0,13.0,9.0,1.0,6.0,3.0,1.0,0.0,0.0,4.2,3.6,1.95,4.27,3.85,1.9,4.3,3.85,2.0,4.12,3.61,1.91,47.0,2016/2017
E0,2016-12-26,Burnley,Middlesbrough,1.0,0.0,H,6.0,8.0,4.0,2.0,17.0,18.0,7.0,3.0,6.0,5.0,0.0,0.0,2.9,3.1,2.6,3.06,3.18,2.64,3.1,3.2,2.72,2.97,3.1,2.61,51.0,2016/2017
E0,2016-12-26,Leicester,Everton,0.0,2.0,A,7.0,8.0,2.0,3.0,14.0,7.0,3.0,4.0,3.0,0.0,0.0,0.0,2.5,3.3,2.9,2.57,3.33,3.03,2.64,3.5,3.15,2.5,3.32,2.93,52.0,2016/2017
E0,2016-12-26,Arsenal,West Brom,1.0,0.0,H,26.0,3.0,11.0,1.0,11.0,7.0,6.0,5.0,2.0,1.0,0.0,0.0,1.33,5.5,8.5,1.35,5.58,10.12,1.4,5.75,11.0,1.34,5.31,9.47,50.0,2016/2017
E0,2016-12-26,Hull,Manchester City,0.0,3.0,A,10.0,16.0,3.0,6.0,11.0,14.0,4.0,7.0,1.0,0.0,0.0,0.0,10.0,5.5,1.3,9.86,5.82,1.34,11.5,6.0,1.36,9.42,5.56,1.32,52.0,2016/2017
E0,2016-12-26,Swansea,West Ham,1.0,4.0,A,14.0,14.0,7.0,7.0,10.0,12.0,8.0,4.0,0.0,0.0,0.0,0.0,2.63,3.2,2.8,2.71,3.43,2.78,2.75,3.55,2.85,2.63,3.34,2.75,52.0,2016/2017
E0,2016-12-26,Watford,Crystal Palace,1.0,1.0,D,9.0,10.0,3.0,4.0,18.0,17.0,7.0,3.0,2.0,4.0,0.0,0.0,2.5,3.3,2.9,2.54,3.36,3.05,2.57,3.4,3.15,2.47,3.28,3.0,51.0,2016/2017
E0,2016-12-26,Manchester United,Sunderland,3.0,1.0,H,26.0,7.0,9.0,4.0,6.0,9.0,5.0,5.0,1.0,1.0,0.0,0.0,1.22,6.5,13.0,1.24,6.95,15.0,1.25,7.25,17.0,1.22,6.48,14.79,51.0,2016/2017
E0,2016-12-26,Chelsea,Bournemouth,3.0,0.0,H,14.0,7.0,4.0,3.0,13.0,14.0,5.0,5.0,1.0,1.0,0.0,0.0,1.36,5.0,8.5,1.42,4.78,9.52,1.42,5.5,9.91,1.38,4.85,8.69,51.0,2016/2017
E0,2016-12-27,Liverpool,Stoke,4.0,1.0,H,20.0,6.0,6.0,2.0,9.0,6.0,8.0,2.0,0.0,1.0,0.0,0.0,1.3,5.5,10.0,1.3,6.15,11.02,1.34,6.25,12.0,1.29,5.76,10.49,48.0,2016/2017
E0,2016-12-28,Southampton,Tottenham,1.0,4.0,A,9.0,17.0,2.0,5.0,7.0,16.0,2.0,10.0,1.0,4.0,1.0,0.0,2.8,3.25,2.6,3.01,3.3,2.6,3.01,3.4,2.68,2.89,3.24,2.57,46.0,2016/2017
E0,2016-12-30,Hull,Everton,2.0,2.0,D,13.0,20.0,4.0,7.0,10.0,13.0,5.0,5.0,2.0,2.0,0.0,0.0,4.33,3.5,1.95,4.28,3.43,2.02,4.36,3.5,2.04,4.2,3.4,1.98,51.0,2016/2017
E0,2016-12-31,Chelsea,Stoke,4.0,2.0,H,18.0,5.0,7.0,2.0,12.0,10.0,8.0,3.0,3.0,2.0,0.0,0.0,1.25,6.5,14.0,1.28,6.15,12.85,1.31,6.5,14.86,1.27,5.84,12.21,51.0,2016/2017
E0,2016-12-31,Liverpool,Manchester City,1.0,0.0,H,5.0,9.0,1.0,2.0,12.0,12.0,4.0,6.0,2.0,1.0,0.0,0.0,2.35,3.6,3.1,2.37,3.52,3.18,2.45,3.62,3.18,2.35,3.48,3.05,50.0,2016/2017
E0,2016-12-31,Burnley,Sunderland,4.0,1.0,H,16.0,11.0,6.0,3.0,10.0,8.0,6.0,2.0,1.0,1.0,0.0,0.0,2.4,3.25,3.3,2.38,3.26,3.41,2.45,3.4,3.41,2.38,3.24,3.24,50.0,2016/2017
E0,2016-12-31,Southampton,West Brom,1.0,2.0,A,10.0,7.0,1.0,3.0,13.0,17.0,8.0,3.0,1.0,3.0,1.0,0.0,1.75,3.7,5.5,1.78,3.59,5.55,1.81,3.7,5.6,1.76,3.52,5.31,50.0,2016/2017
E0,2016-12-31,Swansea,Bournemouth,0.0,3.0,A,14.0,11.0,5.0,6.0,14.0,9.0,4.0,3.0,2.0,0.0,0.0,0.0,2.9,3.4,2.6,2.83,3.49,2.63,2.95,3.5,2.65,2.82,3.39,2.56,50.0,2016/2017
E0,2016-12-31,Manchester United,Middlesbrough,2.0,1.0,H,32.0,9.0,12.0,2.0,9.0,14.0,12.0,2.0,1.0,1.0,0.0,0.0,1.25,6.0,16.0,1.25,6.2,16.45,1.29,6.5,17.5,1.25,5.85,14.97,50.0,2016/2017
E0,2016-12-31,Leicester,West Ham,1.0,0.0,H,12.0,25.0,4.0,5.0,11.0,8.0,7.0,7.0,5.0,3.0,0.0,0.0,2.1,3.6,3.7,2.1,3.56,3.8,2.14,3.65,3.9,2.07,3.53,3.66,49.0,2016/2017
E0,2017-01-01,Arsenal,Crystal Palace,2.0,0.0,H,22.0,7.0,7.0,4.0,9.0,7.0,8.0,4.0,1.0,1.0,0.0,0.0,1.29,5.5,9.5,1.34,5.6,10.4,1.36,5.75,10.5,1.33,5.45,9.57,50.0,2016/2017
E0,2017-01-01,Watford,Tottenham,1.0,4.0,A,6.0,19.0,2.0,6.0,11.0,6.0,0.0,3.0,3.0,0.0,0.0,0.0,5.5,3.75,1.62,5.71,3.94,1.69,6.0,4.0,1.73,5.49,3.8,1.67,50.0,2016/2017
E0,2017-01-02,Everton,Southampton,3.0,0.0,H,17.0,12.0,6.0,3.0,5.0,14.0,10.0,8.0,0.0,1.0,0.0,0.0,2.2,3.4,3.6,2.28,3.33,3.55,2.32,3.42,3.6,2.23,3.3,3.45,51.0,2016/2017
E0,2017-01-02,West Brom,Hull,3.0,1.0,H,8.0,17.0,5.0,6.0,5.0,4.0,7.0,9.0,0.0,0.0,0.0,0.0,1.75,3.7,5.5,1.76,3.72,5.48,1.8,3.8,5.65,1.75,3.57,5.25,50.0,2016/2017
E0,2017-01-02,Manchester City,Burnley,2.0,1.0,H,14.0,11.0,3.0,3.0,11.0,11.0,8.0,8.0,4.0,3.0,1.0,0.0,1.17,8.5,19.0,1.18,8.55,17.5,1.2,9.15,21.79,1.16,8.07,17.76,52.0,2016/2017
E0,2017-01-02,Sunderland,Liverpool,2.0,2.0,D,10.0,21.0,5.0,15.0,10.0,10.0,2.0,5.0,2.0,3.0,0.0,0.0,11.0,5.5,1.33,9.95,5.55,1.35,11.0,5.6,1.4,9.41,5.26,1.34,51.0,2016/2017
E0,2017-01-02,Middlesbrough,Leicester,0.0,0.0,D,9.0,10.0,1.0,4.0,10.0,9.0,2.0,2.0,3.0,0.0,0.0,0.0,2.75,3.2,2.88,2.8,3.16,2.88,2.85,3.2,2.95,2.73,3.1,2.85,51.0,2016/2017
E0,2017-01-02,West Ham,Manchester United,0.0,2.0,A,8.0,13.0,2.0,6.0,9.0,13.0,2.0,1.0,1.0,2.0,1.0,0.0,6.0,4.0,1.65,5.77,4.13,1.65,6.0,4.15,1.7,5.56,3.95,1.64,51.0,2016/2017
E0,2017-01-03,Bournemouth,Arsenal,3.0,3.0,D,12.0,14.0,6.0,4.0,10.0,12.0,4.0,7.0,3.0,3.0,1.0,0.0,4.33,3.4,1.85,4.52,3.87,1.85,5.0,3.9,1.87,4.44,3.72,1.82,50.0,2016/2017
E0,2017-01-03,Crystal Palace,Swansea,1.0,2.0,A,7.0,11.0,3.0,4.0,13.0,14.0,4.0,5.0,2.0,1.0,0.0,0.0,1.75,3.5,4.75,1.8,3.77,5.0,1.86,3.9,5.0,1.79,3.63,4.78,49.0,2016/2017
E0,2017-01-03,Stoke,Watford,2.0,0.0,H,17.0,9.0,5.0,2.0,10.0,15.0,7.0,6.0,1.0,2.0,0.0,0.0,1.8,3.5,4.5,1.89,3.58,4.7,2.0,3.7,4.8,1.88,3.51,4.37,52.0,2016/2017
E0,2017-01-04,Tottenham,Chelsea,2.0,0.0,H,9.0,11.0,2.0,2.0,9.0,8.0,1.0,6.0,3.0,2.0,0.0,0.0,2.63,3.25,2.63,2.77,3.35,2.77,3.15,3.45,2.77,2.78,3.28,2.64,47.0,2016/2017
E0,2017-01-14,Burnley,Southampton,1.0,0.0,H,9.0,20.0,3.0,5.0,14.0,14.0,2.0,7.0,1.0,2.0,0.0,0.0,3.6,3.4,2.2,3.75,3.35,2.2,3.75,3.4,2.31,3.56,3.29,2.2,49.0,2016/2017
E0,2017-01-14,Hull,Bournemouth,3.0,1.0,H,14.0,8.0,3.0,6.0,13.0,11.0,4.0,5.0,0.0,1.0,0.0,0.0,3.3,3.5,2.3,3.34,3.62,2.25,3.35,3.62,2.36,3.24,3.45,2.27,49.0,2016/2017
E0,2017-01-14,Leicester,Chelsea,0.0,3.0,A,7.0,8.0,2.0,3.0,8.0,9.0,3.0,5.0,1.0,0.0,0.0,0.0,6.0,4.1,1.62,6.1,3.96,1.66,6.2,4.1,1.74,5.78,3.87,1.64,49.0,2016/2017
E0,2017-01-14,Sunderland,Stoke,1.0,3.0,A,14.0,14.0,3.0,6.0,16.0,11.0,5.0,2.0,3.0,1.0,0.0,0.0,3.1,3.3,2.5,3.09,3.45,2.46,3.12,3.45,2.65,3.0,3.34,2.46,48.0,2016/2017
E0,2017-01-14,Swansea,Arsenal,0.0,4.0,A,12.0,14.0,3.0,6.0,12.0,8.0,3.0,2.0,2.0,0.0,0.0,0.0,7.0,4.75,1.5,6.54,4.71,1.53,7.0,4.95,1.57,6.38,4.55,1.51,49.0,2016/2017
E0,2017-01-14,Tottenham,West Brom,4.0,0.0,H,21.0,3.0,11.0,0.0,11.0,12.0,8.0,0.0,0.0,2.0,0.0,0.0,1.33,5.5,11.0,1.32,5.51,12.56,1.38,5.55,12.75,1.32,5.23,11.25,48.0,2016/2017
E0,2017-01-14,Watford,Middlesbrough,0.0,0.0,D,12.0,5.0,5.0,1.0,15.0,15.0,3.0,1.0,3.0,1.0,0.0,0.0,2.5,3.2,3.2,2.51,3.18,3.25,2.56,3.3,3.3,2.49,3.1,3.16,49.0,2016/2017
E0,2017-01-14,West Ham,Crystal Palace,3.0,0.0,H,14.0,10.0,3.0,1.0,10.0,14.0,2.0,2.0,4.0,2.0,0.0,0.0,2.38,3.4,3.2,2.41,3.41,3.2,2.46,3.43,3.3,2.38,3.33,3.13,48.0,2016/2017
E0,2017-01-15,Everton,Manchester City,4.0,0.0,H,6.0,13.0,4.0,5.0,17.0,7.0,3.0,6.0,2.0,2.0,0.0,0.0,4.5,4.0,1.8,4.54,3.9,1.84,4.6,4.0,1.9,4.39,3.8,1.82,50.0,2016/2017
E0,2017-01-15,Manchester United,Liverpool,1.0,1.0,D,9.0,13.0,3.0,4.0,17.0,13.0,5.0,7.0,1.0,3.0,0.0,0.0,2.15,3.4,3.75,2.16,3.34,3.88,2.22,3.46,3.88,2.14,3.33,3.67,50.0,2016/2017
E0,2017-01-21,Manchester City,Tottenham,2.0,2.0,D,17.0,6.0,7.0,2.0,10.0,7.0,5.0,4.0,2.0,4.0,0.0,0.0,2.15,3.5,3.6,2.13,3.52,3.75,2.18,3.59,3.75,2.12,3.45,3.59,50.0,2016/2017
E0,2017-01-21,Bournemouth,Watford,2.0,2.0,D,15.0,10.0,5.0,3.0,6.0,16.0,9.0,4.0,1.0,1.0,0.0,0.0,1.83,3.75,4.75,1.84,3.77,4.73,1.9,3.8,4.8,1.84,3.64,4.52,50.0,2016/2017
E0,2017-01-21,Liverpool,Swansea,2.0,3.0,A,16.0,6.0,5.0,3.0,7.0,7.0,6.0,3.0,1.0,1.0,0.0,0.0,1.22,7.0,15.0,1.22,7.55,14.0,1.25,7.73,15.25,1.22,6.9,13.56,50.0,2016/2017
E0,2017-01-21,Stoke,Manchester United,1.0,1.0,D,6.0,25.0,1.0,8.0,12.0,13.0,1.0,7.0,4.0,0.0,0.0,0.0,6.0,4.2,1.6,6.08,4.08,1.64,6.25,4.2,1.65,5.84,3.99,1.62,49.0,2016/2017
E0,2017-01-21,Middlesbrough,West Ham,1.0,3.0,A,11.0,13.0,2.0,5.0,7.0,14.0,7.0,5.0,2.0,1.0,0.0,0.0,2.5,3.2,3.25,2.47,3.17,3.33,2.58,3.25,3.33,2.45,3.16,3.17,50.0,2016/2017
E0,2017-01-21,West Brom,Sunderland,2.0,0.0,H,14.0,9.0,5.0,3.0,15.0,12.0,1.0,4.0,1.0,1.0,0.0,0.0,1.7,3.8,5.75,1.7,3.91,5.68,1.72,4.05,6.03,1.68,3.8,5.49,50.0,2016/2017
E0,2017-01-21,Crystal Palace,Everton,0.0,1.0,A,8.0,16.0,2.0,8.0,10.0,15.0,8.0,7.0,0.0,1.0,0.0,0.0,3.25,3.4,2.38,3.19,3.45,2.4,3.3,3.45,2.46,3.12,3.35,2.37,50.0,2016/2017
E0,2017-01-22,Arsenal,Burnley,2.0,1.0,H,24.0,13.0,8.0,7.0,12.0,11.0,10.0,4.0,1.0,3.0,1.0,0.0,1.2,7.5,17.0,1.22,7.35,15.7,1.22,7.5,18.0,1.2,7.02,15.09,50.0,2016/2017
E0,2017-01-22,Chelsea,Hull,2.0,0.0,H,9.0,9.0,5.0,4.0,12.0,10.0,9.0,7.0,1.0,3.0,0.0,0.0,1.18,8.0,19.0,1.18,8.5,18.0,1.2,8.5,21.0,1.17,7.61,17.48,50.0,2016/2017
E0,2017-01-22,Southampton,Leicester,3.0,0.0,H,20.0,11.0,7.0,2.0,8.0,10.0,7.0,2.0,0.0,1.0,0.0,0.0,1.83,3.5,5.25,1.86,3.48,5.1,2.0,3.6,5.35,1.83,3.46,4.9,49.0,2016/2017
E0,2017-01-31,Bournemouth,Crystal Palace,0.0,2.0,A,10.0,11.0,2.0,4.0,14.0,23.0,2.0,3.0,0.0,4.0,0.0,0.0,2.05,3.5,3.9,2.12,3.57,3.73,2.18,3.57,3.92,2.09,3.46,3.69,50.0,2016/2017
E0,2017-01-31,Arsenal,Watford,1.0,2.0,A,20.0,10.0,5.0,6.0,12.0,15.0,9.0,5.0,3.0,3.0,0.0,0.0,1.22,7.0,15.0,1.24,6.92,14.64,1.26,7.0,15.5,1.23,6.51,13.3,50.0,2016/2017
E0,2017-01-31,Swansea,Southampton,2.0,1.0,H,11.0,10.0,5.0,2.0,10.0,19.0,5.0,4.0,2.0,0.0,0.0,0.0,3.4,3.4,2.3,3.29,3.42,2.36,3.4,3.42,2.41,3.24,3.33,2.32,49.0,2016/2017
E0,2017-01-31,Burnley,Leicester,1.0,0.0,H,24.0,13.0,3.0,5.0,4.0,8.0,10.0,2.0,1.0,0.0,0.0,0.0,2.9,3.25,2.7,2.89,3.29,2.7,2.94,3.3,2.76,2.85,3.2,2.67,48.0,2016/2017
E0,2017-01-31,Sunderland,Tottenham,0.0,0.0,D,3.0,14.0,1.0,3.0,9.0,13.0,2.0,12.0,2.0,1.0,0.0,0.0,9.5,5.25,1.36,9.13,5.41,1.38,10.0,5.65,1.4,8.95,5.24,1.36,49.0,2016/2017
E0,2017-01-31,Middlesbrough,West Brom,1.0,1.0,D,11.0,16.0,3.0,5.0,12.0,13.0,4.0,2.0,2.0,1.0,0.0,0.0,2.7,3.1,3.0,2.73,3.05,3.06,2.77,3.15,3.1,2.68,3.02,2.99,49.0,2016/2017
E0,2017-01-31,Liverpool,Chelsea,1.0,1.0,D,7.0,8.0,3.0,2.0,13.0,8.0,3.0,3.0,2.0,1.0,0.0,0.0,2.65,3.25,2.9,2.63,3.33,2.95,2.7,3.33,3.05,2.6,3.24,2.92,49.0,2016/2017
E0,2017-02-01,Manchester United,Hull,0.0,0.0,D,15.0,6.0,6.0,2.0,20.0,16.0,7.0,1.0,1.0,4.0,0.0,0.0,1.2,7.5,17.0,1.2,7.88,17.01,1.2,8.2,23.0,1.18,7.37,17.0,49.0,2016/2017
E0,2017-02-01,Stoke,Everton,1.0,1.0,D,14.0,14.0,7.0,5.0,21.0,12.0,5.0,5.0,1.0,0.0,0.0,0.0,2.88,3.4,2.63,2.85,3.4,2.67,2.9,3.42,2.74,2.82,3.31,2.61,49.0,2016/2017
E0,2017-02-01,West Ham,Manchester City,0.0,4.0,A,6.0,11.0,1.0,4.0,11.0,14.0,2.0,4.0,3.0,3.0,0.0,0.0,6.0,4.5,1.57,5.94,4.55,1.58,6.0,4.66,1.65,5.68,4.38,1.57,49.0,2016/2017
E0,2017-02-04,Chelsea,Arsenal,3.0,1.0,H,13.0,9.0,6.0,5.0,14.0,8.0,10.0,13.0,1.0,1.0,0.0,0.0,1.95,3.6,4.2,1.94,3.58,4.42,2.1,3.73,4.42,1.95,3.53,4.13,48.0,2016/2017
E0,2017-02-04,Crystal Palace,Sunderland,0.0,4.0,A,21.0,10.0,9.0,7.0,8.0,8.0,6.0,1.0,3.0,3.0,0.0,0.0,1.7,3.9,5.5,1.73,3.91,5.37,1.75,4.0,5.75,1.69,3.82,5.37,48.0,2016/2017
E0,2017-02-04,Everton,Bournemouth,6.0,3.0,H,15.0,18.0,10.0,8.0,14.0,4.0,4.0,8.0,3.0,1.0,0.0,0.0,1.7,4.0,5.25,1.74,4.0,5.14,1.79,4.0,5.55,1.71,3.86,5.07,47.0,2016/2017
E0,2017-02-04,Hull,Liverpool,2.0,0.0,H,7.0,22.0,4.0,5.0,9.0,12.0,1.0,15.0,2.0,1.0,0.0,0.0,8.0,4.75,1.45,7.68,4.59,1.49,8.0,4.76,1.55,7.42,4.47,1.47,48.0,2016/2017
E0,2017-02-04,Southampton,West Ham,1.0,3.0,A,21.0,6.0,7.0,4.0,12.0,15.0,3.0,2.0,0.0,2.0,0.0,0.0,1.85,3.75,4.5,1.85,3.67,4.84,1.92,3.75,4.84,1.84,3.59,4.58,48.0,2016/2017
E0,2017-02-04,Tottenham,Middlesbrough,1.0,0.0,H,17.0,8.0,5.0,0.0,8.0,11.0,11.0,2.0,0.0,1.0,0.0,0.0,1.29,6.0,13.0,1.29,5.95,13.45,1.3,6.14,14.5,1.27,5.76,12.9,48.0,2016/2017
E0,2017-02-04,Watford,Burnley,2.0,1.0,H,16.0,11.0,7.0,7.0,12.0,10.0,3.0,6.0,5.0,0.0,0.0,1.0,2.15,3.3,3.9,2.12,3.28,4.1,2.18,3.4,4.1,2.12,3.26,3.83,48.0,2016/2017
E0,2017-02-04,West Brom,Stoke,1.0,0.0,H,16.0,12.0,4.0,2.0,6.0,13.0,5.0,6.0,2.0,2.0,0.0,0.0,2.3,3.25,3.5,2.31,3.29,3.53,2.41,3.3,3.6,2.31,3.22,3.39,48.0,2016/2017
E0,2017-02-05,Leicester,Manchester United,0.0,3.0,A,11.0,15.0,1.0,9.0,12.0,13.0,10.0,3.0,2.0,4.0,0.0,0.0,5.75,4.0,1.65,5.95,3.89,1.68,5.95,4.0,1.74,5.58,3.8,1.68,48.0,2016/2017
E0,2017-02-05,Manchester City,Swansea,2.0,1.0,H,17.0,4.0,5.0,2.0,9.0,13.0,10.0,3.0,2.0,3.0,0.0,0.0,1.22,7.0,15.0,1.23,7.55,13.6,1.25,7.55,15.0,1.22,6.9,13.58,48.0,2016/2017
E0,2017-02-11,Arsenal,Hull,2.0,0.0,H,17.0,9.0,7.0,4.0,12.0,9.0,3.0,8.0,3.0,1.0,0.0,1.0,1.29,6.0,13.0,1.3,6.2,11.44,1.31,6.35,13.0,1.28,5.92,11.24,44.0,2016/2017
E0,2017-02-11,Liverpool,Tottenham,2.0,0.0,H,17.0,7.0,9.0,2.0,14.0,14.0,10.0,3.0,3.0,4.0,0.0,0.0,2.3,3.4,3.4,2.22,3.41,3.61,2.35,3.45,3.61,2.24,3.34,3.41,43.0,2016/2017
E0,2017-02-11,Manchester United,Watford,2.0,0.0,H,22.0,9.0,11.0,3.0,10.0,12.0,5.0,1.0,1.0,0.0,0.0,0.0,1.25,6.5,14.0,1.27,6.4,13.0,1.27,6.74,15.0,1.25,6.19,12.92,42.0,2016/2017
E0,2017-02-11,Middlesbrough,Everton,0.0,0.0,D,9.0,7.0,3.0,3.0,14.0,9.0,5.0,2.0,2.0,0.0,0.0,0.0,3.9,3.3,2.15,3.8,3.35,2.18,3.9,3.37,2.22,3.7,3.28,2.15,42.0,2016/2017
E0,2017-02-11,Stoke,Crystal Palace,1.0,0.0,H,7.0,6.0,4.0,1.0,10.0,14.0,5.0,5.0,1.0,3.0,0.0,0.0,2.15,3.3,3.9,2.13,3.42,3.86,2.19,3.42,3.95,2.1,3.36,3.73,43.0,2016/2017
E0,2017-02-11,Sunderland,Southampton,0.0,4.0,A,6.0,15.0,1.0,8.0,12.0,14.0,6.0,2.0,1.0,0.0,0.0,0.0,3.9,3.4,2.1,3.92,3.54,2.07,3.95,3.54,2.2,3.76,3.43,2.06,43.0,2016/2017
E0,2017-02-11,West Ham,West Brom,2.0,2.0,D,16.0,8.0,4.0,3.0,7.0,14.0,7.0,5.0,3.0,2.0,0.0,0.0,2.25,3.3,3.6,2.28,3.25,3.65,2.33,3.4,3.75,2.22,3.26,3.52,43.0,2016/2017
E0,2017-02-12,Burnley,Chelsea,1.0,1.0,D,6.0,13.0,4.0,2.0,12.0,11.0,1.0,1.0,3.0,2.0,0.0,0.0,9.0,5.0,1.4,8.59,4.73,1.44,9.11,5.0,1.46,8.28,4.61,1.42,42.0,2016/2017
E0,2017-02-12,Swansea,Leicester,2.0,0.0,H,10.0,9.0,4.0,1.0,7.0,14.0,7.0,3.0,2.0,2.0,0.0,0.0,2.4,3.3,3.25,2.44,3.3,3.25,2.52,3.32,3.25,2.41,3.26,3.13,43.0,2016/2017
E0,2017-02-13,Bournemouth,Manchester City,0.0,2.0,A,5.0,17.0,1.0,5.0,8.0,11.0,3.0,7.0,2.0,3.0,0.0,0.0,7.5,5.0,1.44,6.97,4.95,1.48,7.53,5.05,1.5,6.91,4.76,1.45,42.0,2016/2017
E0,2017-02-25,Everton,Sunderland,2.0,0.0,H,20.0,10.0,8.0,1.0,10.0,16.0,10.0,6.0,0.0,2.0,0.0,0.0,1.4,5.25,8.5,1.43,5.18,7.91,1.45,5.25,8.92,1.4,4.97,7.87,47.0,2016/2017
E0,2017-02-25,Chelsea,Swansea,3.0,1.0,H,16.0,3.0,5.0,2.0,11.0,14.0,8.0,1.0,1.0,3.0,0.0,0.0,1.25,6.5,15.0,1.27,6.51,12.91,1.28,6.74,15.0,1.25,6.18,12.92,48.0,2016/2017
E0,2017-02-25,Crystal Palace,Middlesbrough,1.0,0.0,H,15.0,11.0,3.0,4.0,13.0,15.0,4.0,2.0,3.0,1.0,0.0,0.0,2.1,3.2,4.2,2.12,3.13,4.37,2.16,3.4,4.37,2.1,3.12,4.08,49.0,2016/2017
E0,2017-02-25,Watford,West Ham,1.0,1.0,D,9.0,13.0,1.0,2.0,18.0,14.0,4.0,6.0,4.0,1.0,0.0,1.0,2.63,3.3,2.9,2.63,3.26,3.0,2.68,3.32,3.0,2.57,3.22,2.91,48.0,2016/2017
E0,2017-02-25,West Brom,Bournemouth,2.0,1.0,H,13.0,12.0,4.0,4.0,12.0,5.0,8.0,6.0,2.0,0.0,0.0,0.0,2.1,3.4,4.0,2.11,3.44,3.93,2.11,3.5,4.1,2.07,3.39,3.81,48.0,2016/2017
E0,2017-02-25,Hull,Burnley,1.0,1.0,D,15.0,10.0,1.0,3.0,8.0,13.0,6.0,3.0,1.0,1.0,0.0,1.0,2.15,3.3,3.9,2.2,3.22,3.91,2.25,3.35,3.92,2.16,3.22,3.74,48.0,2016/2017
E0,2017-02-26,Tottenham,Stoke,4.0,0.0,H,21.0,5.0,9.0,3.0,11.0,14.0,8.0,5.0,2.0,3.0,0.0,0.0,1.44,5.0,7.5,1.43,4.89,8.49,1.45,5.1,9.0,1.42,4.79,7.82,47.0,2016/2017
E0,2017-02-27,Leicester,Liverpool,3.0,1.0,H,13.0,17.0,7.0,7.0,8.0,5.0,5.0,12.0,0.0,0.0,0.0,0.0,5.5,4.2,1.65,5.75,4.27,1.63,6.0,4.27,1.7,5.66,4.04,1.62,47.0,2016/2017
E0,2017-03-04,Manchester United,Bournemouth,1.0,1.0,D,20.0,3.0,7.0,1.0,9.0,11.0,15.0,2.0,3.0,2.0,0.0,1.0,1.25,6.5,15.0,1.27,6.55,12.75,1.28,6.55,17.35,1.25,6.15,12.85,47.0,2016/2017
E0,2017-03-04,Liverpool,Arsenal,3.0,1.0,H,18.0,7.0,7.0,3.0,8.0,15.0,9.0,3.0,1.0,2.0,0.0,0.0,2.15,3.6,3.6,2.14,3.51,3.73,2.2,3.62,3.8,2.11,3.51,3.56,46.0,2016/2017
E0,2017-03-04,Watford,Southampton,3.0,4.0,A,16.0,20.0,4.0,11.0,16.0,9.0,6.0,5.0,3.0,2.0,0.0,0.0,3.6,3.4,2.2,3.54,3.38,2.26,3.7,3.4,2.33,3.51,3.28,2.22,46.0,2016/2017
E0,2017-03-04,Leicester,Hull,3.0,1.0,H,17.0,10.0,5.0,4.0,12.0,13.0,10.0,4.0,1.0,1.0,0.0,0.0,1.85,3.6,4.75,1.87,3.55,4.92,1.91,3.8,5.0,1.85,3.56,4.62,46.0,2016/2017
E0,2017-03-04,Swansea,Burnley,3.0,2.0,H,23.0,6.0,10.0,4.0,7.0,13.0,9.0,2.0,2.0,2.0,0.0,0.0,2.0,3.5,4.2,2.05,3.35,4.27,2.11,3.5,4.3,2.01,3.36,4.07,46.0,2016/2017
E0,2017-03-04,West Brom,Crystal Palace,0.0,2.0,A,11.0,10.0,1.0,4.0,8.0,12.0,5.0,5.0,0.0,1.0,0.0,0.0,2.2,3.3,3.8,2.23,3.28,3.74,2.28,3.4,3.87,2.19,3.21,3.68,47.0,2016/2017
E0,2017-03-04,Stoke,Middlesbrough,2.0,0.0,H,13.0,8.0,8.0,2.0,16.0,20.0,6.0,1.0,1.0,2.0,0.0,0.0,1.95,3.4,4.5,2.0,3.3,4.6,2.06,3.4,4.76,1.95,3.32,4.43,47.0,2016/2017
E0,2017-03-05,Sunderland,Manchester City,0.0,2.0,A,11.0,14.0,3.0,7.0,11.0,4.0,6.0,4.0,1.0,0.0,0.0,0.0,11.0,6.5,1.29,10.81,6.35,1.3,12.0,6.5,1.33,10.54,5.99,1.29,45.0,2016/2017
E0,2017-03-05,Tottenham,Everton,3.0,2.0,H,20.0,8.0,7.0,4.0,9.0,14.0,7.0,2.0,1.0,2.0,0.0,0.0,1.67,4.2,5.25,1.64,4.17,5.88,1.7,4.2,5.88,1.63,4.01,5.58,46.0,2016/2017
E0,2017-03-06,West Ham,Chelsea,1.0,2.0,A,11.0,9.0,2.0,4.0,8.0,8.0,6.0,4.0,0.0,1.0,0.0,0.0,6.0,4.1,1.62,5.75,4.3,1.63,6.2,4.3,1.67,5.74,4.02,1.62,46.0,2016/2017
E0,2017-03-08,Manchester City,Stoke,0.0,0.0,D,12.0,5.0,1.0,2.0,8.0,11.0,8.0,1.0,1.0,3.0,0.0,0.0,1.25,6.5,15.0,1.25,6.8,13.6,1.27,7.35,15.0,1.23,6.49,12.73,46.0,2016/2017
E0,2017-03-11,Everton,West Brom,3.0,0.0,H,16.0,5.0,5.0,2.0,8.0,12.0,4.0,6.0,1.0,2.0,0.0,0.0,1.67,3.8,6.0,1.68,3.89,6.0,1.7,3.97,6.0,1.67,3.81,5.61,43.0,2016/2017
E0,2017-03-11,Hull,Swansea,2.0,1.0,H,15.0,11.0,7.0,3.0,14.0,5.0,2.0,7.0,3.0,1.0,0.0,0.0,2.55,3.3,3.0,2.58,3.24,3.08,2.64,3.35,3.1,2.52,3.26,2.97,44.0,2016/2017
E0,2017-03-11,Bournemouth,West Ham,3.0,2.0,H,21.0,15.0,9.0,7.0,20.0,15.0,5.0,6.0,4.0,2.0,0.0,0.0,2.6,3.5,2.8,2.67,3.4,2.84,2.7,3.55,2.88,2.59,3.38,2.78,45.0,2016/2017
E0,2017-03-12,Liverpool,Burnley,2.0,1.0,H,10.0,11.0,3.0,1.0,12.0,16.0,11.0,1.0,2.0,2.0,0.0,0.0,1.25,6.5,14.0,1.26,6.55,13.5,1.26,6.75,15.0,1.24,6.3,13.23,44.0,2016/2017
E0,2017-03-18,Crystal Palace,Watford,1.0,0.0,H,7.0,6.0,0.0,2.0,8.0,15.0,3.0,2.0,0.0,2.0,0.0,0.0,1.91,3.5,4.75,1.94,3.45,4.63,2.0,3.57,4.75,1.92,3.42,4.39,46.0,2016/2017
E0,2017-03-18,Bournemouth,Swansea,2.0,0.0,H,12.0,10.0,6.0,1.0,10.0,9.0,2.0,4.0,0.0,2.0,0.0,0.0,2.15,3.5,3.6,2.15,3.51,3.7,2.3,3.52,3.7,2.16,3.41,3.5,46.0,2016/2017
E0,2017-03-18,Everton,Hull,4.0,0.0,H,14.0,6.0,8.0,0.0,9.0,7.0,5.0,8.0,2.0,0.0,0.0,1.0,1.53,4.33,7.0,1.52,4.46,7.15,1.54,4.5,7.53,1.51,4.25,6.81,45.0,2016/2017
E0,2017-03-18,Stoke,Chelsea,1.0,2.0,A,5.0,20.0,1.0,7.0,16.0,11.0,5.0,11.0,4.0,2.0,1.0,0.0,6.5,4.0,1.62,6.54,4.04,1.61,6.74,4.2,1.66,6.13,3.94,1.6,47.0,2016/2017
E0,2017-03-18,Sunderland,Burnley,0.0,0.0,D,14.0,17.0,5.0,3.0,14.0,7.0,3.0,5.0,2.0,1.0,0.0,0.0,2.55,3.3,3.0,2.62,3.23,3.04,2.62,3.32,3.1,2.54,3.22,2.95,46.0,2016/2017
E0,2017-03-18,West Ham,Leicester,2.0,3.0,A,20.0,11.0,7.0,5.0,10.0,14.0,6.0,5.0,0.0,1.0,0.0,0.0,2.3,3.5,3.3,2.33,3.49,3.28,2.38,3.5,3.41,2.3,3.39,3.2,47.0,2016/2017
E0,2017-03-18,West Brom,Arsenal,3.0,1.0,H,12.0,11.0,8.0,2.0,5.0,6.0,4.0,5.0,1.0,0.0,0.0,0.0,5.25,4.0,1.73,5.36,4.02,1.71,5.5,4.06,1.76,5.09,3.84,1.71,46.0,2016/2017
E0,2017-03-19,Manchester City,Liverpool,1.0,1.0,D,13.0,13.0,3.0,4.0,14.0,7.0,9.0,8.0,3.0,3.0,0.0,0.0,2.0,3.75,3.8,1.98,3.68,4.1,2.03,3.82,4.1,1.97,3.65,3.82,46.0,2016/2017
E0,2017-03-19,Middlesbrough,Manchester United,1.0,3.0,A,10.0,14.0,3.0,6.0,9.0,8.0,8.0,3.0,1.0,1.0,0.0,0.0,6.0,3.7,1.7,5.97,3.8,1.69,6.3,3.9,1.75,5.69,3.67,1.68,46.0,2016/2017
E0,2017-03-19,Tottenham,Southampton,2.0,1.0,H,12.0,8.0,6.0,3.0,12.0,13.0,5.0,1.0,3.0,3.0,0.0,0.0,1.73,3.8,5.5,1.72,3.87,5.53,1.75,4.0,5.9,1.7,3.81,5.26,46.0,2016/2017
E0,2017-04-01,Leicester,Stoke,2.0,0.0,H,23.0,10.0,10.0,2.0,7.0,11.0,10.0,4.0,1.0,4.0,0.0,0.0,2.05,3.5,4.0,2.07,3.48,4.0,2.1,3.55,4.1,2.04,3.44,3.83,46.0,2016/2017
E0,2017-04-01,Burnley,Tottenham,0.0,2.0,A,13.0,19.0,2.0,7.0,9.0,6.0,3.0,7.0,2.0,0.0,0.0,0.0,5.75,3.8,1.7,6.07,3.91,1.67,6.07,3.95,1.75,5.5,3.78,1.68,46.0,2016/2017
E0,2017-04-01,Chelsea,Crystal Palace,1.0,2.0,A,24.0,8.0,11.0,3.0,12.0,14.0,9.0,3.0,3.0,2.0,0.0,0.0,1.3,5.75,12.0,1.3,5.9,12.0,1.31,6.0,13.87,1.28,5.54,12.13,46.0,2016/2017
E0,2017-04-01,Hull,West Ham,2.0,1.0,H,7.0,12.0,3.0,4.0,16.0,9.0,5.0,5.0,2.0,2.0,0.0,0.0,2.45,3.4,3.1,2.47,3.42,3.1,2.56,3.5,3.1,2.45,3.33,2.98,47.0,2016/2017
E0,2017-04-01,Manchester United,West Brom,0.0,0.0,D,18.0,3.0,3.0,1.0,15.0,13.0,6.0,1.0,3.0,3.0,0.0,0.0,1.36,5.0,11.0,1.37,5.05,10.55,1.4,5.5,11.0,1.36,4.9,9.83,46.0,2016/2017
E0,2017-04-01,Southampton,Bournemouth,0.0,0.0,D,14.0,12.0,4.0,3.0,14.0,8.0,6.0,3.0,1.0,0.0,0.0,0.0,1.65,4.0,6.0,1.67,4.13,5.57,1.69,4.2,6.0,1.64,3.99,5.52,46.0,2016/2017
E0,2017-04-01,Watford,Sunderland,1.0,0.0,H,23.0,11.0,10.0,3.0,12.0,8.0,13.0,9.0,1.0,3.0,0.0,0.0,1.85,3.6,4.75,1.87,3.67,4.72,1.91,3.67,4.86,1.84,3.56,4.57,46.0,2016/2017
E0,2017-04-01,Liverpool,Everton,3.0,1.0,H,10.0,9.0,6.0,4.0,17.0,10.0,2.0,3.0,1.0,3.0,0.0,0.0,1.73,3.9,5.25,1.73,3.97,5.25,1.75,4.15,5.35,1.7,3.94,4.99,46.0,2016/2017
E0,2017-04-02,Arsenal,Manchester City,2.0,2.0,D,8.0,14.0,3.0,5.0,8.0,15.0,3.0,8.0,3.0,2.0,0.0,0.0,3.1,3.75,2.3,3.22,3.82,2.23,3.25,3.82,2.41,3.08,3.62,2.26,47.0,2016/2017
E0,2017-04-02,Swansea,Middlesbrough,0.0,0.0,D,15.0,8.0,3.0,1.0,9.0,16.0,11.0,3.0,2.0,3.0,0.0,0.0,2.0,3.4,4.33,1.98,3.43,4.47,2.06,3.5,4.5,1.97,3.39,4.2,46.0,2016/2017
E0,2017-04-04,Burnley,Stoke,1.0,0.0,H,7.0,15.0,3.0,2.0,9.0,16.0,3.0,5.0,3.0,2.0,0.0,0.0,2.5,3.1,3.3,2.48,3.07,3.43,2.55,3.3,3.42,2.45,3.1,3.23,45.0,2016/2017
E0,2017-04-04,Leicester,Sunderland,2.0,0.0,H,19.0,15.0,8.0,3.0,12.0,13.0,5.0,6.0,0.0,1.0,0.0,0.0,1.45,4.5,8.5,1.48,4.61,7.92,1.5,4.7,8.92,1.45,4.5,7.85,45.0,2016/2017
E0,2017-04-04,Manchester United,Everton,1.0,1.0,D,18.0,11.0,3.0,4.0,10.0,18.0,6.0,5.0,1.0,4.0,0.0,1.0,1.57,4.2,6.5,1.57,4.23,6.75,1.61,4.3,6.8,1.57,4.11,6.32,46.0,2016/2017
E0,2017-04-04,Watford,West Brom,2.0,0.0,H,9.0,18.0,2.0,2.0,11.0,14.0,5.0,6.0,1.0,4.0,1.0,0.0,2.5,3.2,3.2,2.56,3.16,3.19,2.56,3.3,3.3,2.49,3.14,3.13,45.0,2016/2017
E0,2017-04-05,Arsenal,West Ham,3.0,0.0,H,21.0,7.0,8.0,2.0,11.0,5.0,5.0,0.0,2.0,2.0,0.0,0.0,1.4,5.25,8.0,1.42,5.32,7.89,1.43,5.35,8.72,1.39,5.11,7.7,45.0,2016/2017
E0,2017-04-05,Southampton,Crystal Palace,3.0,1.0,H,25.0,17.0,9.0,3.0,16.0,11.0,11.0,11.0,2.0,1.0,0.0,0.0,1.83,3.7,4.75,1.84,3.7,4.86,1.91,3.7,4.86,1.83,3.56,4.67,45.0,2016/2017
E0,2017-04-05,Chelsea,Manchester City,2.0,1.0,H,10.0,17.0,4.0,7.0,10.0,14.0,2.0,9.0,1.0,3.0,0.0,0.0,2.4,3.5,3.1,2.41,3.56,3.08,2.45,3.56,3.3,2.37,3.41,3.05,45.0,2016/2017
E0,2017-04-05,Liverpool,Bournemouth,2.0,2.0,D,20.0,7.0,8.0,2.0,11.0,8.0,7.0,2.0,1.0,1.0,0.0,0.0,1.36,5.25,9.5,1.4,5.31,8.45,1.43,5.5,9.5,1.38,5.1,8.25,46.0,2016/2017
E0,2017-04-05,Hull,Middlesbrough,4.0,2.0,H,17.0,12.0,5.0,4.0,13.0,12.0,8.0,4.0,2.0,1.0,0.0,0.0,2.05,3.3,4.2,2.08,3.32,4.2,2.2,3.5,4.3,2.05,3.27,4.04,45.0,2016/2017
E0,2017-04-05,Swansea,Tottenham,1.0,3.0,A,4.0,18.0,1.0,8.0,7.0,8.0,5.0,7.0,1.0,1.0,0.0,0.0,5.0,4.0,1.73,5.33,3.97,1.72,5.35,4.0,1.8,5.04,3.82,1.72,45.0,2016/2017
E0,2017-04-08,Bournemouth,Chelsea,1.0,3.0,A,12.0,15.0,1.0,5.0,7.0,11.0,4.0,4.0,2.0,3.0,0.0,0.0,6.5,4.0,1.6,6.35,4.26,1.59,6.74,4.3,1.63,6.2,4.02,1.58,45.0,2016/2017
E0,2017-04-08,Stoke,Liverpool,1.0,2.0,A,9.0,14.0,4.0,4.0,7.0,11.0,5.0,8.0,0.0,2.0,0.0,0.0,4.0,3.75,1.95,4.06,3.71,1.98,4.4,3.8,2.02,4.0,3.61,1.94,46.0,2016/2017
E0,2017-04-08,Middlesbrough,Burnley,0.0,0.0,D,12.0,7.0,5.0,2.0,9.0,12.0,4.0,3.0,0.0,3.0,0.0,0.0,2.45,3.1,3.4,2.42,3.15,3.45,2.5,3.3,3.45,2.42,3.12,3.24,46.0,2016/2017
E0,2017-04-08,West Ham,Swansea,1.0,0.0,H,14.0,4.0,6.0,1.0,12.0,12.0,4.0,3.0,5.0,1.0,0.0,0.0,2.1,3.6,3.7,2.09,3.49,3.92,2.17,3.62,3.92,2.09,3.47,3.61,47.0,2016/2017
E0,2017-04-08,Tottenham,Watford,4.0,0.0,H,19.0,8.0,6.0,2.0,12.0,12.0,7.0,5.0,0.0,1.0,0.0,0.0,1.25,6.5,15.0,1.25,6.6,14.0,1.3,6.74,18.0,1.24,6.1,13.34,46.0,2016/2017
E0,2017-04-08,West Brom,Southampton,0.0,1.0,A,17.0,10.0,6.0,3.0,12.0,12.0,7.0,3.0,2.0,2.0,0.0,0.0,3.0,3.3,2.55,3.11,3.31,2.52,3.2,3.31,2.63,3.0,3.2,2.5,46.0,2016/2017
E0,2017-04-08,Manchester City,Hull,3.0,1.0,H,23.0,6.0,7.0,1.0,6.0,8.0,7.0,3.0,0.0,2.0,0.0,0.0,1.2,7.5,17.0,1.22,7.6,14.85,1.22,7.6,18.32,1.2,7.13,14.5,47.0,2016/2017
E0,2017-04-09,Everton,Leicester,4.0,2.0,H,12.0,6.0,7.0,4.0,8.0,15.0,4.0,6.0,2.0,2.0,0.0,0.0,1.75,3.9,5.0,1.76,3.98,4.95,1.79,3.98,5.35,1.73,3.78,4.95,44.0,2016/2017
E0,2017-04-09,Sunderland,Manchester United,0.0,3.0,A,9.0,18.0,4.0,9.0,14.0,20.0,4.0,5.0,1.0,5.0,1.0,0.0,10.0,5.25,1.36,10.52,5.32,1.36,11.0,5.32,1.4,9.93,5.01,1.34,45.0,2016/2017
E0,2017-04-10,Crystal Palace,Arsenal,3.0,0.0,H,17.0,11.0,6.0,3.0,11.0,10.0,5.0,8.0,0.0,1.0,0.0,0.0,4.5,3.9,1.83,4.37,3.96,1.85,5.0,4.0,1.85,4.33,3.8,1.81,44.0,2016/2017
E0,2017-04-15,Crystal Palace,Leicester,2.0,2.0,D,15.0,6.0,4.0,2.0,10.0,16.0,8.0,5.0,0.0,2.0,0.0,0.0,1.73,3.6,4.75,1.78,3.85,5.1,1.84,3.85,5.2,1.77,3.7,4.76,44.0,2016/2017
E0,2017-04-15,Everton,Burnley,3.0,1.0,H,29.0,13.0,7.0,6.0,15.0,14.0,6.0,7.0,2.0,0.0,0.0,0.0,1.4,4.5,8.0,1.43,4.82,8.67,1.48,4.82,8.67,1.44,4.49,7.81,43.0,2016/2017
E0,2017-04-15,Southampton,Manchester City,0.0,3.0,A,8.0,18.0,1.0,5.0,9.0,8.0,3.0,8.0,3.0,0.0,0.0,0.0,4.33,4.0,1.73,4.66,4.1,1.78,5.0,4.1,1.82,4.45,3.91,1.77,43.0,2016/2017
E0,2017-04-15,Stoke,Hull,3.0,1.0,H,14.0,14.0,4.0,3.0,12.0,5.0,3.0,7.0,0.0,2.0,0.0,0.0,1.95,3.3,4.0,1.98,3.54,4.3,2.04,3.54,4.35,1.97,3.4,4.1,43.0,2016/2017
E0,2017-04-15,Sunderland,West Ham,2.0,2.0,D,14.0,7.0,4.0,3.0,14.0,10.0,8.0,1.0,1.0,0.0,0.0,1.0,3.3,3.25,2.2,3.24,3.54,2.33,3.36,3.54,2.36,3.17,3.4,2.29,43.0,2016/2017
E0,2017-04-15,Tottenham,Bournemouth,4.0,0.0,H,24.0,5.0,14.0,1.0,8.0,10.0,13.0,1.0,0.0,1.0,0.0,0.0,1.25,6.0,10.0,1.27,6.67,12.45,1.3,6.67,12.45,1.26,6.14,10.98,44.0,2016/2017
E0,2017-04-15,Watford,Swansea,1.0,0.0,H,15.0,13.0,7.0,4.0,8.0,13.0,6.0,2.0,0.0,0.0,0.0,0.0,2.4,3.3,2.9,2.57,3.3,3.05,2.58,3.4,3.12,2.48,3.23,2.98,43.0,2016/2017
E0,2017-04-16,Manchester United,Chelsea,2.0,0.0,H,9.0,5.0,3.0,0.0,16.0,20.0,1.0,3.0,3.0,3.0,0.0,0.0,2.55,3.2,2.8,2.67,3.2,3.0,2.82,3.3,3.0,2.63,3.15,2.87,43.0,2016/2017
E0,2017-04-16,West Brom,Liverpool,0.0,1.0,A,7.0,15.0,2.0,2.0,15.0,9.0,4.0,4.0,3.0,1.0,0.0,0.0,4.0,3.8,1.8,4.34,3.7,1.93,4.5,3.8,1.93,4.29,3.6,1.87,43.0,2016/2017
E0,2017-04-17,Middlesbrough,Arsenal,1.0,2.0,A,13.0,12.0,5.0,4.0,11.0,16.0,2.0,4.0,2.0,2.0,0.0,0.0,7.0,4.0,1.5,6.72,4.39,1.55,7.0,4.5,1.57,6.33,4.25,1.53,42.0,2016/2017
E0,2017-04-22,Bournemouth,Middlesbrough,4.0,0.0,H,20.0,5.0,10.0,2.0,4.0,14.0,4.0,3.0,0.0,2.0,0.0,1.0,1.85,3.75,4.5,1.93,3.79,4.24,1.93,3.8,4.5,1.86,3.66,4.28,44.0,2016/2017
E0,2017-04-22,Hull,Watford,2.0,0.0,H,8.0,13.0,3.0,2.0,10.0,11.0,4.0,7.0,3.0,1.0,1.0,0.0,1.91,3.7,4.33,1.92,3.7,4.37,1.95,3.75,4.5,1.9,3.55,4.23,43.0,2016/2017
E0,2017-04-22,Swansea,Stoke,2.0,0.0,H,10.0,9.0,6.0,3.0,5.0,14.0,11.0,4.0,2.0,2.0,0.0,0.0,2.2,3.4,3.6,2.15,3.53,3.68,2.26,3.53,3.68,2.18,3.34,3.5,44.0,2016/2017
E0,2017-04-22,West Ham,Everton,0.0,0.0,D,15.0,4.0,3.0,0.0,9.0,15.0,8.0,4.0,2.0,3.0,0.0,0.0,3.3,3.6,2.25,3.27,3.68,2.26,3.5,3.68,2.31,3.23,3.51,2.22,43.0,2016/2017
E0,2017-04-23,Burnley,Manchester United,0.0,2.0,A,8.0,12.0,0.0,6.0,17.0,16.0,3.0,3.0,2.0,1.0,0.0,0.0,5.75,4.0,1.67,5.95,3.93,1.68,6.25,4.0,1.71,5.66,3.76,1.66,44.0,2016/2017
E0,2017-04-23,Liverpool,Crystal Palace,1.0,2.0,A,14.0,7.0,1.0,3.0,8.0,10.0,4.0,3.0,1.0,2.0,0.0,0.0,1.5,4.75,7.0,1.5,4.91,6.63,1.51,4.91,7.5,1.49,4.55,6.69,44.0,2016/2017
E0,2017-04-25,Chelsea,Southampton,4.0,2.0,H,17.0,12.0,7.0,4.0,13.0,9.0,6.0,7.0,2.0,2.0,0.0,0.0,1.45,4.6,8.5,1.44,4.72,8.66,1.5,4.75,9.0,1.44,4.56,8.02,43.0,2016/2017
E0,2017-04-26,Middlesbrough,Sunderland,1.0,0.0,H,6.0,10.0,2.0,4.0,15.0,11.0,3.0,5.0,3.0,3.0,0.0,0.0,2.3,3.4,3.4,2.23,3.44,3.58,2.3,3.45,3.58,2.22,3.37,3.4,42.0,2016/2017
E0,2017-04-26,Arsenal,Leicester,1.0,0.0,H,12.0,7.0,5.0,3.0,9.0,13.0,12.0,1.0,2.0,4.0,0.0,0.0,1.6,4.5,5.75,1.61,4.54,5.6,1.64,4.55,6.0,1.6,4.35,5.38,42.0,2016/2017
E0,2017-04-26,Crystal Palace,Tottenham,0.0,1.0,A,6.0,18.0,1.0,4.0,13.0,15.0,2.0,11.0,3.0,3.0,0.0,0.0,5.5,4.2,1.65,5.68,4.22,1.65,5.8,4.25,1.7,5.41,4.07,1.64,42.0,2016/2017
E0,2017-04-27,Manchester City,Manchester United,0.0,0.0,D,19.0,3.0,6.0,1.0,10.0,8.0,7.0,4.0,1.0,0.0,0.0,1.0,1.91,3.75,4.2,1.89,3.77,4.42,1.94,3.8,4.5,1.88,3.67,4.24,42.0,2016/2017
E0,2017-04-29,Crystal Palace,Burnley,0.0,2.0,A,15.0,9.0,5.0,3.0,11.0,12.0,14.0,4.0,2.0,0.0,0.0,0.0,1.75,3.5,4.75,1.8,3.63,5.02,1.85,3.75,5.1,1.8,3.56,4.81,44.0,2016/2017
E0,2017-04-29,Southampton,Hull,0.0,0.0,D,11.0,9.0,2.0,1.0,9.0,13.0,6.0,6.0,0.0,3.0,0.0,0.0,1.6,3.75,5.75,1.64,4.06,5.77,1.72,4.06,5.77,1.66,3.91,5.38,44.0,2016/2017
E0,2017-04-29,Stoke,West Ham,0.0,0.0,D,19.0,12.0,4.0,4.0,12.0,3.0,5.0,3.0,1.0,0.0,0.0,0.0,2.0,3.5,3.6,2.08,3.45,3.85,2.16,3.5,4.0,2.09,3.42,3.61,44.0,2016/2017
E0,2017-04-29,Sunderland,Bournemouth,0.0,1.0,A,17.0,15.0,5.0,7.0,13.0,9.0,6.0,5.0,3.0,2.0,0.0,0.0,3.0,3.4,2.3,3.02,3.6,2.37,3.05,3.6,2.5,2.95,3.48,2.39,44.0,2016/2017
E0,2017-04-29,West Brom,Leicester,0.0,1.0,A,16.0,6.0,4.0,1.0,14.0,9.0,5.0,6.0,2.0,2.0,0.0,0.0,2.4,3.5,2.75,2.54,3.38,2.94,2.6,3.5,2.98,2.5,3.35,2.86,43.0,2016/2017
E0,2017-04-30,Everton,Chelsea,0.0,3.0,A,12.0,11.0,4.0,5.0,13.0,11.0,2.0,4.0,3.0,4.0,0.0,0.0,3.5,3.6,2.0,3.77,3.67,2.03,3.9,3.7,2.1,3.68,3.53,2.03,44.0,2016/2017
E0,2017-04-30,Manchester United,Swansea,1.0,1.0,D,12.0,12.0,6.0,4.0,11.0,13.0,5.0,2.0,2.0,2.0,0.0,0.0,1.36,4.75,8.0,1.37,5.04,10.06,1.43,5.5,10.06,1.37,4.85,8.93,44.0,2016/2017
E0,2017-04-30,Middlesbrough,Manchester City,2.0,2.0,D,14.0,22.0,6.0,4.0,9.0,9.0,4.0,11.0,4.0,4.0,0.0,0.0,13.0,5.25,1.25,11.39,5.93,1.29,13.0,6.0,1.33,10.68,5.57,1.29,44.0,2016/2017
E0,2017-04-30,Tottenham,Arsenal,2.0,0.0,H,20.0,12.0,11.0,4.0,7.0,15.0,14.0,5.0,1.0,3.0,0.0,0.0,1.85,3.75,4.0,1.86,3.94,4.15,1.95,4.0,4.16,1.88,3.81,3.93,44.0,2016/2017
E0,2017-05-01,Watford,Liverpool,0.0,1.0,A,9.0,12.0,2.0,8.0,11.0,9.0,3.0,5.0,3.0,1.0,0.0,0.0,5.75,4.5,1.5,6.61,4.4,1.53,6.62,4.5,1.62,6.09,4.24,1.55,41.0,2016/2017
E0,2017-05-05,West Ham,Tottenham,1.0,0.0,H,13.0,11.0,5.0,5.0,8.0,9.0,3.0,7.0,4.0,2.0,0.0,0.0,8.5,5.25,1.4,9.4,5.35,1.37,9.4,5.5,1.42,8.54,5.11,1.37,44.0,2016/2017
E0,2017-05-06,Hull,Sunderland,0.0,2.0,A,16.0,12.0,6.0,5.0,10.0,8.0,7.0,4.0,3.0,1.0,0.0,0.0,1.44,4.75,8.0,1.49,4.7,7.29,1.51,4.75,8.0,1.45,4.53,7.32,43.0,2016/2017
E0,2017-05-06,Burnley,West Brom,2.0,2.0,D,14.0,11.0,4.0,3.0,9.0,14.0,5.0,8.0,1.0,3.0,0.0,0.0,2.25,3.3,3.6,2.31,3.2,3.64,2.31,3.5,4.1,2.24,3.19,3.52,43.0,2016/2017
E0,2017-05-06,Bournemouth,Stoke,2.0,2.0,D,12.0,14.0,2.0,3.0,10.0,15.0,0.0,7.0,2.0,0.0,0.0,0.0,2.25,3.6,3.3,2.24,3.5,3.47,2.25,3.6,3.5,2.2,3.47,3.32,43.0,2016/2017
E0,2017-05-06,Swansea,Everton,1.0,0.0,H,9.0,8.0,4.0,2.0,5.0,13.0,9.0,5.0,0.0,0.0,0.0,0.0,2.8,3.5,2.63,2.81,3.48,2.65,2.82,3.5,2.7,2.76,3.38,2.6,42.0,2016/2017
E0,2017-05-06,Manchester City,Crystal Palace,5.0,0.0,H,26.0,5.0,12.0,2.0,12.0,8.0,9.0,3.0,1.0,3.0,0.0,0.0,1.29,6.5,11.0,1.3,6.6,10.25,1.3,6.8,12.0,1.27,6.22,10.52,40.0,2016/2017
E0,2017-05-06,Leicester,Watford,3.0,0.0,H,11.0,14.0,5.0,7.0,8.0,10.0,10.0,1.0,0.0,0.0,0.0,0.0,1.57,4.2,6.5,1.61,4.16,6.38,1.61,4.25,7.0,1.58,4.02,6.25,43.0,2016/2017
E0,2017-05-07,Arsenal,Manchester United,2.0,0.0,H,9.0,10.0,4.0,4.0,14.0,10.0,5.0,9.0,1.0,0.0,0.0,0.0,1.91,3.7,4.33,1.94,3.72,4.22,2.1,3.75,4.33,1.92,3.61,4.11,43.0,2016/2017
E0,2017-05-07,Liverpool,Southampton,0.0,0.0,D,17.0,4.0,8.0,0.0,9.0,4.0,3.0,6.0,1.0,3.0,0.0,0.0,1.62,4.2,6.0,1.61,4.21,6.12,1.62,4.33,6.5,1.59,4.13,5.79,43.0,2016/2017
E0,2017-05-08,Chelsea,Middlesbrough,3.0,0.0,H,21.0,2.0,7.0,1.0,8.0,21.0,8.0,1.0,0.0,2.0,0.0,0.0,1.17,9.0,19.0,1.18,8.29,18.22,1.19,9.17,23.0,1.16,7.94,18.77,42.0,2016/2017
E0,2017-05-10,Southampton,Arsenal,0.0,2.0,A,14.0,11.0,3.0,4.0,5.0,5.0,8.0,5.0,1.0,2.0,0.0,0.0,3.6,3.8,2.05,3.69,3.75,2.07,3.75,3.8,2.1,3.58,3.64,2.04,42.0,2016/2017
E0,2017-05-12,Everton,Watford,1.0,0.0,H,15.0,14.0,6.0,2.0,7.0,11.0,9.0,8.0,0.0,3.0,0.0,0.0,1.5,4.5,7.5,1.45,4.79,8.05,1.5,4.8,8.05,1.45,4.57,7.39,44.0,2016/2017
E0,2017-05-12,West Brom,Chelsea,0.0,1.0,A,7.0,24.0,2.0,5.0,13.0,8.0,5.0,8.0,3.0,0.0,0.0,0.0,10.0,5.25,1.36,9.65,5.15,1.38,10.0,5.5,1.41,9.46,4.94,1.36,43.0,2016/2017
E0,2017-05-13,Manchester City,Leicester,2.0,1.0,H,17.0,9.0,5.0,4.0,12.0,16.0,9.0,3.0,3.0,3.0,0.0,0.0,1.25,7.0,12.0,1.25,7.0,13.0,1.28,7.5,15.0,1.23,6.56,12.42,45.0,2016/2017
E0,2017-05-13,Bournemouth,Burnley,2.0,1.0,H,18.0,14.0,6.0,3.0,6.0,11.0,7.0,1.0,0.0,1.0,0.0,0.0,1.91,3.75,4.2,1.93,3.76,4.28,2.0,3.76,4.28,1.92,3.63,4.04,45.0,2016/2017
E0,2017-05-13,Middlesbrough,Southampton,1.0,2.0,A,14.0,14.0,3.0,4.0,19.0,11.0,6.0,3.0,3.0,0.0,0.0,0.0,4.0,3.6,2.0,3.91,3.68,2.03,4.1,3.68,2.07,3.84,3.52,2.0,45.0,2016/2017
E0,2017-05-13,Sunderland,Swansea,0.0,2.0,A,13.0,3.0,4.0,3.0,13.0,6.0,8.0,4.0,4.0,0.0,0.0,0.0,4.2,3.8,1.91,4.18,3.84,1.94,4.25,3.85,1.97,4.04,3.68,1.91,45.0,2016/2017
E0,2017-05-13,Stoke,Arsenal,1.0,4.0,A,10.0,10.0,4.0,6.0,13.0,7.0,7.0,6.0,1.0,2.0,0.0,0.0,4.75,4.1,1.75,4.61,4.16,1.78,4.8,4.18,1.79,4.56,4.0,1.74,45.0,2016/2017
E0,2017-05-14,Crystal Palace,Hull,4.0,0.0,H,12.0,9.0,4.0,0.0,13.0,14.0,3.0,7.0,3.0,5.0,0.0,0.0,2.1,3.6,3.75,2.11,3.63,3.69,2.11,3.64,3.8,2.06,3.5,3.68,44.0,2016/2017
E0,2017-05-14,Tottenham,Manchester United,2.0,1.0,H,14.0,8.0,7.0,2.0,14.0,15.0,8.0,3.0,1.0,2.0,0.0,0.0,1.73,3.9,5.25,1.71,4.04,5.35,1.85,4.04,5.5,1.7,3.85,5.14,45.0,2016/2017
E0,2017-05-14,West Ham,Liverpool,0.0,4.0,A,10.0,26.0,3.0,11.0,5.0,10.0,4.0,6.0,2.0,0.0,0.0,0.0,5.25,4.0,1.7,5.62,4.2,1.65,5.62,4.2,1.73,5.26,3.94,1.67,44.0,2016/2017
E0,2017-05-15,Chelsea,Watford,4.0,3.0,H,24.0,9.0,9.0,3.0,7.0,12.0,8.0,3.0,2.0,4.0,0.0,1.0,1.25,6.75,13.0,1.25,6.85,13.5,1.33,7.15,14.5,1.24,6.54,12.61,44.0,2016/2017
E0,2017-05-16,Arsenal,Sunderland,2.0,0.0,H,36.0,6.0,13.0,2.0,15.0,10.0,17.0,3.0,4.0,2.0,0.0,0.0,1.09,13.0,29.0,1.1,13.62,28.49,1.12,13.62,32.75,1.09,11.35,26.47,43.0,2016/2017
E0,2017-05-16,Manchester City,West Brom,3.0,1.0,H,21.0,5.0,10.0,2.0,8.0,11.0,7.0,1.0,1.0,2.0,0.0,0.0,1.14,9.0,23.0,1.14,10.39,23.1,1.15,10.39,29.0,1.13,9.1,22.37,43.0,2016/2017
E0,2017-05-17,Southampton,Manchester United,0.0,0.0,D,17.0,11.0,6.0,1.0,7.0,10.0,7.0,3.0,2.0,1.0,0.0,0.0,2.75,3.3,2.8,2.76,3.33,2.8,2.76,3.5,2.95,2.67,3.27,2.75,43.0,2016/2017
E0,2017-05-18,Leicester,Tottenham,1.0,6.0,A,12.0,26.0,5.0,12.0,11.0,8.0,4.0,4.0,3.0,1.0,0.0,0.0,4.5,3.8,1.85,4.44,3.78,1.88,4.5,3.8,2.0,4.29,3.69,1.85,43.0,2016/2017
E0,2017-05-21,Leicester,Bournemouth,1.0,1.0,D,21.0,10.0,5.0,4.0,11.0,10.0,9.0,1.0,4.0,1.0,0.0,0.0,2.0,3.6,4.0,1.91,3.75,4.35,2.0,3.85,4.35,1.92,3.67,3.95,43.0,2016/2017
E0,2017-05-21,Arsenal,Everton,3.0,1.0,H,17.0,22.0,9.0,7.0,10.0,15.0,4.0,6.0,2.0,4.0,1.0,0.0,1.45,5.0,7.5,1.42,5.29,7.75,1.45,5.29,8.0,1.42,4.96,7.29,42.0,2016/2017
E0,2017-05-21,Chelsea,Sunderland,5.0,1.0,H,28.0,7.0,8.0,3.0,8.0,15.0,11.0,1.0,1.0,1.0,0.0,0.0,1.14,9.0,23.0,1.16,9.01,21.02,1.2,9.55,26.0,1.15,8.17,19.89,43.0,2016/2017
E0,2017-05-21,Hull,Tottenham,1.0,7.0,A,10.0,19.0,4.0,14.0,14.0,5.0,2.0,3.0,0.0,0.0,0.0,0.0,7.0,4.75,1.5,6.36,4.61,1.55,7.0,4.75,1.6,6.09,4.4,1.53,43.0,2016/2017
E0,2017-05-21,Burnley,West Ham,1.0,2.0,A,9.0,14.0,1.0,4.0,11.0,14.0,2.0,5.0,2.0,2.0,0.0,0.0,2.45,3.5,3.0,2.38,3.4,3.26,2.45,3.5,3.26,2.38,3.4,3.02,43.0,2016/2017
E0,2017-05-21,Swansea,West Brom,2.0,1.0,H,12.0,16.0,2.0,5.0,8.0,10.0,7.0,4.0,1.0,1.0,0.0,0.0,2.1,3.5,3.75,2.1,3.68,3.67,2.1,3.68,3.8,2.06,3.51,3.63,43.0,2016/2017
E0,2017-05-21,Manchester United,Crystal Palace,2.0,0.0,H,9.0,6.0,2.0,1.0,16.0,10.0,3.0,6.0,2.0,0.0,0.0,0.0,2.5,3.3,3.1,2.44,3.4,3.14,2.6,3.5,3.19,2.48,3.31,2.94,43.0,2016/2017
E0,2017-05-21,Southampton,Stoke,0.0,1.0,A,14.0,14.0,6.0,3.0,12.0,10.0,4.0,10.0,2.0,4.0,0.0,0.0,1.8,3.8,4.75,1.8,3.95,4.73,1.8,3.95,5.0,1.77,3.79,4.6,43.0,2016/2017
E0,2017-05-21,Watford,Manchester City,0.0,5.0,A,6.0,15.0,3.0,9.0,12.0,10.0,4.0,5.0,1.0,0.0,0.0,0.0,11.0,6.0,1.3,11.51,6.21,1.29,13.0,6.25,1.31,10.78,5.9,1.28,41.0,2016/2017
E0,2017-05-21,Liverpool,Middlesbrough,3.0,0.0,H,25.0,9.0,10.0,3.0,13.0,8.0,3.0,3.0,0.0,1.0,0.0,0.0,1.14,9.0,23.0,1.14,9.31,27.82,1.15,9.5,31.75,1.12,8.61,26.64,43.0,2016/2017
E0,2017-08-11,Arsenal,Leicester,4.0,3.0,H,27.0,6.0,10.0,3.0,9.0,12.0,9.0,4.0,0.0,1.0,0.0,0.0,1.53,4.5,6.5,1.53,4.55,6.85,1.55,4.6,6.89,1.51,4.43,6.44,41.0,2017/2018
E0,2017-08-12,Chelsea,Burnley,2.0,3.0,A,19.0,10.0,6.0,5.0,16.0,11.0,8.0,5.0,3.0,3.0,2.0,0.0,1.25,6.5,15.0,1.26,6.3,15.25,1.27,6.55,15.5,1.24,6.06,13.67,41.0,2017/2018
E0,2017-08-12,Crystal Palace,Huddersfield,0.0,3.0,A,14.0,8.0,4.0,6.0,7.0,19.0,12.0,9.0,1.0,3.0,0.0,0.0,1.83,3.6,5.0,1.83,3.58,5.11,1.86,3.65,5.11,1.81,3.5,4.82,41.0,2017/2018
E0,2017-08-12,Watford,Liverpool,3.0,3.0,D,9.0,14.0,4.0,5.0,14.0,8.0,3.0,3.0,0.0,3.0,0.0,0.0,6.0,4.2,1.62,5.74,4.29,1.63,6.5,4.3,1.65,5.75,4.06,1.6,41.0,2017/2018
E0,2017-08-12,Brighton,Manchester City,0.0,2.0,A,6.0,14.0,2.0,4.0,6.0,9.0,3.0,10.0,0.0,2.0,0.0,0.0,11.0,5.5,1.33,10.95,5.55,1.34,11.5,5.6,1.36,10.1,5.25,1.32,40.0,2017/2018
E0,2017-08-12,West Brom,Bournemouth,1.0,0.0,H,16.0,9.0,6.0,2.0,15.0,3.0,8.0,2.0,3.0,1.0,0.0,0.0,2.4,3.3,3.3,2.46,3.25,3.26,2.5,3.3,3.3,2.43,3.19,3.11,41.0,2017/2018
E0,2017-08-12,Southampton,Swansea,0.0,0.0,D,29.0,4.0,2.0,0.0,10.0,13.0,13.0,0.0,2.0,1.0,0.0,0.0,1.62,4.0,6.5,1.64,3.94,6.35,1.66,4.05,6.5,1.61,3.84,5.98,41.0,2017/2018
E0,2017-08-12,Everton,Stoke,1.0,0.0,H,9.0,9.0,4.0,1.0,13.0,10.0,6.0,7.0,1.0,1.0,0.0,0.0,1.7,3.8,5.75,1.7,3.83,5.81,1.71,3.85,6.0,1.69,3.69,5.5,40.0,2017/2018
E0,2017-08-13,Manchester United,West Ham,4.0,0.0,H,22.0,9.0,6.0,1.0,19.0,7.0,11.0,1.0,2.0,2.0,0.0,0.0,1.3,5.75,12.0,1.33,5.68,10.85,1.35,5.75,13.0,1.31,5.29,10.74,40.0,2017/2018
E0,2017-08-13,Newcastle,Tottenham,0.0,2.0,A,6.0,18.0,3.0,6.0,6.0,10.0,5.0,7.0,1.0,2.0,1.0,0.0,5.5,4.0,1.7,5.35,4.0,1.71,5.5,4.0,1.75,5.16,3.87,1.69,41.0,2017/2018
E0,2017-08-19,Bournemouth,Watford,0.0,2.0,A,6.0,19.0,2.0,7.0,6.0,14.0,8.0,5.0,1.0,3.0,0.0,0.0,2.0,3.6,4.0,1.98,3.63,4.16,2.01,3.7,4.16,1.96,3.56,3.9,36.0,2017/2018
E0,2017-08-19,Burnley,West Brom,0.0,1.0,A,20.0,8.0,0.0,1.0,11.0,11.0,5.0,5.0,1.0,0.0,0.0,1.0,2.63,3.2,3.0,2.64,3.17,3.07,2.72,3.2,3.13,2.56,3.1,3.02,36.0,2017/2018
E0,2017-08-19,Leicester,Brighton,2.0,0.0,H,14.0,5.0,4.0,2.0,8.0,10.0,6.0,2.0,1.0,0.0,0.0,0.0,1.73,3.8,5.5,1.74,3.85,5.43,1.78,3.85,5.5,1.73,3.7,5.06,35.0,2017/2018
E0,2017-08-19,Liverpool,Crystal Palace,1.0,0.0,H,23.0,4.0,13.0,1.0,12.0,13.0,4.0,2.0,1.0,3.0,0.0,0.0,1.36,5.25,9.5,1.39,5.24,9.27,1.4,5.4,10.0,1.37,5.02,8.86,36.0,2017/2018
E0,2017-08-19,Southampton,West Ham,3.0,2.0,H,14.0,16.0,5.0,8.0,18.0,10.0,7.0,2.0,1.0,1.0,0.0,1.0,1.75,3.8,5.25,1.71,3.96,5.43,1.78,3.96,5.43,1.73,3.74,4.96,36.0,2017/2018
E0,2017-08-19,Stoke,Arsenal,1.0,0.0,H,11.0,18.0,4.0,6.0,6.0,11.0,2.0,9.0,0.0,0.0,0.0,0.0,4.5,3.8,1.85,4.39,3.85,1.88,4.8,3.85,1.89,4.41,3.69,1.83,35.0,2017/2018
E0,2017-08-19,Swansea,Manchester United,0.0,4.0,A,6.0,17.0,1.0,8.0,12.0,11.0,3.0,5.0,1.0,1.0,0.0,0.0,11.0,5.0,1.36,12.01,5.33,1.33,12.01,5.33,1.4,10.48,4.89,1.35,36.0,2017/2018
E0,2017-08-20,Huddersfield,Newcastle,1.0,0.0,H,7.0,13.0,3.0,5.0,13.0,10.0,7.0,3.0,3.0,4.0,0.0,0.0,2.5,3.25,3.2,2.51,3.31,3.13,2.51,3.31,3.25,2.42,3.2,3.12,36.0,2017/2018
E0,2017-08-20,Tottenham,Chelsea,1.0,2.0,A,18.0,9.0,6.0,2.0,14.0,21.0,14.0,3.0,3.0,3.0,0.0,0.0,2.1,3.6,3.75,2.08,3.58,3.85,2.12,3.65,3.85,2.07,3.46,3.65,36.0,2017/2018
E0,2017-08-21,Manchester City,Everton,1.0,1.0,D,19.0,7.0,6.0,2.0,7.0,9.0,7.0,1.0,1.0,2.0,1.0,1.0,1.33,5.75,10.0,1.31,5.88,11.27,1.36,5.88,11.27,1.31,5.48,10.04,34.0,2017/2018
E0,2017-08-26,Bournemouth,Manchester City,1.0,2.0,A,9.0,19.0,3.0,8.0,13.0,14.0,2.0,5.0,5.0,4.0,0.0,1.0,11.0,6.0,1.3,11.14,5.79,1.32,11.14,6.0,1.35,9.8,5.58,1.32,35.0,2017/2018
E0,2017-08-26,Crystal Palace,Swansea,0.0,2.0,A,16.0,7.0,3.0,3.0,9.0,6.0,1.0,1.0,4.0,1.0,0.0,0.0,1.95,3.5,4.33,1.99,3.43,4.41,2.02,3.51,4.41,1.95,3.42,4.22,35.0,2017/2018
E0,2017-08-26,Huddersfield,Southampton,0.0,0.0,D,16.0,6.0,6.0,3.0,10.0,10.0,5.0,4.0,0.0,1.0,0.0,0.0,3.9,3.4,2.1,4.01,3.45,2.08,4.01,3.45,2.3,3.8,3.32,2.09,35.0,2017/2018
E0,2017-08-26,Manchester United,Leicester,2.0,0.0,H,22.0,11.0,7.0,4.0,8.0,7.0,9.0,3.0,1.0,2.0,0.0,0.0,1.33,5.5,11.0,1.33,5.56,11.31,1.35,6.0,11.31,1.33,5.32,9.97,35.0,2017/2018
E0,2017-08-26,Newcastle,West Ham,3.0,0.0,H,16.0,8.0,8.0,3.0,17.0,11.0,7.0,5.0,1.0,3.0,0.0,0.0,2.3,3.4,3.4,2.34,3.42,3.33,2.45,3.45,3.4,2.3,3.34,3.26,35.0,2017/2018
E0,2017-08-26,Watford,Brighton,0.0,0.0,D,8.0,16.0,0.0,2.0,7.0,18.0,3.0,11.0,0.0,1.0,1.0,0.0,1.91,3.4,4.0,1.99,3.37,4.5,2.01,3.5,4.55,1.95,3.37,4.26,35.0,2017/2018
E0,2017-08-27,Chelsea,Everton,2.0,0.0,H,18.0,7.0,7.0,0.0,12.0,7.0,6.0,3.0,2.0,2.0,0.0,0.0,1.45,4.5,8.5,1.47,4.55,8.45,1.48,4.6,8.5,1.45,4.44,7.91,34.0,2017/2018
E0,2017-08-27,Liverpool,Arsenal,4.0,0.0,H,18.0,8.0,10.0,0.0,6.0,9.0,4.0,3.0,2.0,4.0,0.0,0.0,2.15,3.7,3.5,2.16,3.72,3.46,2.21,3.8,3.55,2.14,3.6,3.36,35.0,2017/2018
E0,2017-08-27,Tottenham,Burnley,1.0,1.0,D,28.0,13.0,5.0,3.0,9.0,9.0,10.0,7.0,0.0,0.0,0.0,0.0,1.25,6.5,15.0,1.26,6.45,14.0,1.27,6.55,15.0,1.24,6.16,13.33,35.0,2017/2018
E0,2017-08-27,West Brom,Stoke,1.0,1.0,D,10.0,16.0,2.0,2.0,10.0,9.0,10.0,4.0,2.0,2.0,0.0,0.0,2.4,3.1,3.5,2.39,3.12,3.55,2.45,3.3,3.56,2.37,3.08,3.36,35.0,2017/2018
E0,2017-09-09,Arsenal,Bournemouth,3.0,0.0,H,17.0,7.0,9.0,2.0,14.0,10.0,10.0,3.0,0.0,1.0,0.0,0.0,1.36,5.5,9.0,1.39,5.59,8.29,1.39,5.8,9.0,1.36,5.36,8.22,34.0,2017/2018
E0,2017-09-09,Leicester,Chelsea,1.0,2.0,A,8.0,16.0,2.0,6.0,11.0,8.0,2.0,9.0,1.0,0.0,0.0,0.0,4.75,3.9,1.8,4.73,3.83,1.83,4.75,3.93,1.84,4.51,3.73,1.8,34.0,2017/2018
E0,2017-09-09,Everton,Tottenham,0.0,3.0,A,12.0,15.0,1.0,6.0,14.0,14.0,7.0,3.0,3.0,1.0,0.0,0.0,3.8,3.5,2.1,3.94,3.5,2.08,3.94,3.5,2.15,3.69,3.4,2.09,34.0,2017/2018
E0,2017-09-09,Southampton,Watford,0.0,2.0,A,9.0,12.0,1.0,3.0,8.0,11.0,7.0,4.0,0.0,0.0,0.0,0.0,1.65,4.0,6.0,1.67,3.96,5.95,1.72,4.05,6.0,1.66,3.86,5.56,34.0,2017/2018
E0,2017-09-09,Manchester City,Liverpool,5.0,0.0,H,13.0,10.0,7.0,3.0,10.0,9.0,8.0,3.0,2.0,2.0,0.0,1.0,1.85,4.0,4.2,1.89,3.94,4.2,2.0,4.0,4.33,1.87,3.82,4.03,34.0,2017/2018
E0,2017-09-09,Brighton,West Brom,3.0,1.0,H,12.0,12.0,6.0,3.0,9.0,4.0,2.0,6.0,2.0,0.0,0.0,0.0,2.7,3.1,3.0,2.76,3.0,3.08,2.76,3.3,3.2,2.63,3.01,3.01,34.0,2017/2018
E0,2017-09-09,Stoke,Manchester United,2.0,2.0,D,10.0,18.0,5.0,8.0,10.0,10.0,5.0,11.0,0.0,0.0,0.0,0.0,7.5,4.5,1.5,7.42,4.43,1.52,7.51,4.65,1.55,7.02,4.27,1.5,34.0,2017/2018
E0,2017-09-10,Burnley,Crystal Palace,1.0,0.0,H,4.0,23.0,2.0,5.0,7.0,14.0,3.0,13.0,1.0,1.0,0.0,0.0,2.3,3.25,3.5,2.36,3.23,3.48,2.5,3.3,3.51,2.33,3.19,3.32,34.0,2017/2018
E0,2017-09-10,Swansea,Newcastle,0.0,1.0,A,10.0,16.0,4.0,8.0,11.0,15.0,7.0,5.0,2.0,3.0,0.0,0.0,2.4,3.25,3.3,2.41,3.28,3.32,2.5,3.35,3.35,2.38,3.2,3.21,34.0,2017/2018
E0,2017-09-11,West Ham,Huddersfield,2.0,0.0,H,19.0,10.0,3.0,2.0,11.0,14.0,10.0,3.0,1.0,2.0,0.0,0.0,1.95,3.5,4.5,1.97,3.46,4.46,2.0,3.6,4.65,1.92,3.46,4.27,33.0,2017/2018
E0,2017-09-15,Bournemouth,Brighton,2.0,1.0,H,15.0,9.0,3.0,2.0,5.0,12.0,6.0,4.0,0.0,0.0,0.0,0.0,2.15,3.4,3.8,2.17,3.44,3.74,2.2,3.44,3.95,2.14,3.34,3.66,36.0,2017/2018
E0,2017-09-16,Crystal Palace,Southampton,0.0,1.0,A,14.0,13.0,3.0,4.0,14.0,13.0,5.0,5.0,5.0,1.0,0.0,0.0,3.0,3.3,2.6,2.99,3.32,2.6,3.05,3.35,2.67,2.95,3.21,2.54,36.0,2017/2018
E0,2017-09-16,Huddersfield,Leicester,1.0,1.0,D,15.0,10.0,3.0,1.0,6.0,6.0,8.0,4.0,1.0,1.0,0.0,0.0,3.5,3.4,2.25,3.46,3.42,2.28,3.5,3.45,2.5,3.31,3.33,2.27,36.0,2017/2018
E0,2017-09-16,West Brom,West Ham,0.0,0.0,D,6.0,9.0,1.0,1.0,15.0,7.0,2.0,3.0,2.0,2.0,0.0,0.0,2.38,3.25,3.4,2.36,3.27,3.43,2.45,3.35,3.5,2.33,3.22,3.29,36.0,2017/2018
E0,2017-09-16,Liverpool,Burnley,1.0,1.0,D,35.0,5.0,9.0,4.0,7.0,9.0,12.0,2.0,1.0,2.0,0.0,0.0,1.29,6.0,13.0,1.27,6.3,13.45,1.3,6.4,13.45,1.26,5.89,11.99,36.0,2017/2018
E0,2017-09-16,Tottenham,Swansea,0.0,0.0,D,26.0,4.0,8.0,0.0,11.0,9.0,11.0,1.0,1.0,3.0,0.0,0.0,1.22,7.0,15.0,1.25,6.7,14.0,1.27,7.0,15.0,1.23,6.38,13.26,36.0,2017/2018
E0,2017-09-16,Watford,Manchester City,0.0,6.0,A,7.0,28.0,1.0,10.0,8.0,6.0,3.0,11.0,2.0,0.0,0.0,0.0,9.0,6.0,1.33,9.83,5.64,1.35,10.0,6.0,1.37,8.75,5.36,1.34,36.0,2017/2018
E0,2017-09-16,Newcastle,Stoke,2.0,1.0,H,14.0,13.0,3.0,4.0,13.0,11.0,7.0,5.0,3.0,1.0,0.0,0.0,2.38,3.25,3.4,2.37,3.23,3.46,2.43,3.3,3.5,2.34,3.21,3.28,36.0,2017/2018
E0,2017-09-17,Chelsea,Arsenal,0.0,0.0,D,13.0,11.0,4.0,2.0,11.0,15.0,5.0,1.0,1.0,3.0,1.0,0.0,1.8,4.0,4.5,1.81,4.02,4.57,1.85,4.02,4.85,1.8,3.85,4.37,36.0,2017/2018
E0,2017-09-17,Manchester United,Everton,4.0,0.0,H,16.0,7.0,7.0,3.0,15.0,14.0,4.0,1.0,1.0,1.0,0.0,0.0,1.36,5.25,10.0,1.35,5.3,10.93,1.36,5.5,12.0,1.34,5.09,10.03,36.0,2017/2018
E0,2017-09-23,Swansea,Watford,1.0,2.0,A,10.0,8.0,3.0,4.0,9.0,16.0,5.0,4.0,1.0,3.0,0.0,0.0,2.4,3.3,3.25,2.43,3.29,3.28,2.45,3.4,3.3,2.36,3.26,3.17,40.0,2017/2018
E0,2017-09-23,West Ham,Tottenham,2.0,3.0,A,10.0,15.0,4.0,5.0,10.0,20.0,4.0,3.0,4.0,2.0,0.0,1.0,6.0,4.33,1.6,5.95,4.36,1.61,6.0,4.36,1.7,5.6,4.15,1.6,40.0,2017/2018
E0,2017-09-23,Burnley,Huddersfield,0.0,0.0,D,5.0,9.0,3.0,2.0,9.0,13.0,3.0,4.0,3.0,2.0,0.0,0.0,2.15,3.25,3.9,2.21,3.23,3.89,2.22,3.35,3.9,2.17,3.19,3.71,40.0,2017/2018
E0,2017-09-23,Everton,Bournemouth,2.0,1.0,H,12.0,8.0,4.0,4.0,12.0,11.0,4.0,6.0,3.0,1.0,0.0,0.0,1.65,4.0,5.75,1.72,3.92,5.43,1.72,4.0,5.75,1.68,3.83,5.34,39.0,2017/2018
E0,2017-09-23,Leicester,Liverpool,2.0,3.0,A,12.0,23.0,7.0,6.0,13.0,14.0,3.0,6.0,3.0,3.0,0.0,0.0,4.1,3.9,1.91,4.27,3.87,1.89,4.3,4.0,2.0,4.07,3.74,1.89,40.0,2017/2018
E0,2017-09-23,Manchester City,Crystal Palace,5.0,0.0,H,25.0,5.0,9.0,0.0,6.0,7.0,8.0,2.0,3.0,1.0,0.0,0.0,1.14,10.0,21.0,1.15,10.0,18.5,1.16,10.0,23.0,1.14,8.84,19.23,40.0,2017/2018
E0,2017-09-23,Southampton,Manchester United,0.0,1.0,A,14.0,9.0,4.0,4.0,12.0,9.0,8.0,4.0,1.0,4.0,0.0,0.0,5.5,3.8,1.73,5.35,3.82,1.75,5.5,3.85,1.77,5.08,3.69,1.73,40.0,2017/2018
E0,2017-09-23,Stoke,Chelsea,0.0,4.0,A,13.0,7.0,2.0,4.0,5.0,14.0,5.0,0.0,2.0,2.0,0.0,0.0,6.0,4.1,1.62,5.69,4.25,1.64,6.1,4.25,1.67,5.66,4.04,1.61,40.0,2017/2018
E0,2017-09-24,Brighton,Newcastle,1.0,0.0,H,7.0,17.0,3.0,5.0,6.0,8.0,2.0,8.0,2.0,1.0,0.0,0.0,2.8,3.1,2.9,2.78,3.1,2.96,2.85,3.3,2.96,2.7,3.1,2.83,40.0,2017/2018
E0,2017-09-25,Arsenal,West Brom,2.0,0.0,H,16.0,7.0,6.0,3.0,8.0,17.0,7.0,4.0,1.0,4.0,0.0,0.0,1.33,5.5,11.0,1.36,5.45,10.0,1.38,5.65,11.0,1.34,5.22,9.49,39.0,2017/2018
E0,2017-09-30,Bournemouth,Leicester,0.0,0.0,D,19.0,8.0,4.0,1.0,6.0,10.0,7.0,5.0,1.0,0.0,0.0,0.0,2.8,3.25,2.5,2.9,3.48,2.58,2.9,3.5,2.68,2.78,3.36,2.53,38.0,2017/2018
E0,2017-09-30,Chelsea,Manchester City,0.0,1.0,A,4.0,17.0,2.0,6.0,8.0,13.0,4.0,8.0,0.0,2.0,0.0,0.0,2.75,3.3,2.5,2.84,3.63,2.54,2.91,3.63,2.69,2.78,3.44,2.49,38.0,2017/2018
E0,2017-09-30,Huddersfield,Tottenham,0.0,4.0,A,6.0,14.0,1.0,7.0,7.0,4.0,4.0,7.0,1.0,1.0,0.0,0.0,8.5,4.75,1.36,9.54,5.0,1.4,9.54,5.05,1.45,8.47,4.7,1.39,39.0,2017/2018
E0,2017-09-30,Manchester United,Crystal Palace,4.0,0.0,H,18.0,6.0,7.0,1.0,6.0,9.0,6.0,5.0,0.0,0.0,0.0,0.0,1.17,7.0,15.0,1.19,7.9,19.0,1.19,8.03,23.0,1.17,7.29,17.9,38.0,2017/2018
E0,2017-09-30,Stoke,Southampton,2.0,1.0,H,17.0,21.0,6.0,3.0,11.0,10.0,5.0,6.0,1.0,2.0,0.0,0.0,2.88,3.2,2.45,3.06,3.38,2.52,3.06,3.38,2.73,2.9,3.22,2.51,38.0,2017/2018
E0,2017-09-30,West Brom,Watford,2.0,2.0,D,9.0,15.0,4.0,3.0,12.0,11.0,7.0,6.0,3.0,0.0,0.0,0.0,2.15,3.2,3.5,2.33,3.13,3.69,2.35,3.35,3.7,2.24,3.14,3.49,38.0,2017/2018
E0,2017-09-30,West Ham,Swansea,1.0,0.0,H,9.0,6.0,4.0,1.0,15.0,13.0,2.0,1.0,3.0,2.0,0.0,0.0,1.8,3.5,4.5,1.9,3.49,4.84,1.91,3.6,4.9,1.86,3.46,4.47,38.0,2017/2018
E0,2017-10-01,Arsenal,Brighton,2.0,0.0,H,25.0,9.0,12.0,1.0,7.0,8.0,6.0,5.0,0.0,2.0,0.0,0.0,1.2,6.5,13.0,1.27,6.65,12.35,1.27,6.65,14.0,1.24,6.16,12.23,38.0,2017/2018
E0,2017-10-01,Everton,Burnley,0.0,1.0,A,23.0,5.0,4.0,2.0,14.0,7.0,9.0,3.0,2.0,2.0,0.0,0.0,1.67,3.6,5.75,1.68,3.81,6.2,1.7,3.9,6.2,1.65,3.71,5.74,37.0,2017/2018
E0,2017-10-01,Newcastle,Liverpool,1.0,1.0,D,8.0,17.0,5.0,2.0,11.0,6.0,1.0,5.0,1.0,1.0,0.0,0.0,5.0,3.8,1.67,5.09,4.17,1.71,5.2,4.17,1.77,4.82,3.9,1.71,38.0,2017/2018
E0,2017-10-14,Manchester City,Stoke,7.0,2.0,H,20.0,5.0,11.0,1.0,5.0,8.0,5.0,0.0,0.0,1.0,0.0,0.0,1.14,9.5,21.0,1.16,9.0,19.9,1.17,9.5,23.0,1.14,8.69,18.5,34.0,2017/2018
E0,2017-10-14,Burnley,West Ham,1.0,1.0,D,20.0,8.0,5.0,6.0,11.0,14.0,7.0,4.0,2.0,2.0,0.0,1.0,2.75,3.25,2.8,2.8,3.23,2.83,2.81,3.3,2.89,2.67,3.18,2.78,33.0,2017/2018
E0,2017-10-14,Liverpool,Manchester United,0.0,0.0,D,19.0,6.0,5.0,1.0,7.0,13.0,7.0,3.0,0.0,2.0,0.0,0.0,2.8,3.25,2.8,2.77,3.32,2.79,2.87,3.4,2.8,2.71,3.26,2.7,34.0,2017/2018
E0,2017-10-14,Tottenham,Bournemouth,1.0,0.0,H,18.0,5.0,6.0,1.0,9.0,7.0,9.0,5.0,1.0,3.0,0.0,0.0,1.2,8.0,15.0,1.21,7.92,14.37,1.25,8.0,16.0,1.2,7.1,13.4,34.0,2017/2018
E0,2017-10-14,Swansea,Huddersfield,2.0,0.0,H,7.0,7.0,3.0,2.0,12.0,16.0,5.0,3.0,1.0,5.0,0.0,0.0,2.2,3.25,3.75,2.21,3.16,3.98,2.21,3.4,4.1,2.15,3.13,3.78,33.0,2017/2018
E0,2017-10-14,Watford,Arsenal,2.0,1.0,H,11.0,9.0,2.0,6.0,8.0,10.0,2.0,5.0,1.0,0.0,0.0,0.0,5.25,4.33,1.65,5.49,4.37,1.64,5.65,4.4,1.75,5.17,4.18,1.63,34.0,2017/2018
E0,2017-10-14,Crystal Palace,Chelsea,2.0,1.0,H,14.0,15.0,5.0,5.0,7.0,6.0,5.0,8.0,2.0,1.0,0.0,0.0,9.0,5.0,1.4,8.5,4.92,1.43,9.5,5.0,1.45,8.46,4.67,1.4,34.0,2017/2018
E0,2017-10-15,Brighton,Everton,1.0,1.0,D,12.0,13.0,3.0,6.0,12.0,10.0,7.0,1.0,4.0,1.0,0.0,0.0,3.25,3.3,2.4,3.22,3.18,2.53,3.3,3.3,2.53,3.19,3.14,2.41,33.0,2017/2018
E0,2017-10-15,Southampton,Newcastle,2.0,2.0,D,12.0,19.0,2.0,5.0,11.0,12.0,3.0,8.0,1.0,2.0,0.0,0.0,1.91,3.6,4.5,1.87,3.58,4.85,1.91,3.6,4.9,1.85,3.49,4.5,34.0,2017/2018
E0,2017-10-16,Leicester,West Brom,1.0,1.0,D,11.0,5.0,3.0,1.0,13.0,6.0,4.0,1.0,2.0,2.0,0.0,0.0,2.05,3.4,4.2,2.03,3.4,4.28,2.13,3.5,4.3,2.01,3.32,3.99,33.0,2017/2018
E0,2017-10-20,West Ham,Brighton,0.0,3.0,A,16.0,7.0,2.0,5.0,5.0,13.0,10.0,3.0,1.0,0.0,0.0,0.0,1.83,3.5,5.25,1.82,3.53,5.34,1.87,3.55,5.43,1.82,3.42,4.96,36.0,2017/2018
E0,2017-10-21,Huddersfield,Manchester United,2.0,1.0,H,5.0,9.0,3.0,3.0,10.0,12.0,4.0,7.0,4.0,2.0,0.0,0.0,11.0,5.0,1.36,11.73,5.12,1.35,11.73,5.3,1.37,10.29,4.87,1.34,36.0,2017/2018
E0,2017-10-21,Chelsea,Watford,4.0,2.0,H,14.0,16.0,8.0,5.0,13.0,16.0,6.0,6.0,2.0,3.0,0.0,0.0,1.36,5.25,10.0,1.4,5.08,8.95,1.4,5.5,10.0,1.36,5.02,8.7,36.0,2017/2018
E0,2017-10-21,Manchester City,Burnley,3.0,0.0,H,15.0,6.0,10.0,0.0,10.0,6.0,4.0,5.0,2.0,3.0,0.0,0.0,1.11,12.0,26.0,1.12,12.2,23.0,1.15,12.4,31.0,1.1,10.5,23.54,36.0,2017/2018
E0,2017-10-21,Newcastle,Crystal Palace,1.0,0.0,H,7.0,10.0,3.0,0.0,12.0,14.0,3.0,5.0,4.0,2.0,0.0,0.0,2.0,3.5,4.2,1.98,3.58,4.24,2.06,3.6,4.33,1.97,3.41,4.05,36.0,2017/2018
E0,2017-10-21,Stoke,Bournemouth,1.0,2.0,A,10.0,7.0,2.0,3.0,17.0,10.0,8.0,3.0,0.0,1.0,0.0,0.0,2.14,3.5,3.6,2.21,3.44,3.61,2.23,3.5,3.8,2.15,3.38,3.48,36.0,2017/2018
E0,2017-10-21,Southampton,West Brom,1.0,0.0,H,20.0,7.0,6.0,2.0,10.0,8.0,8.0,3.0,0.0,1.0,0.0,0.0,1.85,3.39,5.25,1.82,3.47,5.49,1.9,3.6,5.5,1.81,3.37,5.04,36.0,2017/2018
E0,2017-10-21,Swansea,Leicester,1.0,2.0,A,19.0,11.0,4.0,6.0,6.0,9.0,7.0,6.0,0.0,1.0,0.0,0.0,2.79,3.25,2.75,2.83,3.31,2.74,2.9,3.31,2.95,2.77,3.21,2.65,36.0,2017/2018
E0,2017-10-22,Everton,Arsenal,2.0,5.0,A,8.0,30.0,3.0,14.0,14.0,14.0,0.0,7.0,1.0,1.0,1.0,0.0,3.79,3.6,2.04,3.84,3.71,2.04,4.0,3.75,2.1,3.77,3.52,2.01,35.0,2017/2018
E0,2017-10-22,Tottenham,Liverpool,4.0,1.0,H,14.0,12.0,6.0,7.0,2.0,8.0,3.0,5.0,0.0,1.0,0.0,0.0,2.25,3.5,3.39,2.22,3.62,3.4,2.25,3.62,3.5,2.18,3.48,3.32,35.0,2017/2018
E0,2017-10-28,Arsenal,Swansea,2.0,1.0,H,17.0,4.0,5.0,2.0,9.0,9.0,5.0,2.0,0.0,0.0,0.0,0.0,1.25,7.0,12.0,1.24,7.35,13.5,1.25,7.35,15.0,1.22,6.7,12.66,35.0,2017/2018
E0,2017-10-28,Bournemouth,Chelsea,0.0,1.0,A,7.0,18.0,1.0,5.0,5.0,5.0,5.0,5.0,2.0,0.0,0.0,0.0,6.0,4.2,1.61,5.59,4.29,1.65,6.0,4.3,1.68,5.35,4.14,1.62,35.0,2017/2018
E0,2017-10-28,Crystal Palace,West Ham,2.0,2.0,D,19.0,6.0,9.0,2.0,18.0,15.0,11.0,2.0,1.0,2.0,0.0,0.0,2.39,3.29,3.29,2.36,3.34,3.37,2.41,3.4,3.37,2.34,3.27,3.2,35.0,2017/2018
E0,2017-10-28,Liverpool,Huddersfield,3.0,0.0,H,16.0,1.0,8.0,0.0,10.0,8.0,9.0,2.0,0.0,1.0,0.0,0.0,1.25,6.75,13.0,1.25,6.7,14.0,1.29,6.9,14.0,1.24,6.33,12.15,35.0,2017/2018
E0,2017-10-28,Manchester United,Tottenham,1.0,0.0,H,11.0,13.0,3.0,4.0,12.0,14.0,6.0,3.0,1.0,0.0,0.0,0.0,2.14,3.39,3.79,2.23,3.38,3.62,2.25,3.5,3.8,2.16,3.3,3.6,35.0,2017/2018
E0,2017-10-28,Watford,Stoke,0.0,1.0,A,13.0,6.0,0.0,2.0,10.0,9.0,8.0,1.0,4.0,4.0,0.0,0.0,2.04,3.6,3.79,2.04,3.69,3.86,2.13,3.69,3.9,2.03,3.52,3.71,35.0,2017/2018
E0,2017-10-28,West Brom,Manchester City,2.0,3.0,A,6.0,15.0,4.0,5.0,10.0,7.0,1.0,2.0,2.0,3.0,0.0,0.0,11.0,6.5,1.28,12.41,6.83,1.26,13.0,6.83,1.29,11.86,6.18,1.25,34.0,2017/2018
E0,2017-10-29,Brighton,Southampton,1.0,1.0,D,7.0,6.0,2.0,1.0,9.0,10.0,2.0,7.0,3.0,1.0,0.0,0.0,3.29,3.2,2.45,3.35,3.23,2.43,3.35,3.3,2.5,3.21,3.13,2.4,34.0,2017/2018
E0,2017-10-29,Leicester,Everton,2.0,0.0,H,9.0,16.0,3.0,2.0,6.0,10.0,3.0,10.0,0.0,2.0,0.0,0.0,2.14,3.39,3.75,2.16,3.47,3.71,2.22,3.5,3.75,2.13,3.37,3.53,33.0,2017/2018
E0,2017-10-30,Burnley,Newcastle,1.0,0.0,H,12.0,12.0,5.0,5.0,9.0,10.0,5.0,3.0,3.0,0.0,0.0,0.0,2.89,3.2,2.7,3.05,3.13,2.69,3.05,3.3,2.7,2.9,3.12,2.6,34.0,2017/2018
E0,2017-11-04,Huddersfield,West Brom,1.0,0.0,H,7.0,9.0,3.0,3.0,8.0,15.0,3.0,5.0,1.0,4.0,1.0,0.0,2.79,3.0,3.0,2.78,3.01,3.04,2.85,3.1,3.04,2.73,2.96,2.93,36.0,2017/2018
E0,2017-11-04,Newcastle,Bournemouth,0.0,1.0,A,16.0,16.0,4.0,6.0,11.0,12.0,11.0,9.0,2.0,2.0,0.0,0.0,2.0,3.5,4.2,1.99,3.47,4.36,2.06,3.5,4.36,1.98,3.42,4.05,36.0,2017/2018
E0,2017-11-04,Southampton,Burnley,0.0,1.0,A,13.0,5.0,3.0,1.0,4.0,4.0,9.0,1.0,0.0,0.0,0.0,0.0,1.66,3.75,6.5,1.64,3.76,6.91,1.75,3.8,7.0,1.64,3.64,6.2,36.0,2017/2018
E0,2017-11-04,Stoke,Leicester,2.0,2.0,D,11.0,14.0,7.0,4.0,12.0,8.0,4.0,10.0,0.0,0.0,0.0,0.0,2.7,3.29,2.87,2.74,3.33,2.82,2.75,3.35,2.95,2.65,3.25,2.77,36.0,2017/2018
E0,2017-11-04,Swansea,Brighton,0.0,1.0,A,12.0,5.0,2.0,2.0,13.0,12.0,8.0,7.0,2.0,1.0,0.0,0.0,2.39,3.2,3.39,2.47,3.13,3.38,2.47,3.35,3.44,2.38,3.1,3.29,36.0,2017/2018
E0,2017-11-04,West Ham,Liverpool,1.0,4.0,A,6.0,15.0,1.0,7.0,9.0,13.0,2.0,3.0,3.0,0.0,0.0,0.0,5.25,4.33,1.66,5.53,4.29,1.65,5.55,4.33,1.75,5.17,4.13,1.64,36.0,2017/2018
E0,2017-11-05,Chelsea,Manchester United,1.0,0.0,H,18.0,10.0,8.0,2.0,16.0,20.0,4.0,7.0,1.0,3.0,0.0,0.0,2.5,3.2,3.2,2.54,3.22,3.17,2.6,3.25,3.2,2.47,3.15,3.07,36.0,2017/2018
E0,2017-11-05,Everton,Watford,3.0,2.0,H,10.0,11.0,5.0,3.0,14.0,12.0,2.0,5.0,0.0,2.0,0.0,0.0,2.2,3.39,3.6,2.21,3.38,3.67,2.25,3.45,3.8,2.16,3.34,3.52,35.0,2017/2018
E0,2017-11-05,Manchester City,Arsenal,3.0,1.0,H,9.0,6.0,5.0,3.0,15.0,15.0,5.0,5.0,1.0,6.0,0.0,0.0,1.39,5.5,7.5,1.43,5.2,7.69,1.55,5.5,7.7,1.42,5.02,7.0,36.0,2017/2018
E0,2017-11-05,Tottenham,Crystal Palace,1.0,0.0,H,12.0,11.0,2.0,3.0,6.0,7.0,10.0,9.0,0.0,2.0,0.0,0.0,1.28,6.0,12.0,1.31,6.11,10.98,1.31,6.5,12.0,1.28,5.87,10.96,36.0,2017/2018
E0,2017-11-18,Crystal Palace,Everton,2.0,2.0,D,16.0,8.0,7.0,5.0,9.0,26.0,9.0,4.0,2.0,3.0,0.0,0.0,2.39,3.25,3.29,2.37,3.3,3.4,2.6,3.3,3.4,2.36,3.21,3.2,35.0,2017/2018
E0,2017-11-18,Bournemouth,Huddersfield,4.0,0.0,H,11.0,20.0,5.0,3.0,13.0,10.0,8.0,11.0,3.0,2.0,1.0,0.0,1.83,3.5,5.25,1.84,3.49,5.23,2.0,3.6,5.25,1.82,3.42,4.85,35.0,2017/2018
E0,2017-11-18,Burnley,Swansea,2.0,0.0,H,16.0,13.0,7.0,1.0,12.0,12.0,8.0,6.0,1.0,1.0,0.0,0.0,2.14,3.2,4.0,2.13,3.17,4.24,2.22,3.3,4.4,2.11,3.12,3.96,35.0,2017/2018
E0,2017-11-18,Arsenal,Tottenham,2.0,0.0,H,14.0,14.0,5.0,4.0,11.0,16.0,7.0,4.0,4.0,1.0,0.0,0.0,2.5,3.6,2.89,2.5,3.62,2.92,2.54,3.62,2.95,2.43,3.51,2.85,35.0,2017/2018
E0,2017-11-18,West Brom,Chelsea,0.0,4.0,A,7.0,11.0,2.0,7.0,13.0,12.0,3.0,4.0,2.0,3.0,0.0,0.0,6.5,4.0,1.61,6.46,4.09,1.61,6.5,4.1,1.65,6.13,3.89,1.6,35.0,2017/2018
E0,2017-11-18,Liverpool,Southampton,3.0,0.0,H,21.0,5.0,8.0,0.0,15.0,9.0,10.0,2.0,1.0,1.0,0.0,0.0,1.39,5.0,9.0,1.41,5.14,8.67,1.45,5.17,9.5,1.39,4.87,8.29,35.0,2017/2018
E0,2017-11-18,Manchester United,Newcastle,4.0,1.0,H,16.0,12.0,7.0,5.0,10.0,9.0,11.0,4.0,1.0,1.0,0.0,0.0,1.28,5.75,13.0,1.29,5.7,15.0,1.3,5.8,15.0,1.28,5.43,12.54,35.0,2017/2018
E0,2017-11-18,Leicester,Manchester City,0.0,2.0,A,2.0,12.0,0.0,4.0,8.0,10.0,1.0,7.0,1.0,1.0,0.0,0.0,9.5,5.75,1.33,9.06,5.89,1.35,9.5,5.89,1.37,8.54,5.49,1.34,35.0,2017/2018
E0,2017-11-19,Watford,West Ham,2.0,0.0,H,17.0,10.0,7.0,6.0,13.0,10.0,3.0,1.0,1.0,4.0,0.0,0.0,2.1,3.5,3.75,2.13,3.5,3.79,2.2,3.52,3.8,2.1,3.42,3.61,35.0,2017/2018
E0,2017-11-20,Brighton,Stoke,2.0,2.0,D,9.0,13.0,3.0,6.0,13.0,5.0,6.0,7.0,1.0,0.0,0.0,0.0,2.39,3.2,3.39,2.38,3.16,3.52,2.45,3.3,3.52,2.38,3.11,3.27,34.0,2017/2018
E0,2017-11-24,West Ham,Leicester,1.0,1.0,D,8.0,7.0,4.0,2.0,9.0,12.0,5.0,5.0,1.0,1.0,0.0,0.0,2.7,3.39,2.75,2.74,3.32,2.82,2.87,3.4,2.85,2.71,3.29,2.7,35.0,2017/2018
E0,2017-11-25,Manchester United,Brighton,1.0,0.0,H,15.0,8.0,4.0,2.0,9.0,9.0,5.0,0.0,0.0,2.0,0.0,0.0,1.19,7.0,19.0,1.19,7.42,20.97,1.22,7.5,22.0,1.19,6.72,18.1,35.0,2017/2018
E0,2017-11-25,Liverpool,Chelsea,1.0,1.0,D,16.0,11.0,4.0,3.0,10.0,7.0,7.0,8.0,0.0,0.0,0.0,0.0,2.14,3.6,3.5,2.12,3.68,3.62,2.2,3.68,3.7,2.12,3.5,3.46,35.0,2017/2018
E0,2017-11-25,Crystal Palace,Stoke,2.0,1.0,H,10.0,9.0,5.0,3.0,9.0,5.0,5.0,2.0,1.0,1.0,0.0,0.0,2.04,3.5,4.0,2.08,3.44,4.03,2.13,3.5,4.03,2.04,3.35,3.85,35.0,2017/2018
E0,2017-11-25,Newcastle,Watford,0.0,3.0,A,12.0,12.0,2.0,4.0,8.0,13.0,6.0,3.0,1.0,2.0,0.0,0.0,2.2,3.5,3.5,2.18,3.48,3.59,2.33,3.5,3.6,2.2,3.34,3.42,35.0,2017/2018
E0,2017-11-25,Tottenham,West Brom,1.0,1.0,D,24.0,5.0,5.0,2.0,10.0,13.0,8.0,0.0,1.0,4.0,0.0,0.0,1.25,6.0,16.0,1.27,6.2,14.35,1.3,6.25,17.0,1.25,5.83,13.89,35.0,2017/2018
E0,2017-11-25,Swansea,Bournemouth,0.0,0.0,D,10.0,9.0,1.0,5.0,18.0,6.0,4.0,5.0,4.0,2.0,0.0,0.0,2.79,3.25,2.79,2.83,3.27,2.77,2.9,3.33,2.85,2.75,3.18,2.71,35.0,2017/2018
E0,2017-11-26,Burnley,Arsenal,0.0,1.0,A,8.0,17.0,2.0,2.0,8.0,14.0,5.0,5.0,2.0,0.0,0.0,0.0,6.5,4.5,1.53,5.89,4.47,1.6,6.5,4.52,1.63,5.83,4.24,1.57,35.0,2017/2018
E0,2017-11-26,Huddersfield,Manchester City,1.0,2.0,A,4.0,14.0,0.0,5.0,10.0,10.0,3.0,7.0,2.0,3.0,1.0,0.0,17.0,8.0,1.18,15.5,8.24,1.2,19.0,8.24,1.21,15.71,7.29,1.18,35.0,2017/2018
E0,2017-11-26,Southampton,Everton,4.0,1.0,H,17.0,5.0,5.0,2.0,6.0,13.0,7.0,2.0,0.0,0.0,0.0,0.0,1.9,3.39,4.75,1.88,3.49,4.98,2.0,3.5,5.2,1.87,3.39,4.64,34.0,2017/2018
E0,2017-11-28,Brighton,Crystal Palace,0.0,0.0,D,10.0,10.0,4.0,4.0,13.0,8.0,10.0,5.0,2.0,0.0,0.0,0.0,2.7,3.1,3.0,2.68,3.17,3.01,2.75,3.17,3.05,2.64,3.07,2.93,35.0,2017/2018
E0,2017-11-28,Leicester,Tottenham,2.0,1.0,H,7.0,18.0,4.0,6.0,7.0,10.0,4.0,9.0,1.0,2.0,0.0,0.0,5.0,3.89,1.75,4.86,3.98,1.78,5.0,4.0,1.8,4.75,3.82,1.75,35.0,2017/2018
E0,2017-11-28,Watford,Manchester United,2.0,4.0,A,12.0,15.0,3.0,7.0,12.0,10.0,5.0,5.0,2.0,1.0,0.0,0.0,5.25,3.89,1.72,5.34,4.05,1.71,5.55,4.1,1.75,5.09,3.88,1.7,35.0,2017/2018
E0,2017-11-28,West Brom,Newcastle,2.0,2.0,D,8.0,14.0,4.0,4.0,13.0,12.0,1.0,6.0,0.0,0.0,0.0,0.0,2.37,3.1,3.5,2.37,3.21,3.49,2.41,3.21,3.6,2.35,3.12,3.35,35.0,2017/2018
E0,2017-11-29,Chelsea,Swansea,1.0,0.0,H,21.0,2.0,10.0,0.0,10.0,7.0,15.0,1.0,1.0,0.0,0.0,0.0,1.18,8.0,17.0,1.2,7.85,17.11,1.2,8.0,21.0,1.19,7.16,16.0,35.0,2017/2018
E0,2017-11-29,Bournemouth,Burnley,1.0,2.0,A,10.0,10.0,2.0,4.0,9.0,11.0,4.0,6.0,0.0,1.0,0.0,0.0,2.0,3.39,4.33,2.0,3.39,4.47,2.1,3.5,4.6,1.98,3.34,4.13,34.0,2017/2018
E0,2017-11-29,Arsenal,Huddersfield,5.0,0.0,H,21.0,7.0,7.0,2.0,10.0,12.0,7.0,2.0,0.0,1.0,0.0,0.0,1.19,7.5,17.0,1.23,7.23,14.43,1.23,7.5,19.0,1.2,6.88,14.72,35.0,2017/2018
E0,2017-11-29,Everton,West Ham,4.0,0.0,H,8.0,7.0,5.0,3.0,16.0,6.0,2.0,6.0,2.0,1.0,0.0,0.0,2.37,3.29,3.29,2.33,3.38,3.39,2.4,3.4,3.4,2.31,3.27,3.25,35.0,2017/2018
E0,2017-11-29,Stoke,Liverpool,0.0,3.0,A,10.0,14.0,1.0,7.0,8.0,10.0,5.0,9.0,1.0,5.0,0.0,0.0,6.5,4.5,1.55,6.45,4.69,1.53,6.5,4.69,1.57,6.01,4.41,1.53,35.0,2017/2018
E0,2017-11-29,Manchester City,Southampton,2.0,1.0,H,26.0,7.0,12.0,2.0,12.0,11.0,6.0,5.0,1.0,1.0,0.0,0.0,1.19,8.0,15.0,1.2,8.2,15.02,1.21,8.5,19.0,1.19,7.39,14.99,35.0,2017/2018
E0,2017-12-02,Everton,Huddersfield,2.0,0.0,H,6.0,5.0,4.0,3.0,12.0,9.0,2.0,5.0,2.0,1.0,0.0,0.0,1.72,3.79,5.5,1.72,3.82,5.63,1.75,3.85,6.0,1.71,3.68,5.3,34.0,2017/2018
E0,2017-12-02,Arsenal,Manchester United,1.0,3.0,A,33.0,8.0,15.0,4.0,11.0,10.0,12.0,1.0,3.0,2.0,0.0,1.0,2.5,3.39,3.0,2.44,3.42,3.14,2.52,3.5,3.2,2.44,3.31,2.99,35.0,2017/2018
E0,2017-12-02,Chelsea,Newcastle,3.0,1.0,H,23.0,8.0,9.0,2.0,8.0,13.0,11.0,4.0,0.0,1.0,0.0,0.0,1.25,6.5,15.0,1.26,6.45,14.0,1.27,6.55,15.0,1.25,6.04,12.95,34.0,2017/2018
E0,2017-12-02,Brighton,Liverpool,1.0,5.0,A,6.0,12.0,2.0,6.0,8.0,7.0,2.0,2.0,1.0,0.0,0.0,0.0,7.5,4.5,1.5,7.58,4.55,1.5,7.58,4.55,1.54,6.92,4.34,1.49,35.0,2017/2018
E0,2017-12-02,Watford,Tottenham,1.0,1.0,D,6.0,8.0,2.0,2.0,16.0,8.0,7.0,2.0,4.0,1.0,0.0,1.0,5.0,4.0,1.72,5.14,4.18,1.7,5.3,4.2,1.8,4.9,3.93,1.7,35.0,2017/2018
E0,2017-12-02,Stoke,Swansea,2.0,1.0,H,10.0,10.0,3.0,3.0,12.0,10.0,2.0,6.0,2.0,0.0,0.0,0.0,1.95,3.39,4.5,1.96,3.41,4.61,1.98,3.5,4.61,1.93,3.34,4.36,35.0,2017/2018
E0,2017-12-02,West Brom,Crystal Palace,0.0,0.0,D,20.0,10.0,6.0,2.0,11.0,10.0,3.0,7.0,3.0,1.0,0.0,0.0,2.5,3.2,3.2,2.52,3.17,3.25,2.57,3.2,3.35,2.47,3.1,3.12,35.0,2017/2018
E0,2017-12-02,Leicester,Burnley,1.0,0.0,H,16.0,14.0,3.0,4.0,3.0,11.0,10.0,7.0,0.0,2.0,0.0,0.0,1.83,3.6,5.0,1.83,3.64,5.05,1.9,3.7,5.25,1.8,3.54,4.77,35.0,2017/2018
E0,2017-12-03,Bournemouth,Southampton,1.0,1.0,D,16.0,15.0,5.0,4.0,6.0,12.0,5.0,4.0,2.0,1.0,0.0,0.0,2.89,3.25,2.39,3.16,3.22,2.54,3.16,3.3,2.7,2.98,3.17,2.51,35.0,2017/2018
E0,2017-12-03,Manchester City,West Ham,2.0,1.0,H,24.0,7.0,8.0,4.0,5.0,7.0,10.0,4.0,2.0,2.0,0.0,0.0,1.08,11.0,21.0,1.12,13.0,19.5,1.13,13.0,29.0,1.1,10.73,22.34,35.0,2017/2018
E0,2017-12-09,Huddersfield,Brighton,2.0,0.0,H,19.0,7.0,6.0,2.0,6.0,10.0,8.0,1.0,0.0,0.0,0.0,0.0,2.7,3.1,3.0,2.69,3.02,3.15,2.73,3.2,3.2,2.63,2.97,3.04,38.0,2017/2018
E0,2017-12-09,Crystal Palace,Bournemouth,2.0,2.0,D,24.0,11.0,8.0,5.0,14.0,14.0,6.0,3.0,5.0,2.0,0.0,0.0,2.04,3.5,4.0,2.04,3.47,4.16,2.1,3.53,4.16,2.01,3.41,3.89,38.0,2017/2018
E0,2017-12-09,Tottenham,Stoke,5.0,1.0,H,20.0,4.0,11.0,3.0,12.0,9.0,12.0,6.0,1.0,0.0,0.0,0.0,1.28,6.5,11.0,1.3,6.24,10.68,1.31,6.5,12.0,1.28,5.93,10.61,38.0,2017/2018
E0,2017-12-09,Burnley,Watford,1.0,0.0,H,8.0,11.0,5.0,2.0,10.0,12.0,3.0,5.0,1.0,0.0,0.0,1.0,2.6,3.25,3.0,2.62,3.26,3.03,2.63,3.3,3.1,2.53,3.18,2.98,38.0,2017/2018
E0,2017-12-09,Swansea,West Brom,1.0,0.0,H,18.0,7.0,3.0,1.0,8.0,18.0,6.0,3.0,2.0,5.0,0.0,0.0,2.7,3.1,3.0,2.74,3.04,3.08,2.75,3.1,3.15,2.65,2.99,2.99,38.0,2017/2018
E0,2017-12-09,West Ham,Chelsea,1.0,0.0,H,5.0,19.0,2.0,2.0,10.0,10.0,4.0,3.0,6.0,1.0,0.0,0.0,7.5,4.5,1.5,7.45,4.67,1.49,7.5,4.67,1.55,6.98,4.4,1.49,37.0,2017/2018
E0,2017-12-09,Newcastle,Leicester,2.0,3.0,A,10.0,13.0,4.0,5.0,10.0,9.0,6.0,5.0,2.0,1.0,0.0,0.0,2.62,3.29,2.89,2.64,3.32,2.95,2.7,3.35,2.95,2.58,3.24,2.85,38.0,2017/2018
E0,2017-12-10,Liverpool,Everton,1.0,1.0,D,23.0,3.0,3.0,2.0,8.0,11.0,12.0,1.0,1.0,3.0,0.0,0.0,1.3,6.0,11.0,1.29,6.28,11.6,1.4,6.29,12.0,1.29,5.77,10.37,37.0,2017/2018
E0,2017-12-10,Manchester United,Manchester City,1.0,2.0,A,8.0,14.0,5.0,7.0,16.0,10.0,2.0,8.0,4.0,2.0,0.0,0.0,3.39,3.5,2.25,3.44,3.56,2.23,3.5,3.6,2.3,3.32,3.45,2.2,38.0,2017/2018
E0,2017-12-10,Southampton,Arsenal,1.0,1.0,D,6.0,11.0,3.0,6.0,12.0,10.0,4.0,5.0,2.0,2.0,0.0,0.0,4.0,3.75,1.95,3.85,3.79,2.01,4.2,3.8,2.03,3.85,3.6,1.95,38.0,2017/2018
E0,2017-12-12,Burnley,Stoke,1.0,0.0,H,10.0,14.0,2.0,7.0,6.0,14.0,6.0,4.0,0.0,0.0,0.0,0.0,2.29,3.2,3.6,2.3,3.25,3.6,2.4,3.3,3.75,2.26,3.17,3.48,38.0,2017/2018
E0,2017-12-12,Crystal Palace,Watford,2.0,1.0,H,14.0,7.0,4.0,2.0,14.0,18.0,4.0,6.0,2.0,1.0,0.0,1.0,2.29,3.5,3.25,2.29,3.51,3.34,2.4,3.6,3.35,2.26,3.45,3.21,38.0,2017/2018
E0,2017-12-12,Huddersfield,Chelsea,1.0,3.0,A,7.0,12.0,2.0,5.0,11.0,4.0,1.0,3.0,0.0,0.0,0.0,0.0,9.0,4.5,1.44,8.36,4.68,1.46,9.0,4.8,1.48,8.31,4.43,1.44,38.0,2017/2018
E0,2017-12-13,Manchester United,Bournemouth,1.0,0.0,H,9.0,14.0,2.0,7.0,14.0,12.0,4.0,9.0,1.0,2.0,0.0,0.0,1.28,6.0,12.0,1.29,6.26,11.64,1.3,6.35,13.0,1.28,5.75,11.73,38.0,2017/2018
E0,2017-12-13,Liverpool,West Brom,0.0,0.0,D,14.0,6.0,5.0,1.0,16.0,6.0,5.0,7.0,1.0,0.0,0.0,0.0,1.22,7.0,15.0,1.23,7.25,14.75,1.25,7.25,15.25,1.21,6.69,13.99,37.0,2017/2018
E0,2017-12-13,Tottenham,Brighton,2.0,0.0,H,25.0,7.0,8.0,4.0,5.0,10.0,10.0,2.0,1.0,1.0,0.0,0.0,1.25,6.5,15.0,1.25,6.8,13.55,1.27,6.8,16.0,1.24,6.18,13.29,38.0,2017/2018
E0,2017-12-13,Newcastle,Everton,0.0,1.0,A,16.0,7.0,4.0,4.0,10.0,11.0,4.0,1.0,1.0,2.0,1.0,0.0,2.39,3.29,3.25,2.41,3.29,3.32,2.6,3.4,3.35,2.38,3.25,3.17,38.0,2017/2018
E0,2017-12-13,West Ham,Arsenal,0.0,0.0,D,6.0,22.0,0.0,3.0,9.0,9.0,1.0,7.0,1.0,0.0,0.0,0.0,5.25,4.2,1.66,5.36,4.44,1.65,5.5,4.45,1.67,5.26,4.15,1.64,38.0,2017/2018
E0,2017-12-13,Southampton,Leicester,1.0,4.0,A,12.0,16.0,4.0,11.0,13.0,9.0,9.0,9.0,1.0,0.0,0.0,0.0,2.1,3.39,3.89,2.1,3.45,3.95,2.12,3.5,4.18,2.06,3.39,3.78,38.0,2017/2018
E0,2017-12-13,Swansea,Manchester City,0.0,4.0,A,7.0,23.0,3.0,10.0,12.0,6.0,2.0,5.0,0.0,0.0,0.0,0.0,15.0,6.5,1.25,13.5,6.85,1.25,15.0,7.0,1.27,13.07,6.23,1.24,38.0,2017/2018
E0,2017-12-16,Arsenal,Newcastle,1.0,0.0,H,23.0,10.0,5.0,2.0,13.0,9.0,7.0,5.0,2.0,1.0,0.0,0.0,1.25,6.5,14.0,1.27,6.8,11.75,1.29,6.8,15.0,1.25,6.15,12.08,35.0,2017/2018
E0,2017-12-16,Brighton,Burnley,0.0,0.0,D,12.0,11.0,2.0,6.0,13.0,13.0,8.0,2.0,4.0,2.0,0.0,0.0,2.62,3.0,3.2,2.62,2.95,3.34,2.7,3.3,3.4,2.56,2.93,3.2,35.0,2017/2018
E0,2017-12-16,Chelsea,Southampton,1.0,0.0,H,24.0,6.0,8.0,2.0,8.0,16.0,8.0,4.0,1.0,3.0,0.0,0.0,1.39,5.0,9.0,1.41,5.1,8.78,1.42,5.2,10.0,1.38,4.86,8.55,35.0,2017/2018
E0,2017-12-16,Leicester,Crystal Palace,0.0,3.0,A,11.0,13.0,2.0,6.0,12.0,13.0,6.0,4.0,2.0,2.0,1.0,0.0,1.89,3.6,4.5,1.88,3.7,4.55,1.92,3.7,4.55,1.88,3.57,4.34,35.0,2017/2018
E0,2017-12-16,Manchester City,Tottenham,4.0,1.0,H,20.0,7.0,11.0,2.0,13.0,20.0,5.0,1.0,2.0,4.0,0.0,0.0,1.55,4.59,6.0,1.57,4.6,6.0,1.59,4.75,6.5,1.54,4.45,5.8,35.0,2017/2018
E0,2017-12-16,Stoke,West Ham,0.0,3.0,A,17.0,14.0,0.0,7.0,12.0,13.0,7.0,9.0,2.0,1.0,0.0,0.0,2.29,3.29,3.5,2.31,3.35,3.46,2.33,3.4,3.55,2.26,3.28,3.38,35.0,2017/2018
E0,2017-12-16,Watford,Huddersfield,1.0,4.0,A,13.0,15.0,3.0,9.0,12.0,17.0,8.0,7.0,2.0,1.0,1.0,1.0,1.8,3.75,5.0,1.79,3.78,5.08,1.81,3.85,5.25,1.76,3.67,4.87,35.0,2017/2018
E0,2017-12-17,Bournemouth,Liverpool,0.0,4.0,A,6.0,21.0,2.0,7.0,5.0,10.0,2.0,3.0,1.0,1.0,0.0,0.0,6.5,4.5,1.53,6.65,4.81,1.51,6.65,4.81,1.55,6.27,4.52,1.5,35.0,2017/2018
E0,2017-12-17,West Brom,Manchester United,1.0,2.0,A,12.0,8.0,5.0,3.0,14.0,7.0,6.0,3.0,1.0,3.0,0.0,0.0,6.5,4.0,1.6,6.35,4.09,1.62,6.5,4.1,1.64,6.11,3.9,1.6,35.0,2017/2018
E0,2017-12-18,Everton,Swansea,3.0,1.0,H,12.0,8.0,7.0,3.0,12.0,12.0,6.0,3.0,2.0,3.0,0.0,0.0,1.72,3.75,5.5,1.78,3.64,5.48,1.78,3.75,5.8,1.72,3.61,5.3,34.0,2017/2018
E0,2017-12-22,Arsenal,Liverpool,3.0,3.0,D,11.0,14.0,4.0,9.0,9.0,11.0,7.0,8.0,1.0,0.0,0.0,0.0,2.54,3.6,2.79,2.51,3.71,2.84,2.6,3.76,2.95,2.47,3.61,2.8,36.0,2017/2018
E0,2017-12-23,Brighton,Watford,1.0,0.0,H,14.0,13.0,3.0,1.0,8.0,11.0,6.0,4.0,0.0,0.0,0.0,0.0,2.62,3.2,3.0,2.67,3.2,3.0,2.7,3.3,3.1,2.6,3.14,2.93,35.0,2017/2018
E0,2017-12-23,Burnley,Tottenham,0.0,3.0,A,5.0,18.0,2.0,8.0,10.0,10.0,4.0,4.0,1.0,2.0,0.0,0.0,7.0,4.2,1.55,7.05,4.35,1.54,7.25,4.35,1.65,6.73,4.08,1.53,35.0,2017/2018
E0,2017-12-23,Everton,Chelsea,0.0,0.0,D,5.0,25.0,0.0,8.0,8.0,4.0,2.0,7.0,3.0,0.0,0.0,0.0,6.0,3.89,1.66,5.96,3.98,1.67,6.25,4.0,1.7,5.68,3.83,1.65,35.0,2017/2018
E0,2017-12-23,Leicester,Manchester United,2.0,2.0,D,11.0,19.0,3.0,6.0,19.0,8.0,4.0,6.0,2.0,2.0,1.0,0.0,4.5,3.6,1.9,4.4,3.71,1.91,4.75,3.8,1.95,4.29,3.6,1.87,35.0,2017/2018
E0,2017-12-23,Manchester City,Bournemouth,4.0,0.0,H,14.0,5.0,5.0,1.0,8.0,7.0,4.0,6.0,0.0,1.0,0.0,0.0,1.12,11.0,23.0,1.11,12.57,23.05,1.13,12.7,31.0,1.1,10.56,23.69,35.0,2017/2018
E0,2017-12-23,Southampton,Huddersfield,1.0,1.0,D,12.0,10.0,6.0,3.0,16.0,9.0,9.0,1.0,2.0,1.0,0.0,0.0,1.61,3.89,6.5,1.59,4.03,7.0,1.65,4.1,7.0,1.6,3.88,6.26,35.0,2017/2018
E0,2017-12-23,Stoke,West Brom,3.0,1.0,H,9.0,17.0,5.0,7.0,9.0,11.0,1.0,11.0,1.0,0.0,0.0,0.0,2.29,3.25,3.5,2.34,3.21,3.55,2.38,3.35,3.6,2.29,3.18,3.41,35.0,2017/2018
E0,2017-12-23,Swansea,Crystal Palace,1.0,1.0,D,7.0,13.0,2.0,5.0,13.0,11.0,6.0,3.0,2.0,3.0,0.0,0.0,3.29,3.2,2.45,3.34,3.27,2.41,3.4,3.27,2.5,3.24,3.13,2.4,35.0,2017/2018
E0,2017-12-23,West Ham,Newcastle,2.0,3.0,A,19.0,11.0,6.0,4.0,9.0,12.0,6.0,3.0,1.0,1.0,0.0,0.0,2.1,3.39,3.89,2.13,3.43,3.86,2.2,3.5,4.1,2.11,3.31,3.73,35.0,2017/2018
E0,2017-12-26,Bournemouth,West Ham,3.0,3.0,D,26.0,10.0,10.0,5.0,12.0,14.0,7.0,4.0,3.0,4.0,0.0,0.0,2.79,3.29,2.75,2.8,3.25,2.81,2.85,3.35,2.85,2.74,3.23,2.7,36.0,2017/2018
E0,2017-12-26,Chelsea,Brighton,2.0,0.0,H,25.0,8.0,8.0,1.0,8.0,8.0,13.0,1.0,0.0,1.0,0.0,0.0,1.19,7.5,17.0,1.21,7.25,17.45,1.23,7.51,20.0,1.2,6.9,16.27,36.0,2017/2018
E0,2017-12-26,Huddersfield,Stoke,1.0,1.0,D,18.0,15.0,8.0,7.0,9.0,12.0,8.0,5.0,2.0,4.0,0.0,0.0,2.5,3.2,3.2,2.51,3.27,3.17,2.57,3.3,3.25,2.49,3.15,3.07,36.0,2017/2018
E0,2017-12-26,Liverpool,Swansea,5.0,0.0,H,22.0,7.0,9.0,4.0,5.0,8.0,4.0,2.0,0.0,1.0,0.0,0.0,1.16,9.0,19.0,1.16,9.12,21.04,1.2,9.12,23.0,1.16,8.14,17.92,36.0,2017/2018
E0,2017-12-26,Manchester United,Burnley,2.0,2.0,D,23.0,3.0,6.0,2.0,10.0,14.0,12.0,2.0,3.0,7.0,0.0,0.0,1.25,6.5,15.0,1.24,6.67,15.84,1.3,6.75,17.0,1.24,6.01,13.97,36.0,2017/2018
E0,2017-12-26,Tottenham,Southampton,5.0,2.0,H,16.0,16.0,7.0,6.0,8.0,15.0,3.0,8.0,0.0,2.0,0.0,0.0,1.36,5.25,10.0,1.38,5.43,8.97,1.42,5.55,11.0,1.36,5.07,9.24,36.0,2017/2018
E0,2017-12-26,Watford,Leicester,2.0,1.0,H,11.0,11.0,1.0,5.0,7.0,13.0,8.0,8.0,3.0,3.0,0.0,0.0,2.54,3.5,2.87,2.57,3.47,2.92,2.62,3.6,2.95,2.5,3.42,2.82,36.0,2017/2018
E0,2017-12-26,West Brom,Everton,0.0,0.0,D,17.0,7.0,3.0,3.0,14.0,13.0,10.0,2.0,2.0,0.0,0.0,0.0,2.54,3.2,3.1,2.47,3.22,3.28,2.6,3.25,3.35,2.47,3.12,3.13,36.0,2017/2018
E0,2017-12-27,Newcastle,Manchester City,0.0,1.0,A,6.0,22.0,2.0,6.0,11.0,6.0,3.0,8.0,1.0,0.0,0.0,0.0,13.0,6.75,1.25,12.6,6.95,1.26,15.0,7.25,1.3,12.97,6.41,1.23,36.0,2017/2018
E0,2017-12-28,Crystal Palace,Arsenal,2.0,3.0,A,16.0,16.0,2.0,9.0,12.0,7.0,5.0,4.0,0.0,1.0,0.0,0.0,4.5,4.0,1.8,4.54,4.0,1.8,4.8,4.15,1.85,4.47,3.88,1.77,36.0,2017/2018
E0,2017-12-30,Bournemouth,Everton,2.0,1.0,H,19.0,6.0,7.0,1.0,8.0,13.0,4.0,4.0,0.0,0.0,0.0,0.0,2.37,3.29,3.29,2.33,3.38,3.39,2.45,3.4,3.47,2.35,3.26,3.19,36.0,2017/2018
E0,2017-12-30,Chelsea,Stoke,5.0,0.0,H,21.0,1.0,12.0,1.0,5.0,10.0,7.0,0.0,1.0,1.0,0.0,0.0,1.16,8.5,19.0,1.18,8.01,20.06,1.22,8.5,21.0,1.17,7.45,17.16,36.0,2017/2018
E0,2017-12-30,Watford,Swansea,1.0,2.0,A,9.0,9.0,4.0,4.0,14.0,13.0,1.0,8.0,4.0,2.0,0.0,0.0,1.66,3.79,6.0,1.7,3.85,5.81,1.75,3.9,6.0,1.69,3.69,5.39,36.0,2017/2018
E0,2017-12-30,Huddersfield,Burnley,0.0,0.0,D,3.0,11.0,1.0,4.0,14.0,14.0,5.0,4.0,2.0,1.0,0.0,0.0,2.37,3.1,3.5,2.32,3.16,3.67,2.6,3.2,3.67,2.35,3.05,3.42,36.0,2017/2018
E0,2017-12-30,Manchester United,Southampton,0.0,0.0,D,15.0,8.0,3.0,3.0,12.0,13.0,10.0,7.0,2.0,4.0,0.0,0.0,1.36,5.5,9.0,1.36,5.35,10.1,1.4,5.5,11.0,1.36,5.01,9.21,36.0,2017/2018
E0,2017-12-30,Newcastle,Brighton,0.0,0.0,D,11.0,10.0,2.0,3.0,11.0,10.0,3.0,6.0,2.0,2.0,0.0,0.0,2.14,3.2,4.0,2.15,3.22,4.1,2.2,3.35,4.1,2.12,3.19,3.82,35.0,2017/2018
E0,2017-12-30,Liverpool,Leicester,2.0,1.0,H,17.0,7.0,6.0,1.0,7.0,3.0,7.0,1.0,3.0,2.0,0.0,0.0,1.3,6.0,11.0,1.32,6.27,9.97,1.35,6.27,11.0,1.3,5.8,9.48,36.0,2017/2018
E0,2017-12-31,Crystal Palace,Manchester City,0.0,0.0,D,10.0,15.0,1.0,4.0,14.0,11.0,7.0,8.0,5.0,4.0,0.0,0.0,11.0,6.5,1.28,12.96,6.73,1.26,13.0,6.75,1.3,11.16,6.18,1.26,36.0,2017/2018
E0,2017-12-31,West Brom,Arsenal,1.0,1.0,D,14.0,14.0,3.0,4.0,14.0,9.0,5.0,6.0,3.0,3.0,0.0,0.0,5.0,4.0,1.72,5.39,4.06,1.7,5.39,4.1,1.78,4.83,3.85,1.72,36.0,2017/2018
E0,2018-01-01,Brighton,Bournemouth,2.0,2.0,D,15.0,26.0,6.0,8.0,13.0,9.0,5.0,12.0,2.0,1.0,0.0,0.0,2.37,3.2,3.39,2.46,3.11,3.44,2.55,3.2,3.5,2.39,3.1,3.29,35.0,2017/2018
E0,2018-01-01,Burnley,Liverpool,1.0,2.0,A,13.0,19.0,4.0,5.0,4.0,12.0,3.0,9.0,0.0,0.0,0.0,0.0,7.5,4.5,1.5,7.31,4.45,1.52,7.6,4.6,1.55,6.96,4.31,1.5,35.0,2017/2018
E0,2018-01-01,Everton,Manchester United,0.0,2.0,A,12.0,21.0,0.0,6.0,11.0,10.0,6.0,6.0,2.0,0.0,0.0,0.0,5.5,3.5,1.8,5.49,3.59,1.79,5.5,3.8,1.85,5.17,3.49,1.78,35.0,2017/2018
E0,2018-01-01,Leicester,Huddersfield,3.0,0.0,H,11.0,6.0,5.0,1.0,7.0,9.0,4.0,1.0,1.0,1.0,0.0,0.0,1.66,3.79,6.0,1.65,4.08,6.01,1.7,4.08,6.25,1.65,3.85,5.63,35.0,2017/2018
E0,2018-01-01,Stoke,Newcastle,0.0,1.0,A,11.0,14.0,4.0,6.0,10.0,11.0,10.0,5.0,3.0,1.0,0.0,0.0,2.29,3.29,3.5,2.36,3.26,3.44,2.41,3.45,3.5,2.3,3.28,3.28,35.0,2017/2018
E0,2018-01-02,Swansea,Tottenham,0.0,2.0,A,8.0,12.0,1.0,5.0,12.0,9.0,6.0,5.0,2.0,2.0,0.0,0.0,12.0,4.75,1.3,10.54,5.51,1.34,12.5,5.55,1.37,10.32,5.22,1.32,35.0,2017/2018
E0,2018-01-02,West Ham,West Brom,2.0,1.0,H,13.0,10.0,5.0,3.0,12.0,12.0,3.0,4.0,3.0,2.0,0.0,0.0,1.9,3.39,4.09,1.98,3.41,4.51,2.1,3.5,4.6,1.94,3.33,4.24,35.0,2017/2018
E0,2018-01-02,Manchester City,Watford,3.0,1.0,H,17.0,7.0,7.0,4.0,8.0,12.0,9.0,1.0,1.0,1.0,0.0,0.0,1.12,8.5,19.0,1.18,8.7,16.95,1.21,9.55,25.7,1.16,8.1,17.55,35.0,2017/2018
E0,2018-01-02,Southampton,Crystal Palace,1.0,2.0,A,10.0,11.0,3.0,4.0,8.0,11.0,4.0,7.0,0.0,1.0,0.0,0.0,1.9,3.39,4.0,2.05,3.43,4.16,2.1,3.6,4.4,1.98,3.42,3.99,35.0,2017/2018
E0,2018-01-03,Arsenal,Chelsea,2.0,2.0,D,14.0,19.0,6.0,6.0,11.0,11.0,10.0,8.0,3.0,2.0,0.0,0.0,2.6,3.39,2.6,2.8,3.51,2.64,2.8,3.65,2.8,2.68,3.4,2.62,35.0,2017/2018
E0,2018-01-04,Tottenham,West Ham,1.0,1.0,D,31.0,3.0,8.0,1.0,10.0,6.0,7.0,1.0,0.0,2.0,0.0,0.0,1.25,6.0,10.0,1.26,6.25,12.7,1.35,6.5,13.0,1.28,5.86,10.66,32.0,2017/2018
E0,2018-01-13,Chelsea,Leicester,0.0,0.0,D,17.0,14.0,7.0,1.0,14.0,13.0,6.0,3.0,2.0,2.0,0.0,1.0,1.3,5.75,12.0,1.3,5.95,11.85,1.33,6.15,12.0,1.29,5.65,10.82,37.0,2017/2018
E0,2018-01-13,Crystal Palace,Burnley,1.0,0.0,H,17.0,8.0,2.0,2.0,16.0,10.0,3.0,2.0,0.0,3.0,0.0,0.0,2.0,3.29,4.5,2.02,3.3,4.51,2.07,3.35,4.51,2.01,3.25,4.18,36.0,2017/2018
E0,2018-01-13,Huddersfield,West Ham,1.0,4.0,A,8.0,8.0,2.0,6.0,7.0,9.0,7.0,3.0,1.0,1.0,0.0,0.0,2.62,3.1,3.1,2.67,3.14,3.06,2.75,3.25,3.1,2.64,3.05,2.96,37.0,2017/2018
E0,2018-01-13,Newcastle,Swansea,1.0,1.0,D,12.0,8.0,4.0,5.0,11.0,10.0,4.0,5.0,0.0,3.0,0.0,0.0,1.95,3.39,4.5,1.99,3.38,4.5,2.0,3.5,4.75,1.94,3.31,4.38,36.0,2017/2018
E0,2018-01-13,Tottenham,Everton,4.0,0.0,H,20.0,7.0,10.0,0.0,11.0,15.0,3.0,3.0,0.0,2.0,0.0,0.0,1.28,6.0,13.0,1.28,6.02,13.69,1.33,6.4,14.0,1.28,5.67,12.11,36.0,2017/2018
E0,2018-01-13,Watford,Southampton,2.0,2.0,D,16.0,10.0,4.0,4.0,11.0,13.0,5.0,4.0,0.0,5.0,0.0,0.0,2.5,3.39,3.0,2.5,3.48,3.01,2.55,3.5,3.08,2.46,3.33,2.94,36.0,2017/2018
E0,2018-01-13,West Brom,Brighton,2.0,0.0,H,15.0,13.0,4.0,1.0,8.0,15.0,9.0,6.0,0.0,0.0,0.0,0.0,2.14,3.0,4.33,2.16,3.08,4.31,2.2,3.2,4.5,2.12,3.0,4.14,36.0,2017/2018
E0,2018-01-14,Bournemouth,Arsenal,2.0,1.0,H,13.0,12.0,5.0,3.0,8.0,10.0,4.0,5.0,2.0,2.0,0.0,0.0,4.75,4.2,1.75,4.63,4.22,1.76,4.8,4.28,1.8,4.49,4.02,1.73,36.0,2017/2018
E0,2018-01-14,Liverpool,Manchester City,4.0,3.0,H,16.0,11.0,7.0,4.0,10.0,7.0,5.0,6.0,2.0,3.0,0.0,0.0,3.1,3.75,2.29,3.07,3.75,2.34,3.2,3.79,2.37,3.03,3.6,2.27,36.0,2017/2018
E0,2018-01-15,Manchester United,Stoke,3.0,0.0,H,20.0,11.0,9.0,5.0,14.0,10.0,6.0,1.0,2.0,1.0,0.0,0.0,1.22,7.0,15.0,1.23,7.22,15.23,1.25,7.25,15.72,1.22,6.58,13.77,34.0,2017/2018
E0,2018-01-20,Everton,West Brom,1.0,1.0,D,9.0,15.0,4.0,5.0,15.0,10.0,0.0,3.0,2.0,1.0,0.0,0.0,2.14,3.2,4.0,2.16,3.3,3.93,2.22,3.3,4.25,2.14,3.14,3.82,37.0,2017/2018
E0,2018-01-20,Arsenal,Crystal Palace,4.0,1.0,H,16.0,9.0,10.0,5.0,6.0,8.0,5.0,10.0,0.0,0.0,0.0,0.0,1.5,4.75,7.0,1.49,4.73,7.19,1.52,4.75,7.2,1.5,4.46,6.55,37.0,2017/2018
E0,2018-01-20,Brighton,Chelsea,0.0,4.0,A,10.0,14.0,3.0,10.0,12.0,5.0,5.0,3.0,3.0,0.0,0.0,0.0,6.5,3.89,1.61,6.33,3.9,1.65,6.78,3.95,1.67,6.17,3.76,1.62,37.0,2017/2018
E0,2018-01-20,Burnley,Manchester United,0.0,1.0,A,13.0,12.0,2.0,2.0,7.0,12.0,5.0,4.0,3.0,3.0,0.0,0.0,7.5,3.89,1.57,6.98,3.95,1.6,7.5,4.0,1.63,6.64,3.82,1.58,37.0,2017/2018
E0,2018-01-20,Manchester City,Newcastle,3.0,1.0,H,21.0,6.0,9.0,4.0,5.0,10.0,18.0,0.0,0.0,1.0,0.0,0.0,1.12,10.0,26.0,1.14,10.21,22.56,1.15,11.0,26.0,1.13,9.22,21.28,37.0,2017/2018
E0,2018-01-20,Stoke,Huddersfield,2.0,0.0,H,11.0,6.0,6.0,3.0,18.0,13.0,3.0,2.0,1.0,1.0,0.0,0.0,2.04,3.39,4.09,2.04,3.41,4.23,2.1,3.45,4.23,2.03,3.33,3.97,37.0,2017/2018
E0,2018-01-20,West Ham,Bournemouth,1.0,1.0,D,12.0,8.0,4.0,3.0,8.0,7.0,6.0,3.0,3.0,1.0,0.0,0.0,2.0,3.6,4.0,2.06,3.62,3.87,2.1,3.7,4.0,2.01,3.55,3.76,36.0,2017/2018
E0,2018-01-20,Leicester,Watford,2.0,0.0,H,9.0,11.0,5.0,3.0,11.0,10.0,4.0,5.0,0.0,0.0,0.0,0.0,1.85,3.89,4.33,1.85,3.84,4.47,1.9,3.9,4.65,1.84,3.75,4.22,37.0,2017/2018
E0,2018-01-21,Southampton,Tottenham,1.0,1.0,D,10.0,17.0,4.0,2.0,8.0,15.0,2.0,9.0,2.0,3.0,0.0,0.0,5.75,4.09,1.64,5.72,4.14,1.66,5.75,4.14,1.7,5.37,3.94,1.65,37.0,2017/2018
E0,2018-01-22,Swansea,Liverpool,1.0,0.0,H,3.0,21.0,2.0,4.0,5.0,9.0,3.0,9.0,0.0,2.0,0.0,0.0,12.0,5.75,1.3,11.96,5.8,1.31,12.0,5.8,1.35,10.75,5.37,1.31,35.0,2017/2018
E0,2018-01-30,Huddersfield,Liverpool,0.0,3.0,A,5.0,14.0,1.0,7.0,8.0,8.0,1.0,4.0,0.0,0.0,0.0,0.0,12.0,5.75,1.3,10.75,5.65,1.33,12.0,5.75,1.4,10.65,5.46,1.31,38.0,2017/2018
E0,2018-01-30,Swansea,Arsenal,3.0,1.0,H,12.0,9.0,4.0,4.0,4.0,8.0,4.0,3.0,0.0,3.0,0.0,0.0,7.0,4.59,1.5,7.0,4.62,1.51,7.5,4.62,1.55,6.93,4.37,1.5,37.0,2017/2018
E0,2018-01-30,West Ham,Crystal Palace,1.0,1.0,D,8.0,9.0,3.0,3.0,11.0,15.0,5.0,3.0,1.0,3.0,0.0,0.0,3.1,3.25,2.54,3.06,3.32,2.55,3.11,3.32,2.66,2.99,3.23,2.51,37.0,2017/2018
E0,2018-01-31,Everton,Leicester,2.0,1.0,H,9.0,8.0,4.0,1.0,9.0,10.0,5.0,5.0,0.0,2.0,0.0,0.0,3.0,3.2,2.62,3.11,3.17,2.6,3.11,3.25,2.7,2.99,3.14,2.56,38.0,2017/2018
E0,2018-01-31,Chelsea,Bournemouth,0.0,3.0,A,21.0,11.0,5.0,5.0,5.0,12.0,8.0,5.0,1.0,0.0,0.0,0.0,1.28,6.5,11.0,1.3,6.14,11.24,1.32,6.5,12.0,1.28,5.9,10.77,38.0,2017/2018
E0,2018-01-31,Stoke,Watford,0.0,0.0,D,11.0,12.0,4.0,2.0,12.0,12.0,2.0,6.0,4.0,3.0,0.0,0.0,2.25,3.5,3.39,2.22,3.54,3.48,2.3,3.6,3.5,2.22,3.44,3.3,38.0,2017/2018
E0,2018-01-31,Manchester City,West Brom,3.0,0.0,H,19.0,3.0,10.0,1.0,10.0,10.0,9.0,1.0,1.0,3.0,0.0,0.0,1.14,10.0,21.0,1.16,9.0,21.8,1.17,10.0,23.0,1.15,8.47,18.91,38.0,2017/2018
E0,2018-01-31,Tottenham,Manchester United,2.0,0.0,H,22.0,6.0,6.0,3.0,10.0,13.0,6.0,3.0,2.0,2.0,0.0,0.0,2.35,3.29,3.39,2.32,3.42,3.38,2.4,3.46,3.45,2.29,3.33,3.28,38.0,2017/2018
E0,2018-01-31,Newcastle,Burnley,1.0,1.0,D,14.0,11.0,4.0,2.0,15.0,15.0,7.0,4.0,1.0,2.0,0.0,0.0,2.2,3.2,3.89,2.19,3.15,4.05,2.25,3.3,4.05,2.17,3.13,3.83,38.0,2017/2018
E0,2018-01-31,Southampton,Brighton,1.0,1.0,D,18.0,9.0,3.0,2.0,8.0,10.0,7.0,2.0,3.0,1.0,0.0,0.0,1.75,3.5,6.0,1.77,3.48,5.99,1.82,3.6,6.03,1.75,3.43,5.49,38.0,2017/2018
E0,2018-02-03,Arsenal,Everton,5.0,1.0,H,15.0,11.0,7.0,2.0,8.0,8.0,4.0,6.0,2.0,0.0,0.0,0.0,1.3,5.75,12.0,1.32,5.85,10.95,1.35,6.0,12.0,1.31,5.43,10.46,38.0,2017/2018
E0,2018-02-03,Bournemouth,Stoke,2.0,1.0,H,15.0,13.0,8.0,4.0,14.0,19.0,8.0,1.0,2.0,3.0,0.0,0.0,1.9,3.7,4.33,1.92,3.66,4.43,2.1,3.73,4.5,1.91,3.58,4.12,39.0,2017/2018
E0,2018-02-03,Brighton,West Ham,3.0,1.0,H,21.0,4.0,5.0,1.0,11.0,7.0,4.0,1.0,3.0,1.0,0.0,0.0,2.35,3.0,3.7,2.37,3.07,3.66,2.42,3.14,3.7,2.32,3.02,3.53,38.0,2017/2018
E0,2018-02-03,Burnley,Manchester City,1.0,1.0,D,8.0,20.0,3.0,7.0,9.0,6.0,3.0,13.0,4.0,1.0,0.0,0.0,13.0,6.0,1.28,13.0,5.9,1.29,13.0,6.15,1.35,11.77,5.69,1.28,39.0,2017/2018
E0,2018-02-03,Leicester,Swansea,1.0,1.0,D,13.0,3.0,5.0,1.0,9.0,8.0,3.0,3.0,1.0,0.0,0.0,0.0,1.8,3.6,5.25,1.81,3.59,5.3,1.84,3.7,5.35,1.78,3.56,4.97,39.0,2017/2018
E0,2018-02-03,Manchester United,Huddersfield,2.0,0.0,H,16.0,4.0,7.0,0.0,5.0,19.0,5.0,2.0,2.0,4.0,0.0,0.0,1.16,8.5,19.0,1.17,8.19,23.45,1.2,8.5,26.0,1.16,7.59,20.1,39.0,2017/2018
E0,2018-02-03,West Brom,Southampton,2.0,3.0,A,9.0,13.0,3.0,5.0,12.0,10.0,5.0,7.0,2.0,1.0,0.0,0.0,2.54,3.2,3.1,2.65,3.15,3.07,2.66,3.26,3.2,2.54,3.13,3.0,39.0,2017/2018
E0,2018-02-04,Crystal Palace,Newcastle,1.0,1.0,D,21.0,11.0,6.0,8.0,11.0,8.0,5.0,6.0,1.0,1.0,0.0,0.0,2.04,3.39,4.2,2.05,3.4,4.19,2.11,3.51,4.2,2.03,3.35,3.93,39.0,2017/2018
E0,2018-02-04,Liverpool,Tottenham,2.0,2.0,D,9.0,13.0,3.0,6.0,15.0,9.0,3.0,7.0,3.0,1.0,0.0,0.0,2.1,3.75,3.6,2.13,3.71,3.55,2.2,3.85,3.6,2.08,3.69,3.44,39.0,2017/2018
E0,2018-02-05,Watford,Chelsea,4.0,1.0,H,21.0,7.0,8.0,3.0,11.0,8.0,6.0,2.0,2.0,2.0,0.0,1.0,6.25,4.0,1.61,6.15,4.05,1.64,6.25,4.15,1.67,5.78,3.96,1.61,38.0,2017/2018
E0,2018-02-10,Everton,Crystal Palace,3.0,1.0,H,11.0,16.0,5.0,4.0,14.0,15.0,8.0,7.0,1.0,1.0,0.0,0.0,2.25,3.25,3.2,2.26,3.26,3.68,2.33,3.38,3.7,2.24,3.2,3.47,39.0,2017/2018
E0,2018-02-10,Manchester City,Leicester,5.0,1.0,H,19.0,2.0,11.0,2.0,10.0,12.0,8.0,2.0,2.0,3.0,0.0,0.0,1.19,6.5,13.0,1.22,7.4,14.5,1.25,7.49,17.0,1.21,6.76,13.46,40.0,2017/2018
E0,2018-02-10,Stoke,Brighton,1.0,1.0,D,15.0,14.0,3.0,6.0,6.0,10.0,7.0,4.0,0.0,0.0,0.0,0.0,2.2,3.2,3.39,2.22,3.27,3.78,2.27,3.33,3.8,2.19,3.18,3.62,40.0,2017/2018
E0,2018-02-10,Swansea,Burnley,1.0,0.0,H,12.0,13.0,4.0,1.0,10.0,9.0,5.0,2.0,2.0,1.0,0.0,0.0,2.37,3.0,3.25,2.5,2.99,3.5,2.54,3.12,3.5,2.45,2.98,3.28,40.0,2017/2018
E0,2018-02-10,Tottenham,Arsenal,1.0,0.0,H,18.0,6.0,6.0,1.0,13.0,9.0,10.0,2.0,2.0,1.0,0.0,0.0,2.0,3.6,3.5,2.04,3.85,3.7,2.2,3.91,3.8,2.0,3.76,3.58,40.0,2017/2018
E0,2018-02-10,West Ham,Watford,2.0,0.0,H,8.0,11.0,4.0,4.0,11.0,7.0,8.0,7.0,1.0,1.0,0.0,0.0,2.5,3.29,2.79,2.57,3.32,3.03,2.58,3.39,3.1,2.48,3.28,2.93,40.0,2017/2018
E0,2018-02-11,Huddersfield,Bournemouth,4.0,1.0,H,15.0,7.0,4.0,2.0,12.0,12.0,2.0,6.0,0.0,3.0,0.0,0.0,3.25,3.2,2.25,3.3,3.22,2.46,3.4,3.3,2.65,3.22,3.16,2.38,40.0,2017/2018
E0,2018-02-11,Newcastle,Manchester United,1.0,0.0,H,10.0,13.0,3.0,6.0,12.0,15.0,0.0,10.0,0.0,2.0,0.0,0.0,5.5,3.75,1.61,5.86,4.03,1.66,6.0,4.03,1.7,5.56,3.8,1.65,40.0,2017/2018
E0,2018-02-11,Southampton,Liverpool,0.0,2.0,A,6.0,16.0,4.0,4.0,5.0,8.0,3.0,1.0,1.0,2.0,0.0,0.0,4.2,3.79,1.8,4.75,3.93,1.8,4.81,4.0,1.87,4.42,3.8,1.8,40.0,2017/2018
E0,2018-02-12,Chelsea,West Brom,3.0,0.0,H,20.0,8.0,8.0,1.0,11.0,11.0,8.0,7.0,0.0,2.0,0.0,0.0,1.36,4.75,8.0,1.4,5.1,9.05,1.41,5.2,10.0,1.37,4.89,8.71,37.0,2017/2018
E0,2018-02-24,Leicester,Stoke,1.0,1.0,D,19.0,6.0,9.0,2.0,10.0,16.0,13.0,1.0,1.0,3.0,0.0,0.0,1.72,3.89,5.25,1.71,3.89,5.62,1.77,3.92,5.64,1.72,3.76,5.13,40.0,2017/2018
E0,2018-02-24,Bournemouth,Newcastle,2.0,2.0,D,18.0,15.0,5.0,4.0,12.0,10.0,8.0,1.0,1.0,4.0,0.0,0.0,2.1,3.5,3.79,2.11,3.49,3.85,2.2,3.53,3.85,2.1,3.42,3.63,40.0,2017/2018
E0,2018-02-24,Brighton,Swansea,4.0,1.0,H,16.0,11.0,5.0,1.0,17.0,6.0,3.0,5.0,1.0,0.0,0.0,0.0,2.14,3.25,4.0,2.11,3.15,4.36,2.2,3.25,4.36,2.1,3.13,4.03,40.0,2017/2018
E0,2018-02-24,Liverpool,West Ham,4.0,1.0,H,21.0,7.0,12.0,4.0,7.0,7.0,8.0,2.0,0.0,2.0,0.0,0.0,1.22,7.5,13.0,1.23,7.14,14.61,1.26,7.5,15.0,1.23,6.71,12.67,40.0,2017/2018
E0,2018-02-24,Watford,Everton,1.0,0.0,H,13.0,7.0,5.0,2.0,10.0,9.0,6.0,5.0,3.0,1.0,0.0,0.0,2.25,3.39,3.5,2.23,3.42,3.57,2.35,3.45,3.6,2.21,3.33,3.42,39.0,2017/2018
E0,2018-02-24,West Brom,Huddersfield,1.0,2.0,A,10.0,16.0,3.0,7.0,11.0,9.0,6.0,3.0,1.0,1.0,0.0,0.0,1.95,3.29,4.75,1.98,3.3,4.7,2.02,3.4,4.9,1.94,3.25,4.49,40.0,2017/2018
E0,2018-02-24,Burnley,Southampton,1.0,1.0,D,9.0,13.0,3.0,6.0,8.0,14.0,7.0,5.0,1.0,0.0,0.0,0.0,2.89,3.1,2.79,2.98,3.08,2.78,3.0,3.2,2.85,2.86,3.03,2.74,40.0,2017/2018
E0,2018-02-25,Crystal Palace,Tottenham,0.0,1.0,A,5.0,14.0,3.0,4.0,12.0,5.0,2.0,13.0,0.0,1.0,0.0,0.0,7.5,4.5,1.5,7.09,4.66,1.51,7.5,4.71,1.54,6.79,4.41,1.49,39.0,2017/2018
E0,2018-02-25,Manchester United,Chelsea,2.0,1.0,H,10.0,14.0,5.0,7.0,13.0,12.0,3.0,4.0,2.0,2.0,0.0,0.0,2.29,3.25,3.5,2.3,3.3,3.55,2.38,3.36,3.55,2.28,3.24,3.38,39.0,2017/2018
E0,2018-03-01,Arsenal,Manchester City,0.0,3.0,A,10.0,9.0,5.0,5.0,11.0,11.0,6.0,1.0,1.0,1.0,0.0,0.0,4.5,4.0,1.72,4.58,4.06,1.8,4.6,4.12,1.85,4.35,3.95,1.78,38.0,2017/2018
E0,2018-03-03,Liverpool,Newcastle,2.0,0.0,H,14.0,7.0,3.0,2.0,7.0,9.0,8.0,3.0,0.0,0.0,0.0,0.0,1.22,7.0,15.0,1.22,7.6,14.1,1.25,7.75,17.0,1.21,6.95,13.84,38.0,2017/2018
E0,2018-03-03,Leicester,Bournemouth,1.0,1.0,D,23.0,8.0,4.0,3.0,11.0,7.0,13.0,1.0,2.0,1.0,0.0,0.0,1.85,3.75,4.5,1.88,3.72,4.57,1.92,3.9,4.57,1.85,3.7,4.32,38.0,2017/2018
E0,2018-03-03,Tottenham,Huddersfield,2.0,0.0,H,15.0,3.0,7.0,3.0,6.0,8.0,8.0,1.0,1.0,1.0,0.0,0.0,1.19,7.5,17.0,1.19,8.05,18.5,1.25,8.07,20.0,1.19,7.18,16.27,38.0,2017/2018
E0,2018-03-03,Burnley,Everton,2.0,1.0,H,21.0,10.0,8.0,4.0,9.0,12.0,10.0,4.0,1.0,1.0,0.0,1.0,2.5,3.1,3.29,2.5,3.04,3.43,2.6,3.3,3.45,2.48,3.04,3.26,37.0,2017/2018
E0,2018-03-03,Swansea,West Ham,4.0,1.0,H,9.0,7.0,8.0,2.0,9.0,14.0,4.0,5.0,0.0,3.0,0.0,0.0,2.6,3.25,3.0,2.65,3.19,3.03,2.65,3.3,3.15,2.55,3.17,2.98,38.0,2017/2018
E0,2018-03-03,Watford,West Brom,1.0,0.0,H,15.0,9.0,4.0,2.0,11.0,12.0,4.0,6.0,2.0,0.0,0.0,0.0,2.14,3.29,3.89,2.2,3.3,3.8,2.22,3.42,4.0,2.13,3.29,3.73,38.0,2017/2018
E0,2018-03-03,Southampton,Stoke,0.0,0.0,D,18.0,12.0,6.0,3.0,8.0,13.0,15.0,4.0,0.0,1.0,0.0,0.0,1.75,3.75,5.25,1.76,3.71,5.48,1.85,3.9,5.5,1.74,3.67,5.16,38.0,2017/2018
E0,2018-03-04,Brighton,Arsenal,2.0,1.0,H,13.0,15.0,6.0,7.0,13.0,12.0,6.0,11.0,3.0,3.0,0.0,0.0,4.2,3.79,1.9,4.04,3.7,1.99,4.4,3.8,2.02,3.94,3.67,1.93,38.0,2017/2018
E0,2018-03-04,Manchester City,Chelsea,1.0,0.0,H,13.0,3.0,3.0,0.0,8.0,9.0,5.0,2.0,2.0,1.0,0.0,0.0,1.61,4.2,6.0,1.6,4.35,6.07,1.65,4.35,6.07,1.6,4.14,5.63,38.0,2017/2018
E0,2018-03-05,Crystal Palace,Manchester United,2.0,3.0,A,10.0,17.0,4.0,8.0,10.0,8.0,3.0,7.0,1.0,3.0,0.0,0.0,7.0,4.0,1.57,6.63,4.24,1.58,7.0,4.3,1.61,6.47,4.05,1.56,37.0,2017/2018
E0,2018-03-10,Newcastle,Southampton,3.0,0.0,H,7.0,6.0,5.0,2.0,10.0,10.0,2.0,6.0,0.0,2.0,0.0,0.0,2.79,3.2,2.79,2.8,3.16,2.88,2.85,3.23,2.9,2.74,3.12,2.79,40.0,2017/2018
E0,2018-03-10,West Brom,Leicester,1.0,4.0,A,6.0,14.0,2.0,6.0,6.0,7.0,7.0,6.0,1.0,3.0,0.0,0.0,3.0,3.25,2.6,3.07,3.28,2.57,3.12,3.3,2.67,2.97,3.19,2.54,40.0,2017/2018
E0,2018-03-10,Chelsea,Crystal Palace,2.0,1.0,H,27.0,9.0,11.0,2.0,8.0,9.0,12.0,3.0,1.0,2.0,0.0,0.0,1.3,5.75,12.0,1.3,6.0,11.65,1.33,6.0,13.0,1.3,5.54,11.0,40.0,2017/2018
E0,2018-03-10,Everton,Brighton,2.0,0.0,H,13.0,10.0,3.0,4.0,10.0,14.0,10.0,3.0,0.0,1.0,0.0,1.0,2.2,3.2,3.89,2.22,3.24,3.83,2.26,3.3,3.89,2.19,3.19,3.65,40.0,2017/2018
E0,2018-03-10,Huddersfield,Swansea,0.0,0.0,D,30.0,0.0,4.0,0.0,9.0,9.0,12.0,0.0,2.0,3.0,0.0,1.0,2.54,3.1,3.2,2.52,3.07,3.37,2.6,3.2,3.37,2.49,3.08,3.16,39.0,2017/2018
E0,2018-03-10,Manchester United,Liverpool,2.0,1.0,H,5.0,14.0,2.0,2.0,10.0,16.0,1.0,13.0,2.0,1.0,0.0,0.0,2.75,3.39,2.75,2.79,3.34,2.76,2.81,3.4,2.82,2.7,3.3,2.71,40.0,2017/2018
E0,2018-03-10,West Ham,Burnley,0.0,3.0,A,13.0,7.0,4.0,4.0,13.0,7.0,5.0,1.0,2.0,2.0,0.0,0.0,2.29,3.2,3.6,2.32,3.21,3.6,2.35,3.4,3.7,2.27,3.15,3.51,39.0,2017/2018
E0,2018-03-11,Arsenal,Watford,3.0,0.0,H,11.0,11.0,7.0,4.0,12.0,9.0,4.0,9.0,2.0,1.0,0.0,0.0,1.44,5.0,7.5,1.48,4.81,7.4,1.52,5.0,7.5,1.47,4.62,6.67,41.0,2017/2018
E0,2018-03-11,Bournemouth,Tottenham,1.0,4.0,A,14.0,12.0,3.0,8.0,10.0,7.0,4.0,5.0,1.0,1.0,0.0,0.0,6.5,4.5,1.55,6.49,4.66,1.53,6.5,4.7,1.56,6.09,4.47,1.52,40.0,2017/2018
E0,2018-03-12,Stoke,Manchester City,0.0,2.0,A,3.0,17.0,0.0,6.0,6.0,8.0,3.0,10.0,1.0,0.0,0.0,0.0,15.0,6.5,1.25,13.25,6.89,1.25,15.0,7.0,1.27,13.18,6.47,1.23,39.0,2017/2018
E0,2018-03-17,Bournemouth,West Brom,2.0,1.0,H,17.0,11.0,5.0,6.0,6.0,9.0,3.0,2.0,1.0,2.0,0.0,0.0,1.83,3.6,5.0,1.85,3.6,4.94,1.91,3.75,5.0,1.84,3.54,4.56,42.0,2017/2018
E0,2018-03-17,Huddersfield,Crystal Palace,0.0,2.0,A,6.0,17.0,2.0,6.0,11.0,12.0,4.0,7.0,3.0,2.0,0.0,0.0,3.0,3.1,2.7,2.94,3.2,2.72,3.0,3.26,2.77,2.88,3.12,2.65,42.0,2017/2018
E0,2018-03-17,Liverpool,Watford,5.0,0.0,H,13.0,4.0,10.0,1.0,5.0,4.0,6.0,1.0,1.0,0.0,0.0,0.0,1.19,8.0,15.0,1.2,7.85,15.95,1.22,8.12,19.0,1.19,7.39,15.4,42.0,2017/2018
E0,2018-03-17,Stoke,Everton,1.0,2.0,A,9.0,17.0,4.0,9.0,13.0,12.0,1.0,9.0,1.0,1.0,1.0,0.0,2.5,3.29,3.1,2.49,3.29,3.18,2.55,3.36,3.2,2.45,3.23,3.07,41.0,2017/2018
E0,2018-03-31,Brighton,Leicester,0.0,2.0,A,15.0,6.0,3.0,4.0,11.0,13.0,6.0,1.0,2.0,4.0,0.0,1.0,2.7,3.2,2.62,2.82,3.2,2.84,2.9,3.26,2.87,2.75,3.15,2.73,39.0,2017/2018
E0,2018-03-31,Crystal Palace,Liverpool,1.0,2.0,A,6.0,16.0,3.0,6.0,6.0,8.0,4.0,6.0,2.0,2.0,0.0,0.0,7.0,4.33,1.44,6.65,4.54,1.54,7.2,4.82,1.57,6.26,4.41,1.52,39.0,2017/2018
E0,2018-03-31,Everton,Manchester City,1.0,3.0,A,6.0,18.0,2.0,4.0,10.0,8.0,2.0,11.0,0.0,0.0,0.0,0.0,9.0,5.0,1.33,10.3,5.47,1.35,10.5,5.5,1.39,9.14,5.12,1.35,39.0,2017/2018
E0,2018-03-31,Manchester United,Swansea,2.0,0.0,H,11.0,3.0,5.0,2.0,5.0,13.0,3.0,3.0,0.0,0.0,0.0,0.0,1.25,6.0,10.0,1.24,7.02,14.56,1.29,7.02,16.5,1.24,6.09,13.32,37.0,2017/2018
E0,2018-03-31,Newcastle,Huddersfield,1.0,0.0,H,18.0,4.0,3.0,0.0,9.0,10.0,3.0,3.0,1.0,4.0,0.0,0.0,1.75,3.39,5.0,1.78,3.62,5.55,1.8,3.69,5.6,1.75,3.52,5.19,39.0,2017/2018
E0,2018-03-31,Watford,Bournemouth,2.0,2.0,D,16.0,13.0,5.0,6.0,16.0,6.0,7.0,4.0,4.0,0.0,0.0,0.0,2.29,3.29,3.1,2.35,3.47,3.26,2.42,3.51,3.27,2.32,3.39,3.12,39.0,2017/2018
E0,2018-03-31,West Brom,Burnley,1.0,2.0,A,8.0,11.0,3.0,4.0,12.0,9.0,1.0,6.0,1.0,3.0,0.0,0.0,2.5,3.0,3.1,2.67,3.07,3.13,2.71,3.2,3.16,2.59,3.03,3.02,39.0,2017/2018
E0,2018-03-31,West Ham,Southampton,3.0,0.0,H,13.0,9.0,5.0,0.0,9.0,16.0,5.0,9.0,0.0,3.0,0.0,0.0,2.7,3.25,2.6,2.97,3.25,2.66,2.99,3.3,2.8,2.85,3.19,2.62,39.0,2017/2018
E0,2018-04-01,Arsenal,Stoke,3.0,0.0,H,24.0,8.0,11.0,2.0,9.0,13.0,6.0,5.0,1.0,2.0,0.0,0.0,1.28,5.5,10.0,1.31,6.1,10.47,1.35,6.15,11.0,1.31,5.64,9.57,39.0,2017/2018
E0,2018-04-01,Chelsea,Tottenham,1.0,3.0,A,14.0,12.0,4.0,7.0,4.0,11.0,5.0,5.0,0.0,1.0,0.0,0.0,2.29,3.29,3.1,2.43,3.4,3.18,2.5,3.41,3.26,2.36,3.29,3.12,39.0,2017/2018
E0,2018-04-07,Bournemouth,Crystal Palace,2.0,2.0,D,20.0,13.0,5.0,6.0,8.0,9.0,11.0,3.0,2.0,2.0,0.0,0.0,2.5,3.39,3.0,2.48,3.47,3.04,2.53,3.51,3.15,2.45,3.39,2.93,42.0,2017/2018
E0,2018-04-07,Brighton,Huddersfield,1.0,1.0,D,13.0,14.0,4.0,5.0,13.0,7.0,5.0,3.0,1.0,0.0,1.0,0.0,1.85,3.5,5.0,1.88,3.48,4.95,1.92,3.6,5.2,1.86,3.4,4.76,42.0,2017/2018
E0,2018-04-07,Everton,Liverpool,0.0,0.0,D,6.0,10.0,1.0,3.0,12.0,7.0,3.0,2.0,0.0,0.0,0.0,0.0,4.2,3.75,1.9,4.25,3.71,1.94,4.33,3.76,1.99,4.06,3.65,1.92,41.0,2017/2018
E0,2018-04-07,Leicester,Newcastle,1.0,2.0,A,8.0,8.0,1.0,4.0,7.0,14.0,7.0,5.0,1.0,3.0,0.0,0.0,1.95,3.6,4.2,1.97,3.54,4.32,2.03,3.63,4.4,1.95,3.45,4.13,42.0,2017/2018
E0,2018-04-07,Manchester City,Manchester United,2.0,3.0,A,20.0,5.0,6.0,4.0,17.0,9.0,8.0,4.0,6.0,3.0,0.0,0.0,1.89,3.79,4.2,1.88,3.85,4.37,1.95,3.95,4.5,1.88,3.69,4.17,39.0,2017/2018
E0,2018-04-07,Stoke,Tottenham,1.0,2.0,A,10.0,15.0,4.0,4.0,19.0,8.0,6.0,3.0,4.0,3.0,0.0,0.0,11.0,5.5,1.33,11.07,5.54,1.34,11.07,5.69,1.37,9.98,5.28,1.33,42.0,2017/2018
E0,2018-04-07,Watford,Burnley,1.0,2.0,A,14.0,7.0,5.0,4.0,18.0,12.0,11.0,1.0,2.0,2.0,0.0,0.0,2.39,3.2,3.39,2.32,3.05,3.49,2.43,3.3,3.55,2.33,3.15,3.36,42.0,2017/2018
E0,2018-04-07,West Brom,Swansea,1.0,1.0,D,15.0,7.0,3.0,1.0,15.0,5.0,5.0,1.0,3.0,2.0,0.0,0.0,2.37,3.2,3.39,2.35,3.25,3.49,2.5,3.3,3.5,2.37,3.15,3.29,42.0,2017/2018
E0,2018-04-08,Arsenal,Southampton,3.0,2.0,H,13.0,15.0,7.0,8.0,11.0,7.0,8.0,6.0,2.0,1.0,1.0,1.0,1.57,4.5,6.0,1.56,4.45,6.44,1.6,4.55,6.5,1.56,4.32,5.86,41.0,2017/2018
E0,2018-04-08,Chelsea,West Ham,1.0,1.0,D,23.0,5.0,6.0,2.0,7.0,11.0,10.0,6.0,0.0,1.0,0.0,0.0,1.28,6.0,12.0,1.28,6.34,11.91,1.31,6.5,13.0,1.27,5.83,11.34,42.0,2017/2018
E0,2018-04-14,Burnley,Leicester,2.0,1.0,H,8.0,15.0,3.0,6.0,9.0,10.0,4.0,8.0,2.0,1.0,0.0,0.0,2.62,3.2,3.0,2.67,3.19,3.01,2.74,3.3,3.03,2.63,3.12,2.91,42.0,2017/2018
E0,2018-04-14,Liverpool,Bournemouth,3.0,0.0,H,20.0,6.0,7.0,1.0,9.0,9.0,7.0,5.0,1.0,1.0,0.0,0.0,1.25,7.0,12.0,1.25,7.15,12.89,1.27,7.15,14.6,1.24,6.52,12.5,39.0,2017/2018
E0,2018-04-14,Crystal Palace,Brighton,3.0,2.0,H,15.0,12.0,8.0,3.0,12.0,16.0,5.0,6.0,3.0,2.0,0.0,0.0,1.9,3.5,4.75,1.91,3.56,4.64,1.95,3.6,5.0,1.89,3.42,4.54,41.0,2017/2018
E0,2018-04-14,Southampton,Chelsea,2.0,3.0,A,10.0,17.0,7.0,5.0,13.0,14.0,4.0,7.0,5.0,3.0,0.0,0.0,4.5,3.75,1.85,4.48,3.74,1.88,4.75,3.79,1.92,4.37,3.61,1.86,41.0,2017/2018
E0,2018-04-14,Tottenham,Manchester City,1.0,3.0,A,8.0,17.0,3.0,6.0,11.0,12.0,5.0,7.0,3.0,4.0,0.0,0.0,2.62,3.6,2.7,2.7,3.61,2.68,2.78,3.7,2.75,2.65,3.52,2.63,42.0,2017/2018
E0,2018-04-14,Swansea,Everton,1.0,1.0,D,17.0,12.0,7.0,3.0,10.0,11.0,6.0,3.0,1.0,1.0,0.0,0.0,2.54,3.25,3.1,2.61,3.13,3.15,2.65,3.3,3.2,2.53,3.15,3.04,40.0,2017/2018
E0,2018-04-14,Huddersfield,Watford,1.0,0.0,H,9.0,4.0,1.0,2.0,9.0,8.0,9.0,6.0,2.0,2.0,0.0,0.0,2.62,3.25,3.0,2.72,3.14,2.9,2.76,3.25,3.05,2.63,3.15,2.88,42.0,2017/2018
E0,2018-04-15,Manchester United,West Brom,0.0,1.0,A,14.0,10.0,4.0,4.0,8.0,13.0,4.0,4.0,1.0,1.0,0.0,0.0,1.18,8.0,19.0,1.22,7.05,17.85,1.23,8.0,21.0,1.19,6.97,17.38,41.0,2017/2018
E0,2018-04-15,Newcastle,Arsenal,2.0,1.0,H,8.0,15.0,4.0,3.0,11.0,9.0,2.0,5.0,1.0,0.0,0.0,0.0,3.29,3.6,2.25,3.27,3.65,2.27,3.4,3.7,2.31,3.24,3.54,2.22,41.0,2017/2018
E0,2018-04-16,West Ham,Stoke,1.0,1.0,D,18.0,11.0,6.0,7.0,15.0,21.0,10.0,1.0,2.0,3.0,0.0,0.0,2.0,3.6,4.0,2.01,3.52,4.19,2.08,3.6,4.2,2.0,3.41,3.91,42.0,2017/2018
E0,2018-04-17,Brighton,Tottenham,1.0,1.0,D,8.0,16.0,5.0,6.0,6.0,5.0,3.0,4.0,1.0,0.0,0.0,0.0,6.5,4.33,1.55,6.56,4.35,1.57,6.7,4.4,1.6,6.27,4.24,1.55,42.0,2017/2018
E0,2018-04-18,Bournemouth,Manchester United,0.0,2.0,A,13.0,13.0,2.0,4.0,9.0,8.0,8.0,5.0,3.0,1.0,0.0,0.0,5.0,3.89,1.75,4.99,4.07,1.74,5.2,4.08,1.77,4.84,3.88,1.73,43.0,2017/2018
E0,2018-04-19,Burnley,Chelsea,1.0,2.0,A,5.0,16.0,2.0,5.0,9.0,11.0,3.0,2.0,1.0,0.0,0.0,0.0,4.0,3.39,1.9,4.64,3.55,1.91,4.75,3.6,2.0,4.31,3.44,1.9,42.0,2017/2018
E0,2018-04-19,Leicester,Southampton,0.0,0.0,D,11.0,6.0,3.0,2.0,10.0,10.0,11.0,3.0,0.0,0.0,0.0,0.0,2.25,3.29,3.2,2.42,3.53,3.08,2.44,3.53,3.3,2.35,3.4,3.08,43.0,2017/2018
E0,2018-04-21,Watford,Crystal Palace,0.0,0.0,D,14.0,6.0,4.0,1.0,17.0,13.0,4.0,3.0,3.0,5.0,0.0,0.0,2.89,3.39,2.54,2.96,3.44,2.55,3.03,3.49,2.6,2.9,3.33,2.5,43.0,2017/2018
E0,2018-04-21,West Brom,Liverpool,2.0,2.0,D,13.0,9.0,6.0,3.0,12.0,5.0,7.0,4.0,0.0,1.0,0.0,0.0,7.5,4.5,1.5,7.57,4.45,1.51,7.57,4.5,1.55,6.79,4.3,1.51,43.0,2017/2018
E0,2018-04-22,Manchester City,Swansea,5.0,0.0,H,19.0,4.0,12.0,1.0,6.0,8.0,5.0,1.0,0.0,1.0,0.0,0.0,1.14,9.0,23.0,1.14,9.66,23.8,1.2,10.3,25.97,1.13,8.89,21.51,43.0,2017/2018
E0,2018-04-22,Stoke,Burnley,1.0,1.0,D,8.0,16.0,3.0,7.0,15.0,5.0,3.0,8.0,2.0,1.0,0.0,0.0,2.29,3.29,3.5,2.27,3.29,3.65,2.38,3.4,3.65,2.28,3.2,3.42,43.0,2017/2018
E0,2018-04-22,Arsenal,West Ham,4.0,1.0,H,20.0,11.0,8.0,4.0,11.0,9.0,8.0,6.0,3.0,2.0,0.0,0.0,1.55,4.59,6.0,1.55,4.65,6.28,1.6,4.75,6.5,1.54,4.49,5.87,43.0,2017/2018
E0,2018-04-23,Everton,Newcastle,1.0,0.0,H,9.0,9.0,1.0,2.0,10.0,11.0,4.0,6.0,2.0,1.0,0.0,0.0,2.29,3.39,3.39,2.31,3.35,3.46,2.4,3.4,3.6,2.29,3.25,3.32,40.0,2017/2018
E0,2018-04-28,Newcastle,West Brom,0.0,1.0,A,17.0,9.0,2.0,2.0,8.0,13.0,5.0,1.0,1.0,3.0,0.0,0.0,1.85,3.6,4.75,1.93,3.47,4.69,1.94,3.6,5.0,1.86,3.47,4.58,43.0,2017/2018
E0,2018-04-28,Southampton,Bournemouth,2.0,1.0,H,14.0,14.0,6.0,7.0,12.0,11.0,5.0,8.0,5.0,1.0,0.0,0.0,1.72,4.0,5.0,1.71,4.11,5.15,1.77,4.13,5.2,1.71,3.9,4.88,43.0,2017/2018
E0,2018-04-28,Burnley,Brighton,0.0,0.0,D,10.0,9.0,4.0,1.0,5.0,17.0,3.0,4.0,0.0,2.0,0.0,0.0,2.25,3.2,3.7,2.28,3.2,3.71,2.31,3.35,3.8,2.22,3.16,3.6,43.0,2017/2018
E0,2018-04-28,Crystal Palace,Leicester,5.0,0.0,H,15.0,6.0,9.0,1.0,11.0,9.0,8.0,2.0,1.0,1.0,0.0,1.0,2.04,3.6,3.79,2.08,3.57,3.85,2.13,3.64,3.85,2.05,3.5,3.65,43.0,2017/2018
E0,2018-04-28,Huddersfield,Everton,0.0,2.0,A,9.0,7.0,2.0,5.0,9.0,8.0,4.0,3.0,1.0,0.0,0.0,0.0,2.62,3.1,3.1,2.63,3.1,3.15,2.64,3.14,3.25,2.56,3.02,3.09,42.0,2017/2018
E0,2018-04-28,Liverpool,Stoke,0.0,0.0,D,20.0,5.0,2.0,1.0,7.0,14.0,9.0,2.0,1.0,2.0,0.0,0.0,1.33,5.75,10.0,1.32,5.85,10.1,1.36,5.94,11.0,1.31,5.54,9.73,43.0,2017/2018
E0,2018-04-28,Swansea,Chelsea,0.0,1.0,A,10.0,11.0,3.0,3.0,13.0,9.0,1.0,2.0,1.0,1.0,0.0,0.0,7.0,4.33,1.53,7.49,4.5,1.51,7.6,4.54,1.55,6.97,4.23,1.5,43.0,2017/2018
E0,2018-04-29,Manchester United,Arsenal,2.0,1.0,H,17.0,8.0,3.0,3.0,12.0,7.0,9.0,0.0,0.0,1.0,0.0,0.0,1.44,4.75,8.0,1.45,4.83,8.14,1.5,5.0,8.5,1.44,4.64,7.64,43.0,2017/2018
E0,2018-04-29,West Ham,Manchester City,1.0,4.0,A,4.0,19.0,1.0,7.0,5.0,11.0,0.0,7.0,0.0,1.0,0.0,0.0,10.0,5.75,1.33,11.03,5.72,1.32,11.04,5.88,1.4,9.79,5.44,1.32,43.0,2017/2018
E0,2018-04-30,Tottenham,Watford,2.0,0.0,H,13.0,13.0,3.0,5.0,11.0,10.0,4.0,0.0,1.0,0.0,0.0,0.0,1.16,8.5,21.0,1.16,8.65,21.0,1.18,9.15,23.8,1.15,8.03,18.87,41.0,2017/2018
E0,2018-05-04,Brighton,Manchester United,1.0,0.0,H,11.0,16.0,4.0,3.0,5.0,3.0,5.0,6.0,2.0,0.0,0.0,0.0,4.75,3.6,1.85,4.8,3.59,1.88,4.8,3.65,1.91,4.54,3.53,1.86,42.0,2017/2018
E0,2018-05-05,Bournemouth,Swansea,1.0,0.0,H,13.0,12.0,5.0,3.0,10.0,10.0,11.0,6.0,1.0,4.0,0.0,0.0,2.1,3.6,3.7,2.11,3.62,3.69,2.3,3.62,3.75,2.1,3.5,3.54,43.0,2017/2018
E0,2018-05-05,Everton,Southampton,1.0,1.0,D,9.0,11.0,3.0,5.0,14.0,12.0,3.0,4.0,2.0,4.0,0.0,1.0,2.89,3.29,2.62,2.9,3.35,2.66,3.0,3.4,2.7,2.88,3.24,2.58,42.0,2017/2018
E0,2018-05-05,Leicester,West Ham,0.0,2.0,A,13.0,13.0,2.0,3.0,8.0,9.0,8.0,3.0,1.0,2.0,0.0,0.0,2.25,3.5,3.39,2.28,3.41,3.48,2.32,3.6,3.48,2.23,3.39,3.3,43.0,2017/2018
E0,2018-05-05,Stoke,Crystal Palace,1.0,2.0,A,7.0,13.0,2.0,2.0,18.0,12.0,1.0,7.0,5.0,2.0,0.0,0.0,2.7,3.39,2.79,2.74,3.4,2.77,2.75,3.43,2.91,2.65,3.31,2.74,43.0,2017/2018
E0,2018-05-05,Watford,Newcastle,2.0,1.0,H,11.0,9.0,8.0,1.0,9.0,11.0,2.0,5.0,2.0,1.0,0.0,0.0,2.37,3.39,3.2,2.41,3.39,3.22,2.45,3.41,3.3,2.37,3.29,3.14,43.0,2017/2018
E0,2018-05-05,West Brom,Tottenham,1.0,0.0,H,9.0,18.0,1.0,5.0,13.0,12.0,5.0,9.0,4.0,1.0,0.0,0.0,8.0,4.75,1.44,7.56,4.82,1.46,8.5,5.3,1.48,7.54,4.66,1.43,43.0,2017/2018
E0,2018-05-06,Manchester City,Huddersfield,0.0,0.0,D,15.0,5.0,2.0,3.0,9.0,4.0,10.0,1.0,0.0,3.0,0.0,0.0,1.08,13.0,34.0,1.09,13.5,26.0,1.12,14.0,34.0,1.09,11.57,28.0,43.0,2017/2018
E0,2018-05-06,Arsenal,Burnley,5.0,0.0,H,16.0,6.0,8.0,2.0,6.0,7.0,4.0,5.0,0.0,1.0,0.0,0.0,1.57,4.2,6.5,1.57,4.35,6.47,1.6,4.46,7.0,1.55,4.21,6.14,42.0,2017/2018
E0,2018-05-06,Chelsea,Liverpool,1.0,0.0,H,12.0,10.0,4.0,5.0,12.0,9.0,3.0,1.0,3.0,2.0,0.0,0.0,2.25,3.6,3.29,2.29,3.66,3.22,2.32,3.7,3.4,2.23,3.51,3.23,43.0,2017/2018
E0,2018-05-08,Swansea,Southampton,0.0,1.0,A,11.0,13.0,3.0,8.0,7.0,15.0,7.0,6.0,2.0,1.0,0.0,0.0,3.1,3.25,2.54,3.09,3.31,2.53,3.15,3.33,2.61,3.04,3.2,2.5,42.0,2017/2018
E0,2018-05-09,Chelsea,Huddersfield,1.0,1.0,D,22.0,3.0,5.0,2.0,7.0,10.0,9.0,0.0,0.0,1.0,0.0,0.0,1.16,8.5,19.0,1.19,7.77,20.17,1.21,8.5,21.0,1.18,7.37,17.21,43.0,2017/2018
E0,2018-05-09,Leicester,Arsenal,3.0,1.0,H,19.0,14.0,10.0,7.0,7.0,12.0,6.0,6.0,2.0,2.0,0.0,1.0,3.75,3.79,2.0,3.75,3.9,2.01,3.79,4.0,2.05,3.62,3.78,1.98,43.0,2017/2018
E0,2018-05-09,Manchester City,Brighton,3.0,1.0,H,19.0,6.0,7.0,3.0,5.0,7.0,4.0,3.0,0.0,1.0,0.0,0.0,1.12,10.0,27.0,1.13,9.71,24.81,1.15,11.0,27.0,1.13,9.25,21.8,43.0,2017/2018
E0,2018-05-09,Tottenham,Newcastle,1.0,0.0,H,11.0,14.0,7.0,3.0,10.0,8.0,6.0,4.0,2.0,3.0,0.0,0.0,1.18,8.5,17.0,1.19,7.8,17.0,1.21,8.5,18.0,1.18,7.57,15.42,43.0,2017/2018
E0,2018-05-10,West Ham,Manchester United,0.0,0.0,D,9.0,16.0,2.0,6.0,12.0,12.0,1.0,6.0,1.0,1.0,0.0,0.0,4.75,3.79,1.8,4.65,3.88,1.83,4.75,3.9,1.87,4.46,3.74,1.8,43.0,2017/2018
E0,2018-05-13,Huddersfield,Arsenal,0.0,1.0,A,18.0,9.0,3.0,4.0,11.0,7.0,7.0,4.0,1.0,0.0,0.0,0.0,6.0,4.33,1.6,5.88,4.48,1.58,6.05,4.58,1.65,5.58,4.31,1.58,41.0,2017/2018
E0,2018-05-13,Manchester United,Watford,1.0,0.0,H,7.0,7.0,1.0,3.0,6.0,11.0,6.0,5.0,4.0,0.0,0.0,0.0,1.39,5.25,8.5,1.4,5.46,7.98,1.43,6.0,11.0,1.37,5.12,8.21,41.0,2017/2018
E0,2018-05-13,Burnley,Bournemouth,1.0,2.0,A,12.0,16.0,4.0,5.0,14.0,9.0,7.0,8.0,0.0,0.0,0.0,0.0,2.14,3.5,3.6,2.21,3.57,3.41,2.28,3.6,3.7,2.18,3.42,3.37,41.0,2017/2018
E0,2018-05-13,Liverpool,Brighton,4.0,0.0,H,22.0,2.0,11.0,1.0,3.0,6.0,7.0,3.0,0.0,0.0,0.0,0.0,1.19,8.0,15.0,1.21,7.65,15.44,1.23,8.0,19.0,1.19,7.25,14.69,41.0,2017/2018
E0,2018-05-13,Crystal Palace,West Brom,2.0,0.0,H,11.0,7.0,5.0,1.0,10.0,11.0,4.0,2.0,2.0,3.0,0.0,0.0,1.8,3.79,4.75,1.75,4.01,4.86,1.85,4.1,5.0,1.75,3.82,4.63,41.0,2017/2018
E0,2018-05-13,Newcastle,Chelsea,3.0,0.0,H,16.0,6.0,6.0,2.0,11.0,10.0,4.0,2.0,0.0,1.0,0.0,0.0,6.5,4.2,1.6,5.96,4.22,1.61,6.6,4.4,1.7,5.83,4.05,1.59,41.0,2017/2018
E0,2018-05-13,Tottenham,Leicester,5.0,4.0,H,14.0,16.0,6.0,9.0,9.0,13.0,4.0,4.0,1.0,2.0,0.0,0.0,1.33,6.0,9.0,1.33,5.95,9.56,1.35,6.25,10.5,1.31,5.74,9.13,41.0,2017/2018
E0,2018-05-13,West Ham,Everton,3.0,1.0,H,15.0,14.0,4.0,7.0,10.0,13.0,6.0,6.0,0.0,1.0,0.0,0.0,2.45,3.5,3.0,2.36,3.51,3.17,2.45,3.52,3.21,2.37,3.39,3.04,40.0,2017/2018
E0,2018-05-13,Southampton,Manchester City,0.0,1.0,A,8.0,13.0,3.0,2.0,8.0,10.0,1.0,12.0,3.0,1.0,0.0,0.0,9.0,5.0,1.39,8.06,5.11,1.42,9.0,5.15,1.46,7.39,4.82,1.42,41.0,2017/2018
E0,2018-05-13,Swansea,Stoke,1.0,2.0,A,26.0,8.0,11.0,5.0,12.0,9.0,6.0,0.0,1.0,2.0,0.0,0.0,1.9,3.79,4.2,1.91,3.72,4.29,1.98,3.9,4.35,1.89,3.67,4.08,41.0,2017/2018
E0,2018-08-10,Manchester United,Leicester,2.0,1.0,H,8.0,13.0,6.0,4.0,11.0,8.0,2.0,5.0,2.0,1.0,0.0,0.0,1.57,3.9,7.5,1.58,3.93,7.5,1.6,4.2,8.05,1.56,3.92,7.06,39.0,2018/2019
E0,2018-08-11,Bournemouth,Cardiff,2.0,0.0,H,12.0,10.0,4.0,1.0,11.0,9.0,7.0,4.0,1.0,1.0,0.0,0.0,1.9,3.6,4.5,1.89,3.63,4.58,1.93,3.71,4.75,1.88,3.53,4.37,39.0,2018/2019
E0,2018-08-11,Fulham,Crystal Palace,0.0,2.0,A,15.0,10.0,6.0,9.0,9.0,11.0,5.0,5.0,1.0,2.0,0.0,0.0,2.5,3.4,3.0,2.5,3.46,3.0,2.6,3.49,3.05,2.47,3.35,2.92,39.0,2018/2019
E0,2018-08-11,Huddersfield,Chelsea,0.0,3.0,A,6.0,13.0,1.0,4.0,9.0,8.0,2.0,5.0,2.0,1.0,0.0,0.0,6.5,4.0,1.61,6.41,4.02,1.62,6.85,4.07,1.66,6.09,3.9,1.61,38.0,2018/2019
E0,2018-08-11,Newcastle,Tottenham,1.0,2.0,A,15.0,15.0,2.0,5.0,11.0,12.0,3.0,5.0,2.0,2.0,0.0,0.0,3.9,3.5,2.04,3.83,3.57,2.08,4.01,3.57,2.12,3.83,3.4,2.05,39.0,2018/2019
E0,2018-08-11,Watford,Brighton,2.0,0.0,H,19.0,6.0,5.0,0.0,10.0,16.0,8.0,2.0,2.0,2.0,0.0,0.0,2.37,3.2,3.4,2.43,3.22,3.33,2.48,3.3,3.42,2.36,3.14,3.31,39.0,2018/2019
E0,2018-08-11,Wolverhampton,Everton,2.0,2.0,D,11.0,6.0,4.0,5.0,8.0,7.0,3.0,6.0,0.0,1.0,0.0,1.0,2.37,3.3,3.3,2.36,3.4,3.28,2.41,3.4,3.4,2.33,3.27,3.23,38.0,2018/2019
E0,2018-08-12,Arsenal,Manchester City,0.0,2.0,A,9.0,17.0,3.0,8.0,11.0,14.0,2.0,9.0,2.0,2.0,0.0,0.0,4.0,3.8,1.95,4.0,3.97,1.93,4.15,4.0,2.0,3.83,3.8,1.92,39.0,2018/2019
E0,2018-08-12,Liverpool,West Ham,4.0,0.0,H,18.0,5.0,8.0,2.0,14.0,9.0,5.0,4.0,1.0,2.0,0.0,0.0,1.25,6.5,14.0,1.27,6.35,13.25,1.29,6.79,15.0,1.25,6.22,12.3,38.0,2018/2019
E0,2018-08-12,Southampton,Burnley,0.0,0.0,D,18.0,16.0,3.0,6.0,10.0,9.0,8.0,5.0,0.0,1.0,0.0,0.0,1.85,3.5,5.0,1.86,3.51,4.99,1.9,3.61,5.2,1.84,3.43,4.8,39.0,2018/2019
E0,2018-08-18,Cardiff,Newcastle,0.0,0.0,D,12.0,12.0,1.0,6.0,14.0,16.0,5.0,5.0,2.0,2.0,0.0,1.0,3.25,3.1,2.54,3.25,3.12,2.54,3.25,3.21,2.6,3.14,3.07,2.5,41.0,2018/2019
E0,2018-08-18,Chelsea,Arsenal,3.0,2.0,H,24.0,15.0,11.0,6.0,12.0,9.0,5.0,1.0,0.0,2.0,0.0,0.0,1.8,4.0,4.5,1.83,3.97,4.46,1.87,4.02,4.54,1.81,3.85,4.29,41.0,2018/2019
E0,2018-08-18,Everton,Southampton,2.0,1.0,H,13.0,15.0,7.0,4.0,8.0,20.0,2.0,5.0,0.0,5.0,0.0,0.0,1.9,3.5,4.75,1.89,3.56,4.71,2.0,3.63,4.78,1.89,3.44,4.41,40.0,2018/2019
E0,2018-08-18,Leicester,Wolverhampton,2.0,0.0,H,6.0,11.0,2.0,3.0,10.0,8.0,1.0,9.0,2.0,1.0,1.0,0.0,2.04,3.5,3.9,2.05,3.56,3.9,2.12,3.61,4.0,2.05,3.44,3.77,41.0,2018/2019
E0,2018-08-18,Tottenham,Fulham,3.0,1.0,H,25.0,10.0,11.0,3.0,9.0,5.0,5.0,2.0,0.0,0.0,0.0,0.0,1.28,6.0,12.0,1.28,6.29,12.44,1.31,6.5,12.61,1.28,5.88,10.92,41.0,2018/2019
E0,2018-08-18,West Ham,Bournemouth,1.0,2.0,A,11.0,12.0,5.0,5.0,14.0,10.0,6.0,4.0,6.0,2.0,0.0,0.0,2.1,3.6,3.7,2.09,3.65,3.69,2.15,3.67,3.75,2.08,3.53,3.56,41.0,2018/2019
E0,2018-08-19,Brighton,Manchester United,3.0,2.0,H,6.0,9.0,3.0,3.0,16.0,13.0,3.0,5.0,1.0,1.0,0.0,0.0,5.5,3.6,1.75,5.37,3.56,1.81,5.52,3.62,1.84,5.19,3.53,1.76,42.0,2018/2019
E0,2018-08-19,Burnley,Watford,1.0,3.0,A,8.0,9.0,3.0,6.0,8.0,19.0,5.0,2.0,1.0,2.0,0.0,0.0,2.45,3.1,3.4,2.47,3.08,3.37,2.5,3.18,3.5,2.39,3.04,3.34,42.0,2018/2019
E0,2018-08-19,Manchester City,Huddersfield,6.0,1.0,H,32.0,5.0,14.0,1.0,9.0,4.0,10.0,3.0,0.0,2.0,0.0,0.0,1.1,13.0,26.0,1.1,12.39,32.7,1.11,13.0,35.0,1.09,11.35,28.36,42.0,2018/2019
E0,2018-08-20,Crystal Palace,Liverpool,0.0,2.0,A,8.0,16.0,2.0,6.0,6.0,13.0,6.0,7.0,1.0,1.0,1.0,0.0,7.0,5.0,1.44,7.34,5.09,1.45,7.35,5.11,1.49,6.79,4.83,1.44,41.0,2018/2019
E0,2018-08-25,Arsenal,West Ham,3.0,1.0,H,17.0,13.0,10.0,5.0,16.0,13.0,10.0,2.0,1.0,3.0,0.0,0.0,1.36,5.5,9.0,1.38,5.52,8.77,1.4,5.72,9.5,1.37,5.32,8.1,41.0,2018/2019
E0,2018-08-25,Bournemouth,Everton,2.0,2.0,D,17.0,11.0,5.0,3.0,12.0,10.0,6.0,2.0,0.0,3.0,1.0,1.0,2.62,3.6,2.75,2.63,3.58,2.77,2.69,3.6,2.81,2.59,3.49,2.7,41.0,2018/2019
E0,2018-08-25,Huddersfield,Cardiff,0.0,0.0,D,5.0,14.0,1.0,4.0,8.0,10.0,7.0,7.0,0.0,1.0,1.0,0.0,2.37,3.0,3.7,2.34,3.1,3.68,2.4,3.18,3.7,2.32,3.04,3.53,41.0,2018/2019
E0,2018-08-25,Liverpool,Brighton,1.0,0.0,H,22.0,6.0,8.0,2.0,8.0,14.0,8.0,5.0,1.0,1.0,0.0,0.0,1.16,8.5,19.0,1.17,8.54,21.13,1.18,8.92,23.0,1.16,8.05,18.81,41.0,2018/2019
E0,2018-08-25,Southampton,Leicester,1.0,2.0,A,11.0,8.0,5.0,5.0,13.0,11.0,10.0,3.0,1.0,1.0,1.0,0.0,2.45,3.2,3.25,2.45,3.34,3.18,2.52,3.35,3.25,2.42,3.22,3.12,41.0,2018/2019
E0,2018-08-25,Wolverhampton,Manchester City,1.0,1.0,D,11.0,18.0,2.0,6.0,13.0,8.0,5.0,9.0,1.0,2.0,0.0,0.0,11.0,6.5,1.28,12.1,6.52,1.27,13.0,6.75,1.3,10.84,6.18,1.27,40.0,2018/2019
E0,2018-08-26,Fulham,Burnley,4.0,2.0,H,25.0,12.0,12.0,2.0,11.0,8.0,6.0,4.0,2.0,1.0,0.0,0.0,2.0,3.4,4.33,1.97,3.47,4.4,2.04,3.57,4.5,1.98,3.36,4.14,39.0,2018/2019
E0,2018-08-26,Newcastle,Chelsea,1.0,2.0,A,6.0,15.0,2.0,3.0,16.0,8.0,4.0,5.0,3.0,1.0,0.0,0.0,5.75,4.0,1.66,5.49,4.06,1.68,5.75,4.17,1.71,5.25,3.9,1.67,42.0,2018/2019
E0,2018-08-26,Watford,Crystal Palace,2.0,1.0,H,13.0,9.0,5.0,3.0,14.0,11.0,6.0,3.0,4.0,2.0,0.0,0.0,2.6,3.25,3.0,2.61,3.33,2.96,2.66,3.36,3.04,2.55,3.22,2.92,42.0,2018/2019
E0,2018-08-27,Manchester United,Tottenham,0.0,3.0,A,23.0,9.0,5.0,5.0,11.0,16.0,5.0,2.0,2.0,4.0,0.0,0.0,2.62,3.3,2.9,2.61,3.36,2.93,2.67,3.4,3.0,2.56,3.27,2.86,42.0,2018/2019
E0,2018-09-01,Brighton,Fulham,2.0,2.0,D,15.0,10.0,5.0,5.0,12.0,14.0,7.0,1.0,3.0,3.0,0.0,0.0,2.3,3.4,3.4,2.24,3.45,3.47,2.3,3.5,3.5,2.23,3.37,3.33,38.0,2018/2019
E0,2018-09-01,Chelsea,Bournemouth,2.0,0.0,H,24.0,8.0,6.0,1.0,10.0,7.0,7.0,6.0,2.0,2.0,0.0,0.0,1.3,6.0,11.0,1.3,6.3,10.73,1.33,6.3,11.0,1.29,5.88,9.9,39.0,2018/2019
E0,2018-09-01,Crystal Palace,Southampton,0.0,2.0,A,20.0,19.0,6.0,6.0,11.0,12.0,7.0,4.0,1.0,1.0,0.0,0.0,2.0,3.5,4.2,1.95,3.5,4.47,2.0,3.52,4.5,1.95,3.42,4.16,37.0,2018/2019
E0,2018-09-01,Everton,Huddersfield,1.0,1.0,D,11.0,9.0,1.0,6.0,13.0,14.0,4.0,3.0,3.0,3.0,0.0,0.0,1.53,4.2,7.5,1.5,4.3,8.06,1.6,4.33,8.06,1.51,4.1,7.26,37.0,2018/2019
E0,2018-09-01,Leicester,Liverpool,1.0,2.0,A,12.0,10.0,5.0,4.0,9.0,12.0,4.0,4.0,3.0,2.0,0.0,0.0,7.5,5.0,1.44,7.5,4.96,1.45,8.03,5.1,1.5,7.32,4.76,1.43,39.0,2018/2019
E0,2018-09-01,Manchester City,Newcastle,2.0,1.0,H,24.0,3.0,8.0,2.0,5.0,13.0,4.0,0.0,0.0,0.0,0.0,0.0,1.11,11.0,26.0,1.12,10.57,27.95,1.13,11.34,32.5,1.11,9.76,24.64,38.0,2018/2019
E0,2018-09-01,West Ham,Wolverhampton,0.0,1.0,A,13.0,15.0,3.0,6.0,10.0,11.0,4.0,4.0,2.0,1.0,0.0,0.0,2.6,3.4,2.87,2.58,3.44,2.91,2.6,3.5,3.0,2.51,3.37,2.86,39.0,2018/2019
E0,2018-09-02,Burnley,Manchester United,0.0,2.0,A,9.0,21.0,2.0,9.0,7.0,13.0,2.0,5.0,2.0,3.0,0.0,1.0,6.0,3.75,1.7,5.94,3.85,1.68,6.25,3.9,1.7,5.73,3.72,1.67,38.0,2018/2019
E0,2018-09-02,Cardiff,Arsenal,2.0,3.0,A,14.0,17.0,3.0,11.0,12.0,14.0,3.0,9.0,3.0,4.0,0.0,0.0,6.5,4.33,1.57,6.35,4.54,1.55,6.6,4.54,1.65,6.0,4.22,1.56,38.0,2018/2019
E0,2018-09-02,Watford,Tottenham,2.0,1.0,H,7.0,11.0,3.0,2.0,9.0,8.0,3.0,10.0,2.0,1.0,0.0,0.0,5.5,4.2,1.64,5.5,4.19,1.66,5.75,4.3,1.68,5.38,4.13,1.62,38.0,2018/2019
E0,2018-09-15,Bournemouth,Leicester,4.0,2.0,H,10.0,14.0,5.0,8.0,13.0,15.0,4.0,6.0,3.0,2.0,0.0,1.0,2.45,3.5,3.0,2.43,3.46,3.13,2.51,3.5,3.13,2.42,3.41,2.98,39.0,2018/2019
E0,2018-09-15,Chelsea,Cardiff,4.0,1.0,H,18.0,6.0,7.0,2.0,8.0,10.0,5.0,4.0,0.0,0.0,0.0,0.0,1.18,8.0,19.0,1.19,7.4,18.5,1.21,8.0,21.0,1.18,7.2,17.53,39.0,2018/2019
E0,2018-09-15,Huddersfield,Crystal Palace,0.0,1.0,A,15.0,7.0,2.0,2.0,11.0,17.0,5.0,3.0,1.0,2.0,0.0,0.0,3.3,3.1,2.5,3.25,3.23,2.48,3.3,3.27,2.55,3.19,3.11,2.45,40.0,2018/2019
E0,2018-09-15,Manchester City,Fulham,3.0,0.0,H,28.0,9.0,9.0,3.0,7.0,7.0,10.0,4.0,0.0,0.0,0.0,0.0,1.12,10.0,26.0,1.13,10.17,20.82,1.14,11.0,29.0,1.12,9.54,21.93,39.0,2018/2019
E0,2018-09-15,Newcastle,Arsenal,1.0,2.0,A,4.0,12.0,2.0,2.0,13.0,11.0,10.0,4.0,0.0,0.0,0.0,0.0,4.2,3.8,1.9,4.2,3.83,1.92,4.2,3.9,1.97,4.01,3.72,1.91,39.0,2018/2019
E0,2018-09-15,Tottenham,Liverpool,1.0,2.0,A,11.0,17.0,3.0,10.0,17.0,16.0,5.0,4.0,0.0,0.0,0.0,0.0,3.0,3.6,2.4,3.03,3.71,2.37,3.1,3.74,2.4,2.97,3.62,2.33,39.0,2018/2019
E0,2018-09-15,Watford,Manchester United,1.0,2.0,A,14.0,9.0,5.0,6.0,9.0,11.0,6.0,8.0,2.0,1.0,0.0,1.0,4.33,3.6,1.95,4.18,3.65,1.97,4.5,3.65,2.0,4.16,3.55,1.93,40.0,2018/2019
E0,2018-09-16,Everton,West Ham,1.0,3.0,A,16.0,9.0,4.0,4.0,15.0,12.0,4.0,2.0,2.0,5.0,0.0,0.0,2.0,3.75,3.9,2.07,3.69,3.76,2.12,3.75,4.1,2.03,3.58,3.68,39.0,2018/2019
E0,2018-09-16,Wolverhampton,Burnley,1.0,0.0,H,30.0,7.0,7.0,2.0,10.0,9.0,8.0,2.0,2.0,4.0,0.0,0.0,1.75,3.6,5.75,1.74,3.65,5.82,1.8,3.72,6.0,1.74,3.55,5.42,39.0,2018/2019
E0,2018-09-17,Southampton,Brighton,2.0,2.0,D,14.0,12.0,5.0,4.0,10.0,13.0,1.0,4.0,2.0,3.0,0.0,0.0,2.1,3.4,3.9,2.12,3.36,3.98,2.22,3.42,4.0,2.12,3.28,3.75,38.0,2018/2019
E0,2018-09-22,Crystal Palace,Newcastle,0.0,0.0,D,16.0,6.0,4.0,3.0,8.0,11.0,9.0,5.0,1.0,1.0,0.0,0.0,2.14,3.4,3.75,2.18,3.38,3.77,2.24,3.4,3.8,2.14,3.32,3.68,40.0,2018/2019
E0,2018-09-22,Burnley,Bournemouth,4.0,0.0,H,12.0,19.0,5.0,5.0,17.0,6.0,3.0,8.0,2.0,0.0,0.0,0.0,3.0,3.4,2.5,2.95,3.42,2.59,3.0,3.42,2.62,2.87,3.32,2.55,40.0,2018/2019
E0,2018-09-22,Cardiff,Manchester City,0.0,5.0,A,2.0,21.0,2.0,10.0,6.0,4.0,1.0,9.0,1.0,1.0,0.0,0.0,23.0,8.0,1.16,21.06,7.97,1.18,23.0,9.0,1.2,18.84,7.85,1.16,40.0,2018/2019
E0,2018-09-22,Brighton,Tottenham,1.0,2.0,A,8.0,16.0,4.0,7.0,15.0,9.0,5.0,7.0,2.0,1.0,0.0,0.0,5.0,4.0,1.75,4.99,3.93,1.76,5.0,4.0,1.8,4.76,3.81,1.75,40.0,2018/2019
E0,2018-09-22,Manchester United,Wolverhampton,1.0,1.0,D,15.0,11.0,6.0,8.0,5.0,17.0,5.0,4.0,1.0,1.0,0.0,0.0,1.57,4.33,6.5,1.59,4.19,6.52,1.6,4.33,6.6,1.57,4.12,6.09,40.0,2018/2019
E0,2018-09-22,Leicester,Huddersfield,3.0,1.0,H,18.0,9.0,8.0,2.0,10.0,16.0,3.0,1.0,2.0,1.0,0.0,0.0,1.61,4.0,6.5,1.62,3.91,6.72,1.67,4.0,7.0,1.61,3.82,6.35,40.0,2018/2019
E0,2018-09-22,Liverpool,Southampton,3.0,0.0,H,12.0,7.0,4.0,1.0,7.0,10.0,5.0,4.0,0.0,2.0,0.0,0.0,1.2,7.5,17.0,1.2,7.42,18.51,1.22,7.75,19.0,1.2,7.06,15.75,40.0,2018/2019
E0,2018-09-22,Fulham,Watford,1.0,1.0,D,15.0,11.0,3.0,6.0,11.0,9.0,8.0,8.0,2.0,1.0,0.0,0.0,2.54,3.5,2.9,2.48,3.49,2.92,2.6,3.55,3.0,2.46,3.43,2.9,40.0,2018/2019
E0,2018-09-23,Arsenal,Everton,2.0,0.0,H,9.0,9.0,5.0,6.0,17.0,12.0,5.0,9.0,2.0,1.0,0.0,0.0,1.44,5.0,7.5,1.49,4.93,6.88,1.49,5.05,7.5,1.46,4.83,6.54,39.0,2018/2019
E0,2018-09-23,West Ham,Chelsea,0.0,0.0,D,6.0,17.0,1.0,6.0,11.0,9.0,1.0,8.0,2.0,1.0,0.0,0.0,6.0,4.5,1.57,5.72,4.41,1.61,6.5,4.5,1.64,5.61,4.33,1.58,40.0,2018/2019
E0,2018-09-29,Huddersfield,Tottenham,0.0,2.0,A,9.0,10.0,5.0,6.0,17.0,16.0,3.0,0.0,2.0,2.0,0.0,0.0,8.5,4.5,1.44,8.01,4.5,1.48,8.5,5.0,1.5,7.61,4.48,1.46,40.0,2018/2019
E0,2018-09-29,Chelsea,Liverpool,1.0,1.0,D,10.0,13.0,4.0,6.0,7.0,9.0,4.0,4.0,0.0,2.0,0.0,0.0,2.8,3.6,2.54,2.86,3.55,2.58,2.92,3.65,2.62,2.81,3.52,2.49,40.0,2018/2019
E0,2018-09-29,Everton,Fulham,3.0,0.0,H,19.0,6.0,6.0,0.0,13.0,13.0,12.0,1.0,0.0,3.0,0.0,0.0,1.75,4.2,4.75,1.76,4.05,4.82,1.8,4.2,4.82,1.74,3.99,4.58,38.0,2018/2019
E0,2018-09-29,Arsenal,Watford,2.0,0.0,H,9.0,13.0,2.0,4.0,11.0,17.0,6.0,6.0,2.0,2.0,0.0,0.0,1.44,5.1,7.0,1.5,4.85,6.75,1.51,5.1,7.5,1.47,4.77,6.41,40.0,2018/2019
E0,2018-09-29,Manchester City,Brighton,2.0,0.0,H,28.0,4.0,8.0,1.0,4.0,10.0,10.0,3.0,0.0,3.0,0.0,0.0,1.1,12.0,34.0,1.1,12.59,24.79,1.12,12.87,34.25,1.09,11.16,27.87,40.0,2018/2019
E0,2018-09-29,Newcastle,Leicester,0.0,2.0,A,6.0,12.0,1.0,5.0,11.0,5.0,5.0,9.0,0.0,0.0,0.0,0.0,2.6,3.3,3.0,2.61,3.3,3.01,2.65,3.3,3.05,2.56,3.22,2.93,40.0,2018/2019
E0,2018-09-29,Wolverhampton,Southampton,2.0,0.0,H,14.0,17.0,6.0,6.0,11.0,7.0,8.0,6.0,3.0,1.0,0.0,0.0,1.8,3.6,5.25,1.85,3.56,5.04,1.9,3.75,5.25,1.82,3.54,4.79,40.0,2018/2019
E0,2018-09-29,West Ham,Manchester United,3.0,1.0,H,8.0,9.0,3.0,4.0,12.0,12.0,4.0,9.0,0.0,1.0,0.0,0.0,4.5,3.8,1.85,4.53,3.78,1.87,4.6,3.87,1.89,4.41,3.71,1.84,39.0,2018/2019
E0,2018-09-30,Cardiff,Burnley,1.0,2.0,A,19.0,3.0,5.0,2.0,11.0,15.0,10.0,2.0,1.0,3.0,0.0,0.0,2.62,3.0,3.2,2.63,3.13,3.14,2.64,3.15,3.2,2.56,3.06,3.09,40.0,2018/2019
E0,2018-10-01,Bournemouth,Crystal Palace,2.0,1.0,H,11.0,10.0,5.0,2.0,9.0,12.0,3.0,3.0,3.0,4.0,0.0,0.0,2.25,3.5,3.4,2.3,3.52,3.33,2.37,3.55,3.4,2.25,3.43,3.24,39.0,2018/2019
E0,2018-10-05,Brighton,West Ham,1.0,0.0,H,9.0,17.0,4.0,4.0,12.0,8.0,2.0,9.0,3.0,2.0,0.0,0.0,2.7,3.3,2.87,2.72,3.3,2.87,2.75,3.35,2.9,2.67,3.26,2.8,36.0,2018/2019
E0,2018-10-06,Tottenham,Cardiff,1.0,0.0,H,19.0,8.0,7.0,6.0,7.0,11.0,6.0,2.0,2.0,1.0,0.0,1.0,1.22,7.0,15.0,1.22,6.74,15.07,1.26,7.5,16.0,1.23,6.51,13.14,36.0,2018/2019
E0,2018-10-06,Watford,Bournemouth,0.0,4.0,A,14.0,10.0,2.0,7.0,11.0,9.0,10.0,7.0,3.0,1.0,1.0,0.0,2.14,3.6,3.5,2.15,3.59,3.58,2.16,3.7,3.68,2.13,3.55,3.45,36.0,2018/2019
E0,2018-10-06,Burnley,Huddersfield,1.0,1.0,D,6.0,19.0,3.0,2.0,8.0,11.0,1.0,10.0,2.0,2.0,0.0,0.0,2.14,3.1,4.2,2.16,3.04,4.33,2.18,3.2,4.35,2.12,3.06,4.11,36.0,2018/2019
E0,2018-10-06,Crystal Palace,Wolverhampton,0.0,1.0,A,11.0,7.0,4.0,2.0,11.0,13.0,6.0,3.0,3.0,4.0,0.0,0.0,3.0,3.2,2.62,2.99,3.21,2.65,3.03,3.25,2.75,2.92,3.18,2.6,35.0,2018/2019
E0,2018-10-06,Leicester,Everton,1.0,2.0,A,8.0,17.0,2.0,8.0,10.0,11.0,2.0,10.0,2.0,1.0,1.0,0.0,2.2,3.4,3.6,2.17,3.52,3.6,2.28,3.55,3.6,2.19,3.4,3.44,35.0,2018/2019
E0,2018-10-06,Manchester United,Newcastle,3.0,2.0,H,18.0,13.0,10.0,8.0,16.0,8.0,10.0,6.0,2.0,2.0,0.0,0.0,1.44,4.5,9.0,1.46,4.54,8.56,1.5,4.6,9.0,1.45,4.44,7.86,36.0,2018/2019
E0,2018-10-07,Fulham,Arsenal,1.0,5.0,A,21.0,9.0,4.0,7.0,11.0,12.0,4.0,2.0,2.0,0.0,0.0,0.0,5.25,4.33,1.66,5.0,4.33,1.69,5.25,4.5,1.71,4.85,4.31,1.66,34.0,2018/2019
E0,2018-10-07,Liverpool,Manchester City,0.0,0.0,D,7.0,6.0,2.0,2.0,10.0,10.0,2.0,6.0,1.0,3.0,0.0,0.0,2.54,3.6,2.8,2.56,3.56,2.85,2.63,3.7,2.88,2.52,3.54,2.77,35.0,2018/2019
E0,2018-10-07,Southampton,Chelsea,0.0,3.0,A,15.0,21.0,6.0,6.0,13.0,11.0,4.0,12.0,6.0,0.0,0.0,0.0,6.0,4.1,1.61,6.02,4.13,1.63,6.19,4.3,1.65,5.75,4.07,1.61,36.0,2018/2019
E0,2018-10-20,Bournemouth,Southampton,0.0,0.0,D,10.0,8.0,2.0,4.0,10.0,14.0,6.0,4.0,1.0,2.0,0.0,0.0,2.04,3.7,3.75,2.07,3.67,3.79,2.1,3.75,3.9,2.03,3.58,3.69,38.0,2018/2019
E0,2018-10-20,Cardiff,Fulham,4.0,2.0,H,22.0,9.0,5.0,4.0,15.0,16.0,4.0,4.0,3.0,3.0,0.0,0.0,2.5,3.5,2.95,2.51,3.46,3.02,2.55,3.53,3.1,2.46,3.42,2.91,39.0,2018/2019
E0,2018-10-20,Chelsea,Manchester United,2.0,2.0,D,21.0,7.0,6.0,4.0,9.0,17.0,5.0,3.0,2.0,5.0,0.0,0.0,1.75,3.8,5.25,1.74,3.93,5.26,1.77,4.15,5.26,1.73,3.86,4.94,38.0,2018/2019
E0,2018-10-20,Huddersfield,Liverpool,0.0,1.0,A,13.0,11.0,1.0,2.0,9.0,6.0,2.0,4.0,0.0,2.0,0.0,0.0,11.0,5.5,1.33,11.49,5.36,1.33,13.0,5.5,1.35,11.1,5.18,1.31,38.0,2018/2019
E0,2018-10-20,Manchester City,Burnley,5.0,0.0,H,24.0,5.0,10.0,0.0,11.0,5.0,10.0,1.0,2.0,2.0,0.0,0.0,1.08,13.0,34.0,1.1,11.96,32.7,1.1,15.0,41.0,1.08,12.2,30.98,38.0,2018/2019
E0,2018-10-20,Newcastle,Brighton,0.0,1.0,A,27.0,8.0,6.0,2.0,13.0,17.0,10.0,2.0,0.0,2.0,0.0,0.0,2.2,3.25,3.8,2.22,3.21,3.9,2.27,3.25,3.9,2.19,3.16,3.71,38.0,2018/2019
E0,2018-10-20,West Ham,Tottenham,0.0,1.0,A,13.0,10.0,4.0,2.0,8.0,10.0,10.0,6.0,3.0,0.0,0.0,0.0,4.1,3.9,1.9,4.07,3.89,1.93,4.3,3.95,1.95,4.02,3.8,1.89,37.0,2018/2019
E0,2018-10-20,Wolverhampton,Watford,0.0,2.0,A,10.0,9.0,1.0,3.0,23.0,13.0,8.0,2.0,3.0,1.0,0.0,0.0,1.75,3.75,5.25,1.76,3.68,5.47,1.8,3.75,5.5,1.74,3.63,5.18,38.0,2018/2019
E0,2018-10-21,Everton,Crystal Palace,2.0,0.0,H,20.0,7.0,4.0,3.0,13.0,17.0,10.0,5.0,2.0,1.0,0.0,0.0,1.85,3.6,4.75,1.88,3.67,4.66,1.93,3.7,4.81,1.86,3.56,4.49,38.0,2018/2019
E0,2018-10-22,Arsenal,Leicester,3.0,1.0,H,19.0,8.0,6.0,2.0,10.0,10.0,6.0,4.0,2.0,2.0,0.0,0.0,1.53,4.5,6.5,1.56,4.36,6.51,1.58,4.75,6.75,1.53,4.45,5.99,38.0,2018/2019
E0,2018-10-27,Leicester,West Ham,1.0,1.0,D,21.0,11.0,7.0,3.0,17.0,5.0,8.0,0.0,1.0,1.0,0.0,1.0,2.1,3.5,3.8,2.16,3.45,3.75,2.22,3.55,3.8,2.11,3.4,3.64,38.0,2018/2019
E0,2018-10-27,Fulham,Bournemouth,0.0,3.0,A,11.0,12.0,1.0,5.0,16.0,3.0,5.0,5.0,2.0,1.0,1.0,0.0,2.9,3.75,2.4,2.95,3.75,2.42,2.95,3.85,2.5,2.85,3.69,2.38,38.0,2018/2019
E0,2018-10-27,Brighton,Wolverhampton,1.0,0.0,H,2.0,25.0,1.0,7.0,11.0,8.0,1.0,10.0,3.0,0.0,0.0,0.0,3.2,3.2,2.5,3.27,3.19,2.5,3.3,3.25,2.58,3.15,3.13,2.46,38.0,2018/2019
E0,2018-10-27,Watford,Huddersfield,3.0,0.0,H,12.0,13.0,6.0,7.0,9.0,13.0,3.0,3.0,1.0,2.0,0.0,0.0,1.75,3.75,5.25,1.76,3.74,5.37,1.8,3.8,5.5,1.75,3.65,5.1,38.0,2018/2019
E0,2018-10-27,Southampton,Newcastle,0.0,0.0,D,22.0,6.0,4.0,0.0,9.0,12.0,7.0,2.0,0.0,1.0,0.0,0.0,2.1,3.4,3.9,2.14,3.37,3.91,2.19,3.4,4.0,2.11,3.27,3.8,38.0,2018/2019
E0,2018-10-27,Liverpool,Cardiff,4.0,1.0,H,19.0,2.0,7.0,1.0,6.0,4.0,8.0,0.0,0.0,0.0,0.0,0.0,1.11,11.0,26.0,1.11,10.86,27.28,1.13,11.45,31.0,1.11,10.13,26.13,38.0,2018/2019
E0,2018-10-28,Burnley,Chelsea,0.0,4.0,A,7.0,24.0,1.0,8.0,14.0,10.0,4.0,4.0,4.0,2.0,0.0,0.0,11.0,5.0,1.36,10.84,4.89,1.37,11.5,5.1,1.4,10.06,4.84,1.36,37.0,2018/2019
E0,2018-10-28,Crystal Palace,Arsenal,2.0,2.0,D,16.0,7.0,3.0,2.0,10.0,16.0,6.0,4.0,1.0,2.0,0.0,0.0,4.75,4.1,1.75,4.56,4.26,1.76,4.75,4.26,1.8,4.39,4.07,1.76,38.0,2018/2019
E0,2018-10-28,Manchester United,Everton,2.0,1.0,H,14.0,14.0,10.0,6.0,15.0,12.0,8.0,4.0,2.0,1.0,0.0,0.0,1.72,3.9,5.25,1.75,3.91,5.16,1.78,4.0,5.32,1.73,3.8,4.93,38.0,2018/2019
E0,2018-10-29,Tottenham,Manchester City,0.0,1.0,A,4.0,13.0,1.0,6.0,13.0,13.0,3.0,6.0,2.0,2.0,0.0,0.0,4.75,4.1,1.75,4.76,4.24,1.74,4.8,4.35,1.8,4.51,4.1,1.72,38.0,2018/2019
E0,2018-11-03,Arsenal,Liverpool,1.0,1.0,D,12.0,13.0,4.0,4.0,7.0,7.0,5.0,8.0,1.0,1.0,0.0,0.0,3.9,3.9,1.95,3.92,3.77,2.0,3.92,3.96,2.2,3.67,3.77,1.98,37.0,2018/2019
E0,2018-11-03,Cardiff,Leicester,0.0,1.0,A,11.0,13.0,2.0,5.0,13.0,12.0,6.0,12.0,2.0,2.0,0.0,0.0,3.8,3.4,2.14,3.85,3.37,2.16,3.85,3.45,2.25,3.65,3.31,2.15,38.0,2018/2019
E0,2018-11-03,Newcastle,Watford,1.0,0.0,H,10.0,16.0,2.0,1.0,12.0,11.0,8.0,9.0,1.0,5.0,0.0,0.0,2.75,3.25,2.8,2.78,3.25,2.85,2.81,3.3,2.9,2.69,3.19,2.79,38.0,2018/2019
E0,2018-11-03,Bournemouth,Manchester United,1.0,2.0,A,18.0,18.0,7.0,8.0,12.0,12.0,9.0,5.0,4.0,3.0,0.0,0.0,3.6,3.7,2.1,3.62,3.64,2.14,3.62,3.7,2.15,3.54,3.57,2.1,38.0,2018/2019
E0,2018-11-03,Wolverhampton,Tottenham,2.0,3.0,A,16.0,10.0,7.0,8.0,11.0,8.0,5.0,1.0,1.0,2.0,0.0,0.0,3.1,3.4,2.45,3.13,3.36,2.49,3.28,3.43,2.5,3.05,3.33,2.41,38.0,2018/2019
E0,2018-11-03,West Ham,Burnley,4.0,2.0,H,22.0,6.0,10.0,3.0,7.0,9.0,10.0,4.0,1.0,4.0,0.0,0.0,1.75,3.75,5.25,1.76,3.74,5.42,1.8,3.85,5.5,1.74,3.68,5.1,38.0,2018/2019
E0,2018-11-03,Everton,Brighton,3.0,1.0,H,14.0,5.0,3.0,3.0,9.0,17.0,6.0,4.0,0.0,1.0,0.0,0.0,1.61,4.0,6.5,1.58,4.07,7.01,1.7,4.15,7.01,1.59,3.94,6.28,38.0,2018/2019
E0,2018-11-04,Chelsea,Crystal Palace,3.0,1.0,H,15.0,7.0,6.0,2.0,6.0,13.0,4.0,2.0,0.0,1.0,0.0,0.0,1.25,6.75,13.0,1.27,6.18,11.51,1.3,6.75,13.0,1.27,6.07,11.34,38.0,2018/2019
E0,2018-11-04,Manchester City,Southampton,6.0,1.0,H,18.0,12.0,8.0,6.0,14.0,9.0,4.0,4.0,1.0,1.0,0.0,0.0,1.11,11.0,29.0,1.11,10.68,28.68,1.14,11.0,34.0,1.11,9.93,24.64,37.0,2018/2019
E0,2018-11-05,Huddersfield,Fulham,1.0,0.0,H,10.0,7.0,2.0,1.0,11.0,8.0,5.0,4.0,1.0,2.0,0.0,0.0,2.3,3.5,3.3,2.33,3.45,3.34,2.4,3.5,3.45,2.28,3.35,3.25,36.0,2018/2019
E0,2018-11-10,Newcastle,Bournemouth,2.0,1.0,H,18.0,14.0,6.0,4.0,9.0,11.0,7.0,10.0,2.0,1.0,0.0,0.0,2.9,3.4,2.6,2.89,3.43,2.62,2.94,3.45,2.68,2.81,3.33,2.59,38.0,2018/2019
E0,2018-11-10,Southampton,Watford,1.0,1.0,D,14.0,12.0,4.0,6.0,13.0,13.0,7.0,6.0,3.0,2.0,0.0,0.0,2.5,3.3,3.1,2.53,3.34,3.09,2.58,3.4,3.11,2.47,3.28,3.0,38.0,2018/2019
E0,2018-11-10,Cardiff,Brighton,2.0,1.0,H,20.0,7.0,6.0,3.0,7.0,21.0,4.0,1.0,2.0,1.0,0.0,1.0,2.6,3.1,3.1,2.61,3.19,3.11,2.65,3.2,3.2,2.56,3.11,3.05,37.0,2018/2019
E0,2018-11-10,Crystal Palace,Tottenham,0.0,1.0,A,11.0,11.0,4.0,2.0,12.0,9.0,10.0,6.0,1.0,1.0,0.0,0.0,4.5,3.75,1.85,4.48,3.67,1.91,4.5,3.8,1.92,4.34,3.67,1.86,38.0,2018/2019
E0,2018-11-10,Huddersfield,West Ham,1.0,1.0,D,15.0,12.0,7.0,5.0,9.0,8.0,5.0,6.0,1.0,1.0,0.0,0.0,3.4,3.25,2.35,3.46,3.33,2.33,3.5,3.33,2.38,3.39,3.21,2.3,38.0,2018/2019
E0,2018-11-10,Leicester,Burnley,0.0,0.0,D,22.0,6.0,5.0,1.0,13.0,10.0,12.0,1.0,2.0,0.0,0.0,0.0,1.5,4.33,8.0,1.49,4.45,7.95,1.53,4.5,8.0,1.49,4.28,7.24,38.0,2018/2019
E0,2018-11-11,Chelsea,Everton,0.0,0.0,D,15.0,6.0,4.0,1.0,7.0,11.0,5.0,5.0,4.0,3.0,0.0,0.0,1.4,5.25,8.5,1.42,5.17,7.89,1.46,5.25,8.5,1.42,4.89,7.45,38.0,2018/2019
E0,2018-11-11,Arsenal,Wolverhampton,1.0,1.0,D,10.0,12.0,3.0,5.0,9.0,16.0,11.0,2.0,2.0,2.0,0.0,0.0,1.66,4.2,5.25,1.68,4.14,5.41,1.7,4.4,6.2,1.65,4.11,5.19,38.0,2018/2019
E0,2018-11-11,Manchester City,Manchester United,3.0,1.0,H,17.0,6.0,5.0,1.0,12.0,12.0,5.0,1.0,1.0,1.0,0.0,0.0,1.4,5.25,8.5,1.39,5.4,8.32,1.45,5.5,9.0,1.39,5.14,7.77,38.0,2018/2019
E0,2018-11-11,Liverpool,Fulham,2.0,0.0,H,20.0,8.0,7.0,3.0,11.0,9.0,6.0,3.0,1.0,1.0,0.0,0.0,1.11,11.0,26.0,1.11,10.9,24.65,1.13,12.0,31.0,1.11,10.48,23.87,38.0,2018/2019
E0,2018-11-24,Tottenham,Chelsea,3.0,1.0,H,18.0,13.0,9.0,2.0,19.0,12.0,4.0,4.0,0.0,3.0,0.0,0.0,2.8,3.5,2.6,2.87,3.5,2.6,2.88,3.55,2.65,2.78,3.42,2.56,38.0,2018/2019
E0,2018-11-24,Watford,Liverpool,0.0,3.0,A,5.0,10.0,1.0,7.0,12.0,13.0,5.0,5.0,0.0,0.0,0.0,1.0,6.5,4.33,1.55,6.31,4.28,1.59,6.6,4.5,1.6,6.03,4.28,1.55,38.0,2018/2019
E0,2018-11-24,Brighton,Leicester,1.0,1.0,D,14.0,8.0,3.0,3.0,10.0,7.0,6.0,1.0,3.0,1.0,0.0,1.0,2.9,3.4,2.6,2.89,3.25,2.74,3.0,3.4,2.75,2.87,3.18,2.63,38.0,2018/2019
E0,2018-11-24,Everton,Cardiff,1.0,0.0,H,16.0,7.0,8.0,1.0,12.0,13.0,7.0,3.0,0.0,3.0,0.0,0.0,1.4,5.0,9.0,1.43,4.78,8.61,1.45,5.0,9.0,1.42,4.66,8.12,38.0,2018/2019
E0,2018-11-24,Fulham,Southampton,3.0,2.0,H,10.0,19.0,5.0,8.0,10.0,6.0,2.0,5.0,2.0,3.0,0.0,0.0,2.62,3.5,2.8,2.68,3.45,2.82,2.72,3.5,2.9,2.61,3.35,2.77,38.0,2018/2019
E0,2018-11-24,Manchester United,Crystal Palace,0.0,0.0,D,12.0,13.0,5.0,2.0,13.0,12.0,10.0,3.0,1.0,2.0,0.0,0.0,1.4,5.25,8.0,1.42,4.88,8.79,1.44,5.25,9.0,1.4,4.81,8.13,38.0,2018/2019
E0,2018-11-24,West Ham,Manchester City,0.0,4.0,A,9.0,9.0,1.0,6.0,6.0,3.0,8.0,1.0,0.0,0.0,0.0,0.0,13.0,6.5,1.25,12.46,6.58,1.25,13.0,6.75,1.27,11.55,6.3,1.25,38.0,2018/2019
E0,2018-11-25,Bournemouth,Arsenal,1.0,2.0,A,11.0,20.0,5.0,4.0,6.0,9.0,5.0,8.0,2.0,1.0,0.0,0.0,3.5,3.75,1.95,3.53,3.84,2.1,3.7,4.0,2.11,3.5,3.77,2.03,38.0,2018/2019
E0,2018-11-25,Wolverhampton,Huddersfield,0.0,2.0,A,12.0,14.0,3.0,6.0,9.0,8.0,3.0,5.0,1.0,2.0,0.0,0.0,1.5,4.33,8.0,1.51,4.16,8.2,1.53,4.33,8.5,1.49,4.08,7.75,38.0,2018/2019
E0,2018-11-26,Burnley,Newcastle,1.0,2.0,A,14.0,17.0,4.0,3.0,6.0,11.0,5.0,5.0,0.0,1.0,0.0,0.0,2.9,3.2,2.75,2.93,3.16,2.77,2.93,3.2,2.85,2.84,3.1,2.7,38.0,2018/2019
E0,2018-11-30,Cardiff,Wolverhampton,2.0,1.0,H,17.0,15.0,3.0,4.0,3.0,12.0,7.0,6.0,1.0,2.0,0.0,0.0,3.8,3.25,2.2,3.76,3.32,2.22,3.8,3.32,2.31,3.64,3.2,2.21,38.0,2018/2019
E0,2018-12-01,Crystal Palace,Burnley,2.0,0.0,H,29.0,4.0,9.0,0.0,9.0,10.0,10.0,2.0,1.0,1.0,0.0,0.0,1.61,3.9,6.5,1.62,3.92,6.65,1.67,4.0,6.66,1.62,3.82,6.21,38.0,2018/2019
E0,2018-12-01,Huddersfield,Brighton,1.0,2.0,A,7.0,14.0,2.0,6.0,10.0,12.0,2.0,6.0,0.0,2.0,1.0,0.0,2.5,3.0,3.4,2.5,3.06,3.42,2.56,3.06,3.46,2.47,2.97,3.31,38.0,2018/2019
E0,2018-12-01,Leicester,Watford,2.0,0.0,H,7.0,8.0,3.0,0.0,7.0,6.0,4.0,8.0,2.0,1.0,0.0,1.0,2.25,3.3,3.6,2.28,3.35,3.54,2.32,3.41,3.6,2.25,3.3,3.4,38.0,2018/2019
E0,2018-12-01,Manchester City,Bournemouth,3.0,1.0,H,16.0,4.0,6.0,1.0,9.0,3.0,8.0,4.0,0.0,0.0,0.0,0.0,1.11,11.0,26.0,1.11,10.98,23.72,1.14,11.25,26.0,1.11,10.11,22.4,38.0,2018/2019
E0,2018-12-01,Newcastle,West Ham,0.0,3.0,A,16.0,7.0,4.0,4.0,10.0,10.0,7.0,3.0,3.0,3.0,0.0,0.0,2.5,3.3,3.1,2.5,3.38,3.1,2.58,3.38,3.13,2.47,3.25,3.03,38.0,2018/2019
E0,2018-12-01,Southampton,Manchester United,2.0,2.0,D,16.0,11.0,6.0,5.0,12.0,13.0,3.0,5.0,4.0,4.0,0.0,0.0,4.33,3.6,1.95,4.3,3.52,1.99,4.5,3.65,2.0,4.2,3.53,1.92,38.0,2018/2019
E0,2018-12-02,Arsenal,Tottenham,4.0,2.0,H,22.0,11.0,7.0,6.0,15.0,17.0,8.0,5.0,3.0,3.0,0.0,1.0,2.62,3.6,2.75,2.63,3.73,2.7,2.65,3.75,2.75,2.56,3.57,2.69,38.0,2018/2019
E0,2018-12-02,Chelsea,Fulham,2.0,0.0,H,16.0,9.0,9.0,4.0,8.0,17.0,4.0,6.0,2.0,1.0,0.0,0.0,1.18,8.0,17.0,1.18,7.92,15.58,1.21,8.5,19.0,1.18,7.65,15.63,38.0,2018/2019
E0,2018-12-02,Liverpool,Everton,1.0,0.0,H,16.0,9.0,3.0,3.0,12.0,7.0,8.0,1.0,3.0,2.0,0.0,0.0,1.4,5.0,9.0,1.41,5.05,8.47,1.42,5.25,9.0,1.39,4.94,8.28,38.0,2018/2019
E0,2018-12-04,Bournemouth,Huddersfield,2.0,1.0,H,6.0,23.0,2.0,6.0,14.0,11.0,4.0,8.0,4.0,2.0,0.0,0.0,1.66,3.8,6.0,1.7,3.82,5.82,1.8,3.95,6.02,1.69,3.77,5.45,38.0,2018/2019
E0,2018-12-04,Brighton,Crystal Palace,3.0,1.0,H,9.0,18.0,3.0,5.0,14.0,12.0,4.0,5.0,2.0,3.0,1.0,0.0,3.0,3.1,2.7,2.98,3.14,2.74,3.01,3.2,2.85,2.9,3.06,2.72,38.0,2018/2019
E0,2018-12-04,Watford,Manchester City,1.0,2.0,A,11.0,15.0,7.0,7.0,4.0,8.0,3.0,11.0,0.0,1.0,0.0,0.0,11.0,6.0,1.3,9.74,5.98,1.31,12.0,6.25,1.33,10.09,5.8,1.3,38.0,2018/2019
E0,2018-12-04,West Ham,Cardiff,3.0,1.0,H,17.0,9.0,11.0,5.0,10.0,10.0,10.0,4.0,1.0,2.0,0.0,0.0,1.66,4.0,5.75,1.66,4.09,5.76,1.71,4.1,6.0,1.65,3.95,5.55,36.0,2018/2019
E0,2018-12-05,Burnley,Liverpool,1.0,3.0,A,10.0,18.0,6.0,12.0,10.0,3.0,5.0,9.0,1.0,0.0,0.0,0.0,14.0,5.75,1.28,11.09,5.9,1.29,14.0,6.25,1.3,11.64,5.7,1.28,38.0,2018/2019
E0,2018-12-05,Everton,Newcastle,1.0,1.0,D,19.0,8.0,3.0,5.0,7.0,18.0,14.0,2.0,0.0,5.0,0.0,0.0,1.6,4.0,6.5,1.6,3.94,6.98,1.65,4.1,7.0,1.58,3.9,6.4,38.0,2018/2019
E0,2018-12-05,Fulham,Leicester,1.0,1.0,D,25.0,13.0,7.0,5.0,12.0,7.0,10.0,8.0,0.0,0.0,0.0,0.0,3.0,3.5,2.45,3.06,3.51,2.45,3.06,3.6,2.52,2.97,3.43,2.41,38.0,2018/2019
E0,2018-12-05,Manchester United,Arsenal,2.0,2.0,D,10.0,9.0,7.0,4.0,13.0,10.0,4.0,4.0,3.0,3.0,0.0,0.0,2.45,3.5,3.0,2.45,3.59,3.01,2.52,3.6,3.05,2.4,3.48,2.93,38.0,2018/2019
E0,2018-12-05,Tottenham,Southampton,3.0,1.0,H,13.0,18.0,8.0,5.0,7.0,5.0,8.0,6.0,0.0,0.0,0.0,0.0,1.36,5.25,9.5,1.38,5.11,9.52,1.4,5.25,10.0,1.37,4.96,8.82,38.0,2018/2019
E0,2018-12-05,Wolverhampton,Chelsea,2.0,1.0,H,6.0,17.0,2.0,3.0,18.0,10.0,1.0,5.0,4.0,4.0,0.0,0.0,5.0,3.75,1.8,4.85,3.82,1.81,5.06,3.9,1.83,4.7,3.71,1.78,38.0,2018/2019
E0,2018-12-08,Cardiff,Southampton,1.0,0.0,H,13.0,12.0,4.0,1.0,9.0,10.0,7.0,7.0,2.0,2.0,0.0,0.0,2.9,3.25,2.7,2.92,3.33,2.66,2.95,3.33,2.72,2.86,3.21,2.62,38.0,2018/2019
E0,2018-12-08,Bournemouth,Liverpool,0.0,4.0,A,8.0,10.0,2.0,4.0,9.0,11.0,6.0,6.0,2.0,1.0,0.0,0.0,5.75,4.5,1.6,5.94,4.52,1.58,6.0,4.57,1.68,5.53,4.33,1.59,38.0,2018/2019
E0,2018-12-08,Burnley,Brighton,1.0,0.0,H,14.0,14.0,4.0,1.0,11.0,11.0,2.0,7.0,2.0,0.0,0.0,0.0,2.9,3.2,2.75,2.87,3.15,2.84,2.95,3.2,2.85,2.84,3.08,2.73,38.0,2018/2019
E0,2018-12-08,Arsenal,Huddersfield,1.0,0.0,H,14.0,6.0,2.0,0.0,13.0,20.0,7.0,1.0,5.0,4.0,0.0,0.0,1.28,6.0,12.0,1.27,6.13,11.66,1.3,6.25,13.0,1.28,5.88,11.2,38.0,2018/2019
E0,2018-12-08,Chelsea,Manchester City,2.0,0.0,H,8.0,14.0,5.0,4.0,12.0,11.0,1.0,13.0,2.0,0.0,0.0,0.0,4.0,3.8,1.95,4.0,3.75,1.99,4.2,3.8,2.0,3.85,3.67,1.95,38.0,2018/2019
E0,2018-12-08,Leicester,Tottenham,0.0,2.0,A,11.0,7.0,3.0,2.0,12.0,7.0,6.0,5.0,3.0,1.0,0.0,0.0,3.8,3.75,2.0,3.94,3.55,2.07,4.0,3.75,2.08,3.79,3.55,2.0,38.0,2018/2019
E0,2018-12-08,West Ham,Crystal Palace,3.0,2.0,H,13.0,8.0,6.0,4.0,10.0,8.0,5.0,3.0,1.0,2.0,0.0,0.0,2.3,3.4,3.4,2.29,3.43,3.45,2.33,3.45,3.5,2.26,3.34,3.32,38.0,2018/2019
E0,2018-12-08,Manchester United,Fulham,4.0,1.0,H,20.0,10.0,11.0,4.0,11.0,15.0,10.0,3.0,1.0,1.0,0.0,1.0,1.33,5.75,10.0,1.36,5.29,9.84,1.38,5.75,10.5,1.35,5.24,9.11,38.0,2018/2019
E0,2018-12-09,Newcastle,Wolverhampton,1.0,2.0,A,12.0,13.0,4.0,6.0,10.0,17.0,4.0,6.0,2.0,5.0,1.0,0.0,2.9,3.2,2.7,3.01,3.16,2.7,3.01,3.2,2.82,2.91,3.08,2.65,38.0,2018/2019
E0,2018-12-10,Everton,Watford,2.0,2.0,D,12.0,15.0,5.0,3.0,13.0,13.0,6.0,6.0,1.0,1.0,0.0,0.0,1.8,3.75,5.0,1.77,3.93,4.99,1.82,3.95,5.11,1.75,3.74,4.77,38.0,2018/2019
E0,2018-12-15,Crystal Palace,Leicester,1.0,0.0,H,8.0,12.0,1.0,2.0,10.0,8.0,4.0,4.0,2.0,1.0,0.0,0.0,2.62,3.2,3.0,2.72,3.15,2.99,2.72,3.2,3.05,2.64,3.12,2.92,36.0,2018/2019
E0,2018-12-15,Fulham,West Ham,0.0,2.0,A,16.0,6.0,4.0,3.0,14.0,10.0,6.0,4.0,2.0,1.0,0.0,0.0,2.9,3.6,2.5,3.03,3.59,2.44,3.03,3.65,2.51,2.9,3.51,2.42,36.0,2018/2019
E0,2018-12-15,Huddersfield,Newcastle,0.0,1.0,A,15.0,8.0,5.0,5.0,5.0,13.0,10.0,1.0,1.0,1.0,0.0,0.0,2.6,3.1,3.1,2.73,3.05,3.08,2.73,3.2,3.2,2.63,3.01,3.05,36.0,2018/2019
E0,2018-12-15,Manchester City,Everton,3.0,1.0,H,13.0,9.0,5.0,2.0,7.0,9.0,6.0,2.0,1.0,2.0,0.0,0.0,1.22,7.5,13.0,1.22,7.01,13.26,1.26,7.5,15.0,1.22,6.83,12.85,36.0,2018/2019
E0,2018-12-15,Tottenham,Burnley,1.0,0.0,H,15.0,4.0,3.0,0.0,7.0,8.0,8.0,3.0,0.0,2.0,0.0,0.0,1.18,8.0,19.0,1.18,7.74,18.36,1.2,8.15,21.0,1.18,7.45,16.85,36.0,2018/2019
E0,2018-12-15,Watford,Cardiff,3.0,2.0,H,17.0,10.0,8.0,3.0,7.0,5.0,5.0,0.0,0.0,0.0,0.0,0.0,1.64,3.9,6.0,1.63,3.99,6.37,1.7,4.1,6.37,1.64,3.87,5.81,36.0,2018/2019
E0,2018-12-15,Wolverhampton,Bournemouth,2.0,0.0,H,9.0,13.0,3.0,3.0,15.0,7.0,5.0,3.0,1.0,2.0,0.0,0.0,1.95,3.6,4.33,2.02,3.48,4.2,2.03,3.65,4.35,1.96,3.51,4.09,34.0,2018/2019
E0,2018-12-16,Brighton,Chelsea,1.0,2.0,A,6.0,10.0,2.0,3.0,14.0,6.0,4.0,1.0,2.0,2.0,0.0,0.0,7.5,4.5,1.5,7.64,4.37,1.51,8.5,4.6,1.52,7.4,4.31,1.48,35.0,2018/2019
E0,2018-12-16,Liverpool,Manchester United,3.0,1.0,H,36.0,6.0,11.0,2.0,6.0,14.0,13.0,2.0,0.0,2.0,0.0,0.0,1.57,4.5,6.0,1.53,4.51,6.76,1.65,4.51,7.0,1.54,4.31,6.29,36.0,2018/2019
E0,2018-12-16,Southampton,Arsenal,3.0,2.0,H,12.0,13.0,7.0,4.0,12.0,10.0,4.0,5.0,3.0,1.0,0.0,0.0,4.1,3.9,1.9,3.87,3.9,1.98,4.1,3.95,1.98,3.84,3.8,1.93,36.0,2018/2019
E0,2018-12-21,Wolverhampton,Liverpool,0.0,2.0,A,11.0,15.0,5.0,6.0,7.0,3.0,1.0,10.0,0.0,0.0,0.0,0.0,7.0,4.0,1.57,6.85,4.04,1.59,7.2,4.15,1.62,6.61,3.97,1.58,36.0,2018/2019
E0,2018-12-22,Arsenal,Burnley,3.0,1.0,H,10.0,7.0,6.0,2.0,10.0,14.0,1.0,3.0,2.0,5.0,0.0,0.0,1.25,6.5,15.0,1.23,6.4,14.96,1.26,6.75,15.25,1.24,6.29,13.63,36.0,2018/2019
E0,2018-12-22,Bournemouth,Brighton,2.0,0.0,H,14.0,10.0,3.0,5.0,8.0,18.0,6.0,5.0,2.0,0.0,0.0,1.0,1.9,3.7,4.33,1.95,3.55,4.4,1.97,3.7,4.5,1.91,3.54,4.27,36.0,2018/2019
E0,2018-12-22,Cardiff,Manchester United,1.0,5.0,A,9.0,17.0,3.0,9.0,13.0,13.0,4.0,7.0,2.0,1.0,0.0,0.0,6.5,4.2,1.57,6.27,4.1,1.62,6.63,4.2,1.65,6.06,4.05,1.59,36.0,2018/2019
E0,2018-12-22,Chelsea,Leicester,0.0,1.0,A,17.0,8.0,5.0,3.0,10.0,9.0,9.0,5.0,0.0,2.0,0.0,0.0,1.33,5.5,11.0,1.33,5.42,11.37,1.36,5.5,11.39,1.33,5.23,10.39,36.0,2018/2019
E0,2018-12-22,Huddersfield,Southampton,1.0,3.0,A,16.0,13.0,5.0,6.0,12.0,9.0,8.0,2.0,2.0,3.0,0.0,0.0,3.1,3.1,2.6,3.08,3.11,2.68,3.15,3.15,2.73,3.05,3.07,2.58,36.0,2018/2019
E0,2018-12-22,Manchester City,Crystal Palace,2.0,3.0,A,19.0,5.0,5.0,3.0,7.0,6.0,13.0,0.0,0.0,4.0,0.0,0.0,1.14,10.0,21.0,1.14,9.39,21.47,1.17,10.0,25.0,1.14,8.79,19.89,36.0,2018/2019
E0,2018-12-22,Newcastle,Fulham,0.0,0.0,D,9.0,4.0,0.0,2.0,9.0,12.0,6.0,0.0,1.0,2.0,0.0,0.0,2.0,3.6,4.0,2.03,3.58,4.06,2.06,3.63,4.13,1.99,3.52,3.94,36.0,2018/2019
E0,2018-12-22,West Ham,Watford,0.0,2.0,A,18.0,11.0,7.0,5.0,9.0,11.0,10.0,4.0,3.0,2.0,0.0,0.0,2.37,3.5,3.1,2.37,3.57,3.16,2.4,3.6,3.2,2.33,3.48,3.07,35.0,2018/2019
E0,2018-12-23,Everton,Tottenham,2.0,6.0,A,10.0,17.0,3.0,8.0,13.0,9.0,2.0,1.0,0.0,2.0,0.0,0.0,3.25,3.5,2.3,3.27,3.47,2.35,3.35,3.55,2.4,3.19,3.42,2.29,36.0,2018/2019
E0,2018-12-26,Burnley,Everton,1.0,5.0,A,11.0,13.0,4.0,6.0,11.0,19.0,5.0,7.0,2.0,4.0,0.0,0.0,4.33,3.5,1.95,4.51,3.5,1.95,4.51,3.6,1.98,4.33,3.44,1.93,37.0,2018/2019
E0,2018-12-26,Brighton,Arsenal,1.0,1.0,D,12.0,7.0,3.0,4.0,10.0,4.0,4.0,9.0,2.0,1.0,0.0,0.0,5.25,3.9,1.72,5.26,3.84,1.75,5.33,4.05,1.77,5.04,3.84,1.71,37.0,2018/2019
E0,2018-12-26,Crystal Palace,Cardiff,0.0,0.0,D,31.0,9.0,5.0,4.0,9.0,11.0,12.0,1.0,0.0,3.0,0.0,0.0,1.66,4.0,5.75,1.65,3.96,6.08,1.7,4.1,6.08,1.65,3.92,5.59,37.0,2018/2019
E0,2018-12-26,Fulham,Wolverhampton,1.0,1.0,D,11.0,14.0,9.0,5.0,9.0,6.0,2.0,0.0,2.0,1.0,0.0,0.0,3.25,3.4,2.37,3.25,3.3,2.45,3.3,3.4,2.47,3.19,3.28,2.36,37.0,2018/2019
E0,2018-12-26,Leicester,Manchester City,2.0,1.0,H,10.0,11.0,5.0,4.0,5.0,8.0,3.0,7.0,2.0,2.0,0.0,1.0,9.5,5.25,1.36,9.66,5.31,1.36,10.0,5.45,1.39,9.0,5.13,1.36,37.0,2018/2019
E0,2018-12-26,Manchester United,Huddersfield,3.0,1.0,H,16.0,10.0,10.0,2.0,9.0,13.0,5.0,3.0,1.0,1.0,0.0,0.0,1.25,6.5,15.0,1.23,6.79,13.8,1.25,7.0,16.0,1.23,6.34,13.66,37.0,2018/2019
E0,2018-12-26,Liverpool,Newcastle,4.0,0.0,H,16.0,6.0,8.0,2.0,7.0,9.0,10.0,2.0,0.0,0.0,0.0,0.0,1.16,8.5,19.0,1.16,8.26,19.61,1.18,9.5,21.0,1.16,8.05,17.73,37.0,2018/2019
E0,2018-12-26,Tottenham,Bournemouth,5.0,0.0,H,10.0,14.0,7.0,4.0,4.0,8.0,3.0,4.0,2.0,1.0,0.0,0.0,1.36,5.5,9.0,1.37,5.18,10.01,1.38,5.5,10.01,1.35,5.23,9.12,37.0,2018/2019
E0,2018-12-26,Watford,Chelsea,1.0,2.0,A,10.0,10.0,2.0,4.0,15.0,5.0,3.0,4.0,1.0,0.0,0.0,0.0,5.25,3.8,1.75,5.08,3.92,1.76,5.27,3.95,1.79,4.89,3.8,1.74,37.0,2018/2019
E0,2018-12-27,Southampton,West Ham,1.0,2.0,A,11.0,16.0,5.0,5.0,10.0,3.0,4.0,5.0,2.0,0.0,0.0,0.0,2.3,3.5,3.3,2.28,3.56,3.32,2.31,3.6,3.36,2.25,3.46,3.24,37.0,2018/2019
E0,2018-12-29,Brighton,Everton,1.0,0.0,H,11.0,13.0,3.0,4.0,10.0,11.0,6.0,6.0,0.0,2.0,0.0,0.0,3.25,3.4,2.14,3.54,3.41,2.26,3.6,3.46,2.3,3.44,3.36,2.21,37.0,2018/2019
E0,2018-12-29,Fulham,Huddersfield,1.0,0.0,H,14.0,9.0,5.0,5.0,12.0,10.0,4.0,3.0,3.0,1.0,0.0,0.0,2.0,3.4,3.75,2.09,3.32,4.16,2.12,3.4,4.2,2.06,3.27,3.97,37.0,2018/2019
E0,2018-12-29,Leicester,Cardiff,0.0,1.0,A,16.0,12.0,7.0,3.0,14.0,16.0,10.0,4.0,0.0,2.0,0.0,0.0,1.55,4.0,6.0,1.58,4.31,6.4,1.6,4.55,6.73,1.57,4.13,6.18,37.0,2018/2019
E0,2018-12-29,Liverpool,Arsenal,5.0,1.0,H,15.0,8.0,10.0,2.0,8.0,13.0,5.0,3.0,1.0,2.0,0.0,0.0,1.5,4.5,5.75,1.5,4.93,6.59,1.53,5.15,7.0,1.49,4.74,6.25,37.0,2018/2019
E0,2018-12-29,Tottenham,Wolverhampton,1.0,3.0,A,10.0,11.0,3.0,4.0,7.0,7.0,6.0,7.0,3.0,2.0,0.0,0.0,1.33,5.0,8.5,1.37,5.12,9.98,1.39,5.5,10.5,1.36,5.01,9.16,37.0,2018/2019
E0,2018-12-29,Watford,Newcastle,1.0,1.0,D,12.0,8.0,5.0,2.0,17.0,16.0,3.0,6.0,1.0,2.0,0.0,0.0,1.85,3.6,4.0,1.81,3.78,4.9,1.88,3.8,5.0,1.81,3.67,4.59,37.0,2018/2019
E0,2018-12-30,Burnley,West Ham,2.0,0.0,H,17.0,11.0,5.0,4.0,15.0,11.0,5.0,5.0,1.0,4.0,0.0,0.0,3.3,3.2,2.25,3.39,3.53,2.27,3.46,3.55,2.4,3.25,3.4,2.27,36.0,2018/2019
E0,2018-12-30,Crystal Palace,Chelsea,0.0,1.0,A,4.0,12.0,0.0,4.0,11.0,8.0,3.0,4.0,0.0,1.0,0.0,0.0,4.75,4.0,1.66,5.17,3.87,1.76,5.25,4.0,1.77,4.96,3.8,1.73,37.0,2018/2019
E0,2018-12-30,Manchester United,Bournemouth,4.0,1.0,H,11.0,7.0,8.0,3.0,10.0,7.0,4.0,5.0,2.0,0.0,1.0,0.0,1.33,4.75,10.0,1.37,5.45,8.96,1.39,5.75,10.0,1.36,5.26,8.67,37.0,2018/2019
E0,2018-12-30,Southampton,Manchester City,1.0,3.0,A,5.0,14.0,4.0,6.0,11.0,10.0,3.0,8.0,2.0,3.0,1.0,0.0,10.0,5.25,1.3,9.96,5.8,1.33,10.5,6.0,1.35,9.54,5.47,1.33,37.0,2018/2019
E0,2019-01-01,Arsenal,Fulham,4.0,1.0,H,16.0,9.0,9.0,4.0,7.0,12.0,8.0,3.0,0.0,1.0,0.0,0.0,1.33,5.75,9.5,1.34,5.58,9.02,1.38,6.0,10.0,1.34,5.44,8.84,36.0,2018/2019
E0,2019-01-01,Cardiff,Tottenham,0.0,3.0,A,6.0,13.0,3.0,4.0,6.0,6.0,5.0,3.0,1.0,0.0,0.0,0.0,7.5,4.5,1.5,7.19,4.45,1.5,7.5,4.7,1.52,6.95,4.43,1.49,36.0,2018/2019
E0,2019-01-01,Everton,Leicester,0.0,1.0,A,17.0,8.0,2.0,4.0,5.0,8.0,6.0,5.0,3.0,1.0,0.0,0.0,2.0,3.5,4.2,2.01,3.57,4.14,2.06,3.6,4.2,2.01,3.46,3.94,36.0,2018/2019
E0,2019-01-02,Bournemouth,Watford,3.0,3.0,D,25.0,11.0,12.0,3.0,9.0,15.0,4.0,2.0,1.0,4.0,0.0,0.0,2.6,3.6,2.75,2.63,3.54,2.81,2.66,3.65,2.85,2.55,3.48,2.75,36.0,2018/2019
E0,2019-01-02,Chelsea,Southampton,0.0,0.0,D,17.0,6.0,6.0,2.0,8.0,11.0,7.0,2.0,1.0,2.0,0.0,0.0,1.28,6.5,11.0,1.27,6.08,12.2,1.33,6.5,13.5,1.27,5.94,11.58,36.0,2018/2019
E0,2019-01-02,Huddersfield,Burnley,1.0,2.0,A,9.0,16.0,2.0,8.0,11.0,9.0,5.0,2.0,0.0,4.0,1.0,1.0,2.14,3.1,4.2,2.17,3.18,4.08,2.22,3.2,4.2,2.15,3.12,3.92,36.0,2018/2019
E0,2019-01-02,Newcastle,Manchester United,0.0,2.0,A,14.0,16.0,3.0,7.0,10.0,9.0,1.0,2.0,1.0,2.0,0.0,0.0,6.0,4.2,1.61,5.87,4.3,1.6,6.25,4.4,1.62,5.78,4.22,1.58,36.0,2018/2019
E0,2019-01-02,West Ham,Brighton,2.0,2.0,D,13.0,13.0,6.0,6.0,9.0,11.0,1.0,5.0,0.0,1.0,0.0,0.0,1.95,3.75,4.0,1.99,3.62,4.14,2.02,3.75,4.2,1.96,3.56,3.96,36.0,2018/2019
E0,2019-01-02,Wolverhampton,Crystal Palace,0.0,2.0,A,9.0,17.0,1.0,4.0,9.0,7.0,3.0,10.0,4.0,1.0,0.0,0.0,2.0,3.4,4.33,2.04,3.41,4.24,2.06,3.55,4.33,2.0,3.33,4.13,36.0,2018/2019
E0,2019-01-03,Manchester City,Liverpool,2.0,1.0,H,9.0,7.0,4.0,5.0,12.0,7.0,2.0,1.0,4.0,2.0,0.0,0.0,2.04,3.8,3.6,2.06,3.87,3.61,2.1,4.0,3.7,2.04,3.79,3.45,36.0,2018/2019
E0,2019-01-12,Brighton,Liverpool,0.0,1.0,A,7.0,10.0,0.0,3.0,15.0,5.0,2.0,7.0,0.0,0.0,0.0,0.0,11.0,6.0,1.3,9.78,5.39,1.34,11.0,6.0,1.35,10.09,5.39,1.32,37.0,2018/2019
E0,2019-01-12,Burnley,Fulham,2.0,1.0,H,11.0,12.0,0.0,4.0,5.0,9.0,2.0,6.0,1.0,2.0,0.0,0.0,2.4,3.3,3.25,2.39,3.26,3.36,2.5,3.35,3.38,2.37,3.25,3.22,38.0,2018/2019
E0,2019-01-12,West Ham,Arsenal,1.0,0.0,H,11.0,11.0,3.0,2.0,7.0,10.0,7.0,3.0,0.0,2.0,0.0,0.0,3.5,4.0,2.05,3.53,3.85,2.1,3.6,4.0,2.11,3.43,3.8,2.06,38.0,2018/2019
E0,2019-01-12,Cardiff,Huddersfield,0.0,0.0,D,3.0,14.0,0.0,2.0,12.0,14.0,3.0,10.0,3.0,1.0,0.0,0.0,2.25,3.25,3.6,2.26,3.23,3.71,2.32,3.25,3.75,2.25,3.17,3.56,38.0,2018/2019
E0,2019-01-12,Crystal Palace,Watford,1.0,2.0,A,15.0,16.0,6.0,2.0,11.0,11.0,7.0,7.0,1.0,4.0,0.0,0.0,2.25,3.4,3.5,2.27,3.44,3.44,2.32,3.45,3.6,2.23,3.35,3.4,38.0,2018/2019
E0,2019-01-12,Leicester,Southampton,1.0,2.0,A,23.0,8.0,6.0,3.0,7.0,9.0,10.0,3.0,2.0,1.0,0.0,1.0,1.95,3.5,4.33,1.93,3.59,4.43,2.02,3.6,4.5,1.94,3.48,4.24,38.0,2018/2019
E0,2019-01-12,Chelsea,Newcastle,2.0,1.0,H,10.0,9.0,6.0,2.0,6.0,13.0,8.0,5.0,1.0,1.0,0.0,0.0,1.22,7.0,15.0,1.22,6.67,15.97,1.26,7.0,17.0,1.23,6.35,14.63,38.0,2018/2019
E0,2019-01-13,Everton,Bournemouth,2.0,0.0,H,15.0,16.0,3.0,7.0,17.0,8.0,5.0,9.0,5.0,0.0,0.0,0.0,1.75,4.0,4.8,1.76,4.0,4.91,1.81,4.05,4.91,1.76,3.89,4.64,38.0,2018/2019
E0,2019-01-13,Tottenham,Manchester United,0.0,1.0,A,21.0,13.0,11.0,8.0,8.0,8.0,7.0,4.0,1.0,2.0,0.0,0.0,2.05,3.7,3.75,2.07,3.7,3.75,2.15,3.8,3.85,2.06,3.64,3.58,38.0,2018/2019
E0,2019-01-14,Manchester City,Wolverhampton,3.0,0.0,H,24.0,3.0,9.0,0.0,6.0,3.0,12.0,1.0,1.0,0.0,0.0,1.0,1.18,8.0,17.0,1.19,7.47,16.79,1.22,8.5,18.0,1.19,7.34,15.63,37.0,2018/2019
E0,2019-01-19,Arsenal,Chelsea,2.0,0.0,H,13.0,13.0,5.0,1.0,13.0,15.0,5.0,6.0,0.0,2.0,0.0,0.0,3.1,3.6,2.37,3.09,3.65,2.37,3.11,3.66,2.4,3.01,3.54,2.34,36.0,2018/2019
E0,2019-01-19,Bournemouth,West Ham,2.0,0.0,H,10.0,9.0,4.0,1.0,6.0,10.0,2.0,3.0,0.0,1.0,0.0,0.0,2.37,3.7,3.0,2.34,3.71,3.08,2.4,3.71,3.1,2.35,3.59,2.96,36.0,2018/2019
E0,2019-01-19,Liverpool,Crystal Palace,4.0,3.0,H,19.0,9.0,9.0,3.0,6.0,8.0,8.0,3.0,0.0,1.0,1.0,0.0,1.2,7.5,17.0,1.19,7.45,16.08,1.22,7.75,18.0,1.19,7.18,15.52,36.0,2018/2019
E0,2019-01-19,Manchester United,Brighton,2.0,1.0,H,20.0,7.0,5.0,3.0,11.0,11.0,6.0,5.0,1.0,0.0,0.0,0.0,1.3,5.75,12.0,1.32,5.62,10.92,1.33,6.0,12.0,1.3,5.49,10.75,36.0,2018/2019
E0,2019-01-19,Newcastle,Cardiff,3.0,0.0,H,16.0,9.0,6.0,1.0,11.0,6.0,7.0,10.0,0.0,1.0,0.0,0.0,1.95,3.4,4.5,1.97,3.39,4.53,2.0,3.45,4.6,1.96,3.3,4.4,36.0,2018/2019
E0,2019-01-19,Southampton,Everton,2.0,1.0,H,11.0,7.0,4.0,2.0,12.0,11.0,7.0,6.0,2.0,1.0,0.0,0.0,2.75,3.4,2.7,2.76,3.41,2.73,2.8,3.44,2.78,2.7,3.34,2.7,36.0,2018/2019
E0,2019-01-19,Watford,Burnley,0.0,0.0,D,9.0,11.0,4.0,3.0,14.0,9.0,1.0,7.0,1.0,2.0,0.0,0.0,1.65,4.0,5.75,1.64,4.15,5.72,1.7,4.15,6.0,1.64,3.95,5.54,36.0,2018/2019
E0,2019-01-19,Wolverhampton,Leicester,4.0,3.0,H,12.0,16.0,7.0,6.0,11.0,10.0,5.0,9.0,3.0,3.0,0.0,0.0,2.37,3.2,3.4,2.38,3.21,3.48,2.4,3.21,3.5,2.33,3.16,3.4,36.0,2018/2019
E0,2019-01-20,Fulham,Tottenham,1.0,2.0,A,12.0,14.0,4.0,5.0,10.0,8.0,7.0,10.0,2.0,3.0,0.0,0.0,5.25,3.8,1.75,5.49,3.69,1.74,5.5,3.8,1.77,5.28,3.64,1.73,36.0,2018/2019
E0,2019-01-20,Huddersfield,Manchester City,0.0,3.0,A,5.0,12.0,2.0,4.0,10.0,9.0,1.0,4.0,2.0,2.0,0.0,0.0,21.0,8.5,1.16,21.51,8.28,1.15,28.0,10.0,1.18,20.84,8.34,1.15,36.0,2018/2019
E0,2019-01-29,Arsenal,Cardiff,2.0,1.0,H,15.0,19.0,4.0,2.0,14.0,12.0,4.0,7.0,3.0,3.0,0.0,0.0,1.22,7.0,15.0,1.22,6.92,13.58,1.25,7.35,15.5,1.23,6.77,13.42,36.0,2018/2019
E0,2019-01-29,Fulham,Brighton,4.0,2.0,H,24.0,15.0,7.0,6.0,10.0,5.0,10.0,1.0,2.0,3.0,0.0,0.0,2.37,3.3,3.3,2.42,3.23,3.35,2.46,3.3,3.5,2.39,3.2,3.28,36.0,2018/2019
E0,2019-01-29,Huddersfield,Everton,0.0,1.0,A,10.0,10.0,2.0,5.0,13.0,10.0,3.0,4.0,1.0,4.0,0.0,1.0,4.0,3.3,2.1,4.06,3.31,2.11,4.1,3.38,2.14,3.96,3.28,2.08,36.0,2018/2019
E0,2019-01-29,Manchester United,Burnley,2.0,2.0,D,28.0,6.0,9.0,4.0,10.0,9.0,11.0,3.0,1.0,3.0,0.0,0.0,1.28,6.0,12.0,1.29,5.73,11.91,1.31,6.5,13.5,1.28,5.83,11.77,36.0,2018/2019
E0,2019-01-29,Newcastle,Manchester City,2.0,1.0,H,6.0,12.0,2.0,4.0,9.0,7.0,1.0,8.0,2.0,3.0,0.0,0.0,19.0,8.0,1.18,14.57,7.67,1.2,19.0,8.1,1.21,16.18,7.41,1.19,36.0,2018/2019
E0,2019-01-29,Wolverhampton,West Ham,3.0,0.0,H,20.0,4.0,9.0,0.0,8.0,10.0,5.0,1.0,4.0,1.0,0.0,0.0,2.1,3.5,3.75,2.1,3.49,3.84,2.13,3.58,3.9,2.08,3.45,3.77,36.0,2018/2019
E0,2019-01-30,Bournemouth,Chelsea,4.0,0.0,H,12.0,11.0,7.0,7.0,8.0,6.0,3.0,7.0,1.0,0.0,0.0,0.0,5.25,4.2,1.66,5.55,4.26,1.64,5.75,4.35,1.67,5.42,4.1,1.63,36.0,2018/2019
E0,2019-01-30,Liverpool,Leicester,1.0,1.0,D,10.0,5.0,3.0,2.0,13.0,6.0,7.0,1.0,1.0,3.0,0.0,0.0,1.22,7.0,15.0,1.24,6.55,13.11,1.26,7.1,15.0,1.23,6.41,13.41,36.0,2018/2019
E0,2019-01-30,Southampton,Crystal Palace,1.0,1.0,D,13.0,15.0,4.0,3.0,11.0,8.0,3.0,8.0,2.0,2.0,0.0,1.0,2.4,3.4,3.2,2.39,3.38,3.25,2.45,3.4,3.29,2.35,3.32,3.18,36.0,2018/2019
E0,2019-01-30,Tottenham,Watford,2.0,1.0,H,17.0,9.0,3.0,1.0,6.0,9.0,9.0,5.0,0.0,4.0,0.0,0.0,1.66,4.0,5.75,1.65,3.98,5.9,1.68,4.11,6.05,1.64,3.95,5.54,36.0,2018/2019
E0,2019-02-02,Brighton,Watford,0.0,0.0,D,21.0,5.0,4.0,0.0,15.0,10.0,7.0,0.0,1.0,0.0,0.0,0.0,2.55,3.3,3.0,2.65,3.27,2.95,2.65,3.35,3.01,2.55,3.23,2.94,35.0,2018/2019
E0,2019-02-02,Burnley,Southampton,1.0,1.0,D,15.0,10.0,6.0,4.0,10.0,9.0,4.0,2.0,3.0,1.0,0.0,0.0,2.55,3.5,2.87,2.59,3.43,2.91,2.6,3.5,3.0,2.54,3.32,2.88,35.0,2018/2019
E0,2019-02-02,Cardiff,Bournemouth,2.0,0.0,H,12.0,9.0,5.0,2.0,17.0,14.0,6.0,7.0,1.0,2.0,0.0,0.0,3.25,3.5,2.3,3.31,3.48,2.33,3.31,3.5,2.42,3.15,3.41,2.32,35.0,2018/2019
E0,2019-02-02,Chelsea,Huddersfield,5.0,0.0,H,23.0,5.0,7.0,2.0,8.0,5.0,11.0,2.0,0.0,0.0,0.0,0.0,1.2,7.5,19.0,1.22,6.93,14.33,1.23,7.5,19.0,1.2,6.81,15.53,35.0,2018/2019
E0,2019-02-02,Crystal Palace,Fulham,2.0,0.0,H,17.0,8.0,6.0,0.0,9.0,12.0,11.0,1.0,2.0,3.0,0.0,0.0,2.05,3.5,4.0,2.05,3.59,3.9,2.12,3.6,4.0,2.02,3.47,3.84,35.0,2018/2019
E0,2019-02-02,Everton,Wolverhampton,1.0,3.0,A,13.0,8.0,4.0,4.0,12.0,14.0,3.0,1.0,3.0,1.0,0.0,0.0,2.37,3.4,3.25,2.44,3.33,3.21,2.45,3.4,3.3,2.36,3.31,3.16,35.0,2018/2019
E0,2019-02-02,Tottenham,Newcastle,1.0,0.0,H,21.0,8.0,4.0,2.0,6.0,6.0,6.0,3.0,0.0,1.0,0.0,0.0,1.44,4.5,9.0,1.43,4.47,9.35,1.47,4.8,9.5,1.43,4.41,8.72,35.0,2018/2019
E0,2019-02-03,Leicester,Manchester United,0.0,1.0,A,17.0,10.0,6.0,6.0,14.0,9.0,7.0,2.0,4.0,4.0,0.0,0.0,3.6,3.5,2.15,3.84,3.37,2.17,3.84,3.53,2.17,3.63,3.41,2.11,35.0,2018/2019
E0,2019-02-03,Manchester City,Arsenal,3.0,1.0,H,19.0,4.0,12.0,2.0,11.0,8.0,4.0,2.0,1.0,1.0,0.0,0.0,1.33,6.0,9.0,1.32,6.24,9.06,1.35,6.45,10.5,1.3,6.0,9.23,35.0,2018/2019
E0,2019-02-04,West Ham,Liverpool,1.0,1.0,D,13.0,11.0,2.0,6.0,9.0,11.0,2.0,5.0,1.0,1.0,0.0,0.0,8.0,5.25,1.4,7.52,5.27,1.41,9.25,5.45,1.43,7.95,5.14,1.38,35.0,2018/2019
E0,2019-02-06,Everton,Manchester City,0.0,2.0,A,4.0,15.0,1.0,4.0,12.0,6.0,5.0,6.0,1.0,1.0,0.0,0.0,10.0,6.25,1.3,9.59,5.84,1.33,11.0,6.25,1.35,9.41,5.78,1.31,35.0,2018/2019
E0,2019-02-09,Brighton,Burnley,1.0,3.0,A,16.0,9.0,6.0,5.0,8.0,7.0,9.0,3.0,1.0,1.0,0.0,0.0,2.05,3.3,4.2,2.06,3.41,4.14,2.1,3.41,4.33,2.04,3.28,4.05,34.0,2018/2019
E0,2019-02-09,Crystal Palace,West Ham,1.0,1.0,D,25.0,6.0,5.0,4.0,12.0,9.0,10.0,4.0,3.0,0.0,0.0,0.0,2.1,3.5,3.75,2.13,3.46,3.77,2.18,3.5,3.8,2.11,3.4,3.65,34.0,2018/2019
E0,2019-02-09,Watford,Everton,1.0,0.0,H,7.0,9.0,2.0,4.0,21.0,10.0,8.0,2.0,2.0,0.0,0.0,1.0,2.35,3.5,3.2,2.41,3.35,3.24,2.45,3.5,3.25,2.34,3.37,3.15,34.0,2018/2019
E0,2019-02-09,Fulham,Manchester United,0.0,3.0,A,15.0,15.0,3.0,7.0,14.0,9.0,5.0,4.0,3.0,2.0,0.0,0.0,5.5,4.4,1.61,5.57,4.36,1.63,5.69,4.43,1.65,5.31,4.25,1.62,34.0,2018/2019
E0,2019-02-09,Liverpool,Bournemouth,3.0,0.0,H,20.0,12.0,9.0,2.0,14.0,6.0,8.0,5.0,2.0,2.0,0.0,0.0,1.22,7.5,14.0,1.2,7.34,15.64,1.22,7.7,17.0,1.2,7.17,14.53,34.0,2018/2019
E0,2019-02-09,Southampton,Cardiff,1.0,2.0,A,14.0,6.0,7.0,3.0,15.0,12.0,8.0,2.0,3.0,3.0,0.0,0.0,1.75,3.9,5.0,1.78,3.77,5.06,1.81,3.9,5.2,1.76,3.7,4.89,34.0,2018/2019
E0,2019-02-09,Huddersfield,Arsenal,1.0,2.0,A,15.0,9.0,6.0,4.0,17.0,12.0,5.0,0.0,3.0,2.0,0.0,0.0,5.75,4.4,1.6,5.69,4.24,1.63,6.0,4.4,1.66,5.6,4.14,1.61,34.0,2018/2019
E0,2019-02-10,Manchester City,Chelsea,6.0,0.0,H,15.0,12.0,9.0,4.0,9.0,13.0,2.0,2.0,1.0,2.0,0.0,0.0,1.5,4.75,7.0,1.51,4.63,6.91,1.55,4.75,7.04,1.5,4.45,6.57,34.0,2018/2019
E0,2019-02-10,Tottenham,Leicester,3.0,1.0,H,12.0,20.0,5.0,9.0,11.0,4.0,2.0,9.0,3.0,1.0,0.0,0.0,1.7,3.9,5.5,1.72,3.76,5.7,1.73,4.03,5.75,1.69,3.81,5.32,34.0,2018/2019
E0,2019-02-11,Wolverhampton,Newcastle,1.0,1.0,D,22.0,9.0,6.0,3.0,7.0,9.0,13.0,1.0,1.0,3.0,0.0,0.0,1.7,3.75,5.75,1.69,3.82,5.96,1.73,3.82,6.0,1.69,3.67,5.56,34.0,2018/2019
E0,2019-02-22,Cardiff,Watford,1.0,5.0,A,15.0,12.0,6.0,7.0,10.0,11.0,3.0,3.0,1.0,2.0,0.0,0.0,3.1,3.4,2.45,3.08,3.36,2.5,3.28,3.4,2.5,3.06,3.31,2.44,33.0,2018/2019
E0,2019-02-22,West Ham,Fulham,3.0,1.0,H,21.0,8.0,7.0,5.0,11.0,11.0,12.0,0.0,1.0,1.0,0.0,0.0,1.95,3.8,4.0,1.96,3.72,4.09,1.98,3.8,4.3,1.93,3.71,4.03,34.0,2018/2019
E0,2019-02-23,Bournemouth,Wolverhampton,1.0,1.0,D,10.0,10.0,3.0,2.0,10.0,15.0,9.0,8.0,4.0,5.0,0.0,0.0,2.87,3.4,2.62,2.88,3.31,2.69,2.9,3.4,2.72,2.83,3.28,2.61,34.0,2018/2019
E0,2019-02-23,Burnley,Tottenham,2.0,1.0,H,10.0,17.0,4.0,6.0,9.0,12.0,7.0,6.0,1.0,3.0,0.0,0.0,5.75,3.8,1.7,5.52,3.81,1.73,5.75,3.99,1.74,5.29,3.79,1.7,34.0,2018/2019
E0,2019-02-23,Leicester,Crystal Palace,1.0,4.0,A,27.0,7.0,5.0,5.0,7.0,14.0,8.0,3.0,2.0,1.0,0.0,0.0,2.25,3.4,3.5,2.24,3.35,3.66,2.25,3.4,3.7,2.21,3.3,3.5,33.0,2018/2019
E0,2019-02-23,Newcastle,Huddersfield,2.0,0.0,H,29.0,3.0,12.0,1.0,11.0,7.0,12.0,0.0,2.0,0.0,0.0,1.0,1.83,3.5,5.25,1.85,3.43,5.22,1.87,3.5,5.5,1.83,3.39,4.99,33.0,2018/2019
E0,2019-02-24,Arsenal,Southampton,2.0,0.0,H,12.0,10.0,4.0,4.0,7.0,14.0,6.0,4.0,0.0,0.0,0.0,0.0,1.5,4.75,7.0,1.53,4.47,6.58,1.54,4.75,7.0,1.51,4.46,6.46,33.0,2018/2019
E0,2019-02-24,Manchester United,Liverpool,0.0,0.0,D,6.0,7.0,3.0,1.0,15.0,17.0,3.0,7.0,1.0,3.0,0.0,0.0,3.1,3.5,2.37,3.16,3.63,2.35,3.2,3.63,2.4,3.06,3.48,2.34,34.0,2018/2019
E0,2019-02-26,Cardiff,Everton,0.0,3.0,A,6.0,12.0,0.0,4.0,12.0,12.0,3.0,4.0,3.0,1.0,0.0,0.0,3.75,3.4,2.15,3.85,3.38,2.14,3.9,3.45,2.2,3.72,3.33,2.13,35.0,2018/2019
E0,2019-02-26,Huddersfield,Wolverhampton,1.0,0.0,H,15.0,7.0,3.0,0.0,10.0,10.0,3.0,5.0,2.0,2.0,0.0,0.0,5.0,3.5,1.85,5.17,3.41,1.86,5.25,3.55,1.89,5.01,3.39,1.84,35.0,2018/2019
E0,2019-02-26,Leicester,Brighton,2.0,1.0,H,19.0,15.0,3.0,3.0,6.0,4.0,4.0,8.0,1.0,1.0,0.0,0.0,1.9,3.5,4.6,1.95,3.45,4.53,2.0,3.5,4.75,1.93,3.4,4.42,35.0,2018/2019
E0,2019-02-26,Newcastle,Burnley,2.0,0.0,H,12.0,12.0,3.0,2.0,8.0,8.0,4.0,7.0,1.0,3.0,0.0,0.0,2.15,3.3,3.9,2.15,3.33,3.89,2.2,3.35,4.0,2.13,3.27,3.82,35.0,2018/2019
E0,2019-02-27,Arsenal,Bournemouth,5.0,1.0,H,16.0,13.0,6.0,5.0,11.0,9.0,9.0,4.0,2.0,2.0,0.0,0.0,1.44,5.0,7.5,1.46,4.85,7.4,1.46,5.0,8.25,1.44,4.79,7.17,35.0,2018/2019
E0,2019-02-27,Chelsea,Tottenham,2.0,0.0,H,11.0,9.0,1.0,0.0,7.0,14.0,2.0,2.0,1.0,1.0,0.0,0.0,2.3,3.5,3.25,2.3,3.48,3.38,2.4,3.52,3.38,2.28,3.4,3.23,35.0,2018/2019
E0,2019-02-27,Crystal Palace,Manchester United,1.0,3.0,A,17.0,13.0,2.0,4.0,8.0,9.0,5.0,6.0,2.0,3.0,0.0,0.0,3.25,3.5,2.3,3.25,3.43,2.36,3.3,3.5,2.4,3.18,3.38,2.32,35.0,2018/2019
E0,2019-02-27,Liverpool,Watford,5.0,0.0,H,19.0,5.0,10.0,3.0,5.0,7.0,6.0,4.0,0.0,2.0,0.0,0.0,1.28,6.0,12.0,1.29,5.66,11.94,1.32,6.25,13.0,1.29,5.74,11.26,35.0,2018/2019
E0,2019-02-27,Manchester City,West Ham,1.0,0.0,H,20.0,2.0,7.0,1.0,2.0,6.0,12.0,2.0,0.0,2.0,0.0,0.0,1.16,9.0,19.0,1.16,8.38,17.97,1.18,9.25,21.0,1.16,8.12,17.75,35.0,2018/2019
E0,2019-02-27,Southampton,Fulham,2.0,0.0,H,14.0,14.0,4.0,4.0,15.0,13.0,7.0,4.0,0.0,1.0,0.0,0.0,1.9,3.7,4.33,1.93,3.66,4.33,1.97,3.7,4.4,1.91,3.57,4.21,35.0,2018/2019
E0,2019-03-02,Burnley,Crystal Palace,1.0,3.0,A,18.0,10.0,4.0,4.0,9.0,9.0,8.0,5.0,1.0,2.0,0.0,0.0,2.8,3.3,2.75,2.9,3.32,2.67,2.9,3.32,2.82,2.81,3.24,2.65,34.0,2018/2019
E0,2019-03-02,Brighton,Huddersfield,1.0,0.0,H,13.0,6.0,4.0,4.0,11.0,6.0,6.0,3.0,2.0,2.0,0.0,0.0,1.85,3.4,5.25,1.83,3.5,5.24,1.86,3.6,5.4,1.82,3.39,5.1,34.0,2018/2019
E0,2019-03-02,West Ham,Newcastle,2.0,0.0,H,10.0,17.0,4.0,2.0,8.0,14.0,1.0,6.0,3.0,4.0,0.0,0.0,2.15,3.5,3.6,2.1,3.56,3.81,2.15,3.56,3.81,2.09,3.44,3.66,34.0,2018/2019
E0,2019-03-02,Bournemouth,Manchester City,0.0,1.0,A,0.0,23.0,0.0,7.0,7.0,7.0,0.0,14.0,1.0,2.0,0.0,0.0,13.0,7.5,1.22,11.74,7.23,1.23,15.0,7.5,1.25,12.42,6.98,1.22,34.0,2018/2019
E0,2019-03-02,Tottenham,Arsenal,1.0,1.0,D,10.0,9.0,3.0,4.0,15.0,14.0,3.0,4.0,3.0,2.0,0.0,1.0,2.05,3.7,3.75,2.05,3.75,3.78,2.12,3.8,3.8,2.04,3.61,3.65,33.0,2018/2019
E0,2019-03-02,Wolverhampton,Cardiff,2.0,0.0,H,13.0,12.0,6.0,4.0,11.0,6.0,7.0,8.0,1.0,2.0,0.0,0.0,1.5,4.33,8.0,1.51,4.37,7.46,1.55,4.37,8.0,1.51,4.21,7.13,34.0,2018/2019
E0,2019-03-02,Manchester United,Southampton,3.0,2.0,H,16.0,6.0,6.0,3.0,7.0,10.0,9.0,7.0,2.0,1.0,0.0,0.0,1.45,4.5,8.5,1.45,4.61,8.37,1.5,4.75,8.5,1.45,4.47,7.67,34.0,2018/2019
E0,2019-03-03,Everton,Liverpool,0.0,0.0,D,7.0,10.0,3.0,3.0,12.0,10.0,3.0,7.0,1.0,2.0,0.0,0.0,6.0,4.2,1.61,5.69,4.05,1.67,6.0,4.2,1.67,5.64,3.98,1.63,34.0,2018/2019
E0,2019-03-03,Fulham,Chelsea,1.0,2.0,A,12.0,20.0,5.0,7.0,11.0,10.0,5.0,4.0,2.0,1.0,0.0,0.0,6.5,4.5,1.53,6.49,4.68,1.53,7.0,4.68,1.55,6.25,4.43,1.52,34.0,2018/2019
E0,2019-03-03,Watford,Leicester,2.0,1.0,H,6.0,14.0,5.0,2.0,15.0,12.0,1.0,5.0,5.0,1.0,0.0,0.0,2.55,3.3,3.0,2.5,3.45,3.04,2.6,3.45,3.13,2.46,3.33,2.97,34.0,2018/2019
E0,2019-03-09,Newcastle,Everton,3.0,2.0,H,19.0,7.0,7.0,3.0,13.0,10.0,8.0,2.0,3.0,1.0,0.0,0.0,2.8,3.25,2.8,2.85,3.21,2.78,2.88,3.25,2.85,2.79,3.14,2.76,34.0,2018/2019
E0,2019-03-09,Southampton,Tottenham,2.0,1.0,H,12.0,16.0,4.0,5.0,16.0,9.0,1.0,10.0,4.0,2.0,0.0,0.0,4.5,3.8,1.85,4.34,3.78,1.89,4.75,3.9,1.9,4.26,3.74,1.87,34.0,2018/2019
E0,2019-03-09,Cardiff,West Ham,2.0,0.0,H,16.0,9.0,7.0,2.0,7.0,12.0,7.0,5.0,2.0,1.0,0.0,0.0,3.6,3.5,2.15,3.58,3.43,2.21,3.61,3.52,2.25,3.45,3.42,2.19,34.0,2018/2019
E0,2019-03-09,Crystal Palace,Brighton,1.0,2.0,A,15.0,4.0,3.0,3.0,8.0,18.0,8.0,0.0,1.0,5.0,0.0,0.0,1.83,3.6,5.0,1.88,3.52,4.85,1.89,3.6,5.0,1.85,3.48,4.72,34.0,2018/2019
E0,2019-03-09,Huddersfield,Bournemouth,0.0,2.0,A,8.0,8.0,1.0,5.0,14.0,9.0,6.0,5.0,3.0,1.0,0.0,0.0,3.4,3.3,2.35,3.53,3.27,2.31,3.6,3.32,2.4,3.4,3.24,2.29,34.0,2018/2019
E0,2019-03-09,Leicester,Fulham,3.0,1.0,H,18.0,6.0,8.0,3.0,9.0,13.0,6.0,5.0,0.0,2.0,0.0,0.0,1.57,4.5,6.0,1.6,4.41,5.73,1.62,4.5,6.0,1.6,4.3,5.58,34.0,2018/2019
E0,2019-03-09,Manchester City,Watford,3.0,1.0,H,19.0,2.0,9.0,1.0,11.0,7.0,9.0,1.0,1.0,1.0,0.0,0.0,1.16,9.0,19.0,1.15,8.79,19.09,1.17,9.5,21.0,1.15,8.5,18.41,34.0,2018/2019
E0,2019-03-10,Chelsea,Wolverhampton,1.0,1.0,D,22.0,2.0,6.0,1.0,8.0,14.0,13.0,0.0,1.0,4.0,0.0,0.0,1.55,4.2,7.0,1.59,4.04,6.93,1.6,4.4,7.2,1.56,4.03,6.53,34.0,2018/2019
E0,2019-03-10,Liverpool,Burnley,4.0,2.0,H,23.0,3.0,5.0,2.0,4.0,7.0,7.0,3.0,2.0,0.0,0.0,0.0,1.16,8.5,21.0,1.17,7.8,18.87,1.2,8.5,22.0,1.17,7.66,17.74,34.0,2018/2019
E0,2019-03-10,Arsenal,Manchester United,2.0,0.0,H,14.0,14.0,3.0,4.0,12.0,18.0,5.0,2.0,2.0,2.0,0.0,0.0,2.4,3.6,3.0,2.45,3.55,3.04,2.48,3.65,3.1,2.38,3.52,2.96,34.0,2018/2019
E0,2019-03-16,Bournemouth,Newcastle,2.0,2.0,D,10.0,12.0,3.0,4.0,9.0,12.0,6.0,6.0,3.0,2.0,0.0,0.0,2.05,3.6,3.8,2.13,3.45,3.79,2.14,3.6,3.8,2.08,3.42,3.7,35.0,2018/2019
E0,2019-03-16,Burnley,Leicester,1.0,2.0,A,13.0,9.0,2.0,4.0,9.0,10.0,9.0,3.0,1.0,1.0,0.0,1.0,3.1,3.4,2.45,3.16,3.43,2.41,3.2,3.43,2.52,3.06,3.31,2.42,35.0,2018/2019
E0,2019-03-16,West Ham,Huddersfield,4.0,3.0,H,16.0,15.0,5.0,5.0,7.0,15.0,5.0,8.0,0.0,2.0,0.0,0.0,1.55,4.2,7.0,1.58,4.09,6.7,1.6,4.3,7.25,1.57,4.02,6.45,35.0,2018/2019
E0,2019-03-17,Everton,Chelsea,2.0,0.0,H,15.0,16.0,8.0,5.0,17.0,9.0,3.0,4.0,1.0,2.0,0.0,0.0,4.0,3.8,1.95,4.12,3.64,1.99,4.4,3.8,2.0,4.0,3.57,1.95,35.0,2018/2019
E0,2019-03-17,Fulham,Liverpool,1.0,2.0,A,7.0,16.0,2.0,6.0,11.0,7.0,1.0,10.0,2.0,1.0,0.0,0.0,12.0,7.0,1.25,11.68,6.34,1.27,15.0,7.0,1.28,11.67,6.31,1.25,35.0,2018/2019
E0,2019-03-30,Brighton,Southampton,0.0,1.0,A,14.0,8.0,1.0,2.0,8.0,10.0,6.0,5.0,1.0,2.0,0.0,0.0,2.55,3.2,3.1,2.6,3.14,3.13,2.65,3.2,3.15,2.57,3.09,3.05,33.0,2018/2019
E0,2019-03-30,Burnley,Wolverhampton,2.0,0.0,H,5.0,8.0,1.0,1.0,12.0,10.0,1.0,5.0,1.0,1.0,0.0,0.0,3.2,3.25,2.45,3.21,3.23,2.5,3.25,3.3,2.56,3.15,3.17,2.45,34.0,2018/2019
E0,2019-03-30,West Ham,Everton,0.0,2.0,A,3.0,17.0,1.0,9.0,7.0,14.0,4.0,9.0,1.0,1.0,0.0,0.0,2.55,3.5,2.9,2.6,3.41,2.93,2.65,3.5,2.94,2.53,3.41,2.84,34.0,2018/2019
E0,2019-03-30,Crystal Palace,Huddersfield,2.0,0.0,H,19.0,15.0,5.0,5.0,10.0,7.0,5.0,5.0,0.0,0.0,0.0,0.0,1.45,4.4,9.0,1.47,4.35,8.4,1.5,4.5,9.0,1.46,4.29,8.16,34.0,2018/2019
E0,2019-03-30,Leicester,Bournemouth,2.0,0.0,H,18.0,8.0,4.0,2.0,6.0,12.0,6.0,1.0,0.0,2.0,0.0,0.0,1.85,3.8,4.5,1.84,3.88,4.51,1.9,4.0,4.6,1.83,3.79,4.34,34.0,2018/2019
E0,2019-03-30,Manchester United,Watford,2.0,1.0,H,8.0,20.0,5.0,8.0,14.0,9.0,3.0,5.0,1.0,2.0,0.0,0.0,1.44,4.75,8.0,1.45,4.85,7.5,1.47,4.92,8.5,1.44,4.71,7.46,34.0,2018/2019
E0,2019-03-30,Fulham,Manchester City,0.0,2.0,A,5.0,24.0,0.0,7.0,4.0,12.0,0.0,11.0,2.0,0.0,0.0,0.0,21.0,11.0,1.12,21.02,9.55,1.13,23.0,11.0,1.16,19.78,9.49,1.13,34.0,2018/2019
E0,2019-03-31,Cardiff,Chelsea,1.0,2.0,A,8.0,21.0,3.0,3.0,8.0,14.0,2.0,7.0,2.0,3.0,0.0,0.0,9.0,4.5,1.44,8.23,4.64,1.46,9.05,4.65,1.47,8.08,4.47,1.44,34.0,2018/2019
E0,2019-03-31,Liverpool,Tottenham,2.0,1.0,H,14.0,11.0,3.0,2.0,5.0,8.0,10.0,3.0,0.0,1.0,0.0,0.0,1.61,4.2,6.0,1.63,4.17,5.9,1.65,4.33,6.0,1.61,4.13,5.62,34.0,2018/2019
E0,2019-04-01,Arsenal,Newcastle,2.0,0.0,H,7.0,3.0,4.0,1.0,11.0,10.0,6.0,2.0,2.0,0.0,0.0,0.0,1.36,5.25,9.5,1.39,5.29,8.57,1.42,5.3,9.5,1.39,4.95,8.36,33.0,2018/2019
E0,2019-04-02,Watford,Fulham,4.0,1.0,H,15.0,17.0,7.0,7.0,12.0,5.0,6.0,4.0,3.0,2.0,0.0,0.0,1.72,4.0,5.0,1.76,3.86,5.06,1.78,4.0,5.25,1.74,3.86,4.85,35.0,2018/2019
E0,2019-04-02,Wolverhampton,Manchester United,2.0,1.0,H,9.0,18.0,2.0,4.0,5.0,11.0,3.0,5.0,1.0,2.0,0.0,1.0,4.0,3.6,2.0,3.98,3.6,2.02,4.2,3.62,2.1,3.98,3.51,1.99,36.0,2018/2019
E0,2019-04-03,Chelsea,Brighton,3.0,0.0,H,17.0,3.0,4.0,1.0,5.0,9.0,7.0,1.0,0.0,0.0,0.0,0.0,1.25,6.5,15.0,1.27,5.71,15.03,1.29,6.5,15.5,1.26,5.79,13.11,35.0,2018/2019
E0,2019-04-03,Manchester City,Cardiff,2.0,0.0,H,27.0,4.0,11.0,1.0,3.0,17.0,7.0,4.0,0.0,3.0,0.0,0.0,1.06,17.0,34.0,1.07,14.96,42.94,1.08,17.25,60.0,1.06,14.37,40.61,35.0,2018/2019
E0,2019-04-03,Tottenham,Crystal Palace,2.0,0.0,H,26.0,5.0,10.0,1.0,8.0,5.0,8.0,2.0,1.0,0.0,0.0,0.0,1.45,5.0,7.5,1.47,4.67,7.45,1.5,5.0,7.75,1.47,4.61,7.04,35.0,2018/2019
E0,2019-04-05,Southampton,Liverpool,1.0,3.0,A,11.0,17.0,1.0,5.0,8.0,7.0,7.0,5.0,2.0,4.0,0.0,0.0,9.0,5.0,1.4,8.91,5.15,1.39,10.0,5.2,1.45,8.68,4.89,1.39,34.0,2018/2019
E0,2019-04-06,Bournemouth,Burnley,1.0,3.0,A,10.0,11.0,2.0,3.0,12.0,16.0,3.0,6.0,2.0,3.0,0.0,0.0,2.1,3.6,3.75,2.09,3.64,3.75,2.14,3.65,3.75,2.07,3.55,3.63,35.0,2018/2019
E0,2019-04-06,Huddersfield,Leicester,1.0,4.0,A,10.0,18.0,4.0,9.0,13.0,11.0,8.0,5.0,3.0,0.0,0.0,0.0,5.0,4.0,1.72,5.22,3.86,1.75,5.5,4.0,1.77,5.02,3.8,1.73,35.0,2018/2019
E0,2019-04-06,Newcastle,Crystal Palace,0.0,1.0,A,18.0,3.0,5.0,1.0,12.0,13.0,9.0,4.0,1.0,2.0,0.0,0.0,2.6,3.25,3.0,2.61,3.2,3.1,2.61,3.3,3.1,2.53,3.19,3.02,35.0,2018/2019
E0,2019-04-07,Everton,Arsenal,1.0,0.0,H,23.0,7.0,6.0,2.0,8.0,9.0,9.0,6.0,1.0,4.0,0.0,0.0,3.0,3.75,2.35,3.01,3.67,2.41,3.15,3.75,2.42,3.02,3.6,2.32,35.0,2018/2019
E0,2019-04-08,Chelsea,West Ham,2.0,0.0,H,16.0,9.0,7.0,2.0,8.0,7.0,7.0,4.0,2.0,1.0,0.0,0.0,1.33,5.75,9.5,1.32,5.82,10.48,1.4,6.0,11.0,1.33,5.55,9.25,34.0,2018/2019
E0,2019-04-12,Leicester,Newcastle,0.0,1.0,A,12.0,11.0,5.0,5.0,6.0,10.0,2.0,3.0,2.0,3.0,0.0,0.0,1.66,4.0,5.75,1.66,3.87,6.18,1.69,4.1,6.25,1.65,3.87,5.77,35.0,2018/2019
E0,2019-04-13,Brighton,Bournemouth,0.0,5.0,A,8.0,14.0,1.0,7.0,10.0,6.0,4.0,1.0,2.0,4.0,1.0,0.0,2.3,3.4,3.4,2.32,3.29,3.49,2.33,3.45,3.5,2.28,3.32,3.35,34.0,2018/2019
E0,2019-04-13,Burnley,Cardiff,2.0,0.0,H,14.0,14.0,7.0,2.0,7.0,10.0,8.0,4.0,2.0,3.0,0.0,0.0,1.9,3.6,4.5,1.9,3.63,4.48,1.95,3.75,4.6,1.9,3.54,4.33,35.0,2018/2019
E0,2019-04-13,Fulham,Everton,2.0,0.0,H,12.0,8.0,5.0,1.0,8.0,10.0,7.0,3.0,2.0,1.0,0.0,0.0,5.0,4.0,1.75,4.64,4.01,1.79,5.0,4.1,1.8,4.63,3.93,1.75,35.0,2018/2019
E0,2019-04-13,Manchester United,West Ham,2.0,1.0,H,14.0,18.0,4.0,4.0,14.0,5.0,3.0,11.0,1.0,1.0,0.0,0.0,1.4,5.25,8.5,1.42,5.02,8.33,1.42,5.3,9.0,1.4,5.03,7.9,35.0,2018/2019
E0,2019-04-13,Southampton,Wolverhampton,3.0,1.0,H,13.0,17.0,6.0,2.0,13.0,8.0,4.0,9.0,1.0,3.0,0.0,0.0,2.6,3.25,3.0,2.64,3.22,3.02,2.7,3.25,3.15,2.59,3.15,2.98,35.0,2018/2019
E0,2019-04-13,Tottenham,Huddersfield,4.0,0.0,H,22.0,7.0,5.0,1.0,10.0,12.0,4.0,2.0,2.0,2.0,0.0,0.0,1.22,7.0,15.0,1.21,7.08,14.67,1.25,7.25,18.0,1.22,6.77,14.24,35.0,2018/2019
E0,2019-04-14,Crystal Palace,Manchester City,1.0,3.0,A,7.0,20.0,3.0,6.0,5.0,11.0,2.0,9.0,0.0,0.0,0.0,0.0,11.0,6.0,1.3,10.23,5.55,1.34,11.5,6.0,1.35,10.05,5.51,1.32,34.0,2018/2019
E0,2019-04-14,Liverpool,Chelsea,2.0,0.0,H,15.0,6.0,7.0,3.0,5.0,9.0,9.0,2.0,0.0,1.0,0.0,0.0,1.66,4.2,5.25,1.68,4.12,5.46,1.71,4.25,5.5,1.66,4.05,5.2,35.0,2018/2019
E0,2019-04-15,Watford,Arsenal,0.0,1.0,A,11.0,19.0,3.0,6.0,12.0,8.0,6.0,4.0,2.0,0.0,1.0,0.0,3.2,3.75,2.25,3.18,3.78,2.25,3.25,3.9,2.25,3.13,3.72,2.2,34.0,2018/2019
E0,2019-04-16,Brighton,Cardiff,0.0,2.0,A,14.0,10.0,2.0,3.0,11.0,13.0,5.0,4.0,0.0,1.0,0.0,0.0,2.0,3.3,4.5,2.01,3.27,4.53,2.05,3.34,4.75,2.0,3.24,4.29,33.0,2018/2019
E0,2019-04-20,Manchester City,Tottenham,1.0,0.0,H,15.0,10.0,4.0,4.0,11.0,11.0,4.0,4.0,1.0,2.0,0.0,0.0,1.3,6.0,11.0,1.29,6.44,10.31,1.32,6.6,12.0,1.28,6.06,10.35,35.0,2018/2019
E0,2019-04-20,Huddersfield,Watford,1.0,2.0,A,13.0,11.0,3.0,6.0,15.0,9.0,2.0,2.0,2.0,2.0,0.0,0.0,4.4,3.9,1.85,4.34,3.81,1.87,4.6,3.9,1.89,4.34,3.69,1.85,34.0,2018/2019
E0,2019-04-20,Bournemouth,Fulham,0.0,1.0,A,15.0,17.0,5.0,5.0,11.0,18.0,3.0,7.0,1.0,3.0,0.0,0.0,1.65,4.4,5.25,1.68,4.32,5.05,1.7,4.4,5.25,1.66,4.22,4.9,33.0,2018/2019
E0,2019-04-20,Wolverhampton,Brighton,0.0,0.0,D,22.0,5.0,5.0,0.0,0.0,8.0,14.0,1.0,0.0,1.0,0.0,0.0,1.75,3.5,6.0,1.77,3.5,5.79,1.8,3.6,6.0,1.76,3.44,5.46,34.0,2018/2019
E0,2019-04-20,West Ham,Leicester,2.0,2.0,D,11.0,11.0,3.0,5.0,8.0,9.0,6.0,8.0,2.0,0.0,0.0,0.0,3.3,3.5,2.3,3.21,3.5,2.35,3.3,3.55,2.4,3.13,3.45,2.3,34.0,2018/2019
E0,2019-04-20,Newcastle,Southampton,3.0,1.0,H,15.0,15.0,6.0,3.0,5.0,11.0,4.0,11.0,0.0,2.0,0.0,0.0,2.55,3.2,3.1,2.59,3.1,3.24,2.59,3.25,3.26,2.48,3.12,3.16,35.0,2018/2019
E0,2019-04-21,Arsenal,Crystal Palace,2.0,3.0,A,12.0,16.0,5.0,7.0,15.0,12.0,8.0,3.0,4.0,1.0,0.0,0.0,1.53,4.6,6.5,1.56,4.55,6.23,1.56,4.77,7.2,1.54,4.44,6.03,33.0,2018/2019
E0,2019-04-21,Cardiff,Liverpool,0.0,2.0,A,7.0,17.0,2.0,6.0,6.0,5.0,5.0,10.0,1.0,1.0,0.0,0.0,17.0,7.5,1.2,14.96,7.07,1.21,18.0,7.5,1.23,14.94,6.66,1.21,35.0,2018/2019
E0,2019-04-21,Everton,Manchester United,4.0,0.0,H,15.0,7.0,8.0,1.0,11.0,7.0,10.0,2.0,1.0,1.0,0.0,0.0,3.25,3.5,2.3,3.23,3.55,2.34,3.3,3.6,2.35,3.17,3.44,2.3,35.0,2018/2019
E0,2019-04-22,Chelsea,Burnley,2.0,2.0,D,22.0,6.0,9.0,3.0,9.0,4.0,10.0,1.0,2.0,1.0,0.0,0.0,1.25,6.25,15.0,1.25,6.33,13.71,1.29,6.6,15.0,1.26,5.95,12.42,32.0,2018/2019
E0,2019-04-23,Tottenham,Brighton,1.0,0.0,H,29.0,6.0,5.0,1.0,7.0,13.0,6.0,3.0,1.0,2.0,0.0,0.0,1.28,6.0,13.0,1.29,5.63,12.65,1.33,6.0,13.8,1.29,5.53,11.88,34.0,2018/2019
E0,2019-04-23,Watford,Southampton,1.0,1.0,D,15.0,8.0,4.0,4.0,10.0,14.0,3.0,4.0,5.0,2.0,0.0,0.0,2.25,3.5,3.4,2.29,3.49,3.35,2.3,3.53,3.4,2.25,3.43,3.3,35.0,2018/2019
E0,2019-04-24,Manchester United,Manchester City,0.0,2.0,A,12.0,8.0,1.0,5.0,10.0,10.0,1.0,1.0,2.0,2.0,0.0,0.0,7.5,5.0,1.44,6.94,4.85,1.49,7.5,5.05,1.5,6.79,4.73,1.46,35.0,2018/2019
E0,2019-04-24,Wolverhampton,Arsenal,3.0,1.0,H,11.0,11.0,3.0,1.0,12.0,9.0,5.0,5.0,2.0,3.0,0.0,0.0,2.9,3.5,2.55,2.95,3.47,2.54,3.0,3.5,2.57,2.89,3.41,2.48,34.0,2018/2019
E0,2019-04-26,Liverpool,Huddersfield,5.0,0.0,H,21.0,5.0,7.0,1.0,5.0,14.0,4.0,4.0,0.0,0.0,0.0,0.0,1.07,15.0,41.0,1.08,13.99,30.97,1.09,17.0,51.0,1.07,13.61,36.37,34.0,2018/2019
E0,2019-04-27,Brighton,Newcastle,1.0,1.0,D,9.0,9.0,2.0,1.0,7.0,10.0,7.0,4.0,2.0,3.0,0.0,0.0,2.3,3.2,3.6,2.35,3.18,3.6,2.4,3.25,3.6,2.31,3.14,3.45,35.0,2018/2019
E0,2019-04-27,Crystal Palace,Everton,0.0,0.0,D,8.0,22.0,0.0,3.0,9.0,15.0,5.0,10.0,2.0,0.0,0.0,0.0,2.62,3.5,2.8,2.63,3.45,2.84,2.72,3.5,2.88,2.61,3.37,2.76,35.0,2018/2019
E0,2019-04-27,Fulham,Cardiff,1.0,0.0,H,8.0,13.0,2.0,8.0,10.0,8.0,10.0,3.0,0.0,0.0,0.0,0.0,2.4,3.6,3.0,2.4,3.71,2.95,2.45,3.71,3.1,2.37,3.56,2.93,35.0,2018/2019
E0,2019-04-27,Southampton,Bournemouth,3.0,3.0,D,22.0,9.0,7.0,5.0,8.0,9.0,9.0,3.0,2.0,1.0,0.0,0.0,1.9,3.9,4.1,1.92,3.86,4.1,1.95,3.9,4.3,1.91,3.72,4.03,35.0,2018/2019
E0,2019-04-27,Tottenham,West Ham,0.0,1.0,A,14.0,16.0,4.0,7.0,3.0,8.0,2.0,7.0,0.0,2.0,0.0,0.0,1.4,5.5,7.5,1.44,5.17,7.4,1.45,5.5,7.8,1.43,4.91,7.14,35.0,2018/2019
E0,2019-04-27,Watford,Wolverhampton,1.0,2.0,A,10.0,11.0,1.0,4.0,10.0,11.0,4.0,5.0,3.0,2.0,0.0,0.0,2.62,3.3,2.9,2.64,3.32,2.93,2.7,3.35,3.0,2.58,3.23,2.9,35.0,2018/2019
E0,2019-04-28,Burnley,Manchester City,0.0,1.0,A,2.0,25.0,0.0,7.0,5.0,7.0,0.0,6.0,1.0,1.0,0.0,0.0,23.0,9.0,1.14,19.41,8.84,1.15,25.0,9.6,1.17,19.65,8.43,1.15,35.0,2018/2019
E0,2019-04-28,Leicester,Arsenal,3.0,0.0,H,24.0,6.0,12.0,1.0,13.0,13.0,8.0,6.0,3.0,1.0,0.0,1.0,2.75,3.6,2.6,2.68,3.77,2.61,2.75,3.77,2.65,2.68,3.63,2.54,35.0,2018/2019
E0,2019-04-28,Manchester United,Chelsea,1.0,1.0,D,7.0,16.0,5.0,3.0,9.0,14.0,6.0,6.0,3.0,2.0,0.0,0.0,2.7,3.5,2.7,2.73,3.43,2.77,2.75,3.5,2.8,2.67,3.38,2.69,35.0,2018/2019
E0,2019-05-03,Everton,Burnley,2.0,0.0,H,20.0,5.0,6.0,1.0,8.0,9.0,8.0,1.0,0.0,2.0,0.0,0.0,1.66,4.0,5.75,1.68,3.91,5.73,1.7,4.1,6.1,1.66,3.88,5.6,34.0,2018/2019
E0,2019-05-04,Newcastle,Liverpool,2.0,3.0,A,14.0,11.0,7.0,4.0,10.0,4.0,2.0,3.0,1.0,1.0,0.0,0.0,9.5,5.25,1.36,9.92,5.04,1.36,11.0,5.35,1.37,9.91,4.98,1.35,34.0,2018/2019
E0,2019-05-04,Bournemouth,Tottenham,1.0,0.0,H,20.0,11.0,6.0,5.0,11.0,12.0,10.0,6.0,1.0,5.0,0.0,2.0,4.0,4.0,1.9,4.06,3.9,1.92,4.2,4.0,1.94,4.0,3.83,1.89,35.0,2018/2019
E0,2019-05-04,West Ham,Southampton,3.0,0.0,H,17.0,11.0,6.0,1.0,2.0,11.0,2.0,7.0,1.0,1.0,0.0,0.0,2.3,3.75,3.1,2.33,3.72,3.09,2.35,3.75,3.15,2.3,3.64,3.02,34.0,2018/2019
E0,2019-05-04,Wolverhampton,Fulham,1.0,0.0,H,19.0,6.0,6.0,2.0,10.0,15.0,7.0,1.0,1.0,3.0,0.0,0.0,1.53,4.2,7.5,1.56,4.16,6.69,1.57,4.35,7.5,1.55,4.12,6.52,34.0,2018/2019
E0,2019-05-04,Cardiff,Crystal Palace,2.0,3.0,A,18.0,21.0,8.0,7.0,14.0,11.0,10.0,5.0,0.0,0.0,0.0,0.0,2.6,3.75,2.7,2.62,3.75,2.68,2.66,3.75,2.75,2.59,3.57,2.68,35.0,2018/2019
E0,2019-05-05,Arsenal,Brighton,1.0,1.0,D,20.0,11.0,8.0,5.0,9.0,14.0,16.0,3.0,5.0,2.0,0.0,0.0,1.4,5.0,9.0,1.43,4.72,8.49,1.44,5.0,9.25,1.41,4.69,8.3,34.0,2018/2019
E0,2019-05-05,Chelsea,Watford,3.0,0.0,H,19.0,15.0,9.0,3.0,6.0,12.0,6.0,6.0,0.0,1.0,0.0,0.0,1.4,5.25,8.0,1.39,5.14,8.58,1.42,5.3,9.0,1.4,4.95,8.13,34.0,2018/2019
E0,2019-05-05,Huddersfield,Manchester United,1.0,1.0,D,7.0,23.0,3.0,7.0,10.0,10.0,3.0,7.0,1.0,1.0,0.0,0.0,11.0,6.0,1.3,9.23,5.56,1.34,12.0,6.0,1.35,9.95,5.37,1.33,34.0,2018/2019
E0,2019-05-06,Manchester City,Leicester,1.0,0.0,H,19.0,7.0,5.0,2.0,12.0,5.0,11.0,0.0,3.0,2.0,0.0,0.0,1.12,8.5,17.0,1.17,8.35,17.14,1.18,9.5,20.0,1.16,8.29,16.95,34.0,2018/2019
E0,2019-05-12,Burnley,Arsenal,1.0,3.0,A,14.0,17.0,5.0,6.0,11.0,3.0,4.0,5.0,5.0,1.0,0.0,0.0,3.25,3.8,2.2,3.15,3.8,2.25,3.3,3.9,2.3,3.14,3.74,2.2,34.0,2018/2019
E0,2019-05-12,Leicester,Chelsea,0.0,0.0,D,9.0,14.0,3.0,4.0,9.0,8.0,4.0,5.0,0.0,1.0,0.0,0.0,2.4,3.75,2.9,2.44,3.65,2.93,2.45,3.75,3.05,2.4,3.57,2.89,35.0,2018/2019
E0,2019-05-12,Brighton,Manchester City,1.0,4.0,A,6.0,20.0,2.0,9.0,12.0,8.0,2.0,6.0,0.0,0.0,0.0,0.0,19.0,8.5,1.16,15.63,8.17,1.18,21.0,8.75,1.18,16.94,8.03,1.16,35.0,2018/2019
E0,2019-05-12,Fulham,Newcastle,0.0,4.0,A,16.0,13.0,2.0,6.0,6.0,8.0,5.0,5.0,1.0,0.0,0.0,0.0,2.5,3.6,2.9,2.55,3.57,2.83,2.57,3.65,2.9,2.5,3.53,2.78,35.0,2018/2019
E0,2019-05-12,Crystal Palace,Bournemouth,5.0,3.0,H,17.0,16.0,8.0,8.0,11.0,8.0,4.0,4.0,3.0,0.0,0.0,0.0,1.9,4.2,3.8,1.88,4.14,3.95,1.91,4.2,4.1,1.87,4.0,3.87,35.0,2018/2019
E0,2019-05-12,Liverpool,Wolverhampton,2.0,0.0,H,13.0,7.0,5.0,2.0,3.0,11.0,4.0,1.0,0.0,2.0,0.0,0.0,1.3,6.0,11.0,1.31,5.77,10.54,1.33,6.0,11.5,1.3,5.62,10.17,35.0,2018/2019
E0,2019-05-12,Tottenham,Everton,2.0,2.0,D,11.0,17.0,3.0,9.0,10.0,13.0,7.0,4.0,0.0,2.0,0.0,0.0,2.2,3.5,3.5,2.1,3.64,3.64,2.2,3.7,3.8,2.09,3.51,3.58,35.0,2018/2019
E0,2019-05-12,Watford,West Ham,1.0,4.0,A,17.0,16.0,8.0,9.0,10.0,10.0,7.0,2.0,1.0,0.0,1.0,0.0,2.25,3.75,3.2,2.2,3.85,3.21,2.26,3.9,3.25,2.2,3.73,3.13,35.0,2018/2019
E0,2019-05-12,Southampton,Huddersfield,1.0,1.0,D,10.0,10.0,3.0,3.0,8.0,6.0,4.0,3.0,0.0,1.0,0.0,0.0,1.44,4.75,8.5,1.44,4.83,7.62,1.45,5.15,8.75,1.42,4.81,7.64,34.0,2018/2019
E0,2019-05-12,Manchester United,Cardiff,0.0,2.0,A,26.0,13.0,10.0,4.0,9.0,6.0,11.0,2.0,3.0,3.0,0.0,0.0,1.28,6.5,11.0,1.28,6.33,10.21,1.31,6.75,11.0,1.28,6.18,10.1,34.0,2018/2019
E0,2020-09-12,Fulham,Arsenal,0.0,3.0,A,5.0,13.0,2.0,6.0,12.0,12.0,2.0,3.0,2.0,2.0,0.0,0.0,6.0,4.33,1.53,6.16,4.51,1.56,,,,,,,,2020/2021
E0,2020-09-12,Crystal Palace,Southampton,1.0,0.0,H,5.0,9.0,3.0,5.0,14.0,11.0,7.0,3.0,2.0,1.0,0.0,0.0,3.1,3.25,2.37,3.32,3.29,2.4,,,,,,,,2020/2021
E0,2020-09-12,Liverpool,Leeds,4.0,3.0,H,22.0,6.0,6.0,3.0,9.0,6.0,9.0,0.0,1.0,0.0,0.0,0.0,1.28,6.0,9.5,1.31,6.25,9.92,,,,,,,,2020/2021
E0,2020-09-12,West Ham,Newcastle,0.0,2.0,A,15.0,15.0,3.0,2.0,13.0,7.0,8.0,7.0,2.0,2.0,0.0,0.0,2.15,3.4,3.4,2.18,3.61,3.5,,,,,,,,2020/2021
E0,2020-09-13,West Brom,Leicester,0.0,3.0,A,7.0,13.0,1.0,7.0,12.0,9.0,2.0,5.0,1.0,1.0,0.0,0.0,3.8,3.6,1.95,4.0,3.59,2.0,,,,,,,,2020/2021
E0,2020-09-13,Tottenham,Everton,0.0,1.0,A,9.0,15.0,5.0,4.0,15.0,7.0,5.0,3.0,1.0,0.0,0.0,0.0,1.83,3.6,4.33,1.94,3.57,4.3,,,,,,,,2020/2021
E0,2020-09-14,Brighton,Chelsea,1.0,3.0,A,13.0,10.0,3.0,5.0,8.0,13.0,4.0,3.0,1.0,0.0,0.0,0.0,5.0,4.33,1.61,5.36,4.34,1.65,,,,,,,,2020/2021
E0,2020-09-14,Sheffield United,Wolverhampton,0.0,2.0,A,9.0,11.0,2.0,4.0,13.0,7.0,12.0,5.0,2.0,1.0,0.0,0.0,3.25,3.1,2.37,3.41,3.03,2.46,,,,,,,,2020/2021
E0,2020-09-19,Leeds,Fulham,4.0,3.0,H,10.0,14.0,7.0,6.0,13.0,18.0,5.0,3.0,1.0,2.0,0.0,0.0,1.61,3.9,5.75,1.65,4.05,5.61,,,,,,,,2020/2021
E0,2020-09-19,Everton,West Brom,5.0,2.0,H,17.0,6.0,7.0,4.0,9.0,11.0,11.0,1.0,1.0,0.0,0.0,1.0,1.5,4.2,6.5,1.55,4.33,6.46,,,,,,,,2020/2021
E0,2020-09-19,Arsenal,West Ham,2.0,1.0,H,7.0,14.0,3.0,3.0,11.0,13.0,7.0,5.0,0.0,1.0,0.0,0.0,1.53,4.5,5.5,1.54,4.58,6.09,,,,,,,,2020/2021
E0,2020-09-19,Manchester United,Crystal Palace,1.0,3.0,A,13.0,14.0,4.0,5.0,13.0,10.0,9.0,3.0,2.0,1.0,0.0,0.0,1.3,5.5,9.5,1.3,5.88,9.8,,,,,,,,2020/2021
E0,2020-09-20,Southampton,Tottenham,2.0,5.0,A,14.0,9.0,7.0,6.0,16.0,18.0,3.0,2.0,4.0,3.0,0.0,0.0,3.0,3.3,2.37,3.12,3.39,2.41,,,,,,,,2020/2021
E0,2020-09-20,Newcastle,Brighton,0.0,3.0,A,6.0,13.0,0.0,6.0,16.0,15.0,7.0,1.0,3.0,0.0,0.0,1.0,2.6,3.1,2.87,2.66,3.22,2.91,,,,,,,,2020/2021
E0,2020-09-20,Chelsea,Liverpool,0.0,2.0,A,5.0,18.0,3.0,6.0,10.0,6.0,1.0,11.0,0.0,0.0,1.0,0.0,3.1,3.6,2.2,3.2,3.85,2.19,,,,,,,,2020/2021
E0,2020-09-20,Leicester,Burnley,4.0,2.0,H,14.0,16.0,6.0,5.0,11.0,13.0,15.0,4.0,1.0,2.0,0.0,0.0,1.61,4.0,5.5,1.63,4.13,5.79,,,,,,,,2020/2021
E0,2020-09-21,Aston Villa,Sheffield United,1.0,0.0,H,18.0,4.0,2.0,1.0,12.0,13.0,10.0,4.0,3.0,1.0,0.0,1.0,2.7,3.1,2.75,2.77,3.22,2.78,,,,,,,,2020/2021
E0,2020-09-21,Wolverhampton,Manchester City,1.0,3.0,A,10.0,14.0,1.0,9.0,6.0,8.0,4.0,6.0,0.0,3.0,0.0,0.0,6.5,4.33,1.5,6.27,4.35,1.56,,,,,,,,2020/2021
E0,2020-09-26,Crystal Palace,Everton,1.0,2.0,A,8.0,10.0,1.0,5.0,16.0,15.0,7.0,6.0,3.0,1.0,0.0,0.0,3.75,3.25,2.1,3.72,3.44,2.17,,,,,,,,2020/2021
E0,2020-09-26,West Brom,Chelsea,3.0,3.0,D,9.0,22.0,3.0,10.0,8.0,16.0,3.0,9.0,1.0,3.0,0.0,0.0,9.0,4.75,1.36,8.55,5.33,1.39,,,,,,,,2020/2021
E0,2020-09-26,Brighton,Manchester United,2.0,3.0,A,18.0,7.0,5.0,3.0,18.0,16.0,7.0,1.0,4.0,2.0,0.0,0.0,4.75,3.75,1.72,5.1,3.82,1.78,,,,,,,,2020/2021
E0,2020-09-26,Burnley,Southampton,0.0,1.0,A,10.0,5.0,2.0,1.0,8.0,10.0,8.0,2.0,1.0,0.0,0.0,0.0,3.2,3.3,2.3,3.41,3.31,2.36,,,,,,,,2020/2021
E0,2020-09-27,Tottenham,Newcastle,1.0,1.0,D,23.0,6.0,12.0,1.0,15.0,9.0,10.0,4.0,1.0,4.0,0.0,0.0,1.45,4.5,7.0,1.49,4.67,7.38,,,,,,,,2020/2021
E0,2020-09-27,Sheffield United,Leeds,0.0,1.0,A,14.0,17.0,4.0,9.0,18.0,4.0,5.0,7.0,2.0,1.0,0.0,0.0,2.7,3.3,2.62,2.83,3.5,2.63,,,,,,,,2020/2021
E0,2020-09-27,West Ham,Wolverhampton,4.0,0.0,H,15.0,11.0,7.0,2.0,7.0,11.0,1.0,3.0,0.0,1.0,0.0,0.0,3.6,3.5,2.05,3.87,3.5,2.1,,,,,,,,2020/2021
E0,2020-09-27,Manchester City,Leicester,2.0,5.0,A,16.0,7.0,5.0,7.0,13.0,8.0,3.0,4.0,1.0,3.0,0.0,0.0,1.28,6.0,9.5,1.31,6.19,10.09,,,,,,,,2020/2021
E0,2020-09-28,Fulham,Aston Villa,0.0,3.0,A,16.0,12.0,3.0,5.0,18.0,14.0,5.0,3.0,6.0,3.0,0.0,0.0,2.9,3.25,2.5,2.98,3.32,2.54,,,,,,,,2020/2021
E0,2020-09-28,Liverpool,Arsenal,3.0,1.0,H,21.0,4.0,8.0,3.0,11.0,7.0,7.0,3.0,2.0,2.0,0.0,0.0,1.45,4.75,6.5,1.5,4.76,6.53,,,,,,,,2020/2021
E0,2020-10-03,Chelsea,Crystal Palace,4.0,0.0,H,17.0,4.0,6.0,0.0,17.0,13.0,8.0,5.0,2.0,0.0,0.0,0.0,1.4,4.75,8.0,1.43,4.86,7.79,,,,,,,,2020/2021
E0,2020-10-03,Everton,Brighton,4.0,2.0,H,11.0,11.0,6.0,3.0,13.0,14.0,3.0,10.0,0.0,1.0,0.0,0.0,1.72,3.75,4.8,1.78,3.82,4.82,,,,,,,,2020/2021
E0,2020-10-03,Leeds,Manchester City,1.0,1.0,D,12.0,23.0,7.0,2.0,11.0,12.0,7.0,10.0,2.0,1.0,0.0,0.0,7.5,5.25,1.36,7.98,5.31,1.37,,,,,,,,2020/2021
E0,2020-10-03,Newcastle,Burnley,3.0,1.0,H,10.0,7.0,5.0,3.0,13.0,17.0,3.0,4.0,2.0,3.0,0.0,0.0,2.4,3.2,3.1,2.51,3.2,3.12,,,,,,,,2020/2021
E0,2020-10-04,Leicester,West Ham,0.0,3.0,A,4.0,14.0,0.0,6.0,11.0,8.0,6.0,4.0,2.0,2.0,0.0,0.0,1.61,4.2,5.25,1.7,4.16,4.94,,,,,,,,2020/2021
E0,2020-10-04,Southampton,West Brom,2.0,0.0,H,13.0,5.0,7.0,2.0,19.0,10.0,5.0,1.0,2.0,1.0,0.0,0.0,1.72,3.8,4.75,1.78,3.91,4.71,,,,,,,,2020/2021
E0,2020-10-04,Arsenal,Sheffield United,2.0,1.0,H,6.0,6.0,5.0,2.0,3.0,9.0,2.0,4.0,0.0,1.0,0.0,0.0,1.57,4.0,6.0,1.56,4.17,6.73,,,,,,,,2020/2021
E0,2020-10-04,Wolverhampton,Fulham,1.0,0.0,H,14.0,10.0,5.0,2.0,15.0,8.0,6.0,2.0,1.0,1.0,0.0,0.0,1.5,4.0,7.5,1.51,4.2,7.63,,,,,,,,2020/2021
E0,2020-10-04,Manchester United,Tottenham,1.0,6.0,A,5.0,22.0,2.0,8.0,14.0,10.0,2.0,4.0,2.0,1.0,1.0,0.0,1.85,3.8,4.0,1.93,3.76,4.09,,,,,,,,2020/2021
E0,2020-10-04,Aston Villa,Liverpool,7.0,2.0,H,18.0,14.0,11.0,8.0,7.0,10.0,2.0,7.0,2.0,1.0,0.0,0.0,10.0,5.5,1.3,10.05,5.4,1.33,,,,,,,,2020/2021
E0,2020-10-17,Everton,Liverpool,2.0,2.0,D,11.0,22.0,5.0,8.0,15.0,9.0,2.0,5.0,3.0,2.0,1.0,0.0,3.75,4.2,1.83,4.04,4.2,1.87,,,,,,,,2020/2021
E0,2020-10-17,Chelsea,Southampton,3.0,3.0,D,11.0,13.0,5.0,6.0,11.0,9.0,6.0,2.0,1.0,1.0,0.0,0.0,1.45,4.75,6.5,1.56,4.53,6.14,,,,,,,,2020/2021
E0,2020-10-17,Manchester City,Arsenal,1.0,0.0,H,13.0,11.0,5.0,3.0,15.0,10.0,6.0,6.0,4.0,1.0,0.0,0.0,1.44,5.0,6.5,1.51,4.87,6.36,,,,,,,,2020/2021
E0,2020-10-17,Newcastle,Manchester United,1.0,4.0,A,7.0,28.0,4.0,14.0,9.0,12.0,0.0,7.0,1.0,1.0,0.0,0.0,4.75,4.0,1.66,4.87,4.18,1.74,,,,,,,,2020/2021
E0,2020-10-18,Sheffield United,Fulham,1.0,1.0,D,10.0,15.0,6.0,6.0,5.0,9.0,2.0,5.0,0.0,2.0,0.0,0.0,2.1,3.3,3.7,2.15,3.4,3.84,,,,,,,,2020/2021
E0,2020-10-18,Crystal Palace,Brighton,1.0,1.0,D,1.0,20.0,1.0,3.0,13.0,12.0,2.0,5.0,3.0,2.0,0.0,1.0,2.62,3.3,2.7,2.73,3.34,2.83,,,,,,,,2020/2021
E0,2020-10-18,Tottenham,West Ham,3.0,3.0,D,11.0,13.0,6.0,4.0,13.0,12.0,3.0,7.0,0.0,5.0,0.0,0.0,1.57,4.33,5.5,1.64,4.21,5.63,,,,,,,,2020/2021
E0,2020-10-18,Leicester,Aston Villa,0.0,1.0,A,11.0,10.0,5.0,4.0,18.0,18.0,2.0,7.0,4.0,3.0,0.0,0.0,1.83,3.8,4.1,1.93,3.89,4.1,,,,,,,,2020/2021
E0,2020-10-19,West Brom,Burnley,0.0,0.0,D,13.0,9.0,6.0,4.0,15.0,17.0,8.0,2.0,2.0,2.0,0.0,0.0,2.45,3.3,2.9,2.54,3.37,3.05,,,,,,,,2020/2021
E0,2020-10-19,Leeds,Wolverhampton,0.0,1.0,A,13.0,7.0,2.0,3.0,13.0,12.0,8.0,3.0,2.0,1.0,0.0,0.0,2.5,3.3,2.87,2.55,3.31,3.07,,,,,,,,2020/2021
E0,2020-10-23,Aston Villa,Leeds,0.0,3.0,A,12.0,27.0,4.0,9.0,14.0,17.0,6.0,5.0,2.0,2.0,0.0,0.0,2.05,3.75,3.3,2.13,3.83,3.44,,,,,,,,2020/2021
E0,2020-10-24,Fulham,Crystal Palace,1.0,2.0,A,16.0,14.0,3.0,10.0,11.0,11.0,4.0,4.0,0.0,1.0,1.0,0.0,2.75,3.1,2.7,2.8,3.21,2.86,,,,,,,,2020/2021
E0,2020-10-24,West Ham,Manchester City,1.0,1.0,D,6.0,14.0,2.0,7.0,14.0,6.0,2.0,10.0,2.0,0.0,0.0,0.0,8.0,5.25,1.36,7.51,5.3,1.42,,,,,,,,2020/2021
E0,2020-10-24,Liverpool,Sheffield United,2.0,1.0,H,17.0,13.0,5.0,2.0,7.0,15.0,7.0,3.0,0.0,3.0,0.0,0.0,1.22,6.5,12.0,1.25,6.66,12.96,,,,,,,,2020/2021
E0,2020-10-24,Manchester United,Chelsea,0.0,0.0,D,14.0,6.0,4.0,1.0,8.0,6.0,9.0,6.0,3.0,1.0,0.0,0.0,2.37,3.6,2.8,2.45,3.65,2.97,,,,,,,,2020/2021
E0,2020-10-25,Southampton,Everton,2.0,0.0,H,12.0,6.0,6.0,2.0,11.0,11.0,4.0,5.0,1.0,2.0,0.0,1.0,2.75,3.4,2.55,2.84,3.58,2.58,,,,,,,,2020/2021
E0,2020-10-25,Wolverhampton,Newcastle,1.0,1.0,D,16.0,5.0,3.0,2.0,10.0,10.0,2.0,3.0,0.0,1.0,0.0,0.0,1.75,3.5,5.25,1.79,3.59,5.48,,,,,,,,2020/2021
E0,2020-10-25,Arsenal,Leicester,0.0,1.0,A,12.0,6.0,4.0,2.0,13.0,9.0,9.0,3.0,3.0,5.0,0.0,0.0,1.9,3.75,3.8,1.95,3.83,4.06,,,,,,,,2020/2021
E0,2020-10-26,Brighton,West Brom,1.0,1.0,D,5.0,9.0,3.0,3.0,14.0,7.0,6.0,2.0,2.0,0.0,0.0,0.0,1.7,4.0,4.75,1.78,4.08,4.7,,,,,,,,2020/2021
E0,2020-10-26,Burnley,Tottenham,0.0,1.0,A,13.0,9.0,4.0,3.0,9.0,7.0,4.0,5.0,2.0,0.0,0.0,0.0,5.75,4.0,1.6,5.63,4.15,1.66,,,,,,,,2020/2021
E0,2020-10-30,Wolverhampton,Crystal Palace,2.0,0.0,H,15.0,11.0,5.0,2.0,13.0,4.0,7.0,6.0,0.0,2.0,0.0,1.0,2.0,3.2,4.33,2.07,3.21,4.41,,,,,,,,2020/2021
E0,2020-10-31,Burnley,Chelsea,0.0,3.0,A,5.0,14.0,0.0,9.0,10.0,15.0,3.0,4.0,1.0,0.0,0.0,0.0,6.0,4.5,1.5,6.32,4.39,1.56,,,,,,,,2020/2021
E0,2020-10-31,Liverpool,West Ham,2.0,1.0,H,9.0,4.0,5.0,3.0,13.0,14.0,1.0,2.0,0.0,1.0,0.0,0.0,1.36,5.25,7.5,1.4,5.32,8.03,,,,,,,,2020/2021
E0,2020-10-31,Sheffield United,Manchester City,0.0,1.0,A,5.0,16.0,1.0,8.0,14.0,6.0,2.0,5.0,0.0,0.0,0.0,0.0,9.5,6.0,1.28,9.8,5.91,1.33,,,,,,,,2020/2021
E0,2020-11-01,Aston Villa,Southampton,3.0,4.0,A,19.0,9.0,10.0,4.0,12.0,17.0,11.0,1.0,1.0,2.0,0.0,0.0,2.45,3.5,2.8,2.53,3.72,2.81,,,,,,,,2020/2021
E0,2020-11-01,Newcastle,Everton,2.0,1.0,H,11.0,15.0,4.0,4.0,9.0,10.0,5.0,4.0,2.0,4.0,0.0,0.0,3.7,3.4,2.05,3.82,3.56,2.09,,,,,,,,2020/2021
E0,2020-11-01,Manchester United,Arsenal,0.0,1.0,A,8.0,7.0,2.0,2.0,12.0,12.0,6.0,3.0,3.0,3.0,0.0,0.0,2.0,3.6,3.6,2.05,3.78,3.73,,,,,,,,2020/2021
E0,2020-11-01,Tottenham,Brighton,2.0,1.0,H,9.0,6.0,3.0,2.0,14.0,13.0,4.0,5.0,2.0,1.0,0.0,0.0,1.61,4.0,5.5,1.65,4.26,5.54,,,,,,,,2020/2021
E0,2020-11-02,Fulham,West Brom,2.0,0.0,H,13.0,10.0,6.0,1.0,13.0,11.0,5.0,2.0,3.0,2.0,0.0,0.0,2.4,3.3,3.0,2.47,3.4,3.13,,,,,,,,2020/2021
E0,2020-11-02,Leeds,Leicester,1.0,4.0,A,11.0,10.0,4.0,8.0,9.0,5.0,10.0,3.0,1.0,1.0,0.0,0.0,2.5,3.6,2.62,2.59,3.65,2.79,,,,,,,,2020/2021
E0,2020-11-06,Brighton,Burnley,0.0,0.0,D,19.0,4.0,3.0,1.0,11.0,5.0,5.0,3.0,1.0,0.0,0.0,0.0,1.85,3.5,4.33,1.93,3.51,4.63,,,,,,,,2020/2021
E0,2020-11-06,Southampton,Newcastle,2.0,0.0,H,15.0,4.0,8.0,2.0,12.0,11.0,8.0,3.0,1.0,2.0,0.0,0.0,2.0,3.6,3.7,2.08,3.62,3.8,,,,,,,,2020/2021
E0,2020-11-07,Everton,Manchester United,1.0,3.0,A,7.0,13.0,1.0,5.0,12.0,19.0,5.0,2.0,4.0,2.0,0.0,0.0,2.9,3.5,2.37,2.98,3.65,2.44,,,,,,,,2020/2021
E0,2020-11-07,Crystal Palace,Leeds,4.0,1.0,H,10.0,9.0,6.0,3.0,9.0,1.0,3.0,6.0,0.0,2.0,0.0,0.0,2.87,3.4,2.45,2.99,3.48,2.52,,,,,,,,2020/2021
E0,2020-11-07,Chelsea,Sheffield United,4.0,1.0,H,20.0,6.0,9.0,3.0,5.0,14.0,6.0,7.0,0.0,2.0,0.0,0.0,1.36,5.0,8.5,1.41,5.06,8.48,,,,,,,,2020/2021
E0,2020-11-07,West Ham,Fulham,1.0,0.0,H,16.0,13.0,7.0,3.0,10.0,9.0,9.0,5.0,2.0,2.0,0.0,0.0,1.83,3.75,4.2,1.85,3.98,4.34,,,,,,,,2020/2021
E0,2020-11-08,Leicester,Wolverhampton,1.0,0.0,H,10.0,7.0,3.0,2.0,12.0,8.0,6.0,3.0,2.0,3.0,0.0,0.0,2.3,3.2,3.25,2.47,3.17,3.35,,,,,,,,2020/2021
E0,2020-11-08,West Brom,Tottenham,0.0,1.0,A,12.0,19.0,2.0,5.0,17.0,12.0,9.0,6.0,1.0,0.0,0.0,0.0,7.0,4.33,1.45,6.58,4.45,1.54,,,,,,,,2020/2021
E0,2020-11-08,Arsenal,Aston Villa,0.0,3.0,A,13.0,15.0,2.0,6.0,11.0,13.0,3.0,8.0,0.0,0.0,0.0,0.0,1.65,4.1,5.0,1.7,4.11,5.27,,,,,,,,2020/2021
E0,2020-11-08,Manchester City,Liverpool,1.0,1.0,D,7.0,10.0,2.0,3.0,19.0,11.0,1.0,2.0,3.0,1.0,0.0,0.0,1.95,4.2,3.4,2.0,4.2,3.56,,,,,,,,2020/2021
E0,2020-11-21,Newcastle,Chelsea,0.0,2.0,A,8.0,14.0,1.0,3.0,11.0,12.0,7.0,4.0,2.0,0.0,0.0,0.0,6.5,4.75,1.45,6.74,4.61,1.52,,,,,,,,2020/2021
E0,2020-11-21,Aston Villa,Brighton,1.0,2.0,A,15.0,7.0,4.0,3.0,5.0,18.0,12.0,3.0,2.0,1.0,0.0,1.0,2.15,3.6,3.2,2.24,3.69,3.28,,,,,,,,2020/2021
E0,2020-11-21,Tottenham,Manchester City,2.0,0.0,H,4.0,22.0,2.0,5.0,13.0,19.0,0.0,10.0,2.0,2.0,0.0,0.0,4.0,4.0,1.8,4.24,4.21,1.82,,,,,,,,2020/2021
E0,2020-11-21,Manchester United,West Brom,1.0,0.0,H,17.0,7.0,7.0,2.0,12.0,17.0,8.0,2.0,1.0,1.0,0.0,0.0,1.3,5.5,9.5,1.34,5.5,10.03,,,,,,,,2020/2021
E0,2020-11-22,Fulham,Everton,2.0,3.0,A,14.0,9.0,6.0,7.0,14.0,10.0,2.0,5.0,2.0,0.0,0.0,0.0,3.9,3.9,1.85,4.06,3.86,1.93,,,,,,,,2020/2021
E0,2020-11-22,Sheffield United,West Ham,0.0,1.0,A,9.0,15.0,5.0,3.0,7.0,6.0,2.0,6.0,0.0,0.0,0.0,0.0,3.0,3.25,2.4,3.2,3.3,2.48,,,,,,,,2020/2021
E0,2020-11-22,Leeds,Arsenal,0.0,0.0,D,25.0,9.0,4.0,2.0,9.0,8.0,5.0,3.0,3.0,0.0,0.0,1.0,3.0,3.75,2.2,3.18,3.84,2.25,,,,,,,,2020/2021
E0,2020-11-22,Liverpool,Leicester,3.0,0.0,H,24.0,11.0,13.0,4.0,15.0,6.0,10.0,3.0,0.0,2.0,0.0,0.0,1.85,4.0,3.8,1.88,4.08,3.84,,,,,,,,2020/2021
E0,2020-11-23,Burnley,Crystal Palace,1.0,0.0,H,10.0,15.0,4.0,5.0,13.0,9.0,4.0,7.0,2.0,0.0,0.0,0.0,2.75,3.1,2.75,2.89,3.06,2.89,,,,,,,,2020/2021
E0,2020-11-23,Wolverhampton,Southampton,1.0,1.0,D,20.0,7.0,9.0,2.0,14.0,13.0,7.0,4.0,2.0,0.0,0.0,0.0,2.3,3.25,3.25,2.34,3.34,3.41,,,,,,,,2020/2021
E0,2020-11-27,Crystal Palace,Newcastle,0.0,2.0,A,12.0,14.0,3.0,7.0,9.0,10.0,7.0,3.0,2.0,2.0,0.0,0.0,2.05,3.25,3.75,2.18,3.3,3.84,,,,,,,,2020/2021
E0,2020-11-28,Manchester City,Burnley,5.0,0.0,H,19.0,9.0,6.0,1.0,12.0,4.0,6.0,4.0,0.0,0.0,0.0,0.0,1.16,7.5,16.0,1.18,8.3,14.98,,,,,,,,2020/2021
E0,2020-11-28,Brighton,Liverpool,1.0,1.0,D,11.0,6.0,3.0,2.0,9.0,13.0,4.0,3.0,2.0,1.0,0.0,0.0,5.5,4.2,1.57,5.42,4.25,1.65,,,,,,,,2020/2021
E0,2020-11-28,West Brom,Sheffield United,1.0,0.0,H,17.0,21.0,6.0,5.0,10.0,9.0,14.0,9.0,2.0,3.0,0.0,0.0,2.6,3.2,2.8,2.66,3.22,2.99,,,,,,,,2020/2021
E0,2020-11-28,Everton,Leeds,0.0,1.0,A,15.0,23.0,8.0,7.0,8.0,14.0,4.0,2.0,1.0,2.0,0.0,0.0,1.95,3.8,3.6,2.07,3.76,3.64,,,,,,,,2020/2021
E0,2020-11-29,Southampton,Manchester United,2.0,3.0,A,10.0,15.0,5.0,6.0,12.0,12.0,5.0,9.0,1.0,0.0,0.0,0.0,4.0,3.5,1.95,3.94,3.66,2.02,,,,,,,,2020/2021
E0,2020-11-29,Chelsea,Tottenham,0.0,0.0,D,13.0,5.0,3.0,1.0,20.0,9.0,3.0,3.0,4.0,2.0,0.0,0.0,2.05,3.5,3.6,2.14,3.51,3.69,,,,,,,,2020/2021
E0,2020-11-29,Arsenal,Wolverhampton,1.0,2.0,A,13.0,11.0,2.0,5.0,13.0,13.0,8.0,4.0,3.0,4.0,0.0,0.0,2.05,3.4,3.75,2.18,3.33,3.81,,,,,,,,2020/2021
E0,2020-11-30,Leicester,Fulham,1.0,2.0,A,16.0,10.0,3.0,5.0,9.0,21.0,6.0,5.0,0.0,2.0,0.0,0.0,1.5,4.33,6.5,1.54,4.53,6.44,,,,,,,,2020/2021
E0,2020-11-30,West Ham,Aston Villa,2.0,1.0,H,6.0,16.0,2.0,6.0,20.0,7.0,3.0,7.0,1.0,1.0,0.0,0.0,2.25,3.6,3.0,2.36,3.64,3.09,,,,,,,,2020/2021
E0,2020-12-05,Burnley,Everton,1.0,1.0,D,8.0,13.0,3.0,6.0,6.0,9.0,8.0,4.0,0.0,0.0,0.0,0.0,4.0,3.5,1.9,4.14,3.58,1.99,,,,,,,,2020/2021
E0,2020-12-05,Manchester City,Fulham,2.0,0.0,H,16.0,6.0,6.0,1.0,7.0,6.0,9.0,3.0,0.0,0.0,0.0,0.0,1.1,11.0,19.0,1.13,10.23,23.63,,,,,,,,2020/2021
E0,2020-12-05,West Ham,Manchester United,1.0,3.0,A,19.0,15.0,6.0,6.0,9.0,10.0,5.0,4.0,0.0,0.0,0.0,0.0,3.6,3.6,2.0,3.75,3.69,2.06,,,,,,,,2020/2021
E0,2020-12-05,Chelsea,Leeds,3.0,1.0,H,23.0,8.0,11.0,3.0,12.0,9.0,8.0,4.0,0.0,2.0,0.0,0.0,1.5,4.5,6.0,1.56,4.54,6.19,,,,,,,,2020/2021
E0,2020-12-06,Sheffield United,Leicester,1.0,2.0,A,4.0,13.0,1.0,4.0,13.0,6.0,6.0,5.0,1.0,3.0,0.0,0.0,3.8,3.5,1.95,4.02,3.54,2.04,,,,,,,,2020/2021
E0,2020-12-06,West Brom,Crystal Palace,1.0,5.0,A,9.0,18.0,4.0,6.0,10.0,16.0,4.0,6.0,2.0,2.0,1.0,0.0,2.87,3.2,2.55,2.98,3.3,2.61,,,,,,,,2020/2021
E0,2020-12-06,Liverpool,Wolverhampton,4.0,0.0,H,11.0,9.0,6.0,3.0,8.0,14.0,4.0,6.0,1.0,1.0,0.0,0.0,1.5,4.33,6.5,1.54,4.25,7.17,,,,,,,,2020/2021
E0,2020-12-06,Tottenham,Arsenal,2.0,0.0,H,6.0,11.0,3.0,2.0,16.0,12.0,3.0,9.0,1.0,2.0,0.0,0.0,1.95,3.6,3.8,2.07,3.56,3.87,,,,,,,,2020/2021
E0,2020-12-07,Brighton,Southampton,1.0,2.0,A,12.0,10.0,4.0,3.0,12.0,12.0,4.0,3.0,3.0,3.0,0.0,0.0,2.45,3.4,2.9,2.56,3.46,2.93,,,,,,,,2020/2021
E0,2020-12-11,Leeds,West Ham,1.0,2.0,A,13.0,19.0,7.0,8.0,12.0,10.0,5.0,6.0,1.0,2.0,0.0,0.0,2.15,3.7,3.1,2.22,3.71,3.3,,,,,,,,2020/2021
E0,2020-12-12,Wolverhampton,Aston Villa,0.0,1.0,A,16.0,13.0,7.0,2.0,23.0,15.0,5.0,8.0,2.0,5.0,0.0,0.0,2.25,3.25,3.25,2.4,3.32,3.28,,,,,,,,2020/2021
E0,2020-12-12,Newcastle,West Brom,2.0,1.0,H,12.0,13.0,7.0,3.0,9.0,12.0,4.0,3.0,2.0,3.0,0.0,0.0,2.45,3.2,3.0,2.62,3.32,2.95,,,,,,,,2020/2021
E0,2020-12-12,Manchester United,Manchester City,0.0,0.0,D,11.0,9.0,2.0,2.0,13.0,6.0,4.0,3.0,1.0,1.0,0.0,0.0,4.33,4.2,1.72,4.49,4.32,1.75,,,,,,,,2020/2021
E0,2020-12-12,Everton,Chelsea,1.0,0.0,H,9.0,10.0,4.0,3.0,10.0,11.0,6.0,6.0,2.0,3.0,0.0,0.0,4.33,4.2,1.7,4.52,4.28,1.76,,,,,,,,2020/2021
E0,2020-12-13,Crystal Palace,Tottenham,1.0,1.0,D,16.0,14.0,5.0,6.0,15.0,11.0,4.0,7.0,1.0,1.0,0.0,0.0,4.5,3.9,1.72,4.92,3.83,1.79,,,,,,,,2020/2021
E0,2020-12-13,Southampton,Sheffield United,3.0,0.0,H,16.0,3.0,6.0,0.0,8.0,14.0,8.0,4.0,0.0,1.0,0.0,0.0,1.7,3.75,5.0,1.73,4.01,5.07,,,,,,,,2020/2021
E0,2020-12-13,Fulham,Liverpool,1.0,1.0,D,10.0,12.0,5.0,6.0,9.0,5.0,6.0,8.0,3.0,1.0,0.0,0.0,9.0,5.5,1.3,8.67,5.98,1.34,,,,,,,,2020/2021
E0,2020-12-13,Leicester,Brighton,3.0,0.0,H,15.0,12.0,6.0,4.0,9.0,11.0,9.0,5.0,2.0,1.0,0.0,0.0,2.0,3.5,3.8,2.06,3.56,3.91,,,,,,,,2020/2021
E0,2020-12-13,Arsenal,Burnley,0.0,1.0,A,18.0,10.0,6.0,2.0,5.0,11.0,13.0,4.0,2.0,1.0,1.0,0.0,1.53,4.2,6.25,1.54,4.33,6.84,,,,,,,,2020/2021
E0,2020-12-15,Wolverhampton,Chelsea,2.0,1.0,H,12.0,13.0,4.0,3.0,12.0,12.0,5.0,6.0,2.0,2.0,0.0,0.0,5.25,3.8,1.66,5.59,3.9,1.7,,,,,,,,2020/2021
E0,2020-12-15,Manchester City,West Brom,1.0,1.0,D,26.0,5.0,7.0,1.0,5.0,8.0,13.0,2.0,2.0,3.0,0.0,0.0,1.09,11.0,21.0,1.11,9.75,23.03,,,,,,,,2020/2021
E0,2020-12-16,Arsenal,Southampton,1.0,1.0,D,9.0,13.0,4.0,3.0,13.0,13.0,2.0,7.0,1.0,3.0,1.0,0.0,2.25,3.5,3.1,2.27,3.55,3.32,,,,,,,,2020/2021
E0,2020-12-16,Leeds,Newcastle,5.0,2.0,H,25.0,10.0,10.0,4.0,10.0,13.0,7.0,4.0,3.0,1.0,0.0,0.0,1.75,4.0,4.33,1.78,4.07,4.6,,,,,,,,2020/2021
E0,2020-12-16,Leicester,Everton,0.0,2.0,A,14.0,11.0,2.0,6.0,12.0,9.0,4.0,6.0,2.0,3.0,0.0,0.0,2.15,3.6,3.25,2.23,3.62,3.37,,,,,,,,2020/2021
E0,2020-12-16,Fulham,Brighton,0.0,0.0,D,9.0,9.0,4.0,4.0,15.0,11.0,1.0,8.0,1.0,0.0,0.0,0.0,2.87,3.3,2.5,3.0,3.4,2.53,,,,,,,,2020/2021
E0,2020-12-16,Liverpool,Tottenham,2.0,1.0,H,17.0,8.0,11.0,2.0,8.0,9.0,7.0,4.0,0.0,2.0,0.0,0.0,1.75,3.8,4.5,1.81,3.9,4.64,,,,,,,,2020/2021
E0,2020-12-16,West Ham,Crystal Palace,1.0,1.0,D,9.0,8.0,2.0,2.0,8.0,12.0,5.0,3.0,0.0,1.0,0.0,1.0,2.05,3.4,3.6,2.09,3.54,3.82,,,,,,,,2020/2021
E0,2020-12-17,Aston Villa,Burnley,0.0,0.0,D,27.0,6.0,7.0,4.0,17.0,19.0,11.0,1.0,1.0,1.0,0.0,0.0,1.75,3.8,4.5,1.76,3.93,4.95,,,,,,,,2020/2021
E0,2020-12-17,Sheffield United,Manchester United,2.0,3.0,A,12.0,14.0,6.0,8.0,17.0,8.0,6.0,3.0,3.0,2.0,0.0,0.0,7.0,4.6,1.44,7.35,4.78,1.47,,,,,,,,2020/2021
E0,2020-12-19,Crystal Palace,Liverpool,0.0,7.0,A,5.0,14.0,3.0,8.0,5.0,11.0,5.0,4.0,1.0,0.0,0.0,0.0,6.5,4.33,1.5,6.52,4.53,1.53,,,,,,,,2020/2021
E0,2020-12-19,Southampton,Manchester City,0.0,1.0,A,9.0,11.0,3.0,5.0,9.0,11.0,6.0,6.0,2.0,2.0,0.0,0.0,7.0,4.5,1.44,6.56,4.72,1.51,,,,,,,,2020/2021
E0,2020-12-19,Everton,Arsenal,2.0,1.0,H,9.0,13.0,2.0,2.0,9.0,9.0,4.0,3.0,1.0,3.0,0.0,0.0,2.45,3.5,2.8,2.5,3.47,2.99,,,,,,,,2020/2021
E0,2020-12-19,Newcastle,Fulham,1.0,1.0,D,12.0,11.0,5.0,4.0,7.0,17.0,2.0,9.0,1.0,2.0,0.0,1.0,2.5,3.25,2.9,2.63,3.33,2.93,,,,,,,,2020/2021
E0,2020-12-20,Brighton,Sheffield United,1.0,1.0,D,21.0,5.0,5.0,3.0,9.0,11.0,14.0,2.0,1.0,5.0,0.0,1.0,1.65,3.75,5.5,1.69,3.85,5.79,,,,,,,,2020/2021
E0,2020-12-20,Tottenham,Leicester,0.0,2.0,A,8.0,17.0,3.0,4.0,15.0,14.0,5.0,3.0,2.0,2.0,0.0,0.0,2.05,3.5,3.6,2.1,3.54,3.79,,,,,,,,2020/2021
E0,2020-12-20,Manchester United,Leeds,6.0,2.0,H,26.0,17.0,14.0,3.0,6.0,6.0,11.0,13.0,1.0,0.0,0.0,0.0,1.66,4.33,4.5,1.73,4.31,4.66,,,,,,,,2020/2021
E0,2020-12-20,West Brom,Aston Villa,0.0,3.0,A,1.0,19.0,1.0,10.0,14.0,8.0,1.0,7.0,1.0,2.0,1.0,0.0,3.6,3.8,1.95,3.82,3.83,2.0,,,,,,,,2020/2021
E0,2020-12-21,Burnley,Wolverhampton,2.0,1.0,H,10.0,15.0,4.0,3.0,11.0,15.0,1.0,7.0,2.0,1.0,0.0,0.0,3.5,3.25,2.2,3.73,3.19,2.27,,,,,,,,2020/2021
E0,2020-12-21,Chelsea,West Ham,3.0,0.0,H,11.0,6.0,7.0,0.0,11.0,6.0,5.0,4.0,0.0,0.0,0.0,0.0,1.44,5.0,6.25,1.52,4.72,6.46,,,,,,,,2020/2021
E0,2020-12-26,Leicester,Manchester United,2.0,2.0,D,10.0,9.0,2.0,4.0,10.0,17.0,5.0,0.0,2.0,1.0,0.0,0.0,2.9,3.6,2.3,3.08,3.67,2.35,,,,,,,,2020/2021
E0,2020-12-26,Aston Villa,Crystal Palace,3.0,0.0,H,21.0,13.0,10.0,6.0,18.0,16.0,4.0,4.0,1.0,4.0,1.0,0.0,1.9,3.75,3.8,1.95,3.9,3.91,,,,,,,,2020/2021
E0,2020-12-26,Fulham,Southampton,0.0,0.0,D,10.0,3.0,1.0,2.0,15.0,12.0,6.0,3.0,2.0,0.0,0.0,0.0,3.2,3.3,2.3,3.29,3.42,2.35,,,,,,,,2020/2021
E0,2020-12-26,Arsenal,Chelsea,3.0,1.0,H,15.0,19.0,7.0,3.0,13.0,10.0,7.0,9.0,2.0,1.0,0.0,0.0,4.0,3.6,1.9,4.14,3.73,1.94,,,,,,,,2020/2021
E0,2020-12-26,Manchester City,Newcastle,2.0,0.0,H,11.0,7.0,6.0,2.0,5.0,12.0,7.0,3.0,2.0,2.0,0.0,0.0,1.11,10.0,19.0,1.14,9.55,22.92,,,,,,,,2020/2021
E0,2020-12-26,Sheffield United,Everton,0.0,1.0,A,10.0,7.0,2.0,3.0,11.0,10.0,6.0,3.0,2.0,4.0,0.0,0.0,4.2,3.6,1.85,4.26,3.66,1.94,,,,,,,,2020/2021
E0,2020-12-27,Leeds,Burnley,1.0,0.0,H,11.0,14.0,4.0,6.0,8.0,14.0,4.0,12.0,0.0,3.0,0.0,0.0,1.72,4.0,4.33,1.76,4.09,4.71,,,,,,,,2020/2021
E0,2020-12-27,West Ham,Brighton,2.0,2.0,D,11.0,13.0,4.0,4.0,6.0,8.0,5.0,4.0,0.0,0.0,0.0,0.0,2.3,3.4,3.1,2.42,3.38,3.19,,,,,,,,2020/2021
E0,2020-12-27,Liverpool,West Brom,1.0,1.0,D,17.0,5.0,2.0,3.0,8.0,5.0,8.0,3.0,0.0,1.0,0.0,0.0,1.11,10.0,19.0,1.14,9.42,22.43,,,,,,,,2020/2021
E0,2020-12-27,Wolverhampton,Tottenham,1.0,1.0,D,11.0,6.0,6.0,3.0,20.0,13.0,9.0,2.0,4.0,1.0,0.0,0.0,3.6,3.25,2.15,3.76,3.37,2.17,,,,,,,,2020/2021
E0,2020-12-28,Crystal Palace,Leicester,1.0,1.0,D,4.0,17.0,1.0,3.0,10.0,7.0,2.0,5.0,0.0,1.0,0.0,0.0,3.75,3.5,2.0,3.95,3.58,2.04,,,,,,,,2020/2021
E0,2020-12-28,Chelsea,Aston Villa,1.0,1.0,D,16.0,10.0,5.0,2.0,16.0,3.0,11.0,4.0,3.0,1.0,0.0,0.0,1.61,4.2,5.0,1.71,4.25,4.89,,,,,,,,2020/2021
E0,2020-12-29,Brighton,Arsenal,0.0,1.0,A,13.0,11.0,2.0,3.0,11.0,4.0,5.0,4.0,2.0,0.0,0.0,0.0,3.25,3.5,2.2,3.27,3.43,2.35,,,,,,,,2020/2021
E0,2020-12-29,Burnley,Sheffield United,1.0,0.0,H,5.0,7.0,3.0,3.0,13.0,17.0,3.0,5.0,1.0,2.0,0.0,0.0,2.37,3.1,3.25,2.45,3.2,3.31,,,,,,,,2020/2021
E0,2020-12-29,Southampton,West Ham,0.0,0.0,D,8.0,8.0,3.0,3.0,16.0,15.0,4.0,3.0,3.0,1.0,0.0,0.0,2.1,3.6,3.4,2.23,3.57,3.4,,,,,,,,2020/2021
E0,2020-12-29,West Brom,Leeds,0.0,5.0,A,4.0,14.0,1.0,6.0,7.0,10.0,3.0,10.0,0.0,1.0,0.0,0.0,3.6,3.6,2.0,3.72,3.71,2.06,,,,,,,,2020/2021
E0,2020-12-29,Manchester United,Wolverhampton,1.0,0.0,H,11.0,9.0,3.0,5.0,11.0,7.0,2.0,2.0,1.0,1.0,0.0,0.0,1.53,4.2,6.25,1.53,4.35,5.94,,,,,,,,2020/2021
E0,2020-12-30,Newcastle,Liverpool,0.0,0.0,D,8.0,11.0,2.0,4.0,9.0,13.0,5.0,12.0,2.0,3.0,0.0,0.0,12.0,6.0,1.25,9.61,6.09,1.32,,,,,,,,2020/2021
E0,2021-01-01,Everton,West Ham,0.0,1.0,A,10.0,11.0,2.0,5.0,9.0,7.0,5.0,4.0,2.0,0.0,0.0,0.0,2.1,3.5,3.5,2.19,3.52,3.55,,,,,,,,2020/2021
E0,2021-01-01,Manchester United,Aston Villa,2.0,1.0,H,19.0,5.0,9.0,5.0,22.0,10.0,5.0,10.0,4.0,0.0,0.0,0.0,1.72,4.2,4.2,1.78,4.14,4.52,,,,,,,,2020/2021
E0,2021-01-02,Tottenham,Leeds,3.0,0.0,H,20.0,18.0,7.0,5.0,15.0,13.0,3.0,5.0,2.0,1.0,1.0,0.0,1.75,4.1,4.2,1.81,4.13,4.34,,,,,,,,2020/2021
E0,2021-01-02,Crystal Palace,Sheffield United,2.0,0.0,H,9.0,7.0,4.0,2.0,8.0,18.0,3.0,6.0,1.0,3.0,0.0,0.0,1.95,3.5,3.9,2.02,3.45,3.84,,,,,,,,2020/2021
E0,2021-01-02,Brighton,Wolverhampton,3.0,3.0,D,13.0,11.0,4.0,4.0,13.0,8.0,5.0,8.0,2.0,1.0,0.0,0.0,2.62,3.25,2.75,2.68,3.28,2.91,,,,,,,,2020/2021
E0,2021-01-02,West Brom,Arsenal,0.0,4.0,A,7.0,21.0,3.0,12.0,7.0,4.0,3.0,5.0,1.0,2.0,0.0,0.0,5.75,4.0,1.57,5.98,4.09,1.63,,,,,,,,2020/2021
E0,2021-01-03,Newcastle,Leicester,1.0,2.0,A,8.0,9.0,2.0,3.0,10.0,11.0,3.0,6.0,0.0,2.0,0.0,0.0,5.25,4.2,1.61,5.35,3.99,1.7,,,,,,,,2020/2021
E0,2021-01-03,Chelsea,Manchester City,1.0,3.0,A,9.0,18.0,2.0,6.0,11.0,10.0,5.0,3.0,3.0,1.0,0.0,0.0,3.0,3.7,2.2,2.95,3.67,2.4,,,,,,,,2020/2021
E0,2021-01-04,Southampton,Liverpool,1.0,0.0,H,7.0,17.0,3.0,1.0,5.0,12.0,1.0,10.0,1.0,3.0,0.0,0.0,5.0,4.33,1.61,5.03,4.44,1.67,,,,,,,,2020/2021
E0,2021-01-12,Sheffield United,Newcastle,1.0,0.0,H,17.0,7.0,4.0,3.0,13.0,12.0,5.0,2.0,2.0,3.0,0.0,1.0,2.45,3.1,3.1,2.53,3.18,3.2,,,,,,,,2020/2021
E0,2021-01-12,Burnley,Manchester United,0.0,1.0,A,11.0,13.0,0.0,7.0,15.0,13.0,3.0,4.0,1.0,2.0,0.0,0.0,7.0,4.5,1.45,7.33,4.66,1.48,,,,,,,,2020/2021
E0,2021-01-12,Wolverhampton,Everton,1.0,2.0,A,12.0,5.0,3.0,3.0,6.0,11.0,6.0,5.0,2.0,2.0,0.0,0.0,2.45,3.1,3.1,2.56,3.18,3.15,,,,,,,,2020/2021
E0,2021-01-13,Manchester City,Brighton,1.0,0.0,H,16.0,5.0,6.0,1.0,4.0,12.0,8.0,4.0,0.0,2.0,0.0,0.0,1.14,8.5,16.0,1.19,7.61,16.97,,,,,,,,2020/2021
E0,2021-01-13,Tottenham,Fulham,1.0,1.0,D,15.0,15.0,6.0,4.0,13.0,15.0,6.0,5.0,1.0,2.0,0.0,0.0,1.36,5.0,8.5,1.36,4.97,8.16,,,,,,,,2020/2021
E0,2021-01-14,Arsenal,Crystal Palace,0.0,0.0,D,11.0,12.0,4.0,2.0,10.0,11.0,7.0,3.0,1.0,1.0,0.0,0.0,1.53,4.0,6.5,1.58,4.18,6.55,,,,,,,,2020/2021
E0,2021-01-16,Wolverhampton,West Brom,2.0,3.0,A,23.0,12.0,6.0,5.0,10.0,14.0,11.0,0.0,2.0,1.0,0.0,0.0,1.6,3.5,7.0,1.63,3.7,7.07,,,,,,,,2020/2021
E0,2021-01-16,Leeds,Brighton,0.0,1.0,A,7.0,7.0,2.0,2.0,8.0,9.0,5.0,2.0,1.0,1.0,0.0,0.0,2.1,3.5,3.4,2.18,3.67,3.43,,,,,,,,2020/2021
E0,2021-01-16,West Ham,Burnley,1.0,0.0,H,15.0,10.0,4.0,2.0,12.0,9.0,7.0,4.0,2.0,1.0,0.0,0.0,1.8,3.5,4.75,1.85,3.57,4.88,,,,,,,,2020/2021
E0,2021-01-16,Fulham,Chelsea,0.0,1.0,A,10.0,21.0,3.0,6.0,11.0,10.0,1.0,12.0,2.0,3.0,1.0,0.0,6.5,4.33,1.5,6.81,4.17,1.56,,,,,,,,2020/2021
E0,2021-01-16,Leicester,Southampton,2.0,0.0,H,16.0,8.0,5.0,3.0,10.0,11.0,2.0,5.0,2.0,2.0,0.0,0.0,1.8,3.75,4.5,1.8,3.69,4.52,,,,,,,,2020/2021
E0,2021-01-17,Sheffield United,Tottenham,1.0,3.0,A,15.0,14.0,5.0,5.0,13.0,4.0,5.0,7.0,4.0,0.0,0.0,0.0,6.25,3.75,1.6,6.1,3.73,1.68,,,,,,,,2020/2021
E0,2021-01-17,Liverpool,Manchester United,0.0,0.0,D,17.0,8.0,3.0,4.0,15.0,6.0,7.0,3.0,2.0,1.0,0.0,0.0,1.95,3.8,3.6,1.98,4.0,3.71,,,,,,,,2020/2021
E0,2021-01-17,Manchester City,Crystal Palace,4.0,0.0,H,13.0,2.0,6.0,0.0,9.0,8.0,11.0,1.0,0.0,0.0,0.0,0.0,1.14,8.5,17.0,1.18,7.87,18.27,,,,,,,,2020/2021
E0,2021-01-18,Arsenal,Newcastle,3.0,0.0,H,20.0,4.0,6.0,1.0,9.0,8.0,7.0,2.0,0.0,0.0,0.0,0.0,1.4,4.5,8.0,1.45,4.73,7.98,,,,,,,,2020/2021
E0,2021-01-19,West Ham,West Brom,2.0,1.0,H,14.0,6.0,6.0,2.0,10.0,10.0,3.0,1.0,0.0,1.0,0.0,0.0,1.57,4.2,5.5,1.58,4.23,6.35,,,,,,,,2020/2021
E0,2021-01-19,Leicester,Chelsea,2.0,0.0,H,8.0,9.0,6.0,5.0,7.0,16.0,6.0,3.0,1.0,3.0,0.0,0.0,2.87,3.4,2.45,2.92,3.49,2.55,,,,,,,,2020/2021
E0,2021-01-20,Manchester City,Aston Villa,2.0,0.0,H,28.0,11.0,9.0,4.0,10.0,9.0,16.0,2.0,0.0,2.0,0.0,0.0,1.22,6.5,12.0,1.24,6.1,11.61,,,,,,,,2020/2021
E0,2021-01-20,Fulham,Manchester United,1.0,2.0,A,12.0,15.0,5.0,5.0,6.0,10.0,2.0,8.0,3.0,1.0,0.0,0.0,6.0,4.33,1.53,6.32,4.41,1.56,,,,,,,,2020/2021
E0,2021-01-21,Liverpool,Burnley,0.0,1.0,A,27.0,6.0,6.0,4.0,11.0,8.0,12.0,0.0,2.0,1.0,0.0,0.0,1.18,7.5,15.0,1.21,7.24,15.81,,,,,,,,2020/2021
E0,2021-01-23,Aston Villa,Newcastle,2.0,0.0,H,14.0,7.0,5.0,1.0,9.0,18.0,5.0,4.0,0.0,3.0,0.0,0.0,1.45,4.75,6.5,1.52,4.68,6.46,,,,,,,,2020/2021
E0,2021-01-26,Crystal Palace,West Ham,2.0,3.0,A,6.0,17.0,3.0,7.0,9.0,8.0,3.0,4.0,0.0,0.0,0.0,0.0,3.1,3.25,2.37,3.21,3.32,2.44,,,,,,,,2020/2021
E0,2021-01-26,Newcastle,Leeds,1.0,2.0,A,22.0,9.0,5.0,2.0,10.0,15.0,9.0,5.0,1.0,3.0,0.0,0.0,3.9,3.8,1.85,3.92,3.89,1.95,,,,,,,,2020/2021
E0,2021-01-26,Southampton,Arsenal,1.0,3.0,A,13.0,9.0,5.0,5.0,11.0,6.0,4.0,5.0,1.0,2.0,0.0,0.0,3.5,3.6,2.05,3.59,3.69,2.11,,,,,,,,2020/2021
E0,2021-01-26,West Brom,Manchester City,0.0,5.0,A,4.0,18.0,1.0,7.0,8.0,8.0,3.0,8.0,2.0,0.0,0.0,0.0,15.0,7.5,1.18,15.82,7.25,1.21,,,,,,,,2020/2021
E0,2021-01-27,Burnley,Aston Villa,3.0,2.0,H,10.0,18.0,5.0,10.0,16.0,7.0,2.0,4.0,1.0,0.0,0.0,0.0,3.8,3.5,1.95,4.01,3.65,2.0,,,,,,,,2020/2021
E0,2021-01-27,Chelsea,Wolverhampton,0.0,0.0,D,14.0,4.0,5.0,0.0,14.0,7.0,13.0,1.0,1.0,1.0,0.0,0.0,1.6,4.2,5.25,1.63,4.26,5.68,,,,,,,,2020/2021
E0,2021-01-27,Brighton,Fulham,0.0,0.0,D,16.0,10.0,5.0,3.0,10.0,14.0,10.0,0.0,2.0,1.0,0.0,0.0,2.05,3.4,3.75,2.07,3.47,3.96,,,,,,,,2020/2021
E0,2021-01-27,Everton,Leicester,1.0,1.0,D,8.0,19.0,2.0,6.0,12.0,10.0,5.0,11.0,1.0,1.0,0.0,0.0,2.8,3.3,2.55,2.92,3.26,2.68,,,,,,,,2020/2021
E0,2021-01-27,Manchester United,Sheffield United,1.0,2.0,A,16.0,5.0,4.0,3.0,10.0,12.0,7.0,2.0,1.0,1.0,0.0,0.0,1.25,6.0,11.0,1.29,6.21,11.4,,,,,,,,2020/2021
E0,2021-01-28,Tottenham,Liverpool,1.0,3.0,A,3.0,14.0,2.0,7.0,9.0,11.0,1.0,2.0,1.0,2.0,0.0,0.0,3.2,3.6,2.2,3.33,3.61,2.25,,,,,,,,2020/2021
E0,2021-01-30,Everton,Newcastle,0.0,2.0,A,11.0,13.0,3.0,3.0,13.0,6.0,7.0,12.0,3.0,4.0,0.0,0.0,1.55,4.0,6.5,1.61,4.03,6.49,,,,,,,,2020/2021
E0,2021-01-30,Crystal Palace,Wolverhampton,1.0,0.0,H,11.0,6.0,2.0,4.0,7.0,10.0,1.0,6.0,1.0,2.0,0.0,0.0,2.87,3.2,2.55,3.05,3.15,2.65,,,,,,,,2020/2021
E0,2021-01-30,Manchester City,Sheffield United,1.0,0.0,H,10.0,4.0,5.0,1.0,7.0,10.0,10.0,0.0,0.0,3.0,0.0,0.0,1.12,9.0,18.0,1.13,9.43,26.18,,,,,,,,2020/2021
E0,2021-01-30,West Brom,Fulham,2.0,2.0,D,5.0,12.0,3.0,7.0,9.0,10.0,2.0,3.0,1.0,0.0,0.0,0.0,3.3,3.2,2.3,3.43,3.26,2.36,,,,,,,,2020/2021
E0,2021-01-30,Arsenal,Manchester United,0.0,0.0,D,17.0,14.0,3.0,3.0,9.0,16.0,4.0,7.0,1.0,3.0,0.0,0.0,2.8,3.5,2.45,2.93,3.46,2.55,,,,,,,,2020/2021
E0,2021-01-30,Southampton,Aston Villa,0.0,1.0,A,20.0,8.0,5.0,4.0,12.0,11.0,7.0,1.0,1.0,0.0,0.0,0.0,2.8,3.6,2.37,2.9,3.73,2.44,,,,,,,,2020/2021
E0,2021-01-31,Chelsea,Burnley,2.0,0.0,H,19.0,1.0,8.0,0.0,7.0,9.0,4.0,2.0,0.0,1.0,0.0,0.0,1.33,5.0,9.5,1.36,5.25,10.02,,,,,,,,2020/2021
E0,2021-01-31,Leicester,Leeds,1.0,3.0,A,18.0,8.0,8.0,7.0,17.0,16.0,6.0,4.0,0.0,3.0,0.0,0.0,1.8,4.0,4.2,1.81,4.18,4.27,,,,,,,,2020/2021
E0,2021-01-31,West Ham,Liverpool,1.0,3.0,A,8.0,14.0,2.0,5.0,7.0,8.0,6.0,5.0,2.0,0.0,0.0,0.0,4.33,4.0,1.75,4.65,4.1,1.77,,,,,,,,2020/2021
E0,2021-01-31,Brighton,Tottenham,1.0,0.0,H,16.0,8.0,5.0,4.0,11.0,11.0,9.0,2.0,2.0,1.0,0.0,0.0,3.2,3.4,2.25,3.18,3.46,2.39,,,,,,,,2020/2021
E0,2021-02-02,Wolverhampton,Arsenal,2.0,1.0,H,11.0,9.0,7.0,3.0,11.0,8.0,9.0,6.0,3.0,2.0,0.0,2.0,3.6,3.3,2.1,3.71,3.36,2.2,,,,,,,,2020/2021
E0,2021-02-02,Sheffield United,West Brom,2.0,1.0,H,14.0,8.0,6.0,4.0,11.0,9.0,9.0,2.0,2.0,1.0,0.0,0.0,2.0,3.3,4.0,2.11,3.33,4.03,,,,,,,,2020/2021
E0,2021-02-02,Newcastle,Crystal Palace,1.0,2.0,A,21.0,6.0,5.0,3.0,14.0,11.0,9.0,1.0,1.0,3.0,0.0,0.0,2.8,3.2,2.6,3.01,3.16,2.68,,,,,,,,2020/2021
E0,2021-02-02,Manchester United,Southampton,9.0,0.0,H,24.0,3.0,14.0,1.0,11.0,6.0,5.0,3.0,2.0,3.0,0.0,2.0,1.4,4.75,7.0,1.46,4.81,7.59,,,,,,,,2020/2021
E0,2021-02-03,Burnley,Manchester City,0.0,2.0,A,2.0,17.0,0.0,6.0,8.0,5.0,1.0,3.0,2.0,1.0,0.0,0.0,13.0,7.0,1.2,14.8,6.57,1.23,,,,,,,,2020/2021
E0,2021-02-03,Fulham,Leicester,0.0,2.0,A,8.0,9.0,1.0,5.0,17.0,10.0,5.0,2.0,3.0,1.0,0.0,0.0,4.0,3.5,1.9,4.12,3.56,2.0,,,,,,,,2020/2021
E0,2021-02-03,Leeds,Everton,1.0,2.0,A,16.0,10.0,7.0,6.0,12.0,12.0,7.0,1.0,2.0,3.0,0.0,0.0,2.5,3.5,2.7,2.51,3.71,2.82,,,,,,,,2020/2021
E0,2021-02-03,Aston Villa,West Ham,1.0,3.0,A,9.0,20.0,2.0,10.0,11.0,15.0,7.0,3.0,1.0,1.0,0.0,0.0,2.2,3.4,3.25,2.23,3.5,3.46,,,,,,,,2020/2021
E0,2021-02-03,Liverpool,Brighton,0.0,1.0,A,11.0,13.0,1.0,4.0,12.0,6.0,6.0,3.0,1.0,0.0,0.0,0.0,1.33,5.25,9.0,1.37,5.5,8.87,,,,,,,,2020/2021
E0,2021-02-04,Tottenham,Chelsea,0.0,1.0,A,7.0,18.0,2.0,2.0,20.0,14.0,2.0,7.0,2.0,3.0,0.0,0.0,3.5,3.4,2.1,3.58,3.52,2.18,,,,,,,,2020/2021
E0,2021-02-06,Burnley,Brighton,1.0,1.0,D,20.0,10.0,7.0,2.0,8.0,10.0,8.0,7.0,2.0,0.0,0.0,0.0,3.6,3.1,2.2,3.74,3.21,2.26,,,,,,,,2020/2021
E0,2021-02-06,Fulham,West Ham,0.0,0.0,D,20.0,8.0,2.0,1.0,11.0,10.0,7.0,3.0,1.0,2.0,0.0,1.0,3.6,3.5,2.05,3.66,3.56,2.13,,,,,,,,2020/2021
E0,2021-02-06,Aston Villa,Arsenal,1.0,0.0,H,12.0,14.0,8.0,3.0,12.0,12.0,3.0,7.0,3.0,2.0,0.0,0.0,2.62,3.5,2.6,2.84,3.51,2.6,,,,,,,,2020/2021
E0,2021-02-06,Manchester United,Everton,3.0,3.0,D,14.0,6.0,5.0,3.0,14.0,10.0,5.0,1.0,2.0,1.0,0.0,0.0,1.53,4.2,6.0,1.57,4.35,6.22,,,,,,,,2020/2021
E0,2021-02-06,Newcastle,Southampton,3.0,2.0,H,6.0,14.0,4.0,5.0,11.0,14.0,0.0,7.0,2.0,1.0,1.0,0.0,3.0,3.3,2.4,3.06,3.32,2.54,,,,,,,,2020/2021
E0,2021-02-07,Tottenham,West Brom,2.0,0.0,H,13.0,4.0,6.0,1.0,16.0,12.0,8.0,0.0,1.0,2.0,0.0,0.0,1.45,4.5,7.0,1.47,4.58,7.81,,,,,,,,2020/2021
E0,2021-02-07,Wolverhampton,Leicester,0.0,0.0,D,13.0,13.0,1.0,3.0,11.0,15.0,8.0,2.0,1.0,3.0,0.0,0.0,3.5,3.4,2.1,3.63,3.49,2.17,,,,,,,,2020/2021
E0,2021-02-07,Liverpool,Manchester City,1.0,4.0,A,8.0,8.0,3.0,5.0,13.0,8.0,6.0,1.0,2.0,1.0,0.0,0.0,3.4,3.6,2.05,3.44,3.7,2.17,,,,,,,,2020/2021
E0,2021-02-07,Sheffield United,Chelsea,1.0,2.0,A,8.0,9.0,3.0,3.0,8.0,8.0,1.0,8.0,1.0,0.0,0.0,0.0,7.0,4.5,1.45,7.64,4.46,1.49,,,,,,,,2020/2021
E0,2021-02-08,Leeds,Crystal Palace,2.0,0.0,H,17.0,8.0,7.0,3.0,7.0,8.0,5.0,3.0,0.0,2.0,0.0,0.0,1.8,3.8,4.2,1.88,3.93,4.24,,,,,,,,2020/2021
E0,2021-02-13,Manchester City,Tottenham,3.0,0.0,H,15.0,7.0,6.0,3.0,12.0,13.0,4.0,2.0,1.0,3.0,0.0,0.0,1.28,5.75,9.5,1.35,5.91,8.75,,,,,,,,2020/2021
E0,2021-02-13,Brighton,Aston Villa,0.0,0.0,D,26.0,4.0,9.0,1.0,16.0,12.0,9.0,2.0,2.0,3.0,0.0,0.0,2.7,3.5,2.5,2.85,3.51,2.59,,,,,,,,2020/2021
E0,2021-02-13,Leicester,Liverpool,3.0,1.0,H,11.0,15.0,6.0,4.0,9.0,6.0,2.0,12.0,1.0,2.0,0.0,0.0,3.5,3.4,2.1,3.5,3.53,2.2,,,,,,,,2020/2021
E0,2021-02-13,Crystal Palace,Burnley,0.0,3.0,A,13.0,16.0,3.0,4.0,15.0,14.0,7.0,4.0,0.0,0.0,0.0,0.0,2.37,3.1,3.2,2.54,3.18,3.19,,,,,,,,2020/2021
E0,2021-02-14,Arsenal,Leeds,4.0,2.0,H,13.0,9.0,5.0,5.0,8.0,17.0,4.0,5.0,0.0,2.0,0.0,0.0,1.83,3.8,4.0,1.93,3.79,4.1,,,,,,,,2020/2021
E0,2021-02-14,Southampton,Wolverhampton,1.0,2.0,A,7.0,10.0,3.0,4.0,10.0,9.0,4.0,6.0,2.0,2.0,0.0,0.0,2.37,3.2,3.1,2.44,3.28,3.25,,,,,,,,2020/2021
E0,2021-02-14,West Brom,Manchester United,1.0,1.0,D,7.0,10.0,3.0,7.0,13.0,10.0,4.0,5.0,5.0,0.0,0.0,0.0,10.0,5.5,1.3,9.65,5.71,1.34,,,,,,,,2020/2021
E0,2021-02-14,Everton,Fulham,0.0,2.0,A,7.0,12.0,2.0,3.0,7.0,16.0,5.0,4.0,1.0,1.0,0.0,0.0,1.85,3.6,4.2,1.96,3.61,4.24,,,,,,,,2020/2021
E0,2021-02-15,West Ham,Sheffield United,3.0,0.0,H,13.0,8.0,9.0,5.0,11.0,12.0,7.0,7.0,0.0,2.0,0.0,0.0,1.66,3.75,5.25,1.75,3.82,5.26,,,,,,,,2020/2021
E0,2021-02-15,Chelsea,Newcastle,2.0,0.0,H,18.0,10.0,5.0,4.0,9.0,13.0,10.0,5.0,0.0,0.0,0.0,0.0,1.22,6.5,12.0,1.26,6.85,11.46,,,,,,,,2020/2021
E0,2021-02-17,Burnley,Fulham,1.0,1.0,D,8.0,8.0,3.0,3.0,7.0,13.0,5.0,5.0,1.0,1.0,0.0,0.0,2.75,3.2,2.7,2.87,3.19,2.77,,,,,,,,2020/2021
E0,2021-02-17,Everton,Manchester City,1.0,3.0,A,3.0,16.0,2.0,7.0,8.0,8.0,0.0,10.0,2.0,1.0,0.0,0.0,8.5,5.5,1.33,8.77,5.62,1.36,,,,,,,,2020/2021
E0,2021-02-19,Wolverhampton,Leeds,1.0,0.0,H,15.0,18.0,5.0,7.0,13.0,8.0,7.0,9.0,1.0,0.0,0.0,0.0,2.37,3.3,3.0,2.41,3.42,3.17,,,,,,,,2020/2021
E0,2021-02-20,Southampton,Chelsea,1.0,1.0,D,4.0,9.0,1.0,3.0,10.0,10.0,3.0,6.0,1.0,1.0,0.0,0.0,5.0,3.8,1.7,5.11,3.88,1.75,,,,,,,,2020/2021
E0,2021-02-20,Burnley,West Brom,0.0,0.0,D,6.0,10.0,1.0,3.0,16.0,10.0,5.0,5.0,3.0,0.0,0.0,1.0,2.0,3.3,4.0,2.06,3.41,4.12,,,,,,,,2020/2021
E0,2021-02-20,Liverpool,Everton,0.0,2.0,A,15.0,9.0,6.0,6.0,10.0,10.0,7.0,2.0,2.0,1.0,0.0,0.0,1.44,4.5,7.0,1.5,4.64,6.94,,,,,,,,2020/2021
E0,2021-02-20,Fulham,Sheffield United,1.0,0.0,H,15.0,4.0,7.0,2.0,11.0,14.0,6.0,4.0,1.0,2.0,0.0,0.0,2.15,3.2,3.6,2.23,3.24,3.77,,,,,,,,2020/2021
E0,2021-02-21,West Ham,Tottenham,2.0,1.0,H,4.0,20.0,4.0,4.0,14.0,7.0,5.0,7.0,4.0,3.0,0.0,0.0,2.62,3.4,2.7,2.73,3.38,2.78,,,,,,,,2020/2021
E0,2021-02-21,Aston Villa,Leicester,1.0,2.0,A,11.0,16.0,2.0,7.0,11.0,12.0,7.0,8.0,2.0,1.0,0.0,0.0,2.87,3.5,2.4,2.94,3.55,2.49,,,,,,,,2020/2021
E0,2021-02-21,Arsenal,Manchester City,0.0,1.0,A,7.0,15.0,1.0,3.0,11.0,9.0,1.0,3.0,2.0,2.0,0.0,0.0,6.5,4.33,1.5,6.42,4.54,1.54,,,,,,,,2020/2021
E0,2021-02-21,Manchester United,Newcastle,3.0,1.0,H,15.0,10.0,7.0,6.0,9.0,11.0,6.0,4.0,1.0,2.0,0.0,0.0,1.28,5.5,10.0,1.31,5.85,10.95,,,,,,,,2020/2021
E0,2021-02-22,Brighton,Crystal Palace,1.0,2.0,A,25.0,3.0,5.0,2.0,11.0,6.0,13.0,0.0,2.0,0.0,0.0,0.0,1.7,3.5,5.5,1.75,3.61,5.64,,,,,,,,2020/2021
E0,2021-02-23,Leeds,Southampton,3.0,0.0,H,11.0,13.0,7.0,5.0,11.0,13.0,2.0,4.0,1.0,2.0,0.0,0.0,2.25,3.5,3.1,2.4,3.52,3.12,,,,,,,,2020/2021
E0,2021-02-27,Manchester City,West Ham,2.0,1.0,H,10.0,9.0,3.0,3.0,8.0,11.0,4.0,2.0,1.0,1.0,0.0,0.0,1.22,6.5,12.0,1.24,6.76,13.19,,,,,,,,2020/2021
E0,2021-02-27,West Brom,Brighton,1.0,0.0,H,6.0,15.0,2.0,6.0,11.0,12.0,7.0,4.0,0.0,0.0,0.0,0.0,4.2,3.3,1.95,4.22,3.53,1.99,,,,,,,,2020/2021
E0,2021-02-27,Leeds,Aston Villa,0.0,1.0,A,13.0,9.0,3.0,4.0,14.0,14.0,7.0,5.0,3.0,2.0,0.0,0.0,2.15,3.6,3.2,2.25,3.74,3.22,,,,,,,,2020/2021
E0,2021-02-27,Newcastle,Wolverhampton,1.0,1.0,D,19.0,14.0,7.0,4.0,11.0,13.0,3.0,5.0,2.0,0.0,0.0,0.0,3.5,3.2,2.2,3.56,3.16,2.36,,,,,,,,2020/2021
E0,2021-02-28,Crystal Palace,Fulham,0.0,0.0,D,3.0,16.0,0.0,4.0,10.0,14.0,1.0,3.0,1.0,1.0,0.0,0.0,3.5,3.2,2.2,3.62,3.24,2.29,,,,,,,,2020/2021
E0,2021-02-28,Leicester,Arsenal,1.0,3.0,A,8.0,12.0,3.0,4.0,15.0,3.0,2.0,7.0,2.0,1.0,0.0,0.0,2.5,3.4,2.8,2.61,3.38,2.92,,,,,,,,2020/2021
E0,2021-02-28,Tottenham,Burnley,4.0,0.0,H,16.0,10.0,7.0,3.0,6.0,10.0,3.0,4.0,0.0,0.0,0.0,0.0,1.53,4.0,6.5,1.56,4.1,7.22,,,,,,,,2020/2021
E0,2021-02-28,Chelsea,Manchester United,0.0,0.0,D,18.0,11.0,6.0,4.0,11.0,12.0,3.0,4.0,1.0,2.0,0.0,0.0,2.15,3.4,3.4,2.3,3.34,3.47,,,,,,,,2020/2021
E0,2021-02-28,Sheffield United,Liverpool,0.0,2.0,A,8.0,16.0,2.0,8.0,9.0,9.0,4.0,3.0,0.0,0.0,0.0,0.0,8.0,5.0,1.36,7.95,5.19,1.41,,,,,,,,2020/2021
E0,2021-03-01,Everton,Southampton,1.0,0.0,H,7.0,9.0,1.0,1.0,13.0,9.0,4.0,10.0,0.0,2.0,0.0,0.0,2.15,3.5,3.3,2.21,3.58,3.44,,,,,,,,2020/2021
E0,2021-03-02,Manchester City,Wolverhampton,4.0,1.0,H,22.0,6.0,10.0,1.0,9.0,5.0,10.0,2.0,0.0,1.0,0.0,0.0,1.18,7.0,15.0,1.23,6.38,16.42,,,,,,,,2020/2021
E0,2021-03-03,Crystal Palace,Manchester United,0.0,0.0,D,8.0,11.0,2.0,1.0,4.0,13.0,4.0,6.0,1.0,0.0,0.0,0.0,8.0,4.75,1.4,8.18,4.7,1.45,,,,,,,,2020/2021
E0,2021-03-03,Burnley,Leicester,1.0,1.0,D,12.0,15.0,7.0,4.0,6.0,12.0,5.0,8.0,0.0,2.0,0.0,0.0,4.0,3.25,2.0,4.1,3.29,2.11,,,,,,,,2020/2021
E0,2021-03-03,Sheffield United,Aston Villa,1.0,0.0,H,9.0,16.0,2.0,4.0,13.0,6.0,2.0,7.0,1.0,0.0,1.0,0.0,3.75,3.4,2.05,3.77,3.58,2.09,,,,,,,,2020/2021
E0,2021-03-04,Fulham,Tottenham,0.0,1.0,A,11.0,9.0,3.0,2.0,13.0,9.0,4.0,1.0,2.0,1.0,0.0,0.0,4.0,3.6,1.9,4.02,3.66,2.0,,,,,,,,2020/2021
E0,2021-03-04,West Brom,Everton,0.0,1.0,A,11.0,11.0,3.0,3.0,9.0,7.0,3.0,3.0,3.0,1.0,0.0,0.0,4.33,3.6,1.83,4.49,3.77,1.87,,,,,,,,2020/2021
E0,2021-03-04,Liverpool,Chelsea,0.0,1.0,A,7.0,11.0,1.0,5.0,9.0,8.0,5.0,2.0,0.0,0.0,0.0,0.0,2.25,3.6,3.0,2.28,3.69,3.2,,,,,,,,2020/2021
E0,2021-03-06,Burnley,Arsenal,1.0,1.0,D,9.0,15.0,5.0,3.0,5.0,12.0,2.0,4.0,1.0,1.0,0.0,0.0,5.5,4.0,1.61,5.73,4.02,1.66,,,,,,,,2020/2021
E0,2021-03-06,Sheffield United,Southampton,0.0,2.0,A,8.0,15.0,2.0,5.0,17.0,11.0,7.0,3.0,4.0,3.0,0.0,0.0,3.6,3.5,2.0,3.77,3.43,2.14,,,,,,,,2020/2021
E0,2021-03-06,Aston Villa,Wolverhampton,0.0,0.0,D,9.0,10.0,1.0,2.0,13.0,13.0,5.0,3.0,1.0,0.0,0.0,0.0,2.37,3.25,3.1,2.48,3.18,3.28,,,,,,,,2020/2021
E0,2021-03-06,Brighton,Leicester,1.0,2.0,A,7.0,8.0,2.0,4.0,14.0,8.0,6.0,6.0,0.0,1.0,0.0,0.0,2.55,3.25,2.8,2.54,3.37,3.02,,,,,,,,2020/2021
E0,2021-03-07,Manchester City,Manchester United,0.0,2.0,A,23.0,8.0,6.0,6.0,9.0,12.0,6.0,2.0,0.0,3.0,0.0,0.0,1.45,4.5,7.0,1.52,4.45,6.97,,,,,,,,2020/2021
E0,2021-03-07,Tottenham,Crystal Palace,4.0,1.0,H,12.0,5.0,5.0,1.0,8.0,17.0,1.0,5.0,2.0,3.0,0.0,0.0,1.45,4.5,7.0,1.5,4.53,7.36,,,,,,,,2020/2021
E0,2021-03-07,West Brom,Newcastle,0.0,0.0,D,13.0,9.0,3.0,5.0,11.0,10.0,9.0,7.0,0.0,0.0,0.0,0.0,2.37,3.2,3.1,2.47,3.29,3.19,,,,,,,,2020/2021
E0,2021-03-07,Liverpool,Fulham,0.0,1.0,A,16.0,10.0,3.0,3.0,10.0,8.0,9.0,4.0,2.0,3.0,0.0,0.0,1.36,5.0,8.5,1.42,4.92,8.54,,,,,,,,2020/2021
E0,2021-03-08,Chelsea,Everton,2.0,0.0,H,19.0,7.0,9.0,1.0,11.0,12.0,7.0,3.0,0.0,3.0,0.0,0.0,1.53,4.0,6.5,1.55,4.33,6.72,,,,,,,,2020/2021
E0,2021-03-08,West Ham,Leeds,2.0,0.0,H,16.0,17.0,5.0,2.0,9.0,9.0,6.0,6.0,1.0,1.0,0.0,0.0,2.05,3.6,3.5,2.14,3.67,3.55,,,,,,,,2020/2021
E0,2021-03-10,Manchester City,Southampton,5.0,2.0,H,17.0,11.0,10.0,6.0,6.0,4.0,5.0,5.0,1.0,0.0,0.0,0.0,1.18,7.5,15.0,1.22,7.28,14.8,,,,,,,,2020/2021
E0,2021-03-12,Newcastle,Aston Villa,1.0,1.0,D,12.0,15.0,3.0,6.0,10.0,10.0,2.0,2.0,2.0,3.0,0.0,0.0,3.8,3.3,2.05,3.86,3.38,2.14,,,,,,,,2020/2021
E0,2021-03-13,Leeds,Chelsea,0.0,0.0,D,7.0,15.0,4.0,8.0,16.0,6.0,8.0,5.0,3.0,0.0,0.0,0.0,4.75,4.0,1.7,4.69,3.99,1.78,,,,,,,,2020/2021
E0,2021-03-13,Crystal Palace,West Brom,1.0,0.0,H,6.0,12.0,4.0,1.0,16.0,15.0,3.0,2.0,3.0,1.0,0.0,0.0,2.15,3.2,3.6,2.31,3.19,3.63,,,,,,,,2020/2021
E0,2021-03-13,Everton,Burnley,1.0,2.0,A,14.0,14.0,4.0,5.0,9.0,6.0,7.0,4.0,0.0,4.0,0.0,0.0,1.83,3.5,4.5,1.93,3.52,4.54,,,,,,,,2020/2021
E0,2021-03-13,Fulham,Manchester City,0.0,3.0,A,3.0,8.0,0.0,7.0,14.0,13.0,4.0,2.0,0.0,0.0,0.0,0.0,10.0,5.0,1.33,10.46,5.04,1.37,,,,,,,,2020/2021
E0,2021-03-14,Southampton,Brighton,1.0,2.0,A,9.0,8.0,4.0,6.0,11.0,10.0,4.0,5.0,0.0,0.0,0.0,0.0,2.9,3.1,2.5,3.03,3.14,2.68,,,,,,,,2020/2021
E0,2021-03-14,Leicester,Sheffield United,5.0,0.0,H,19.0,1.0,10.0,0.0,10.0,9.0,9.0,1.0,0.0,2.0,0.0,0.0,1.5,4.2,6.5,1.56,4.16,6.87,,,,,,,,2020/2021
E0,2021-03-14,Arsenal,Tottenham,2.0,1.0,H,13.0,6.0,3.0,3.0,12.0,14.0,6.0,3.0,1.0,2.0,0.0,1.0,2.55,3.4,2.75,2.65,3.38,2.87,,,,,,,,2020/2021
E0,2021-03-14,Manchester United,West Ham,1.0,0.0,H,15.0,7.0,4.0,0.0,12.0,2.0,6.0,3.0,4.0,0.0,0.0,0.0,1.83,3.6,4.33,1.88,3.63,4.59,,,,,,,,2020/2021
E0,2021-03-15,Wolverhampton,Liverpool,0.0,1.0,A,10.0,12.0,5.0,4.0,17.0,10.0,3.0,2.0,2.0,1.0,0.0,0.0,4.75,3.75,1.72,4.93,3.86,1.78,,,,,,,,2020/2021
E0,2021-03-19,Fulham,Leeds,1.0,2.0,A,13.0,13.0,6.0,4.0,13.0,12.0,13.0,7.0,2.0,2.0,0.0,0.0,2.37,3.4,3.0,2.48,3.42,3.07,,,,,,,,2020/2021
E0,2021-03-20,Brighton,Newcastle,3.0,0.0,H,11.0,3.0,6.0,1.0,12.0,5.0,3.0,1.0,0.0,1.0,0.0,0.0,1.66,3.5,6.0,1.67,3.61,6.73,,,,,,,,2020/2021
E0,2021-03-21,West Ham,Arsenal,3.0,3.0,D,15.0,16.0,5.0,7.0,18.0,8.0,3.0,5.0,3.0,1.0,0.0,0.0,2.8,3.5,2.45,2.9,3.49,2.56,,,,,,,,2020/2021
E0,2021-03-21,Aston Villa,Tottenham,0.0,2.0,A,8.0,9.0,1.0,3.0,18.0,13.0,5.0,8.0,3.0,2.0,0.0,0.0,2.9,3.3,2.45,3.03,3.46,2.48,,,,,,,,2020/2021
E0,2021-04-03,Chelsea,West Brom,2.0,5.0,A,18.0,14.0,8.0,7.0,11.0,6.0,10.0,3.0,1.0,1.0,1.0,0.0,1.22,6.0,15.0,1.22,6.5,16.63,,,,,,,,2020/2021
E0,2021-04-03,Leeds,Sheffield United,2.0,1.0,H,23.0,9.0,8.0,1.0,12.0,13.0,5.0,7.0,1.0,2.0,0.0,0.0,1.5,4.33,6.5,1.53,4.56,6.51,,,,,,,,2020/2021
E0,2021-04-03,Leicester,Manchester City,0.0,2.0,A,5.0,11.0,2.0,4.0,13.0,12.0,1.0,1.0,2.0,3.0,0.0,0.0,6.0,4.2,1.53,6.24,4.12,1.61,,,,,,,,2020/2021
E0,2021-04-03,Arsenal,Liverpool,0.0,3.0,A,3.0,16.0,2.0,7.0,10.0,10.0,1.0,2.0,1.0,1.0,0.0,0.0,3.1,3.7,2.15,3.18,3.66,2.3,,,,,,,,2020/2021
E0,2021-04-04,Southampton,Burnley,3.0,2.0,H,24.0,7.0,9.0,5.0,11.0,10.0,6.0,7.0,0.0,0.0,0.0,0.0,2.05,3.3,3.8,2.11,3.36,3.97,,,,,,,,2020/2021
E0,2021-04-04,Newcastle,Tottenham,2.0,2.0,D,22.0,11.0,6.0,5.0,13.0,14.0,7.0,3.0,3.0,2.0,0.0,0.0,5.5,4.0,1.6,5.66,4.17,1.65,,,,,,,,2020/2021
E0,2021-04-04,Aston Villa,Fulham,3.0,1.0,H,14.0,15.0,4.0,7.0,14.0,20.0,4.0,4.0,1.0,2.0,0.0,0.0,2.25,3.3,3.3,2.32,3.36,3.4,,,,,,,,2020/2021
E0,2021-04-04,Manchester United,Brighton,2.0,1.0,H,15.0,5.0,7.0,3.0,14.0,7.0,5.0,6.0,2.0,2.0,0.0,0.0,1.61,4.0,5.5,1.67,4.04,5.59,,,,,,,,2020/2021
E0,2021-04-05,Everton,Crystal Palace,1.0,1.0,D,15.0,13.0,7.0,6.0,10.0,10.0,3.0,4.0,2.0,0.0,0.0,0.0,1.75,3.5,5.0,1.84,3.54,5.07,,,,,,,,2020/2021
E0,2021-04-05,Wolverhampton,West Ham,2.0,3.0,A,20.0,9.0,5.0,6.0,9.0,9.0,4.0,2.0,1.0,4.0,0.0,0.0,2.87,3.2,2.55,2.99,3.21,2.66,,,,,,,,2020/2021
E0,2021-04-09,Fulham,Wolverhampton,0.0,1.0,A,14.0,7.0,3.0,3.0,11.0,8.0,3.0,4.0,0.0,0.0,0.0,0.0,2.5,3.0,3.1,2.6,3.07,3.22,,,,,,,,2020/2021
E0,2021-04-10,Manchester City,Leeds,1.0,2.0,A,29.0,2.0,7.0,2.0,12.0,15.0,9.0,3.0,3.0,1.0,0.0,1.0,1.28,5.75,10.0,1.31,5.97,10.38,,,,,,,,2020/2021
E0,2021-04-10,Liverpool,Aston Villa,2.0,1.0,H,23.0,9.0,10.0,5.0,16.0,11.0,7.0,0.0,2.0,4.0,0.0,0.0,1.5,4.33,6.5,1.53,4.6,6.49,,,,,,,,2020/2021
E0,2021-04-10,Crystal Palace,Chelsea,1.0,4.0,A,1.0,23.0,1.0,10.0,7.0,12.0,0.0,8.0,1.0,0.0,0.0,0.0,7.0,3.8,1.53,7.31,4.12,1.55,,,,,,,,2020/2021
E0,2021-04-11,Burnley,Newcastle,1.0,2.0,A,24.0,10.0,4.0,5.0,11.0,12.0,13.0,3.0,1.0,0.0,0.0,0.0,2.3,3.1,3.4,2.41,3.18,3.43,,,,,,,,2020/2021
E0,2021-04-11,West Ham,Leicester,3.0,2.0,H,4.0,15.0,4.0,5.0,7.0,13.0,1.0,9.0,3.0,3.0,0.0,0.0,3.0,3.3,2.37,3.11,3.47,2.42,,,,,,,,2020/2021
E0,2021-04-11,Tottenham,Manchester United,1.0,3.0,A,12.0,12.0,3.0,7.0,11.0,15.0,7.0,5.0,1.0,5.0,0.0,0.0,2.87,3.4,2.45,2.9,3.49,2.56,,,,,,,,2020/2021
E0,2021-04-11,Sheffield United,Arsenal,0.0,3.0,A,7.0,14.0,2.0,5.0,9.0,6.0,2.0,4.0,1.0,1.0,0.0,0.0,6.5,3.75,1.57,6.16,4.03,1.63,,,,,,,,2020/2021
E0,2021-04-12,West Brom,Southampton,3.0,0.0,H,15.0,14.0,6.0,4.0,12.0,11.0,5.0,10.0,0.0,1.0,0.0,0.0,3.6,3.3,2.1,3.69,3.34,2.21,,,,,,,,2020/2021
E0,2021-04-12,Brighton,Everton,0.0,0.0,D,23.0,8.0,3.0,1.0,12.0,7.0,10.0,3.0,1.0,2.0,0.0,0.0,2.25,3.3,3.3,2.33,3.29,3.45,,,,,,,,2020/2021
E0,2021-04-16,Everton,Tottenham,2.0,2.0,D,18.0,12.0,7.0,3.0,8.0,8.0,6.0,3.0,1.0,1.0,0.0,0.0,3.4,3.5,2.1,3.46,3.56,2.21,,,,,,,,2020/2021
E0,2021-04-17,Newcastle,West Ham,3.0,2.0,H,16.0,16.0,8.0,6.0,9.0,7.0,3.0,8.0,2.0,0.0,0.0,1.0,3.5,3.5,2.05,3.73,3.47,2.14,,,,,,,,2020/2021
E0,2021-04-17,Wolverhampton,Sheffield United,1.0,0.0,H,10.0,8.0,5.0,2.0,8.0,15.0,3.0,3.0,1.0,2.0,0.0,0.0,1.66,3.5,5.75,1.72,3.6,5.99,,,,,,,,2020/2021
E0,2021-04-18,Arsenal,Fulham,1.0,1.0,D,18.0,3.0,5.0,1.0,9.0,11.0,11.0,1.0,0.0,3.0,0.0,0.0,1.7,3.8,4.8,1.79,3.75,5.03,,,,,,,,2020/2021
E0,2021-04-18,Manchester United,Burnley,3.0,1.0,H,17.0,10.0,9.0,3.0,9.0,12.0,8.0,3.0,1.0,2.0,0.0,0.0,1.33,5.25,9.0,1.38,5.09,9.52,,,,,,,,2020/2021
E0,2021-04-19,Leeds,Liverpool,1.0,1.0,D,12.0,17.0,5.0,7.0,17.0,15.0,10.0,8.0,2.0,1.0,0.0,0.0,4.5,4.33,1.66,4.85,4.36,1.7,,,,,,,,2020/2021
E0,2021-04-20,Chelsea,Brighton,0.0,0.0,D,7.0,11.0,4.0,2.0,8.0,9.0,0.0,3.0,2.0,0.0,0.0,1.0,1.57,4.0,6.0,1.63,3.85,6.66,,,,,,,,2020/2021
E0,2021-04-21,Tottenham,Southampton,2.0,1.0,H,12.0,10.0,3.0,5.0,10.0,14.0,5.0,5.0,2.0,1.0,0.0,0.0,1.75,3.8,4.5,1.83,3.86,4.56,,,,,,,,2020/2021
E0,2021-04-21,Aston Villa,Manchester City,1.0,2.0,A,8.0,13.0,3.0,3.0,12.0,7.0,1.0,11.0,0.0,1.0,1.0,1.0,9.0,4.75,1.36,8.85,5.02,1.4,,,,,,,,2020/2021
E0,2021-04-22,Leicester,West Brom,3.0,0.0,H,17.0,4.0,7.0,1.0,13.0,12.0,7.0,3.0,0.0,2.0,0.0,0.0,1.53,3.8,6.0,1.6,4.17,6.22,,,,,,,,2020/2021
E0,2021-04-23,Arsenal,Everton,0.0,1.0,A,14.0,8.0,3.0,1.0,13.0,10.0,7.0,3.0,1.0,3.0,0.0,0.0,2.0,3.5,3.75,2.08,3.52,3.88,,,,,,,,2020/2021
E0,2021-04-24,Liverpool,Newcastle,1.0,1.0,D,22.0,7.0,9.0,4.0,9.0,7.0,6.0,3.0,2.0,1.0,0.0,0.0,1.22,6.5,12.0,1.26,6.53,12.17,,,,,,,,2020/2021
E0,2021-04-24,West Ham,Chelsea,0.0,1.0,A,9.0,17.0,2.0,6.0,9.0,11.0,4.0,2.0,0.0,4.0,1.0,0.0,4.75,3.6,1.75,4.91,3.88,1.78,,,,,,,,2020/2021
E0,2021-04-24,Sheffield United,Brighton,1.0,0.0,H,7.0,17.0,3.0,4.0,13.0,7.0,2.0,12.0,3.0,0.0,0.0,0.0,5.25,3.4,1.75,5.54,3.67,1.75,,,,,,,,2020/2021
E0,2021-04-25,Aston Villa,West Brom,2.0,2.0,D,24.0,10.0,11.0,4.0,14.0,9.0,11.0,4.0,0.0,2.0,0.0,0.0,1.85,3.6,4.2,1.9,3.8,4.28,,,,,,,,2020/2021
E0,2021-04-25,Wolverhampton,Burnley,0.0,4.0,A,12.0,14.0,2.0,7.0,8.0,9.0,8.0,5.0,1.0,2.0,0.0,0.0,2.0,3.4,3.9,2.12,3.32,3.99,,,,,,,,2020/2021
E0,2021-04-25,Leeds,Manchester United,0.0,0.0,D,6.0,16.0,3.0,4.0,21.0,11.0,2.0,6.0,4.0,1.0,0.0,0.0,4.0,4.2,1.75,4.17,4.2,1.83,,,,,,,,2020/2021
E0,2021-04-26,Leicester,Crystal Palace,2.0,1.0,H,13.0,4.0,5.0,2.0,13.0,12.0,7.0,2.0,0.0,1.0,0.0,0.0,1.4,4.33,8.5,1.48,4.36,8.24,,,,,,,,2020/2021
E0,2021-04-30,Southampton,Leicester,1.0,1.0,D,5.0,23.0,3.0,9.0,9.0,13.0,0.0,10.0,1.0,0.0,1.0,0.0,3.8,3.8,1.9,3.87,3.92,1.96,,,,,,,,2020/2021
E0,2021-05-01,Crystal Palace,Manchester City,0.0,2.0,A,9.0,20.0,4.0,3.0,9.0,10.0,2.0,6.0,2.0,0.0,0.0,0.0,10.0,5.0,1.33,10.77,5.18,1.35,,,,,,,,2020/2021
E0,2021-05-01,Brighton,Leeds,2.0,0.0,H,17.0,11.0,5.0,2.0,17.0,6.0,2.0,9.0,1.0,1.0,0.0,0.0,2.05,3.5,3.5,2.19,3.52,3.54,,,,,,,,2020/2021
E0,2021-05-01,Chelsea,Fulham,2.0,0.0,H,9.0,10.0,5.0,3.0,15.0,8.0,1.0,8.0,1.0,1.0,0.0,0.0,1.44,4.4,7.5,1.49,4.36,8.0,,,,,,,,2020/2021
E0,2021-05-01,Everton,Aston Villa,1.0,2.0,A,16.0,13.0,3.0,5.0,10.0,13.0,3.0,6.0,0.0,2.0,0.0,0.0,1.95,3.6,3.8,2.07,3.7,3.72,,,,,,,,2020/2021
E0,2021-05-02,Newcastle,Arsenal,0.0,2.0,A,5.0,19.0,1.0,5.0,10.0,9.0,3.0,7.0,2.0,1.0,1.0,0.0,3.6,3.6,2.0,3.75,3.58,2.1,,,,,,,,2020/2021
E0,2021-05-02,Tottenham,Sheffield United,4.0,0.0,H,20.0,8.0,11.0,1.0,8.0,9.0,6.0,6.0,1.0,1.0,0.0,0.0,1.25,6.0,12.0,1.29,6.11,11.87,,,,,,,,2020/2021
E0,2021-05-03,West Brom,Wolverhampton,1.0,1.0,D,10.0,20.0,4.0,10.0,17.0,11.0,5.0,6.0,2.0,0.0,0.0,0.0,2.9,3.2,2.5,2.97,3.25,2.65,,,,,,,,2020/2021
E0,2021-05-03,Burnley,West Ham,1.0,2.0,A,8.0,22.0,3.0,4.0,4.0,8.0,5.0,4.0,2.0,1.0,0.0,0.0,3.1,3.6,2.2,3.21,3.54,2.33,,,,,,,,2020/2021
E0,2021-05-07,Leicester,Newcastle,2.0,4.0,A,25.0,14.0,9.0,6.0,12.0,9.0,9.0,6.0,1.0,1.0,0.0,0.0,1.4,4.75,8.0,1.44,4.92,7.87,,,,,,,,2020/2021
E0,2021-05-08,Leeds,Tottenham,3.0,1.0,H,16.0,11.0,7.0,3.0,12.0,10.0,8.0,6.0,1.0,2.0,0.0,0.0,3.4,3.8,2.0,3.56,3.9,2.06,,,,,,,,2020/2021
E0,2021-05-08,Sheffield United,Crystal Palace,0.0,2.0,A,7.0,21.0,0.0,8.0,11.0,8.0,5.0,11.0,1.0,1.0,0.0,0.0,3.0,3.2,2.45,3.02,3.32,2.53,,,,,,,,2020/2021
E0,2021-05-08,Manchester City,Chelsea,1.0,2.0,A,16.0,12.0,4.0,5.0,12.0,10.0,6.0,2.0,2.0,0.0,0.0,0.0,1.9,3.4,4.2,1.94,3.55,4.38,,,,,,,,2020/2021
E0,2021-05-08,Liverpool,Southampton,2.0,0.0,H,14.0,12.0,6.0,6.0,10.0,6.0,8.0,4.0,0.0,1.0,0.0,0.0,1.25,6.0,11.0,1.29,6.19,10.41,,,,,,,,2020/2021
E0,2021-05-09,Wolverhampton,Brighton,2.0,1.0,H,16.0,5.0,6.0,3.0,12.0,7.0,10.0,5.0,2.0,2.0,0.0,2.0,3.3,3.3,2.2,3.41,3.46,2.27,,,,,,,,2020/2021
E0,2021-05-09,Aston Villa,Manchester United,1.0,3.0,A,11.0,18.0,5.0,7.0,13.0,18.0,5.0,6.0,1.0,1.0,1.0,0.0,4.2,3.8,1.8,4.45,3.86,1.85,,,,,,,,2020/2021
E0,2021-05-09,West Ham,Everton,0.0,1.0,A,11.0,9.0,0.0,3.0,8.0,10.0,5.0,6.0,2.0,1.0,0.0,0.0,2.2,3.5,3.2,2.28,3.51,3.35,,,,,,,,2020/2021
E0,2021-05-09,Arsenal,West Brom,3.0,1.0,H,15.0,12.0,7.0,1.0,7.0,9.0,6.0,6.0,1.0,2.0,0.0,0.0,1.44,4.5,7.0,1.47,4.7,7.6,,,,,,,,2020/2021
E0,2021-05-10,Fulham,Burnley,0.0,2.0,A,21.0,14.0,3.0,5.0,11.0,10.0,8.0,4.0,2.0,0.0,0.0,0.0,2.2,3.4,3.3,2.22,3.56,3.44,,,,,,,,2020/2021
E0,2021-05-11,Manchester United,Leicester,1.0,2.0,A,4.0,12.0,1.0,3.0,9.0,12.0,3.0,4.0,0.0,0.0,0.0,0.0,2.5,3.4,2.8,2.59,3.42,2.92,,,,,,,,2020/2021
E0,2021-05-11,Southampton,Crystal Palace,3.0,1.0,H,13.0,11.0,6.0,4.0,20.0,13.0,12.0,8.0,2.0,3.0,0.0,0.0,2.05,3.6,3.5,2.11,3.65,3.63,,,,,,,,2020/2021
E0,2021-05-12,Chelsea,Arsenal,0.0,1.0,A,19.0,5.0,5.0,2.0,7.0,6.0,9.0,1.0,0.0,1.0,0.0,0.0,1.65,4.0,5.0,1.75,3.88,5.17,,,,,,,,2020/2021
E0,2021-05-13,Aston Villa,Everton,0.0,0.0,D,13.0,15.0,2.0,5.0,9.0,12.0,9.0,1.0,2.0,0.0,0.0,0.0,2.7,3.4,2.6,2.82,3.5,2.62,,,,,,,,2020/2021
E0,2021-05-13,Manchester United,Liverpool,2.0,4.0,A,18.0,17.0,3.0,8.0,10.0,12.0,6.0,4.0,3.0,0.0,0.0,0.0,3.0,3.75,2.2,3.12,3.78,2.17,,,,,,,,2020/2021
E0,2021-05-14,Newcastle,Manchester City,3.0,4.0,A,11.0,15.0,5.0,6.0,11.0,10.0,4.0,5.0,2.0,2.0,0.0,0.0,11.0,6.0,1.25,11.02,5.79,1.29,,,,,,,,2020/2021
E0,2021-05-15,Burnley,Leeds,0.0,4.0,A,16.0,16.0,4.0,6.0,10.0,10.0,6.0,8.0,1.0,1.0,0.0,0.0,3.2,3.75,2.1,3.2,3.72,2.23,,,,,,,,2020/2021
E0,2021-05-15,Southampton,Fulham,3.0,1.0,H,11.0,10.0,7.0,3.0,9.0,15.0,6.0,5.0,0.0,1.0,0.0,0.0,2.0,3.6,3.6,2.02,3.61,3.78,,,,,,,,2020/2021
E0,2021-05-15,Brighton,West Ham,1.0,1.0,D,10.0,15.0,2.0,3.0,7.0,5.0,3.0,3.0,1.0,1.0,0.0,0.0,2.9,3.6,2.3,3.01,3.57,2.4,,,,,,,,2020/2021
E0,2021-05-16,Crystal Palace,Aston Villa,3.0,2.0,H,23.0,19.0,8.0,5.0,23.0,13.0,7.0,7.0,3.0,2.0,0.0,0.0,3.0,3.6,2.25,3.14,3.58,2.32,,,,,,,,2020/2021
E0,2021-05-16,Tottenham,Wolverhampton,2.0,0.0,H,24.0,15.0,13.0,3.0,8.0,11.0,10.0,3.0,1.0,0.0,0.0,0.0,1.5,4.33,6.5,1.56,4.29,6.38,,,,,,,,2020/2021
E0,2021-05-16,West Brom,Liverpool,1.0,2.0,A,10.0,26.0,3.0,6.0,7.0,14.0,9.0,13.0,0.0,0.0,0.0,0.0,12.0,6.5,1.22,11.65,6.78,1.24,,,,,,,,2020/2021
E0,2021-05-16,Everton,Sheffield United,0.0,1.0,A,16.0,10.0,6.0,3.0,8.0,12.0,11.0,4.0,1.0,3.0,0.0,0.0,1.36,4.75,8.5,1.4,4.9,8.69,,,,,,,,2020/2021
E0,2021-05-18,Manchester United,Fulham,1.0,1.0,D,13.0,8.0,6.0,5.0,10.0,15.0,6.0,1.0,2.0,3.0,0.0,0.0,1.28,6.0,9.0,1.32,5.81,9.28,,,,,,,,2020/2021
E0,2021-05-18,Southampton,Leeds,0.0,2.0,A,18.0,15.0,3.0,7.0,10.0,12.0,4.0,5.0,0.0,3.0,0.0,0.0,2.55,3.9,2.5,2.6,3.84,2.61,,,,,,,,2020/2021
E0,2021-05-18,Brighton,Manchester City,3.0,2.0,H,19.0,8.0,6.0,4.0,13.0,11.0,5.0,3.0,3.0,3.0,0.0,1.0,7.0,4.5,1.45,6.89,4.53,1.49,,,,,,,,2020/2021
E0,2021-05-18,Chelsea,Leicester,2.0,1.0,H,17.0,7.0,6.0,3.0,15.0,16.0,6.0,5.0,2.0,4.0,0.0,0.0,1.7,3.75,5.0,1.74,3.74,5.36,,,,,,,,2020/2021
E0,2021-05-19,Everton,Wolverhampton,1.0,0.0,H,14.0,9.0,4.0,3.0,11.0,11.0,7.0,12.0,0.0,2.0,0.0,0.0,1.85,3.6,4.2,1.9,3.68,4.3,,,,,,,,2020/2021
E0,2021-05-19,Newcastle,Sheffield United,1.0,0.0,H,16.0,11.0,5.0,1.0,7.0,7.0,5.0,2.0,0.0,2.0,0.0,0.0,1.72,3.8,4.75,1.75,3.87,4.82,,,,,,,,2020/2021
E0,2021-05-19,Tottenham,Aston Villa,1.0,2.0,A,10.0,20.0,4.0,4.0,14.0,13.0,4.0,5.0,1.0,1.0,0.0,0.0,1.5,4.5,6.0,1.54,4.77,5.92,,,,,,,,2020/2021
E0,2021-05-19,Crystal Palace,Arsenal,1.0,3.0,A,12.0,6.0,6.0,3.0,7.0,7.0,6.0,7.0,2.0,1.0,0.0,0.0,6.0,4.5,1.5,6.16,4.49,1.55,,,,,,,,2020/2021
E0,2021-05-19,Burnley,Liverpool,0.0,3.0,A,10.0,20.0,4.0,3.0,10.0,7.0,6.0,7.0,0.0,0.0,0.0,0.0,11.0,7.0,1.22,11.1,6.61,1.26,,,,,,,,2020/2021
E0,2021-05-19,West Brom,West Ham,1.0,3.0,A,14.0,21.0,4.0,9.0,8.0,11.0,6.0,8.0,2.0,2.0,0.0,0.0,5.0,4.33,1.6,5.35,4.29,1.63,,,,,,,,2020/2021
E0,2021-05-23,Arsenal,Brighton,2.0,0.0,H,16.0,5.0,5.0,1.0,10.0,8.0,11.0,3.0,0.0,0.0,0.0,0.0,1.57,4.33,5.25,1.63,4.46,5.34,,,,,,,,2020/2021
E0,2021-05-23,Aston Villa,Chelsea,2.0,1.0,H,6.0,23.0,3.0,7.0,11.0,12.0,2.0,9.0,3.0,3.0,0.0,1.0,6.5,4.6,1.45,6.75,4.63,1.51,,,,,,,,2020/2021
E0,2021-05-23,Fulham,Newcastle,0.0,2.0,A,14.0,10.0,0.0,4.0,12.0,6.0,5.0,4.0,1.0,0.0,0.0,0.0,2.05,3.8,3.3,2.08,3.94,3.41,,,,,,,,2020/2021
E0,2021-05-23,Leeds,West Brom,3.0,1.0,H,17.0,14.0,9.0,5.0,12.0,12.0,8.0,3.0,2.0,1.0,0.0,0.0,1.4,5.25,6.5,1.45,5.24,6.54,,,,,,,,2020/2021
E0,2021-05-23,Leicester,Tottenham,2.0,4.0,A,10.0,11.0,6.0,4.0,9.0,8.0,8.0,7.0,0.0,2.0,0.0,0.0,2.0,4.0,3.3,2.06,4.19,3.35,,,,,,,,2020/2021
E0,2021-05-23,Liverpool,Crystal Palace,2.0,0.0,H,19.0,5.0,5.0,4.0,10.0,8.0,14.0,1.0,2.0,2.0,0.0,0.0,1.14,8.5,15.0,1.16,8.73,18.32,,,,,,,,2020/2021
E0,2021-05-23,Manchester City,Everton,5.0,0.0,H,21.0,8.0,11.0,3.0,8.0,10.0,7.0,5.0,2.0,2.0,0.0,0.0,1.44,5.0,6.5,1.43,5.09,7.24,,,,,,,,2020/2021
E0,2021-05-23,Sheffield United,Burnley,1.0,0.0,H,12.0,10.0,3.0,3.0,11.0,1.0,8.0,9.0,3.0,1.0,0.0,0.0,2.8,3.6,2.4,2.87,3.74,2.43,,,,,,,,2020/2021
E0,2021-05-23,West Ham,Southampton,3.0,0.0,H,14.0,17.0,7.0,5.0,5.0,9.0,2.0,3.0,0.0,3.0,0.0,0.0,1.65,4.0,5.0,1.74,3.99,5.03,,,,,,,,2020/2021
E0,2021-05-23,Wolverhampton,Manchester United,1.0,2.0,A,14.0,9.0,4.0,4.0,14.0,3.0,6.0,2.0,4.0,1.0,0.0,0.0,2.5,3.5,2.7,2.59,3.78,2.7,,,,,,,,2020/2021
E0,2021-08-13,Brentford,Arsenal,2.0,0.0,H,8.0,22.0,3.0,4.0,12.0,8.0,2.0,5.0,0.0,0.0,0.0,0.0,4.0,3.4,1.95,4.05,3.46,2.05,,,,,,,,2021/2022
E0,2021-08-14,Everton,Southampton,3.0,1.0,H,14.0,6.0,6.0,3.0,13.0,15.0,6.0,8.0,2.0,0.0,0.0,0.0,1.9,3.5,4.0,2.01,3.56,4.1,,,,,,,,2021/2022
E0,2021-08-14,Manchester United,Leeds,5.0,1.0,H,16.0,10.0,8.0,3.0,11.0,9.0,5.0,4.0,1.0,2.0,0.0,0.0,1.53,4.5,5.75,1.56,4.57,5.96,,,,,,,,2021/2022
E0,2021-08-14,Burnley,Brighton,1.0,2.0,A,14.0,14.0,3.0,8.0,10.0,7.0,7.0,6.0,2.0,1.0,0.0,0.0,3.1,3.1,2.45,3.3,3.12,2.51,,,,,,,,2021/2022
E0,2021-08-14,Leicester,Wolverhampton,1.0,0.0,H,9.0,17.0,5.0,3.0,6.0,10.0,5.0,4.0,1.0,2.0,0.0,0.0,1.66,3.8,5.25,1.73,3.79,5.47,,,,,,,,2021/2022
E0,2021-08-14,Watford,Aston Villa,3.0,2.0,H,13.0,11.0,7.0,2.0,18.0,13.0,2.0,4.0,3.0,1.0,0.0,0.0,3.1,3.2,2.37,3.18,3.31,2.47,,,,,,,,2021/2022
E0,2021-08-14,Norwich,Liverpool,0.0,3.0,A,14.0,19.0,3.0,8.0,4.0,14.0,3.0,11.0,1.0,1.0,0.0,0.0,9.0,5.75,1.3,8.35,5.86,1.36,,,,,,,,2021/2022
E0,2021-08-14,Chelsea,Crystal Palace,3.0,0.0,H,13.0,4.0,6.0,1.0,15.0,11.0,5.0,2.0,0.0,0.0,0.0,0.0,1.25,5.75,13.0,1.26,6.24,12.74,,,,,,,,2021/2022
E0,2021-08-15,Newcastle,West Ham,2.0,4.0,A,17.0,8.0,3.0,9.0,4.0,3.0,7.0,6.0,1.0,0.0,0.0,0.0,3.2,3.5,2.2,3.21,3.59,2.32,,,,,,,,2021/2022
E0,2021-08-15,Tottenham,Manchester City,1.0,0.0,H,13.0,18.0,3.0,4.0,11.0,8.0,3.0,11.0,2.0,1.0,0.0,0.0,5.5,4.2,1.6,5.56,4.09,1.67,,,,,,,,2021/2022
E0,2021-08-21,Crystal Palace,Brentford,0.0,0.0,D,7.0,14.0,2.0,3.0,12.0,9.0,3.0,5.0,3.0,1.0,0.0,0.0,2.55,3.2,2.87,2.65,3.28,2.95,,,,,,,,2021/2022
E0,2021-08-21,Liverpool,Burnley,2.0,0.0,H,27.0,9.0,9.0,3.0,6.0,12.0,8.0,4.0,0.0,0.0,0.0,0.0,1.18,7.5,13.0,1.21,6.98,15.68,,,,,,,,2021/2022
E0,2021-08-21,Aston Villa,Newcastle,2.0,0.0,H,10.0,9.0,2.0,1.0,8.0,18.0,3.0,4.0,3.0,4.0,0.0,0.0,1.8,3.75,4.33,1.83,3.99,4.4,,,,,,,,2021/2022
E0,2021-08-21,Manchester City,Norwich,5.0,0.0,H,16.0,1.0,4.0,0.0,13.0,7.0,6.0,1.0,1.0,0.0,0.0,0.0,1.08,11.0,26.0,1.11,11.28,26.2,,,,,,,,2021/2022
E0,2021-08-21,Brighton,Watford,2.0,0.0,H,13.0,10.0,3.0,1.0,11.0,6.0,7.0,2.0,4.0,0.0,0.0,0.0,1.7,3.5,5.75,1.75,3.55,5.8,,,,,,,,2021/2022
E0,2021-08-21,Leeds,Everton,2.0,2.0,D,17.0,17.0,4.0,8.0,6.0,13.0,8.0,5.0,2.0,4.0,0.0,0.0,2.37,3.4,3.0,2.39,3.51,3.14,,,,,,,,2021/2022
E0,2021-08-22,Southampton,Manchester United,1.0,1.0,D,8.0,15.0,3.0,4.0,12.0,10.0,7.0,7.0,2.0,3.0,0.0,0.0,5.5,4.2,1.57,5.32,4.41,1.64,,,,,,,,2021/2022
E0,2021-08-22,Wolverhampton,Tottenham,0.0,1.0,A,25.0,8.0,6.0,6.0,9.0,7.0,5.0,4.0,1.0,4.0,0.0,0.0,3.2,3.2,2.35,3.25,3.15,2.52,,,,,,,,2021/2022
E0,2021-08-22,Arsenal,Chelsea,0.0,2.0,A,6.0,22.0,3.0,5.0,10.0,4.0,9.0,8.0,3.0,0.0,0.0,0.0,4.75,3.75,1.72,4.9,3.83,1.79,,,,,,,,2021/2022
E0,2021-08-23,West Ham,Leicester,4.0,1.0,H,13.0,5.0,7.0,1.0,8.0,8.0,10.0,0.0,0.0,1.0,0.0,1.0,2.5,3.5,2.75,2.61,3.51,2.82,,,,,,,,2021/2022
E0,2021-08-28,Brighton,Everton,0.0,2.0,A,14.0,14.0,3.0,5.0,7.0,9.0,4.0,5.0,1.0,2.0,0.0,0.0,2.3,3.2,3.3,2.37,3.29,3.37,,,,,,,,2021/2022
E0,2021-08-28,Aston Villa,Brentford,1.0,1.0,D,7.0,9.0,5.0,2.0,15.0,14.0,3.0,2.0,3.0,3.0,0.0,0.0,1.95,3.6,3.8,2.02,3.63,3.95,,,,,,,,2021/2022
E0,2021-08-28,West Ham,Crystal Palace,2.0,2.0,D,14.0,9.0,4.0,2.0,10.0,7.0,5.0,3.0,1.0,0.0,0.0,0.0,1.55,4.0,6.5,1.59,4.07,6.64,,,,,,,,2021/2022
E0,2021-08-28,Manchester City,Arsenal,5.0,0.0,H,25.0,1.0,10.0,0.0,5.0,7.0,14.0,0.0,1.0,2.0,0.0,1.0,1.25,6.0,12.0,1.26,6.28,12.59,,,,,,,,2021/2022
E0,2021-08-28,Norwich,Leicester,1.0,2.0,A,14.0,9.0,4.0,3.0,8.0,9.0,9.0,9.0,2.0,1.0,0.0,0.0,4.5,3.5,1.85,4.47,3.54,1.93,,,,,,,,2021/2022
E0,2021-08-28,Liverpool,Chelsea,1.0,1.0,D,24.0,6.0,7.0,3.0,13.0,4.0,12.0,3.0,0.0,2.0,0.0,1.0,2.45,3.3,2.9,2.52,3.36,3.06,,,,,,,,2021/2022
E0,2021-08-28,Newcastle,Southampton,2.0,2.0,D,10.0,22.0,5.0,6.0,11.0,6.0,4.0,4.0,3.0,3.0,0.0,0.0,2.5,3.4,2.8,2.55,3.52,2.9,,,,,,,,2021/2022
E0,2021-08-29,Burnley,Leeds,1.0,1.0,D,12.0,12.0,3.0,2.0,13.0,9.0,5.0,5.0,4.0,3.0,0.0,0.0,3.1,3.5,2.25,3.15,3.58,2.35,,,,,,,,2021/2022
E0,2021-08-29,Tottenham,Watford,1.0,0.0,H,15.0,9.0,8.0,2.0,8.0,14.0,10.0,3.0,3.0,3.0,0.0,0.0,1.36,4.75,9.0,1.45,4.42,9.04,,,,,,,,2021/2022
E0,2021-08-29,Wolverhampton,Manchester United,0.0,1.0,A,15.0,10.0,6.0,3.0,7.0,9.0,5.0,7.0,3.0,4.0,0.0,0.0,5.0,3.5,1.75,5.14,3.51,1.83,,,,,,,,2021/2022
E0,2021-09-11,Watford,Wolverhampton,0.0,2.0,A,6.0,14.0,2.0,5.0,15.0,13.0,6.0,8.0,3.0,3.0,0.0,0.0,3.4,3.2,2.25,3.47,3.22,2.36,,,,,,,,2021/2022
E0,2021-09-11,Chelsea,Aston Villa,3.0,0.0,H,12.0,18.0,4.0,6.0,11.0,11.0,4.0,11.0,1.0,4.0,0.0,0.0,1.28,5.5,11.0,1.31,5.51,12.17,,,,,,,,2021/2022
E0,2021-09-11,Crystal Palace,Tottenham,3.0,0.0,H,18.0,2.0,4.0,1.0,13.0,15.0,8.0,2.0,2.0,1.0,0.0,1.0,4.2,3.5,1.9,4.42,3.47,1.96,,,,,,,,2021/2022
E0,2021-09-11,Arsenal,Norwich,1.0,0.0,H,30.0,10.0,7.0,1.0,9.0,11.0,8.0,4.0,1.0,2.0,0.0,0.0,1.5,4.6,6.0,1.53,4.57,6.5,,,,,,,,2021/2022
E0,2021-09-11,Brentford,Brighton,0.0,1.0,A,7.0,4.0,1.0,2.0,9.0,12.0,1.0,6.0,3.0,2.0,0.0,0.0,2.8,3.2,2.62,2.93,3.19,2.72,,,,,,,,2021/2022
E0,2021-09-11,Leicester,Manchester City,0.0,1.0,A,6.0,25.0,1.0,8.0,4.0,11.0,5.0,8.0,1.0,2.0,0.0,0.0,6.0,4.0,1.57,5.87,4.26,1.61,,,,,,,,2021/2022
E0,2021-09-11,Manchester United,Newcastle,4.0,1.0,H,21.0,12.0,7.0,3.0,9.0,2.0,7.0,3.0,1.0,0.0,0.0,0.0,1.18,7.5,15.0,1.19,7.56,16.42,,,,,,,,2021/2022
E0,2021-09-11,Southampton,West Ham,0.0,0.0,D,11.0,13.0,3.0,3.0,10.0,12.0,5.0,4.0,3.0,1.0,0.0,1.0,2.9,3.5,2.4,2.93,3.48,2.54,,,,,,,,2021/2022
E0,2021-09-12,Leeds,Liverpool,0.0,3.0,A,9.0,30.0,4.0,9.0,9.0,8.0,2.0,11.0,2.0,1.0,1.0,0.0,4.33,4.0,1.75,4.54,4.15,1.78,,,,,,,,2021/2022
E0,2021-09-13,Everton,Burnley,3.0,1.0,H,14.0,11.0,6.0,6.0,3.0,6.0,4.0,6.0,1.0,1.0,0.0,0.0,1.7,3.75,5.0,1.74,3.83,5.35,,,,,,,,2021/2022
E0,2021-09-17,Newcastle,Leeds,1.0,1.0,D,17.0,22.0,7.0,9.0,9.0,11.0,4.0,5.0,2.0,2.0,0.0,0.0,3.0,3.6,2.3,3.05,3.69,2.36,,,,,,,,2021/2022
E0,2021-09-18,Wolverhampton,Brentford,0.0,2.0,A,11.0,9.0,0.0,3.0,10.0,7.0,4.0,2.0,4.0,2.0,0.0,1.0,1.83,3.25,5.0,1.93,3.3,4.98,,,,,,,,2021/2022
E0,2021-09-18,Burnley,Arsenal,0.0,1.0,A,18.0,13.0,3.0,3.0,9.0,8.0,8.0,3.0,2.0,1.0,0.0,0.0,3.8,3.6,1.95,3.87,3.57,2.06,,,,,,,,2021/2022
E0,2021-09-18,Liverpool,Crystal Palace,3.0,0.0,H,25.0,13.0,10.0,2.0,17.0,11.0,10.0,5.0,3.0,1.0,0.0,0.0,1.2,7.0,13.0,1.22,6.87,15.6,,,,,,,,2021/2022
E0,2021-09-18,Manchester City,Southampton,0.0,0.0,D,18.0,10.0,1.0,2.0,5.0,12.0,8.0,5.0,0.0,2.0,0.0,0.0,1.12,9.5,17.0,1.16,8.48,19.72,,,,,,,,2021/2022
E0,2021-09-18,Norwich,Watford,1.0,3.0,A,12.0,12.0,5.0,8.0,10.0,14.0,4.0,8.0,1.0,1.0,0.0,0.0,2.15,3.3,3.5,2.21,3.48,3.53,,,,,,,,2021/2022
E0,2021-09-18,Aston Villa,Everton,3.0,0.0,H,15.0,11.0,3.0,1.0,7.0,10.0,5.0,4.0,1.0,1.0,0.0,0.0,2.4,3.3,3.0,2.42,3.44,3.15,,,,,,,,2021/2022
E0,2021-09-19,Brighton,Leicester,2.0,1.0,H,12.0,14.0,5.0,3.0,8.0,10.0,4.0,9.0,2.0,1.0,0.0,0.0,2.7,3.2,2.75,2.83,3.25,2.77,,,,,,,,2021/2022
E0,2021-09-19,West Ham,Manchester United,1.0,2.0,A,13.0,17.0,4.0,10.0,5.0,8.0,2.0,11.0,0.0,0.0,0.0,0.0,4.33,4.0,1.75,4.69,3.9,1.81,,,,,,,,2021/2022
E0,2021-09-19,Tottenham,Chelsea,0.0,3.0,A,8.0,20.0,2.0,10.0,4.0,15.0,5.0,11.0,0.0,1.0,0.0,0.0,5.0,3.8,1.7,4.98,4.02,1.74,,,,,,,,2021/2022
E0,2021-09-25,Chelsea,Manchester City,0.0,1.0,A,5.0,15.0,0.0,4.0,12.0,10.0,4.0,13.0,3.0,2.0,0.0,0.0,2.62,3.2,2.75,2.74,3.3,2.83,,,,,,,,2021/2022
E0,2021-09-25,Manchester United,Aston Villa,0.0,1.0,A,28.0,7.0,4.0,3.0,9.0,13.0,5.0,5.0,2.0,2.0,0.0,0.0,1.36,5.25,8.0,1.41,5.12,8.13,,,,,,,,2021/2022
E0,2021-09-25,Everton,Norwich,2.0,0.0,H,11.0,10.0,4.0,2.0,12.0,9.0,6.0,4.0,2.0,3.0,0.0,0.0,1.61,3.8,5.75,1.65,3.91,6.09,,,,,,,,2021/2022
E0,2021-09-25,Leeds,West Ham,1.0,2.0,A,15.0,20.0,5.0,7.0,10.0,6.0,5.0,7.0,3.0,2.0,0.0,0.0,3.0,3.6,2.25,3.17,3.73,2.28,,,,,,,,2021/2022
E0,2021-09-25,Leicester,Burnley,2.0,2.0,D,22.0,9.0,5.0,3.0,10.0,8.0,8.0,4.0,2.0,4.0,0.0,0.0,1.57,4.0,6.0,1.6,4.09,6.37,,,,,,,,2021/2022
E0,2021-09-25,Watford,Newcastle,1.0,1.0,D,15.0,20.0,4.0,6.0,19.0,12.0,5.0,6.0,4.0,3.0,0.0,0.0,2.2,3.4,3.3,2.26,3.42,3.47,,,,,,,,2021/2022
E0,2021-09-25,Brentford,Liverpool,3.0,3.0,D,12.0,16.0,4.0,6.0,8.0,7.0,2.0,11.0,1.0,1.0,0.0,0.0,7.0,4.5,1.45,7.48,4.51,1.49,,,,,,,,2021/2022
E0,2021-09-26,Southampton,Wolverhampton,0.0,1.0,A,18.0,5.0,6.0,3.0,12.0,8.0,5.0,5.0,0.0,0.0,0.0,0.0,2.62,3.2,2.8,2.7,3.27,2.89,,,,,,,,2021/2022
E0,2021-09-26,Arsenal,Tottenham,3.0,1.0,H,12.0,10.0,7.0,4.0,12.0,13.0,4.0,4.0,2.0,1.0,0.0,0.0,2.15,3.3,3.5,2.29,3.3,3.54,,,,,,,,2021/2022
E0,2021-09-27,Crystal Palace,Brighton,1.0,1.0,D,8.0,8.0,3.0,4.0,12.0,10.0,6.0,5.0,2.0,3.0,0.0,0.0,3.1,3.2,2.45,3.14,3.21,2.56,,,,,,,,2021/2022
E0,2021-10-02,Manchester United,Everton,1.0,1.0,D,13.0,12.0,6.0,2.0,10.0,9.0,10.0,1.0,1.0,1.0,0.0,0.0,1.45,4.33,7.5,1.51,4.37,7.59,,,,,,,,2021/2022
E0,2021-10-02,Burnley,Norwich,0.0,0.0,D,14.0,10.0,4.0,2.0,13.0,3.0,9.0,5.0,5.0,2.0,0.0,0.0,1.85,3.6,4.33,1.9,3.69,4.42,,,,,,,,2021/2022
E0,2021-10-02,Chelsea,Southampton,3.0,1.0,H,20.0,6.0,9.0,2.0,11.0,13.0,7.0,2.0,1.0,3.0,0.0,1.0,1.36,4.75,9.0,1.4,4.91,9.22,,,,,,,,2021/2022
E0,2021-10-02,Leeds,Watford,1.0,0.0,H,20.0,5.0,4.0,1.0,10.0,16.0,6.0,3.0,0.0,3.0,0.0,0.0,1.7,4.0,4.75,1.78,3.96,4.8,,,,,,,,2021/2022
E0,2021-10-02,Wolverhampton,Newcastle,2.0,1.0,H,7.0,8.0,3.0,2.0,15.0,5.0,0.0,4.0,0.0,2.0,0.0,0.0,1.61,4.2,5.25,1.72,4.06,5.06,,,,,,,,2021/2022
E0,2021-10-02,Brighton,Arsenal,0.0,0.0,D,21.0,8.0,2.0,2.0,8.0,5.0,8.0,5.0,2.0,1.0,0.0,0.0,3.0,3.25,2.4,3.16,3.2,2.54,,,,,,,,2021/2022
E0,2021-10-03,Crystal Palace,Leicester,2.0,2.0,D,18.0,9.0,4.0,5.0,15.0,11.0,1.0,3.0,2.0,3.0,0.0,0.0,3.1,3.4,2.3,3.17,3.44,2.41,,,,,,,,2021/2022
E0,2021-10-03,Tottenham,Aston Villa,2.0,1.0,H,17.0,14.0,8.0,3.0,11.0,14.0,5.0,8.0,2.0,1.0,0.0,0.0,2.1,3.6,3.4,2.13,3.61,3.64,,,,,,,,2021/2022
E0,2021-10-03,West Ham,Brentford,1.0,2.0,A,18.0,13.0,5.0,6.0,16.0,13.0,11.0,6.0,2.0,3.0,0.0,0.0,1.75,3.75,4.75,1.84,3.65,4.82,,,,,,,,2021/2022
E0,2021-10-03,Liverpool,Manchester City,2.0,2.0,D,6.0,12.0,4.0,3.0,10.0,12.0,3.0,4.0,3.0,3.0,0.0,0.0,2.87,3.5,2.4,2.99,3.55,2.46,,,,,,,,2021/2022
E0,2021-10-16,Watford,Liverpool,0.0,5.0,A,6.0,19.0,2.0,8.0,4.0,10.0,1.0,9.0,0.0,0.0,0.0,0.0,8.5,5.5,1.33,9.43,5.49,1.36,,,,,,,,2021/2022
E0,2021-10-16,Aston Villa,Wolverhampton,2.0,3.0,A,14.0,9.0,5.0,4.0,8.0,17.0,6.0,7.0,2.0,3.0,0.0,0.0,2.15,3.25,3.5,2.32,3.31,3.47,,,,,,,,2021/2022
E0,2021-10-16,Leicester,Manchester United,4.0,2.0,H,22.0,18.0,11.0,6.0,5.0,17.0,4.0,3.0,0.0,3.0,0.0,0.0,3.5,3.6,2.05,3.56,3.68,2.13,,,,,,,,2021/2022
E0,2021-10-16,Manchester City,Burnley,2.0,0.0,H,15.0,7.0,6.0,2.0,11.0,5.0,6.0,2.0,1.0,0.0,0.0,0.0,1.12,9.0,19.0,1.13,9.94,24.65,,,,,,,,2021/2022
E0,2021-10-16,Norwich,Brighton,0.0,0.0,D,15.0,11.0,3.0,3.0,5.0,14.0,8.0,4.0,3.0,5.0,0.0,0.0,3.6,3.4,2.1,3.77,3.41,2.16,,,,,,,,2021/2022
E0,2021-10-16,Southampton,Leeds,1.0,0.0,H,19.0,3.0,5.0,0.0,16.0,14.0,8.0,1.0,2.0,3.0,0.0,0.0,2.3,3.5,3.0,2.44,3.58,3.01,,,,,,,,2021/2022
E0,2021-10-16,Brentford,Chelsea,0.0,1.0,A,17.0,5.0,7.0,1.0,13.0,8.0,5.0,5.0,1.0,1.0,0.0,0.0,6.5,3.8,1.57,6.69,3.92,1.61,,,,,,,,2021/2022
E0,2021-10-17,Everton,West Ham,0.0,1.0,A,15.0,16.0,2.0,4.0,3.0,3.0,7.0,9.0,0.0,2.0,0.0,0.0,2.5,3.4,2.8,2.57,3.37,2.98,,,,,,,,2021/2022
E0,2021-10-17,Newcastle,Tottenham,2.0,3.0,A,7.0,14.0,1.0,4.0,13.0,4.0,2.0,9.0,4.0,1.0,1.0,0.0,3.5,3.6,2.05,3.57,3.66,2.13,,,,,,,,2021/2022
E0,2021-10-18,Arsenal,Crystal Palace,2.0,2.0,D,17.0,9.0,6.0,6.0,7.0,4.0,6.0,4.0,1.0,1.0,0.0,0.0,1.6,3.8,6.0,1.66,3.94,5.91,,,,,,,,2021/2022
E0,2021-10-22,Arsenal,Aston Villa,3.0,1.0,H,22.0,10.0,9.0,4.0,17.0,10.0,7.0,4.0,2.0,5.0,0.0,0.0,1.83,3.75,4.2,1.92,3.77,4.22,,,,,,,,2021/2022
E0,2021-10-23,Chelsea,Norwich,7.0,0.0,H,23.0,3.0,13.0,1.0,14.0,16.0,5.0,0.0,0.0,2.0,0.0,1.0,1.18,7.0,15.0,1.19,7.28,19.32,,,,,,,,2021/2022
E0,2021-10-23,Crystal Palace,Newcastle,1.0,1.0,D,15.0,6.0,3.0,2.0,13.0,9.0,3.0,7.0,3.0,4.0,0.0,0.0,1.9,3.6,4.0,1.99,3.7,3.98,,,,,,,,2021/2022
E0,2021-10-23,Everton,Watford,2.0,5.0,A,15.0,20.0,4.0,8.0,9.0,13.0,3.0,5.0,4.0,3.0,0.0,0.0,1.65,3.8,5.5,1.68,3.88,5.79,,,,,,,,2021/2022
E0,2021-10-23,Leeds,Wolverhampton,1.0,1.0,D,18.0,8.0,4.0,4.0,15.0,14.0,6.0,3.0,2.0,3.0,0.0,0.0,2.4,3.4,2.87,2.67,3.46,2.79,,,,,,,,2021/2022
E0,2021-10-23,Southampton,Burnley,2.0,2.0,D,16.0,9.0,4.0,5.0,10.0,11.0,6.0,2.0,1.0,3.0,0.0,0.0,1.95,3.5,3.9,2.02,3.63,3.98,,,,,,,,2021/2022
E0,2021-10-23,Brighton,Manchester City,1.0,4.0,A,10.0,23.0,5.0,14.0,10.0,6.0,7.0,6.0,2.0,3.0,0.0,0.0,8.0,4.75,1.4,7.66,4.79,1.46,,,,,,,,2021/2022
E0,2021-10-24,Brentford,Leicester,1.0,2.0,A,15.0,10.0,5.0,6.0,13.0,7.0,9.0,2.0,1.0,1.0,0.0,0.0,2.62,3.3,2.7,2.66,3.47,2.79,,,,,,,,2021/2022
E0,2021-10-24,West Ham,Tottenham,1.0,0.0,H,13.0,7.0,4.0,4.0,11.0,4.0,2.0,4.0,2.0,1.0,0.0,0.0,2.3,3.5,3.0,2.32,3.54,3.23,,,,,,,,2021/2022
E0,2021-10-24,Manchester United,Liverpool,0.0,5.0,A,12.0,19.0,4.0,8.0,10.0,8.0,6.0,3.0,6.0,0.0,1.0,0.0,3.1,3.6,2.2,3.15,3.73,2.29,,,,,,,,2021/2022
E0,2021-10-30,Leicester,Arsenal,0.0,2.0,A,16.0,9.0,8.0,5.0,8.0,11.0,7.0,6.0,2.0,0.0,0.0,0.0,2.4,3.5,2.87,2.52,3.49,2.95,,,,,,,,2021/2022
E0,2021-10-30,Burnley,Brentford,3.0,1.0,H,15.0,12.0,6.0,5.0,7.0,10.0,4.0,2.0,1.0,1.0,0.0,0.0,2.6,3.3,2.75,2.73,3.31,2.84,,,,,,,,2021/2022
E0,2021-10-30,Liverpool,Brighton,2.0,2.0,D,14.0,9.0,3.0,6.0,8.0,5.0,5.0,3.0,2.0,2.0,0.0,0.0,1.22,6.5,13.0,1.25,6.92,11.52,,,,,,,,2021/2022
E0,2021-10-30,Manchester City,Crystal Palace,0.0,2.0,A,14.0,8.0,3.0,3.0,11.0,11.0,7.0,1.0,2.0,3.0,1.0,0.0,1.14,8.0,19.0,1.15,8.94,22.14,,,,,,,,2021/2022
E0,2021-10-30,Newcastle,Chelsea,0.0,3.0,A,6.0,19.0,1.0,6.0,14.0,12.0,0.0,2.0,3.0,2.0,0.0,0.0,8.5,5.0,1.36,9.28,4.96,1.4,,,,,,,,2021/2022
E0,2021-10-30,Watford,Southampton,0.0,1.0,A,10.0,12.0,4.0,1.0,16.0,6.0,5.0,8.0,2.0,2.0,0.0,0.0,3.2,3.3,2.3,3.22,3.4,2.39,,,,,,,,2021/2022
E0,2021-10-30,Tottenham,Manchester United,0.0,3.0,A,9.0,10.0,0.0,4.0,12.0,14.0,10.0,2.0,2.0,3.0,0.0,0.0,2.87,3.6,2.37,3.04,3.66,2.38,,,,,,,,2021/2022
E0,2021-10-31,Norwich,Leeds,1.0,2.0,A,14.0,13.0,3.0,6.0,14.0,23.0,5.0,0.0,1.0,4.0,0.0,0.0,3.4,3.5,2.1,3.58,3.7,2.11,,,,,,,,2021/2022
E0,2021-10-31,Aston Villa,West Ham,1.0,4.0,A,9.0,21.0,3.0,9.0,7.0,13.0,3.0,6.0,1.0,2.0,1.0,0.0,2.8,3.5,2.45,2.86,3.58,2.54,,,,,,,,2021/2022
E0,2021-11-01,Wolverhampton,Everton,2.0,1.0,H,10.0,14.0,4.0,5.0,10.0,8.0,4.0,3.0,1.0,1.0,0.0,0.0,2.2,3.2,3.5,2.27,3.4,3.47,,,,,,,,2021/2022
E0,2021-11-05,Southampton,Aston Villa,1.0,0.0,H,9.0,14.0,3.0,3.0,12.0,12.0,10.0,8.0,2.0,2.0,0.0,0.0,1.95,3.6,3.75,2.04,3.71,3.79,,,,,,,,2021/2022
E0,2021-11-06,Manchester United,Manchester City,0.0,2.0,A,5.0,16.0,1.0,5.0,9.0,12.0,1.0,9.0,1.0,2.0,0.0,0.0,4.75,4.0,1.7,4.84,4.16,1.74,,,,,,,,2021/2022
E0,2021-11-06,Brentford,Norwich,1.0,2.0,A,19.0,9.0,7.0,5.0,12.0,13.0,6.0,2.0,2.0,3.0,0.0,0.0,1.6,4.0,5.75,1.63,4.05,6.06,,,,,,,,2021/2022
E0,2021-11-06,Chelsea,Burnley,1.0,1.0,D,25.0,5.0,4.0,2.0,6.0,9.0,14.0,2.0,1.0,4.0,0.0,0.0,1.25,6.0,12.0,1.27,6.08,13.48,,,,,,,,2021/2022
E0,2021-11-06,Crystal Palace,Wolverhampton,2.0,0.0,H,13.0,4.0,6.0,2.0,14.0,13.0,4.0,6.0,2.0,1.0,0.0,0.0,2.45,3.2,3.0,2.56,3.17,3.17,,,,,,,,2021/2022
E0,2021-11-06,Brighton,Newcastle,1.0,1.0,D,14.0,6.0,5.0,1.0,16.0,10.0,2.0,5.0,3.0,4.0,1.0,0.0,1.57,3.9,6.0,1.63,4.11,6.04,,,,,,,,2021/2022
E0,2021-11-07,Everton,Tottenham,0.0,0.0,D,12.0,8.0,2.0,0.0,13.0,17.0,4.0,2.0,2.0,4.0,1.0,0.0,3.1,3.25,2.37,3.15,3.34,2.46,,,,,,,,2021/2022
E0,2021-11-07,Arsenal,Watford,1.0,0.0,H,14.0,7.0,6.0,1.0,6.0,19.0,4.0,2.0,4.0,2.0,0.0,1.0,1.36,4.75,8.5,1.41,4.98,8.73,,,,,,,,2021/2022
E0,2021-11-07,West Ham,Liverpool,3.0,2.0,H,7.0,16.0,3.0,5.0,11.0,6.0,3.0,2.0,1.0,1.0,0.0,0.0,4.75,4.0,1.7,4.74,4.15,1.75,,,,,,,,2021/2022
E0,2021-11-07,Leeds,Leicester,1.0,1.0,D,18.0,9.0,5.0,3.0,12.0,5.0,10.0,5.0,1.0,1.0,0.0,0.0,2.8,3.5,2.45,2.84,3.61,2.54,,,,,,,,2021/2022
E0,2021-11-20,Wolverhampton,West Ham,1.0,0.0,H,15.0,8.0,5.0,3.0,6.0,9.0,7.0,3.0,1.0,1.0,0.0,0.0,3.0,3.25,2.4,3.18,3.28,2.49,,,,,,,,2021/2022
E0,2021-11-20,Liverpool,Arsenal,4.0,0.0,H,19.0,5.0,9.0,3.0,15.0,12.0,6.0,1.0,2.0,0.0,0.0,0.0,1.45,4.75,6.5,1.47,5.0,6.84,,,,,,,,2021/2022
E0,2021-11-20,Leicester,Chelsea,0.0,3.0,A,4.0,16.0,3.0,7.0,15.0,8.0,3.0,5.0,3.0,1.0,0.0,0.0,4.75,3.75,1.75,4.92,3.76,1.8,,,,,,,,2021/2022
E0,2021-11-20,Aston Villa,Brighton,2.0,0.0,H,9.0,6.0,5.0,2.0,7.0,13.0,5.0,7.0,3.0,3.0,0.0,0.0,2.45,3.3,2.9,2.48,3.33,3.14,,,,,,,,2021/2022
E0,2021-11-20,Burnley,Crystal Palace,3.0,3.0,D,15.0,18.0,9.0,8.0,14.0,15.0,3.0,6.0,2.0,3.0,0.0,0.0,2.7,3.2,2.7,2.79,3.29,2.79,,,,,,,,2021/2022
E0,2021-11-20,Newcastle,Brentford,3.0,3.0,D,23.0,10.0,9.0,4.0,13.0,11.0,8.0,2.0,2.0,2.0,0.0,0.0,2.62,3.4,2.7,2.67,3.42,2.81,,,,,,,,2021/2022
E0,2021-11-20,Norwich,Southampton,2.0,1.0,H,8.0,17.0,4.0,5.0,8.0,9.0,5.0,7.0,3.0,2.0,0.0,0.0,3.6,3.5,2.05,3.71,3.54,2.12,,,,,,,,2021/2022
E0,2021-11-20,Watford,Manchester United,4.0,1.0,H,20.0,9.0,7.0,3.0,7.0,5.0,9.0,3.0,2.0,1.0,0.0,1.0,6.5,4.75,1.45,6.25,4.69,1.53,,,,,,,,2021/2022
E0,2021-11-21,Manchester City,Everton,3.0,0.0,H,17.0,4.0,7.0,1.0,5.0,7.0,7.0,1.0,1.0,1.0,0.0,0.0,1.14,8.0,19.0,1.19,7.71,17.04,,,,,,,,2021/2022
E0,2021-11-21,Tottenham,Leeds,2.0,1.0,H,13.0,18.0,4.0,7.0,11.0,12.0,4.0,8.0,1.0,4.0,0.0,0.0,1.7,4.2,4.5,1.77,4.15,4.61,,,,,,,,2021/2022
E0,2021-11-27,Arsenal,Newcastle,2.0,0.0,H,24.0,9.0,6.0,5.0,6.0,12.0,4.0,4.0,1.0,3.0,0.0,0.0,1.44,4.75,7.0,1.48,4.95,6.77,,,,,,,,2021/2022
E0,2021-11-27,Crystal Palace,Aston Villa,1.0,2.0,A,8.0,10.0,3.0,3.0,12.0,10.0,7.0,3.0,3.0,3.0,0.0,0.0,2.2,3.4,3.3,2.3,3.4,3.42,,,,,,,,2021/2022
E0,2021-11-27,Liverpool,Southampton,4.0,0.0,H,20.0,7.0,6.0,3.0,7.0,14.0,5.0,7.0,0.0,1.0,0.0,0.0,1.28,6.0,9.0,1.3,6.08,10.1,,,,,,,,2021/2022
E0,2021-11-27,Norwich,Wolverhampton,0.0,0.0,D,14.0,5.0,4.0,2.0,11.0,10.0,4.0,3.0,2.0,2.0,0.0,0.0,3.5,3.3,2.15,3.61,3.44,2.2,,,,,,,,2021/2022
E0,2021-11-27,Brighton,Leeds,0.0,0.0,D,20.0,11.0,4.0,4.0,12.0,14.0,6.0,1.0,1.0,3.0,0.0,0.0,2.05,3.4,3.75,2.14,3.44,3.78,,,,,,,,2021/2022
E0,2021-11-28,Brentford,Everton,1.0,0.0,H,6.0,14.0,4.0,5.0,8.0,11.0,3.0,3.0,4.0,3.0,0.0,0.0,2.25,3.2,3.4,2.29,3.33,3.51,,,,,,,,2021/2022
E0,2021-11-28,Leicester,Watford,4.0,2.0,H,18.0,16.0,8.0,5.0,5.0,19.0,8.0,6.0,0.0,0.0,0.0,0.0,1.61,4.0,5.5,1.65,4.16,5.57,,,,,,,,2021/2022
E0,2021-11-28,Manchester City,West Ham,2.0,1.0,H,19.0,5.0,9.0,3.0,7.0,6.0,8.0,4.0,2.0,0.0,0.0,0.0,1.28,5.75,10.0,1.3,5.98,10.56,,,,,,,,2021/2022
E0,2021-11-28,Chelsea,Manchester United,1.0,1.0,D,24.0,3.0,6.0,2.0,13.0,14.0,15.0,2.0,2.0,5.0,0.0,0.0,1.57,4.0,6.0,1.63,4.21,5.75,,,,,,,,2021/2022
E0,2021-11-30,Newcastle,Norwich,1.0,1.0,D,9.0,16.0,1.0,6.0,8.0,11.0,2.0,5.0,0.0,0.0,0.0,1.0,1.95,3.5,3.9,2.02,3.68,3.91,,,,,,,,2021/2022
E0,2021-11-30,Leeds,Crystal Palace,1.0,0.0,H,15.0,9.0,3.0,1.0,15.0,15.0,7.0,4.0,5.0,3.0,0.0,0.0,2.4,3.3,3.0,2.43,3.41,3.15,,,,,,,,2021/2022
E0,2021-12-01,West Ham,Brighton,1.0,1.0,D,14.0,9.0,6.0,3.0,10.0,8.0,9.0,5.0,1.0,1.0,0.0,0.0,1.95,3.6,3.8,2.05,3.6,3.87,,,,,,,,2021/2022
E0,2021-12-01,Southampton,Leicester,2.0,2.0,D,15.0,15.0,7.0,6.0,14.0,11.0,2.0,4.0,1.0,3.0,0.0,0.0,2.37,3.5,2.87,2.47,3.56,2.98,,,,,,,,2021/2022
E0,2021-12-01,Watford,Chelsea,1.0,2.0,A,13.0,8.0,6.0,4.0,18.0,16.0,6.0,0.0,4.0,3.0,0.0,0.0,10.0,5.25,1.3,10.31,5.61,1.33,,,,,,,,2021/2022
E0,2021-12-01,Aston Villa,Manchester City,1.0,2.0,A,9.0,17.0,3.0,7.0,8.0,12.0,4.0,11.0,0.0,0.0,0.0,0.0,9.0,5.25,1.33,8.57,5.25,1.39,,,,,,,,2021/2022
E0,2021-12-01,Everton,Liverpool,1.0,4.0,A,8.0,16.0,2.0,7.0,8.0,16.0,3.0,11.0,4.0,3.0,0.0,0.0,7.5,5.25,1.36,7.67,5.17,1.43,,,,,,,,2021/2022
E0,2021-12-01,Wolverhampton,Burnley,0.0,0.0,D,16.0,6.0,2.0,1.0,5.0,7.0,5.0,5.0,2.0,3.0,0.0,0.0,1.85,3.5,4.33,1.98,3.43,4.39,,,,,,,,2021/2022
E0,2021-12-02,Tottenham,Brentford,2.0,0.0,H,11.0,6.0,6.0,2.0,13.0,11.0,11.0,5.0,0.0,0.0,0.0,0.0,1.6,4.2,5.25,1.67,4.22,5.34,,,,,,,,2021/2022
E0,2021-12-02,Manchester United,Arsenal,3.0,2.0,H,14.0,17.0,10.0,8.0,9.0,10.0,3.0,8.0,1.0,0.0,0.0,0.0,1.95,3.75,3.75,2.07,3.68,3.75,,,,,,,,2021/2022
E0,2021-12-04,West Ham,Chelsea,3.0,2.0,H,11.0,19.0,5.0,7.0,10.0,10.0,1.0,9.0,1.0,3.0,0.0,0.0,4.75,3.6,1.75,4.85,3.58,1.85,,,,,,,,2021/2022
E0,2021-12-04,Newcastle,Burnley,1.0,0.0,H,19.0,10.0,4.0,1.0,11.0,9.0,10.0,3.0,1.0,1.0,0.0,0.0,2.3,3.3,3.2,2.4,3.38,3.22,,,,,,,,2021/2022
E0,2021-12-04,Southampton,Brighton,1.0,1.0,D,14.0,14.0,4.0,4.0,15.0,12.0,6.0,2.0,4.0,2.0,0.0,0.0,2.45,3.2,3.0,2.48,3.25,3.22,,,,,,,,2021/2022
E0,2021-12-04,Wolverhampton,Liverpool,0.0,1.0,A,3.0,17.0,1.0,5.0,4.0,7.0,2.0,8.0,2.0,2.0,0.0,0.0,8.0,4.75,1.4,8.08,4.72,1.45,,,,,,,,2021/2022
E0,2021-12-04,Watford,Manchester City,1.0,3.0,A,11.0,26.0,4.0,13.0,10.0,7.0,5.0,11.0,3.0,0.0,0.0,0.0,12.0,7.0,1.2,14.88,7.43,1.21,,,,,,,,2021/2022
E0,2021-12-05,Manchester United,Crystal Palace,1.0,0.0,H,16.0,8.0,3.0,2.0,16.0,9.0,9.0,6.0,2.0,2.0,0.0,0.0,1.5,4.33,6.5,1.59,4.13,6.46,,,,,,,,2021/2022
E0,2021-12-05,Leeds,Brentford,2.0,2.0,D,13.0,9.0,6.0,3.0,11.0,9.0,5.0,1.0,5.0,3.0,0.0,0.0,1.95,3.6,3.8,1.98,3.63,4.13,,,,,,,,2021/2022
E0,2021-12-05,Aston Villa,Leicester,2.0,1.0,H,13.0,12.0,4.0,5.0,8.0,25.0,3.0,6.0,1.0,1.0,0.0,0.0,2.37,3.4,3.0,2.38,3.49,3.17,,,,,,,,2021/2022
E0,2021-12-05,Tottenham,Norwich,3.0,0.0,H,17.0,10.0,7.0,1.0,11.0,4.0,6.0,4.0,1.0,2.0,0.0,0.0,1.36,5.0,8.5,1.43,4.9,8.28,,,,,,,,2021/2022
E0,2021-12-06,Everton,Arsenal,2.0,1.0,H,11.0,10.0,5.0,3.0,8.0,12.0,3.0,3.0,2.0,2.0,0.0,0.0,3.4,3.5,2.1,3.45,3.65,2.18,,,,,,,,2021/2022
E0,2021-12-10,Brentford,Watford,2.0,1.0,H,14.0,6.0,5.0,2.0,12.0,18.0,8.0,2.0,4.0,0.0,0.0,0.0,2.25,3.3,3.3,2.32,3.33,3.44,,,,,,,,2021/2022
E0,2021-12-11,Manchester City,Wolverhampton,1.0,0.0,H,24.0,2.0,10.0,1.0,12.0,5.0,14.0,1.0,3.0,2.0,0.0,1.0,1.14,8.0,19.0,1.17,8.21,20.21,,,,,,,,2021/2022
E0,2021-12-11,Arsenal,Southampton,3.0,0.0,H,15.0,11.0,5.0,6.0,5.0,9.0,9.0,8.0,2.0,0.0,0.0,0.0,1.61,4.0,5.5,1.68,4.01,5.61,,,,,,,,2021/2022
E0,2021-12-11,Chelsea,Leeds,3.0,2.0,H,16.0,12.0,6.0,5.0,9.0,15.0,5.0,2.0,2.0,5.0,0.0,0.0,1.25,5.75,12.0,1.28,6.1,11.9,,,,,,,,2021/2022
E0,2021-12-11,Liverpool,Aston Villa,1.0,0.0,H,20.0,4.0,5.0,0.0,13.0,6.0,11.0,3.0,1.0,2.0,0.0,0.0,1.2,7.0,13.0,1.23,7.15,12.65,,,,,,,,2021/2022
E0,2021-12-11,Norwich,Manchester United,0.0,1.0,A,11.0,13.0,5.0,5.0,6.0,17.0,8.0,6.0,1.0,1.0,0.0,0.0,7.0,4.5,1.45,7.52,4.9,1.45,,,,,,,,2021/2022
E0,2021-12-12,Burnley,West Ham,0.0,0.0,D,9.0,16.0,1.0,3.0,13.0,11.0,6.0,4.0,2.0,1.0,0.0,0.0,3.6,3.6,2.0,3.74,3.75,2.05,,,,,,,,2021/2022
E0,2021-12-12,Leicester,Newcastle,4.0,0.0,H,8.0,12.0,5.0,3.0,9.0,16.0,4.0,6.0,2.0,3.0,0.0,0.0,1.66,4.1,4.75,1.78,4.01,4.71,,,,,,,,2021/2022
E0,2021-12-12,Crystal Palace,Everton,3.0,1.0,H,17.0,12.0,6.0,6.0,15.0,14.0,8.0,2.0,0.0,2.0,0.0,0.0,2.3,3.2,3.3,2.3,3.22,3.63,,,,,,,,2021/2022
E0,2021-12-14,Norwich,Aston Villa,0.0,2.0,A,7.0,17.0,3.0,6.0,12.0,9.0,7.0,10.0,3.0,1.0,0.0,0.0,3.3,3.3,2.25,3.45,3.3,2.33,,,,,,,,2021/2022
E0,2021-12-14,Manchester City,Leeds,7.0,0.0,H,31.0,6.0,15.0,3.0,5.0,9.0,6.0,2.0,1.0,1.0,0.0,0.0,1.14,8.5,15.0,1.16,9.0,19.75,,,,,,,,2021/2022
E0,2021-12-15,Brighton,Wolverhampton,0.0,1.0,A,12.0,8.0,2.0,5.0,11.0,14.0,7.0,4.0,2.0,0.0,0.0,0.0,2.25,3.1,3.5,2.37,3.05,3.66,,,,,,,,2021/2022
E0,2021-12-15,Crystal Palace,Southampton,2.0,2.0,D,9.0,15.0,6.0,4.0,16.0,20.0,4.0,6.0,2.0,4.0,0.0,0.0,2.15,3.3,3.5,2.17,3.41,3.71,,,,,,,,2021/2022
E0,2021-12-15,Arsenal,West Ham,2.0,0.0,H,21.0,7.0,8.0,1.0,8.0,9.0,5.0,2.0,2.0,0.0,0.0,1.0,2.1,3.6,3.3,2.27,3.58,3.32,,,,,,,,2021/2022
E0,2021-12-16,Chelsea,Everton,1.0,1.0,D,23.0,5.0,10.0,3.0,11.0,11.0,7.0,1.0,2.0,3.0,0.0,0.0,1.22,6.5,13.0,1.24,6.36,14.4,,,,,,,,2021/2022
E0,2021-12-16,Liverpool,Newcastle,3.0,1.0,H,23.0,4.0,8.0,2.0,9.0,4.0,11.0,0.0,1.0,3.0,0.0,0.0,1.12,9.0,19.0,1.13,9.72,24.98,,,,,,,,2021/2022
E0,2021-12-18,Leeds,Arsenal,1.0,4.0,A,9.0,21.0,2.0,12.0,11.0,7.0,1.0,4.0,3.0,1.0,0.0,0.0,3.9,3.8,1.83,3.89,3.84,1.93,,,,,,,,2021/2022
E0,2021-12-19,Newcastle,Manchester City,0.0,4.0,A,5.0,18.0,1.0,7.0,9.0,6.0,3.0,6.0,1.0,2.0,0.0,0.0,13.0,7.5,1.18,16.21,7.42,1.18,,,,,,,,2021/2022
E0,2021-12-19,Wolverhampton,Chelsea,0.0,0.0,D,4.0,8.0,1.0,1.0,9.0,7.0,4.0,9.0,0.0,2.0,0.0,0.0,7.0,4.2,1.5,6.52,3.92,1.59,,,,,,,,2021/2022
E0,2021-12-19,Tottenham,Liverpool,2.0,2.0,D,10.0,18.0,5.0,6.0,12.0,11.0,6.0,4.0,4.0,4.0,0.0,1.0,5.25,4.75,1.53,5.19,4.78,1.57,,,,,,,,2021/2022
E0,2021-12-26,Manchester City,Leicester,6.0,3.0,H,17.0,14.0,9.0,8.0,11.0,9.0,14.0,4.0,1.0,2.0,0.0,0.0,1.18,7.5,13.0,1.19,7.91,13.72,,,,,,,,2021/2022
E0,2021-12-26,Norwich,Arsenal,0.0,5.0,A,4.0,16.0,2.0,6.0,13.0,7.0,3.0,5.0,1.0,2.0,0.0,0.0,8.0,4.75,1.4,8.02,4.81,1.42,,,,,,,,2021/2022
E0,2021-12-26,Tottenham,Crystal Palace,3.0,0.0,H,17.0,4.0,6.0,0.0,16.0,10.0,4.0,2.0,1.0,1.0,0.0,1.0,1.72,3.8,4.75,1.7,3.91,5.21,,,,,,,,2021/2022
E0,2021-12-26,West Ham,Southampton,2.0,3.0,A,11.0,11.0,5.0,6.0,10.0,9.0,10.0,2.0,2.0,3.0,0.0,0.0,1.8,3.9,4.2,1.86,3.78,4.28,,,,,,,,2021/2022
E0,2021-12-26,Aston Villa,Chelsea,1.0,3.0,A,8.0,10.0,1.0,4.0,8.0,11.0,2.0,5.0,3.0,1.0,0.0,0.0,5.25,3.8,1.65,5.57,3.77,1.69,,,,,,,,2021/2022
E0,2021-12-26,Brighton,Brentford,2.0,0.0,H,15.0,16.0,5.0,6.0,8.0,10.0,6.0,9.0,1.0,3.0,0.0,0.0,1.9,3.4,4.2,1.95,3.49,4.25,,,,,,,,2021/2022
E0,2021-12-27,Newcastle,Manchester United,1.0,1.0,D,13.0,13.0,8.0,4.0,11.0,8.0,2.0,4.0,3.0,3.0,0.0,0.0,6.5,4.75,1.44,6.92,4.46,1.49,,,,,,,,2021/2022
E0,2021-12-28,Crystal Palace,Norwich,3.0,0.0,H,19.0,12.0,6.0,3.0,9.0,13.0,8.0,8.0,1.0,2.0,0.0,0.0,1.65,3.75,5.5,1.69,3.77,5.91,,,,,,,,2021/2022
E0,2021-12-28,Southampton,Tottenham,1.0,1.0,D,9.0,21.0,2.0,11.0,15.0,5.0,3.0,7.0,2.0,2.0,1.0,0.0,3.75,3.5,2.0,3.87,3.52,2.08,,,,,,,,2021/2022
E0,2021-12-28,Watford,West Ham,1.0,4.0,A,14.0,13.0,5.0,6.0,12.0,12.0,4.0,5.0,0.0,1.0,0.0,0.0,3.4,3.6,2.1,3.35,3.6,2.24,,,,,,,,2021/2022
E0,2021-12-28,Leicester,Liverpool,1.0,0.0,H,6.0,21.0,1.0,4.0,8.0,11.0,1.0,12.0,0.0,1.0,0.0,0.0,8.0,5.5,1.33,7.76,5.82,1.38,,,,,,,,2021/2022
E0,2021-12-29,Chelsea,Brighton,1.0,1.0,D,11.0,18.0,5.0,6.0,14.0,7.0,10.0,8.0,4.0,1.0,0.0,0.0,1.4,4.5,7.5,1.42,4.56,8.59,,,,,,,,2021/2022
E0,2021-12-29,Brentford,Manchester City,0.0,1.0,A,6.0,12.0,2.0,3.0,12.0,10.0,3.0,5.0,0.0,0.0,0.0,0.0,19.0,8.0,1.14,16.97,7.96,1.17,,,,,,,,2021/2022
E0,2021-12-30,Manchester United,Burnley,3.0,1.0,H,18.0,10.0,6.0,3.0,5.0,10.0,7.0,5.0,0.0,0.0,0.0,0.0,1.36,5.0,9.0,1.38,4.97,8.67,,,,,,,,2021/2022
E0,2022-01-01,Arsenal,Manchester City,1.0,2.0,A,7.0,15.0,2.0,2.0,13.0,5.0,5.0,5.0,3.0,2.0,1.0,0.0,5.75,4.75,1.5,6.01,4.57,1.53,,,,,,,,2021/2022
E0,2022-01-01,Watford,Tottenham,0.0,1.0,A,6.0,21.0,4.0,9.0,6.0,9.0,3.0,7.0,0.0,1.0,0.0,0.0,5.0,4.2,1.61,5.42,4.25,1.62,,,,,,,,2021/2022
E0,2022-01-01,Crystal Palace,West Ham,2.0,3.0,A,22.0,10.0,6.0,5.0,6.0,16.0,9.0,1.0,0.0,2.0,0.0,0.0,3.1,3.4,2.3,3.09,3.41,2.4,,,,,,,,2021/2022
E0,2022-01-02,Everton,Brighton,2.0,3.0,A,17.0,12.0,6.0,5.0,5.0,12.0,8.0,5.0,1.0,1.0,0.0,0.0,2.75,3.2,2.62,2.87,3.08,2.78,,,,,,,,2021/2022
E0,2022-01-02,Brentford,Aston Villa,2.0,1.0,H,10.0,16.0,4.0,5.0,17.0,11.0,3.0,7.0,2.0,2.0,0.0,0.0,3.0,3.3,2.4,3.09,3.3,2.46,,,,,,,,2021/2022
E0,2022-01-02,Chelsea,Liverpool,2.0,2.0,D,15.0,10.0,6.0,6.0,5.0,13.0,6.0,7.0,1.0,2.0,0.0,0.0,3.1,3.5,2.25,3.14,3.6,2.29,,,,,,,,2021/2022
E0,2022-01-02,Leeds,Burnley,3.0,1.0,H,22.0,8.0,7.0,2.0,11.0,7.0,9.0,3.0,2.0,1.0,0.0,0.0,2.05,3.5,3.5,2.02,3.59,3.83,,,,,,,,2021/2022
E0,2022-01-03,Manchester United,Wolverhampton,0.0,1.0,A,9.0,19.0,2.0,6.0,9.0,8.0,3.0,8.0,3.0,1.0,0.0,0.0,1.53,4.33,6.0,1.56,4.37,5.98,,,,,,,,2021/2022
E0,2022-01-11,Southampton,Brentford,4.0,1.0,H,12.0,5.0,6.0,4.0,9.0,8.0,5.0,2.0,0.0,1.0,0.0,0.0,2.05,3.4,3.6,2.15,3.37,3.82,,,,,,,,2021/2022
E0,2022-01-12,West Ham,Norwich,2.0,0.0,H,13.0,7.0,5.0,3.0,9.0,8.0,11.0,2.0,0.0,0.0,0.0,0.0,1.28,5.5,10.0,1.32,5.53,10.04,,,,,,,,2021/2022
E0,2022-01-14,Brighton,Crystal Palace,1.0,1.0,D,19.0,3.0,4.0,1.0,11.0,7.0,9.0,0.0,0.0,2.0,0.0,0.0,2.05,3.3,3.8,2.11,3.29,4.08,,,,,,,,2021/2022
E0,2022-01-15,Wolverhampton,Southampton,3.0,1.0,H,9.0,13.0,5.0,10.0,13.0,14.0,2.0,10.0,2.0,3.0,0.0,0.0,2.25,3.2,3.4,2.35,3.18,3.4,,,,,,,,2021/2022
E0,2022-01-15,Aston Villa,Manchester United,2.0,2.0,D,13.0,13.0,9.0,6.0,8.0,13.0,3.0,6.0,1.0,2.0,0.0,0.0,2.87,3.5,2.4,2.89,3.51,2.49,,,,,,,,2021/2022
E0,2022-01-15,Manchester City,Chelsea,1.0,0.0,H,11.0,4.0,6.0,1.0,11.0,6.0,9.0,1.0,0.0,2.0,0.0,0.0,1.65,4.0,5.0,1.72,3.79,5.2,,,,,,,,2021/2022
E0,2022-01-15,Newcastle,Watford,1.0,1.0,D,12.0,18.0,1.0,5.0,13.0,13.0,4.0,6.0,3.0,2.0,0.0,0.0,2.0,3.6,3.6,2.05,3.74,3.59,,,,,,,,2021/2022
E0,2022-01-15,Norwich,Everton,2.0,1.0,H,14.0,12.0,3.0,5.0,12.0,14.0,8.0,8.0,3.0,1.0,0.0,0.0,3.75,3.5,2.0,3.77,3.54,2.06,,,,,,,,2021/2022
E0,2022-01-16,Liverpool,Brentford,3.0,0.0,H,27.0,6.0,13.0,1.0,6.0,6.0,9.0,0.0,0.0,1.0,0.0,0.0,1.3,5.5,10.0,1.3,5.82,10.45,,,,,,,,2021/2022
E0,2022-01-16,West Ham,Leeds,2.0,3.0,A,15.0,18.0,5.0,5.0,6.0,9.0,4.0,3.0,3.0,2.0,0.0,0.0,1.61,4.2,5.0,1.65,4.28,5.13,,,,,,,,2021/2022
E0,2022-01-18,Brighton,Chelsea,1.0,1.0,D,10.0,15.0,2.0,3.0,8.0,5.0,5.0,7.0,1.0,2.0,0.0,0.0,4.75,3.75,1.72,4.75,3.79,1.78,,,,,,,,2021/2022
E0,2022-01-19,Leicester,Tottenham,2.0,3.0,A,14.0,27.0,4.0,10.0,6.0,12.0,3.0,8.0,1.0,2.0,0.0,0.0,3.0,3.5,2.3,3.12,3.41,2.38,,,,,,,,2021/2022
E0,2022-01-19,Brentford,Manchester United,1.0,3.0,A,18.0,13.0,8.0,5.0,7.0,9.0,6.0,9.0,0.0,0.0,0.0,0.0,4.5,3.7,1.8,4.68,3.46,1.88,,,,,,,,2021/2022
E0,2022-01-21,Watford,Norwich,0.0,3.0,A,15.0,7.0,4.0,2.0,16.0,11.0,5.0,1.0,0.0,1.0,1.0,0.0,2.0,3.5,3.75,2.09,3.53,3.66,,,,,,,,2021/2022
E0,2022-01-22,Everton,Aston Villa,0.0,1.0,A,15.0,8.0,1.0,3.0,14.0,16.0,9.0,2.0,5.0,3.0,0.0,0.0,2.75,3.25,2.62,2.82,3.25,2.7,,,,,,,,2021/2022
E0,2022-01-22,Brentford,Wolverhampton,1.0,2.0,A,11.0,7.0,1.0,2.0,6.0,7.0,6.0,3.0,2.0,3.0,0.0,0.0,3.2,2.8,2.6,3.15,3.11,2.54,,,,,,,,2021/2022
E0,2022-01-22,Leeds,Newcastle,0.0,1.0,A,13.0,15.0,4.0,3.0,9.0,9.0,6.0,7.0,4.0,2.0,0.0,0.0,2.0,3.5,3.75,2.03,3.72,3.67,,,,,,,,2021/2022
E0,2022-01-22,Manchester United,West Ham,1.0,0.0,H,18.0,6.0,3.0,1.0,9.0,8.0,3.0,3.0,1.0,1.0,0.0,0.0,1.85,3.8,4.0,1.93,3.85,3.9,,,,,,,,2021/2022
E0,2022-01-22,Southampton,Manchester City,1.0,1.0,D,7.0,20.0,3.0,5.0,13.0,5.0,2.0,11.0,3.0,0.0,0.0,0.0,10.0,6.5,1.25,10.23,6.18,1.27,,,,,,,,2021/2022
E0,2022-01-23,Arsenal,Burnley,0.0,0.0,D,20.0,10.0,5.0,1.0,9.0,13.0,12.0,4.0,0.0,2.0,0.0,0.0,1.36,4.75,9.0,1.36,5.22,9.18,,,,,,,,2021/2022
E0,2022-01-23,Crystal Palace,Liverpool,1.0,3.0,A,8.0,15.0,5.0,7.0,12.0,10.0,2.0,5.0,4.0,1.0,0.0,0.0,6.0,4.2,1.53,5.75,4.14,1.61,,,,,,,,2021/2022
E0,2022-01-23,Leicester,Brighton,1.0,1.0,D,15.0,14.0,5.0,5.0,6.0,8.0,4.0,5.0,0.0,1.0,0.0,0.0,2.5,3.25,2.9,2.66,3.36,2.78,,,,,,,,2021/2022
E0,2022-01-23,Chelsea,Tottenham,2.0,0.0,H,15.0,6.0,7.0,3.0,17.0,14.0,10.0,3.0,2.0,1.0,0.0,0.0,1.61,4.2,5.0,1.7,4.17,4.82,,,,,,,,2021/2022
E0,2022-02-05,Burnley,Watford,0.0,0.0,D,13.0,11.0,2.0,5.0,16.0,9.0,4.0,7.0,1.0,2.0,0.0,0.0,2.2,3.25,3.5,2.19,3.27,3.69,,,,,,,,2021/2022
E0,2022-02-08,Newcastle,Everton,3.0,1.0,H,20.0,11.0,9.0,3.0,13.0,13.0,6.0,2.0,2.0,3.0,0.0,0.0,2.5,3.25,2.87,2.57,3.42,2.94,,,,,,,,2021/2022
E0,2022-02-08,West Ham,Watford,1.0,0.0,H,9.0,6.0,3.0,1.0,1.0,6.0,5.0,6.0,1.0,0.0,0.0,0.0,1.55,4.2,5.75,1.54,4.42,6.7,,,,,,,,2021/2022
E0,2022-02-08,Burnley,Manchester United,1.0,1.0,D,9.0,22.0,3.0,5.0,11.0,10.0,2.0,10.0,2.0,1.0,0.0,0.0,5.5,4.0,1.61,6.09,4.13,1.62,,,,,,,,2021/2022
E0,2022-02-09,Manchester City,Brentford,2.0,0.0,H,15.0,6.0,7.0,2.0,7.0,13.0,9.0,3.0,0.0,0.0,0.0,0.0,1.1,9.5,23.0,1.12,10.16,25.77,,,,,,,,2021/2022
E0,2022-02-09,Norwich,Crystal Palace,1.0,1.0,D,5.0,13.0,1.0,5.0,11.0,15.0,4.0,6.0,1.0,2.0,0.0,0.0,3.5,3.25,2.15,3.66,3.38,2.21,,,,,,,,2021/2022
E0,2022-02-09,Tottenham,Southampton,2.0,3.0,A,8.0,23.0,3.0,10.0,7.0,13.0,2.0,8.0,2.0,3.0,0.0,0.0,1.6,4.0,5.5,1.61,4.19,6.03,,,,,,,,2021/2022
E0,2022-02-09,Aston Villa,Leeds,3.0,3.0,D,12.0,16.0,4.0,8.0,11.0,9.0,6.0,11.0,1.0,3.0,1.0,0.0,1.8,3.8,4.2,1.83,4.0,4.4,,,,,,,,2021/2022
E0,2022-02-10,Liverpool,Leicester,2.0,0.0,H,22.0,5.0,11.0,1.0,11.0,7.0,7.0,6.0,1.0,0.0,0.0,0.0,1.25,6.5,10.0,1.26,6.84,11.21,,,,,,,,2021/2022
E0,2022-02-10,Wolverhampton,Arsenal,0.0,1.0,A,15.0,12.0,4.0,2.0,12.0,13.0,7.0,4.0,2.0,3.0,0.0,1.0,3.5,3.2,2.2,3.72,3.28,2.23,,,,,,,,2021/2022
E0,2022-02-12,Everton,Leeds,3.0,0.0,H,21.0,7.0,10.0,0.0,8.0,9.0,5.0,3.0,1.0,1.0,0.0,0.0,2.25,3.5,3.0,2.37,3.58,3.12,,,,,,,,2021/2022
E0,2022-02-12,Brentford,Crystal Palace,0.0,0.0,D,9.0,6.0,2.0,3.0,10.0,10.0,3.0,9.0,1.0,0.0,0.0,0.0,2.55,3.1,3.0,2.77,3.08,2.98,,,,,,,,2021/2022
E0,2022-02-12,Norwich,Manchester City,0.0,4.0,A,8.0,22.0,3.0,9.0,7.0,8.0,4.0,12.0,0.0,2.0,0.0,0.0,15.0,8.0,1.16,18.96,7.94,1.18,,,,,,,,2021/2022
E0,2022-02-12,Watford,Brighton,0.0,2.0,A,9.0,11.0,1.0,6.0,16.0,9.0,4.0,5.0,3.0,2.0,0.0,0.0,3.5,3.3,2.05,3.85,3.38,2.14,,,,,,,,2021/2022
E0,2022-02-12,Manchester United,Southampton,1.0,1.0,D,12.0,13.0,8.0,4.0,12.0,13.0,1.0,4.0,4.0,0.0,0.0,0.0,1.6,4.0,5.5,1.63,4.32,5.53,,,,,,,,2021/2022
E0,2022-02-13,Burnley,Liverpool,0.0,1.0,A,8.0,12.0,5.0,4.0,7.0,6.0,5.0,8.0,0.0,1.0,0.0,0.0,10.0,5.25,1.28,10.82,6.03,1.29,,,,,,,,2021/2022
E0,2022-02-13,Newcastle,Aston Villa,1.0,0.0,H,10.0,11.0,2.0,1.0,22.0,15.0,3.0,6.0,3.0,4.0,0.0,0.0,2.7,3.3,2.62,2.78,3.48,2.67,,,,,,,,2021/2022
E0,2022-02-13,Tottenham,Wolverhampton,0.0,2.0,A,17.0,11.0,7.0,7.0,13.0,13.0,7.0,3.0,3.0,1.0,0.0,0.0,1.7,3.6,5.5,1.69,3.82,5.86,,,,,,,,2021/2022
E0,2022-02-13,Leicester,West Ham,2.0,2.0,D,13.0,8.0,2.0,3.0,10.0,9.0,5.0,4.0,1.0,2.0,0.0,0.0,2.9,3.5,2.3,3.05,3.62,2.39,,,,,,,,2021/2022
E0,2022-02-15,Manchester United,Brighton,2.0,0.0,H,19.0,10.0,7.0,3.0,8.0,10.0,10.0,2.0,3.0,1.0,0.0,1.0,1.72,3.75,4.75,1.81,3.78,4.87,,,,,,,,2021/2022
E0,2022-02-19,Liverpool,Norwich,3.0,1.0,H,29.0,6.0,8.0,1.0,7.0,8.0,9.0,4.0,0.0,1.0,0.0,0.0,1.1,9.0,23.0,1.13,9.98,26.49,,,,,,,,2021/2022
E0,2022-02-19,Arsenal,Brentford,2.0,1.0,H,24.0,6.0,8.0,2.0,10.0,5.0,14.0,0.0,1.0,1.0,0.0,0.0,1.44,4.2,8.0,1.47,4.46,8.32,,,,,,,,2021/2022
E0,2022-02-19,Southampton,Everton,2.0,0.0,H,19.0,9.0,11.0,0.0,6.0,9.0,4.0,4.0,0.0,2.0,0.0,0.0,2.1,3.5,3.5,2.1,3.61,3.71,,,,,,,,2021/2022
E0,2022-02-19,Aston Villa,Watford,0.0,1.0,A,20.0,8.0,1.0,4.0,12.0,7.0,10.0,5.0,1.0,2.0,0.0,0.0,1.65,3.6,5.75,1.68,3.95,5.62,,,,,,,,2021/2022
E0,2022-02-19,Crystal Palace,Chelsea,0.0,1.0,A,7.0,9.0,0.0,3.0,4.0,20.0,4.0,4.0,1.0,3.0,0.0,0.0,5.5,3.8,1.65,5.86,3.99,1.66,,,,,,,,2021/2022
E0,2022-02-19,Manchester City,Tottenham,2.0,3.0,A,21.0,6.0,4.0,5.0,5.0,7.0,10.0,0.0,0.0,3.0,0.0,0.0,1.28,6.0,10.0,1.29,6.05,11.91,,,,,,,,2021/2022
E0,2022-02-19,Brighton,Burnley,0.0,3.0,A,11.0,10.0,1.0,4.0,12.0,12.0,4.0,4.0,1.0,4.0,0.0,0.0,1.66,3.5,6.0,1.67,3.78,6.18,,,,,,,,2021/2022
E0,2022-02-19,West Ham,Newcastle,1.0,1.0,D,11.0,14.0,3.0,3.0,3.0,7.0,3.0,7.0,3.0,3.0,0.0,0.0,1.7,4.0,4.75,1.72,3.88,5.4,,,,,,,,2021/2022
E0,2022-02-20,Leeds,Manchester United,2.0,4.0,A,16.0,15.0,6.0,9.0,13.0,19.0,3.0,3.0,6.0,3.0,0.0,0.0,3.9,3.8,1.85,4.12,3.84,1.93,,,,,,,,2021/2022
E0,2022-02-20,Wolverhampton,Leicester,2.0,1.0,H,11.0,17.0,3.0,7.0,12.0,9.0,7.0,10.0,4.0,4.0,0.0,0.0,2.25,3.3,3.25,2.34,3.24,3.5,,,,,,,,2021/2022
E0,2022-02-23,Burnley,Tottenham,1.0,0.0,H,15.0,12.0,4.0,2.0,8.0,8.0,3.0,7.0,0.0,0.0,0.0,0.0,4.6,3.8,1.75,4.94,3.78,1.79,,,,,,,,2021/2022
E0,2022-02-23,Watford,Crystal Palace,1.0,4.0,A,8.0,7.0,1.0,5.0,12.0,9.0,6.0,4.0,2.0,1.0,0.0,0.0,3.1,3.3,2.3,3.24,3.24,2.47,,,,,,,,2021/2022
E0,2022-02-23,Liverpool,Leeds,6.0,0.0,H,23.0,3.0,15.0,2.0,5.0,11.0,4.0,0.0,0.0,3.0,0.0,0.0,1.16,8.0,15.0,1.16,8.87,17.91,,,,,,,,2021/2022
E0,2022-02-24,Arsenal,Wolverhampton,2.0,1.0,H,26.0,6.0,5.0,2.0,8.0,9.0,5.0,4.0,1.0,1.0,0.0,0.0,1.65,3.8,5.5,1.65,3.9,6.08,,,,,,,,2021/2022
E0,2022-02-25,Southampton,Norwich,2.0,0.0,H,27.0,8.0,9.0,1.0,12.0,9.0,13.0,6.0,1.0,2.0,0.0,0.0,1.53,4.33,6.0,1.56,4.35,6.55,,,,,,,,2021/2022
E0,2022-02-26,Crystal Palace,Burnley,1.0,1.0,D,11.0,5.0,4.0,1.0,5.0,17.0,5.0,4.0,0.0,2.0,0.0,0.0,1.9,3.6,4.0,2.0,3.44,4.29,,,,,,,,2021/2022
E0,2022-02-26,Brentford,Newcastle,0.0,2.0,A,6.0,26.0,1.0,11.0,9.0,7.0,6.0,6.0,3.0,1.0,1.0,0.0,2.5,3.2,3.0,2.55,3.2,3.15,,,,,,,,2021/2022
E0,2022-02-26,Leeds,Tottenham,0.0,4.0,A,19.0,15.0,3.0,11.0,16.0,11.0,3.0,6.0,4.0,2.0,0.0,0.0,4.2,3.6,1.85,4.14,4.03,1.87,,,,,,,,2021/2022
E0,2022-02-26,Brighton,Aston Villa,0.0,2.0,A,12.0,9.0,1.0,4.0,17.0,11.0,7.0,2.0,4.0,5.0,0.0,0.0,2.2,3.3,3.5,2.24,3.42,3.52,,,,,,,,2021/2022
E0,2022-02-26,Manchester United,Watford,0.0,0.0,D,22.0,10.0,3.0,2.0,2.0,7.0,4.0,3.0,0.0,0.0,0.0,0.0,1.3,5.5,9.5,1.36,5.67,8.94,,,,,,,,2021/2022
E0,2022-02-26,Everton,Manchester City,0.0,1.0,A,6.0,13.0,2.0,8.0,7.0,14.0,3.0,4.0,3.0,2.0,0.0,0.0,10.0,5.75,1.28,10.59,6.17,1.29,,,,,,,,2021/2022
E0,2022-02-27,West Ham,Wolverhampton,1.0,0.0,H,13.0,14.0,4.0,1.0,8.0,2.0,3.0,5.0,1.0,0.0,0.0,0.0,2.05,3.3,3.8,2.15,3.23,4.03,,,,,,,,2021/2022
E0,2022-03-01,Burnley,Leicester,0.0,2.0,A,9.0,22.0,2.0,6.0,10.0,13.0,6.0,8.0,1.0,1.0,0.0,0.0,2.9,3.4,2.4,2.98,3.39,2.55,,,,,,,,2021/2022
E0,2022-03-05,Leicester,Leeds,1.0,0.0,H,7.0,19.0,4.0,4.0,9.0,12.0,5.0,10.0,1.0,2.0,0.0,0.0,1.75,4.0,4.2,1.82,4.23,4.21,,,,,,,,2021/2022
E0,2022-03-05,Aston Villa,Southampton,4.0,0.0,H,14.0,11.0,9.0,1.0,10.0,8.0,4.0,7.0,1.0,1.0,0.0,0.0,2.3,3.5,3.0,2.42,3.49,3.1,,,,,,,,2021/2022
E0,2022-03-05,Burnley,Chelsea,0.0,4.0,A,6.0,11.0,1.0,5.0,12.0,7.0,5.0,2.0,2.0,0.0,0.0,0.0,6.5,4.33,1.5,7.69,4.19,1.52,,,,,,,,2021/2022
E0,2022-03-05,Newcastle,Brighton,2.0,1.0,H,10.0,15.0,4.0,4.0,8.0,10.0,4.0,7.0,1.0,1.0,0.0,0.0,2.75,3.2,2.62,2.82,3.23,2.8,,,,,,,,2021/2022
E0,2022-03-05,Norwich,Brentford,1.0,3.0,A,15.0,10.0,7.0,6.0,13.0,18.0,5.0,5.0,2.0,5.0,0.0,0.0,2.9,3.1,2.5,3.04,3.19,2.64,,,,,,,,2021/2022
E0,2022-03-05,Wolverhampton,Crystal Palace,0.0,2.0,A,12.0,12.0,5.0,8.0,13.0,8.0,7.0,7.0,0.0,3.0,0.0,0.0,2.3,3.1,3.4,2.43,3.08,3.5,,,,,,,,2021/2022
E0,2022-03-05,Liverpool,West Ham,1.0,0.0,H,22.0,13.0,5.0,5.0,7.0,7.0,4.0,6.0,2.0,1.0,0.0,0.0,1.28,5.75,9.5,1.3,5.99,10.58,,,,,,,,2021/2022
E0,2022-03-06,Watford,Arsenal,2.0,3.0,A,13.0,16.0,7.0,4.0,5.0,11.0,1.0,5.0,1.0,2.0,0.0,0.0,6.0,4.0,1.57,6.29,4.03,1.62,,,,,,,,2021/2022
E0,2022-03-06,Manchester City,Manchester United,4.0,1.0,H,24.0,5.0,10.0,2.0,10.0,14.0,9.0,3.0,0.0,1.0,0.0,0.0,1.4,4.75,7.5,1.43,4.9,8.34,,,,,,,,2021/2022
E0,2022-03-07,Tottenham,Everton,5.0,0.0,H,14.0,6.0,7.0,0.0,15.0,10.0,5.0,2.0,2.0,0.0,0.0,0.0,1.57,3.8,5.75,1.61,4.27,5.97,,,,,,,,2021/2022
E0,2022-03-10,Norwich,Chelsea,1.0,3.0,A,9.0,15.0,3.0,7.0,8.0,15.0,3.0,8.0,0.0,2.0,0.0,0.0,11.0,4.75,1.3,14.15,5.78,1.28,,,,,,,,2021/2022
E0,2022-03-10,Southampton,Newcastle,1.0,2.0,A,14.0,8.0,5.0,4.0,6.0,7.0,12.0,5.0,1.0,1.0,0.0,0.0,2.0,3.75,3.5,1.99,3.78,3.89,,,,,,,,2021/2022
E0,2022-03-10,Wolverhampton,Watford,4.0,0.0,H,10.0,9.0,5.0,0.0,11.0,10.0,5.0,2.0,2.0,2.0,0.0,0.0,1.75,3.6,4.5,1.84,3.56,5.02,,,,,,,,2021/2022
E0,2022-03-10,Leeds,Aston Villa,0.0,3.0,A,4.0,15.0,1.0,9.0,17.0,11.0,3.0,5.0,5.0,3.0,0.0,0.0,2.7,3.5,2.5,2.75,3.64,2.61,,,,,,,,2021/2022
E0,2022-03-12,Brighton,Liverpool,0.0,2.0,A,8.0,18.0,3.0,9.0,12.0,15.0,7.0,6.0,3.0,1.0,0.0,0.0,6.0,4.33,1.5,6.65,4.44,1.54,,,,,,,,2021/2022
E0,2022-03-12,Brentford,Burnley,2.0,0.0,H,13.0,7.0,4.0,1.0,6.0,10.0,2.0,9.0,1.0,1.0,0.0,1.0,2.15,3.2,3.6,2.25,3.2,3.78,,,,,,,,2021/2022
E0,2022-03-12,Manchester United,Tottenham,3.0,2.0,H,10.0,10.0,6.0,3.0,8.0,7.0,4.0,5.0,2.0,1.0,0.0,0.0,2.2,3.4,3.25,2.22,3.66,3.35,,,,,,,,2021/2022
E0,2022-03-13,Chelsea,Newcastle,1.0,0.0,H,8.0,7.0,3.0,2.0,17.0,16.0,7.0,2.0,4.0,3.0,0.0,0.0,1.3,5.25,11.0,1.34,5.17,10.18,,,,,,,,2021/2022
E0,2022-03-13,Everton,Wolverhampton,0.0,1.0,A,8.0,14.0,2.0,3.0,13.0,11.0,5.0,2.0,2.0,1.0,1.0,0.0,2.3,3.2,3.3,2.37,3.2,3.48,,,,,,,,2021/2022
E0,2022-03-13,Leeds,Norwich,2.0,1.0,H,13.0,12.0,7.0,4.0,18.0,8.0,6.0,2.0,3.0,1.0,0.0,0.0,1.55,4.2,5.75,1.65,4.12,5.7,,,,,,,,2021/2022
E0,2022-03-13,Southampton,Watford,1.0,2.0,A,13.0,9.0,7.0,5.0,8.0,12.0,11.0,3.0,3.0,2.0,0.0,0.0,1.6,4.2,5.25,1.61,4.33,5.82,,,,,,,,2021/2022
E0,2022-03-13,West Ham,Aston Villa,2.0,1.0,H,11.0,13.0,4.0,7.0,9.0,3.0,5.0,7.0,1.0,0.0,0.0,0.0,2.25,3.3,3.3,2.41,3.3,3.28,,,,,,,,2021/2022
E0,2022-03-13,Arsenal,Leicester,2.0,0.0,H,21.0,6.0,8.0,3.0,8.0,10.0,2.0,6.0,0.0,3.0,0.0,0.0,1.5,4.5,6.0,1.54,4.62,6.22,,,,,,,,2021/2022
E0,2022-03-14,Crystal Palace,Manchester City,0.0,0.0,D,7.0,18.0,1.0,4.0,6.0,11.0,2.0,6.0,3.0,1.0,0.0,0.0,10.0,5.0,1.33,9.58,5.7,1.34,,,,,,,,2021/2022
E0,2022-03-16,Brighton,Tottenham,0.0,2.0,A,15.0,17.0,0.0,7.0,11.0,9.0,6.0,3.0,2.0,2.0,0.0,0.0,3.3,3.3,2.25,3.38,3.37,2.33,,,,,,,,2021/2022
E0,2022-03-16,Arsenal,Liverpool,0.0,2.0,A,9.0,9.0,2.0,3.0,9.0,9.0,1.0,6.0,0.0,1.0,0.0,0.0,3.5,4.0,1.9,3.78,4.12,1.93,,,,,,,,2021/2022
E0,2022-03-17,Everton,Newcastle,1.0,0.0,H,9.0,17.0,3.0,6.0,13.0,11.0,5.0,7.0,2.0,1.0,1.0,0.0,2.4,3.25,3.1,2.4,3.38,3.22,,,,,,,,2021/2022
E0,2022-03-18,Wolverhampton,Leeds,2.0,3.0,A,14.0,15.0,8.0,6.0,13.0,14.0,2.0,5.0,1.0,4.0,1.0,0.0,2.1,3.5,3.4,2.17,3.53,3.6,,,,,,,,2021/2022
E0,2022-03-19,Aston Villa,Arsenal,0.0,1.0,A,8.0,10.0,1.0,3.0,13.0,14.0,6.0,5.0,3.0,3.0,0.0,0.0,3.0,3.3,2.4,3.06,3.48,2.45,,,,,,,,2021/2022
E0,2022-03-20,Leicester,Brentford,2.0,1.0,H,12.0,15.0,4.0,6.0,10.0,10.0,2.0,5.0,1.0,2.0,0.0,0.0,2.15,3.4,3.4,2.25,3.49,3.43,,,,,,,,2021/2022
E0,2022-03-20,Tottenham,West Ham,3.0,1.0,H,17.0,6.0,4.0,1.0,7.0,7.0,5.0,3.0,0.0,1.0,0.0,0.0,1.72,3.8,4.75,1.78,3.89,4.92,,,,,,,,2021/2022
E0,2022-04-02,Liverpool,Watford,2.0,0.0,H,20.0,5.0,3.0,2.0,9.0,8.0,9.0,3.0,1.0,1.0,0.0,0.0,1.12,9.5,17.0,1.13,9.86,23.62,,,,,,,,2021/2022
E0,2022-04-02,Brighton,Norwich,0.0,0.0,D,31.0,6.0,4.0,0.0,12.0,11.0,11.0,2.0,1.0,1.0,0.0,0.0,1.5,4.0,7.0,1.53,4.08,7.94,,,,,,,,2021/2022
E0,2022-04-02,Burnley,Manchester City,0.0,2.0,A,3.0,18.0,1.0,6.0,11.0,6.0,1.0,8.0,1.0,0.0,0.0,0.0,15.0,6.5,1.2,15.0,6.63,1.23,,,,,,,,2021/2022
E0,2022-04-02,Chelsea,Brentford,1.0,4.0,A,21.0,17.0,8.0,6.0,11.0,7.0,12.0,7.0,0.0,0.0,0.0,0.0,1.33,5.0,10.0,1.35,5.18,10.7,,,,,,,,2021/2022
E0,2022-04-02,Leeds,Southampton,1.0,1.0,D,12.0,14.0,3.0,6.0,14.0,7.0,4.0,7.0,1.0,1.0,0.0,0.0,2.37,3.75,2.75,2.39,3.69,3.01,,,,,,,,2021/2022
E0,2022-04-02,Wolverhampton,Aston Villa,2.0,1.0,H,11.0,15.0,5.0,5.0,15.0,8.0,4.0,9.0,4.0,3.0,0.0,0.0,3.0,3.1,2.55,3.11,3.13,2.63,,,,,,,,2021/2022
E0,2022-04-02,Manchester United,Leicester,1.0,1.0,D,11.0,11.0,5.0,3.0,13.0,6.0,6.0,5.0,2.0,2.0,0.0,0.0,1.5,4.5,6.0,1.52,4.71,6.41,,,,,,,,2021/2022
E0,2022-04-03,West Ham,Everton,2.0,1.0,H,11.0,13.0,5.0,2.0,9.0,12.0,2.0,4.0,1.0,1.0,0.0,1.0,1.75,3.8,4.5,1.81,3.84,4.77,,,,,,,,2021/2022
E0,2022-04-03,Tottenham,Newcastle,5.0,1.0,H,19.0,8.0,6.0,1.0,10.0,7.0,2.0,3.0,2.0,3.0,0.0,0.0,1.5,4.33,6.5,1.53,4.42,6.87,,,,,,,,2021/2022
E0,2022-04-04,Crystal Palace,Arsenal,3.0,0.0,H,6.0,12.0,5.0,3.0,11.0,15.0,0.0,2.0,0.0,2.0,0.0,0.0,4.0,3.4,1.95,4.15,3.51,2.01,,,,,,,,2021/2022
E0,2022-04-06,Burnley,Everton,3.0,2.0,H,13.0,16.0,4.0,4.0,11.0,16.0,9.0,6.0,2.0,2.0,0.0,0.0,2.62,3.1,2.87,2.54,3.23,3.13,,,,,,,,2021/2022
E0,2022-04-08,Newcastle,Wolverhampton,1.0,0.0,H,12.0,5.0,4.0,2.0,6.0,13.0,1.0,2.0,1.0,1.0,0.0,0.0,2.25,3.1,3.4,2.34,3.14,3.62,,,,,,,,2021/2022
E0,2022-04-09,Everton,Manchester United,1.0,0.0,H,7.0,12.0,3.0,4.0,4.0,10.0,5.0,7.0,2.0,2.0,0.0,0.0,4.6,3.75,1.75,4.52,3.89,1.83,,,,,,,,2021/2022
E0,2022-04-09,Arsenal,Brighton,1.0,2.0,A,20.0,8.0,4.0,3.0,12.0,19.0,11.0,2.0,3.0,4.0,0.0,0.0,1.61,3.8,5.75,1.67,3.95,5.85,,,,,,,,2021/2022
E0,2022-04-09,Southampton,Chelsea,0.0,6.0,A,4.0,24.0,1.0,14.0,11.0,10.0,3.0,3.0,1.0,0.0,0.0,0.0,3.8,3.6,1.95,4.08,3.76,1.95,,,,,,,,2021/2022
E0,2022-04-09,Watford,Leeds,0.0,3.0,A,8.0,10.0,1.0,5.0,8.0,12.0,3.0,8.0,2.0,0.0,0.0,0.0,2.7,3.4,2.55,2.75,3.6,2.63,,,,,,,,2021/2022
E0,2022-04-09,Aston Villa,Tottenham,0.0,4.0,A,9.0,11.0,8.0,5.0,12.0,14.0,9.0,3.0,2.0,3.0,0.0,0.0,3.2,3.4,2.25,3.23,3.6,2.3,,,,,,,,2021/2022
E0,2022-04-10,Brentford,West Ham,2.0,0.0,H,15.0,5.0,7.0,1.0,2.0,6.0,4.0,6.0,0.0,1.0,0.0,0.0,2.62,3.3,2.62,2.72,3.34,2.82,,,,,,,,2021/2022
E0,2022-04-10,Leicester,Crystal Palace,2.0,1.0,H,12.0,11.0,3.0,3.0,11.0,12.0,3.0,4.0,1.0,1.0,0.0,0.0,2.37,3.3,2.9,2.46,3.48,3.04,,,,,,,,2021/2022
E0,2022-04-10,Norwich,Burnley,2.0,0.0,H,17.0,18.0,6.0,4.0,12.0,10.0,6.0,7.0,1.0,1.0,0.0,0.0,2.87,3.2,2.55,3.1,3.18,2.6,,,,,,,,2021/2022
E0,2022-04-10,Manchester City,Liverpool,2.0,2.0,D,11.0,6.0,5.0,4.0,9.0,11.0,4.0,1.0,1.0,4.0,0.0,0.0,2.0,3.75,3.5,2.1,3.75,3.56,,,,,,,,2021/2022
E0,2022-04-16,Manchester United,Norwich,3.0,2.0,H,20.0,15.0,9.0,4.0,7.0,6.0,6.0,7.0,0.0,0.0,0.0,0.0,1.25,6.5,10.0,1.23,6.6,14.96,,,,,,,,2021/2022
E0,2022-04-16,Tottenham,Brighton,0.0,1.0,A,5.0,12.0,0.0,5.0,14.0,10.0,4.0,4.0,3.0,3.0,0.0,0.0,1.53,4.0,6.5,1.56,4.35,6.52,,,,,,,,2021/2022
E0,2022-04-16,Watford,Brentford,1.0,2.0,A,17.0,16.0,4.0,5.0,11.0,9.0,6.0,5.0,2.0,1.0,0.0,0.0,2.7,3.3,2.55,2.95,3.33,2.62,,,,,,,,2021/2022
E0,2022-04-16,Southampton,Arsenal,1.0,0.0,H,9.0,23.0,3.0,6.0,6.0,6.0,6.0,8.0,2.0,1.0,0.0,0.0,3.8,3.6,1.95,3.97,3.79,1.97,,,,,,,,2021/2022
E0,2022-04-17,Newcastle,Leicester,2.0,1.0,H,16.0,8.0,7.0,2.0,10.0,10.0,3.0,5.0,2.0,2.0,0.0,0.0,2.2,3.4,3.3,2.25,3.46,3.46,,,,,,,,2021/2022
E0,2022-04-17,West Ham,Burnley,1.0,1.0,D,21.0,9.0,8.0,1.0,9.0,10.0,13.0,4.0,2.0,2.0,0.0,0.0,1.7,3.8,5.0,1.73,3.99,5.11,,,,,,,,2021/2022
E0,2022-04-19,Liverpool,Manchester United,4.0,0.0,H,14.0,2.0,5.0,1.0,3.0,6.0,10.0,2.0,1.0,2.0,0.0,0.0,1.4,5.0,7.0,1.41,5.36,7.82,,,,,,,,2021/2022
E0,2022-04-20,Chelsea,Arsenal,2.0,4.0,A,11.0,14.0,2.0,4.0,7.0,6.0,6.0,1.0,3.0,1.0,0.0,0.0,1.83,3.6,4.33,1.88,3.77,4.42,,,,,,,,2021/2022
E0,2022-04-20,Everton,Leicester,1.0,1.0,D,13.0,11.0,3.0,3.0,8.0,17.0,5.0,4.0,3.0,1.0,0.0,0.0,2.25,3.4,3.25,2.32,3.52,3.26,,,,,,,,2021/2022
E0,2022-04-20,Newcastle,Crystal Palace,1.0,0.0,H,13.0,10.0,4.0,2.0,12.0,12.0,2.0,5.0,1.0,1.0,0.0,0.0,2.25,3.4,3.25,2.4,3.24,3.36,,,,,,,,2021/2022
E0,2022-04-20,Manchester City,Brighton,3.0,0.0,H,17.0,2.0,5.0,1.0,12.0,7.0,7.0,4.0,0.0,3.0,0.0,0.0,1.16,7.0,17.0,1.2,7.09,18.98,,,,,,,,2021/2022
E0,2022-04-21,Burnley,Southampton,2.0,0.0,H,16.0,11.0,6.0,3.0,7.0,7.0,10.0,10.0,2.0,2.0,0.0,0.0,2.75,3.25,2.62,2.75,3.48,2.69,,,,,,,,2021/2022
E0,2022-04-23,Arsenal,Manchester United,3.0,1.0,H,14.0,14.0,7.0,5.0,9.0,12.0,1.0,7.0,3.0,4.0,0.0,0.0,2.05,3.5,3.5,2.13,3.64,3.58,,,,,,,,2021/2022
E0,2022-04-23,Manchester City,Watford,5.0,1.0,H,21.0,5.0,8.0,2.0,9.0,7.0,11.0,4.0,1.0,0.0,0.0,0.0,1.1,10.0,26.0,1.13,9.68,27.79,,,,,,,,2021/2022
E0,2022-04-23,Brentford,Tottenham,0.0,0.0,D,15.0,9.0,2.0,0.0,8.0,7.0,12.0,8.0,2.0,1.0,0.0,0.0,4.33,3.5,1.85,4.39,3.78,1.88,,,,,,,,2021/2022
E0,2022-04-23,Norwich,Newcastle,0.0,3.0,A,5.0,13.0,2.0,7.0,11.0,10.0,2.0,3.0,0.0,2.0,0.0,0.0,3.5,3.3,2.15,3.62,3.39,2.22,,,,,,,,2021/2022
E0,2022-04-23,Leicester,Aston Villa,0.0,0.0,D,5.0,11.0,2.0,3.0,15.0,16.0,7.0,6.0,3.0,2.0,0.0,0.0,2.8,3.4,2.5,2.95,3.43,2.55,,,,,,,,2021/2022
E0,2022-04-24,Brighton,Southampton,2.0,2.0,D,8.0,18.0,5.0,5.0,12.0,7.0,6.0,6.0,1.0,0.0,0.0,0.0,2.1,3.4,3.6,2.19,3.34,3.76,,,,,,,,2021/2022
E0,2022-04-24,Burnley,Wolverhampton,1.0,0.0,H,14.0,10.0,5.0,4.0,8.0,7.0,3.0,6.0,3.0,1.0,0.0,0.0,2.7,3.0,2.87,2.73,3.15,2.95,,,,,,,,2021/2022
E0,2022-04-24,Chelsea,West Ham,1.0,0.0,H,26.0,6.0,5.0,2.0,11.0,9.0,3.0,1.0,1.0,0.0,0.0,1.0,1.5,4.33,6.5,1.53,4.53,6.68,,,,,,,,2021/2022
E0,2022-04-24,Liverpool,Everton,2.0,0.0,H,18.0,9.0,4.0,1.0,8.0,8.0,13.0,1.0,2.0,5.0,0.0,0.0,1.18,7.0,15.0,1.18,7.75,18.0,,,,,,,,2021/2022
E0,2022-04-25,Crystal Palace,Leeds,0.0,0.0,D,17.0,9.0,7.0,2.0,12.0,13.0,6.0,3.0,2.0,2.0,0.0,0.0,2.05,3.5,3.5,2.11,3.69,3.6,,,,,,,,2021/2022
E0,2022-04-28,Manchester United,Chelsea,1.0,1.0,D,6.0,21.0,3.0,6.0,9.0,12.0,2.0,9.0,0.0,1.0,0.0,0.0,3.2,3.4,2.25,3.23,3.68,2.27,,,,,,,,2021/2022
E0,2022-04-30,Newcastle,Liverpool,0.0,1.0,A,4.0,24.0,2.0,10.0,11.0,11.0,0.0,6.0,1.0,3.0,0.0,0.0,8.5,5.0,1.36,8.02,4.99,1.43,,,,,,,,2021/2022
E0,2022-04-30,Aston Villa,Norwich,2.0,0.0,H,21.0,9.0,6.0,3.0,16.0,8.0,2.0,3.0,4.0,1.0,0.0,0.0,1.4,4.5,9.0,1.4,5.12,8.47,,,,,,,,2021/2022
E0,2022-04-30,Southampton,Crystal Palace,1.0,2.0,A,8.0,14.0,3.0,5.0,13.0,11.0,6.0,7.0,1.0,3.0,0.0,0.0,2.4,3.3,3.1,2.47,3.35,3.13,,,,,,,,2021/2022
E0,2022-04-30,Watford,Burnley,1.0,2.0,A,13.0,17.0,1.0,6.0,13.0,9.0,5.0,6.0,1.0,2.0,0.0,0.0,2.6,3.3,2.75,2.71,3.4,2.78,,,,,,,,2021/2022
E0,2022-04-30,Wolverhampton,Brighton,0.0,3.0,A,11.0,17.0,1.0,9.0,6.0,4.0,7.0,3.0,2.0,1.0,0.0,0.0,2.7,3.2,2.75,2.77,3.23,2.85,,,,,,,,2021/2022
E0,2022-04-30,Leeds,Manchester City,0.0,4.0,A,7.0,19.0,2.0,6.0,13.0,3.0,3.0,6.0,1.0,2.0,0.0,0.0,8.5,6.0,1.3,9.72,6.15,1.32,,,,,,,,2021/2022
E0,2022-05-01,Tottenham,Leicester,3.0,1.0,H,13.0,6.0,7.0,2.0,13.0,8.0,7.0,3.0,2.0,3.0,0.0,0.0,1.44,4.75,7.0,1.45,4.99,7.29,,,,,,,,2021/2022
E0,2022-05-01,West Ham,Arsenal,1.0,2.0,A,8.0,13.0,3.0,7.0,8.0,9.0,3.0,7.0,2.0,2.0,0.0,0.0,4.33,3.8,1.8,4.68,3.92,1.8,,,,,,,,2021/2022
E0,2022-05-01,Everton,Chelsea,1.0,0.0,H,9.0,17.0,4.0,5.0,9.0,12.0,3.0,8.0,3.0,5.0,0.0,0.0,5.0,3.6,1.75,4.98,3.77,1.79,,,,,,,,2021/2022
E0,2022-05-02,Manchester United,Brentford,3.0,0.0,H,9.0,12.0,5.0,4.0,4.0,6.0,3.0,8.0,1.0,0.0,0.0,0.0,1.72,4.0,4.5,1.78,4.08,4.61,,,,,,,,2021/2022
E0,2022-05-07,Brentford,Southampton,3.0,0.0,H,18.0,19.0,5.0,4.0,12.0,9.0,4.0,7.0,0.0,1.0,0.0,0.0,2.15,3.5,3.3,2.25,3.42,3.5,,,,,,,,2021/2022
E0,2022-05-07,Burnley,Aston Villa,1.0,3.0,A,14.0,12.0,6.0,7.0,13.0,11.0,4.0,5.0,1.0,2.0,0.0,0.0,3.0,3.3,2.4,3.07,3.34,2.52,,,,,,,,2021/2022
E0,2022-05-07,Chelsea,Wolverhampton,2.0,2.0,D,19.0,14.0,6.0,4.0,7.0,11.0,9.0,3.0,1.0,3.0,0.0,0.0,1.33,5.0,9.5,1.36,5.1,10.4,,,,,,,,2021/2022
E0,2022-05-07,Crystal Palace,Watford,1.0,0.0,H,15.0,6.0,7.0,1.0,11.0,18.0,8.0,5.0,2.0,1.0,0.0,1.0,1.65,4.0,5.0,1.7,3.95,5.45,,,,,,,,2021/2022
E0,2022-05-07,Brighton,Manchester United,4.0,0.0,H,17.0,15.0,6.0,5.0,13.0,9.0,7.0,6.0,0.0,2.0,0.0,0.0,2.8,3.5,2.45,2.81,3.55,2.61,,,,,,,,2021/2022
E0,2022-05-07,Liverpool,Tottenham,1.0,1.0,D,22.0,8.0,3.0,3.0,12.0,8.0,11.0,5.0,3.0,2.0,0.0,0.0,1.4,5.0,7.0,1.46,5.11,6.95,,,,,,,,2021/2022
E0,2022-05-08,Leicester,Everton,1.0,2.0,A,16.0,10.0,9.0,4.0,11.0,6.0,6.0,1.0,3.0,0.0,0.0,0.0,2.6,3.3,2.75,2.71,3.35,2.82,,,,,,,,2021/2022
E0,2022-05-08,Norwich,West Ham,0.0,4.0,A,8.0,13.0,2.0,5.0,7.0,7.0,9.0,5.0,1.0,1.0,0.0,0.0,4.5,3.8,1.75,4.68,3.88,1.81,,,,,,,,2021/2022
E0,2022-05-08,Arsenal,Leeds,2.0,1.0,H,19.0,3.0,9.0,2.0,13.0,15.0,8.0,2.0,2.0,2.0,0.0,1.0,1.45,4.5,7.0,1.46,5.01,7.04,,,,,,,,2021/2022
E0,2022-05-08,Manchester City,Newcastle,5.0,0.0,H,21.0,7.0,9.0,3.0,6.0,11.0,8.0,2.0,1.0,3.0,0.0,0.0,1.16,7.0,17.0,1.19,7.66,17.22,,,,,,,,2021/2022
E0,2022-05-10,Aston Villa,Liverpool,1.0,2.0,A,9.0,17.0,4.0,6.0,10.0,12.0,2.0,3.0,0.0,0.0,0.0,0.0,7.5,4.75,1.4,7.54,5.0,1.44,,,,,,,,2021/2022
E0,2022-05-11,Leeds,Chelsea,0.0,3.0,A,5.0,17.0,0.0,4.0,10.0,14.0,1.0,5.0,1.0,0.0,1.0,0.0,4.75,4.2,1.65,5.15,4.25,1.68,,,,,,,,2021/2022
E0,2022-05-11,Leicester,Norwich,3.0,0.0,H,20.0,9.0,8.0,5.0,10.0,5.0,10.0,2.0,0.0,0.0,0.0,0.0,1.44,4.75,7.0,1.45,5.12,7.2,,,,,,,,2021/2022
E0,2022-05-11,Watford,Everton,0.0,0.0,D,6.0,16.0,0.0,5.0,5.0,12.0,1.0,13.0,1.0,2.0,0.0,0.0,4.2,3.6,1.83,4.43,3.73,1.88,,,,,,,,2021/2022
E0,2022-05-11,Wolverhampton,Manchester City,1.0,5.0,A,7.0,16.0,3.0,5.0,2.0,10.0,6.0,2.0,0.0,1.0,0.0,0.0,11.0,6.0,1.25,14.04,5.93,1.26,,,,,,,,2021/2022
E0,2022-05-12,Tottenham,Arsenal,3.0,0.0,H,16.0,8.0,6.0,4.0,8.0,15.0,2.0,2.0,1.0,3.0,0.0,1.0,2.05,3.75,3.5,2.18,3.61,3.49,,,,,,,,2021/2022
E0,2022-05-15,Tottenham,Burnley,1.0,0.0,H,21.0,8.0,8.0,1.0,12.0,8.0,8.0,2.0,3.0,2.0,0.0,0.0,1.33,5.25,9.0,1.34,5.53,9.3,,,,,,,,2021/2022
E0,2022-05-15,Aston Villa,Crystal Palace,1.0,1.0,D,13.0,16.0,4.0,4.0,11.0,15.0,1.0,5.0,1.0,3.0,0.0,0.0,2.0,3.5,3.75,2.09,3.56,3.72,,,,,,,,2021/2022
E0,2022-05-15,Everton,Brentford,2.0,3.0,A,10.0,18.0,5.0,7.0,8.0,8.0,5.0,2.0,0.0,3.0,2.0,0.0,2.05,3.6,3.5,2.13,3.62,3.55,,,,,,,,2021/2022
E0,2022-05-15,Leeds,Brighton,1.0,1.0,D,19.0,16.0,5.0,6.0,16.0,8.0,8.0,1.0,3.0,2.0,0.0,0.0,2.62,3.5,2.62,2.75,3.56,2.62,,,,,,,,2021/2022
E0,2022-05-15,West Ham,Manchester City,2.0,2.0,D,6.0,31.0,2.0,8.0,9.0,5.0,4.0,9.0,3.0,1.0,0.0,0.0,7.5,5.0,1.4,8.28,5.28,1.39,,,,,,,,2021/2022
E0,2022-05-15,Wolverhampton,Norwich,1.0,1.0,D,17.0,11.0,4.0,2.0,5.0,10.0,5.0,3.0,0.0,3.0,0.0,0.0,1.45,4.75,6.5,1.49,4.56,7.12,,,,,,,,2021/2022
E0,2022-05-15,Watford,Leicester,1.0,5.0,A,13.0,13.0,5.0,7.0,4.0,6.0,7.0,3.0,0.0,1.0,0.0,0.0,3.8,3.5,1.95,3.7,3.8,2.02,,,,,,,,2021/2022
E0,2022-05-16,Newcastle,Arsenal,2.0,0.0,H,16.0,11.0,4.0,2.0,11.0,8.0,12.0,8.0,0.0,3.0,0.0,0.0,4.33,3.6,1.83,4.31,3.72,1.89,,,,,,,,2021/2022
E0,2022-05-17,Southampton,Liverpool,1.0,2.0,A,4.0,24.0,2.0,5.0,6.0,6.0,1.0,9.0,2.0,0.0,0.0,0.0,7.5,5.5,1.33,8.15,5.53,1.38,,,,,,,,2021/2022
E0,2022-05-19,Everton,Crystal Palace,3.0,2.0,H,12.0,7.0,6.0,5.0,9.0,13.0,4.0,5.0,2.0,3.0,0.0,0.0,1.9,3.4,4.33,1.98,3.46,4.25,,,,,,,,2021/2022
E0,2022-05-19,Aston Villa,Burnley,1.0,1.0,D,22.0,10.0,9.0,5.0,11.0,20.0,13.0,6.0,0.0,1.0,0.0,1.0,2.05,3.5,3.6,2.07,3.59,3.75,,,,,,,,2021/2022
E0,2022-05-19,Chelsea,Leicester,1.0,1.0,D,20.0,2.0,7.0,1.0,13.0,7.0,6.0,0.0,4.0,1.0,0.0,0.0,1.4,4.75,8.0,1.39,4.97,9.07,,,,,,,,2021/2022
E0,2022-05-22,Chelsea,Watford,2.0,1.0,H,19.0,8.0,8.0,3.0,9.0,9.0,3.0,3.0,0.0,0.0,0.0,0.0,1.18,7.5,15.0,1.16,8.35,18.77,,,,,,,,2021/2022
E0,2022-05-22,Brentford,Leeds,1.0,2.0,A,14.0,14.0,5.0,6.0,11.0,13.0,3.0,2.0,2.0,1.0,1.0,0.0,2.45,3.8,2.62,2.38,3.9,2.85,,,,,,,,2021/2022
E0,2022-05-22,Brighton,West Ham,3.0,1.0,H,18.0,7.0,7.0,2.0,9.0,9.0,5.0,6.0,1.0,1.0,0.0,0.0,2.37,3.5,2.9,2.38,3.69,2.97,,,,,,,,2021/2022
E0,2022-05-22,Burnley,Newcastle,1.0,2.0,A,12.0,8.0,5.0,6.0,8.0,9.0,8.0,2.0,1.0,0.0,0.0,0.0,2.25,3.4,3.2,2.27,3.51,3.3,,,,,,,,2021/2022
E0,2022-05-22,Arsenal,Everton,5.0,1.0,H,26.0,6.0,9.0,2.0,8.0,9.0,12.0,2.0,0.0,1.0,0.0,0.0,1.36,4.75,9.0,1.37,5.13,9.24,,,,,,,,2021/2022
E0,2022-05-22,Crystal Palace,Manchester United,1.0,0.0,H,6.0,10.0,3.0,4.0,12.0,22.0,3.0,6.0,2.0,4.0,0.0,0.0,3.0,3.6,2.25,3.15,3.79,2.24,,,,,,,,2021/2022
E0,2022-05-22,Leicester,Southampton,4.0,1.0,H,12.0,7.0,6.0,2.0,10.0,5.0,3.0,3.0,0.0,1.0,0.0,0.0,1.85,4.0,3.8,1.88,4.13,3.91,,,,,,,,2021/2022
E0,2022-05-22,Liverpool,Wolverhampton,3.0,1.0,H,29.0,7.0,8.0,5.0,6.0,3.0,5.0,3.0,1.0,0.0,0.0,0.0,1.14,8.5,15.0,1.15,8.49,21.36,,,,,,,,2021/2022
E0,2022-05-22,Norwich,Tottenham,0.0,5.0,A,9.0,19.0,0.0,13.0,13.0,7.0,3.0,2.0,3.0,1.0,0.0,0.0,9.5,6.5,1.25,11.2,6.23,1.27,,,,,,,,2021/2022
E0,2022-05-22,Manchester City,Aston Villa,3.0,2.0,H,24.0,4.0,5.0,2.0,5.0,11.0,13.0,1.0,0.0,1.0,0.0,0.0,1.16,8.0,17.0,1.15,8.74,20.27,,,,,,,,2021/2022
E0,2022-08-05,Crystal Palace,Arsenal,0.0,2.0,A,10.0,10.0,2.0,2.0,16.0,11.0,3.0,5.0,1.0,2.0,0.0,0.0,4.2,3.6,1.85,4.5,3.65,1.89,,,,,,,,2022/2023
E0,2022-08-06,Fulham,Liverpool,2.0,2.0,D,9.0,11.0,3.0,4.0,7.0,9.0,4.0,4.0,2.0,0.0,0.0,0.0,11.0,6.0,1.25,11.2,6.22,1.28,,,,,,,,2022/2023
E0,2022-08-06,Bournemouth,Aston Villa,2.0,0.0,H,7.0,15.0,3.0,2.0,18.0,16.0,5.0,5.0,3.0,3.0,0.0,0.0,3.75,3.5,2.0,3.93,3.58,2.04,,,,,,,,2022/2023
E0,2022-08-06,Leeds,Wolverhampton,2.0,1.0,H,12.0,15.0,4.0,6.0,13.0,9.0,6.0,4.0,2.0,0.0,0.0,0.0,2.25,3.4,3.2,2.39,3.33,3.3,,,,,,,,2022/2023
E0,2022-08-06,Newcastle,Nott'm Forest,2.0,0.0,H,23.0,5.0,10.0,0.0,9.0,14.0,11.0,1.0,0.0,3.0,0.0,0.0,1.66,3.8,5.25,1.71,3.74,5.83,,,,,,,,2022/2023
E0,2022-08-06,Tottenham,Southampton,4.0,1.0,H,18.0,10.0,8.0,2.0,11.0,6.0,10.0,2.0,3.0,0.0,0.0,0.0,1.33,5.5,8.5,1.37,5.39,9.11,,,,,,,,2022/2023
E0,2022-08-06,Everton,Chelsea,0.0,1.0,A,8.0,15.0,4.0,6.0,14.0,11.0,4.0,16.0,3.0,2.0,0.0,0.0,5.5,4.0,1.61,6.04,4.06,1.63,,,,,,,,2022/2023
E0,2022-08-07,Leicester,Brentford,2.0,2.0,D,14.0,8.0,5.0,3.0,6.0,5.0,5.0,6.0,0.0,0.0,0.0,0.0,2.0,3.75,3.5,2.07,3.69,3.74,,,,,,,,2022/2023
E0,2022-08-07,Manchester United,Brighton,1.0,2.0,A,17.0,15.0,5.0,4.0,7.0,12.0,6.0,2.0,4.0,1.0,0.0,0.0,1.6,4.2,5.25,1.65,4.14,5.68,,,,,,,,2022/2023
E0,2022-08-07,West Ham,Manchester City,0.0,2.0,A,6.0,14.0,1.0,2.0,8.0,4.0,1.0,4.0,0.0,1.0,0.0,0.0,8.0,5.0,1.36,8.58,5.48,1.38,,,,,,,,2022/2023
E0,2022-08-13,Arsenal,Leicester,4.0,2.0,H,19.0,6.0,7.0,2.0,15.0,9.0,6.0,2.0,1.0,1.0,0.0,0.0,1.53,4.33,5.75,1.58,4.34,6.22,,,,,,,,2022/2023
E0,2022-08-13,Aston Villa,Everton,2.0,1.0,H,12.0,15.0,4.0,4.0,9.0,7.0,5.0,8.0,4.0,1.0,0.0,0.0,1.8,3.5,4.75,1.83,3.55,5.12,,,,,,,,2022/2023
E0,2022-08-13,Manchester City,Bournemouth,4.0,0.0,H,19.0,3.0,7.0,1.0,9.0,9.0,11.0,1.0,0.0,3.0,0.0,0.0,1.06,13.0,29.0,1.07,13.82,41.0,,,,,,,,2022/2023
E0,2022-08-13,Southampton,Leeds,2.0,2.0,D,14.0,13.0,4.0,5.0,10.0,12.0,2.0,5.0,1.0,3.0,0.0,0.0,2.25,3.5,3.1,2.34,3.55,3.18,,,,,,,,2022/2023
E0,2022-08-13,Brighton,Newcastle,0.0,0.0,D,13.0,4.0,7.0,1.0,8.0,6.0,7.0,3.0,2.0,3.0,0.0,0.0,2.45,3.2,3.0,2.48,3.24,3.22,,,,,,,,2022/2023
E0,2022-08-13,Brentford,Manchester United,4.0,0.0,H,13.0,15.0,7.0,4.0,6.0,15.0,8.0,2.0,0.0,4.0,0.0,0.0,3.75,3.5,2.0,3.82,3.64,2.06,,,,,,,,2022/2023
E0,2022-08-13,Wolverhampton,Fulham,0.0,0.0,D,7.0,9.0,1.0,3.0,7.0,14.0,5.0,3.0,3.0,3.0,0.0,0.0,2.3,3.3,3.2,2.44,3.24,3.29,,,,,,,,2022/2023
E0,2022-08-14,Nott'm Forest,West Ham,1.0,0.0,H,13.0,19.0,6.0,5.0,10.0,11.0,6.0,7.0,4.0,1.0,0.0,0.0,4.2,3.6,1.85,4.28,3.72,1.92,,,,,,,,2022/2023
E0,2022-08-14,Chelsea,Tottenham,2.0,2.0,D,16.0,10.0,3.0,5.0,9.0,9.0,8.0,5.0,3.0,0.0,0.0,0.0,2.25,3.4,3.2,2.28,3.52,3.35,,,,,,,,2022/2023
E0,2022-08-15,Liverpool,Crystal Palace,1.0,1.0,D,24.0,7.0,4.0,3.0,7.0,8.0,4.0,2.0,2.0,4.0,1.0,0.0,1.18,6.75,16.0,1.2,7.09,18.57,,,,,,,,2022/2023
E0,2022-08-20,Tottenham,Wolverhampton,1.0,0.0,H,11.0,20.0,4.0,3.0,10.0,8.0,8.0,6.0,2.0,2.0,0.0,0.0,1.4,4.75,7.5,1.43,4.94,7.95,,,,,,,,2022/2023
E0,2022-08-20,Crystal Palace,Aston Villa,3.0,1.0,H,17.0,13.0,9.0,5.0,16.0,14.0,4.0,2.0,2.0,1.0,0.0,0.0,2.5,3.25,2.9,2.58,3.19,3.12,,,,,,,,2022/2023
E0,2022-08-20,Everton,Nott'm Forest,1.0,1.0,D,19.0,14.0,8.0,5.0,6.0,9.0,6.0,2.0,3.0,2.0,0.0,0.0,1.9,3.6,4.0,2.0,3.45,4.27,,,,,,,,2022/2023
E0,2022-08-20,Fulham,Brentford,3.0,2.0,H,18.0,13.0,9.0,5.0,13.0,7.0,6.0,3.0,3.0,2.0,0.0,0.0,2.45,3.4,2.9,2.52,3.53,2.93,,,,,,,,2022/2023
E0,2022-08-20,Leicester,Southampton,1.0,2.0,A,6.0,9.0,1.0,3.0,11.0,15.0,2.0,5.0,2.0,3.0,0.0,0.0,1.83,4.0,4.0,1.86,4.09,4.12,,,,,,,,2022/2023
E0,2022-08-20,Bournemouth,Arsenal,0.0,3.0,A,6.0,14.0,1.0,6.0,12.0,10.0,3.0,4.0,2.0,1.0,0.0,0.0,8.0,4.75,1.4,7.55,4.8,1.46,,,,,,,,2022/2023
E0,2022-08-21,Leeds,Chelsea,3.0,0.0,H,12.0,14.0,6.0,3.0,16.0,15.0,4.0,6.0,0.0,1.0,0.0,1.0,5.75,4.5,1.53,6.23,4.6,1.54,,,,,,,,2022/2023
E0,2022-08-21,West Ham,Brighton,0.0,2.0,A,13.0,11.0,3.0,2.0,10.0,7.0,5.0,4.0,2.0,0.0,0.0,0.0,2.3,3.4,3.1,2.34,3.52,3.22,,,,,,,,2022/2023
E0,2022-08-21,Newcastle,Manchester City,3.0,3.0,D,12.0,21.0,6.0,10.0,14.0,7.0,5.0,5.0,4.0,2.0,0.0,0.0,7.5,5.0,1.36,9.43,5.22,1.37,,,,,,,,2022/2023
E0,2022-08-22,Manchester United,Liverpool,2.0,1.0,H,12.0,17.0,4.0,5.0,11.0,7.0,6.0,8.0,3.0,1.0,0.0,0.0,5.25,4.33,1.6,5.39,4.35,1.64,,,,,,,,2022/2023
E0,2022-08-27,Manchester City,Crystal Palace,4.0,2.0,H,18.0,2.0,5.0,2.0,14.0,8.0,6.0,1.0,1.0,2.0,0.0,0.0,1.18,7.5,13.0,1.2,7.5,16.26,,,,,,,,2022/2023
E0,2022-08-27,Arsenal,Fulham,2.0,1.0,H,22.0,11.0,8.0,3.0,6.0,12.0,9.0,2.0,2.0,3.0,0.0,0.0,1.3,5.75,9.0,1.33,5.83,9.75,,,,,,,,2022/2023
E0,2022-08-27,Southampton,Manchester United,0.0,1.0,A,17.0,11.0,5.0,6.0,4.0,14.0,5.0,3.0,0.0,3.0,0.0,0.0,4.2,4.0,1.8,4.31,4.0,1.85,,,,,,,,2022/2023
E0,2022-08-27,Brentford,Everton,1.0,1.0,D,19.0,14.0,5.0,7.0,8.0,8.0,8.0,5.0,2.0,2.0,0.0,0.0,2.0,3.5,3.75,2.1,3.49,3.84,,,,,,,,2022/2023
E0,2022-08-27,Brighton,Leeds,1.0,0.0,H,13.0,10.0,4.0,2.0,10.0,14.0,5.0,3.0,2.0,3.0,0.0,0.0,1.9,3.8,3.8,1.93,3.72,4.24,,,,,,,,2022/2023
E0,2022-08-27,Chelsea,Leicester,2.0,1.0,H,7.0,17.0,3.0,5.0,10.0,7.0,3.0,11.0,1.0,2.0,1.0,0.0,1.4,5.0,7.0,1.45,4.86,7.66,,,,,,,,2022/2023
E0,2022-08-27,Liverpool,Bournemouth,9.0,0.0,H,19.0,5.0,12.0,2.0,6.0,5.0,8.0,1.0,0.0,1.0,0.0,0.0,1.1,10.0,26.0,1.13,10.48,23.11,,,,,,,,2022/2023
E0,2022-08-28,Nott'm Forest,Tottenham,0.0,2.0,A,17.0,18.0,1.0,7.0,11.0,13.0,6.0,1.0,6.0,1.0,0.0,0.0,7.0,4.6,1.44,7.15,4.63,1.49,,,,,,,,2022/2023
E0,2022-08-28,Aston Villa,West Ham,0.0,1.0,A,9.0,7.0,3.0,2.0,10.0,10.0,3.0,2.0,2.0,0.0,0.0,0.0,2.3,3.4,3.1,2.41,3.41,3.18,,,,,,,,2022/2023
E0,2022-08-28,Wolverhampton,Newcastle,1.0,1.0,D,10.0,21.0,4.0,6.0,10.0,11.0,4.0,13.0,2.0,1.0,0.0,0.0,2.7,3.3,2.7,2.76,3.32,2.79,,,,,,,,2022/2023
E0,2022-08-30,Crystal Palace,Brentford,1.0,1.0,D,13.0,9.0,4.0,3.0,11.0,8.0,4.0,6.0,1.0,2.0,0.0,0.0,2.05,3.4,3.6,2.11,3.47,3.83,,,,,,,,2022/2023
E0,2022-08-30,Fulham,Brighton,2.0,1.0,H,10.0,7.0,3.0,4.0,9.0,11.0,3.0,3.0,2.0,1.0,0.0,0.0,3.1,3.3,2.3,3.26,3.44,2.36,,,,,,,,2022/2023
E0,2022-08-30,Southampton,Chelsea,2.0,1.0,H,9.0,10.0,7.0,4.0,15.0,10.0,5.0,3.0,2.0,1.0,0.0,0.0,5.25,4.0,1.61,5.28,4.24,1.67,,,,,,,,2022/2023
E0,2022-08-30,Leeds,Everton,1.0,1.0,D,14.0,7.0,5.0,2.0,10.0,9.0,10.0,2.0,3.0,3.0,0.0,0.0,2.15,3.5,3.3,2.16,3.61,3.53,,,,,,,,2022/2023
E0,2022-08-31,Arsenal,Aston Villa,2.0,1.0,H,22.0,4.0,9.0,3.0,10.0,14.0,10.0,3.0,2.0,3.0,0.0,0.0,1.45,4.5,6.0,1.5,4.67,6.97,,,,,,,,2022/2023
E0,2022-08-31,Bournemouth,Wolverhampton,0.0,0.0,D,5.0,17.0,2.0,4.0,12.0,12.0,2.0,5.0,2.0,1.0,0.0,0.0,3.5,3.3,2.15,3.52,3.43,2.24,,,,,,,,2022/2023
E0,2022-08-31,Manchester City,Nott'm Forest,6.0,0.0,H,17.0,8.0,9.0,1.0,9.0,7.0,10.0,1.0,0.0,1.0,0.0,0.0,1.06,13.0,29.0,1.08,13.43,31.06,,,,,,,,2022/2023
E0,2022-08-31,West Ham,Tottenham,1.0,1.0,D,14.0,13.0,4.0,4.0,10.0,9.0,3.0,4.0,2.0,5.0,0.0,0.0,3.6,3.8,1.95,3.67,3.84,2.04,,,,,,,,2022/2023
E0,2022-08-31,Liverpool,Newcastle,2.0,1.0,H,23.0,5.0,6.0,2.0,9.0,10.0,13.0,0.0,0.0,2.0,0.0,0.0,1.33,5.25,9.0,1.33,5.89,9.75,,,,,,,,2022/2023
E0,2022-09-01,Leicester,Manchester United,0.0,1.0,A,10.0,9.0,2.0,2.0,7.0,15.0,1.0,3.0,1.0,3.0,0.0,0.0,3.4,3.75,2.05,3.45,3.86,2.11,,,,,,,,2022/2023
E0,2022-09-03,Wolverhampton,Southampton,1.0,0.0,H,7.0,12.0,2.0,1.0,10.0,14.0,5.0,6.0,4.0,2.0,0.0,0.0,2.2,3.4,3.25,2.3,3.41,3.41,,,,,,,,2022/2023
E0,2022-09-03,Nott'm Forest,Bournemouth,2.0,3.0,A,11.0,8.0,3.0,3.0,13.0,10.0,4.0,6.0,2.0,1.0,0.0,0.0,1.95,3.5,3.8,2.05,3.51,4.0,,,,,,,,2022/2023
E0,2022-09-03,Brentford,Leeds,5.0,2.0,H,14.0,17.0,8.0,6.0,8.0,9.0,2.0,6.0,2.0,2.0,0.0,0.0,2.1,3.5,3.4,2.21,3.59,3.44,,,,,,,,2022/2023
E0,2022-09-03,Newcastle,Crystal Palace,0.0,0.0,D,23.0,19.0,6.0,9.0,19.0,12.0,13.0,5.0,2.0,1.0,0.0,0.0,2.0,3.5,3.75,2.1,3.44,3.89,,,,,,,,2022/2023
E0,2022-09-03,Chelsea,West Ham,2.0,1.0,H,8.0,6.0,3.0,3.0,6.0,11.0,10.0,3.0,4.0,2.0,0.0,0.0,1.55,4.5,5.5,1.58,4.37,6.17,,,,,,,,2022/2023
E0,2022-09-03,Tottenham,Fulham,2.0,1.0,H,23.0,9.0,10.0,3.0,9.0,6.0,10.0,3.0,3.0,4.0,0.0,0.0,1.5,4.5,6.5,1.52,4.63,6.51,,,,,,,,2022/2023
E0,2022-09-03,Aston Villa,Manchester City,1.0,1.0,D,3.0,13.0,1.0,4.0,7.0,6.0,1.0,4.0,2.0,0.0,0.0,0.0,8.0,5.5,1.33,9.25,5.98,1.33,,,,,,,,2022/2023
E0,2022-09-03,Everton,Liverpool,0.0,0.0,D,14.0,23.0,3.0,8.0,7.0,11.0,7.0,9.0,2.0,2.0,0.0,0.0,7.0,4.75,1.4,8.08,5.21,1.41,,,,,,,,2022/2023
E0,2022-09-04,Brighton,Leicester,5.0,2.0,H,23.0,6.0,11.0,4.0,6.0,8.0,10.0,1.0,1.0,1.0,0.0,0.0,1.83,3.5,4.5,1.85,3.63,4.85,,,,,,,,2022/2023
E0,2022-09-04,Manchester United,Arsenal,3.0,1.0,H,10.0,16.0,6.0,3.0,13.0,9.0,2.0,5.0,3.0,3.0,0.0,0.0,2.5,3.5,2.7,2.7,3.58,2.68,,,,,,,,2022/2023
E0,2022-09-16,Aston Villa,Southampton,1.0,0.0,H,11.0,7.0,3.0,1.0,13.0,13.0,6.0,3.0,3.0,1.0,0.0,0.0,2.1,3.5,3.5,2.14,3.62,3.6,,,,,,,,2022/2023
E0,2022-09-16,Nott'm Forest,Fulham,2.0,3.0,A,11.0,15.0,3.0,7.0,11.0,10.0,2.0,10.0,2.0,4.0,0.0,0.0,2.75,3.3,2.62,2.82,3.43,2.67,,,,,,,,2022/2023
E0,2022-09-17,Tottenham,Leicester,6.0,2.0,H,16.0,19.0,11.0,7.0,9.0,9.0,6.0,1.0,1.0,2.0,0.0,0.0,1.45,4.5,7.0,1.52,4.46,7.04,,,,,,,,2022/2023
E0,2022-09-17,Wolverhampton,Manchester City,0.0,3.0,A,6.0,16.0,1.0,7.0,7.0,9.0,5.0,7.0,2.0,1.0,1.0,0.0,9.5,5.0,1.33,9.3,5.52,1.36,,,,,,,,2022/2023
E0,2022-09-17,Newcastle,Bournemouth,1.0,1.0,D,20.0,10.0,7.0,3.0,10.0,11.0,8.0,1.0,2.0,2.0,0.0,0.0,1.44,4.4,7.5,1.49,4.56,7.5,,,,,,,,2022/2023
E0,2022-09-18,Brentford,Arsenal,0.0,3.0,A,5.0,13.0,2.0,7.0,10.0,10.0,3.0,3.0,0.0,2.0,0.0,0.0,4.2,3.8,1.8,4.46,3.98,1.83,,,,,,,,2022/2023
E0,2022-09-18,Everton,West Ham,1.0,0.0,H,7.0,14.0,2.0,4.0,8.0,11.0,5.0,14.0,3.0,1.0,0.0,0.0,2.9,3.25,2.5,2.96,3.39,2.57,,,,,,,,2022/2023
E0,2022-10-01,Arsenal,Tottenham,3.0,1.0,H,22.0,7.0,9.0,3.0,10.0,10.0,5.0,2.0,2.0,1.0,0.0,1.0,2.05,3.75,3.3,2.13,3.65,3.57,,,,,,,,2022/2023
E0,2022-10-01,Bournemouth,Brentford,0.0,0.0,D,7.0,13.0,1.0,4.0,11.0,10.0,7.0,8.0,1.0,2.0,0.0,0.0,3.3,3.4,2.2,3.45,3.49,2.25,,,,,,,,2022/2023
E0,2022-10-01,Crystal Palace,Chelsea,1.0,2.0,A,7.0,13.0,3.0,3.0,11.0,13.0,5.0,2.0,1.0,3.0,0.0,0.0,4.2,3.6,1.85,4.42,3.56,1.93,,,,,,,,2022/2023
E0,2022-10-01,Fulham,Newcastle,1.0,4.0,A,3.0,19.0,1.0,10.0,9.0,10.0,1.0,8.0,2.0,0.0,1.0,0.0,3.0,3.4,2.37,3.11,3.57,2.38,,,,,,,,2022/2023
E0,2022-10-01,Liverpool,Brighton,3.0,3.0,D,15.0,6.0,7.0,6.0,9.0,13.0,9.0,2.0,1.0,1.0,0.0,0.0,1.33,5.25,8.5,1.38,5.49,8.42,,,,,,,,2022/2023
E0,2022-10-01,Southampton,Everton,1.0,2.0,A,22.0,12.0,6.0,5.0,11.0,10.0,7.0,6.0,2.0,2.0,0.0,0.0,2.15,3.4,3.4,2.23,3.48,3.49,,,,,,,,2022/2023
E0,2022-10-01,West Ham,Wolverhampton,2.0,0.0,H,18.0,15.0,5.0,4.0,8.0,6.0,1.0,6.0,2.0,2.0,0.0,0.0,1.95,3.5,4.2,2.01,3.42,4.31,,,,,,,,2022/2023
E0,2022-10-02,Manchester City,Manchester United,6.0,3.0,H,22.0,12.0,10.0,8.0,3.0,9.0,5.0,1.0,0.0,3.0,0.0,0.0,1.33,5.75,7.5,1.37,5.91,7.74,,,,,,,,2022/2023
E0,2022-10-02,Leeds,Aston Villa,0.0,0.0,D,9.0,19.0,1.0,7.0,23.0,12.0,2.0,9.0,3.0,2.0,1.0,0.0,2.35,3.4,3.0,2.43,3.44,3.12,,,,,,,,2022/2023
E0,2022-10-03,Leicester,Nott'm Forest,4.0,0.0,H,17.0,10.0,7.0,3.0,13.0,12.0,6.0,6.0,2.0,4.0,0.0,0.0,1.75,4.0,4.33,1.78,4.2,4.48,,,,,,,,2022/2023
E0,2022-10-08,Manchester City,Southampton,4.0,0.0,H,21.0,5.0,8.0,0.0,4.0,8.0,9.0,1.0,0.0,1.0,0.0,0.0,1.11,10.0,17.0,1.13,10.77,20.4,,,,,,,,2022/2023
E0,2022-10-08,Chelsea,Wolverhampton,3.0,0.0,H,20.0,8.0,7.0,2.0,8.0,8.0,4.0,2.0,2.0,0.0,0.0,0.0,1.4,4.5,8.0,1.41,4.92,8.68,,,,,,,,2022/2023
E0,2022-10-08,Brighton,Tottenham,0.0,1.0,A,14.0,8.0,4.0,3.0,9.0,14.0,6.0,2.0,1.0,2.0,0.0,0.0,2.8,3.4,2.5,2.82,3.45,2.65,,,,,,,,2022/2023
E0,2022-10-08,Newcastle,Brentford,5.0,1.0,H,16.0,6.0,6.0,3.0,14.0,9.0,9.0,5.0,0.0,1.0,0.0,0.0,1.83,3.8,4.2,1.81,3.99,4.55,,,,,,,,2022/2023
E0,2022-10-08,Bournemouth,Leicester,2.0,1.0,H,10.0,9.0,4.0,5.0,8.0,16.0,7.0,2.0,1.0,2.0,0.0,0.0,3.6,3.4,2.05,3.64,3.7,2.09,,,,,,,,2022/2023
E0,2022-10-09,Crystal Palace,Leeds,2.0,1.0,H,13.0,10.0,5.0,4.0,13.0,23.0,5.0,3.0,3.0,3.0,0.0,0.0,2.05,3.5,3.6,2.06,3.68,3.76,,,,,,,,2022/2023
E0,2022-10-09,West Ham,Fulham,3.0,1.0,H,17.0,8.0,8.0,2.0,9.0,7.0,4.0,2.0,1.0,3.0,0.0,0.0,1.72,3.8,4.75,1.79,3.9,4.82,,,,,,,,2022/2023
E0,2022-10-09,Arsenal,Liverpool,3.0,2.0,H,11.0,8.0,7.0,3.0,11.0,11.0,4.0,3.0,1.0,2.0,0.0,0.0,2.5,3.6,2.62,2.67,3.69,2.66,,,,,,,,2022/2023
E0,2022-10-09,Everton,Manchester United,1.0,2.0,A,11.0,12.0,2.0,4.0,7.0,13.0,5.0,4.0,2.0,1.0,0.0,0.0,3.6,3.5,2.05,3.62,3.67,2.11,,,,,,,,2022/2023
E0,2022-10-10,Nott'm Forest,Aston Villa,1.0,1.0,D,6.0,12.0,3.0,2.0,13.0,19.0,1.0,4.0,3.0,3.0,0.0,0.0,3.3,3.4,2.2,3.4,3.6,2.22,,,,,,,,2022/2023
E0,2022-10-14,Brentford,Brighton,2.0,0.0,H,7.0,21.0,3.0,7.0,12.0,15.0,2.0,11.0,3.0,1.0,0.0,0.0,3.1,3.4,2.3,3.32,3.52,2.29,,,,,,,,2022/2023
E0,2022-10-15,Leicester,Crystal Palace,0.0,0.0,D,14.0,8.0,5.0,1.0,18.0,13.0,9.0,2.0,2.0,2.0,0.0,0.0,2.3,3.4,3.1,2.38,3.55,3.12,,,,,,,,2022/2023
E0,2022-10-15,Fulham,Bournemouth,2.0,2.0,D,19.0,10.0,4.0,6.0,9.0,11.0,5.0,6.0,2.0,0.0,0.0,0.0,1.85,3.75,4.0,1.92,3.77,4.23,,,,,,,,2022/2023
E0,2022-10-15,Wolverhampton,Nott'm Forest,1.0,0.0,H,9.0,10.0,2.0,2.0,17.0,13.0,4.0,5.0,2.0,2.0,0.0,0.0,1.7,3.75,5.0,1.74,3.78,5.41,,,,,,,,2022/2023
E0,2022-10-15,Tottenham,Everton,2.0,0.0,H,21.0,4.0,7.0,0.0,12.0,13.0,7.0,1.0,1.0,4.0,0.0,0.0,1.5,4.5,6.5,1.48,4.67,7.26,,,,,,,,2022/2023
E0,2022-10-16,Aston Villa,Chelsea,0.0,2.0,A,18.0,8.0,7.0,4.0,12.0,11.0,7.0,1.0,0.0,3.0,0.0,0.0,4.33,3.75,1.8,4.78,3.65,1.85,,,,,,,,2022/2023
E0,2022-10-16,Leeds,Arsenal,0.0,1.0,A,16.0,9.0,4.0,4.0,10.0,11.0,6.0,3.0,0.0,2.0,0.0,0.0,6.0,4.2,1.55,6.23,4.49,1.56,,,,,,,,2022/2023
E0,2022-10-16,Manchester United,Newcastle,0.0,0.0,D,15.0,9.0,2.0,2.0,13.0,11.0,4.0,4.0,3.0,1.0,0.0,0.0,1.95,3.8,3.5,2.04,3.71,3.8,,,,,,,,2022/2023
E0,2022-10-16,Southampton,West Ham,1.0,1.0,D,10.0,25.0,8.0,4.0,7.0,3.0,4.0,14.0,1.0,1.0,0.0,0.0,2.9,3.4,2.4,3.08,3.42,2.47,,,,,,,,2022/2023
E0,2022-10-16,Liverpool,Manchester City,1.0,0.0,H,13.0,16.0,2.0,6.0,10.0,7.0,5.0,6.0,3.0,1.0,0.0,0.0,3.6,4.0,1.9,4.0,4.11,1.88,,,,,,,,2022/2023
E0,2022-10-18,Brighton,Nott'm Forest,0.0,0.0,D,19.0,3.0,7.0,0.0,10.0,14.0,9.0,1.0,3.0,1.0,0.0,0.0,1.4,4.75,7.0,1.39,5.17,8.97,,,,,,,,2022/2023
E0,2022-10-18,Crystal Palace,Wolverhampton,2.0,1.0,H,14.0,10.0,4.0,4.0,14.0,18.0,4.0,3.0,3.0,1.0,0.0,0.0,2.25,3.1,3.4,2.32,3.21,3.58,,,,,,,,2022/2023
E0,2022-10-19,Bournemouth,Southampton,0.0,1.0,A,15.0,9.0,3.0,3.0,8.0,13.0,7.0,3.0,1.0,3.0,0.0,0.0,2.62,3.3,2.62,2.76,3.4,2.74,,,,,,,,2022/2023
E0,2022-10-19,Manchester United,Tottenham,2.0,0.0,H,28.0,9.0,10.0,2.0,7.0,7.0,8.0,3.0,1.0,0.0,0.0,0.0,2.45,3.5,2.75,2.49,3.59,2.93,,,,,,,,2022/2023
E0,2022-10-19,Brentford,Chelsea,0.0,0.0,D,8.0,14.0,5.0,5.0,7.0,7.0,6.0,2.0,0.0,0.0,0.0,0.0,4.75,3.8,1.72,4.85,3.93,1.78,,,,,,,,2022/2023
E0,2022-10-19,Newcastle,Everton,1.0,0.0,H,16.0,1.0,4.0,0.0,9.0,12.0,8.0,2.0,2.0,4.0,0.0,0.0,1.6,3.8,5.75,1.65,4.06,5.81,,,,,,,,2022/2023
E0,2022-10-19,Liverpool,West Ham,1.0,0.0,H,22.0,8.0,7.0,3.0,9.0,8.0,8.0,3.0,0.0,0.0,0.0,0.0,1.4,5.0,7.0,1.45,5.1,7.08,,,,,,,,2022/2023
E0,2022-10-20,Fulham,Aston Villa,3.0,0.0,H,18.0,12.0,8.0,6.0,11.0,11.0,9.0,7.0,0.0,2.0,0.0,1.0,2.9,3.3,2.5,2.94,3.47,2.54,,,,,,,,2022/2023
E0,2022-10-20,Leicester,Leeds,2.0,0.0,H,5.0,14.0,1.0,2.0,15.0,11.0,2.0,9.0,2.0,1.0,0.0,0.0,2.25,3.6,3.0,2.36,3.65,3.08,,,,,,,,2022/2023
E0,2022-10-22,Nott'm Forest,Liverpool,1.0,0.0,H,10.0,15.0,7.0,7.0,14.0,8.0,2.0,11.0,2.0,1.0,0.0,0.0,11.0,6.0,1.25,11.14,5.8,1.3,,,,,,,,2022/2023
E0,2022-10-22,Everton,Crystal Palace,3.0,0.0,H,9.0,9.0,6.0,2.0,16.0,14.0,3.0,4.0,3.0,4.0,0.0,0.0,2.6,3.2,2.87,2.69,3.19,2.97,,,,,,,,2022/2023
E0,2022-10-22,Manchester City,Brighton,3.0,1.0,H,10.0,8.0,4.0,2.0,11.0,12.0,7.0,3.0,1.0,3.0,0.0,0.0,1.2,7.0,13.0,1.21,7.21,15.39,,,,,,,,2022/2023
E0,2022-10-22,Chelsea,Manchester United,1.0,1.0,D,6.0,13.0,2.0,6.0,8.0,10.0,6.0,4.0,1.0,4.0,0.0,0.0,2.05,3.5,3.5,2.15,3.54,3.64,,,,,,,,2022/2023
E0,2022-10-23,Aston Villa,Brentford,4.0,0.0,H,19.0,12.0,11.0,3.0,14.0,11.0,7.0,6.0,1.0,0.0,0.0,0.0,2.1,3.5,3.5,2.23,3.46,3.51,,,,,,,,2022/2023
E0,2022-10-23,Leeds,Fulham,2.0,3.0,A,14.0,11.0,5.0,5.0,12.0,8.0,3.0,6.0,1.0,1.0,0.0,0.0,2.05,3.5,3.6,2.06,3.69,3.75,,,,,,,,2022/2023
E0,2022-10-23,Southampton,Arsenal,1.0,1.0,D,10.0,12.0,3.0,3.0,11.0,8.0,9.0,4.0,2.0,1.0,0.0,0.0,6.0,4.0,1.57,6.2,4.31,1.58,,,,,,,,2022/2023
E0,2022-10-23,Wolverhampton,Leicester,0.0,4.0,A,21.0,5.0,5.0,4.0,10.0,13.0,9.0,2.0,2.0,1.0,0.0,0.0,2.25,3.25,3.25,2.3,3.35,3.46,,,,,,,,2022/2023
E0,2022-10-23,Tottenham,Newcastle,1.0,2.0,A,17.0,13.0,5.0,5.0,12.0,6.0,6.0,7.0,4.0,2.0,0.0,0.0,2.05,3.5,3.5,2.12,3.62,3.63,,,,,,,,2022/2023
E0,2022-10-24,West Ham,Bournemouth,2.0,0.0,H,20.0,5.0,4.0,3.0,9.0,11.0,5.0,0.0,0.0,2.0,0.0,0.0,1.55,4.0,6.0,1.59,4.12,6.53,,,,,,,,2022/2023
E0,2022-10-29,Bournemouth,Tottenham,2.0,3.0,A,6.0,23.0,4.0,7.0,10.0,5.0,2.0,19.0,1.0,2.0,0.0,0.0,5.0,3.8,1.7,5.41,3.85,1.72,,,,,,,,2022/2023
E0,2022-10-29,Brighton,Chelsea,4.0,1.0,H,19.0,15.0,9.0,7.0,16.0,6.0,8.0,7.0,1.0,2.0,0.0,0.0,3.0,3.3,2.4,3.17,3.43,2.41,,,,,,,,2022/2023
E0,2022-10-29,Leicester,Manchester City,0.0,1.0,A,10.0,15.0,5.0,5.0,5.0,10.0,3.0,10.0,0.0,0.0,0.0,0.0,10.0,6.5,1.25,9.62,5.93,1.32,,,,,,,,2022/2023
E0,2022-10-29,Brentford,Wolverhampton,1.0,1.0,D,12.0,14.0,3.0,4.0,10.0,17.0,3.0,6.0,3.0,3.0,0.0,1.0,2.2,3.4,3.3,2.24,3.5,3.44,,,,,,,,2022/2023
E0,2022-10-29,Liverpool,Leeds,1.0,2.0,A,22.0,14.0,10.0,6.0,9.0,3.0,14.0,5.0,0.0,1.0,0.0,0.0,1.3,6.0,9.0,1.32,5.98,9.43,,,,,,,,2022/2023
E0,2022-10-29,Crystal Palace,Southampton,1.0,0.0,H,12.0,14.0,3.0,4.0,13.0,12.0,8.0,4.0,3.0,3.0,0.0,0.0,1.9,3.6,4.0,1.96,3.62,4.22,,,,,,,,2022/2023
E0,2022-10-29,Newcastle,Aston Villa,4.0,0.0,H,20.0,3.0,7.0,0.0,11.0,11.0,3.0,0.0,1.0,1.0,0.0,0.0,1.8,3.75,4.5,1.83,3.82,4.6,,,,,,,,2022/2023
E0,2022-10-29,Fulham,Everton,0.0,0.0,D,24.0,9.0,6.0,4.0,10.0,8.0,13.0,4.0,2.0,1.0,0.0,0.0,2.37,3.4,3.0,2.39,3.46,3.18,,,,,,,,2022/2023
E0,2022-10-30,Arsenal,Nott'm Forest,5.0,0.0,H,24.0,5.0,10.0,2.0,9.0,8.0,9.0,4.0,0.0,1.0,0.0,0.0,1.2,7.0,12.0,1.2,7.4,16.85,,,,,,,,2022/2023
E0,2022-10-30,Manchester United,West Ham,1.0,0.0,H,16.0,13.0,3.0,5.0,12.0,10.0,5.0,10.0,1.0,3.0,0.0,0.0,1.66,4.0,4.8,1.71,4.05,5.14,,,,,,,,2022/2023
E0,2022-11-05,Leeds,Bournemouth,4.0,3.0,H,18.0,9.0,4.0,6.0,16.0,10.0,13.0,3.0,2.0,2.0,0.0,0.0,1.72,3.8,4.75,1.74,3.99,5.08,,,,,,,,2022/2023
E0,2022-11-05,Manchester City,Fulham,2.0,1.0,H,16.0,4.0,5.0,2.0,6.0,11.0,9.0,0.0,2.0,4.0,1.0,0.0,1.11,9.5,19.0,1.13,10.33,22.62,,,,,,,,2022/2023
E0,2022-11-05,Nott'm Forest,Brentford,2.0,2.0,D,15.0,6.0,7.0,2.0,10.0,11.0,3.0,3.0,2.0,2.0,0.0,0.0,2.75,3.3,2.6,2.83,3.43,2.66,,,,,,,,2022/2023
E0,2022-11-05,Wolverhampton,Brighton,2.0,3.0,A,8.0,19.0,5.0,8.0,15.0,11.0,4.0,9.0,2.0,0.0,1.0,0.0,3.3,3.3,2.25,3.49,3.33,2.3,,,,,,,,2022/2023
E0,2022-11-05,Everton,Leicester,0.0,2.0,A,12.0,22.0,2.0,8.0,9.0,5.0,8.0,3.0,0.0,0.0,0.0,0.0,2.4,3.3,3.0,2.48,3.36,3.12,,,,,,,,2022/2023
E0,2022-11-06,Aston Villa,Manchester United,3.0,1.0,H,6.0,8.0,4.0,3.0,6.0,12.0,3.0,5.0,3.0,3.0,0.0,0.0,3.3,3.8,2.1,3.38,3.63,2.22,,,,,,,,2022/2023
E0,2022-11-06,West Ham,Crystal Palace,1.0,2.0,A,5.0,15.0,2.0,6.0,10.0,7.0,2.0,5.0,1.0,1.0,0.0,0.0,1.9,3.4,4.2,1.95,3.56,4.34,,,,,,,,2022/2023
E0,2022-11-06,Chelsea,Arsenal,0.0,1.0,A,5.0,14.0,1.0,2.0,20.0,13.0,4.0,6.0,5.0,2.0,0.0,0.0,2.55,3.4,2.7,2.72,3.5,2.71,,,,,,,,2022/2023
E0,2022-11-06,Tottenham,Liverpool,1.0,2.0,A,14.0,13.0,5.0,6.0,10.0,8.0,5.0,3.0,0.0,0.0,0.0,0.0,3.3,3.6,2.1,3.33,3.76,2.19,,,,,,,,2022/2023
E0,2022-11-06,Southampton,Newcastle,1.0,4.0,A,16.0,7.0,5.0,4.0,7.0,10.0,8.0,2.0,1.0,0.0,0.0,0.0,4.0,3.6,1.9,4.22,3.71,1.93,,,,,,,,2022/2023
E0,2022-11-12,Manchester City,Brentford,1.0,2.0,A,29.0,10.0,6.0,8.0,9.0,7.0,10.0,2.0,2.0,2.0,0.0,0.0,1.14,8.0,17.0,1.15,9.28,20.24,,,,,,,,2022/2023
E0,2022-11-12,Bournemouth,Everton,3.0,0.0,H,16.0,15.0,9.0,3.0,12.0,8.0,3.0,5.0,2.0,0.0,0.0,0.0,2.8,3.25,2.6,2.94,3.32,2.63,,,,,,,,2022/2023
E0,2022-11-12,Liverpool,Southampton,3.0,1.0,H,15.0,9.0,7.0,5.0,8.0,8.0,6.0,0.0,0.0,2.0,0.0,0.0,1.25,6.5,11.0,1.26,6.49,11.55,,,,,,,,2022/2023
E0,2022-11-12,Nott'm Forest,Crystal Palace,1.0,0.0,H,9.0,8.0,2.0,0.0,11.0,13.0,1.0,5.0,1.0,4.0,0.0,0.0,3.1,3.1,2.45,3.25,3.31,2.43,,,,,,,,2022/2023
E0,2022-11-12,Tottenham,Leeds,4.0,3.0,H,14.0,12.0,8.0,5.0,8.0,7.0,9.0,2.0,1.0,1.0,0.0,1.0,1.65,4.2,4.75,1.67,4.35,5.15,,,,,,,,2022/2023
E0,2022-11-12,West Ham,Leicester,0.0,2.0,A,18.0,9.0,6.0,6.0,9.0,8.0,7.0,2.0,3.0,1.0,0.0,0.0,2.05,3.4,3.75,2.14,3.56,3.64,,,,,,,,2022/2023
E0,2022-11-12,Newcastle,Chelsea,1.0,0.0,H,10.0,5.0,3.0,2.0,14.0,11.0,5.0,3.0,3.0,2.0,0.0,0.0,2.35,3.4,3.0,2.36,3.53,3.18,,,,,,,,2022/2023
E0,2022-11-12,Wolverhampton,Arsenal,0.0,2.0,A,11.0,14.0,2.0,4.0,5.0,6.0,6.0,4.0,3.0,2.0,0.0,0.0,6.0,4.2,1.55,6.5,4.3,1.56,,,,,,,,2022/2023
E0,2022-11-13,Brighton,Aston Villa,1.0,2.0,A,7.0,8.0,2.0,2.0,14.0,11.0,11.0,4.0,2.0,7.0,0.0,0.0,1.83,3.75,4.2,1.88,3.84,4.33,,,,,,,,2022/2023
E0,2022-11-13,Fulham,Manchester United,1.0,2.0,A,14.0,14.0,7.0,9.0,9.0,10.0,10.0,3.0,1.0,1.0,0.0,0.0,3.8,3.8,1.9,4.0,4.02,1.91,,,,,,,,2022/2023
E0,2022-12-26,Crystal Palace,Fulham,0.0,3.0,A,4.0,23.0,0.0,11.0,12.0,15.0,1.0,8.0,0.0,0.0,2.0,0.0,2.05,3.6,3.5,2.09,3.66,3.68,,,,,,,,2022/2023
E0,2022-12-26,Leicester,Newcastle,0.0,3.0,A,8.0,12.0,2.0,5.0,9.0,6.0,5.0,5.0,0.0,0.0,0.0,0.0,3.25,3.5,2.2,3.36,3.64,2.22,,,,,,,,2022/2023
E0,2022-12-26,Everton,Wolverhampton,1.0,2.0,A,12.0,7.0,6.0,4.0,9.0,22.0,2.0,2.0,1.0,6.0,0.0,0.0,2.3,3.25,3.2,2.41,3.26,3.34,,,,,,,,2022/2023
E0,2022-12-26,Aston Villa,Liverpool,1.0,3.0,A,12.0,16.0,6.0,9.0,7.0,12.0,0.0,6.0,0.0,0.0,0.0,0.0,4.75,4.0,1.7,4.51,4.09,1.79,,,,,,,,2022/2023
E0,2022-12-26,Southampton,Brighton,1.0,3.0,A,14.0,7.0,4.0,4.0,9.0,10.0,4.0,2.0,1.0,2.0,0.0,0.0,3.3,3.5,2.15,3.5,3.6,2.18,,,,,,,,2022/2023
E0,2022-12-26,Arsenal,West Ham,3.0,1.0,H,16.0,8.0,5.0,4.0,13.0,17.0,7.0,5.0,0.0,2.0,0.0,0.0,1.5,4.33,6.5,1.52,4.48,6.85,,,,,,,,2022/2023
E0,2022-12-26,Brentford,Tottenham,2.0,2.0,D,9.0,16.0,5.0,8.0,11.0,10.0,6.0,5.0,3.0,1.0,0.0,0.0,4.0,3.6,1.91,4.0,3.89,1.93,,,,,,,,2022/2023
E0,2022-12-27,Chelsea,Bournemouth,2.0,0.0,H,15.0,9.0,5.0,4.0,8.0,10.0,6.0,8.0,0.0,0.0,0.0,0.0,1.3,5.5,10.0,1.32,5.72,10.69,,,,,,,,2022/2023
E0,2022-12-27,Manchester United,Nott'm Forest,3.0,0.0,H,17.0,8.0,8.0,3.0,13.0,4.0,9.0,9.0,3.0,1.0,0.0,0.0,1.29,5.5,11.0,1.31,5.7,11.66,,,,,,,,2022/2023
E0,2022-12-28,Leeds,Manchester City,1.0,3.0,A,9.0,26.0,1.0,9.0,11.0,14.0,3.0,5.0,3.0,3.0,0.0,0.0,9.5,6.0,1.29,9.78,6.09,1.31,,,,,,,,2022/2023
E0,2022-12-30,West Ham,Brentford,0.0,2.0,A,20.0,9.0,5.0,6.0,9.0,5.0,8.0,1.0,1.0,0.0,0.0,0.0,2.0,3.6,3.6,2.08,3.66,3.73,,,,,,,,2022/2023
E0,2022-12-30,Liverpool,Leicester,2.0,1.0,H,21.0,7.0,5.0,2.0,8.0,15.0,4.0,5.0,0.0,1.0,0.0,0.0,1.29,6.0,9.5,1.31,6.08,9.55,,,,,,,,2022/2023
E0,2022-12-31,Fulham,Southampton,2.0,1.0,H,8.0,9.0,2.0,3.0,8.0,13.0,4.0,4.0,0.0,1.0,0.0,0.0,1.95,3.6,3.75,2.04,3.59,3.95,,,,,,,,2022/2023
E0,2022-12-31,Wolverhampton,Manchester United,0.0,1.0,A,10.0,16.0,3.0,6.0,11.0,11.0,7.0,5.0,1.0,3.0,0.0,0.0,4.0,3.6,1.91,4.16,3.71,1.94,,,,,,,,2022/2023
E0,2022-12-31,Bournemouth,Crystal Palace,0.0,2.0,A,6.0,15.0,2.0,6.0,17.0,11.0,2.0,7.0,4.0,1.0,0.0,0.0,2.8,3.3,2.5,2.97,3.32,2.6,,,,,,,,2022/2023
E0,2022-12-31,Newcastle,Leeds,0.0,0.0,D,16.0,8.0,5.0,1.0,13.0,19.0,9.0,3.0,3.0,5.0,0.0,0.0,1.45,4.5,7.0,1.49,4.8,6.8,,,,,,,,2022/2023
E0,2022-12-31,Brighton,Arsenal,2.0,4.0,A,9.0,14.0,5.0,7.0,7.0,11.0,7.0,4.0,3.0,3.0,0.0,0.0,3.4,3.5,2.1,3.6,3.62,2.13,,,,,,,,2022/2023
E0,2022-12-31,Manchester City,Everton,1.0,1.0,D,16.0,2.0,3.0,1.0,13.0,14.0,7.0,1.0,3.0,4.0,0.0,0.0,1.13,9.0,19.0,1.16,7.97,23.85,,,,,,,,2022/2023
E0,2023-01-01,Tottenham,Aston Villa,0.0,2.0,A,6.0,13.0,2.0,4.0,15.0,10.0,5.0,3.0,4.0,3.0,0.0,0.0,1.67,4.0,5.0,1.7,4.21,5.01,,,,,,,,2022/2023
E0,2023-01-01,Nott'm Forest,Chelsea,1.0,1.0,D,12.0,7.0,5.0,2.0,16.0,14.0,1.0,2.0,2.0,2.0,0.0,0.0,5.0,3.8,1.7,5.43,3.98,1.7,,,,,,,,2022/2023
E0,2023-01-02,Brentford,Liverpool,3.0,1.0,H,10.0,16.0,7.0,6.0,5.0,8.0,4.0,9.0,1.0,3.0,0.0,0.0,5.5,4.33,1.55,5.76,4.56,1.58,,,,,,,,2022/2023
E0,2023-01-03,Arsenal,Newcastle,0.0,0.0,D,17.0,8.0,4.0,1.0,10.0,16.0,5.0,5.0,4.0,4.0,0.0,0.0,1.8,3.8,4.33,1.83,3.95,4.45,,,,,,,,2022/2023
E0,2023-01-03,Everton,Brighton,1.0,4.0,A,10.0,19.0,4.0,8.0,8.0,10.0,5.0,2.0,3.0,1.0,0.0,0.0,3.5,3.5,2.1,3.67,3.51,2.15,,,,,,,,2022/2023
E0,2023-01-03,Leicester,Fulham,0.0,1.0,A,15.0,11.0,6.0,2.0,12.0,11.0,6.0,3.0,2.0,6.0,0.0,0.0,2.2,3.6,3.1,2.26,3.73,3.2,,,,,,,,2022/2023
E0,2023-01-03,Manchester United,Bournemouth,3.0,0.0,H,18.0,7.0,6.0,4.0,13.0,7.0,6.0,5.0,0.0,3.0,0.0,0.0,1.29,5.5,11.0,1.29,6.02,10.83,,,,,,,,2022/2023
E0,2023-01-04,Aston Villa,Wolverhampton,1.0,1.0,D,13.0,10.0,4.0,3.0,6.0,12.0,7.0,8.0,1.0,3.0,0.0,0.0,1.95,3.6,4.0,1.99,3.76,3.93,,,,,,,,2022/2023
E0,2023-01-04,Leeds,West Ham,2.0,2.0,D,14.0,15.0,6.0,2.0,11.0,18.0,8.0,1.0,3.0,1.0,0.0,0.0,2.6,3.5,2.6,2.65,3.59,2.73,,,,,,,,2022/2023
E0,2023-01-04,Crystal Palace,Tottenham,0.0,4.0,A,19.0,14.0,4.0,6.0,11.0,8.0,10.0,4.0,1.0,2.0,0.0,0.0,3.4,3.5,2.15,3.39,3.58,2.23,,,,,,,,2022/2023
E0,2023-01-04,Southampton,Nott'm Forest,0.0,1.0,A,8.0,11.0,0.0,1.0,14.0,17.0,6.0,2.0,2.0,2.0,0.0,0.0,2.0,3.5,3.8,2.1,3.52,3.82,,,,,,,,2022/2023
E0,2023-01-05,Chelsea,Manchester City,0.0,1.0,A,8.0,12.0,2.0,3.0,9.0,9.0,3.0,2.0,2.0,0.0,0.0,0.0,5.0,4.0,1.67,5.6,4.19,1.65,,,,,,,,2022/2023
E0,2023-01-12,Fulham,Chelsea,2.0,1.0,H,8.0,20.0,3.0,10.0,12.0,16.0,5.0,7.0,4.0,3.0,0.0,1.0,3.3,3.5,2.15,3.43,3.6,2.21,,,,,,,,2022/2023
E0,2023-01-13,Aston Villa,Leeds,2.0,1.0,H,11.0,16.0,5.0,4.0,12.0,8.0,0.0,11.0,2.0,2.0,0.0,0.0,1.91,3.6,4.0,1.96,3.7,4.11,,,,,,,,2022/2023
E0,2023-01-14,Manchester United,Manchester City,2.0,1.0,H,8.0,5.0,4.0,1.0,15.0,5.0,1.0,2.0,3.0,0.0,0.0,0.0,4.2,3.6,1.85,4.26,3.98,1.86,,,,,,,,2022/2023
E0,2023-01-14,Brighton,Liverpool,3.0,0.0,H,16.0,6.0,9.0,2.0,8.0,15.0,7.0,1.0,1.0,3.0,0.0,0.0,3.4,3.6,2.1,3.39,3.74,2.17,,,,,,,,2022/2023
E0,2023-01-14,Everton,Southampton,1.0,2.0,A,12.0,13.0,4.0,5.0,7.0,19.0,6.0,4.0,0.0,3.0,0.0,0.0,2.25,3.25,3.3,2.28,3.48,3.36,,,,,,,,2022/2023
E0,2023-01-14,Nott'm Forest,Leicester,2.0,0.0,H,15.0,6.0,5.0,1.0,11.0,12.0,3.0,5.0,1.0,2.0,0.0,0.0,2.7,3.3,2.63,2.74,3.46,2.72,,,,,,,,2022/2023
E0,2023-01-14,Wolverhampton,West Ham,1.0,0.0,H,17.0,16.0,4.0,4.0,10.0,7.0,4.0,3.0,0.0,2.0,0.0,0.0,2.63,3.3,2.7,2.75,3.29,2.82,,,,,,,,2022/2023
E0,2023-01-14,Brentford,Bournemouth,2.0,0.0,H,12.0,7.0,4.0,2.0,5.0,9.0,5.0,3.0,1.0,1.0,0.0,0.0,1.65,4.0,5.25,1.69,4.14,5.23,,,,,,,,2022/2023
E0,2023-01-15,Newcastle,Fulham,1.0,0.0,H,20.0,5.0,5.0,0.0,6.0,14.0,10.0,5.0,1.0,3.0,0.0,0.0,1.5,4.33,6.5,1.53,4.55,6.52,,,,,,,,2022/2023
E0,2023-01-15,Tottenham,Arsenal,0.0,2.0,A,17.0,14.0,7.0,5.0,16.0,15.0,4.0,3.0,4.0,2.0,0.0,0.0,3.1,3.6,2.2,3.34,3.71,2.21,,,,,,,,2022/2023
E0,2023-01-15,Chelsea,Crystal Palace,1.0,0.0,H,15.0,10.0,5.0,5.0,10.0,17.0,11.0,7.0,2.0,5.0,0.0,0.0,1.62,4.0,5.25,1.68,3.96,5.64,,,,,,,,2022/2023
E0,2023-01-18,Crystal Palace,Manchester United,1.0,1.0,D,10.0,15.0,5.0,4.0,9.0,10.0,3.0,3.0,1.0,2.0,0.0,0.0,4.5,3.6,1.8,4.62,3.87,1.82,,,,,,,,2022/2023
E0,2023-01-19,Manchester City,Tottenham,4.0,2.0,H,16.0,9.0,6.0,3.0,10.0,14.0,8.0,3.0,1.0,2.0,0.0,0.0,1.36,5.0,8.5,1.39,5.58,7.8,,,,,,,,2022/2023
E0,2023-01-21,West Ham,Everton,2.0,0.0,H,11.0,5.0,4.0,2.0,9.0,6.0,4.0,9.0,1.0,1.0,0.0,0.0,1.8,3.75,4.75,1.82,3.65,5.0,,,,,,,,2022/2023
E0,2023-01-21,Crystal Palace,Newcastle,0.0,0.0,D,6.0,16.0,1.0,7.0,13.0,7.0,3.0,15.0,4.0,2.0,0.0,0.0,4.4,3.5,1.85,4.52,3.57,1.92,,,,,,,,2022/2023
E0,2023-01-21,Liverpool,Chelsea,0.0,0.0,D,15.0,11.0,3.0,2.0,16.0,9.0,5.0,5.0,3.0,1.0,0.0,0.0,1.85,3.75,4.0,1.89,3.88,4.2,,,,,,,,2022/2023
E0,2023-01-21,Bournemouth,Nott'm Forest,1.0,1.0,D,16.0,20.0,4.0,5.0,10.0,7.0,4.0,6.0,1.0,2.0,0.0,0.0,2.75,3.1,2.75,2.86,3.15,2.82,,,,,,,,2022/2023
E0,2023-01-21,Leicester,Brighton,2.0,2.0,D,9.0,13.0,2.0,4.0,9.0,9.0,5.0,6.0,0.0,1.0,0.0,0.0,3.6,3.5,2.05,3.61,3.71,2.1,,,,,,,,2022/2023
E0,2023-01-21,Southampton,Aston Villa,0.0,1.0,A,8.0,16.0,5.0,5.0,19.0,9.0,2.0,2.0,1.0,2.0,0.0,0.0,2.88,3.25,2.55,2.96,3.4,2.57,,,,,,,,2022/2023
E0,2023-01-22,Leeds,Brentford,0.0,0.0,D,9.0,6.0,5.0,0.0,10.0,18.0,2.0,3.0,2.0,2.0,0.0,0.0,2.38,3.6,2.88,2.39,3.72,2.99,,,,,,,,2022/2023
E0,2023-01-22,Manchester City,Wolverhampton,3.0,0.0,H,13.0,10.0,7.0,1.0,10.0,10.0,5.0,7.0,1.0,2.0,0.0,0.0,1.2,8.0,11.0,1.2,7.65,14.95,,,,,,,,2022/2023
E0,2023-01-22,Arsenal,Manchester United,3.0,2.0,H,25.0,6.0,5.0,4.0,8.0,9.0,12.0,4.0,1.0,2.0,0.0,0.0,1.8,3.8,4.2,1.88,3.92,4.19,,,,,,,,2022/2023
E0,2023-01-23,Fulham,Tottenham,0.0,1.0,A,10.0,10.0,5.0,3.0,10.0,10.0,3.0,8.0,1.0,3.0,0.0,0.0,3.3,3.6,2.1,3.33,3.88,2.15,,,,,,,,2022/2023
E0,2023-02-03,Chelsea,Fulham,0.0,0.0,D,12.0,10.0,3.0,4.0,16.0,12.0,6.0,2.0,1.0,4.0,0.0,0.0,1.62,4.0,5.25,1.65,4.11,5.79,,,,,,,,2022/2023
E0,2023-02-04,Everton,Arsenal,1.0,0.0,H,12.0,15.0,4.0,3.0,13.0,8.0,7.0,5.0,4.0,1.0,0.0,0.0,8.5,4.5,1.4,8.93,4.84,1.41,,,,,,,,2022/2023
E0,2023-02-04,Aston Villa,Leicester,2.0,4.0,A,19.0,9.0,4.0,5.0,10.0,10.0,11.0,3.0,0.0,2.0,0.0,0.0,1.95,3.6,3.8,2.02,3.63,3.95,,,,,,,,2022/2023
E0,2023-02-04,Brentford,Southampton,3.0,0.0,H,14.0,14.0,4.0,6.0,10.0,9.0,4.0,4.0,1.0,2.0,0.0,0.0,1.85,3.6,4.2,1.92,3.68,4.36,,,,,,,,2022/2023
E0,2023-02-04,Brighton,Bournemouth,1.0,0.0,H,20.0,12.0,6.0,2.0,14.0,7.0,7.0,3.0,3.0,1.0,0.0,0.0,1.33,5.25,8.5,1.35,5.42,9.88,,,,,,,,2022/2023
E0,2023-02-04,Manchester United,Crystal Palace,2.0,1.0,H,14.0,10.0,5.0,3.0,9.0,9.0,5.0,5.0,1.0,2.0,1.0,0.0,1.4,4.75,8.0,1.41,4.91,8.97,,,,,,,,2022/2023
E0,2023-02-04,Wolverhampton,Liverpool,3.0,0.0,H,12.0,22.0,6.0,4.0,9.0,7.0,2.0,7.0,1.0,1.0,0.0,0.0,4.0,3.8,1.85,4.14,3.93,1.89,,,,,,,,2022/2023
E0,2023-02-04,Newcastle,West Ham,1.0,1.0,D,8.0,10.0,2.0,1.0,11.0,13.0,4.0,2.0,2.0,1.0,0.0,0.0,1.6,3.8,6.0,1.63,3.97,6.3,,,,,,,,2022/2023
E0,2023-02-05,Nott'm Forest,Leeds,1.0,0.0,H,6.0,10.0,2.0,4.0,15.0,14.0,0.0,2.0,4.0,2.0,0.0,0.0,2.63,3.3,2.7,2.69,3.46,2.76,,,,,,,,2022/2023
E0,2023-02-05,Tottenham,Manchester City,1.0,0.0,H,12.0,15.0,3.0,5.0,19.0,14.0,4.0,6.0,2.0,3.0,1.0,0.0,4.33,4.2,1.73,4.44,4.23,1.78,,,,,,,,2022/2023
E0,2023-02-08,Manchester United,Leeds,2.0,2.0,D,24.0,8.0,7.0,2.0,7.0,11.0,6.0,5.0,1.0,3.0,0.0,0.0,1.45,5.0,6.0,1.48,4.98,6.69,,,,,,,,2022/2023
E0,2023-02-11,West Ham,Chelsea,1.0,1.0,D,10.0,12.0,2.0,4.0,9.0,11.0,5.0,6.0,1.0,1.0,0.0,0.0,3.3,3.3,2.25,3.43,3.37,2.3,,,,,,,,2022/2023
E0,2023-02-11,Arsenal,Brentford,1.0,1.0,D,23.0,9.0,7.0,2.0,9.0,9.0,7.0,4.0,0.0,2.0,0.0,0.0,1.44,4.75,7.0,1.47,4.77,7.32,,,,,,,,2022/2023
E0,2023-02-11,Crystal Palace,Brighton,1.0,1.0,D,6.0,17.0,1.0,7.0,10.0,11.0,1.0,6.0,4.0,1.0,0.0,0.0,3.8,3.5,2.0,3.9,3.56,2.06,,,,,,,,2022/2023
E0,2023-02-11,Fulham,Nott'm Forest,2.0,0.0,H,16.0,10.0,3.0,1.0,9.0,11.0,5.0,4.0,0.0,1.0,0.0,0.0,1.91,3.5,4.33,1.94,3.57,4.37,,,,,,,,2022/2023
E0,2023-02-11,Leicester,Tottenham,4.0,1.0,H,15.0,11.0,7.0,4.0,14.0,9.0,1.0,5.0,5.0,2.0,0.0,0.0,3.4,3.6,2.1,3.46,3.7,2.16,,,,,,,,2022/2023
E0,2023-02-11,Southampton,Wolverhampton,1.0,2.0,A,17.0,11.0,2.0,2.0,12.0,14.0,5.0,2.0,2.0,2.0,0.0,1.0,2.9,3.2,2.55,3.16,3.18,2.55,,,,,,,,2022/2023
E0,2023-02-11,Bournemouth,Newcastle,1.0,1.0,D,11.0,15.0,5.0,7.0,8.0,10.0,4.0,6.0,2.0,3.0,0.0,0.0,6.5,4.0,1.53,6.53,4.08,1.6,,,,,,,,2022/2023
E0,2023-02-12,Leeds,Manchester United,0.0,2.0,A,16.0,11.0,6.0,5.0,10.0,13.0,7.0,3.0,2.0,1.0,0.0,0.0,3.75,3.8,1.91,3.98,3.87,1.94,,,,,,,,2022/2023
E0,2023-02-12,Manchester City,Aston Villa,3.0,1.0,H,17.0,6.0,9.0,2.0,13.0,14.0,8.0,4.0,1.0,2.0,0.0,0.0,1.25,6.5,11.0,1.26,6.66,11.78,,,,,,,,2022/2023
E0,2023-02-13,Liverpool,Everton,2.0,0.0,H,15.0,6.0,6.0,1.0,8.0,16.0,3.0,3.0,1.0,3.0,0.0,0.0,1.5,4.33,6.5,1.55,4.48,6.39,,,,,,,,2022/2023
E0,2023-02-15,Arsenal,Manchester City,1.0,3.0,A,10.0,9.0,1.0,6.0,11.0,15.0,1.0,3.0,2.0,3.0,0.0,0.0,2.9,3.5,2.35,2.95,3.6,2.46,,,,,,,,2022/2023
E0,2023-02-18,Brentford,Crystal Palace,1.0,1.0,D,12.0,10.0,5.0,4.0,10.0,8.0,2.0,6.0,2.0,2.0,0.0,0.0,1.83,3.5,4.5,1.85,3.62,4.84,,,,,,,,2022/2023
E0,2023-02-18,Brighton,Fulham,0.0,1.0,A,21.0,5.0,7.0,2.0,12.0,14.0,10.0,2.0,0.0,5.0,0.0,0.0,1.65,3.8,5.5,1.66,4.16,5.46,,,,,,,,2022/2023
E0,2023-02-18,Aston Villa,Arsenal,2.0,4.0,A,7.0,20.0,5.0,5.0,13.0,4.0,2.0,9.0,2.0,1.0,0.0,0.0,4.5,3.6,1.5,4.54,3.8,1.85,,,,,,,,2022/2023
E0,2023-02-18,Chelsea,Southampton,0.0,1.0,A,17.0,8.0,5.0,5.0,16.0,24.0,8.0,2.0,3.0,6.0,0.0,0.0,1.4,4.75,8.5,1.4,4.78,9.69,,,,,,,,2022/2023
E0,2023-02-18,Everton,Leeds,1.0,0.0,H,15.0,8.0,6.0,0.0,8.0,6.0,6.0,4.0,2.0,3.0,0.0,0.0,2.4,3.3,3.0,2.53,3.36,3.03,,,,,,,,2022/2023
E0,2023-02-18,Newcastle,Liverpool,0.0,2.0,A,14.0,13.0,4.0,7.0,3.0,8.0,6.0,7.0,1.0,1.0,1.0,0.0,2.5,3.5,2.7,2.57,3.58,2.82,,,,,,,,2022/2023
E0,2023-02-18,Nott'm Forest,Manchester City,1.0,1.0,D,4.0,26.0,1.0,6.0,8.0,6.0,0.0,10.0,1.0,0.0,0.0,0.0,8.5,5.5,1.3,10.3,5.67,1.33,,,,,,,,2022/2023
E0,2023-02-18,Wolverhampton,Bournemouth,0.0,1.0,A,15.0,5.0,4.0,1.0,12.0,10.0,12.0,2.0,3.0,3.0,0.0,0.0,1.67,3.6,6.0,1.69,3.86,5.78,,,,,,,,2022/2023
E0,2023-02-19,Manchester United,Leicester,3.0,0.0,H,26.0,19.0,8.0,3.0,9.0,9.0,6.0,6.0,0.0,2.0,0.0,0.0,1.62,4.33,5.25,1.65,4.34,5.37,,,,,,,,2022/2023
E0,2023-02-19,Tottenham,West Ham,2.0,0.0,H,16.0,6.0,6.0,1.0,16.0,10.0,4.0,7.0,2.0,1.0,0.0,0.0,1.75,3.6,4.75,1.87,3.76,4.47,,,,,,,,2022/2023
E0,2023-02-24,Fulham,Wolverhampton,1.0,1.0,D,10.0,8.0,5.0,2.0,12.0,17.0,4.0,3.0,2.0,0.0,0.0,0.0,2.5,3.2,3.0,2.59,3.26,3.04,,,,,,,,2022/2023
E0,2023-02-25,Leicester,Arsenal,0.0,1.0,A,1.0,10.0,0.0,2.0,14.0,9.0,0.0,8.0,0.0,1.0,0.0,0.0,4.75,4.0,1.7,4.93,4.15,1.72,,,,,,,,2022/2023
E0,2023-02-25,Leeds,Southampton,1.0,0.0,H,14.0,8.0,4.0,2.0,15.0,13.0,9.0,2.0,2.0,4.0,0.0,0.0,1.95,3.5,4.0,2.02,3.62,3.97,,,,,,,,2022/2023
E0,2023-02-25,Everton,Aston Villa,0.0,2.0,A,15.0,9.0,5.0,5.0,12.0,12.0,5.0,1.0,2.0,1.0,0.0,0.0,2.5,3.2,3.0,2.59,3.25,3.05,,,,,,,,2022/2023
E0,2023-02-25,West Ham,Nott'm Forest,4.0,0.0,H,18.0,8.0,5.0,3.0,8.0,5.0,12.0,3.0,0.0,0.0,0.0,0.0,1.75,3.6,5.0,1.81,3.63,5.16,,,,,,,,2022/2023
E0,2023-02-25,Crystal Palace,Liverpool,0.0,0.0,D,6.0,12.0,0.0,4.0,11.0,14.0,5.0,3.0,2.0,5.0,0.0,0.0,4.75,3.8,1.73,4.86,3.99,1.76,,,,,,,,2022/2023
E0,2023-02-25,Bournemouth,Manchester City,1.0,4.0,A,13.0,20.0,2.0,5.0,10.0,9.0,4.0,6.0,2.0,2.0,0.0,0.0,10.0,5.75,1.29,9.67,5.74,1.3,,,,,,,,2022/2023
E0,2023-02-26,Tottenham,Chelsea,2.0,0.0,H,8.0,10.0,3.0,2.0,10.0,10.0,4.0,4.0,2.0,3.0,0.0,0.0,2.55,3.25,2.9,2.59,3.36,2.96,,,,,,,,2022/2023
E0,2023-03-01,Arsenal,Everton,4.0,0.0,H,15.0,8.0,5.0,5.0,5.0,12.0,5.0,1.0,0.0,2.0,0.0,0.0,1.36,4.75,10.0,1.38,5.01,9.1,,,,,,,,2022/2023
E0,2023-03-01,Liverpool,Wolverhampton,2.0,0.0,H,15.0,4.0,6.0,1.0,13.0,14.0,5.0,2.0,2.0,3.0,0.0,0.0,1.5,4.75,6.0,1.5,4.63,6.68,,,,,,,,2022/2023
E0,2023-03-04,Chelsea,Leeds,1.0,0.0,H,13.0,11.0,3.0,2.0,10.0,7.0,5.0,7.0,2.0,0.0,0.0,0.0,1.62,4.0,5.5,1.65,4.05,5.62,,,,,,,,2022/2023
E0,2023-03-04,Wolverhampton,Tottenham,1.0,0.0,H,8.0,21.0,5.0,6.0,11.0,18.0,4.0,8.0,1.0,1.0,0.0,0.0,3.3,3.4,2.2,3.32,3.41,2.31,,,,,,,,2022/2023
E0,2023-03-04,Manchester City,Newcastle,2.0,0.0,H,11.0,5.0,3.0,2.0,8.0,13.0,8.0,4.0,2.0,4.0,0.0,0.0,1.45,4.5,7.0,1.52,4.6,6.5,,,,,,,,2022/2023
E0,2023-03-04,Arsenal,Bournemouth,3.0,2.0,H,31.0,4.0,9.0,4.0,6.0,8.0,17.0,1.0,0.0,2.0,0.0,0.0,1.22,7.0,12.0,1.22,6.83,13.69,,,,,,,,2022/2023
E0,2023-03-04,Aston Villa,Crystal Palace,1.0,0.0,H,8.0,3.0,1.0,0.0,14.0,17.0,2.0,4.0,2.0,3.0,0.0,1.0,2.05,3.3,3.8,2.08,3.37,3.99,,,,,,,,2022/2023
E0,2023-03-04,Brighton,West Ham,4.0,0.0,H,20.0,3.0,9.0,2.0,6.0,8.0,7.0,3.0,0.0,3.0,0.0,0.0,1.8,3.6,4.5,1.78,3.88,4.75,,,,,,,,2022/2023
E0,2023-03-04,Southampton,Leicester,1.0,0.0,H,11.0,11.0,5.0,0.0,12.0,11.0,3.0,4.0,4.0,2.0,0.0,0.0,2.75,3.3,2.6,2.85,3.3,2.67,,,,,,,,2022/2023
E0,2023-03-05,Nott'm Forest,Everton,2.0,2.0,D,10.0,10.0,4.0,3.0,11.0,17.0,3.0,3.0,3.0,5.0,0.0,0.0,2.7,3.0,2.88,2.7,3.11,2.98,,,,,,,,2022/2023
E0,2023-03-05,Liverpool,Manchester United,7.0,0.0,H,18.0,8.0,8.0,4.0,13.0,14.0,4.0,3.0,2.0,3.0,0.0,0.0,2.38,3.6,2.88,2.39,3.76,2.91,,,,,,,,2022/2023
E0,2023-03-06,Brentford,Fulham,3.0,2.0,H,14.0,9.0,6.0,5.0,12.0,17.0,2.0,3.0,0.0,3.0,0.0,0.0,1.95,3.6,3.75,2.0,3.76,3.82,,,,,,,,2022/2023
E0,2023-03-11,Bournemouth,Liverpool,1.0,0.0,H,5.0,15.0,2.0,6.0,7.0,9.0,3.0,8.0,2.0,1.0,0.0,0.0,7.5,5.0,1.4,7.07,5.07,1.44,,,,,,,,2022/2023
E0,2023-03-11,Everton,Brentford,1.0,0.0,H,13.0,12.0,6.0,4.0,11.0,12.0,5.0,8.0,2.0,1.0,0.0,0.0,2.7,3.25,2.7,2.75,3.23,2.82,,,,,,,,2022/2023
E0,2023-03-11,Leeds,Brighton,2.0,2.0,D,12.0,14.0,4.0,2.0,12.0,9.0,4.0,7.0,1.0,1.0,0.0,0.0,3.75,3.6,1.95,3.94,3.76,1.96,,,,,,,,2022/2023
E0,2023-03-11,Leicester,Chelsea,1.0,3.0,A,17.0,12.0,7.0,6.0,10.0,11.0,2.0,5.0,1.0,2.0,1.0,0.0,3.75,3.5,1.95,3.9,3.61,2.02,,,,,,,,2022/2023
E0,2023-03-11,Tottenham,Nott'm Forest,3.0,1.0,H,15.0,9.0,7.0,5.0,13.0,13.0,2.0,10.0,3.0,1.0,0.0,0.0,1.44,4.75,7.0,1.45,4.69,7.8,,,,,,,,2022/2023
E0,2023-03-11,Crystal Palace,Manchester City,0.0,1.0,A,4.0,14.0,0.0,4.0,11.0,17.0,2.0,6.0,2.0,2.0,0.0,0.0,9.0,4.75,1.36,9.18,5.2,1.37,,,,,,,,2022/2023
E0,2023-03-12,Manchester United,Southampton,0.0,0.0,D,10.0,17.0,4.0,4.0,12.0,9.0,7.0,8.0,2.0,0.0,0.0,0.0,1.36,5.0,9.0,1.34,5.33,10.01,,,,,,,,2022/2023
E0,2023-03-12,Fulham,Arsenal,0.0,3.0,A,12.0,15.0,2.0,7.0,10.0,9.0,4.0,8.0,0.0,1.0,0.0,0.0,6.0,4.0,1.57,6.02,4.23,1.59,,,,,,,,2022/2023
E0,2023-03-12,Newcastle,Wolverhampton,2.0,1.0,H,19.0,7.0,8.0,4.0,11.0,10.0,10.0,3.0,1.0,2.0,0.0,0.0,1.65,3.75,5.5,1.68,3.88,5.55,,,,,,,,2022/2023
E0,2023-03-12,West Ham,Aston Villa,1.0,1.0,D,17.0,12.0,6.0,4.0,8.0,6.0,13.0,2.0,1.0,0.0,0.0,0.0,2.2,3.3,3.4,2.25,3.4,3.45,,,,,,,,2022/2023
E0,2023-03-15,Brighton,Crystal Palace,1.0,0.0,H,11.0,11.0,5.0,3.0,13.0,20.0,1.0,4.0,1.0,2.0,0.0,0.0,1.44,4.2,8.0,1.47,4.51,7.72,,,,,,,,2022/2023
E0,2023-03-15,Southampton,Brentford,0.0,2.0,A,7.0,11.0,1.0,5.0,14.0,10.0,3.0,3.0,1.0,2.0,0.0,0.0,2.88,3.25,2.5,3.05,3.36,2.49,,,,,,,,2022/2023
E0,2023-03-17,Nott'm Forest,Newcastle,1.0,2.0,A,5.0,15.0,3.0,4.0,17.0,9.0,3.0,7.0,5.0,1.0,0.0,0.0,5.5,3.8,1.62,5.81,3.87,1.68,,,,,,,,2022/2023
E0,2023-03-18,Wolverhampton,Leeds,2.0,4.0,A,23.0,11.0,8.0,4.0,15.0,9.0,5.0,4.0,3.0,5.0,1.0,0.0,2.25,3.2,3.3,2.3,3.25,3.5,,,,,,,,2022/2023
E0,2023-03-18,Chelsea,Everton,2.0,2.0,D,20.0,12.0,7.0,3.0,8.0,12.0,8.0,2.0,2.0,2.0,0.0,0.0,1.5,4.2,7.5,1.5,4.19,7.95,,,,,,,,2022/2023
E0,2023-03-18,Aston Villa,Bournemouth,3.0,0.0,H,20.0,10.0,9.0,3.0,8.0,13.0,9.0,6.0,1.0,4.0,0.0,0.0,1.7,3.8,5.0,1.74,3.88,5.11,,,,,,,,2022/2023
E0,2023-03-18,Brentford,Leicester,1.0,1.0,D,11.0,14.0,2.0,1.0,10.0,11.0,8.0,4.0,1.0,2.0,1.0,0.0,1.91,3.6,3.75,1.95,3.79,3.94,,,,,,,,2022/2023
E0,2023-03-18,Southampton,Tottenham,3.0,3.0,D,19.0,17.0,7.0,3.0,13.0,8.0,10.0,3.0,1.0,1.0,0.0,0.0,4.75,3.6,1.75,4.62,3.78,1.82,,,,,,,,2022/2023
E0,2023-03-19,Arsenal,Crystal Palace,4.0,1.0,H,15.0,8.0,5.0,4.0,8.0,10.0,5.0,4.0,0.0,1.0,0.0,0.0,1.25,5.5,15.0,1.26,6.02,12.73,,,,,,,,2022/2023
E0,2023-04-01,Arsenal,Leeds,4.0,1.0,H,13.0,7.0,6.0,5.0,11.0,13.0,4.0,3.0,0.0,2.0,0.0,0.0,1.29,6.0,9.0,1.29,5.97,10.92,,,,,,,,2022/2023
E0,2023-04-01,Manchester City,Liverpool,4.0,1.0,H,17.0,4.0,8.0,1.0,9.0,12.0,7.0,1.0,1.0,1.0,0.0,0.0,1.62,4.2,5.0,1.66,4.22,5.26,,,,,,,,2022/2023
E0,2023-04-01,Chelsea,Aston Villa,0.0,2.0,A,27.0,5.0,8.0,2.0,14.0,16.0,13.0,2.0,3.0,3.0,0.0,0.0,1.67,3.8,5.25,1.69,3.83,5.57,,,,,,,,2022/2023
E0,2023-04-01,Bournemouth,Fulham,2.0,1.0,H,12.0,10.0,7.0,2.0,15.0,13.0,4.0,3.0,1.0,4.0,0.0,0.0,2.55,3.3,2.8,2.56,3.44,2.89,,,,,,,,2022/2023
E0,2023-04-01,Nott'm Forest,Wolverhampton,1.0,1.0,D,17.0,8.0,7.0,1.0,14.0,13.0,4.0,3.0,3.0,5.0,0.0,0.0,3.0,3.1,2.55,3.01,3.16,2.64,,,,,,,,2022/2023
E0,2023-04-01,Crystal Palace,Leicester,2.0,1.0,H,31.0,3.0,9.0,2.0,12.0,16.0,10.0,1.0,3.0,4.0,0.0,0.0,2.5,3.25,2.9,2.56,3.28,3.02,,,,,,,,2022/2023
E0,2023-04-01,Brighton,Brentford,3.0,3.0,D,33.0,7.0,15.0,5.0,16.0,10.0,14.0,0.0,2.0,1.0,0.0,0.0,1.67,4.0,5.0,1.67,4.18,5.16,,,,,,,,2022/2023
E0,2023-04-02,West Ham,Southampton,1.0,0.0,H,12.0,9.0,2.0,3.0,10.0,11.0,5.0,3.0,0.0,2.0,0.0,0.0,1.73,3.6,5.0,1.77,3.89,4.82,,,,,,,,2022/2023
E0,2023-04-02,Newcastle,Manchester United,2.0,0.0,H,22.0,6.0,6.0,1.0,8.0,12.0,7.0,4.0,0.0,0.0,0.0,0.0,2.4,3.4,2.9,2.4,3.55,3.03,,,,,,,,2022/2023
E0,2023-04-03,Everton,Tottenham,1.0,1.0,D,15.0,8.0,6.0,2.0,10.0,14.0,3.0,3.0,0.0,3.0,1.0,1.0,3.4,3.3,2.2,3.44,3.45,2.24,,,,,,,,2022/2023
E0,2023-04-04,Bournemouth,Brighton,0.0,2.0,A,14.0,16.0,3.0,6.0,11.0,5.0,5.0,5.0,1.0,1.0,0.0,0.0,6.0,4.2,1.53,6.16,4.37,1.58,,,,,,,,2022/2023
E0,2023-04-04,Leeds,Nott'm Forest,2.0,1.0,H,21.0,13.0,6.0,1.0,11.0,13.0,11.0,4.0,1.0,4.0,0.0,0.0,1.7,3.75,5.0,1.72,3.97,5.23,,,,,,,,2022/2023
E0,2023-04-04,Leicester,Aston Villa,1.0,2.0,A,9.0,15.0,4.0,5.0,10.0,14.0,4.0,8.0,2.0,0.0,1.0,0.0,2.55,3.3,2.75,2.68,3.4,2.82,,,,,,,,2022/2023
E0,2023-04-04,Chelsea,Liverpool,0.0,0.0,D,12.0,7.0,3.0,4.0,6.0,17.0,3.0,5.0,1.0,4.0,0.0,0.0,2.2,3.4,3.25,2.26,3.51,3.4,,,,,,,,2022/2023
E0,2023-04-05,Manchester United,Brentford,1.0,0.0,H,18.0,6.0,3.0,1.0,8.0,13.0,12.0,3.0,3.0,2.0,0.0,0.0,1.65,4.0,5.0,1.67,4.23,5.09,,,,,,,,2022/2023
E0,2023-04-05,West Ham,Newcastle,1.0,5.0,A,7.0,15.0,2.0,8.0,11.0,12.0,7.0,6.0,2.0,1.0,0.0,0.0,3.6,3.25,2.15,3.63,3.46,2.15,,,,,,,,2022/2023
E0,2023-04-08,Fulham,West Ham,0.0,1.0,A,16.0,9.0,3.0,5.0,10.0,12.0,11.0,4.0,1.0,1.0,0.0,0.0,2.8,3.25,2.63,2.81,3.33,2.69,,,,,,,,2022/2023
E0,2023-04-08,Aston Villa,Nott'm Forest,2.0,0.0,H,8.0,6.0,3.0,2.0,7.0,17.0,1.0,8.0,3.0,4.0,0.0,0.0,1.6,4.2,5.25,1.64,4.16,5.5,,,,,,,,2022/2023
E0,2023-04-08,Brentford,Newcastle,1.0,2.0,A,12.0,10.0,6.0,4.0,10.0,15.0,6.0,5.0,0.0,0.0,0.0,0.0,3.6,3.4,2.05,3.58,3.58,2.13,,,,,,,,2022/2023
E0,2023-04-08,Manchester United,Everton,2.0,0.0,H,29.0,15.0,11.0,1.0,10.0,9.0,10.0,4.0,0.0,0.0,0.0,0.0,1.5,4.33,6.5,1.52,4.42,6.88,,,,,,,,2022/2023
E0,2023-04-08,Southampton,Manchester City,1.0,4.0,A,4.0,13.0,1.0,8.0,6.0,10.0,0.0,10.0,0.0,2.0,0.0,0.0,11.0,6.0,1.25,12.65,6.46,1.24,,,,,,,,2022/2023
E0,2023-04-08,Tottenham,Brighton,2.0,1.0,H,9.0,17.0,3.0,4.0,15.0,15.0,3.0,7.0,3.0,1.0,0.0,0.0,2.55,3.5,2.7,2.58,3.68,2.72,,,,,,,,2022/2023
E0,2023-04-08,Wolverhampton,Chelsea,1.0,0.0,H,9.0,13.0,4.0,1.0,14.0,10.0,8.0,8.0,2.0,5.0,0.0,0.0,4.2,3.5,1.91,4.28,3.58,1.93,,,,,,,,2022/2023
E0,2023-04-08,Leicester,Bournemouth,0.0,1.0,A,14.0,19.0,4.0,7.0,10.0,13.0,6.0,6.0,0.0,3.0,0.0,0.0,1.83,3.75,4.2,1.91,3.76,4.18,,,,,,,,2022/2023
E0,2023-04-09,Leeds,Crystal Palace,1.0,5.0,A,11.0,16.0,7.0,8.0,11.0,8.0,2.0,4.0,3.0,1.0,0.0,0.0,2.1,3.4,3.6,2.14,3.48,3.67,,,,,,,,2022/2023
E0,2023-04-09,Liverpool,Arsenal,2.0,2.0,D,21.0,9.0,6.0,5.0,11.0,11.0,5.0,4.0,4.0,4.0,0.0,0.0,2.88,3.6,2.38,2.82,3.81,2.44,,,,,,,,2022/2023
E0,2023-04-15,Everton,Fulham,1.0,3.0,A,15.0,21.0,7.0,7.0,10.0,6.0,4.0,8.0,3.0,2.0,0.0,0.0,2.05,3.4,3.7,2.08,3.48,3.85,,,,,,,,2022/2023
E0,2023-04-15,Aston Villa,Newcastle,3.0,0.0,H,16.0,8.0,6.0,2.0,13.0,15.0,7.0,2.0,1.0,1.0,0.0,0.0,3.6,3.4,2.05,3.71,3.47,2.13,,,,,,,,2022/2023
E0,2023-04-15,Tottenham,Bournemouth,2.0,3.0,A,24.0,6.0,8.0,6.0,8.0,9.0,8.0,1.0,1.0,2.0,0.0,0.0,1.45,4.5,7.0,1.49,4.68,6.8,,,,,,,,2022/2023
E0,2023-04-15,Chelsea,Brighton,1.0,2.0,A,8.0,26.0,2.0,10.0,11.0,11.0,2.0,8.0,2.0,2.0,0.0,0.0,2.63,3.4,2.63,2.67,3.52,2.72,,,,,,,,2022/2023
E0,2023-04-15,Wolverhampton,Brentford,2.0,0.0,H,11.0,10.0,9.0,3.0,12.0,8.0,5.0,2.0,1.0,1.0,0.0,0.0,2.45,3.1,3.0,2.57,3.26,3.01,,,,,,,,2022/2023
E0,2023-04-15,Manchester City,Leicester,3.0,1.0,H,12.0,10.0,4.0,4.0,8.0,8.0,6.0,2.0,1.0,1.0,0.0,0.0,1.14,8.5,15.0,1.16,8.82,16.85,,,,,,,,2022/2023
E0,2023-04-15,Southampton,Crystal Palace,0.0,2.0,A,11.0,9.0,4.0,2.0,6.0,13.0,6.0,2.0,3.0,1.0,0.0,0.0,2.8,3.1,2.7,2.88,3.19,2.73,,,,,,,,2022/2023
E0,2023-04-16,West Ham,Arsenal,2.0,2.0,D,16.0,11.0,3.0,5.0,11.0,8.0,7.0,2.0,1.0,2.0,0.0,0.0,6.0,4.2,1.55,6.14,4.29,1.57,,,,,,,,2022/2023
E0,2023-04-16,Nott'm Forest,Manchester United,0.0,2.0,A,6.0,22.0,0.0,8.0,9.0,9.0,4.0,9.0,2.0,2.0,0.0,0.0,5.5,4.0,1.62,5.07,4.01,1.71,,,,,,,,2022/2023
E0,2023-04-17,Leeds,Liverpool,1.0,6.0,A,13.0,13.0,3.0,7.0,6.0,12.0,4.0,2.0,0.0,1.0,0.0,0.0,4.2,4.2,1.73,4.39,4.42,1.74,,,,,,,,2022/2023
E0,2023-04-21,Arsenal,Southampton,3.0,3.0,D,25.0,8.0,6.0,6.0,10.0,14.0,7.0,2.0,1.0,5.0,0.0,0.0,1.2,7.0,13.0,1.21,7.62,14.32,,,,,,,,2022/2023
E0,2023-04-22,Fulham,Leeds,2.0,1.0,H,12.0,10.0,5.0,2.0,10.0,15.0,8.0,6.0,1.0,4.0,0.0,0.0,2.3,3.4,3.1,2.44,3.47,3.03,,,,,,,,2022/2023
E0,2023-04-22,Brentford,Aston Villa,1.0,1.0,D,6.0,14.0,5.0,2.0,12.0,8.0,8.0,4.0,3.0,2.0,0.0,0.0,2.5,3.25,2.88,2.55,3.51,2.85,,,,,,,,2022/2023
E0,2023-04-22,Crystal Palace,Everton,0.0,0.0,D,12.0,10.0,2.0,5.0,12.0,14.0,8.0,1.0,1.0,1.0,0.0,1.0,2.05,3.2,3.75,2.15,3.28,3.87,,,,,,,,2022/2023
E0,2023-04-22,Leicester,Wolverhampton,2.0,1.0,H,15.0,16.0,8.0,3.0,17.0,16.0,1.0,7.0,1.0,3.0,0.0,0.0,2.38,3.3,3.0,2.46,3.31,3.14,,,,,,,,2022/2023
E0,2023-04-22,Liverpool,Nott'm Forest,3.0,2.0,H,18.0,11.0,6.0,5.0,9.0,12.0,9.0,3.0,0.0,1.0,0.0,0.0,1.17,7.5,17.0,1.19,7.71,15.51,,,,,,,,2022/2023
E0,2023-04-23,Bournemouth,West Ham,0.0,4.0,A,17.0,18.0,5.0,10.0,7.0,8.0,8.0,5.0,1.0,2.0,0.0,0.0,2.88,3.2,2.55,2.85,3.3,2.68,,,,,,,,2022/2023
E0,2023-04-23,Newcastle,Tottenham,6.0,1.0,H,25.0,11.0,8.0,3.0,7.0,13.0,9.0,3.0,0.0,3.0,0.0,0.0,1.83,3.75,4.2,1.84,3.94,4.31,,,,,,,,2022/2023
E0,2023-04-25,Wolverhampton,Crystal Palace,2.0,0.0,H,9.0,14.0,3.0,4.0,13.0,14.0,6.0,11.0,5.0,4.0,0.0,0.0,2.45,3.2,3.0,2.56,3.15,3.13,,,,,,,,2022/2023
E0,2023-04-25,Aston Villa,Fulham,1.0,0.0,H,14.0,1.0,3.0,0.0,6.0,18.0,8.0,2.0,3.0,2.0,0.0,0.0,1.75,4.0,4.2,1.8,3.99,4.45,,,,,,,,2022/2023
E0,2023-04-25,Leeds,Leicester,1.0,1.0,D,13.0,15.0,3.0,3.0,14.0,15.0,3.0,6.0,4.0,2.0,0.0,0.0,2.3,3.5,3.0,2.39,3.59,3.02,,,,,,,,2022/2023
E0,2023-04-26,Nott'm Forest,Brighton,3.0,1.0,H,12.0,17.0,5.0,7.0,7.0,8.0,2.0,7.0,2.0,0.0,0.0,0.0,6.0,4.2,1.53,6.12,4.42,1.56,,,,,,,,2022/2023
E0,2023-04-26,Chelsea,Brentford,0.0,2.0,A,15.0,7.0,4.0,1.0,5.0,13.0,5.0,2.0,1.0,2.0,0.0,0.0,1.7,4.0,4.75,1.73,3.93,5.06,,,,,,,,2022/2023
E0,2023-04-26,West Ham,Liverpool,1.0,2.0,A,7.0,20.0,2.0,4.0,6.0,8.0,3.0,6.0,0.0,0.0,0.0,0.0,3.9,3.9,1.85,4.07,3.97,1.88,,,,,,,,2022/2023
E0,2023-04-26,Manchester City,Arsenal,4.0,1.0,H,14.0,8.0,9.0,2.0,13.0,13.0,1.0,3.0,3.0,1.0,0.0,0.0,1.55,4.5,5.25,1.57,4.52,5.71,,,,,,,,2022/2023
E0,2023-04-27,Everton,Newcastle,1.0,4.0,A,13.0,15.0,5.0,8.0,8.0,6.0,3.0,14.0,2.0,1.0,0.0,0.0,4.75,3.6,1.73,5.03,3.83,1.75,,,,,,,,2022/2023
E0,2023-04-27,Southampton,Bournemouth,0.0,1.0,A,11.0,16.0,2.0,2.0,9.0,11.0,6.0,4.0,0.0,3.0,0.0,0.0,2.25,3.4,3.2,2.34,3.49,3.19,,,,,,,,2022/2023
E0,2023-04-27,Tottenham,Manchester United,2.0,2.0,D,18.0,17.0,7.0,8.0,8.0,7.0,6.0,8.0,1.0,2.0,0.0,0.0,2.8,3.6,2.4,2.81,3.72,2.48,,,,,,,,2022/2023
E0,2023-04-29,Brentford,Nott'm Forest,2.0,1.0,H,14.0,5.0,8.0,3.0,6.0,13.0,6.0,0.0,1.0,2.0,0.0,0.0,1.65,3.8,5.5,1.68,3.92,5.54,,,,,,,,2022/2023
E0,2023-04-29,Brighton,Wolverhampton,6.0,0.0,H,22.0,10.0,8.0,2.0,14.0,11.0,2.0,5.0,1.0,1.0,0.0,0.0,1.5,4.33,6.5,1.51,4.48,6.75,,,,,,,,2022/2023
E0,2023-04-29,Crystal Palace,West Ham,4.0,3.0,H,16.0,8.0,6.0,4.0,9.0,17.0,8.0,5.0,1.0,2.0,0.0,0.0,2.63,3.25,2.75,2.73,3.24,2.83,,,,,,,,2022/2023
E0,2023-04-30,Bournemouth,Leeds,4.0,1.0,H,12.0,15.0,7.0,6.0,12.0,14.0,2.0,6.0,1.0,0.0,0.0,0.0,2.55,3.5,2.7,2.65,3.57,2.69,,,,,,,,2022/2023
E0,2023-04-30,Fulham,Manchester City,1.0,2.0,A,4.0,12.0,1.0,9.0,9.0,10.0,2.0,5.0,1.0,3.0,0.0,0.0,12.0,6.0,1.25,11.97,6.48,1.25,,,,,,,,2022/2023
E0,2023-04-30,Manchester United,Aston Villa,1.0,0.0,H,14.0,7.0,6.0,1.0,16.0,7.0,1.0,4.0,2.0,0.0,0.0,0.0,1.73,3.9,4.6,1.81,4.03,4.34,,,,,,,,2022/2023
E0,2023-04-30,Newcastle,Southampton,3.0,1.0,H,22.0,4.0,5.0,3.0,7.0,10.0,11.0,2.0,1.0,4.0,0.0,0.0,1.3,5.25,10.0,1.33,5.71,9.61,,,,,,,,2022/2023
E0,2023-04-30,Liverpool,Tottenham,4.0,3.0,H,12.0,10.0,4.0,7.0,12.0,6.0,5.0,2.0,3.0,2.0,0.0,0.0,1.53,4.5,5.75,1.54,4.97,5.51,,,,,,,,2022/2023
E0,2023-05-01,Leicester,Everton,2.0,2.0,D,15.0,23.0,6.0,8.0,10.0,12.0,2.0,9.0,4.0,1.0,0.0,0.0,2.0,3.5,3.75,2.04,3.48,3.98,,,,,,,,2022/2023
E0,2023-05-02,Arsenal,Chelsea,3.0,1.0,H,16.0,7.0,10.0,4.0,10.0,10.0,7.0,2.0,0.0,2.0,0.0,0.0,1.6,4.0,5.5,1.59,4.32,5.96,,,,,,,,2022/2023
E0,2023-05-03,Liverpool,Fulham,1.0,0.0,H,15.0,9.0,3.0,3.0,10.0,8.0,7.0,5.0,0.0,0.0,0.0,0.0,1.25,5.75,11.0,1.27,6.5,10.02,,,,,,,,2022/2023
E0,2023-05-03,Manchester City,West Ham,3.0,0.0,H,16.0,6.0,7.0,2.0,8.0,8.0,6.0,3.0,0.0,1.0,0.0,0.0,1.2,7.0,13.0,1.21,7.27,13.54,,,,,,,,2022/2023
E0,2023-05-04,Brighton,Manchester United,1.0,0.0,H,22.0,16.0,6.0,5.0,10.0,14.0,8.0,6.0,4.0,4.0,0.0,0.0,1.95,3.5,3.75,2.05,3.84,3.57,,,,,,,,2022/2023
E0,2023-05-06,Bournemouth,Chelsea,1.0,3.0,A,10.0,11.0,4.0,5.0,9.0,11.0,7.0,7.0,1.0,3.0,0.0,0.0,3.3,3.5,2.15,3.46,3.55,2.19,,,,,,,,2022/2023
E0,2023-05-06,Manchester City,Leeds,2.0,1.0,H,18.0,4.0,6.0,2.0,3.0,16.0,10.0,1.0,0.0,3.0,0.0,0.0,1.17,8.5,15.0,1.18,8.6,14.23,,,,,,,,2022/2023
E0,2023-05-06,Tottenham,Crystal Palace,1.0,0.0,H,8.0,7.0,3.0,2.0,15.0,14.0,8.0,4.0,3.0,5.0,0.0,0.0,1.8,3.8,4.2,1.84,3.98,4.24,,,,,,,,2022/2023
E0,2023-05-06,Wolverhampton,Aston Villa,1.0,0.0,H,6.0,16.0,2.0,3.0,20.0,9.0,5.0,6.0,3.0,3.0,0.0,0.0,2.88,3.3,2.5,3.06,3.31,2.51,,,,,,,,2022/2023
E0,2023-05-06,Liverpool,Brentford,1.0,0.0,H,15.0,5.0,5.0,1.0,19.0,10.0,7.0,3.0,4.0,2.0,0.0,0.0,1.44,5.0,6.0,1.49,5.09,6.17,,,,,,,,2022/2023
E0,2023-05-07,Newcastle,Arsenal,0.0,2.0,A,12.0,10.0,5.0,6.0,16.0,12.0,9.0,4.0,2.0,1.0,0.0,0.0,2.45,3.75,2.63,2.51,3.8,2.73,,,,,,,,2022/2023
E0,2023-05-07,West Ham,Manchester United,1.0,0.0,H,15.0,19.0,4.0,4.0,4.0,9.0,5.0,6.0,0.0,2.0,0.0,0.0,3.4,3.75,2.05,3.57,3.78,2.07,,,,,,,,2022/2023
E0,2023-05-08,Nott'm Forest,Southampton,4.0,3.0,H,9.0,19.0,4.0,5.0,16.0,10.0,2.0,11.0,1.0,0.0,0.0,0.0,2.1,3.6,3.4,2.17,3.6,3.45,,,,,,,,2022/2023
E0,2023-05-08,Fulham,Leicester,5.0,3.0,H,17.0,18.0,7.0,9.0,13.0,15.0,2.0,7.0,0.0,3.0,0.0,0.0,2.63,3.5,2.6,2.71,3.61,2.62,,,,,,,,2022/2023
E0,2023-05-08,Brighton,Everton,1.0,5.0,A,23.0,10.0,5.0,5.0,11.0,13.0,15.0,1.0,1.0,5.0,0.0,0.0,1.33,5.25,9.0,1.38,5.34,8.38,,,,,,,,2022/2023
E0,2023-05-13,Leeds,Newcastle,2.0,2.0,D,9.0,18.0,4.0,5.0,16.0,14.0,2.0,6.0,3.0,2.0,1.0,0.0,4.33,4.2,1.7,4.62,4.33,1.71,,,,,,,,2022/2023
E0,2023-05-13,Aston Villa,Tottenham,2.0,1.0,H,8.0,5.0,4.0,2.0,9.0,14.0,8.0,3.0,3.0,3.0,0.0,0.0,2.25,3.6,2.9,2.34,3.72,3.01,,,,,,,,2022/2023
E0,2023-05-13,Chelsea,Nott'm Forest,2.0,2.0,D,14.0,11.0,6.0,2.0,13.0,15.0,2.0,5.0,3.0,1.0,0.0,0.0,1.5,4.5,6.0,1.51,4.47,6.88,,,,,,,,2022/2023
E0,2023-05-13,Crystal Palace,Bournemouth,2.0,0.0,H,17.0,5.0,5.0,0.0,5.0,12.0,11.0,2.0,0.0,2.0,0.0,0.0,1.83,3.6,4.2,1.88,3.82,4.24,,,,,,,,2022/2023
E0,2023-05-13,Manchester United,Wolverhampton,2.0,0.0,H,27.0,5.0,9.0,0.0,9.0,9.0,11.0,7.0,3.0,2.0,0.0,0.0,1.36,5.0,7.5,1.38,5.24,8.6,,,,,,,,2022/2023
E0,2023-05-13,Southampton,Fulham,0.0,2.0,A,5.0,9.0,1.0,4.0,17.0,12.0,1.0,8.0,2.0,0.0,0.0,0.0,2.75,3.3,2.5,2.84,3.56,2.54,,,,,,,,2022/2023
E0,2023-05-14,Brentford,West Ham,2.0,0.0,H,24.0,4.0,10.0,4.0,5.0,5.0,7.0,5.0,1.0,0.0,0.0,0.0,2.0,3.5,3.6,2.06,3.65,3.71,,,,,,,,2022/2023
E0,2023-05-14,Everton,Manchester City,0.0,3.0,A,7.0,9.0,3.0,4.0,12.0,4.0,8.0,6.0,1.0,0.0,0.0,0.0,9.0,4.75,1.36,8.95,5.45,1.36,,,,,,,,2022/2023
E0,2023-05-14,Arsenal,Brighton,0.0,3.0,A,14.0,12.0,2.0,6.0,13.0,17.0,5.0,2.0,1.0,2.0,0.0,0.0,1.73,4.2,4.2,1.78,4.36,4.21,,,,,,,,2022/2023
E0,2023-05-15,Leicester,Liverpool,0.0,3.0,A,4.0,16.0,4.0,5.0,11.0,17.0,4.0,4.0,2.0,1.0,0.0,0.0,5.25,4.33,1.57,4.99,4.74,1.61,,,,,,,,2022/2023
E0,2023-05-18,Newcastle,Brighton,4.0,1.0,H,22.0,8.0,9.0,2.0,17.0,16.0,6.0,1.0,2.0,4.0,0.0,0.0,2.0,3.8,3.5,2.06,3.95,3.44,,,,,,,,2022/2023
E0,2023-05-20,Bournemouth,Manchester United,0.0,1.0,A,10.0,20.0,4.0,5.0,6.0,7.0,3.0,6.0,1.0,0.0,0.0,0.0,6.0,4.75,1.5,5.87,4.84,1.53,,,,,,,,2022/2023
E0,2023-05-20,Tottenham,Brentford,1.0,3.0,A,22.0,11.0,8.0,4.0,11.0,9.0,8.0,2.0,1.0,1.0,0.0,0.0,1.83,3.9,4.0,1.85,3.99,4.16,,,,,,,,2022/2023
E0,2023-05-20,Fulham,Crystal Palace,2.0,2.0,D,11.0,11.0,4.0,5.0,13.0,12.0,7.0,4.0,3.0,0.0,0.0,0.0,2.45,3.4,2.9,2.49,3.39,3.03,,,,,,,,2022/2023
E0,2023-05-20,Liverpool,Aston Villa,1.0,1.0,D,10.0,6.0,5.0,3.0,16.0,13.0,9.0,4.0,3.0,5.0,0.0,0.0,1.45,5.0,6.25,1.5,5.07,5.94,,,,,,,,2022/2023
E0,2023-05-20,Nott'm Forest,Arsenal,1.0,0.0,H,6.0,11.0,2.0,3.0,11.0,12.0,3.0,6.0,3.0,2.0,0.0,0.0,5.25,4.33,1.57,5.37,4.47,1.61,,,,,,,,2022/2023
E0,2023-05-20,Wolverhampton,Everton,1.0,1.0,D,13.0,19.0,5.0,4.0,18.0,10.0,1.0,7.0,5.0,1.0,0.0,0.0,2.75,3.3,2.6,2.81,3.36,2.67,,,,,,,,2022/2023
E0,2023-05-21,West Ham,Leeds,3.0,1.0,H,19.0,12.0,9.0,3.0,6.0,11.0,9.0,5.0,1.0,3.0,0.0,0.0,2.4,3.5,2.88,2.51,3.65,2.82,,,,,,,,2022/2023
E0,2023-05-21,Brighton,Southampton,3.0,1.0,H,26.0,5.0,8.0,1.0,8.0,9.0,4.0,3.0,2.0,5.0,0.0,0.0,1.22,7.0,11.0,1.23,6.99,12.43,,,,,,,,2022/2023
E0,2023-05-21,Manchester City,Chelsea,1.0,0.0,H,15.0,13.0,2.0,6.0,12.0,9.0,5.0,2.0,0.0,2.0,0.0,0.0,1.25,6.0,11.0,1.26,6.39,11.14,,,,,,,,2022/2023
E0,2023-05-22,Newcastle,Leicester,0.0,0.0,D,23.0,1.0,4.0,1.0,9.0,5.0,12.0,1.0,2.0,0.0,0.0,0.0,1.36,5.5,7.0,1.4,5.55,7.24,,,,,,,,2022/2023
E0,2023-05-24,Brighton,Manchester City,1.0,1.0,D,20.0,13.0,7.0,4.0,16.0,11.0,5.0,1.0,2.0,1.0,0.0,0.0,4.0,4.33,1.75,3.93,4.39,1.83,,,,,,,,2022/2023
E0,2023-05-25,Manchester United,Chelsea,4.0,1.0,H,18.0,14.0,9.0,5.0,12.0,6.0,3.0,4.0,1.0,1.0,0.0,0.0,1.6,4.33,5.0,1.63,4.49,5.19,,,,,,,,2022/2023
E0,2023-05-28,Arsenal,Wolverhampton,5.0,0.0,H,14.0,6.0,8.0,0.0,8.0,11.0,8.0,4.0,0.0,0.0,0.0,0.0,1.36,5.25,8.0,1.38,5.51,7.66,,,,,,,,2022/2023
E0,2023-05-28,Aston Villa,Brighton,2.0,1.0,H,12.0,8.0,5.0,4.0,15.0,16.0,4.0,3.0,4.0,4.0,0.0,0.0,2.0,3.6,3.5,2.05,4.03,3.35,,,,,,,,2022/2023
E0,2023-05-28,Brentford,Manchester City,1.0,0.0,H,11.0,17.0,4.0,3.0,12.0,8.0,3.0,4.0,4.0,0.0,0.0,0.0,3.8,4.0,1.83,4.04,4.1,1.84,,,,,,,,2022/2023
E0,2023-05-28,Chelsea,Newcastle,1.0,1.0,D,22.0,13.0,5.0,4.0,9.0,11.0,10.0,3.0,0.0,0.0,0.0,0.0,2.9,3.5,2.38,2.89,3.74,2.38,,,,,,,,2022/2023
E0,2023-05-28,Crystal Palace,Nott'm Forest,1.0,1.0,D,16.0,7.0,4.0,4.0,9.0,13.0,5.0,4.0,0.0,2.0,0.0,0.0,1.67,4.0,5.0,1.68,4.28,4.8,,,,,,,,2022/2023
E0,2023-05-28,Everton,Bournemouth,1.0,0.0,H,13.0,7.0,6.0,2.0,11.0,12.0,9.0,3.0,1.0,3.0,0.0,0.0,1.5,4.5,6.5,1.5,4.63,6.54,,,,,,,,2022/2023
E0,2023-05-28,Leeds,Tottenham,1.0,4.0,A,19.0,11.0,2.0,7.0,7.0,5.0,12.0,3.0,3.0,0.0,0.0,0.0,2.75,3.8,2.3,2.81,3.93,2.36,,,,,,,,2022/2023
E0,2023-05-28,Leicester,West Ham,2.0,1.0,H,13.0,16.0,4.0,3.0,8.0,10.0,3.0,5.0,1.0,1.0,0.0,0.0,1.91,3.8,3.6,1.95,4.02,3.64,,,,,,,,2022/2023
E0,2023-05-28,Manchester United,Fulham,2.0,1.0,H,21.0,10.0,8.0,3.0,14.0,10.0,5.0,4.0,1.0,2.0,0.0,0.0,1.5,4.33,6.0,1.53,4.65,5.84,,,,,,,,2022/2023
E0,2023-05-28,Southampton,Liverpool,4.0,4.0,D,15.0,30.0,10.0,8.0,4.0,10.0,2.0,9.0,0.0,2.0,0.0,0.0,6.5,4.75,1.44,6.68,5.29,1.43,,,,,,,,2022/2023
E0,2023-08-11,Burnley,Manchester City,0.0,3.0,A,6.0,17.0,1.0,8.0,11.0,8.0,6.0,5.0,0.0,0.0,1.0,0.0,8.0,5.5,1.33,8.58,5.51,1.37,,,,,,,,2023/2024
E0,2023-08-12,Arsenal,Nott'm Forest,2.0,1.0,H,15.0,6.0,7.0,2.0,12.0,12.0,8.0,3.0,2.0,2.0,0.0,0.0,1.18,7.0,15.0,1.18,7.86,15.67,,,,,,,,2023/2024
E0,2023-08-12,Bournemouth,West Ham,1.0,1.0,D,14.0,16.0,5.0,3.0,9.0,14.0,10.0,4.0,1.0,4.0,0.0,0.0,2.7,3.4,2.55,2.7,3.47,2.71,,,,,,,,2023/2024
E0,2023-08-12,Brighton,Luton,4.0,1.0,H,27.0,9.0,12.0,3.0,11.0,12.0,6.0,7.0,2.0,2.0,0.0,0.0,1.33,5.5,9.0,1.33,5.65,9.61,,,,,,,,2023/2024
E0,2023-08-12,Everton,Fulham,0.0,1.0,A,19.0,9.0,9.0,2.0,12.0,6.0,10.0,4.0,0.0,2.0,0.0,0.0,2.2,3.4,3.3,2.27,3.45,3.35,,,,,,,,2023/2024
E0,2023-08-12,Sheffield United,Crystal Palace,0.0,1.0,A,8.0,24.0,1.0,8.0,18.0,11.0,5.0,5.0,3.0,0.0,0.0,0.0,3.0,3.3,2.38,3.28,3.22,2.43,,,,,,,,2023/2024
E0,2023-08-12,Newcastle,Aston Villa,5.0,1.0,H,17.0,16.0,13.0,6.0,12.0,17.0,6.0,5.0,4.0,4.0,0.0,0.0,1.75,3.75,4.6,1.77,3.92,4.77,,,,,,,,2023/2024
E0,2023-08-13,Brentford,Tottenham,2.0,2.0,D,11.0,18.0,6.0,6.0,12.0,13.0,3.0,6.0,1.0,4.0,0.0,0.0,2.75,3.4,2.45,2.76,3.65,2.55,,,,,,,,2023/2024
E0,2023-08-13,Chelsea,Liverpool,1.0,1.0,D,10.0,13.0,4.0,1.0,5.0,12.0,4.0,4.0,3.0,3.0,0.0,0.0,2.9,3.4,2.38,2.97,3.64,2.4,,,,,,,,2023/2024
E0,2023-08-14,Manchester United,Wolverhampton,1.0,0.0,H,15.0,23.0,3.0,6.0,14.0,10.0,8.0,7.0,2.0,3.0,0.0,0.0,1.33,5.5,9.0,1.32,5.79,9.66,,,,,,,,2023/2024
E0,2023-08-18,Nott'm Forest,Sheffield United,2.0,1.0,H,16.0,7.0,4.0,3.0,5.0,9.0,6.0,7.0,2.0,3.0,0.0,0.0,1.95,3.4,4.0,1.97,3.48,4.37,,,,,,,,2023/2024
E0,2023-08-19,Fulham,Brentford,0.0,3.0,A,10.0,17.0,2.0,8.0,13.0,12.0,5.0,5.0,2.0,2.0,1.0,0.0,2.7,3.3,2.63,2.76,3.43,2.67,,,,,,,,2023/2024
E0,2023-08-19,Liverpool,Bournemouth,3.0,1.0,H,26.0,13.0,10.0,5.0,11.0,13.0,10.0,2.0,1.0,3.0,1.0,0.0,1.2,7.0,13.0,1.23,7.14,11.46,,,,,,,,2023/2024
E0,2023-08-19,Wolverhampton,Brighton,1.0,4.0,A,16.0,16.0,5.0,8.0,14.0,11.0,5.0,3.0,3.0,6.0,1.0,0.0,4.0,3.8,1.85,4.12,3.92,1.88,,,,,,,,2023/2024
E0,2023-08-19,Tottenham,Manchester United,2.0,0.0,H,17.0,22.0,6.0,6.0,9.0,8.0,5.0,6.0,1.0,3.0,0.0,0.0,2.8,3.6,2.38,2.85,3.82,2.41,,,,,,,,2023/2024
E0,2023-08-19,Manchester City,Newcastle,1.0,0.0,H,14.0,7.0,4.0,1.0,12.0,11.0,3.0,0.0,1.0,5.0,0.0,0.0,1.67,4.0,5.0,1.73,4.1,4.8,,,,,,,,2023/2024
E0,2023-08-20,Aston Villa,Everton,4.0,0.0,H,13.0,9.0,7.0,2.0,8.0,12.0,7.0,6.0,3.0,4.0,0.0,0.0,1.7,4.0,4.5,1.72,3.99,5.06,,,,,,,,2023/2024
E0,2023-08-20,West Ham,Chelsea,3.0,1.0,H,12.0,17.0,6.0,4.0,12.0,9.0,3.0,9.0,2.0,3.0,1.0,0.0,3.75,3.5,2.0,3.68,3.57,2.1,,,,,,,,2023/2024
E0,2023-08-21,Crystal Palace,Arsenal,0.0,1.0,A,14.0,14.0,2.0,3.0,14.0,10.0,1.0,8.0,2.0,1.0,0.0,1.0,5.5,4.0,1.6,5.73,4.12,1.63,,,,,,,,2023/2024
E0,2023-08-25,Chelsea,Luton,3.0,0.0,H,19.0,11.0,8.0,1.0,15.0,12.0,6.0,4.0,2.0,3.0,0.0,0.0,1.29,5.5,11.0,1.3,6.08,10.68,,,,,,,,2023/2024
E0,2023-08-26,Brentford,Crystal Palace,1.0,1.0,D,12.0,15.0,1.0,5.0,9.0,15.0,8.0,6.0,0.0,0.0,0.0,0.0,2.15,3.4,3.5,2.17,3.43,3.62,,,,,,,,2023/2024
E0,2023-08-26,Arsenal,Fulham,2.0,2.0,D,19.0,8.0,11.0,3.0,6.0,5.0,8.0,3.0,0.0,3.0,0.0,1.0,1.2,7.0,13.0,1.24,6.07,15.25,,,,,,,,2023/2024
E0,2023-08-26,Bournemouth,Tottenham,0.0,2.0,A,11.0,17.0,3.0,6.0,18.0,11.0,6.0,2.0,1.0,3.0,0.0,0.0,3.8,3.75,1.91,3.72,4.04,1.95,,,,,,,,2023/2024
E0,2023-08-26,Brighton,West Ham,1.0,3.0,A,25.0,12.0,10.0,3.0,10.0,9.0,17.0,4.0,1.0,3.0,0.0,0.0,1.53,4.75,5.25,1.54,4.74,5.81,,,,,,,,2023/2024
E0,2023-08-26,Manchester United,Nott'm Forest,3.0,2.0,H,18.0,9.0,9.0,4.0,13.0,11.0,11.0,3.0,4.0,4.0,0.0,1.0,1.3,6.0,8.0,1.32,5.98,9.11,,,,,,,,2023/2024
E0,2023-08-26,Everton,Wolverhampton,0.0,1.0,A,15.0,11.0,7.0,2.0,10.0,14.0,7.0,0.0,3.0,4.0,0.0,0.0,2.3,3.3,3.2,2.34,3.32,3.34,,,,,,,,2023/2024
E0,2023-08-27,Burnley,Aston Villa,1.0,3.0,A,9.0,16.0,2.0,6.0,12.0,11.0,4.0,6.0,2.0,0.0,0.0,0.0,3.4,3.4,2.15,3.39,3.65,2.18,,,,,,,,2023/2024
E0,2023-08-27,Sheffield United,Manchester City,1.0,2.0,A,6.0,30.0,2.0,9.0,11.0,2.0,1.0,12.0,3.0,0.0,0.0,0.0,13.0,8.0,1.17,16.72,7.73,1.18,,,,,,,,2023/2024
E0,2023-08-27,Newcastle,Liverpool,1.0,2.0,A,23.0,9.0,8.0,4.0,16.0,10.0,5.0,9.0,1.0,2.0,0.0,1.0,2.2,3.75,3.0,2.2,3.95,3.13,,,,,,,,2023/2024
E0,2023-09-01,Luton,West Ham,1.0,2.0,A,16.0,9.0,1.0,3.0,8.0,13.0,9.0,6.0,1.0,1.0,0.0,0.0,4.75,3.8,1.73,4.82,4.04,1.75,,,,,,,,2023/2024
E0,2023-09-02,Sheffield United,Everton,2.0,2.0,D,13.0,16.0,8.0,6.0,11.0,13.0,4.0,6.0,1.0,2.0,0.0,0.0,2.9,3.25,2.5,3.06,3.27,2.53,,,,,,,,2023/2024
E0,2023-09-02,Brentford,Bournemouth,2.0,2.0,D,21.0,12.0,7.0,5.0,6.0,13.0,5.0,2.0,1.0,2.0,0.0,0.0,1.73,3.8,4.75,1.75,4.14,4.62,,,,,,,,2023/2024
E0,2023-09-02,Burnley,Tottenham,2.0,5.0,A,16.0,20.0,4.0,10.0,15.0,9.0,7.0,4.0,4.0,3.0,0.0,0.0,3.6,4.0,1.85,3.97,4.04,1.88,,,,,,,,2023/2024
E0,2023-09-02,Chelsea,Nott'm Forest,0.0,1.0,A,21.0,7.0,2.0,3.0,10.0,9.0,8.0,0.0,3.0,4.0,0.0,0.0,1.4,4.5,8.5,1.39,5.1,8.62,,,,,,,,2023/2024
E0,2023-09-02,Manchester City,Fulham,5.0,1.0,H,7.0,6.0,5.0,4.0,12.0,12.0,4.0,5.0,2.0,4.0,0.0,0.0,1.17,8.0,15.0,1.15,8.93,18.11,,,,,,,,2023/2024
E0,2023-09-02,Brighton,Newcastle,3.0,1.0,H,15.0,9.0,6.0,2.0,14.0,17.0,5.0,3.0,4.0,4.0,0.0,0.0,2.5,3.8,2.55,2.59,3.94,2.58,,,,,,,,2023/2024
E0,2023-09-03,Crystal Palace,Wolverhampton,3.0,2.0,H,16.0,12.0,11.0,4.0,12.0,12.0,4.0,2.0,1.0,3.0,0.0,0.0,1.91,3.3,4.33,1.97,3.5,4.25,,,,,,,,2023/2024
E0,2023-09-03,Liverpool,Aston Villa,3.0,0.0,H,17.0,9.0,4.0,3.0,12.0,7.0,7.0,3.0,0.0,1.0,0.0,0.0,1.65,4.5,4.5,1.68,4.61,4.6,,,,,,,,2023/2024
E0,2023-09-03,Arsenal,Manchester United,3.0,1.0,H,17.0,10.0,5.0,2.0,8.0,7.0,12.0,3.0,2.0,3.0,0.0,0.0,1.75,3.8,4.5,1.77,4.08,4.55,,,,,,,,2023/2024
E0,2023-09-16,Wolverhampton,Liverpool,1.0,3.0,A,11.0,16.0,2.0,6.0,10.0,4.0,4.0,4.0,1.0,3.0,0.0,0.0,6.0,5.0,1.45,6.66,4.98,1.47,,,,,,,,2023/2024
E0,2023-09-16,Aston Villa,Crystal Palace,3.0,1.0,H,16.0,6.0,5.0,3.0,13.0,9.0,4.0,2.0,5.0,3.0,0.0,0.0,1.91,3.6,4.0,1.93,3.76,4.1,,,,,,,,2023/2024
E0,2023-09-16,Fulham,Luton,1.0,0.0,H,13.0,7.0,2.0,2.0,6.0,14.0,6.0,2.0,2.0,2.0,0.0,0.0,1.67,3.75,5.5,1.68,4.03,5.31,,,,,,,,2023/2024
E0,2023-09-16,Manchester United,Brighton,1.0,3.0,A,14.0,10.0,4.0,8.0,8.0,9.0,8.0,1.0,2.0,2.0,0.0,0.0,2.15,4.0,2.88,2.25,4.02,2.99,,,,,,,,2023/2024
E0,2023-09-16,Tottenham,Sheffield United,2.0,1.0,H,28.0,7.0,10.0,5.0,13.0,14.0,15.0,2.0,6.0,5.0,0.0,1.0,1.29,5.5,11.0,1.29,6.08,10.21,,,,,,,,2023/2024
E0,2023-09-16,West Ham,Manchester City,1.0,3.0,A,6.0,29.0,3.0,15.0,7.0,11.0,4.0,11.0,3.0,2.0,0.0,0.0,7.0,4.5,1.45,6.58,4.7,1.5,,,,,,,,2023/2024
E0,2023-09-16,Newcastle,Brentford,1.0,0.0,H,9.0,11.0,2.0,2.0,8.0,12.0,8.0,3.0,3.0,5.0,0.0,0.0,1.53,4.2,6.0,1.54,4.47,6.3,,,,,,,,2023/2024
E0,2023-09-17,Bournemouth,Chelsea,0.0,0.0,D,13.0,14.0,4.0,6.0,15.0,20.0,1.0,7.0,1.0,5.0,0.0,0.0,4.33,3.75,1.8,4.39,4.05,1.8,,,,,,,,2023/2024
E0,2023-09-17,Everton,Arsenal,0.0,1.0,A,8.0,13.0,1.0,4.0,12.0,10.0,1.0,11.0,1.0,1.0,0.0,0.0,6.0,4.5,1.5,6.3,4.54,1.53,,,,,,,,2023/2024
E0,2023-09-18,Nott'm Forest,Burnley,1.0,1.0,D,14.0,10.0,4.0,3.0,16.0,10.0,5.0,4.0,2.0,3.0,0.0,1.0,2.2,3.5,3.25,2.23,3.58,3.33,,,,,,,,2023/2024
E0,2023-09-23,Crystal Palace,Fulham,0.0,0.0,D,7.0,10.0,3.0,5.0,10.0,15.0,3.0,2.0,3.0,2.0,0.0,0.0,1.91,3.4,4.2,1.99,3.54,4.11,,,,,,,,2023/2024
E0,2023-09-23,Luton,Wolverhampton,1.0,1.0,D,20.0,3.0,4.0,3.0,12.0,17.0,10.0,1.0,0.0,2.0,0.0,1.0,3.25,3.4,2.2,3.26,3.47,2.31,,,,,,,,2023/2024
E0,2023-09-23,Manchester City,Nott'm Forest,2.0,0.0,H,7.0,10.0,4.0,3.0,5.0,17.0,6.0,6.0,3.0,7.0,1.0,0.0,1.14,8.5,15.0,1.15,9.04,17.91,,,,,,,,2023/2024
E0,2023-09-23,Brentford,Everton,1.0,3.0,A,12.0,18.0,2.0,6.0,9.0,12.0,1.0,4.0,2.0,2.0,0.0,0.0,1.8,3.8,4.2,1.81,3.8,4.67,,,,,,,,2023/2024
E0,2023-09-23,Burnley,Manchester United,0.0,1.0,A,12.0,11.0,4.0,4.0,6.0,12.0,9.0,5.0,1.0,2.0,0.0,0.0,4.2,4.2,1.73,4.28,4.31,1.77,,,,,,,,2023/2024
E0,2023-09-24,Arsenal,Tottenham,2.0,2.0,D,13.0,13.0,6.0,5.0,12.0,19.0,11.0,4.0,3.0,4.0,0.0,0.0,1.67,4.33,4.33,1.68,4.45,4.69,,,,,,,,2023/2024
E0,2023-09-24,Brighton,Bournemouth,3.0,1.0,H,13.0,12.0,4.0,4.0,12.0,17.0,4.0,4.0,3.0,3.0,0.0,0.0,1.36,5.25,7.5,1.41,5.08,7.9,,,,,,,,2023/2024
E0,2023-09-24,Chelsea,Aston Villa,0.0,1.0,A,10.0,15.0,4.0,7.0,9.0,11.0,5.0,11.0,2.0,3.0,0.0,0.0,1.91,3.75,3.8,1.93,3.9,3.93,,,,,,,,2023/2024
E0,2023-09-24,Liverpool,West Ham,3.0,1.0,H,22.0,11.0,7.0,4.0,12.0,13.0,7.0,4.0,0.0,2.0,0.0,0.0,1.4,5.0,7.0,1.4,5.67,7.21,,,,,,,,2023/2024
E0,2023-09-24,Sheffield United,Newcastle,0.0,8.0,A,9.0,22.0,1.0,15.0,12.0,8.0,2.0,6.0,3.0,0.0,0.0,0.0,7.0,4.75,1.44,7.05,4.98,1.45,,,,,,,,2023/2024
E0,2023-09-30,Everton,Luton,1.0,2.0,A,23.0,9.0,5.0,2.0,8.0,10.0,3.0,6.0,0.0,1.0,0.0,0.0,1.57,3.8,6.5,1.62,3.94,6.24,,,,,,,,2023/2024
E0,2023-09-30,Manchester United,Crystal Palace,0.0,1.0,A,19.0,8.0,4.0,2.0,10.0,8.0,10.0,4.0,3.0,2.0,0.0,0.0,1.55,4.2,5.75,1.57,4.36,5.96,,,,,,,,2023/2024
E0,2023-09-30,Bournemouth,Arsenal,0.0,4.0,A,8.0,15.0,1.0,8.0,11.0,10.0,6.0,6.0,0.0,1.0,0.0,0.0,5.5,4.5,1.53,5.59,4.77,1.56,,,,,,,,2023/2024
E0,2023-09-30,Aston Villa,Brighton,6.0,1.0,H,19.0,11.0,9.0,3.0,19.0,21.0,1.0,3.0,4.0,4.0,0.0,0.0,2.55,3.75,2.55,2.58,3.96,2.58,,,,,,,,2023/2024
E0,2023-09-30,West Ham,Sheffield United,2.0,0.0,H,20.0,16.0,9.0,2.0,6.0,9.0,7.0,4.0,1.0,1.0,0.0,0.0,1.45,4.5,7.0,1.44,4.94,7.44,,,,,,,,2023/2024
E0,2023-09-30,Wolverhampton,Manchester City,2.0,1.0,H,3.0,23.0,1.0,8.0,18.0,12.0,0.0,6.0,5.0,4.0,0.0,0.0,8.0,5.75,1.33,9.61,5.75,1.33,,,,,,,,2023/2024
E0,2023-09-30,Tottenham,Liverpool,2.0,1.0,H,24.0,12.0,8.0,4.0,11.0,17.0,12.0,5.0,5.0,4.0,0.0,2.0,2.9,4.0,2.15,2.98,4.12,2.23,,,,,,,,2023/2024
E0,2023-09-30,Newcastle,Burnley,2.0,0.0,H,20.0,8.0,8.0,2.0,7.0,15.0,5.0,3.0,1.0,3.0,0.0,0.0,1.3,5.75,9.0,1.34,5.67,9.15,,,,,,,,2023/2024
E0,2023-10-01,Nott'm Forest,Brentford,1.0,1.0,D,6.0,18.0,1.0,5.0,6.0,10.0,1.0,11.0,1.0,2.0,1.0,0.0,2.75,3.1,2.7,2.84,3.29,2.69,,,,,,,,2023/2024
E0,2023-10-02,Fulham,Chelsea,0.0,2.0,A,10.0,11.0,3.0,4.0,15.0,12.0,8.0,1.0,1.0,4.0,0.0,0.0,3.6,3.5,2.05,3.93,3.45,2.06,,,,,,,,2023/2024
E0,2023-10-03,Luton,Burnley,1.0,2.0,A,18.0,14.0,3.0,4.0,14.0,6.0,7.0,6.0,4.0,2.0,0.0,0.0,2.9,3.0,2.63,2.94,3.23,2.65,,,,,,,,2023/2024
E0,2023-10-07,Luton,Tottenham,0.0,1.0,A,12.0,15.0,2.0,4.0,16.0,7.0,5.0,6.0,2.0,1.0,0.0,1.0,6.0,4.75,1.45,6.91,4.98,1.46,,,,,,,,2023/2024
E0,2023-10-07,Burnley,Chelsea,1.0,4.0,A,10.0,9.0,3.0,5.0,11.0,8.0,7.0,3.0,2.0,4.0,0.0,0.0,4.5,3.8,1.73,4.58,3.98,1.78,,,,,,,,2023/2024
E0,2023-10-07,Everton,Bournemouth,3.0,0.0,H,25.0,11.0,8.0,4.0,14.0,15.0,8.0,7.0,1.0,2.0,0.0,0.0,1.91,3.6,3.8,1.99,3.71,3.88,,,,,,,,2023/2024
E0,2023-10-07,Fulham,Sheffield United,3.0,1.0,H,20.0,5.0,6.0,2.0,8.0,10.0,9.0,4.0,1.0,2.0,0.0,0.0,1.62,3.8,6.0,1.64,4.0,5.9,,,,,,,,2023/2024
E0,2023-10-07,Manchester United,Brentford,2.0,1.0,H,21.0,11.0,8.0,3.0,10.0,17.0,7.0,5.0,0.0,5.0,0.0,0.0,1.67,4.2,4.75,1.7,4.23,4.87,,,,,,,,2023/2024
E0,2023-10-07,Crystal Palace,Nott'm Forest,0.0,0.0,D,8.0,16.0,2.0,5.0,7.0,12.0,3.0,7.0,0.0,1.0,0.0,0.0,2.2,3.1,3.6,2.26,3.3,3.54,,,,,,,,2023/2024
E0,2023-10-08,West Ham,Newcastle,2.0,2.0,D,5.0,10.0,3.0,3.0,11.0,18.0,4.0,2.0,3.0,3.0,0.0,0.0,3.2,3.75,2.1,3.41,3.79,2.12,,,,,,,,2023/2024
E0,2023-10-08,Brighton,Liverpool,2.0,2.0,D,14.0,14.0,3.0,4.0,12.0,20.0,8.0,1.0,1.0,2.0,0.0,0.0,3.0,3.8,2.2,3.14,4.02,2.17,,,,,,,,2023/2024
E0,2023-10-08,Arsenal,Manchester City,1.0,0.0,H,12.0,4.0,2.0,1.0,8.0,7.0,5.0,4.0,2.0,3.0,0.0,0.0,2.9,3.3,2.4,2.99,3.49,2.46,,,,,,,,2023/2024
E0,2023-10-08,Wolverhampton,Aston Villa,1.0,1.0,D,8.0,18.0,3.0,4.0,19.0,9.0,2.0,10.0,2.0,2.0,1.0,0.0,3.5,3.4,2.1,3.39,3.64,2.18,,,,,,,,2023/2024
E0,2023-10-21,Liverpool,Everton,2.0,0.0,H,26.0,6.0,6.0,1.0,9.0,9.0,12.0,4.0,1.0,1.0,0.0,1.0,1.33,5.75,7.5,1.37,5.77,7.65,,,,,,,,2023/2024
E0,2023-10-21,Bournemouth,Wolverhampton,1.0,2.0,A,7.0,20.0,4.0,7.0,15.0,10.0,3.0,12.0,2.0,6.0,1.0,0.0,2.38,3.4,3.0,2.45,3.49,3.01,,,,,,,,2023/2024
E0,2023-10-21,Brentford,Burnley,3.0,0.0,H,23.0,6.0,10.0,1.0,14.0,12.0,5.0,5.0,5.0,2.0,0.0,1.0,1.83,3.75,4.2,1.87,3.77,4.37,,,,,,,,2023/2024
E0,2023-10-21,Manchester City,Brighton,2.0,1.0,H,10.0,5.0,6.0,3.0,9.0,11.0,2.0,2.0,2.0,2.0,1.0,0.0,1.4,5.25,6.5,1.42,5.45,6.93,,,,,,,,2023/2024
E0,2023-10-21,Newcastle,Crystal Palace,4.0,0.0,H,10.0,17.0,7.0,3.0,7.0,12.0,6.0,8.0,2.0,3.0,0.0,0.0,1.45,4.5,7.0,1.46,4.63,7.7,,,,,,,,2023/2024
E0,2023-10-21,Nott'm Forest,Luton,2.0,2.0,D,19.0,13.0,8.0,4.0,12.0,11.0,4.0,2.0,3.0,0.0,0.0,0.0,1.67,3.75,5.5,1.7,3.89,5.43,,,,,,,,2023/2024
E0,2023-10-21,Chelsea,Arsenal,2.0,2.0,D,11.0,13.0,5.0,3.0,7.0,14.0,2.0,7.0,3.0,3.0,0.0,0.0,3.2,3.4,2.25,3.33,3.5,2.26,,,,,,,,2023/2024
E0,2023-10-21,Sheffield United,Manchester United,1.0,2.0,A,12.0,14.0,6.0,5.0,12.0,10.0,5.0,4.0,3.0,1.0,0.0,0.0,6.5,5.25,1.4,7.57,5.24,1.41,,,,,,,,2023/2024
E0,2023-10-22,Aston Villa,West Ham,4.0,1.0,H,15.0,14.0,7.0,4.0,9.0,15.0,8.0,7.0,0.0,1.0,0.0,0.0,1.85,3.6,4.0,1.9,3.93,4.01,,,,,,,,2023/2024
E0,2023-10-23,Tottenham,Fulham,2.0,0.0,H,15.0,10.0,5.0,3.0,10.0,14.0,3.0,5.0,2.0,0.0,0.0,0.0,1.5,4.5,6.0,1.51,4.85,6.06,,,,,,,,2023/2024
E0,2023-10-27,Crystal Palace,Tottenham,1.0,2.0,A,13.0,10.0,3.0,1.0,19.0,11.0,11.0,2.0,2.0,1.0,0.0,0.0,4.5,3.75,1.75,4.7,3.84,1.79,,,,,,,,2023/2024
E0,2023-10-28,Chelsea,Brentford,0.0,2.0,A,17.0,7.0,2.0,5.0,12.0,7.0,10.0,1.0,1.0,4.0,0.0,0.0,1.65,4.0,5.25,1.66,4.15,5.32,,,,,,,,2023/2024
E0,2023-10-28,Arsenal,Sheffield United,5.0,0.0,H,13.0,2.0,8.0,0.0,9.0,13.0,6.0,1.0,0.0,3.0,0.0,0.0,1.13,8.5,19.0,1.13,10.16,21.31,,,,,,,,2023/2024
E0,2023-10-28,Bournemouth,Burnley,2.0,1.0,H,13.0,6.0,6.0,3.0,9.0,12.0,10.0,5.0,2.0,3.0,0.0,0.0,2.15,3.5,3.3,2.1,3.76,3.49,,,,,,,,2023/2024
E0,2023-10-28,Wolverhampton,Newcastle,2.0,2.0,D,11.0,13.0,6.0,5.0,13.0,15.0,8.0,7.0,1.0,4.0,0.0,0.0,4.2,4.0,1.75,4.22,3.99,1.84,,,,,,,,2023/2024
E0,2023-10-29,West Ham,Everton,0.0,1.0,A,12.0,10.0,2.0,4.0,7.0,11.0,4.0,3.0,4.0,1.0,0.0,0.0,2.15,3.5,3.3,2.18,3.62,3.41,,,,,,,,2023/2024
E0,2023-10-29,Aston Villa,Luton,3.0,1.0,H,17.0,7.0,6.0,1.0,11.0,10.0,6.0,4.0,3.0,2.0,0.0,0.0,1.25,6.5,9.5,1.28,6.23,10.8,,,,,,,,2023/2024
E0,2023-10-29,Brighton,Fulham,1.0,1.0,D,18.0,10.0,7.0,5.0,12.0,8.0,7.0,3.0,0.0,3.0,0.0,0.0,1.55,4.2,5.5,1.59,4.65,5.36,,,,,,,,2023/2024
E0,2023-10-29,Liverpool,Nott'm Forest,3.0,0.0,H,21.0,9.0,8.0,1.0,9.0,13.0,8.0,3.0,2.0,3.0,0.0,0.0,1.29,5.75,11.0,1.27,6.51,10.09,,,,,,,,2023/2024
E0,2023-10-29,Manchester United,Manchester City,0.0,3.0,A,7.0,21.0,3.0,10.0,9.0,4.0,7.0,12.0,4.0,1.0,0.0,0.0,5.0,3.8,1.67,5.16,4.07,1.69,,,,,,,,2023/2024
E0,2023-11-04,Fulham,Manchester United,0.0,1.0,A,18.0,12.0,3.0,5.0,9.0,15.0,9.0,4.0,5.0,2.0,0.0,0.0,3.2,3.6,2.2,3.22,3.68,2.22,,,,,,,,2023/2024
E0,2023-11-04,Brentford,West Ham,3.0,2.0,H,16.0,12.0,4.0,2.0,12.0,14.0,4.0,3.0,1.0,4.0,0.0,0.0,2.05,3.6,3.5,2.07,3.74,3.52,,,,,,,,2023/2024
E0,2023-11-04,Burnley,Crystal Palace,0.0,2.0,A,17.0,4.0,5.0,3.0,9.0,12.0,12.0,1.0,0.0,5.0,0.0,0.0,2.75,3.25,2.6,2.89,3.24,2.65,,,,,,,,2023/2024
E0,2023-11-04,Everton,Brighton,1.0,1.0,D,10.0,7.0,4.0,2.0,15.0,5.0,3.0,3.0,4.0,2.0,0.0,0.0,3.1,3.6,2.2,3.1,3.87,2.21,,,,,,,,2023/2024
E0,2023-11-04,Manchester City,Bournemouth,6.0,1.0,H,21.0,5.0,8.0,1.0,8.0,9.0,12.0,1.0,0.0,1.0,0.0,0.0,1.1,11.0,19.0,1.08,12.84,29.22,,,,,,,,2023/2024
E0,2023-11-04,Sheffield United,Wolverhampton,2.0,1.0,H,11.0,10.0,2.0,3.0,13.0,10.0,4.0,4.0,2.0,3.0,0.0,0.0,3.8,3.5,2.0,3.91,3.68,1.97,,,,,,,,2023/2024
E0,2023-11-04,Newcastle,Arsenal,1.0,0.0,H,9.0,14.0,2.0,1.0,14.0,9.0,0.0,11.0,5.0,1.0,0.0,0.0,2.8,3.2,2.6,2.83,3.41,2.59,,,,,,,,2023/2024
E0,2023-11-05,Nott'm Forest,Aston Villa,2.0,0.0,H,5.0,13.0,3.0,3.0,6.0,9.0,0.0,10.0,1.0,1.0,0.0,0.0,4.2,3.75,1.85,4.17,3.76,1.89,,,,,,,,2023/2024
E0,2023-11-05,Luton,Liverpool,1.0,1.0,D,8.0,24.0,5.0,6.0,7.0,13.0,4.0,7.0,1.0,1.0,0.0,0.0,12.0,6.5,1.22,11.23,6.76,1.24,,,,,,,,2023/2024
E0,2023-11-06,Tottenham,Chelsea,1.0,4.0,A,8.0,17.0,5.0,8.0,12.0,21.0,1.0,6.0,1.0,5.0,2.0,0.0,2.0,3.75,3.5,2.14,3.73,3.34,,,,,,,,2023/2024
E0,2023-11-11,Wolverhampton,Tottenham,2.0,1.0,H,17.0,6.0,4.0,2.0,19.0,15.0,11.0,3.0,4.0,3.0,0.0,0.0,3.1,3.75,2.2,3.11,3.78,2.23,,,,,,,,2023/2024
E0,2023-11-11,Arsenal,Burnley,3.0,1.0,H,16.0,8.0,6.0,5.0,8.0,9.0,3.0,3.0,0.0,1.0,1.0,0.0,1.18,7.0,17.0,1.19,7.47,14.74,,,,,,,,2023/2024
E0,2023-11-11,Crystal Palace,Everton,2.0,3.0,A,13.0,8.0,4.0,4.0,9.0,18.0,9.0,2.0,1.0,4.0,0.0,0.0,2.45,3.2,3.0,2.45,3.2,3.19,,,,,,,,2023/2024
E0,2023-11-11,Manchester United,Luton,1.0,0.0,H,15.0,10.0,4.0,4.0,9.0,11.0,11.0,3.0,0.0,2.0,0.0,0.0,1.33,5.25,9.5,1.31,5.86,9.36,,,,,,,,2023/2024
E0,2023-11-11,Bournemouth,Newcastle,2.0,0.0,H,19.0,8.0,10.0,5.0,10.0,4.0,6.0,5.0,2.0,1.0,0.0,0.0,4.75,4.0,1.73,4.52,4.06,1.76,,,,,,,,2023/2024
E0,2023-11-12,Liverpool,Brentford,3.0,0.0,H,17.0,16.0,10.0,3.0,16.0,12.0,6.0,8.0,1.0,2.0,0.0,0.0,1.4,5.0,6.5,1.41,5.26,7.17,,,,,,,,2023/2024
E0,2023-11-12,Brighton,Sheffield United,1.0,1.0,D,11.0,9.0,6.0,1.0,13.0,16.0,6.0,3.0,3.0,2.0,1.0,0.0,1.25,5.75,13.0,1.24,6.8,11.28,,,,,,,,2023/2024
E0,2023-11-12,Chelsea,Manchester City,4.0,4.0,D,17.0,15.0,9.0,10.0,12.0,15.0,3.0,3.0,5.0,3.0,0.0,0.0,5.0,3.7,1.73,4.92,3.8,1.75,,,,,,,,2023/2024
E0,2023-11-12,West Ham,Nott'm Forest,3.0,2.0,H,16.0,10.0,6.0,5.0,9.0,12.0,9.0,4.0,2.0,2.0,0.0,0.0,1.85,3.6,4.0,1.89,3.79,4.1,,,,,,,,2023/2024
E0,2023-11-12,Aston Villa,Fulham,3.0,1.0,H,12.0,9.0,6.0,5.0,4.0,17.0,2.0,2.0,2.0,5.0,0.0,0.0,1.57,4.2,5.5,1.6,4.27,5.67,,,,,,,,2023/2024
E0,2023-11-25,Manchester City,Liverpool,1.0,1.0,D,16.0,8.0,5.0,3.0,9.0,11.0,9.0,6.0,1.0,3.0,0.0,0.0,1.73,4.2,4.2,1.75,4.37,4.24,,,,,,,,2023/2024
E0,2023-11-25,Burnley,West Ham,1.0,2.0,A,11.0,11.0,5.0,3.0,11.0,7.0,4.0,5.0,1.0,3.0,0.0,0.0,3.4,3.5,2.05,3.58,3.54,2.12,,,,,,,,2023/2024
E0,2023-11-25,Luton,Crystal Palace,2.0,1.0,H,8.0,16.0,3.0,8.0,15.0,12.0,4.0,5.0,6.0,1.0,0.0,0.0,3.6,3.3,2.1,3.7,3.41,2.13,,,,,,,,2023/2024
E0,2023-11-25,Newcastle,Chelsea,4.0,1.0,H,14.0,7.0,5.0,4.0,13.0,19.0,4.0,2.0,4.0,4.0,0.0,1.0,2.55,3.5,2.63,2.65,3.46,2.73,,,,,,,,2023/2024
E0,2023-11-25,Nott'm Forest,Brighton,2.0,3.0,A,18.0,11.0,5.0,5.0,12.0,7.0,6.0,4.0,2.0,4.0,0.0,1.0,3.2,3.6,2.15,3.32,3.63,2.19,,,,,,,,2023/2024
E0,2023-11-25,Sheffield United,Bournemouth,1.0,3.0,A,10.0,23.0,2.0,11.0,6.0,8.0,4.0,7.0,4.0,1.0,0.0,0.0,3.2,3.5,2.2,3.36,3.54,2.2,,,,,,,,2023/2024
E0,2023-11-25,Brentford,Arsenal,0.0,1.0,A,9.0,15.0,3.0,4.0,9.0,7.0,1.0,8.0,1.0,1.0,0.0,0.0,4.5,3.75,1.75,4.74,3.82,1.78,,,,,,,,2023/2024
E0,2023-11-26,Tottenham,Aston Villa,1.0,2.0,A,18.0,15.0,8.0,5.0,11.0,13.0,9.0,3.0,0.0,4.0,0.0,0.0,2.3,3.8,2.8,2.36,3.93,2.82,,,,,,,,2023/2024
E0,2023-11-26,Everton,Manchester United,0.0,3.0,A,24.0,9.0,6.0,4.0,10.0,8.0,6.0,5.0,3.0,0.0,0.0,0.0,2.7,3.4,2.55,2.75,3.51,2.6,,,,,,,,2023/2024
E0,2023-11-27,Fulham,Wolverhampton,3.0,2.0,H,12.0,10.0,6.0,6.0,13.0,13.0,6.0,2.0,2.0,2.0,0.0,0.0,2.38,3.3,3.0,2.45,3.37,3.05,,,,,,,,2023/2024
E0,2023-12-02,Burnley,Sheffield United,5.0,0.0,H,19.0,6.0,7.0,3.0,9.0,12.0,6.0,1.0,2.0,5.0,0.0,1.0,1.8,3.6,4.5,1.83,3.63,4.65,,,,,,,,2023/2024
E0,2023-12-02,Arsenal,Wolverhampton,2.0,1.0,H,19.0,6.0,6.0,3.0,10.0,10.0,4.0,0.0,1.0,2.0,0.0,0.0,1.25,5.5,12.0,1.29,5.9,10.82,,,,,,,,2023/2024
E0,2023-12-02,Nott'm Forest,Everton,0.0,1.0,A,13.0,12.0,2.0,3.0,15.0,14.0,4.0,3.0,1.0,0.0,0.0,0.0,2.75,3.25,2.6,2.85,3.31,2.64,,,,,,,,2023/2024
E0,2023-12-02,Newcastle,Manchester United,1.0,0.0,H,22.0,8.0,4.0,1.0,6.0,13.0,7.0,3.0,1.0,2.0,0.0,0.0,1.91,3.75,3.8,1.9,3.87,4.0,,,,,,,,2023/2024
E0,2023-12-02,Brentford,Luton,3.0,1.0,H,27.0,7.0,6.0,1.0,10.0,8.0,7.0,5.0,1.0,2.0,0.0,0.0,1.45,4.5,6.5,1.45,4.83,7.07,,,,,,,,2023/2024
E0,2023-12-03,Bournemouth,Aston Villa,2.0,2.0,D,15.0,11.0,7.0,3.0,16.0,12.0,7.0,7.0,5.0,3.0,0.0,0.0,3.4,4.0,1.95,3.56,4.07,1.97,,,,,,,,2023/2024
E0,2023-12-03,Chelsea,Brighton,3.0,2.0,H,8.0,18.0,5.0,9.0,16.0,12.0,5.0,8.0,3.0,5.0,1.0,0.0,1.73,4.2,4.2,1.75,4.21,4.4,,,,,,,,2023/2024
E0,2023-12-03,Liverpool,Fulham,4.0,3.0,H,26.0,9.0,12.0,5.0,6.0,7.0,3.0,4.0,0.0,0.0,0.0,0.0,1.25,6.5,9.0,1.25,6.76,10.35,,,,,,,,2023/2024
E0,2023-12-03,West Ham,Crystal Palace,1.0,1.0,D,9.0,9.0,3.0,2.0,17.0,7.0,2.0,3.0,2.0,0.0,0.0,0.0,2.0,3.5,3.8,2.01,3.56,3.92,,,,,,,,2023/2024
E0,2023-12-03,Manchester City,Tottenham,3.0,3.0,D,18.0,8.0,4.0,4.0,14.0,14.0,10.0,8.0,4.0,4.0,0.0,0.0,1.29,6.0,9.0,1.27,6.42,9.75,,,,,,,,2023/2024
E0,2023-12-05,Wolverhampton,Burnley,1.0,0.0,H,7.0,12.0,4.0,3.0,11.0,15.0,6.0,8.0,2.0,4.0,0.0,0.0,1.85,3.6,4.2,1.92,3.6,4.35,,,,,,,,2023/2024
E0,2023-12-05,Luton,Arsenal,3.0,4.0,A,6.0,23.0,4.0,9.0,14.0,7.0,3.0,8.0,2.0,1.0,0.0,0.0,17.0,7.0,1.18,14.73,6.77,1.22,,,,,,,,2023/2024
E0,2023-12-06,Crystal Palace,Bournemouth,0.0,2.0,A,16.0,11.0,3.0,4.0,10.0,17.0,3.0,9.0,1.0,3.0,0.0,0.0,2.25,3.5,3.1,2.3,3.45,3.23,,,,,,,,2023/2024
E0,2023-12-06,Fulham,Nott'm Forest,5.0,0.0,H,14.0,4.0,6.0,1.0,7.0,10.0,6.0,1.0,0.0,1.0,0.0,0.0,2.0,3.4,3.75,2.06,3.5,3.81,,,,,,,,2023/2024
E0,2023-12-06,Brighton,Brentford,2.0,1.0,H,18.0,8.0,7.0,2.0,10.0,8.0,7.0,3.0,3.0,1.0,0.0,0.0,1.91,3.8,3.75,1.94,3.89,3.79,,,,,,,,2023/2024
E0,2023-12-06,Aston Villa,Manchester City,1.0,0.0,H,22.0,2.0,7.0,2.0,13.0,13.0,6.0,0.0,2.0,2.0,0.0,0.0,4.75,4.2,1.7,4.35,4.29,1.75,,,,,,,,2023/2024
E0,2023-12-06,Manchester United,Chelsea,2.0,1.0,H,28.0,13.0,9.0,3.0,12.0,12.0,12.0,4.0,4.0,0.0,0.0,0.0,2.88,3.4,2.45,2.88,3.67,2.42,,,,,,,,2023/2024
E0,2023-12-06,Sheffield United,Liverpool,0.0,2.0,A,6.0,15.0,1.0,8.0,12.0,8.0,2.0,12.0,2.0,3.0,0.0,0.0,12.0,7.5,1.2,14.14,7.68,1.19,,,,,,,,2023/2024
E0,2023-12-07,Everton,Newcastle,3.0,0.0,H,21.0,13.0,6.0,3.0,18.0,8.0,5.0,2.0,3.0,0.0,0.0,0.0,3.25,3.25,2.25,3.17,3.41,2.36,,,,,,,,2023/2024
E0,2023-12-07,Tottenham,West Ham,1.0,2.0,A,23.0,11.0,7.0,5.0,11.0,12.0,8.0,4.0,3.0,3.0,0.0,0.0,1.75,4.2,4.2,1.8,4.31,4.04,,,,,,,,2023/2024
E0,2023-12-09,Crystal Palace,Liverpool,1.0,2.0,A,8.0,14.0,4.0,2.0,17.0,17.0,6.0,5.0,5.0,2.0,1.0,0.0,6.0,4.5,1.5,6.3,4.59,1.51,,,,,,,,2023/2024
E0,2023-12-09,Brighton,Burnley,1.0,1.0,D,29.0,6.0,11.0,3.0,5.0,8.0,9.0,1.0,0.0,4.0,0.0,0.0,1.5,4.75,6.0,1.5,4.69,6.31,,,,,,,,2023/2024
E0,2023-12-09,Manchester United,Bournemouth,0.0,3.0,A,20.0,10.0,3.0,4.0,7.0,10.0,10.0,4.0,3.0,1.0,0.0,0.0,1.55,4.33,5.75,1.55,4.7,5.52,,,,,,,,2023/2024
E0,2023-12-09,Sheffield United,Brentford,1.0,0.0,H,9.0,10.0,4.0,4.0,14.0,13.0,3.0,4.0,5.0,1.0,0.0,0.0,4.2,3.8,1.75,4.47,3.84,1.81,,,,,,,,2023/2024
E0,2023-12-09,Wolverhampton,Nott'm Forest,1.0,1.0,D,10.0,8.0,4.0,2.0,9.0,11.0,4.0,3.0,0.0,1.0,0.0,0.0,1.85,3.6,4.33,1.89,3.56,4.44,,,,,,,,2023/2024
E0,2023-12-09,Aston Villa,Arsenal,1.0,0.0,H,10.0,12.0,3.0,5.0,16.0,11.0,3.0,3.0,4.0,2.0,0.0,0.0,3.3,3.6,2.1,3.43,3.69,2.12,,,,,,,,2023/2024
E0,2023-12-10,Fulham,West Ham,5.0,0.0,H,14.0,9.0,8.0,5.0,5.0,10.0,3.0,6.0,2.0,1.0,0.0,0.0,2.38,3.5,2.9,2.44,3.4,3.03,,,,,,,,2023/2024
E0,2023-12-10,Everton,Chelsea,2.0,0.0,H,9.0,16.0,5.0,4.0,12.0,12.0,4.0,8.0,2.0,2.0,0.0,0.0,3.1,3.5,2.25,3.03,3.59,2.36,,,,,,,,2023/2024
E0,2023-12-10,Tottenham,Newcastle,4.0,1.0,H,23.0,9.0,12.0,3.0,10.0,12.0,3.0,6.0,1.0,3.0,0.0,0.0,2.15,3.8,3.1,2.23,3.84,3.08,,,,,,,,2023/2024
E0,2023-12-10,Luton,Manchester City,1.0,2.0,A,4.0,18.0,2.0,6.0,16.0,6.0,6.0,3.0,2.0,1.0,0.0,0.0,17.0,8.0,1.14,18.31,10.09,1.13,,,,,,,,2023/2024
E0,2023-12-15,Nott'm Forest,Tottenham,0.0,2.0,A,15.0,12.0,1.0,6.0,16.0,11.0,6.0,4.0,2.0,4.0,0.0,1.0,4.2,4.2,1.73,4.51,4.14,1.76,,,,,,,,2023/2024
E0,2023-12-16,Chelsea,Sheffield United,2.0,0.0,H,15.0,6.0,6.0,1.0,9.0,14.0,7.0,6.0,1.0,3.0,0.0,0.0,1.22,6.5,13.0,1.24,6.69,11.68,,,,,,,,2023/2024
E0,2023-12-16,Manchester City,Crystal Palace,2.0,2.0,D,19.0,5.0,9.0,2.0,12.0,9.0,6.0,1.0,1.0,1.0,0.0,0.0,1.18,8.0,13.0,1.17,7.98,15.35,,,,,,,,2023/2024
E0,2023-12-16,Newcastle,Fulham,3.0,0.0,H,27.0,6.0,10.0,4.0,7.0,12.0,5.0,1.0,0.0,2.0,0.0,1.0,1.8,3.8,4.0,1.87,3.94,4.04,,,,,,,,2023/2024
E0,2023-12-16,Burnley,Everton,0.0,2.0,A,14.0,9.0,2.0,6.0,9.0,8.0,8.0,6.0,0.0,1.0,0.0,0.0,3.6,3.4,2.1,3.66,3.44,2.13,,,,,,,,2023/2024
E0,2023-12-17,Arsenal,Brighton,2.0,0.0,H,26.0,6.0,9.0,1.0,11.0,9.0,10.0,1.0,1.0,3.0,0.0,0.0,1.44,5.0,6.0,1.48,4.76,6.67,,,,,,,,2023/2024
E0,2023-12-17,Brentford,Aston Villa,1.0,2.0,A,4.0,15.0,3.0,5.0,19.0,6.0,7.0,12.0,6.0,4.0,1.0,1.0,3.2,3.75,2.1,3.24,3.73,2.19,,,,,,,,2023/2024
E0,2023-12-17,West Ham,Wolverhampton,3.0,0.0,H,13.0,14.0,4.0,3.0,12.0,15.0,6.0,6.0,3.0,1.0,0.0,0.0,2.15,3.5,3.3,2.12,3.62,3.5,,,,,,,,2023/2024
E0,2023-12-17,Liverpool,Manchester United,0.0,0.0,D,34.0,6.0,8.0,1.0,13.0,8.0,12.0,0.0,2.0,4.0,0.0,1.0,1.3,6.0,8.0,1.32,5.99,8.37,,,,,,,,2023/2024
E0,2023-12-21,Crystal Palace,Brighton,1.0,1.0,D,11.0,18.0,3.0,6.0,12.0,11.0,3.0,1.0,5.0,2.0,0.0,0.0,3.3,3.3,2.15,3.4,3.47,2.22,,,,,,,,2023/2024
E0,2023-12-22,Aston Villa,Sheffield United,1.0,1.0,D,12.0,5.0,4.0,2.0,11.0,16.0,9.0,1.0,3.0,3.0,0.0,0.0,1.22,6.5,12.0,1.24,6.98,11.3,,,,,,,,2023/2024
E0,2023-12-23,West Ham,Manchester United,2.0,0.0,H,12.0,11.0,5.0,3.0,13.0,15.0,4.0,4.0,2.0,3.0,0.0,0.0,2.6,3.6,2.6,2.65,3.65,2.62,,,,,,,,2023/2024
E0,2023-12-23,Fulham,Burnley,0.0,2.0,A,19.0,7.0,5.0,2.0,5.0,17.0,8.0,6.0,2.0,1.0,0.0,0.0,1.67,3.75,5.25,1.7,3.96,5.12,,,,,,,,2023/2024
E0,2023-12-23,Luton,Newcastle,1.0,0.0,H,16.0,15.0,5.0,2.0,11.0,5.0,6.0,7.0,2.0,1.0,0.0,0.0,4.75,4.2,1.65,4.91,4.36,1.65,,,,,,,,2023/2024
E0,2023-12-23,Nott'm Forest,Bournemouth,2.0,3.0,A,11.0,18.0,5.0,7.0,10.0,10.0,6.0,6.0,0.0,3.0,1.0,0.0,2.75,3.4,2.55,2.74,3.52,2.61,,,,,,,,2023/2024
E0,2023-12-23,Tottenham,Everton,2.0,1.0,H,13.0,18.0,6.0,8.0,6.0,18.0,3.0,8.0,1.0,4.0,0.0,0.0,1.75,4.2,4.0,1.8,4.29,4.05,,,,,,,,2023/2024
E0,2023-12-23,Liverpool,Arsenal,1.0,1.0,D,13.0,13.0,3.0,2.0,13.0,14.0,4.0,5.0,2.0,5.0,0.0,0.0,2.38,3.6,2.8,2.47,3.63,2.84,,,,,,,,2023/2024
E0,2023-12-24,Wolverhampton,Chelsea,2.0,1.0,H,14.0,16.0,6.0,5.0,11.0,9.0,10.0,6.0,3.0,5.0,0.0,0.0,3.75,3.75,1.91,3.77,3.76,1.99,,,,,,,,2023/2024
E0,2023-12-26,Sheffield United,Luton,2.0,3.0,A,21.0,12.0,6.0,4.0,13.0,13.0,9.0,4.0,5.0,0.0,0.0,0.0,2.3,3.3,3.1,2.46,3.32,3.07,,,,,,,,2023/2024
E0,2023-12-26,Bournemouth,Fulham,3.0,0.0,H,16.0,8.0,4.0,3.0,10.0,10.0,6.0,5.0,0.0,2.0,0.0,0.0,2.15,3.6,3.2,2.22,3.69,3.2,,,,,,,,2023/2024
E0,2023-12-26,Manchester United,Aston Villa,3.0,2.0,H,13.0,10.0,7.0,4.0,10.0,10.0,3.0,6.0,1.0,3.0,0.0,0.0,2.6,3.5,2.6,2.68,3.62,2.61,,,,,,,,2023/2024
E0,2023-12-26,Burnley,Liverpool,0.0,2.0,A,9.0,19.0,0.0,10.0,7.0,10.0,4.0,4.0,2.0,1.0,0.0,0.0,6.5,5.25,1.4,8.02,5.32,1.38,,,,,,,,2023/2024
E0,2023-12-26,Newcastle,Nott'm Forest,1.0,3.0,A,19.0,15.0,7.0,6.0,10.0,11.0,10.0,2.0,3.0,3.0,0.0,0.0,1.5,4.33,5.75,1.51,4.42,6.64,,,,,,,,2023/2024
E0,2023-12-27,Brentford,Wolverhampton,1.0,4.0,A,14.0,11.0,4.0,5.0,5.0,14.0,8.0,2.0,1.0,1.0,0.0,0.0,1.95,3.5,4.2,1.94,3.66,4.07,,,,,,,,2023/2024
E0,2023-12-27,Chelsea,Crystal Palace,2.0,1.0,H,9.0,13.0,4.0,5.0,13.0,16.0,4.0,3.0,3.0,2.0,0.0,0.0,1.67,4.0,5.0,1.72,3.89,5.06,,,,,,,,2023/2024
E0,2023-12-27,Everton,Manchester City,1.0,3.0,A,7.0,23.0,2.0,9.0,13.0,5.0,8.0,4.0,4.0,2.0,0.0,0.0,5.75,4.0,1.57,6.32,4.1,1.57,,,,,,,,2023/2024
E0,2023-12-28,Brighton,Tottenham,4.0,2.0,H,15.0,19.0,9.0,3.0,18.0,6.0,7.0,6.0,3.0,2.0,0.0,0.0,2.5,3.6,2.6,2.53,4.05,2.56,,,,,,,,2023/2024
E0,2023-12-28,Arsenal,West Ham,0.0,2.0,A,30.0,6.0,8.0,3.0,8.0,8.0,10.0,3.0,2.0,0.0,0.0,0.0,1.33,5.5,7.5,1.36,5.49,8.28,,,,,,,,2023/2024
E0,2023-12-30,Luton,Chelsea,2.0,3.0,A,15.0,12.0,6.0,8.0,14.0,21.0,7.0,2.0,2.0,2.0,0.0,0.0,6.5,4.2,1.5,6.05,4.65,1.52,,,,,,,,2023/2024
E0,2023-12-30,Aston Villa,Burnley,3.0,2.0,H,19.0,9.0,7.0,5.0,9.0,14.0,6.0,2.0,4.0,1.0,0.0,1.0,1.36,5.25,7.5,1.38,5.29,8.1,,,,,,,,2023/2024
E0,2023-12-30,Crystal Palace,Brentford,3.0,1.0,H,13.0,9.0,6.0,4.0,14.0,10.0,7.0,4.0,0.0,1.0,0.0,0.0,2.2,3.3,3.4,2.22,3.3,3.58,,,,,,,,2023/2024
E0,2023-12-30,Manchester City,Sheffield United,2.0,0.0,H,18.0,4.0,4.0,2.0,5.0,6.0,12.0,2.0,1.0,1.0,0.0,0.0,1.08,11.0,29.0,1.07,14.55,28.9,,,,,,,,2023/2024
E0,2023-12-30,Wolverhampton,Everton,3.0,0.0,H,12.0,10.0,6.0,0.0,9.0,14.0,5.0,2.0,2.0,3.0,0.0,0.0,2.63,3.3,2.7,2.67,3.41,2.74,,,,,,,,2023/2024
E0,2023-12-30,Nott'm Forest,Manchester United,2.0,1.0,H,8.0,10.0,2.0,5.0,9.0,11.0,4.0,5.0,2.0,4.0,0.0,0.0,3.2,3.6,2.15,3.33,3.72,2.15,,,,,,,,2023/2024
E0,2023-12-31,Fulham,Arsenal,2.0,1.0,H,15.0,13.0,4.0,3.0,11.0,10.0,5.0,4.0,4.0,1.0,0.0,0.0,5.25,4.5,1.55,5.94,4.29,1.57,,,,,,,,2023/2024
E0,2023-12-31,Tottenham,Bournemouth,3.0,1.0,H,12.0,24.0,6.0,4.0,9.0,18.0,4.0,13.0,3.0,3.0,0.0,0.0,1.75,4.2,4.0,1.77,4.42,4.08,,,,,,,,2023/2024
E0,2024-01-01,Liverpool,Newcastle,4.0,2.0,H,34.0,5.0,15.0,3.0,16.0,15.0,7.0,3.0,3.0,5.0,0.0,0.0,1.45,4.5,7.0,1.45,4.96,6.69,,,,,,,,2023/2024
E0,2024-01-02,West Ham,Brighton,0.0,0.0,D,6.0,22.0,2.0,8.0,4.0,6.0,2.0,0.0,1.0,0.0,0.0,0.0,2.45,3.75,2.75,2.52,3.68,2.74,,,,,,,,2023/2024
E0,2024-01-12,Burnley,Luton,1.0,1.0,D,13.0,14.0,7.0,5.0,7.0,12.0,2.0,8.0,1.0,0.0,0.0,0.0,2.0,3.6,3.6,2.06,3.58,3.8,,,,,,,,2023/2024
E0,2024-01-13,Chelsea,Fulham,1.0,0.0,H,17.0,14.0,3.0,4.0,13.0,9.0,6.0,4.0,5.0,1.0,0.0,0.0,1.6,4.2,5.25,1.65,4.22,5.13,,,,,,,,2023/2024
E0,2024-01-13,Newcastle,Manchester City,2.0,3.0,A,12.0,27.0,5.0,11.0,7.0,7.0,3.0,13.0,1.0,2.0,0.0,0.0,5.5,4.33,1.55,5.63,4.53,1.56,,,,,,,,2023/2024
E0,2024-01-14,Everton,Aston Villa,0.0,0.0,D,10.0,16.0,2.0,5.0,13.0,14.0,4.0,5.0,1.0,4.0,0.0,0.0,2.8,3.5,2.45,2.81,3.62,2.49,,,,,,,,2023/2024
E0,2024-01-14,Manchester United,Tottenham,2.0,2.0,D,9.0,16.0,2.0,6.0,8.0,5.0,8.0,13.0,2.0,1.0,0.0,0.0,2.2,3.75,3.0,2.22,3.97,3.01,,,,,,,,2023/2024
E0,2024-01-20,Arsenal,Crystal Palace,5.0,0.0,H,21.0,12.0,6.0,5.0,8.0,12.0,6.0,7.0,0.0,0.0,0.0,0.0,1.3,5.75,9.0,1.29,5.85,10.86,,,,,,,,2023/2024
E0,2024-01-20,Brentford,Nott'm Forest,3.0,2.0,H,11.0,12.0,5.0,3.0,10.0,14.0,6.0,4.0,1.0,3.0,0.0,0.0,1.91,3.6,4.0,1.85,3.83,4.29,,,,,,,,2023/2024
E0,2024-01-21,Sheffield United,West Ham,2.0,2.0,D,21.0,16.0,6.0,5.0,11.0,10.0,4.0,1.0,3.0,1.0,1.0,1.0,3.4,3.3,2.2,3.45,3.47,2.2,,,,,,,,2023/2024
E0,2024-01-21,Bournemouth,Liverpool,0.0,4.0,A,11.0,14.0,1.0,7.0,9.0,12.0,8.0,5.0,1.0,2.0,0.0,0.0,4.2,4.5,1.7,4.41,4.36,1.72,,,,,,,,2023/2024
E0,2024-01-22,Brighton,Wolverhampton,0.0,0.0,D,11.0,8.0,4.0,3.0,10.0,13.0,8.0,2.0,1.0,4.0,0.0,0.0,1.65,4.33,5.0,1.66,4.28,5.01,,,,,,,,2023/2024
E0,2024-01-30,Nott'm Forest,Arsenal,1.0,2.0,A,9.0,19.0,3.0,3.0,6.0,7.0,2.0,11.0,0.0,1.0,0.0,0.0,7.5,5.0,1.4,7.77,5.14,1.4,,,,,,,,2023/2024
E0,2024-01-30,Fulham,Everton,0.0,0.0,D,25.0,21.0,6.0,4.0,6.0,13.0,15.0,6.0,1.0,2.0,0.0,0.0,2.45,3.2,3.0,2.46,3.32,3.08,,,,,,,,2023/2024
E0,2024-01-30,Luton,Brighton,4.0,0.0,H,18.0,9.0,8.0,2.0,13.0,14.0,7.0,4.0,2.0,2.0,0.0,0.0,4.2,4.2,1.75,4.43,4.06,1.78,,,,,,,,2023/2024
E0,2024-01-30,Crystal Palace,Sheffield United,3.0,2.0,H,12.0,9.0,4.0,5.0,8.0,18.0,11.0,1.0,1.0,4.0,0.0,0.0,1.62,3.6,6.5,1.64,3.93,5.81,,,,,,,,2023/2024
E0,2024-01-30,Aston Villa,Newcastle,1.0,3.0,A,12.0,14.0,6.0,5.0,14.0,12.0,8.0,7.0,4.0,1.0,0.0,0.0,1.85,4.0,3.8,1.85,4.05,4.02,,,,,,,,2023/2024
E0,2024-01-31,Manchester City,Burnley,3.0,1.0,H,14.0,8.0,4.0,3.0,3.0,13.0,7.0,3.0,2.0,2.0,0.0,0.0,1.08,12.0,21.0,1.11,12.41,18.6,,,,,,,,2023/2024
E0,2024-01-31,Tottenham,Brentford,3.0,2.0,H,19.0,9.0,5.0,5.0,13.0,15.0,5.0,3.0,2.0,3.0,0.0,0.0,1.67,4.2,4.75,1.69,4.32,4.7,,,,,,,,2023/2024
E0,2024-01-31,Liverpool,Chelsea,4.0,1.0,H,28.0,4.0,13.0,3.0,15.0,16.0,8.0,1.0,2.0,4.0,0.0,0.0,1.57,4.33,5.25,1.58,4.64,5.29,,,,,,,,2023/2024
E0,2024-02-01,West Ham,Bournemouth,1.0,1.0,D,9.0,9.0,3.0,4.0,13.0,11.0,1.0,5.0,1.0,3.0,0.0,0.0,2.4,3.75,2.75,2.45,3.71,2.8,,,,,,,,2023/2024
E0,2024-02-01,Wolverhampton,Manchester United,3.0,4.0,A,16.0,21.0,7.0,8.0,10.0,10.0,4.0,5.0,2.0,5.0,0.0,0.0,2.63,3.6,2.55,2.7,3.51,2.64,,,,,,,,2023/2024
E0,2024-02-03,Everton,Tottenham,2.0,2.0,D,14.0,9.0,5.0,6.0,8.0,14.0,9.0,5.0,3.0,0.0,0.0,0.0,3.0,3.6,2.25,2.97,3.71,2.34,,,,,,,,2023/2024
E0,2024-02-03,Newcastle,Luton,4.0,4.0,D,19.0,11.0,6.0,8.0,13.0,16.0,8.0,2.0,2.0,2.0,0.0,0.0,1.44,4.75,6.5,1.42,5.07,7.23,,,,,,,,2023/2024
E0,2024-02-03,Brighton,Crystal Palace,4.0,1.0,H,13.0,7.0,6.0,5.0,8.0,14.0,3.0,2.0,1.0,3.0,0.0,0.0,1.7,4.0,4.75,1.71,4.04,4.85,,,,,,,,2023/2024
E0,2024-02-03,Burnley,Fulham,2.0,2.0,D,12.0,15.0,4.0,7.0,11.0,7.0,2.0,13.0,2.0,2.0,0.0,0.0,2.9,3.4,2.38,2.98,3.5,2.43,,,,,,,,2023/2024
E0,2024-02-03,Sheffield United,Aston Villa,0.0,5.0,A,10.0,14.0,5.0,10.0,10.0,7.0,3.0,4.0,1.0,0.0,0.0,0.0,5.25,4.2,1.62,5.02,4.36,1.65,,,,,,,,2023/2024
E0,2024-02-04,Bournemouth,Nott'm Forest,1.0,1.0,D,9.0,8.0,2.0,6.0,19.0,12.0,11.0,6.0,3.0,2.0,1.0,0.0,1.7,4.2,4.5,1.71,4.2,4.68,,,,,,,,2023/2024
E0,2024-02-04,Chelsea,Wolverhampton,2.0,4.0,A,15.0,14.0,6.0,7.0,15.0,11.0,10.0,1.0,3.0,2.0,0.0,0.0,1.62,4.0,5.5,1.63,4.29,5.27,,,,,,,,2023/2024
E0,2024-02-04,Manchester United,West Ham,3.0,0.0,H,12.0,22.0,5.0,3.0,10.0,5.0,5.0,8.0,0.0,1.0,0.0,0.0,1.62,4.2,5.0,1.65,4.31,5.05,,,,,,,,2023/2024
E0,2024-02-04,Arsenal,Liverpool,3.0,1.0,H,15.0,10.0,7.0,1.0,11.0,11.0,2.0,4.0,6.0,2.0,0.0,1.0,2.2,3.6,3.1,2.24,3.72,3.15,,,,,,,,2023/2024
E0,2024-02-05,Brentford,Manchester City,1.0,3.0,A,9.0,25.0,3.0,15.0,2.0,4.0,8.0,13.0,1.0,0.0,0.0,0.0,7.0,4.75,1.4,7.44,5.09,1.41,,,,,,,,2023/2024
E0,2024-02-10,Liverpool,Burnley,3.0,1.0,H,25.0,9.0,10.0,4.0,11.0,13.0,9.0,3.0,3.0,2.0,0.0,0.0,1.17,8.0,17.0,1.16,8.71,15.08,,,,,,,,2023/2024
E0,2024-02-10,Fulham,Bournemouth,3.0,1.0,H,7.0,25.0,6.0,4.0,11.0,11.0,1.0,14.0,1.0,2.0,0.0,0.0,2.38,3.5,2.8,2.46,3.6,2.87,,,,,,,,2023/2024
E0,2024-02-10,Wolverhampton,Brentford,0.0,2.0,A,17.0,9.0,5.0,6.0,11.0,9.0,7.0,4.0,2.0,3.0,0.0,0.0,2.1,3.6,3.4,2.14,3.65,3.42,,,,,,,,2023/2024
E0,2024-02-10,Manchester City,Everton,2.0,0.0,H,19.0,5.0,3.0,1.0,6.0,11.0,9.0,0.0,0.0,2.0,0.0,0.0,1.18,8.0,13.0,1.19,7.68,13.24,,,,,,,,2023/2024
E0,2024-02-10,Tottenham,Brighton,2.0,1.0,H,16.0,6.0,6.0,3.0,14.0,13.0,9.0,6.0,2.0,3.0,0.0,0.0,1.8,4.2,3.8,1.81,4.35,3.92,,,,,,,,2023/2024
E0,2024-02-10,Nott'm Forest,Newcastle,2.0,3.0,A,13.0,7.0,3.0,5.0,9.0,6.0,4.0,4.0,1.0,2.0,0.0,0.0,3.3,3.75,2.05,3.29,3.81,2.14,,,,,,,,2023/2024
E0,2024-02-10,Luton,Sheffield United,1.0,3.0,A,20.0,7.0,5.0,3.0,7.0,12.0,13.0,1.0,1.0,2.0,0.0,0.0,1.75,3.75,4.75,1.79,3.85,4.6,,,,,,,,2023/2024
E0,2024-02-11,West Ham,Arsenal,0.0,6.0,A,5.0,25.0,1.0,12.0,17.0,11.0,2.0,6.0,4.0,0.0,0.0,0.0,6.0,4.33,1.53,5.95,4.4,1.56,,,,,,,,2023/2024
E0,2024-02-11,Aston Villa,Manchester United,1.0,2.0,A,23.0,17.0,10.0,5.0,9.0,7.0,10.0,8.0,3.0,2.0,0.0,0.0,2.15,3.75,3.1,2.16,3.91,3.18,,,,,,,,2023/2024
E0,2024-02-12,Crystal Palace,Chelsea,1.0,3.0,A,13.0,14.0,4.0,5.0,14.0,7.0,1.0,7.0,2.0,2.0,0.0,0.0,4.2,3.8,1.85,4.25,3.86,1.85,,,,,,,,2023/2024
E0,2024-02-17,Brentford,Liverpool,1.0,4.0,A,15.0,15.0,6.0,8.0,4.0,18.0,1.0,6.0,2.0,1.0,0.0,0.0,5.5,4.33,1.57,5.27,4.59,1.59,,,,,,,,2023/2024
E0,2024-02-17,Burnley,Arsenal,0.0,5.0,A,8.0,16.0,0.0,7.0,11.0,8.0,4.0,6.0,2.0,1.0,0.0,0.0,10.0,5.75,1.29,9.78,5.73,1.31,,,,,,,,2023/2024
E0,2024-02-17,Fulham,Aston Villa,1.0,2.0,A,15.0,12.0,4.0,3.0,11.0,6.0,4.0,4.0,5.0,2.0,0.0,0.0,2.9,3.75,2.2,2.97,3.76,2.32,,,,,,,,2023/2024
E0,2024-02-17,Newcastle,Bournemouth,2.0,2.0,D,17.0,12.0,5.0,7.0,9.0,22.0,4.0,2.0,1.0,3.0,0.0,0.0,1.83,4.2,3.75,1.87,4.15,3.84,,,,,,,,2023/2024
E0,2024-02-17,Nott'm Forest,West Ham,2.0,0.0,H,19.0,10.0,8.0,3.0,13.0,15.0,5.0,3.0,4.0,4.0,0.0,1.0,2.38,3.5,2.9,2.47,3.5,2.92,,,,,,,,2023/2024
E0,2024-02-17,Tottenham,Wolverhampton,1.0,2.0,A,15.0,12.0,4.0,7.0,8.0,13.0,10.0,4.0,0.0,1.0,0.0,0.0,1.53,4.75,5.25,1.55,4.87,5.36,,,,,,,,2023/2024
E0,2024-02-17,Manchester City,Chelsea,1.0,1.0,D,31.0,9.0,5.0,6.0,7.0,12.0,12.0,1.0,1.0,3.0,0.0,0.0,1.33,5.5,8.0,1.34,5.71,8.37,,,,,,,,2023/2024
E0,2024-02-18,Sheffield United,Brighton,0.0,5.0,A,6.0,24.0,1.0,10.0,3.0,5.0,5.0,10.0,1.0,4.0,1.0,0.0,5.0,4.2,1.62,4.99,4.4,1.64,,,,,,,,2023/2024
E0,2024-02-18,Luton,Manchester United,1.0,2.0,A,22.0,21.0,4.0,9.0,7.0,21.0,8.0,6.0,3.0,5.0,0.0,0.0,4.0,4.0,1.8,4.17,4.13,1.81,,,,,,,,2023/2024
E0,2024-02-19,Everton,Crystal Palace,1.0,1.0,D,19.0,10.0,4.0,4.0,8.0,12.0,3.0,6.0,0.0,2.0,0.0,0.0,1.7,3.6,5.25,1.72,3.79,5.26,,,,,,,,2023/2024
E0,2024-02-20,Manchester City,Brentford,1.0,0.0,H,25.0,6.0,11.0,2.0,12.0,6.0,10.0,1.0,2.0,4.0,0.0,0.0,1.18,8.0,13.0,1.17,8.67,15.04,,,,,,,,2023/2024
E0,2024-02-21,Liverpool,Luton,4.0,1.0,H,29.0,12.0,13.0,3.0,15.0,14.0,13.0,4.0,1.0,4.0,0.0,0.0,1.2,7.0,13.0,1.19,7.94,12.93,,,,,,,,2023/2024
E0,2024-02-24,Aston Villa,Nott'm Forest,4.0,2.0,H,16.0,10.0,6.0,3.0,7.0,16.0,7.0,2.0,1.0,2.0,0.0,0.0,1.53,4.5,5.75,1.57,4.52,5.55,,,,,,,,2023/2024
E0,2024-02-24,Brighton,Everton,1.0,1.0,D,23.0,6.0,7.0,3.0,9.0,14.0,11.0,3.0,2.0,3.0,1.0,0.0,1.83,3.8,4.2,1.82,4.04,4.2,,,,,,,,2023/2024
E0,2024-02-24,Crystal Palace,Burnley,3.0,0.0,H,15.0,2.0,6.0,0.0,8.0,13.0,12.0,3.0,3.0,1.0,0.0,1.0,1.95,3.5,4.0,2.03,3.45,3.98,,,,,,,,2023/2024
E0,2024-02-24,Manchester United,Fulham,1.0,2.0,A,21.0,17.0,9.0,5.0,6.0,11.0,10.0,9.0,2.0,5.0,0.0,0.0,1.57,4.33,5.5,1.61,4.48,5.21,,,,,,,,2023/2024
E0,2024-02-24,Bournemouth,Manchester City,0.0,1.0,A,13.0,15.0,4.0,6.0,14.0,6.0,3.0,8.0,2.0,2.0,0.0,0.0,7.0,5.25,1.4,7.2,5.14,1.42,,,,,,,,2023/2024
E0,2024-02-24,Arsenal,Newcastle,4.0,1.0,H,18.0,3.0,8.0,2.0,15.0,6.0,9.0,0.0,1.0,0.0,0.0,0.0,1.36,5.25,8.0,1.4,5.32,7.33,,,,,,,,2023/2024
E0,2024-02-25,Wolverhampton,Sheffield United,1.0,0.0,H,13.0,12.0,2.0,4.0,8.0,4.0,5.0,6.0,2.0,1.0,0.0,0.0,1.44,4.75,7.0,1.43,4.66,7.0,,,,,,,,2023/2024
E0,2024-02-26,West Ham,Brentford,4.0,2.0,H,17.0,14.0,6.0,8.0,5.0,9.0,1.0,7.0,1.0,2.0,0.0,0.0,2.5,3.5,2.75,2.57,3.68,2.68,,,,,,,,2023/2024
E0,2024-03-02,Newcastle,Wolverhampton,3.0,0.0,H,14.0,12.0,7.0,3.0,8.0,11.0,3.0,5.0,0.0,1.0,0.0,0.0,1.91,4.0,3.6,1.89,4.01,3.89,,,,,,,,2023/2024
E0,2024-03-02,Brentford,Chelsea,2.0,2.0,D,14.0,17.0,5.0,6.0,10.0,9.0,0.0,6.0,3.0,1.0,0.0,0.0,3.1,3.75,2.15,3.04,3.95,2.21,,,,,,,,2023/2024
E0,2024-03-02,Everton,West Ham,1.0,3.0,A,22.0,12.0,11.0,5.0,9.0,6.0,4.0,5.0,1.0,2.0,0.0,0.0,2.05,3.6,3.5,2.1,3.57,3.62,,,,,,,,2023/2024
E0,2024-03-02,Nott'm Forest,Liverpool,0.0,1.0,A,8.0,22.0,2.0,2.0,11.0,12.0,3.0,12.0,2.0,2.0,0.0,0.0,6.0,4.33,1.53,5.69,4.73,1.54,,,,,,,,2023/2024
E0,2024-03-02,Tottenham,Crystal Palace,3.0,1.0,H,14.0,4.0,6.0,1.0,7.0,16.0,11.0,1.0,1.0,2.0,0.0,0.0,1.5,4.33,6.5,1.52,4.51,6.26,,,,,,,,2023/2024
E0,2024-03-02,Luton,Aston Villa,2.0,3.0,A,13.0,12.0,5.0,8.0,8.0,19.0,8.0,6.0,1.0,4.0,0.0,0.0,4.33,4.2,1.73,4.34,4.44,1.72,,,,,,,,2023/2024
E0,2024-03-02,Fulham,Brighton,3.0,0.0,H,12.0,15.0,5.0,5.0,16.0,10.0,2.0,6.0,1.0,2.0,0.0,0.0,2.55,3.6,2.63,2.6,3.59,2.7,,,,,,,,2023/2024
E0,2024-03-03,Burnley,Bournemouth,0.0,2.0,A,20.0,10.0,6.0,3.0,8.0,13.0,7.0,2.0,2.0,4.0,0.0,0.0,3.75,3.6,1.95,3.79,3.83,1.96,,,,,,,,2023/2024
E0,2024-03-03,Manchester City,Manchester United,3.0,1.0,H,27.0,3.0,8.0,1.0,5.0,10.0,15.0,2.0,0.0,1.0,0.0,0.0,1.25,5.75,11.0,1.27,6.39,10.06,,,,,,,,2023/2024
E0,2024-03-04,Sheffield United,Arsenal,0.0,6.0,A,4.0,22.0,0.0,10.0,11.0,4.0,0.0,7.0,1.0,0.0,0.0,0.0,17.0,7.0,1.18,16.74,8.18,1.16,,,,,,,,2023/2024
E0,2024-03-09,Crystal Palace,Luton,1.0,1.0,D,21.0,8.0,4.0,2.0,20.0,11.0,8.0,6.0,2.0,3.0,0.0,0.0,1.75,3.8,4.2,1.77,3.95,4.58,,,,,,,,2023/2024
E0,2024-03-09,Wolverhampton,Fulham,2.0,1.0,H,8.0,23.0,3.0,6.0,7.0,11.0,3.0,4.0,2.0,2.0,0.0,0.0,2.5,3.4,2.75,2.52,3.46,2.88,,,,,,,,2023/2024
E0,2024-03-09,Manchester United,Everton,2.0,0.0,H,15.0,23.0,8.0,6.0,13.0,11.0,5.0,8.0,1.0,2.0,0.0,0.0,1.83,3.6,4.0,1.84,3.93,4.2,,,,,,,,2023/2024
E0,2024-03-09,Bournemouth,Sheffield United,2.0,2.0,D,32.0,13.0,12.0,9.0,12.0,11.0,10.0,3.0,3.0,5.0,0.0,0.0,1.33,5.25,8.0,1.35,5.55,8.52,,,,,,,,2023/2024
E0,2024-03-09,Arsenal,Brentford,2.0,1.0,H,17.0,9.0,6.0,4.0,9.0,10.0,10.0,4.0,2.0,4.0,0.0,0.0,1.22,7.0,11.0,1.23,6.96,11.44,,,,,,,,2023/2024
E0,2024-03-10,Brighton,Nott'm Forest,1.0,0.0,H,10.0,9.0,3.0,4.0,14.0,14.0,6.0,3.0,4.0,4.0,0.0,0.0,1.8,4.0,4.0,1.81,4.01,4.26,,,,,,,,2023/2024
E0,2024-03-10,Aston Villa,Tottenham,0.0,4.0,A,10.0,9.0,1.0,5.0,11.0,15.0,6.0,4.0,0.0,2.0,1.0,0.0,2.38,4.0,2.6,2.47,3.98,2.65,,,,,,,,2023/2024
E0,2024-03-10,Liverpool,Manchester City,1.0,1.0,D,19.0,10.0,6.0,6.0,6.0,10.0,7.0,4.0,0.0,3.0,0.0,0.0,3.0,3.75,2.2,3.02,3.8,2.28,,,,,,,,2023/2024
E0,2024-03-10,West Ham,Burnley,2.0,2.0,D,22.0,11.0,4.0,4.0,11.0,18.0,4.0,4.0,2.0,4.0,0.0,0.0,1.67,4.0,4.75,1.69,4.06,5.04,,,,,,,,2023/2024
E0,2024-03-11,Chelsea,Newcastle,3.0,2.0,H,12.0,11.0,8.0,3.0,12.0,7.0,0.0,4.0,3.0,1.0,0.0,0.0,1.91,4.0,3.6,1.96,4.07,3.59,,,,,,,,2023/2024
E0,2024-03-13,Bournemouth,Luton,4.0,3.0,H,24.0,8.0,10.0,4.0,16.0,11.0,11.0,3.0,1.0,2.0,0.0,0.0,1.5,4.75,5.75,1.51,4.71,6.18,,,,,,,,2023/2024
E0,2024-03-16,Burnley,Brentford,2.0,1.0,H,17.0,9.0,6.0,5.0,14.0,17.0,5.0,4.0,2.0,4.0,0.0,1.0,3.25,3.6,2.15,3.23,3.72,2.2,,,,,,,,2023/2024
E0,2024-03-16,Luton,Nott'm Forest,1.0,1.0,D,10.0,16.0,4.0,6.0,10.0,17.0,6.0,7.0,1.0,2.0,0.0,0.0,2.8,3.5,2.45,2.83,3.69,2.44,,,,,,,,2023/2024
E0,2024-03-16,Fulham,Tottenham,3.0,0.0,H,16.0,14.0,7.0,5.0,9.0,10.0,4.0,5.0,2.0,3.0,0.0,0.0,3.5,3.8,1.95,3.42,4.09,2.01,,,,,,,,2023/2024
E0,2024-03-17,West Ham,Aston Villa,1.0,1.0,D,13.0,13.0,5.0,5.0,13.0,12.0,7.0,11.0,3.0,3.0,0.0,0.0,2.63,3.75,2.45,2.66,3.82,2.52,,,,,,,,2023/2024
E0,2024-03-30,Nott'm Forest,Crystal Palace,1.0,1.0,D,12.0,10.0,5.0,3.0,14.0,12.0,4.0,6.0,1.0,1.0,0.0,0.0,2.2,3.3,3.4,2.29,3.38,3.34,,,,,,,,2023/2024
E0,2024-03-30,Newcastle,West Ham,4.0,3.0,H,24.0,10.0,9.0,4.0,9.0,8.0,3.0,4.0,1.0,1.0,1.0,0.0,1.83,4.2,3.8,1.81,4.26,4.0,,,,,,,,2023/2024
E0,2024-03-30,Chelsea,Burnley,2.0,2.0,D,33.0,18.0,13.0,7.0,12.0,7.0,12.0,4.0,2.0,2.0,0.0,1.0,1.29,6.0,9.5,1.3,6.12,9.34,,,,,,,,2023/2024
E0,2024-03-30,Bournemouth,Everton,2.0,1.0,H,11.0,7.0,4.0,3.0,14.0,11.0,9.0,8.0,1.0,2.0,0.0,0.0,2.2,3.6,3.2,2.24,3.56,3.27,,,,,,,,2023/2024
E0,2024-03-30,Sheffield United,Fulham,3.0,3.0,D,8.0,24.0,4.0,9.0,10.0,13.0,2.0,15.0,4.0,1.0,0.0,0.0,4.5,4.0,1.73,4.89,3.95,1.73,,,,,,,,2023/2024
E0,2024-03-30,Aston Villa,Wolverhampton,2.0,0.0,H,11.0,13.0,5.0,3.0,11.0,19.0,5.0,4.0,3.0,4.0,0.0,0.0,1.6,4.33,5.0,1.64,4.46,4.9,,,,,,,,2023/2024
E0,2024-03-30,Brentford,Manchester United,1.0,1.0,D,31.0,11.0,5.0,5.0,7.0,14.0,14.0,4.0,2.0,2.0,0.0,0.0,3.0,3.8,2.2,3.09,3.86,2.22,,,,,,,,2023/2024
E0,2024-03-30,Tottenham,Luton,2.0,1.0,H,17.0,7.0,4.0,3.0,16.0,14.0,3.0,6.0,2.0,4.0,0.0,0.0,1.2,8.0,11.0,1.21,7.6,11.57,,,,,,,,2023/2024
E0,2024-03-31,Liverpool,Brighton,2.0,1.0,H,30.0,9.0,8.0,3.0,20.0,6.0,8.0,4.0,5.0,3.0,0.0,0.0,1.36,5.5,7.5,1.37,5.71,7.57,,,,,,,,2023/2024
E0,2024-03-31,Manchester City,Arsenal,0.0,0.0,D,12.0,6.0,1.0,2.0,9.0,20.0,7.0,4.0,0.0,2.0,0.0,0.0,1.91,3.8,3.8,1.92,3.86,3.94,,,,,,,,2023/2024
E0,2024-04-02,Newcastle,Everton,1.0,1.0,D,18.0,10.0,6.0,3.0,9.0,14.0,7.0,3.0,0.0,3.0,0.0,0.0,2.0,3.75,3.5,2.03,3.86,3.62,,,,,,,,2023/2024
E0,2024-04-02,Nott'm Forest,Fulham,3.0,1.0,H,16.0,18.0,4.0,3.0,7.0,8.0,3.0,8.0,0.0,0.0,0.0,0.0,2.7,3.4,2.63,2.78,3.51,2.61,,,,,,,,2023/2024
E0,2024-04-02,Bournemouth,Crystal Palace,1.0,0.0,H,11.0,3.0,6.0,2.0,13.0,14.0,9.0,2.0,3.0,2.0,0.0,0.0,1.95,3.8,3.6,2.02,3.8,3.69,,,,,,,,2023/2024
E0,2024-04-02,Burnley,Wolverhampton,1.0,1.0,D,13.0,8.0,6.0,2.0,10.0,12.0,7.0,4.0,0.0,2.0,0.0,0.0,2.45,3.6,2.75,2.55,3.54,2.83,,,,,,,,2023/2024
E0,2024-04-02,West Ham,Tottenham,1.0,1.0,D,11.0,13.0,4.0,4.0,13.0,9.0,9.0,5.0,1.0,4.0,0.0,0.0,3.3,4.2,1.95,3.38,4.24,2.01,,,,,,,,2023/2024
E0,2024-04-03,Brentford,Brighton,0.0,0.0,D,5.0,24.0,2.0,6.0,9.0,12.0,1.0,5.0,1.0,1.0,0.0,0.0,2.38,3.8,2.75,2.38,3.79,2.86,,,,,,,,2023/2024
E0,2024-04-03,Manchester City,Aston Villa,4.0,1.0,H,25.0,8.0,11.0,3.0,6.0,13.0,2.0,3.0,1.0,2.0,0.0,0.0,1.3,6.0,8.0,1.3,6.32,8.88,,,,,,,,2023/2024
E0,2024-04-03,Arsenal,Luton,2.0,0.0,H,13.0,5.0,4.0,1.0,12.0,8.0,3.0,1.0,1.0,1.0,0.0,0.0,1.1,10.0,19.0,1.11,11.82,20.95,,,,,,,,2023/2024
E0,2024-04-04,Liverpool,Sheffield United,3.0,1.0,H,29.0,8.0,9.0,3.0,6.0,9.0,13.0,1.0,0.0,1.0,0.0,0.0,1.09,12.0,21.0,1.08,14.33,25.37,,,,,,,,2023/2024
E0,2024-04-04,Chelsea,Manchester United,4.0,3.0,H,28.0,19.0,10.0,5.0,7.0,15.0,12.0,3.0,3.0,0.0,0.0,0.0,2.0,4.0,3.4,2.03,4.03,3.42,,,,,,,,2023/2024
E0,2024-04-06,Crystal Palace,Manchester City,2.0,4.0,A,7.0,18.0,4.0,8.0,13.0,3.0,2.0,9.0,1.0,1.0,0.0,0.0,9.5,5.25,1.33,10.64,5.59,1.31,,,,,,,,2023/2024
E0,2024-04-06,Aston Villa,Brentford,3.0,3.0,D,11.0,8.0,3.0,3.0,15.0,11.0,11.0,3.0,2.0,2.0,0.0,0.0,1.7,4.0,4.75,1.71,4.24,4.62,,,,,,,,2023/2024
E0,2024-04-06,Everton,Burnley,1.0,0.0,H,12.0,6.0,3.0,1.0,11.0,13.0,3.0,5.0,2.0,1.0,0.0,1.0,1.65,4.0,5.25,1.68,4.18,4.99,,,,,,,,2023/2024
E0,2024-04-06,Fulham,Newcastle,0.0,1.0,A,14.0,12.0,4.0,5.0,10.0,13.0,14.0,3.0,1.0,2.0,0.0,0.0,2.38,3.8,2.8,2.35,3.87,2.86,,,,,,,,2023/2024
E0,2024-04-06,Luton,Bournemouth,2.0,1.0,H,19.0,8.0,9.0,1.0,7.0,14.0,7.0,2.0,0.0,0.0,0.0,0.0,3.75,3.8,1.91,3.65,4.11,1.93,,,,,,,,2023/2024
E0,2024-04-06,Wolverhampton,West Ham,1.0,2.0,A,14.0,11.0,7.0,4.0,15.0,7.0,4.0,4.0,5.0,2.0,0.0,0.0,2.5,3.6,2.7,2.53,3.61,2.77,,,,,,,,2023/2024
E0,2024-04-06,Brighton,Arsenal,0.0,3.0,A,10.0,20.0,2.0,7.0,14.0,13.0,8.0,7.0,1.0,2.0,0.0,0.0,5.0,4.33,1.62,5.25,4.19,1.65,,,,,,,,2023/2024
E0,2024-04-07,Manchester United,Liverpool,2.0,2.0,D,9.0,28.0,5.0,7.0,9.0,10.0,6.0,11.0,5.0,2.0,0.0,0.0,4.75,4.5,1.6,4.75,4.84,1.61,,,,,,,,2023/2024
E0,2024-04-07,Sheffield United,Chelsea,2.0,2.0,D,11.0,6.0,6.0,3.0,12.0,10.0,7.0,6.0,4.0,2.0,0.0,0.0,7.0,5.25,1.4,6.77,5.35,1.42,,,,,,,,2023/2024
E0,2024-04-07,Tottenham,Nott'm Forest,3.0,1.0,H,17.0,13.0,7.0,6.0,11.0,12.0,12.0,2.0,2.0,3.0,0.0,0.0,1.4,5.5,6.5,1.39,5.46,7.33,,,,,,,,2023/2024
E0,2024-04-13,Newcastle,Tottenham,4.0,0.0,H,18.0,11.0,5.0,2.0,14.0,12.0,16.0,3.0,0.0,4.0,0.0,0.0,2.7,4.0,2.3,2.8,4.05,2.33,,,,,,,,2023/2024
E0,2024-04-13,Brentford,Sheffield United,2.0,0.0,H,9.0,8.0,5.0,2.0,8.0,11.0,3.0,6.0,3.0,1.0,0.0,0.0,1.44,5.0,6.5,1.43,5.22,6.68,,,,,,,,2023/2024
E0,2024-04-13,Burnley,Brighton,1.0,1.0,D,11.0,20.0,3.0,8.0,18.0,8.0,4.0,5.0,1.0,2.0,0.0,0.0,3.5,3.75,2.0,3.54,3.8,2.05,,,,,,,,2023/2024
E0,2024-04-13,Manchester City,Luton,5.0,1.0,H,33.0,4.0,13.0,2.0,7.0,6.0,12.0,1.0,1.0,0.0,0.0,0.0,1.1,11.0,19.0,1.09,13.24,24.14,,,,,,,,2023/2024
E0,2024-04-13,Nott'm Forest,Wolverhampton,2.0,2.0,D,18.0,11.0,9.0,4.0,15.0,10.0,10.0,1.0,2.0,3.0,0.0,0.0,2.1,3.4,3.5,2.14,3.57,3.5,,,,,,,,2023/2024
E0,2024-04-13,Bournemouth,Manchester United,2.0,2.0,D,20.0,8.0,5.0,2.0,13.0,14.0,7.0,2.0,4.0,0.0,0.0,0.0,2.4,3.9,2.6,2.42,3.83,2.79,,,,,,,,2023/2024
E0,2024-04-14,Liverpool,Crystal Palace,0.0,1.0,A,21.0,8.0,6.0,5.0,10.0,10.0,11.0,1.0,1.0,1.0,0.0,0.0,1.22,7.0,12.0,1.19,7.62,14.15,,,,,,,,2023/2024
E0,2024-04-14,West Ham,Fulham,0.0,2.0,A,15.0,18.0,4.0,10.0,6.0,13.0,8.0,3.0,1.0,2.0,0.0,0.0,2.38,3.6,2.8,2.4,3.66,2.91,,,,,,,,2023/2024
E0,2024-04-14,Arsenal,Aston Villa,0.0,2.0,A,18.0,11.0,4.0,2.0,12.0,7.0,4.0,6.0,3.0,1.0,0.0,0.0,1.29,5.75,10.0,1.29,6.27,9.5,,,,,,,,2023/2024
E0,2024-04-15,Chelsea,Everton,6.0,0.0,H,14.0,10.0,10.0,2.0,5.0,21.0,4.0,8.0,1.0,4.0,0.0,0.0,1.7,4.2,4.5,1.73,4.16,4.57,,,,,,,,2023/2024
E0,2024-04-20,Luton,Brentford,1.0,5.0,A,6.0,21.0,3.0,9.0,13.0,9.0,4.0,9.0,1.0,2.0,0.0,0.0,3.1,3.75,2.15,3.28,3.76,2.16,,,,,,,,2023/2024
E0,2024-04-20,Sheffield United,Burnley,1.0,4.0,A,18.0,16.0,11.0,9.0,10.0,9.0,11.0,2.0,1.0,0.0,0.0,0.0,2.75,3.6,2.45,2.77,3.64,2.52,,,,,,,,2023/2024
E0,2024-04-20,Wolverhampton,Arsenal,0.0,2.0,A,5.0,24.0,3.0,9.0,14.0,9.0,1.0,2.0,3.0,2.0,0.0,0.0,8.5,4.5,1.4,8.02,5.14,1.39,,,,,,,,2023/2024
E0,2024-04-21,Everton,Nott'm Forest,2.0,0.0,H,7.0,8.0,4.0,3.0,15.0,9.0,6.0,4.0,3.0,2.0,0.0,0.0,2.05,3.5,3.6,2.06,3.52,3.78,,,,,,,,2023/2024
E0,2024-04-21,Aston Villa,Bournemouth,3.0,1.0,H,14.0,14.0,4.0,6.0,8.0,14.0,8.0,4.0,1.0,3.0,0.0,0.0,1.85,4.0,3.6,1.87,4.17,3.83,,,,,,,,2023/2024
E0,2024-04-21,Crystal Palace,West Ham,5.0,2.0,H,18.0,4.0,7.0,1.0,9.0,9.0,4.0,0.0,3.0,2.0,0.0,0.0,2.1,3.6,3.4,2.12,3.66,3.45,,,,,,,,2023/2024
E0,2024-04-21,Fulham,Liverpool,1.0,3.0,A,12.0,14.0,5.0,7.0,5.0,11.0,1.0,4.0,3.0,0.0,0.0,0.0,5.25,4.5,1.57,5.14,4.66,1.59,,,,,,,,2023/2024
E0,2024-04-23,Arsenal,Chelsea,5.0,0.0,H,27.0,7.0,10.0,1.0,12.0,11.0,4.0,2.0,2.0,2.0,0.0,0.0,1.44,5.0,6.0,1.45,5.03,6.76,,,,,,,,2023/2024
E0,2024-04-24,Wolverhampton,Bournemouth,0.0,1.0,A,15.0,21.0,4.0,6.0,10.0,17.0,8.0,12.0,4.0,1.0,0.0,1.0,2.7,3.6,2.5,2.74,3.53,2.6,,,,,,,,2023/2024
E0,2024-04-24,Crystal Palace,Newcastle,2.0,0.0,H,20.0,7.0,7.0,2.0,10.0,15.0,7.0,2.0,3.0,3.0,0.0,0.0,2.75,3.6,2.4,2.76,3.7,2.49,,,,,,,,2023/2024
E0,2024-04-24,Everton,Liverpool,2.0,0.0,H,16.0,23.0,6.0,7.0,6.0,13.0,4.0,13.0,0.0,3.0,0.0,0.0,7.0,5.0,1.4,7.49,5.0,1.42,,,,,,,,2023/2024
E0,2024-04-24,Manchester United,Sheffield United,4.0,2.0,H,25.0,10.0,13.0,4.0,7.0,9.0,9.0,4.0,0.0,1.0,0.0,0.0,1.3,6.5,7.5,1.32,6.28,8.27,,,,,,,,2023/2024
E0,2024-04-25,Brighton,Manchester City,0.0,4.0,A,7.0,14.0,3.0,6.0,10.0,3.0,4.0,4.0,2.0,0.0,0.0,0.0,6.5,5.0,1.4,6.84,4.9,1.45,,,,,,,,2023/2024
E0,2024-04-27,West Ham,Liverpool,2.0,2.0,D,11.0,28.0,8.0,8.0,8.0,10.0,5.0,8.0,0.0,2.0,0.0,0.0,5.5,5.0,1.5,5.84,5.03,1.5,,,,,,,,2023/2024
E0,2024-04-27,Fulham,Crystal Palace,1.0,1.0,D,9.0,14.0,2.0,4.0,11.0,15.0,5.0,9.0,0.0,2.0,0.0,0.0,2.1,3.5,3.5,2.14,3.63,3.43,,,,,,,,2023/2024
E0,2024-04-27,Manchester United,Burnley,1.0,1.0,D,27.0,16.0,10.0,7.0,7.0,11.0,6.0,5.0,1.0,3.0,0.0,0.0,1.5,4.75,5.5,1.53,5.01,5.35,,,,,,,,2023/2024
E0,2024-04-27,Newcastle,Sheffield United,5.0,1.0,H,20.0,15.0,7.0,5.0,9.0,10.0,4.0,5.0,0.0,0.0,0.0,0.0,1.22,7.0,11.0,1.24,7.18,10.5,,,,,,,,2023/2024
E0,2024-04-27,Wolverhampton,Luton,2.0,1.0,H,13.0,9.0,5.0,6.0,14.0,14.0,4.0,4.0,3.0,1.0,0.0,0.0,1.95,3.8,3.6,1.98,3.9,3.65,,,,,,,,2023/2024
E0,2024-04-27,Everton,Brentford,1.0,0.0,H,18.0,10.0,1.0,4.0,10.0,12.0,6.0,6.0,1.0,2.0,0.0,0.0,2.3,3.5,3.0,2.34,3.54,3.09,,,,,,,,2023/2024
E0,2024-04-27,Aston Villa,Chelsea,2.0,2.0,D,9.0,21.0,4.0,5.0,13.0,14.0,2.0,4.0,3.0,5.0,0.0,0.0,2.15,3.8,3.0,2.14,4.04,3.13,,,,,,,,2023/2024
E0,2024-04-28,Bournemouth,Brighton,3.0,0.0,H,15.0,13.0,6.0,1.0,14.0,10.0,8.0,2.0,2.0,2.0,0.0,0.0,2.25,3.8,2.9,2.27,3.85,2.99,,,,,,,,2023/2024
E0,2024-04-28,Tottenham,Arsenal,2.0,3.0,A,14.0,9.0,2.0,3.0,12.0,16.0,8.0,6.0,2.0,1.0,0.0,0.0,4.2,4.2,1.75,4.19,4.07,1.81,,,,,,,,2023/2024
E0,2024-04-28,Nott'm Forest,Manchester City,0.0,2.0,A,14.0,11.0,2.0,5.0,8.0,6.0,4.0,5.0,0.0,0.0,0.0,0.0,8.0,6.0,1.3,10.15,5.89,1.3,,,,,,,,2023/2024
E0,2024-05-02,Chelsea,Tottenham,2.0,0.0,H,16.0,19.0,5.0,3.0,12.0,16.0,4.0,9.0,0.0,1.0,0.0,0.0,2.15,3.8,3.0,2.22,4.15,2.92,,,,,,,,2023/2024
E0,2024-05-03,Luton,Everton,1.0,1.0,D,18.0,10.0,5.0,3.0,14.0,12.0,8.0,7.0,1.0,3.0,0.0,0.0,2.6,3.6,2.55,2.71,3.52,2.63,,,,,,,,2023/2024
E0,2024-05-04,Burnley,Newcastle,1.0,4.0,A,17.0,23.0,5.0,11.0,8.0,8.0,4.0,11.0,2.0,2.0,0.0,0.0,3.4,4.0,1.95,3.37,4.05,2.04,,,,,,,,2023/2024
E0,2024-05-04,Arsenal,Bournemouth,3.0,0.0,H,25.0,7.0,9.0,2.0,16.0,12.0,6.0,1.0,2.0,3.0,0.0,0.0,1.22,7.5,11.0,1.2,7.76,12.56,,,,,,,,2023/2024
E0,2024-05-04,Sheffield United,Nott'm Forest,1.0,3.0,A,17.0,15.0,5.0,4.0,9.0,7.0,5.0,3.0,0.0,1.0,1.0,0.0,4.75,4.2,1.65,4.57,4.31,1.71,,,,,,,,2023/2024
E0,2024-05-04,Manchester City,Wolverhampton,5.0,1.0,H,20.0,2.0,12.0,1.0,4.0,17.0,6.0,0.0,0.0,4.0,0.0,0.0,1.08,12.0,21.0,1.09,13.16,25.65,,,,,,,,2023/2024
E0,2024-05-04,Brentford,Fulham,0.0,0.0,D,7.0,15.0,3.0,3.0,3.0,6.0,7.0,6.0,1.0,1.0,0.0,0.0,2.1,3.8,3.2,2.13,3.85,3.27,,,,,,,,2023/2024
E0,2024-05-05,Brighton,Aston Villa,1.0,0.0,H,15.0,2.0,8.0,1.0,13.0,10.0,7.0,3.0,2.0,1.0,0.0,0.0,2.75,3.75,2.45,2.75,3.76,2.48,,,,,,,,2023/2024
E0,2024-05-05,Chelsea,West Ham,5.0,0.0,H,25.0,13.0,14.0,2.0,12.0,10.0,8.0,6.0,1.0,3.0,0.0,0.0,1.65,4.5,4.5,1.66,4.62,4.59,,,,,,,,2023/2024
E0,2024-05-05,Liverpool,Tottenham,4.0,2.0,H,25.0,11.0,13.0,6.0,14.0,12.0,8.0,3.0,1.0,4.0,0.0,0.0,1.5,5.75,5.0,1.48,5.3,5.73,,,,,,,,2023/2024
E0,2024-05-06,Crystal Palace,Manchester United,4.0,0.0,H,18.0,7.0,10.0,2.0,12.0,8.0,6.0,3.0,1.0,1.0,0.0,0.0,2.38,3.75,2.8,2.39,3.81,2.83,,,,,,,,2023/2024
E0,2024-05-11,West Ham,Luton,3.0,1.0,H,24.0,4.0,8.0,1.0,9.0,15.0,7.0,6.0,1.0,3.0,0.0,0.0,1.8,4.2,3.8,1.82,4.53,3.78,,,,,,,,2023/2024
E0,2024-05-11,Tottenham,Burnley,2.0,1.0,H,21.0,7.0,9.0,3.0,10.0,14.0,9.0,3.0,3.0,5.0,0.0,0.0,1.36,5.75,7.0,1.35,6.16,7.27,,,,,,,,2023/2024
E0,2024-05-11,Fulham,Manchester City,0.0,4.0,A,1.0,16.0,1.0,9.0,9.0,6.0,1.0,7.0,1.0,0.0,1.0,0.0,13.0,7.0,1.2,12.95,7.04,1.21,,,,,,,,2023/2024
E0,2024-05-11,Bournemouth,Brentford,1.0,2.0,A,13.0,11.0,4.0,5.0,16.0,12.0,3.0,8.0,2.0,2.0,0.0,0.0,1.95,4.0,3.5,1.96,4.07,3.57,,,,,,,,2023/2024
E0,2024-05-11,Wolverhampton,Crystal Palace,1.0,3.0,A,13.0,13.0,7.0,3.0,13.0,12.0,8.0,3.0,3.0,2.0,0.0,1.0,2.88,3.5,2.38,2.9,3.49,2.49,,,,,,,,2023/2024
E0,2024-05-11,Nott'm Forest,Chelsea,2.0,3.0,A,20.0,12.0,4.0,5.0,14.0,8.0,5.0,6.0,2.0,3.0,0.0,0.0,3.4,3.8,2.0,3.44,3.93,2.04,,,,,,,,2023/2024
E0,2024-05-11,Newcastle,Brighton,1.0,1.0,D,18.0,15.0,7.0,4.0,9.0,16.0,8.0,4.0,3.0,4.0,0.0,0.0,1.57,4.75,4.75,1.59,4.93,4.84,,,,,,,,2023/2024
E0,2024-05-11,Everton,Sheffield United,1.0,0.0,H,15.0,13.0,6.0,1.0,6.0,11.0,3.0,6.0,1.0,2.0,0.0,0.0,1.4,4.8,7.5,1.4,5.3,7.47,,,,,,,,2023/2024
E0,2024-05-12,Manchester United,Arsenal,0.0,1.0,A,14.0,11.0,2.0,5.0,5.0,6.0,4.0,7.0,0.0,2.0,0.0,0.0,7.0,5.5,1.36,7.2,5.68,1.38,,,,,,,,2023/2024
E0,2024-05-13,Aston Villa,Liverpool,3.0,3.0,D,19.0,14.0,5.0,7.0,11.0,15.0,5.0,4.0,1.0,1.0,0.0,0.0,4.2,4.33,1.7,4.16,4.7,1.71,,,,,,,,2023/2024
E0,2024-05-14,Tottenham,Manchester City,0.0,2.0,A,10.0,8.0,5.0,5.0,14.0,11.0,7.0,4.0,3.0,3.0,0.0,0.0,6.5,6.0,1.36,7.15,6.3,1.36,,,,,,,,2023/2024
E0,2024-05-15,Brighton,Chelsea,1.0,2.0,A,12.0,13.0,2.0,6.0,13.0,14.0,4.0,6.0,2.0,2.0,0.0,1.0,3.3,4.0,1.95,3.42,3.97,2.04,,,,,,,,2023/2024
E0,2024-05-15,Manchester United,Newcastle,3.0,2.0,H,17.0,21.0,8.0,8.0,16.0,7.0,9.0,9.0,3.0,3.0,0.0,0.0,2.75,4.0,2.3,2.75,4.07,2.36,,,,,,,,2023/2024
E0,2024-05-19,Brentford,Newcastle,2.0,4.0,A,10.0,12.0,5.0,7.0,15.0,11.0,3.0,0.0,4.0,4.0,0.0,0.0,2.9,3.9,2.2,2.97,4.0,2.21,,,,,,,,2023/2024
E0,2024-05-19,Brighton,Manchester United,0.0,2.0,A,17.0,11.0,3.0,4.0,10.0,9.0,7.0,5.0,1.0,3.0,0.0,0.0,2.15,4.0,2.9,2.18,4.09,2.98,,,,,,,,2023/2024
E0,2024-05-19,Arsenal,Everton,2.0,1.0,H,26.0,5.0,5.0,2.0,8.0,11.0,8.0,1.0,4.0,3.0,0.0,0.0,1.18,8.0,12.0,1.17,8.37,15.6,,,,,,,,2023/2024
E0,2024-05-19,Manchester City,West Ham,3.0,1.0,H,28.0,3.0,12.0,2.0,3.0,12.0,11.0,2.0,0.0,1.0,0.0,0.0,1.08,12.0,21.0,1.09,13.11,20.39,,,,,,,,2023/2024
E0,2024-05-19,Burnley,Nott'm Forest,1.0,2.0,A,20.0,12.0,3.0,6.0,11.0,5.0,4.0,3.0,1.0,0.0,0.0,0.0,3.0,3.5,2.3,2.92,3.76,2.32,,,,,,,,2023/2024
E0,2024-05-19,Luton,Fulham,2.0,4.0,A,15.0,15.0,6.0,7.0,15.0,20.0,4.0,4.0,5.0,4.0,0.0,0.0,2.9,3.9,2.2,2.93,3.92,2.26,,,,,,,,2023/2024
E0,2024-05-19,Crystal Palace,Aston Villa,5.0,0.0,H,15.0,8.0,9.0,2.0,10.0,8.0,2.0,4.0,1.0,4.0,0.0,0.0,1.85,4.33,3.6,1.83,4.37,3.74,,,,,,,,2023/2024
E0,2024-05-19,Liverpool,Wolverhampton,2.0,0.0,H,36.0,4.0,14.0,3.0,14.0,11.0,10.0,2.0,1.0,1.0,0.0,1.0,1.17,8.0,15.0,1.16,9.27,13.56,,,,,,,,2023/2024
E0,2024-05-19,Chelsea,Bournemouth,2.0,1.0,H,16.0,22.0,6.0,5.0,5.0,9.0,6.0,5.0,2.0,3.0,0.0,0.0,1.45,5.0,6.0,1.45,5.4,5.93,,,,,,,,2023/2024
E0,2024-05-19,Sheffield United,Tottenham,0.0,3.0,A,6.0,18.0,1.0,9.0,11.0,9.0,2.0,6.0,2.0,0.0,0.0,0.0,7.0,6.0,1.33,7.16,6.0,1.35,,,,,,,,2023/2024
