Div,Date,HomeTeam,AwayTeam,FTHG,FTAG,FTR,HS,AS,HST,AST,HF,AF,HC,AC,HY,AY,HR,AR,B365H,B365D,B365A,PSH,PSD,PSA,BbMxH,BbMxD,BbMxA,BbAvH,BbAvD,BbAvA,Bb1X2,Season
I1,2014-08-30,Chievo,Juventus,0.0,1.0,A,7.0,21.0,2.0,3.0,13.0,14.0,4.0,11.0,2.0,1.0,0.0,0.0,7.0,4.0,1.5,7.75,4.12,1.54,8.0,4.2,1.56,7.01,3.9,1.53,49.0,2014/2015
I1,2014-08-30,Roma,Fiorentina,2.0,0.0,H,20.0,10.0,5.0,4.0,15.0,17.0,2.0,0.0,4.0,4.0,0.0,0.0,1.67,3.8,5.0,1.74,3.92,5.32,1.81,3.92,5.5,1.73,3.67,4.95,49.0,2014/2015
I1,2014-08-31,Atalanta,Verona,0.0,0.0,D,11.0,9.0,1.0,3.0,17.0,16.0,6.0,2.0,2.0,3.0,0.0,0.0,2.05,3.4,3.6,2.11,3.36,3.95,2.21,3.5,4.0,2.1,3.27,3.62,49.0,2014/2015
I1,2014-08-31,Cesena,Parma,1.0,0.0,H,9.0,12.0,5.0,1.0,10.0,19.0,4.0,7.0,2.0,1.0,0.0,0.0,3.1,3.2,2.35,3.43,3.2,2.4,3.5,3.3,2.46,3.19,3.13,2.36,49.0,2014/2015
I1,2014-08-31,Genoa,Napoli,1.0,2.0,A,11.0,15.0,5.0,5.0,10.0,10.0,7.0,5.0,3.0,1.0,0.0,0.0,3.9,3.4,1.95,4.0,3.58,2.04,4.04,3.57,2.11,3.78,3.37,2.01,49.0,2014/2015
I1,2014-08-31,Milan,Lazio,3.0,1.0,H,7.0,19.0,4.0,4.0,10.0,20.0,0.0,10.0,2.0,3.0,0.0,0.0,2.0,3.4,3.75,2.05,3.51,4.03,2.06,3.65,4.2,1.99,3.37,3.88,48.0,2014/2015
I1,2014-08-31,Palermo,Sampdoria,1.0,1.0,D,8.0,10.0,1.0,3.0,15.0,18.0,1.0,7.0,1.0,2.0,0.0,1.0,2.2,3.25,3.3,2.24,3.29,3.7,2.3,3.3,3.7,2.2,3.2,3.43,48.0,2014/2015
I1,2014-08-31,Sassuolo,Cagliari,1.0,1.0,D,13.0,10.0,5.0,4.0,22.0,26.0,4.0,4.0,3.0,2.0,0.0,0.0,2.3,3.4,3.0,2.32,3.57,3.24,2.42,3.65,3.3,2.31,3.36,3.04,49.0,2014/2015
I1,2014-08-31,Torino,Inter Milan,0.0,0.0,D,11.0,14.0,2.0,2.0,9.0,10.0,6.0,10.0,1.0,1.0,0.0,1.0,3.1,3.3,2.3,3.32,3.46,2.33,3.45,3.55,2.4,3.14,3.28,2.31,46.0,2014/2015
I1,2014-08-31,Udinese,Empoli,2.0,0.0,H,15.0,13.0,5.0,2.0,10.0,9.0,3.0,9.0,2.0,2.0,0.0,0.0,1.8,3.5,4.5,1.83,3.64,5.04,1.86,3.7,5.04,1.81,3.48,4.63,49.0,2014/2015
I1,2014-09-13,Empoli,Roma,0.0,1.0,A,17.0,5.0,3.0,2.0,4.0,10.0,7.0,0.0,0.0,1.0,0.0,0.0,5.5,3.75,1.62,6.76,4.21,1.57,7.2,4.33,1.62,6.22,3.9,1.57,46.0,2014/2015
I1,2014-09-13,Juventus,Udinese,2.0,0.0,H,18.0,9.0,7.0,1.0,13.0,14.0,4.0,6.0,0.0,1.0,0.0,0.0,1.4,4.5,8.0,1.42,4.84,9.3,1.45,5.0,10.0,1.39,4.6,8.42,46.0,2014/2015
I1,2014-09-14,Lazio,Cesena,3.0,0.0,H,17.0,7.0,6.0,1.0,26.0,10.0,7.0,1.0,3.0,1.0,0.0,0.0,1.33,5.0,9.0,1.35,5.17,11.74,1.41,5.2,13.0,1.33,4.91,10.27,45.0,2014/2015
I1,2014-09-14,Fiorentina,Genoa,0.0,0.0,D,22.0,6.0,7.0,1.0,13.0,18.0,12.0,3.0,1.0,3.0,0.0,1.0,1.57,3.8,6.0,1.56,4.25,6.98,1.62,4.25,7.0,1.56,3.93,6.3,46.0,2014/2015
I1,2014-09-14,Inter Milan,Sassuolo,7.0,0.0,H,22.0,14.0,11.0,2.0,16.0,12.0,6.0,1.0,0.0,1.0,0.0,1.0,1.44,4.33,7.0,1.47,4.59,8.16,1.51,4.59,8.3,1.46,4.28,7.36,46.0,2014/2015
I1,2014-09-14,Sampdoria,Torino,2.0,0.0,H,8.0,10.0,4.0,0.0,18.0,17.0,3.0,5.0,3.0,4.0,0.0,0.0,2.4,3.1,3.1,2.5,3.22,3.24,2.56,3.25,3.3,2.46,3.13,3.05,46.0,2014/2015
I1,2014-09-14,Napoli,Chievo,0.0,1.0,A,33.0,8.0,9.0,1.0,14.0,12.0,15.0,2.0,2.0,2.0,0.0,0.0,1.36,4.75,8.0,1.39,4.93,10.3,1.41,5.2,11.0,1.35,4.85,9.11,46.0,2014/2015
I1,2014-09-14,Parma,Milan,4.0,5.0,A,11.0,11.0,3.0,7.0,24.0,12.0,5.0,4.0,3.0,1.0,1.0,1.0,2.7,3.2,2.6,2.96,3.42,2.56,2.98,3.45,2.66,2.83,3.29,2.53,46.0,2014/2015
I1,2014-09-14,Cagliari,Atalanta,1.0,2.0,A,19.0,7.0,9.0,3.0,14.0,21.0,7.0,7.0,4.0,4.0,0.0,0.0,2.25,3.4,3.1,2.34,3.48,3.29,2.35,3.5,3.45,2.27,3.35,3.17,46.0,2014/2015
I1,2014-09-15,Verona,Palermo,2.0,1.0,H,14.0,18.0,5.0,4.0,9.0,12.0,10.0,5.0,4.0,2.0,0.0,0.0,2.2,3.3,3.3,2.2,3.44,3.64,2.26,3.5,3.7,2.17,3.29,3.4,43.0,2014/2015
I1,2014-09-20,Cesena,Empoli,2.0,2.0,D,8.0,18.0,5.0,6.0,20.0,9.0,3.0,7.0,4.0,1.0,0.0,0.0,2.8,3.0,2.7,2.92,3.09,2.83,2.94,3.3,2.9,2.78,3.08,2.69,47.0,2014/2015
I1,2014-09-20,Milan,Juventus,0.0,1.0,A,9.0,14.0,3.0,4.0,9.0,18.0,3.0,4.0,2.0,3.0,0.0,0.0,3.2,3.3,2.25,3.46,3.29,2.34,3.5,3.4,2.4,3.31,3.24,2.26,47.0,2014/2015
I1,2014-09-21,Atalanta,Fiorentina,0.0,1.0,A,23.0,16.0,6.0,6.0,10.0,23.0,4.0,7.0,1.0,4.0,0.0,0.0,3.25,3.1,2.3,3.57,3.19,2.34,3.55,3.3,2.5,3.26,3.19,2.31,45.0,2014/2015
I1,2014-09-21,Palermo,Inter Milan,1.0,1.0,D,13.0,13.0,2.0,3.0,16.0,9.0,5.0,2.0,2.0,4.0,0.0,0.0,3.75,3.4,2.0,4.39,3.43,2.0,4.39,3.6,2.1,3.99,3.36,1.97,45.0,2014/2015
I1,2014-09-21,Genoa,Lazio,1.0,0.0,H,9.0,17.0,4.0,7.0,11.0,19.0,3.0,7.0,2.0,1.0,0.0,1.0,3.0,3.0,2.5,3.19,3.17,2.56,3.19,3.3,2.65,2.97,3.16,2.5,46.0,2014/2015
I1,2014-09-21,Chievo,Parma,2.0,3.0,A,11.0,12.0,4.0,4.0,17.0,21.0,4.0,5.0,1.0,4.0,0.0,0.0,2.9,3.1,2.5,3.01,3.16,2.69,3.1,3.2,2.8,2.92,3.1,2.58,47.0,2014/2015
I1,2014-09-21,Roma,Cagliari,2.0,0.0,H,7.0,9.0,3.0,2.0,16.0,13.0,0.0,6.0,1.0,1.0,0.0,0.0,1.3,5.0,11.0,1.3,5.84,12.26,1.33,6.2,13.0,1.29,5.35,10.56,45.0,2014/2015
I1,2014-09-21,Udinese,Napoli,1.0,0.0,H,9.0,10.0,3.0,3.0,12.0,12.0,0.0,9.0,1.0,3.0,0.0,0.0,3.3,3.25,2.2,3.58,3.46,2.22,3.6,3.46,2.3,3.33,3.28,2.22,47.0,2014/2015
I1,2014-09-21,Torino,Verona,0.0,1.0,A,22.0,11.0,4.0,2.0,15.0,8.0,11.0,1.0,3.0,1.0,0.0,0.0,1.91,3.5,4.0,1.9,3.54,4.71,2.0,3.6,4.71,1.89,3.41,4.29,45.0,2014/2015
I1,2014-09-21,Sassuolo,Sampdoria,0.0,0.0,D,14.0,12.0,5.0,3.0,19.0,23.0,3.0,7.0,3.0,2.0,0.0,0.0,2.63,3.2,2.7,2.7,3.31,2.88,2.82,3.35,2.9,2.67,3.21,2.72,47.0,2014/2015
I1,2014-09-23,Empoli,Milan,2.0,2.0,D,13.0,15.0,6.0,6.0,13.0,21.0,3.0,5.0,2.0,3.0,1.0,0.0,4.5,3.3,1.85,4.67,3.58,1.9,5.2,3.7,1.95,4.55,3.47,1.84,44.0,2014/2015
I1,2014-09-24,Cagliari,Torino,1.0,2.0,A,11.0,12.0,5.0,4.0,14.0,11.0,3.0,6.0,2.0,2.0,0.0,0.0,2.55,3.3,2.7,2.59,3.44,2.91,2.68,3.45,2.94,2.53,3.29,2.8,44.0,2014/2015
I1,2014-09-24,Fiorentina,Sassuolo,0.0,0.0,D,18.0,5.0,2.0,0.0,13.0,12.0,11.0,3.0,2.0,2.0,0.0,0.0,1.44,4.33,7.0,1.48,4.65,7.86,1.5,4.8,8.5,1.44,4.41,7.47,44.0,2014/2015
I1,2014-09-24,Inter Milan,Atalanta,2.0,0.0,H,21.0,14.0,6.0,2.0,13.0,14.0,6.0,13.0,1.0,3.0,0.0,0.0,1.44,4.33,7.0,1.47,4.5,8.55,1.51,4.9,9.0,1.44,4.36,7.64,44.0,2014/2015
I1,2014-09-24,Juventus,Cesena,3.0,0.0,H,29.0,1.0,13.0,1.0,10.0,14.0,6.0,2.0,0.0,3.0,0.0,0.0,1.13,8.0,19.0,1.14,9.67,27.49,1.15,10.0,31.0,1.12,8.58,22.13,44.0,2014/2015
I1,2014-09-24,Napoli,Palermo,3.0,3.0,D,16.0,10.0,8.0,6.0,11.0,10.0,6.0,4.0,1.0,4.0,0.0,0.0,1.44,4.33,7.0,1.44,4.72,8.93,1.46,4.9,9.0,1.42,4.47,7.87,44.0,2014/2015
I1,2014-09-24,Parma,Roma,1.0,2.0,A,6.0,13.0,4.0,4.0,15.0,12.0,6.0,9.0,2.0,3.0,0.0,0.0,3.75,3.4,2.0,3.91,3.51,2.09,4.0,3.6,2.11,3.8,3.39,2.02,44.0,2014/2015
I1,2014-09-24,Sampdoria,Chievo,2.0,1.0,H,16.0,5.0,5.0,3.0,25.0,27.0,6.0,1.0,1.0,3.0,0.0,0.0,1.91,3.3,4.2,1.94,3.42,4.71,2.05,3.5,4.7,1.93,3.32,4.25,44.0,2014/2015
I1,2014-09-24,Verona,Genoa,2.0,2.0,D,16.0,16.0,7.0,9.0,13.0,15.0,7.0,4.0,2.0,2.0,0.0,0.0,2.05,3.4,3.5,2.12,3.35,3.98,2.25,3.5,4.02,2.1,3.31,3.64,44.0,2014/2015
I1,2014-09-25,Lazio,Udinese,0.0,1.0,A,18.0,5.0,8.0,2.0,18.0,12.0,7.0,3.0,3.0,1.0,0.0,0.0,1.8,3.5,4.5,1.86,3.63,4.83,1.92,3.7,5.0,1.84,3.47,4.55,43.0,2014/2015
I1,2014-09-27,Atalanta,Juventus,0.0,3.0,A,10.0,16.0,1.0,7.0,17.0,15.0,2.0,3.0,2.0,3.0,0.0,0.0,6.5,3.8,1.55,7.46,4.08,1.56,8.0,4.25,1.65,6.74,3.83,1.55,46.0,2014/2015
I1,2014-09-27,Roma,Verona,2.0,0.0,H,23.0,9.0,6.0,3.0,13.0,4.0,10.0,2.0,1.0,1.0,0.0,0.0,1.33,5.0,9.0,1.36,5.28,10.32,1.4,5.5,11.0,1.35,5.02,9.08,46.0,2014/2015
I1,2014-09-28,Cesena,Milan,1.0,1.0,D,10.0,11.0,2.0,4.0,14.0,12.0,4.0,9.0,4.0,2.0,0.0,1.0,5.5,3.75,1.62,6.96,3.95,1.61,6.85,4.0,1.7,5.88,3.74,1.62,46.0,2014/2015
I1,2014-09-28,Chievo,Empoli,1.0,1.0,D,18.0,6.0,5.0,3.0,20.0,14.0,11.0,1.0,3.0,1.0,0.0,0.0,2.25,3.25,3.25,2.35,3.21,3.54,2.41,3.3,3.8,2.28,3.15,3.39,46.0,2014/2015
I1,2014-09-28,Genoa,Sampdoria,0.0,1.0,A,7.0,10.0,4.0,1.0,22.0,23.0,3.0,5.0,3.0,4.0,0.0,0.0,2.9,3.0,2.6,2.98,3.17,2.71,3.05,3.25,2.8,2.83,3.13,2.64,46.0,2014/2015
I1,2014-09-28,Inter Milan,Cagliari,1.0,4.0,A,15.0,16.0,5.0,7.0,23.0,8.0,10.0,3.0,1.0,3.0,1.0,0.0,1.44,4.33,7.0,1.43,4.8,8.91,1.47,4.9,9.3,1.42,4.47,7.93,46.0,2014/2015
I1,2014-09-28,Sassuolo,Napoli,0.0,1.0,A,11.0,11.0,1.0,3.0,19.0,12.0,6.0,6.0,4.0,2.0,0.0,0.0,4.5,3.5,1.8,4.89,3.85,1.8,4.95,3.88,1.91,4.48,3.59,1.81,46.0,2014/2015
I1,2014-09-28,Torino,Fiorentina,1.0,1.0,D,15.0,19.0,3.0,7.0,14.0,15.0,6.0,4.0,3.0,2.0,0.0,0.0,2.88,3.2,2.5,2.94,3.16,2.76,2.98,3.3,2.76,2.81,3.15,2.63,46.0,2014/2015
I1,2014-09-29,Palermo,Lazio,0.0,4.0,A,17.0,15.0,4.0,10.0,12.0,16.0,4.0,1.0,2.0,4.0,0.0,0.0,2.9,3.25,2.4,3.24,3.29,2.45,3.3,3.4,2.51,3.11,3.21,2.37,43.0,2014/2015
I1,2014-09-29,Udinese,Parma,4.0,2.0,H,12.0,18.0,5.0,6.0,8.0,11.0,6.0,4.0,2.0,0.0,0.0,1.0,2.2,3.2,3.4,2.29,3.38,3.49,2.33,3.4,3.6,2.21,3.23,3.39,43.0,2014/2015
I1,2014-10-04,Milan,Chievo,2.0,0.0,H,22.0,10.0,4.0,2.0,10.0,25.0,9.0,2.0,2.0,5.0,0.0,0.0,1.4,4.75,7.0,1.43,4.59,9.75,1.44,5.0,10.14,1.41,4.41,8.44,44.0,2014/2015
I1,2014-10-04,Verona,Cagliari,1.0,0.0,H,13.0,19.0,5.0,7.0,13.0,17.0,5.0,11.0,1.0,3.0,0.0,0.0,2.0,3.3,3.75,2.11,3.47,3.88,2.15,3.52,3.87,2.07,3.37,3.61,44.0,2014/2015
I1,2014-10-05,Lazio,Sassuolo,3.0,2.0,H,13.0,12.0,9.0,6.0,22.0,12.0,4.0,1.0,2.0,1.0,1.0,1.0,1.5,4.0,7.0,1.51,4.3,8.07,1.53,4.6,8.5,1.48,4.11,7.24,42.0,2014/2015
I1,2014-10-05,Fiorentina,Inter Milan,3.0,0.0,H,15.0,14.0,8.0,4.0,12.0,17.0,2.0,5.0,2.0,3.0,0.0,0.0,2.38,3.3,2.9,2.46,3.32,3.21,2.5,3.4,3.21,2.41,3.26,2.99,43.0,2014/2015
I1,2014-10-05,Juventus,Roma,3.0,2.0,H,20.0,8.0,5.0,2.0,14.0,15.0,5.0,5.0,4.0,3.0,1.0,1.0,1.8,3.5,4.5,1.92,3.51,4.7,1.96,3.6,4.75,1.88,3.43,4.33,43.0,2014/2015
I1,2014-10-05,Empoli,Palermo,3.0,0.0,H,20.0,7.0,11.0,2.0,18.0,25.0,12.0,4.0,0.0,4.0,0.0,0.0,2.38,3.2,3.0,2.36,3.19,3.54,2.45,3.3,3.54,2.34,3.17,3.18,43.0,2014/2015
I1,2014-10-05,Udinese,Cesena,1.0,1.0,D,14.0,7.0,3.0,5.0,10.0,12.0,7.0,1.0,3.0,3.0,0.0,0.0,1.45,4.2,7.5,1.52,4.05,8.62,1.55,4.2,8.62,1.5,3.89,7.52,43.0,2014/2015
I1,2014-10-05,Parma,Genoa,1.0,2.0,A,12.0,13.0,3.0,5.0,26.0,12.0,6.0,3.0,2.0,2.0,0.0,1.0,1.91,3.4,4.0,1.92,3.45,4.8,1.95,3.75,4.74,1.89,3.41,4.27,43.0,2014/2015
I1,2014-10-05,Sampdoria,Atalanta,1.0,0.0,H,16.0,8.0,3.0,1.0,19.0,14.0,3.0,4.0,3.0,3.0,0.0,0.0,1.83,3.4,4.5,1.93,3.51,4.62,1.95,3.51,5.1,1.88,3.33,4.41,43.0,2014/2015
I1,2014-10-05,Napoli,Torino,2.0,1.0,H,24.0,5.0,9.0,2.0,17.0,16.0,9.0,2.0,3.0,3.0,0.0,0.0,1.5,4.0,7.0,1.54,4.18,7.63,1.56,4.33,7.63,1.52,3.99,6.92,43.0,2014/2015
I1,2014-10-18,Roma,Chievo,3.0,0.0,H,14.0,11.0,8.0,3.0,12.0,13.0,6.0,2.0,1.0,1.0,0.0,0.0,1.3,5.5,9.0,1.31,5.69,12.52,1.33,6.0,13.0,1.3,5.31,10.33,46.0,2014/2015
I1,2014-10-18,Sassuolo,Juventus,1.0,1.0,D,7.0,19.0,2.0,7.0,14.0,15.0,2.0,6.0,2.0,2.0,0.0,1.0,7.5,4.5,1.4,8.75,4.75,1.44,10.5,5.0,1.45,8.31,4.5,1.4,46.0,2014/2015
I1,2014-10-19,Atalanta,Parma,1.0,0.0,H,18.0,6.0,3.0,1.0,11.0,18.0,3.0,1.0,2.0,3.0,0.0,0.0,2.5,3.2,2.88,2.63,3.18,3.07,2.63,3.3,3.15,2.52,3.18,2.92,44.0,2014/2015
I1,2014-10-19,Cagliari,Sampdoria,2.0,2.0,D,13.0,13.0,4.0,8.0,19.0,15.0,8.0,0.0,3.0,5.0,0.0,1.0,2.5,3.3,2.75,2.64,3.27,2.98,2.66,3.4,3.05,2.56,3.22,2.83,46.0,2014/2015
I1,2014-10-19,Fiorentina,Lazio,0.0,2.0,A,15.0,10.0,2.0,5.0,11.0,24.0,6.0,4.0,1.0,5.0,0.0,0.0,2.05,3.3,3.6,2.07,3.41,4.12,2.11,3.41,4.2,2.05,3.28,3.82,45.0,2014/2015
I1,2014-10-19,Inter Milan,Napoli,2.0,2.0,D,22.0,12.0,5.0,4.0,8.0,12.0,6.0,4.0,2.0,3.0,0.0,0.0,2.5,3.25,2.8,2.56,3.33,3.04,2.6,3.42,3.05,2.49,3.27,2.87,46.0,2014/2015
I1,2014-10-19,Palermo,Cesena,2.0,1.0,H,12.0,4.0,4.0,2.0,16.0,16.0,12.0,3.0,5.0,3.0,0.0,1.0,1.65,3.6,5.5,1.71,3.73,5.95,1.8,3.75,6.0,1.71,3.55,5.33,46.0,2014/2015
I1,2014-10-19,Torino,Udinese,1.0,0.0,H,23.0,11.0,5.0,3.0,16.0,8.0,8.0,5.0,3.0,2.0,0.0,0.0,2.15,3.2,3.4,2.25,3.26,3.72,2.4,3.31,3.72,2.24,3.19,3.39,46.0,2014/2015
I1,2014-10-19,Verona,Milan,1.0,3.0,A,22.0,12.0,8.0,5.0,10.0,15.0,8.0,5.0,2.0,1.0,1.0,0.0,3.4,3.4,2.1,3.72,3.45,2.17,3.75,3.49,2.25,3.48,3.33,2.14,46.0,2014/2015
I1,2014-10-20,Genoa,Empoli,1.0,1.0,D,13.0,9.0,3.0,4.0,16.0,13.0,10.0,4.0,3.0,1.0,0.0,0.0,2.1,3.3,3.5,2.12,3.26,4.15,2.15,3.35,4.2,2.09,3.23,3.73,46.0,2014/2015
I1,2014-10-25,Parma,Sassuolo,1.0,3.0,A,11.0,8.0,4.0,3.0,19.0,16.0,7.0,3.0,4.0,2.0,0.0,0.0,1.73,3.6,4.75,1.77,3.78,5.26,1.81,3.8,5.5,1.76,3.57,4.9,45.0,2014/2015
I1,2014-10-25,Sampdoria,Roma,0.0,0.0,D,9.0,20.0,2.0,4.0,14.0,12.0,6.0,14.0,2.0,3.0,0.0,0.0,3.6,3.5,2.0,4.22,3.4,2.04,4.45,3.5,2.1,3.97,3.32,2.0,45.0,2014/2015
I1,2014-10-25,Empoli,Cagliari,0.0,4.0,A,9.0,15.0,5.0,6.0,10.0,23.0,6.0,6.0,2.0,2.0,0.0,0.0,2.0,3.4,3.75,2.09,3.47,3.94,2.15,3.55,4.0,2.08,3.35,3.64,45.0,2014/2015
I1,2014-10-26,Cesena,Inter Milan,0.0,1.0,A,8.0,18.0,2.0,6.0,20.0,15.0,2.0,3.0,5.0,1.0,1.0,0.0,6.5,3.6,1.57,7.15,3.93,1.6,7.5,3.95,1.75,6.25,3.69,1.61,45.0,2014/2015
I1,2014-10-26,Chievo,Genoa,1.0,2.0,A,13.0,13.0,5.0,4.0,23.0,22.0,4.0,7.0,2.0,3.0,1.0,0.0,2.38,3.1,3.1,2.46,3.13,3.39,2.55,3.25,3.39,2.44,3.1,3.1,45.0,2014/2015
I1,2014-10-26,Juventus,Palermo,2.0,0.0,H,20.0,6.0,5.0,1.0,8.0,10.0,6.0,1.0,2.0,1.0,0.0,0.0,1.22,5.5,15.0,1.22,6.92,18.85,1.25,7.0,19.0,1.21,6.19,14.79,45.0,2014/2015
I1,2014-10-26,Lazio,Torino,2.0,1.0,H,12.0,15.0,7.0,4.0,13.0,9.0,3.0,6.0,2.0,1.0,0.0,0.0,1.75,3.5,4.75,1.77,3.66,5.5,1.83,3.7,5.4,1.78,3.5,4.9,44.0,2014/2015
I1,2014-10-26,Milan,Fiorentina,1.0,1.0,D,15.0,12.0,2.0,2.0,13.0,13.0,5.0,4.0,2.0,2.0,0.0,0.0,2.05,3.4,3.6,2.05,3.51,4.04,2.1,3.6,4.2,2.03,3.37,3.76,45.0,2014/2015
I1,2014-10-26,Napoli,Verona,6.0,2.0,H,26.0,8.0,16.0,6.0,11.0,7.0,14.0,3.0,1.0,1.0,0.0,0.0,1.4,4.5,8.0,1.45,4.73,8.38,1.5,4.9,9.0,1.43,4.45,7.63,45.0,2014/2015
I1,2014-10-26,Udinese,Atalanta,2.0,0.0,H,15.0,14.0,4.0,3.0,16.0,15.0,5.0,7.0,2.0,1.0,0.0,0.0,1.91,3.4,4.0,1.89,3.53,4.82,1.91,3.6,5.0,1.86,3.38,4.55,45.0,2014/2015
I1,2014-10-28,Sassuolo,Empoli,3.0,1.0,H,23.0,16.0,6.0,6.0,9.0,12.0,6.0,3.0,2.0,3.0,0.0,0.0,2.2,3.25,3.3,2.22,3.33,3.7,2.25,3.45,3.8,2.19,3.25,3.48,46.0,2014/2015
I1,2014-10-29,Fiorentina,Udinese,3.0,0.0,H,27.0,5.0,9.0,1.0,15.0,14.0,4.0,2.0,2.0,3.0,0.0,0.0,1.65,3.6,5.5,1.72,3.69,5.96,1.8,3.75,6.0,1.7,3.57,5.33,46.0,2014/2015
I1,2014-10-29,Genoa,Juventus,1.0,0.0,H,4.0,16.0,3.0,4.0,22.0,17.0,1.0,13.0,2.0,4.0,0.0,0.0,7.0,4.0,1.5,8.39,4.11,1.52,8.5,4.25,1.55,7.56,3.9,1.5,46.0,2014/2015
I1,2014-10-29,Cagliari,Milan,1.0,1.0,D,16.0,13.0,5.0,3.0,13.0,13.0,6.0,4.0,3.0,2.0,0.0,0.0,3.4,3.4,2.1,3.47,3.51,2.24,3.75,3.6,2.24,3.4,3.42,2.13,46.0,2014/2015
I1,2014-10-29,Atalanta,Napoli,1.0,1.0,D,7.0,18.0,2.0,6.0,18.0,12.0,4.0,5.0,3.0,2.0,1.0,0.0,4.0,3.4,1.91,4.23,3.68,1.95,4.5,3.7,1.96,4.11,3.47,1.91,46.0,2014/2015
I1,2014-10-29,Palermo,Chievo,1.0,0.0,H,16.0,15.0,6.0,3.0,15.0,17.0,4.0,3.0,2.0,1.0,0.0,0.0,1.91,3.4,4.0,1.98,3.45,4.44,2.02,3.6,4.44,1.96,3.35,4.09,46.0,2014/2015
I1,2014-10-29,Roma,Cesena,2.0,0.0,H,16.0,4.0,6.0,1.0,11.0,13.0,7.0,3.0,1.0,1.0,0.0,0.0,1.18,6.5,15.0,1.2,7.12,20.98,1.24,7.4,21.0,1.19,6.64,16.39,46.0,2014/2015
I1,2014-10-29,Torino,Parma,1.0,0.0,H,15.0,10.0,5.0,2.0,11.0,17.0,4.0,7.0,1.0,3.0,0.0,1.0,1.83,3.4,4.33,1.89,3.59,4.7,2.1,3.65,4.7,1.89,3.45,4.26,46.0,2014/2015
I1,2014-10-29,Inter Milan,Sampdoria,1.0,0.0,H,17.0,10.0,5.0,4.0,11.0,19.0,4.0,4.0,2.0,2.0,0.0,0.0,1.8,3.6,4.33,1.81,3.69,5.09,1.84,3.75,5.25,1.78,3.52,4.81,46.0,2014/2015
I1,2014-10-30,Verona,Lazio,1.0,1.0,D,11.0,10.0,3.0,3.0,13.0,14.0,2.0,3.0,2.0,2.0,0.0,1.0,3.2,3.3,2.25,3.42,3.52,2.25,3.5,3.55,2.3,3.27,3.36,2.22,45.0,2014/2015
I1,2014-11-01,Empoli,Juventus,0.0,2.0,A,12.0,18.0,4.0,7.0,15.0,16.0,6.0,6.0,2.0,1.0,1.0,0.0,7.5,4.2,1.44,9.3,4.48,1.45,9.57,4.75,1.48,8.16,4.27,1.43,46.0,2014/2015
I1,2014-11-01,Napoli,Roma,2.0,0.0,H,15.0,8.0,6.0,2.0,13.0,11.0,6.0,5.0,2.0,3.0,0.0,0.0,2.4,3.3,2.9,2.38,3.49,3.19,2.5,3.51,3.2,2.38,3.33,3.01,46.0,2014/2015
I1,2014-11-01,Parma,Inter Milan,2.0,0.0,H,11.0,14.0,4.0,1.0,18.0,19.0,5.0,2.0,3.0,1.0,0.0,0.0,3.4,3.4,2.1,3.54,3.42,2.25,3.6,3.5,2.3,3.34,3.31,2.22,46.0,2014/2015
I1,2014-11-02,Milan,Palermo,0.0,2.0,A,14.0,13.0,3.0,7.0,10.0,15.0,4.0,4.0,3.0,3.0,0.0,0.0,1.5,4.0,7.0,1.55,4.29,7.13,1.55,4.5,8.0,1.51,4.09,6.85,46.0,2014/2015
I1,2014-11-02,Chievo,Sassuolo,0.0,0.0,D,12.0,9.0,1.0,3.0,20.0,16.0,5.0,5.0,1.0,6.0,0.0,0.0,2.4,3.2,3.0,2.45,3.25,3.28,2.5,3.3,3.4,2.42,3.18,3.06,46.0,2014/2015
I1,2014-11-02,Sampdoria,Fiorentina,3.0,1.0,H,12.0,16.0,6.0,5.0,17.0,26.0,3.0,10.0,3.0,4.0,0.0,0.0,3.0,3.2,2.4,3.04,3.27,2.59,3.13,3.3,2.63,2.92,3.17,2.53,46.0,2014/2015
I1,2014-11-02,Udinese,Genoa,2.0,4.0,A,15.0,13.0,2.0,6.0,10.0,14.0,7.0,5.0,2.0,3.0,0.0,0.0,2.05,3.3,3.6,2.08,3.36,4.13,2.12,3.4,4.4,2.03,3.27,3.91,46.0,2014/2015
I1,2014-11-02,Torino,Atalanta,0.0,0.0,D,20.0,7.0,2.0,1.0,12.0,23.0,10.0,6.0,0.0,5.0,0.0,0.0,1.85,3.5,4.2,1.86,3.46,5.03,1.95,3.6,5.03,1.87,3.37,4.52,46.0,2014/2015
I1,2014-11-03,Cesena,Verona,1.0,1.0,D,8.0,11.0,4.0,2.0,14.0,19.0,4.0,4.0,1.0,4.0,0.0,0.0,2.88,3.2,2.5,3.03,3.29,2.59,3.15,3.35,2.62,2.92,3.2,2.5,43.0,2014/2015
I1,2014-11-03,Lazio,Cagliari,4.0,2.0,H,11.0,9.0,5.0,4.0,24.0,15.0,4.0,7.0,2.0,3.0,0.0,1.0,1.53,3.8,6.5,1.57,4.32,6.59,1.62,4.33,7.0,1.55,4.02,6.25,45.0,2014/2015
I1,2014-11-08,Sampdoria,Milan,2.0,2.0,D,19.0,10.0,8.0,3.0,13.0,23.0,5.0,5.0,1.0,3.0,0.0,1.0,2.6,3.2,2.7,2.74,3.37,2.8,2.88,3.37,2.88,2.69,3.21,2.71,43.0,2014/2015
I1,2014-11-08,Sassuolo,Atalanta,0.0,0.0,D,14.0,10.0,5.0,0.0,19.0,22.0,8.0,4.0,3.0,1.0,0.0,0.0,2.1,3.4,3.4,2.16,3.37,3.83,2.25,3.45,3.83,2.17,3.27,3.49,43.0,2014/2015
I1,2014-11-09,Fiorentina,Napoli,0.0,1.0,A,14.0,19.0,2.0,5.0,9.0,13.0,7.0,5.0,3.0,3.0,0.0,0.0,2.5,3.3,2.75,2.66,3.43,2.84,2.74,3.43,3.0,2.59,3.26,2.78,43.0,2014/2015
I1,2014-11-09,Cagliari,Genoa,1.0,1.0,D,13.0,9.0,5.0,5.0,19.0,24.0,6.0,2.0,5.0,4.0,0.0,1.0,2.2,3.4,3.2,2.22,3.52,3.51,2.3,3.6,3.51,2.23,3.37,3.26,43.0,2014/2015
I1,2014-11-09,Chievo,Cesena,2.0,1.0,H,19.0,9.0,6.0,3.0,16.0,18.0,5.0,2.0,4.0,4.0,0.0,0.0,1.85,3.4,4.33,1.94,3.3,4.96,1.97,3.45,4.96,1.91,3.29,4.41,43.0,2014/2015
I1,2014-11-09,Empoli,Lazio,2.0,1.0,H,7.0,7.0,2.0,1.0,13.0,24.0,3.0,4.0,1.0,2.0,0.0,0.0,3.75,3.25,2.05,3.77,3.42,2.16,3.9,3.45,2.25,3.52,3.31,2.14,42.0,2014/2015
I1,2014-11-09,Palermo,Udinese,1.0,1.0,D,20.0,12.0,4.0,6.0,14.0,22.0,7.0,5.0,1.0,5.0,0.0,0.0,2.15,3.3,3.4,2.2,3.32,3.79,2.3,3.4,3.8,2.18,3.23,3.49,43.0,2014/2015
I1,2014-11-09,Inter Milan,Verona,2.0,2.0,D,18.0,17.0,4.0,5.0,9.0,13.0,5.0,8.0,0.0,2.0,1.0,0.0,1.45,4.5,6.5,1.49,4.56,7.68,1.52,4.6,8.0,1.48,4.34,6.94,43.0,2014/2015
I1,2014-11-09,Roma,Torino,3.0,0.0,H,14.0,12.0,8.0,4.0,12.0,11.0,2.0,5.0,1.0,2.0,0.0,0.0,1.44,4.33,7.0,1.46,4.58,8.54,1.5,4.6,8.6,1.46,4.27,7.5,43.0,2014/2015
I1,2014-11-09,Juventus,Parma,7.0,0.0,H,22.0,4.0,11.0,1.0,3.0,11.0,5.0,0.0,0.0,1.0,0.0,0.0,1.2,6.0,15.0,1.25,6.29,16.46,1.25,6.6,18.0,1.22,6.07,13.91,43.0,2014/2015
I1,2014-11-22,Atalanta,Roma,1.0,2.0,A,9.0,6.0,1.0,2.0,27.0,16.0,3.0,3.0,2.0,5.0,1.0,0.0,4.5,3.4,1.83,5.1,3.54,1.85,5.3,3.6,1.9,4.66,3.44,1.82,47.0,2014/2015
I1,2014-11-22,Lazio,Juventus,0.0,3.0,A,14.0,10.0,4.0,4.0,23.0,13.0,6.0,4.0,2.0,2.0,0.0,1.0,3.75,3.4,2.0,4.09,3.5,2.05,4.35,3.6,2.1,3.9,3.38,1.99,46.0,2014/2015
I1,2014-11-23,Cesena,Sampdoria,1.0,1.0,D,8.0,19.0,3.0,6.0,21.0,14.0,4.0,4.0,2.0,0.0,0.0,0.0,4.0,3.3,1.95,4.64,3.33,1.98,4.64,3.5,2.05,4.24,3.29,1.94,48.0,2014/2015
I1,2014-11-23,Milan,Inter Milan,1.0,1.0,D,10.0,8.0,2.0,3.0,17.0,12.0,7.0,4.0,2.0,2.0,0.0,0.0,2.63,3.2,2.7,2.76,3.32,2.81,2.8,3.4,2.9,2.65,3.22,2.74,48.0,2014/2015
I1,2014-11-23,Napoli,Cagliari,3.0,3.0,D,14.0,11.0,6.0,8.0,17.0,9.0,6.0,4.0,1.0,2.0,0.0,0.0,1.36,4.75,8.5,1.38,5.28,9.58,1.42,5.28,10.0,1.37,4.9,8.26,47.0,2014/2015
I1,2014-11-23,Parma,Empoli,0.0,2.0,A,10.0,6.0,2.0,5.0,19.0,17.0,6.0,10.0,4.0,1.0,0.0,0.0,2.15,3.4,3.3,2.15,3.41,3.82,2.2,3.5,3.9,2.12,3.33,3.56,47.0,2014/2015
I1,2014-11-23,Torino,Sassuolo,0.0,1.0,A,12.0,14.0,5.0,6.0,16.0,13.0,6.0,4.0,2.0,3.0,0.0,0.0,1.83,3.5,4.33,1.88,3.51,4.89,1.95,3.6,5.2,1.83,3.44,4.61,47.0,2014/2015
I1,2014-11-23,Udinese,Chievo,1.0,1.0,D,9.0,14.0,3.0,5.0,8.0,11.0,3.0,5.0,3.0,2.0,0.0,0.0,1.85,3.4,4.33,1.95,3.41,4.66,2.0,3.5,4.85,1.89,3.36,4.36,47.0,2014/2015
I1,2014-11-23,Verona,Fiorentina,1.0,2.0,A,10.0,14.0,3.0,6.0,17.0,18.0,6.0,10.0,2.0,4.0,0.0,0.0,3.4,3.4,2.1,3.88,3.46,2.12,3.88,3.5,2.2,3.57,3.35,2.1,48.0,2014/2015
I1,2014-11-24,Genoa,Palermo,1.0,1.0,D,15.0,11.0,2.0,5.0,10.0,11.0,3.0,3.0,2.0,0.0,0.0,0.0,2.15,3.3,3.4,2.22,3.31,3.73,2.25,3.4,3.8,2.17,3.24,3.49,45.0,2014/2015
I1,2014-11-29,Chievo,Lazio,0.0,0.0,D,8.0,12.0,2.0,4.0,9.0,8.0,1.0,13.0,1.0,0.0,0.0,0.0,3.75,3.3,2.1,4.1,3.35,2.09,4.1,3.45,2.15,3.72,3.26,2.09,46.0,2014/2015
I1,2014-11-29,Sassuolo,Verona,2.0,1.0,H,17.0,11.0,4.0,1.0,18.0,18.0,9.0,5.0,4.0,3.0,0.0,0.0,2.0,3.5,3.6,2.08,3.54,3.9,2.15,3.6,3.9,2.06,3.41,3.64,47.0,2014/2015
I1,2014-11-30,Cagliari,Fiorentina,0.0,4.0,A,14.0,17.0,5.0,7.0,17.0,22.0,6.0,6.0,2.0,2.0,0.0,0.0,3.8,3.5,2.0,3.68,3.55,2.14,3.8,3.6,2.21,3.48,3.4,2.12,47.0,2014/2015
I1,2014-11-30,Cesena,Genoa,0.0,3.0,A,11.0,15.0,3.0,5.0,14.0,18.0,4.0,10.0,3.0,2.0,0.0,0.0,3.4,3.2,2.25,3.65,3.17,2.32,3.65,3.3,2.38,3.37,3.15,2.28,47.0,2014/2015
I1,2014-11-30,Empoli,Atalanta,0.0,0.0,D,21.0,6.0,4.0,1.0,14.0,23.0,11.0,2.0,2.0,3.0,0.0,0.0,2.1,3.4,3.6,2.16,3.4,3.79,2.22,3.4,3.95,2.14,3.26,3.56,47.0,2014/2015
I1,2014-11-30,Juventus,Torino,2.0,1.0,H,16.0,16.0,3.0,5.0,17.0,13.0,8.0,4.0,1.0,4.0,1.0,0.0,1.3,5.0,13.0,1.29,5.68,14.23,1.31,6.0,15.0,1.28,5.36,11.85,47.0,2014/2015
I1,2014-11-30,Milan,Udinese,2.0,0.0,H,18.0,6.0,6.0,0.0,8.0,10.0,7.0,0.0,0.0,2.0,1.0,1.0,1.62,3.75,6.0,1.61,4.06,6.61,1.65,4.06,6.9,1.59,3.82,6.08,47.0,2014/2015
I1,2014-11-30,Palermo,Parma,2.0,1.0,H,15.0,14.0,4.0,5.0,18.0,17.0,9.0,2.0,1.0,1.0,1.0,1.0,1.85,3.6,4.5,1.87,3.61,4.79,2.0,3.7,4.8,1.87,3.48,4.33,47.0,2014/2015
I1,2014-11-30,Roma,Inter Milan,4.0,2.0,H,18.0,10.0,6.0,4.0,11.0,14.0,7.0,4.0,1.0,3.0,0.0,0.0,1.75,3.75,4.75,1.79,3.77,5.12,1.85,3.77,5.2,1.79,3.55,4.71,47.0,2014/2015
I1,2014-12-01,Sampdoria,Napoli,1.0,1.0,D,14.0,14.0,3.0,2.0,18.0,20.0,10.0,6.0,3.0,2.0,0.0,1.0,3.3,3.4,2.2,3.73,3.42,2.18,3.73,3.45,2.3,3.43,3.29,2.18,44.0,2014/2015
I1,2014-12-05,Fiorentina,Juventus,0.0,0.0,D,9.0,10.0,1.0,3.0,11.0,17.0,4.0,5.0,2.0,3.0,0.0,0.0,3.8,3.4,2.05,3.89,3.35,2.15,4.15,3.4,2.16,3.8,3.24,2.09,47.0,2014/2015
I1,2014-12-06,Roma,Sassuolo,2.0,2.0,D,21.0,6.0,5.0,3.0,17.0,15.0,11.0,1.0,2.0,2.0,1.0,1.0,1.33,5.25,9.0,1.38,5.21,9.71,1.4,5.6,12.0,1.35,4.96,9.31,47.0,2014/2015
I1,2014-12-06,Torino,Palermo,2.0,2.0,D,20.0,7.0,6.0,3.0,10.0,16.0,6.0,1.0,1.0,3.0,0.0,0.0,1.91,3.3,4.5,1.93,3.37,4.87,2.0,3.5,4.87,1.9,3.3,4.45,47.0,2014/2015
I1,2014-12-07,Atalanta,Cesena,3.0,2.0,H,20.0,8.0,6.0,3.0,23.0,27.0,4.0,3.0,3.0,5.0,0.0,0.0,1.62,3.6,6.5,1.67,3.67,6.81,1.7,3.75,7.5,1.64,3.56,6.18,47.0,2014/2015
I1,2014-12-07,Genoa,Milan,1.0,0.0,H,13.0,15.0,4.0,6.0,16.0,13.0,12.0,10.0,3.0,2.0,0.0,0.0,3.1,3.25,2.4,3.14,3.26,2.53,3.2,3.3,2.56,3.0,3.21,2.44,47.0,2014/2015
I1,2014-12-07,Inter Milan,Udinese,1.0,2.0,A,16.0,16.0,2.0,6.0,11.0,8.0,9.0,4.0,2.0,1.0,0.0,0.0,1.5,4.0,7.5,1.51,4.33,7.87,1.57,4.45,8.5,1.49,4.05,7.3,47.0,2014/2015
I1,2014-12-07,Napoli,Empoli,2.0,2.0,D,20.0,10.0,10.0,4.0,14.0,15.0,9.0,2.0,2.0,2.0,0.0,0.0,1.33,5.0,10.0,1.31,5.52,12.77,1.36,5.52,13.0,1.31,5.13,10.51,47.0,2014/2015
I1,2014-12-07,Parma,Lazio,1.0,2.0,A,8.0,15.0,1.0,5.0,16.0,26.0,1.0,3.0,4.0,4.0,0.0,0.0,3.6,3.4,2.1,3.75,3.47,2.15,3.76,3.5,2.18,3.56,3.24,2.12,45.0,2014/2015
I1,2014-12-08,Cagliari,Chievo,0.0,2.0,A,10.0,10.0,1.0,5.0,20.0,26.0,6.0,3.0,6.0,3.0,0.0,0.0,1.85,3.6,4.33,1.91,3.63,4.55,1.96,3.7,4.8,1.89,3.5,4.23,47.0,2014/2015
I1,2014-12-08,Verona,Sampdoria,1.0,3.0,A,15.0,13.0,6.0,7.0,16.0,17.0,10.0,4.0,2.0,3.0,1.0,0.0,2.7,3.25,2.7,2.78,3.28,2.81,2.8,3.36,2.88,2.66,3.21,2.73,47.0,2014/2015
I1,2014-12-13,Lazio,Atalanta,3.0,0.0,H,23.0,6.0,9.0,1.0,14.0,13.0,10.0,3.0,0.0,2.0,0.0,0.0,1.57,3.8,6.5,1.56,4.16,7.2,1.62,4.15,7.21,1.57,3.85,6.42,44.0,2014/2015
I1,2014-12-13,Palermo,Sassuolo,2.0,1.0,H,13.0,14.0,4.0,7.0,17.0,8.0,5.0,4.0,1.0,3.0,0.0,2.0,2.05,3.5,3.6,2.06,3.5,4.04,2.09,3.6,4.05,2.02,3.39,3.77,45.0,2014/2015
I1,2014-12-14,Juventus,Sampdoria,1.0,1.0,D,19.0,10.0,8.0,3.0,18.0,11.0,8.0,4.0,2.0,5.0,0.0,0.0,1.36,4.75,9.0,1.33,5.33,12.3,1.36,5.5,12.3,1.32,4.98,10.46,45.0,2014/2015
I1,2014-12-14,Cesena,Fiorentina,1.0,4.0,A,5.0,15.0,0.0,6.0,17.0,13.0,3.0,5.0,2.0,1.0,1.0,0.0,7.5,3.8,1.53,8.01,4.04,1.54,8.5,4.15,1.56,7.12,3.89,1.52,45.0,2014/2015
I1,2014-12-14,Genoa,Roma,0.0,1.0,A,7.0,19.0,1.0,6.0,7.0,14.0,5.0,6.0,2.0,3.0,1.0,0.0,3.6,3.5,2.05,4.14,3.49,2.03,4.14,3.6,2.2,3.83,3.35,2.02,45.0,2014/2015
I1,2014-12-14,Parma,Cagliari,0.0,0.0,D,6.0,12.0,0.0,3.0,22.0,20.0,4.0,3.0,4.0,4.0,0.0,0.0,2.25,3.5,3.1,2.27,3.48,3.43,2.34,3.5,3.43,2.25,3.35,3.21,45.0,2014/2015
I1,2014-12-14,Udinese,Verona,1.0,2.0,A,13.0,9.0,6.0,4.0,13.0,10.0,1.0,6.0,2.0,5.0,0.0,0.0,1.95,3.6,3.8,1.97,3.59,4.28,2.01,3.6,4.4,1.95,3.43,4.0,45.0,2014/2015
I1,2014-12-14,Milan,Napoli,2.0,0.0,H,11.0,14.0,3.0,7.0,12.0,17.0,3.0,5.0,3.0,2.0,0.0,0.0,2.8,3.4,2.5,2.85,3.47,2.63,2.92,3.47,2.75,2.73,3.3,2.58,43.0,2014/2015
I1,2014-12-15,Chievo,Inter Milan,0.0,2.0,A,8.0,18.0,3.0,8.0,15.0,23.0,7.0,12.0,4.0,1.0,1.0,0.0,4.2,3.4,1.95,4.53,3.39,1.98,4.75,3.5,2.0,4.21,3.31,1.94,42.0,2014/2015
I1,2014-12-15,Empoli,Torino,0.0,0.0,D,17.0,10.0,3.0,3.0,13.0,17.0,10.0,2.0,2.0,3.0,0.0,1.0,2.4,3.1,3.2,2.39,3.32,3.34,2.45,3.32,3.4,2.38,3.15,3.15,42.0,2014/2015
I1,2014-12-18,Cagliari,Juventus,1.0,3.0,A,16.0,13.0,2.0,7.0,16.0,7.0,8.0,7.0,4.0,0.0,0.0,0.0,8.0,4.5,1.4,9.36,4.8,1.42,9.6,5.0,1.45,8.31,4.48,1.41,46.0,2014/2015
I1,2014-12-18,Napoli,Parma,2.0,0.0,H,18.0,3.0,7.0,0.0,11.0,17.0,3.0,2.0,1.0,4.0,0.0,0.0,1.33,5.0,9.0,1.31,5.64,12.3,1.37,5.64,12.3,1.33,5.01,9.79,46.0,2014/2015
I1,2014-12-20,Roma,Milan,0.0,0.0,D,16.0,9.0,5.0,7.0,17.0,21.0,10.0,2.0,4.0,2.0,0.0,1.0,1.75,3.8,4.75,1.78,3.87,5.03,1.85,3.95,5.03,1.76,3.66,4.7,45.0,2014/2015
I1,2014-12-20,Sassuolo,Cesena,1.0,1.0,D,17.0,6.0,9.0,2.0,15.0,17.0,12.0,6.0,4.0,1.0,0.0,0.0,1.53,4.0,7.0,1.54,4.16,7.66,1.6,4.2,7.66,1.53,3.9,6.86,45.0,2014/2015
I1,2014-12-21,Inter Milan,Lazio,2.0,2.0,D,16.0,5.0,6.0,2.0,7.0,14.0,9.0,0.0,1.0,4.0,0.0,0.0,2.15,3.4,3.5,2.16,3.48,3.7,2.2,3.48,3.85,2.13,3.33,3.56,44.0,2014/2015
I1,2014-12-21,Atalanta,Palermo,3.0,3.0,D,13.0,15.0,5.0,5.0,20.0,17.0,3.0,6.0,5.0,2.0,0.0,0.0,2.3,3.2,3.3,2.41,3.29,3.32,2.45,3.4,3.45,2.34,3.18,3.21,45.0,2014/2015
I1,2014-12-21,Fiorentina,Empoli,1.0,1.0,D,18.0,9.0,6.0,4.0,11.0,16.0,11.0,3.0,3.0,4.0,0.0,0.0,1.45,4.2,8.0,1.53,4.37,7.35,1.6,4.4,8.0,1.51,4.09,6.8,45.0,2014/2015
I1,2014-12-21,Verona,Chievo,0.0,1.0,A,12.0,10.0,1.0,4.0,15.0,16.0,6.0,4.0,3.0,2.0,0.0,0.0,2.38,3.2,3.2,2.41,3.36,3.26,2.41,3.4,3.4,2.32,3.21,3.22,45.0,2014/2015
I1,2014-12-21,Sampdoria,Udinese,2.0,2.0,D,20.0,8.0,5.0,4.0,14.0,23.0,13.0,5.0,3.0,4.0,0.0,1.0,1.85,3.5,4.5,1.88,3.57,4.82,1.92,3.6,4.95,1.86,3.39,4.54,45.0,2014/2015
I1,2014-12-21,Torino,Genoa,2.0,1.0,H,10.0,12.0,4.0,4.0,24.0,19.0,3.0,4.0,1.0,4.0,0.0,0.0,2.0,3.3,3.8,2.04,3.36,4.31,2.2,3.4,4.31,2.03,3.26,3.92,45.0,2014/2015
I1,2015-01-05,Lazio,Sampdoria,3.0,0.0,H,21.0,2.0,8.0,1.0,20.0,9.0,12.0,1.0,2.0,2.0,0.0,0.0,1.85,3.4,4.33,1.86,3.51,5.02,1.95,3.6,5.02,1.87,3.35,4.49,45.0,2014/2015
I1,2015-01-06,Genoa,Atalanta,2.0,2.0,D,17.0,7.0,7.0,6.0,13.0,14.0,12.0,2.0,4.0,4.0,0.0,0.0,1.95,3.3,4.33,1.93,3.38,4.85,1.98,3.5,4.85,1.92,3.3,4.4,47.0,2014/2015
I1,2015-01-06,Chievo,Torino,0.0,0.0,D,18.0,8.0,6.0,3.0,18.0,17.0,9.0,0.0,2.0,3.0,0.0,0.0,3.1,3.1,2.5,3.09,3.12,2.66,3.2,3.2,2.75,3.0,3.02,2.59,47.0,2014/2015
I1,2015-01-06,Empoli,Verona,0.0,0.0,D,19.0,10.0,5.0,5.0,17.0,20.0,11.0,1.0,0.0,3.0,1.0,1.0,1.91,3.5,4.2,1.92,3.63,4.48,2.1,3.65,4.5,1.91,3.45,4.22,47.0,2014/2015
I1,2015-01-06,Parma,Fiorentina,1.0,0.0,H,6.0,17.0,2.0,7.0,20.0,15.0,3.0,2.0,6.0,1.0,0.0,2.0,4.0,3.5,1.95,4.01,3.59,2.03,4.2,3.6,2.05,3.93,3.41,1.99,47.0,2014/2015
I1,2015-01-06,Cesena,Napoli,1.0,4.0,A,10.0,16.0,3.0,6.0,7.0,14.0,2.0,6.0,2.0,2.0,0.0,0.0,9.5,4.75,1.36,10.26,5.01,1.37,12.0,5.3,1.4,9.79,4.8,1.35,47.0,2014/2015
I1,2015-01-06,Milan,Sassuolo,1.0,2.0,A,13.0,8.0,4.0,2.0,19.0,17.0,9.0,1.0,3.0,3.0,0.0,0.0,1.62,3.8,6.0,1.63,4.07,6.17,1.65,4.07,6.6,1.6,3.82,6.03,47.0,2014/2015
I1,2015-01-06,Palermo,Cagliari,5.0,0.0,H,16.0,11.0,7.0,2.0,16.0,17.0,7.0,1.0,3.0,3.0,0.0,1.0,1.95,3.5,4.0,2.01,3.65,4.01,2.04,3.65,4.28,1.97,3.44,3.96,47.0,2014/2015
I1,2015-01-06,Udinese,Roma,0.0,1.0,A,8.0,13.0,2.0,7.0,12.0,16.0,5.0,4.0,1.0,5.0,0.0,0.0,4.2,3.5,1.91,4.37,3.55,1.96,4.8,3.55,1.98,4.28,3.39,1.92,47.0,2014/2015
I1,2015-01-06,Juventus,Inter Milan,1.0,1.0,D,11.0,13.0,5.0,2.0,10.0,12.0,11.0,3.0,2.0,5.0,0.0,1.0,1.44,4.33,8.0,1.42,4.7,9.74,1.5,4.7,9.75,1.42,4.37,8.53,47.0,2014/2015
I1,2015-01-10,Sassuolo,Udinese,1.0,1.0,D,18.0,6.0,2.0,3.0,13.0,22.0,10.0,4.0,3.0,2.0,0.0,0.0,2.05,3.2,4.0,2.08,3.38,4.11,2.15,3.4,4.2,2.07,3.25,3.77,46.0,2014/2015
I1,2015-01-10,Torino,Milan,1.0,1.0,D,26.0,8.0,5.0,1.0,15.0,15.0,9.0,0.0,1.0,3.0,0.0,1.0,2.63,3.2,2.7,2.8,3.11,2.93,2.88,3.25,2.93,2.72,3.12,2.71,46.0,2014/2015
I1,2015-01-11,Roma,Lazio,2.0,2.0,D,11.0,13.0,4.0,7.0,14.0,13.0,3.0,5.0,4.0,4.0,0.0,0.0,2.1,3.3,3.75,2.09,3.46,3.97,2.15,3.46,4.0,2.07,3.28,3.71,45.0,2014/2015
I1,2015-01-11,Sampdoria,Empoli,1.0,0.0,H,17.0,7.0,6.0,2.0,19.0,15.0,8.0,2.0,1.0,2.0,0.0,0.0,1.85,3.4,4.75,1.94,3.46,4.61,1.94,3.55,4.85,1.88,3.38,4.41,46.0,2014/2015
I1,2015-01-11,Atalanta,Chievo,1.0,1.0,D,16.0,11.0,6.0,4.0,13.0,20.0,9.0,7.0,3.0,0.0,1.0,0.0,2.05,3.2,4.0,2.18,3.11,4.16,2.18,3.3,4.2,2.12,3.13,3.79,46.0,2014/2015
I1,2015-01-11,Cagliari,Cesena,2.0,1.0,H,9.0,16.0,6.0,5.0,20.0,17.0,4.0,11.0,1.0,3.0,0.0,0.0,1.67,3.75,5.5,1.64,3.97,6.39,1.7,4.0,6.5,1.64,3.71,5.64,46.0,2014/2015
I1,2015-01-11,Fiorentina,Palermo,4.0,3.0,H,22.0,7.0,8.0,5.0,10.0,12.0,7.0,3.0,4.0,2.0,0.0,0.0,1.73,3.75,4.75,1.71,3.88,5.57,1.85,3.9,5.75,1.7,3.67,5.08,46.0,2014/2015
I1,2015-01-11,Inter Milan,Genoa,3.0,1.0,H,16.0,13.0,7.0,6.0,18.0,13.0,5.0,5.0,1.0,2.0,0.0,0.0,1.62,3.8,6.0,1.61,4.06,6.55,1.67,4.05,6.55,1.62,3.71,5.88,46.0,2014/2015
I1,2015-01-11,Napoli,Juventus,1.0,3.0,A,10.0,8.0,2.0,5.0,14.0,12.0,9.0,2.0,4.0,2.0,0.0,0.0,2.9,3.25,2.5,3.07,3.25,2.59,3.1,3.35,2.64,2.9,3.2,2.5,46.0,2014/2015
I1,2015-01-11,Verona,Parma,3.0,1.0,H,11.0,9.0,6.0,2.0,13.0,12.0,2.0,4.0,1.0,0.0,0.0,0.0,2.38,3.25,3.1,2.37,3.43,3.25,2.42,3.43,3.4,2.34,3.25,3.12,46.0,2014/2015
I1,2015-01-17,Empoli,Inter Milan,0.0,0.0,D,18.0,8.0,5.0,1.0,12.0,15.0,10.0,3.0,1.0,2.0,0.0,0.0,3.5,3.25,2.2,3.73,3.34,2.21,3.85,3.4,2.25,3.53,3.26,2.16,48.0,2014/2015
I1,2015-01-17,Palermo,Roma,1.0,1.0,D,6.0,12.0,3.0,3.0,15.0,18.0,1.0,3.0,2.0,3.0,0.0,0.0,3.6,3.3,2.15,3.92,3.44,2.11,4.0,3.5,2.16,3.64,3.35,2.08,48.0,2014/2015
I1,2015-01-18,Cesena,Torino,2.0,3.0,A,13.0,8.0,4.0,4.0,22.0,17.0,1.0,1.0,5.0,5.0,0.0,0.0,4.75,3.3,1.85,5.14,3.36,1.89,5.2,3.5,1.93,4.58,3.3,1.88,48.0,2014/2015
I1,2015-01-18,Chievo,Fiorentina,1.0,2.0,A,18.0,21.0,7.0,6.0,17.0,13.0,4.0,10.0,2.0,1.0,0.0,0.0,4.0,3.3,2.0,4.35,3.36,2.03,4.6,3.4,2.05,4.04,3.28,2.0,48.0,2014/2015
I1,2015-01-18,Genoa,Sassuolo,3.0,3.0,D,13.0,15.0,7.0,9.0,16.0,22.0,4.0,5.0,1.0,4.0,0.0,0.0,2.3,3.2,3.3,2.39,3.21,3.45,2.4,3.4,3.5,2.33,3.17,3.24,48.0,2014/2015
I1,2015-01-18,Juventus,Verona,4.0,0.0,H,18.0,5.0,8.0,1.0,11.0,9.0,6.0,0.0,0.0,2.0,0.0,0.0,1.18,7.0,17.0,1.2,7.33,19.56,1.22,8.2,22.0,1.18,7.05,16.43,46.0,2014/2015
I1,2015-01-18,Lazio,Napoli,0.0,1.0,A,21.0,9.0,3.0,5.0,10.0,15.0,5.0,2.0,3.0,3.0,0.0,0.0,2.5,3.2,3.0,2.59,3.42,2.93,2.63,3.42,3.0,2.51,3.24,2.88,47.0,2014/2015
I1,2015-01-18,Milan,Atalanta,0.0,1.0,A,15.0,15.0,4.0,5.0,10.0,17.0,11.0,4.0,2.0,5.0,0.0,0.0,1.53,4.0,7.0,1.56,4.17,7.07,1.57,4.4,8.0,1.54,3.94,6.7,48.0,2014/2015
I1,2015-01-18,Parma,Sampdoria,0.0,2.0,A,8.0,14.0,1.0,5.0,15.0,12.0,3.0,2.0,2.0,1.0,0.0,0.0,2.6,3.1,2.88,2.67,3.24,2.96,2.76,3.3,3.0,2.61,3.15,2.83,48.0,2014/2015
I1,2015-01-18,Udinese,Cagliari,2.0,2.0,D,12.0,12.0,3.0,6.0,18.0,18.0,5.0,7.0,1.0,4.0,0.0,0.0,2.2,3.3,3.4,2.18,3.42,3.73,2.22,3.45,3.81,2.14,3.28,3.56,48.0,2014/2015
I1,2015-01-24,Cagliari,Sassuolo,2.0,1.0,H,10.0,13.0,4.0,3.0,21.0,13.0,4.0,6.0,4.0,2.0,0.0,1.0,2.3,3.25,3.25,2.3,3.43,3.41,2.4,3.45,3.58,2.25,3.3,3.25,51.0,2014/2015
I1,2015-01-24,Lazio,Milan,3.0,1.0,H,18.0,2.0,6.0,2.0,19.0,17.0,5.0,1.0,4.0,3.0,0.0,1.0,1.85,3.4,4.33,1.96,3.56,4.35,2.1,3.58,4.6,1.93,3.4,4.13,50.0,2014/2015
I1,2015-01-25,Fiorentina,Roma,1.0,1.0,D,18.0,15.0,3.0,6.0,19.0,17.0,6.0,4.0,2.0,2.0,0.0,0.0,2.4,3.2,3.1,2.5,3.35,3.12,2.53,3.35,3.25,2.45,3.22,2.98,51.0,2014/2015
I1,2015-01-25,Inter Milan,Torino,0.0,1.0,A,14.0,9.0,2.0,2.0,16.0,18.0,8.0,5.0,2.0,2.0,0.0,0.0,1.8,3.5,4.75,1.83,3.62,5.07,1.85,3.75,5.5,1.79,3.48,4.83,51.0,2014/2015
I1,2015-01-25,Juventus,Chievo,2.0,0.0,H,29.0,8.0,8.0,1.0,19.0,14.0,9.0,1.0,2.0,4.0,0.0,0.0,1.17,7.0,19.0,1.16,8.25,26.0,1.17,9.1,31.0,1.15,7.56,20.74,51.0,2014/2015
I1,2015-01-25,Parma,Cesena,1.0,2.0,A,18.0,10.0,2.0,5.0,26.0,19.0,5.0,3.0,4.0,3.0,0.0,0.0,1.62,3.6,6.5,1.62,3.92,6.68,1.67,3.92,7.0,1.62,3.7,6.07,51.0,2014/2015
I1,2015-01-25,Sampdoria,Palermo,1.0,1.0,D,14.0,16.0,6.0,6.0,20.0,17.0,11.0,8.0,3.0,3.0,0.0,1.0,2.0,3.3,4.0,2.01,3.55,4.14,2.1,3.55,4.33,2.01,3.37,3.87,51.0,2014/2015
I1,2015-01-25,Verona,Atalanta,1.0,0.0,H,17.0,16.0,6.0,3.0,10.0,14.0,0.0,3.0,2.0,2.0,0.0,0.0,2.5,3.2,3.0,2.54,3.25,3.13,2.6,3.3,3.22,2.48,3.16,2.99,51.0,2014/2015
I1,2015-01-26,Empoli,Udinese,1.0,2.0,A,17.0,10.0,4.0,3.0,14.0,17.0,6.0,4.0,2.0,2.0,0.0,1.0,2.0,3.3,3.8,2.01,3.41,4.38,2.1,3.45,4.6,2.0,3.27,4.01,51.0,2014/2015
I1,2015-01-26,Napoli,Genoa,2.0,1.0,H,16.0,12.0,5.0,5.0,14.0,17.0,6.0,7.0,3.0,4.0,0.0,0.0,1.4,5.0,7.5,1.41,4.91,9.47,1.43,5.0,10.5,1.39,4.64,8.41,51.0,2014/2015
I1,2015-01-31,Genoa,Fiorentina,1.0,1.0,D,14.0,9.0,4.0,5.0,19.0,17.0,8.0,3.0,1.0,1.0,1.0,0.0,3.4,3.4,2.15,3.55,3.43,2.24,3.75,3.45,2.27,3.42,3.28,2.18,50.0,2014/2015
I1,2015-01-31,Roma,Empoli,1.0,1.0,D,20.0,7.0,3.0,1.0,18.0,10.0,7.0,3.0,3.0,2.0,1.0,1.0,1.44,4.2,8.5,1.49,4.52,7.94,1.5,4.8,9.0,1.45,4.29,7.54,50.0,2014/2015
I1,2015-02-01,Cesena,Lazio,2.0,1.0,H,13.0,10.0,4.0,6.0,15.0,14.0,2.0,5.0,1.0,3.0,0.0,0.0,7.5,3.8,1.53,7.52,4.25,1.53,8.4,4.33,1.56,6.97,4.0,1.51,49.0,2014/2015
I1,2015-02-01,Atalanta,Cagliari,2.0,1.0,H,14.0,13.0,6.0,6.0,10.0,13.0,13.0,4.0,2.0,2.0,0.0,0.0,2.2,3.2,3.5,2.21,3.4,3.64,2.3,3.4,3.8,2.2,3.22,3.45,50.0,2014/2015
I1,2015-02-01,Torino,Sampdoria,5.0,1.0,H,18.0,12.0,9.0,1.0,12.0,20.0,4.0,7.0,1.0,2.0,0.0,0.0,2.05,3.1,4.2,2.1,3.29,4.16,2.2,3.35,4.24,2.09,3.16,3.84,50.0,2014/2015
I1,2015-02-01,Chievo,Napoli,1.0,2.0,A,16.0,12.0,3.0,4.0,12.0,14.0,2.0,6.0,1.0,0.0,0.0,0.0,5.25,3.6,1.73,5.76,3.82,1.71,5.8,3.8,1.76,5.33,3.59,1.7,50.0,2014/2015
I1,2015-02-01,Sassuolo,Inter Milan,3.0,1.0,H,10.0,15.0,4.0,4.0,15.0,14.0,5.0,8.0,3.0,4.0,1.0,1.0,3.1,3.3,2.38,3.26,3.35,2.41,3.4,3.38,2.45,3.15,3.21,2.34,50.0,2014/2015
I1,2015-02-01,Palermo,Verona,2.0,1.0,H,14.0,11.0,5.0,4.0,16.0,12.0,10.0,4.0,1.0,2.0,0.0,0.0,1.8,3.5,4.75,1.8,3.82,4.93,1.85,3.87,5.0,1.79,3.59,4.6,50.0,2014/2015
I1,2015-02-01,Milan,Parma,3.0,1.0,H,17.0,13.0,9.0,5.0,19.0,23.0,1.0,6.0,2.0,3.0,0.0,0.0,1.53,4.0,7.0,1.55,4.25,7.17,1.59,4.23,7.9,1.54,3.97,6.53,48.0,2014/2015
I1,2015-02-01,Udinese,Juventus,0.0,0.0,D,11.0,13.0,2.0,2.0,13.0,16.0,5.0,9.0,2.0,1.0,0.0,0.0,8.0,4.33,1.44,9.15,4.48,1.45,9.5,4.6,1.5,8.28,4.29,1.43,50.0,2014/2015
I1,2015-02-07,Juventus,Milan,3.0,1.0,H,20.0,11.0,8.0,3.0,20.0,14.0,7.0,6.0,2.0,1.0,0.0,0.0,1.33,5.0,10.0,1.37,5.05,11.09,1.4,5.2,11.5,1.34,4.82,9.81,51.0,2014/2015
I1,2015-02-07,Verona,Torino,1.0,3.0,A,17.0,13.0,5.0,5.0,15.0,16.0,8.0,4.0,1.0,3.0,0.0,0.0,3.1,3.1,2.5,3.11,3.27,2.55,3.2,3.4,2.6,2.96,3.2,2.46,51.0,2014/2015
I1,2015-02-08,Cagliari,Roma,1.0,2.0,A,17.0,11.0,6.0,6.0,10.0,13.0,5.0,6.0,2.0,3.0,0.0,0.0,4.0,3.4,2.0,4.2,3.49,2.02,4.33,3.5,2.1,3.91,3.35,2.0,51.0,2014/2015
I1,2015-02-08,Empoli,Cesena,2.0,0.0,H,14.0,10.0,5.0,2.0,14.0,22.0,4.0,3.0,2.0,4.0,0.0,0.0,1.53,4.0,7.0,1.55,4.05,7.79,1.57,4.33,7.91,1.53,3.9,6.93,51.0,2014/2015
I1,2015-02-08,Fiorentina,Atalanta,3.0,2.0,H,18.0,12.0,8.0,4.0,11.0,19.0,7.0,7.0,1.0,1.0,0.0,0.0,1.5,4.2,7.0,1.49,4.4,8.12,1.53,4.5,8.4,1.48,4.11,7.28,51.0,2014/2015
I1,2015-02-08,Inter Milan,Palermo,3.0,0.0,H,17.0,8.0,5.0,1.0,19.0,16.0,8.0,3.0,2.0,3.0,0.0,0.0,1.8,3.5,4.75,1.78,3.86,4.99,1.85,3.86,5.0,1.77,3.61,4.68,51.0,2014/2015
I1,2015-02-08,Napoli,Udinese,3.0,1.0,H,10.0,11.0,4.0,3.0,11.0,14.0,1.0,7.0,2.0,4.0,0.0,0.0,1.36,5.0,8.5,1.37,5.27,9.82,1.4,5.27,11.0,1.36,4.88,8.9,51.0,2014/2015
I1,2015-02-08,Sampdoria,Sassuolo,1.0,1.0,D,10.0,19.0,5.0,4.0,29.0,20.0,4.0,5.0,4.0,5.0,0.0,0.0,1.8,3.5,4.75,1.81,3.6,5.33,1.83,3.7,5.5,1.77,3.47,4.96,51.0,2014/2015
I1,2015-02-09,Lazio,Genoa,0.0,1.0,A,7.0,9.0,1.0,5.0,27.0,12.0,4.0,1.0,4.0,5.0,1.0,0.0,1.57,4.0,6.0,1.58,4.21,6.67,1.62,4.2,7.3,1.56,3.95,6.17,47.0,2014/2015
I1,2015-02-11,Parma,Chievo,0.0,1.0,A,10.0,14.0,2.0,3.0,29.0,21.0,3.0,5.0,3.0,3.0,1.0,0.0,2.6,3.1,2.9,2.63,3.29,2.98,2.7,3.29,3.0,2.55,3.14,2.91,43.0,2014/2015
I1,2015-02-14,Palermo,Napoli,3.0,1.0,H,7.0,8.0,4.0,3.0,18.0,18.0,1.0,7.0,3.0,2.0,0.0,0.0,4.0,3.3,2.0,3.93,3.65,2.04,4.15,3.65,2.1,3.8,3.45,2.0,49.0,2014/2015
I1,2015-02-14,Sassuolo,Fiorentina,1.0,3.0,A,15.0,15.0,6.0,10.0,17.0,21.0,8.0,5.0,3.0,2.0,0.0,0.0,3.3,3.3,2.25,3.29,3.48,2.33,3.6,3.5,2.4,3.21,3.32,2.27,49.0,2014/2015
I1,2015-02-15,Genoa,Verona,5.0,2.0,H,11.0,12.0,6.0,6.0,26.0,30.0,4.0,5.0,2.0,4.0,0.0,0.0,1.85,3.6,4.33,1.96,3.63,4.25,1.95,3.66,4.65,1.91,3.45,4.18,49.0,2014/2015
I1,2015-02-15,Atalanta,Inter Milan,1.0,4.0,A,9.0,18.0,2.0,7.0,9.0,13.0,6.0,9.0,4.0,2.0,1.0,0.0,3.4,3.25,2.25,3.63,3.38,2.23,3.75,3.4,2.3,3.41,3.26,2.2,50.0,2014/2015
I1,2015-02-15,Chievo,Sampdoria,2.0,1.0,H,8.0,13.0,4.0,3.0,17.0,14.0,2.0,11.0,3.0,3.0,0.0,0.0,2.63,3.1,2.75,2.82,3.11,2.9,3.0,3.25,3.0,2.72,3.08,2.77,49.0,2014/2015
I1,2015-02-15,Cesena,Juventus,2.0,2.0,D,12.0,15.0,6.0,4.0,11.0,18.0,4.0,3.0,2.0,2.0,0.0,0.0,15.0,6.0,1.22,16.43,6.34,1.25,17.0,6.8,1.27,13.7,5.95,1.23,49.0,2014/2015
I1,2015-02-15,Torino,Cagliari,1.0,1.0,D,17.0,11.0,7.0,3.0,19.0,15.0,4.0,5.0,3.0,3.0,0.0,0.0,1.73,3.6,5.0,1.84,3.7,4.85,1.84,3.7,5.25,1.79,3.51,4.76,50.0,2014/2015
I1,2015-02-15,Roma,Parma,0.0,0.0,D,19.0,5.0,4.0,0.0,7.0,14.0,10.0,5.0,0.0,4.0,0.0,0.0,1.29,5.5,11.0,1.27,6.26,13.85,1.31,6.5,15.0,1.26,5.62,11.85,46.0,2014/2015
I1,2015-02-15,Udinese,Lazio,0.0,1.0,A,12.0,12.0,6.0,2.0,15.0,20.0,3.0,2.0,2.0,5.0,0.0,0.0,3.1,3.25,2.38,3.22,3.42,2.4,3.3,3.42,2.5,3.1,3.26,2.36,49.0,2014/2015
I1,2015-02-15,Milan,Empoli,1.0,1.0,D,7.0,16.0,2.0,3.0,23.0,17.0,2.0,3.0,3.0,2.0,1.0,0.0,1.75,3.6,5.0,1.79,3.57,5.47,1.83,3.7,5.5,1.77,3.5,4.91,49.0,2014/2015
I1,2015-02-20,Juventus,Atalanta,2.0,1.0,H,13.0,11.0,6.0,3.0,13.0,15.0,6.0,5.0,5.0,3.0,0.0,0.0,1.17,7.0,19.0,1.2,7.4,20.5,1.25,7.9,22.0,1.19,6.82,17.07,51.0,2014/2015
I1,2015-02-22,Milan,Cesena,2.0,0.0,H,14.0,10.0,2.0,2.0,13.0,26.0,7.0,4.0,1.0,5.0,0.0,0.0,1.44,4.33,8.0,1.42,4.65,9.89,1.45,5.0,10.5,1.4,4.49,8.56,50.0,2014/2015
I1,2015-02-22,Verona,Roma,1.0,1.0,D,8.0,16.0,2.0,7.0,11.0,8.0,6.0,8.0,2.0,3.0,0.0,0.0,5.0,3.6,1.75,5.28,3.77,1.77,5.5,3.9,1.85,4.92,3.65,1.74,50.0,2014/2015
I1,2015-02-22,Empoli,Chievo,3.0,0.0,H,15.0,10.0,5.0,3.0,11.0,14.0,9.0,3.0,0.0,2.0,0.0,0.0,2.0,3.2,4.2,2.0,3.28,4.64,2.15,3.4,4.65,1.99,3.22,4.17,50.0,2014/2015
I1,2015-02-22,Fiorentina,Torino,1.0,1.0,D,23.0,11.0,4.0,5.0,19.0,12.0,8.0,1.0,1.0,4.0,0.0,0.0,1.75,3.6,5.0,1.81,3.77,4.95,1.83,3.85,5.25,1.78,3.54,4.8,50.0,2014/2015
I1,2015-02-22,Lazio,Palermo,2.0,1.0,H,16.0,9.0,8.0,6.0,19.0,19.0,6.0,2.0,3.0,3.0,0.0,1.0,1.6,3.8,6.0,1.66,4.01,5.95,1.7,4.1,6.5,1.61,3.84,5.85,49.0,2014/2015
I1,2015-02-23,Cagliari,Inter Milan,1.0,2.0,A,13.0,19.0,5.0,9.0,18.0,21.0,8.0,7.0,2.0,2.0,0.0,0.0,3.3,3.25,2.3,3.44,3.41,2.29,3.5,3.41,2.4,3.25,3.28,2.26,48.0,2014/2015
I1,2015-02-23,Napoli,Sassuolo,2.0,0.0,H,14.0,10.0,3.0,1.0,20.0,15.0,7.0,3.0,3.0,2.0,1.0,0.0,1.5,4.0,7.5,1.53,4.42,7.23,1.57,4.6,7.6,1.5,4.19,6.61,48.0,2014/2015
I1,2015-02-24,Sampdoria,Genoa,1.0,1.0,D,9.0,17.0,3.0,4.0,18.0,19.0,3.0,8.0,4.0,1.0,0.0,0.0,2.38,3.2,3.2,2.37,3.27,3.41,2.5,3.35,3.41,2.35,3.21,3.16,50.0,2014/2015
I1,2015-02-28,Chievo,Milan,0.0,0.0,D,11.0,11.0,3.0,2.0,16.0,14.0,6.0,4.0,1.0,3.0,0.0,0.0,3.0,3.1,2.5,3.15,3.23,2.54,3.2,3.3,2.6,3.0,3.14,2.49,47.0,2014/2015
I1,2015-03-01,Atalanta,Sampdoria,1.0,2.0,A,14.0,21.0,3.0,7.0,18.0,19.0,5.0,8.0,2.0,4.0,0.0,0.0,2.5,3.1,3.0,2.52,3.27,3.15,2.63,3.3,3.25,2.49,3.16,2.98,48.0,2014/2015
I1,2015-03-01,Cagliari,Verona,1.0,2.0,A,22.0,5.0,5.0,3.0,15.0,21.0,10.0,1.0,3.0,3.0,0.0,0.0,1.95,3.5,4.0,2.04,3.7,3.84,2.15,3.7,4.15,2.01,3.43,3.75,47.0,2014/2015
I1,2015-03-01,Cesena,Udinese,1.0,0.0,H,17.0,10.0,3.0,3.0,14.0,16.0,5.0,7.0,4.0,3.0,0.0,0.0,3.0,3.1,2.5,3.18,3.34,2.46,3.3,3.4,2.5,3.07,3.18,2.42,48.0,2014/2015
I1,2015-03-01,Inter Milan,Fiorentina,0.0,1.0,A,12.0,8.0,5.0,4.0,15.0,12.0,5.0,1.0,3.0,2.0,0.0,0.0,2.15,3.4,3.4,2.22,3.43,3.6,2.3,3.5,3.65,2.18,3.29,3.46,47.0,2014/2015
I1,2015-03-01,Palermo,Empoli,0.0,0.0,D,17.0,15.0,3.0,3.0,14.0,16.0,9.0,3.0,3.0,3.0,0.0,0.0,2.3,3.1,3.3,2.31,3.32,3.49,2.31,3.4,3.8,2.22,3.22,3.43,48.0,2014/2015
I1,2015-03-01,Sassuolo,Lazio,0.0,3.0,A,10.0,18.0,4.0,6.0,16.0,17.0,0.0,3.0,4.0,2.0,0.0,0.0,3.25,3.25,2.2,3.5,3.5,2.23,3.7,3.51,2.3,3.37,3.3,2.21,47.0,2014/2015
I1,2015-03-01,Torino,Napoli,1.0,0.0,H,10.0,15.0,4.0,3.0,11.0,10.0,2.0,6.0,2.0,3.0,0.0,0.0,3.2,3.3,2.3,3.48,3.39,2.28,3.6,3.4,2.38,3.25,3.25,2.29,47.0,2014/2015
I1,2015-03-02,Roma,Juventus,1.0,1.0,D,8.0,10.0,3.0,1.0,11.0,16.0,1.0,5.0,,5.0,1.0,0.0,3.3,3.3,2.25,3.28,3.35,2.35,3.45,3.35,2.4,3.2,3.21,2.31,45.0,2014/2015
I1,2015-03-07,Milan,Verona,2.0,2.0,D,18.0,13.0,4.0,4.0,11.0,20.0,9.0,3.0,1.0,3.0,0.0,0.0,1.55,4.0,6.5,1.64,3.99,6.24,1.7,4.1,6.5,1.61,3.81,5.8,47.0,2014/2015
I1,2015-03-07,Sampdoria,Cagliari,2.0,0.0,H,17.0,10.0,5.0,4.0,19.0,13.0,7.0,1.0,2.0,1.0,0.0,1.0,1.85,3.5,4.5,1.83,3.71,4.89,1.91,3.71,5.0,1.83,3.48,4.53,47.0,2014/2015
I1,2015-03-08,Cesena,Palermo,0.0,0.0,D,3.0,7.0,2.0,1.0,17.0,15.0,5.0,3.0,1.0,2.0,0.0,0.0,3.4,3.25,2.25,3.3,3.41,2.36,3.45,3.41,2.4,3.21,3.25,2.29,47.0,2014/2015
I1,2015-03-08,Chievo,Roma,0.0,0.0,D,11.0,11.0,2.0,3.0,19.0,16.0,4.0,8.0,4.0,2.0,0.0,0.0,4.75,3.4,1.85,5.06,3.49,1.86,5.3,3.55,1.9,4.7,3.37,1.83,47.0,2014/2015
I1,2015-03-08,Empoli,Genoa,1.0,1.0,D,6.0,15.0,2.0,2.0,15.0,15.0,9.0,6.0,2.0,2.0,0.0,0.0,2.15,3.3,3.6,2.21,3.4,3.67,2.3,3.45,3.75,2.17,3.26,3.48,47.0,2014/2015
I1,2015-03-08,Napoli,Inter Milan,2.0,2.0,D,17.0,13.0,7.0,5.0,16.0,19.0,5.0,5.0,1.0,3.0,1.0,0.0,1.95,3.5,4.0,1.95,3.68,4.25,1.97,3.7,4.6,1.91,3.49,4.1,45.0,2014/2015
I1,2015-03-08,Parma,Atalanta,0.0,0.0,D,14.0,8.0,4.0,2.0,24.0,18.0,5.0,4.0,1.0,2.0,1.0,0.0,3.75,3.2,2.15,3.77,3.35,2.19,3.77,3.35,2.3,3.5,3.21,2.17,37.0,2014/2015
I1,2015-03-08,Udinese,Torino,3.0,2.0,H,12.0,14.0,3.0,7.0,14.0,16.0,3.0,4.0,3.0,2.0,0.0,0.0,2.6,3.0,2.88,2.69,3.24,2.94,2.8,3.3,3.0,2.64,3.1,2.81,47.0,2014/2015
I1,2015-03-09,Juventus,Sassuolo,1.0,0.0,H,16.0,2.0,4.0,1.0,21.0,18.0,13.0,1.0,2.0,4.0,0.0,0.0,1.2,6.5,15.0,1.22,7.15,16.06,1.25,7.5,20.0,1.2,6.51,14.45,44.0,2014/2015
I1,2015-03-09,Lazio,Fiorentina,4.0,0.0,H,16.0,6.0,13.0,0.0,12.0,10.0,3.0,5.0,2.0,3.0,0.0,0.0,2.0,3.3,4.0,2.06,3.49,4.02,2.12,3.5,4.02,2.03,3.35,3.77,43.0,2014/2015
I1,2015-03-14,Cagliari,Empoli,1.0,1.0,D,16.0,13.0,5.0,2.0,11.0,12.0,4.0,5.0,2.0,1.0,0.0,0.0,2.4,3.3,3.0,2.46,3.34,3.18,2.5,3.4,3.4,2.41,3.25,3.01,47.0,2014/2015
I1,2015-03-14,Palermo,Juventus,0.0,1.0,A,7.0,12.0,0.0,3.0,10.0,19.0,5.0,4.0,3.0,4.0,0.0,0.0,4.75,3.4,1.8,4.78,3.6,1.88,5.2,3.6,2.0,4.56,3.4,1.85,47.0,2014/2015
I1,2015-03-15,Inter Milan,Cesena,1.0,1.0,D,20.0,9.0,4.0,1.0,15.0,18.0,7.0,2.0,1.0,1.0,0.0,0.0,1.36,4.75,9.5,1.37,5.17,10.4,1.45,5.2,10.5,1.36,4.78,9.07,47.0,2014/2015
I1,2015-03-15,Atalanta,Udinese,0.0,0.0,D,19.0,8.0,5.0,0.0,17.0,16.0,5.0,3.0,2.0,3.0,1.0,0.0,2.4,3.1,3.2,2.38,3.29,3.38,2.45,3.3,3.4,2.36,3.15,3.19,48.0,2014/2015
I1,2015-03-15,Sassuolo,Parma,4.0,1.0,H,15.0,8.0,7.0,3.0,15.0,32.0,4.0,3.0,2.0,4.0,0.0,1.0,1.62,3.75,6.25,1.64,3.93,6.43,1.67,4.1,7.0,1.61,3.76,5.94,47.0,2014/2015
I1,2015-03-15,Verona,Napoli,2.0,0.0,H,12.0,16.0,5.0,7.0,16.0,10.0,5.0,6.0,5.0,5.0,1.0,0.0,4.5,3.5,1.85,4.68,3.8,1.84,5.0,3.8,1.88,4.42,3.59,1.82,47.0,2014/2015
I1,2015-03-15,Genoa,Chievo,0.0,2.0,A,19.0,15.0,3.0,6.0,17.0,18.0,3.0,5.0,4.0,3.0,0.0,0.0,1.91,3.4,4.33,1.93,3.45,4.73,1.95,3.6,5.0,1.89,3.34,4.38,48.0,2014/2015
I1,2015-03-16,Fiorentina,Milan,2.0,1.0,H,18.0,6.0,5.0,2.0,11.0,15.0,8.0,8.0,3.0,4.0,0.0,0.0,1.91,3.5,4.2,1.94,3.59,4.4,2.0,3.65,4.6,1.91,3.46,4.1,46.0,2014/2015
I1,2015-03-16,Roma,Sampdoria,0.0,2.0,A,17.0,8.0,9.0,2.0,11.0,17.0,12.0,3.0,2.0,3.0,1.0,0.0,1.65,3.6,6.0,1.63,3.92,6.56,1.7,4.0,6.7,1.62,3.7,5.92,46.0,2014/2015
I1,2015-03-16,Torino,Lazio,0.0,2.0,A,9.0,16.0,2.0,6.0,7.0,15.0,5.0,6.0,3.0,2.0,0.0,0.0,3.1,3.1,2.5,3.19,3.23,2.52,3.3,3.3,2.6,3.02,3.14,2.46,43.0,2014/2015
I1,2015-03-21,Chievo,Palermo,1.0,0.0,H,14.0,19.0,5.0,4.0,16.0,17.0,5.0,8.0,1.0,1.0,0.0,1.0,2.5,3.1,3.0,2.6,3.18,3.12,2.6,3.3,3.3,2.46,3.11,3.04,49.0,2014/2015
I1,2015-03-21,Milan,Cagliari,3.0,1.0,H,14.0,11.0,7.0,1.0,15.0,13.0,10.0,5.0,1.0,4.0,0.0,0.0,1.8,3.75,4.33,1.84,3.82,4.67,1.85,3.85,5.0,1.8,3.67,4.42,49.0,2014/2015
I1,2015-03-22,Empoli,Sassuolo,3.0,1.0,H,14.0,10.0,6.0,1.0,12.0,14.0,10.0,4.0,0.0,2.0,0.0,0.0,2.0,3.3,4.0,2.04,3.43,4.17,2.2,3.5,4.3,2.03,3.28,3.86,46.0,2014/2015
I1,2015-03-22,Juventus,Genoa,1.0,0.0,H,13.0,9.0,4.0,1.0,11.0,19.0,5.0,4.0,1.0,4.0,0.0,0.0,1.33,5.0,10.0,1.32,5.51,12.33,1.33,6.3,14.0,1.3,5.22,10.9,47.0,2014/2015
I1,2015-03-22,Cesena,Roma,0.0,1.0,A,7.0,15.0,1.0,4.0,17.0,14.0,7.0,3.0,3.0,2.0,0.0,0.0,5.25,3.75,1.67,5.99,3.76,1.7,6.5,4.0,1.74,5.57,3.62,1.66,47.0,2014/2015
I1,2015-03-22,Lazio,Verona,2.0,0.0,H,21.0,2.0,6.0,0.0,10.0,9.0,12.0,1.0,0.0,1.0,0.0,0.0,1.4,4.5,9.0,1.42,4.8,9.41,1.44,5.0,9.75,1.39,4.57,8.41,46.0,2014/2015
I1,2015-03-22,Napoli,Atalanta,1.0,1.0,D,20.0,9.0,9.0,3.0,17.0,16.0,8.0,5.0,4.0,4.0,0.0,1.0,1.44,4.5,7.5,1.48,4.65,7.77,1.5,5.0,9.5,1.45,4.4,7.35,47.0,2014/2015
I1,2015-03-22,Parma,Torino,0.0,2.0,A,16.0,15.0,1.0,5.0,16.0,11.0,8.0,5.0,4.0,2.0,1.0,0.0,4.33,3.4,1.91,4.55,3.44,1.96,4.8,3.55,2.2,4.22,3.31,1.93,44.0,2014/2015
I1,2015-03-22,Sampdoria,Inter Milan,1.0,0.0,H,10.0,12.0,2.0,2.0,9.0,17.0,5.0,7.0,3.0,6.0,0.0,0.0,2.63,3.25,2.75,2.72,3.3,2.86,2.8,3.32,3.0,2.68,3.17,2.71,47.0,2014/2015
I1,2015-03-22,Udinese,Fiorentina,2.0,2.0,D,11.0,13.0,5.0,5.0,12.0,11.0,8.0,6.0,3.0,3.0,0.0,0.0,3.3,3.3,2.25,3.55,3.27,2.31,3.75,3.4,2.3,3.4,3.22,2.21,47.0,2014/2015
I1,2015-04-04,Cagliari,Lazio,1.0,3.0,A,10.0,14.0,3.0,10.0,20.0,19.0,3.0,1.0,4.0,4.0,1.0,0.0,4.5,3.6,1.83,4.38,3.88,1.87,4.75,3.88,1.9,4.27,3.66,1.83,49.0,2014/2015
I1,2015-04-04,Inter Milan,Parma,1.0,1.0,D,18.0,13.0,6.0,2.0,10.0,12.0,5.0,2.0,2.0,0.0,0.0,0.0,1.2,6.5,15.0,1.23,6.75,16.4,1.25,7.1,19.0,1.21,6.41,14.79,50.0,2014/2015
I1,2015-04-04,Fiorentina,Sampdoria,2.0,0.0,H,20.0,9.0,5.0,0.0,7.0,12.0,6.0,3.0,2.0,1.0,0.0,0.0,1.73,3.6,5.25,1.71,3.79,5.84,1.8,3.8,6.0,1.7,3.64,5.27,49.0,2014/2015
I1,2015-04-04,Genoa,Udinese,1.0,1.0,D,13.0,14.0,5.0,6.0,18.0,17.0,9.0,5.0,2.0,3.0,0.0,0.0,1.95,3.4,4.2,1.99,3.53,4.26,2.1,3.53,4.5,1.97,3.36,4.01,49.0,2014/2015
I1,2015-04-04,Atalanta,Torino,1.0,2.0,A,12.0,11.0,4.0,7.0,17.0,29.0,6.0,6.0,3.0,5.0,1.0,1.0,2.8,3.1,2.7,2.9,3.26,2.71,3.0,3.3,2.9,2.81,3.1,2.66,50.0,2014/2015
I1,2015-04-04,Juventus,Empoli,2.0,0.0,H,16.0,12.0,7.0,4.0,11.0,8.0,5.0,4.0,2.0,2.0,0.0,0.0,1.36,5.0,8.5,1.41,4.84,9.8,1.41,5.2,10.5,1.37,4.68,8.99,49.0,2014/2015
I1,2015-04-04,Palermo,Milan,1.0,2.0,A,16.0,13.0,3.0,5.0,14.0,12.0,5.0,6.0,2.0,3.0,0.0,0.0,2.5,3.2,3.0,2.55,3.28,3.1,2.57,3.3,3.13,2.47,3.21,2.96,50.0,2014/2015
I1,2015-04-04,Verona,Cesena,3.0,3.0,D,15.0,20.0,5.0,8.0,16.0,12.0,7.0,4.0,3.0,3.0,0.0,0.0,1.91,3.5,4.2,1.88,3.66,4.68,1.93,3.66,5.0,1.86,3.49,4.34,49.0,2014/2015
I1,2015-04-04,Roma,Napoli,1.0,0.0,H,7.0,13.0,2.0,5.0,18.0,10.0,2.0,5.0,4.0,1.0,0.0,0.0,2.2,3.3,3.4,2.25,3.39,3.56,2.32,3.4,3.6,2.21,3.28,3.38,49.0,2014/2015
I1,2015-04-04,Sassuolo,Chievo,1.0,0.0,H,7.0,14.0,2.0,3.0,17.0,11.0,4.0,9.0,3.0,2.0,1.0,0.0,2.15,3.1,3.75,2.26,3.11,3.91,2.4,3.21,3.91,2.21,3.08,3.61,49.0,2014/2015
I1,2015-04-08,Parma,Udinese,1.0,0.0,H,17.0,7.0,7.0,0.0,8.0,16.0,2.0,4.0,2.0,1.0,0.0,0.0,4.0,3.2,2.05,3.8,3.36,2.18,4.0,3.35,2.2,3.74,3.21,2.09,46.0,2014/2015
I1,2015-04-11,Genoa,Cagliari,2.0,0.0,H,19.0,14.0,6.0,6.0,16.0,21.0,7.0,8.0,2.0,3.0,0.0,0.0,1.91,3.4,4.0,1.96,3.71,4.13,2.1,3.75,4.33,1.93,3.54,3.91,49.0,2014/2015
I1,2015-04-11,Parma,Juventus,1.0,0.0,H,9.0,19.0,1.0,3.0,17.0,12.0,4.0,4.0,3.0,3.0,0.0,0.0,9.0,5.0,1.33,11.93,4.97,1.36,15.0,5.7,1.36,11.0,4.94,1.31,49.0,2014/2015
I1,2015-04-11,Verona,Inter Milan,0.0,3.0,A,18.0,12.0,5.0,2.0,6.0,13.0,4.0,5.0,2.0,4.0,0.0,0.0,3.4,3.3,2.2,3.53,3.58,2.19,3.54,3.58,2.3,3.32,3.37,2.19,49.0,2014/2015
I1,2015-04-12,Lazio,Empoli,4.0,0.0,H,9.0,12.0,6.0,5.0,24.0,12.0,2.0,7.0,3.0,0.0,1.0,0.0,1.45,4.2,7.5,1.51,4.44,7.54,1.53,5.0,8.6,1.49,4.18,7.01,48.0,2014/2015
I1,2015-04-12,Atalanta,Sassuolo,2.0,1.0,H,11.0,7.0,5.0,2.0,21.0,18.0,2.0,1.0,2.0,1.0,1.0,1.0,2.1,3.2,3.6,2.15,3.33,3.96,2.2,3.5,4.2,2.14,3.23,3.61,49.0,2014/2015
I1,2015-04-12,Napoli,Fiorentina,3.0,0.0,H,11.0,6.0,6.0,0.0,22.0,16.0,4.0,4.0,3.0,1.0,0.0,0.0,2.0,3.4,3.75,2.03,3.63,4.03,2.1,3.62,4.1,2.0,3.44,3.81,49.0,2014/2015
I1,2015-04-12,Cesena,Chievo,0.0,1.0,A,16.0,16.0,1.0,5.0,19.0,16.0,3.0,5.0,2.0,1.0,0.0,0.0,2.63,3.0,2.8,2.82,3.13,2.89,2.88,3.3,2.98,2.7,3.05,2.8,49.0,2014/2015
I1,2015-04-12,Torino,Roma,1.0,1.0,D,14.0,22.0,2.0,6.0,11.0,9.0,4.0,7.0,5.0,3.0,0.0,0.0,2.75,3.2,2.6,2.87,3.24,2.76,2.94,3.4,2.8,2.79,3.14,2.65,49.0,2014/2015
I1,2015-04-12,Udinese,Palermo,1.0,3.0,A,11.0,11.0,1.0,5.0,16.0,15.0,7.0,3.0,3.0,0.0,0.0,0.0,2.25,3.1,3.4,2.34,3.33,3.42,2.4,3.33,3.55,2.3,3.18,3.29,49.0,2014/2015
I1,2015-04-12,Milan,Sampdoria,1.0,1.0,D,26.0,11.0,6.0,3.0,11.0,17.0,7.0,5.0,3.0,2.0,0.0,0.0,1.91,3.3,4.2,1.99,3.51,4.3,2.1,3.51,4.3,1.98,3.36,3.98,49.0,2014/2015
I1,2015-04-15,Genoa,Parma,2.0,0.0,H,15.0,9.0,4.0,3.0,15.0,23.0,7.0,2.0,3.0,5.0,0.0,0.0,1.62,3.8,6.0,1.67,3.9,6.11,1.7,4.0,6.5,1.64,3.75,5.66,50.0,2014/2015
I1,2015-04-18,Juventus,Lazio,2.0,0.0,H,8.0,17.0,4.0,4.0,12.0,22.0,2.0,9.0,3.0,4.0,0.0,1.0,1.95,3.4,4.33,1.98,3.45,4.43,2.1,3.5,4.55,1.95,3.37,4.13,48.0,2014/2015
I1,2015-04-18,Sampdoria,Cesena,0.0,0.0,D,18.0,5.0,3.0,3.0,8.0,19.0,13.0,4.0,2.0,3.0,0.0,0.0,1.57,3.8,6.5,1.57,4.11,7.05,1.58,4.11,7.7,1.54,3.85,6.74,49.0,2014/2015
I1,2015-04-19,Roma,Atalanta,1.0,1.0,D,17.0,5.0,7.0,3.0,15.0,19.0,11.0,1.0,4.0,5.0,0.0,0.0,1.44,4.5,7.5,1.43,4.64,9.31,1.45,5.0,9.9,1.41,4.44,8.24,49.0,2014/2015
I1,2015-04-19,Sassuolo,Torino,1.0,1.0,D,9.0,21.0,1.0,8.0,16.0,16.0,4.0,6.0,2.0,3.0,0.0,0.0,3.2,3.2,2.38,3.37,3.29,2.39,3.4,3.3,2.5,3.15,3.16,2.37,49.0,2014/2015
I1,2015-04-19,Cagliari,Napoli,0.0,3.0,A,7.0,14.0,3.0,5.0,13.0,14.0,6.0,5.0,4.0,1.0,0.0,1.0,3.8,3.6,1.95,4.29,3.86,1.89,4.33,3.86,1.96,3.95,3.67,1.89,49.0,2014/2015
I1,2015-04-19,Chievo,Udinese,1.0,1.0,D,15.0,8.0,7.0,1.0,18.0,15.0,4.0,3.0,3.0,4.0,0.0,0.0,2.25,3.1,3.6,2.28,3.16,3.77,2.32,3.25,3.85,2.26,3.09,3.47,49.0,2014/2015
I1,2015-04-19,Empoli,Parma,2.0,2.0,D,12.0,15.0,5.0,5.0,11.0,16.0,13.0,2.0,0.0,1.0,0.0,0.0,1.53,3.8,6.5,1.58,3.91,7.49,1.62,4.0,7.5,1.57,3.78,6.51,49.0,2014/2015
I1,2015-04-19,Inter Milan,Milan,0.0,0.0,D,17.0,7.0,3.0,3.0,16.0,10.0,9.0,3.0,4.0,2.0,0.0,0.0,2.25,3.3,3.3,2.23,3.48,3.51,2.4,3.48,3.6,2.22,3.31,3.32,49.0,2014/2015
I1,2015-04-19,Palermo,Genoa,2.0,1.0,H,14.0,10.0,7.0,1.0,21.0,18.0,6.0,5.0,4.0,3.0,0.0,0.0,2.2,3.25,3.5,2.21,3.39,3.65,2.25,3.4,3.76,2.17,3.25,3.49,49.0,2014/2015
I1,2015-04-20,Fiorentina,Verona,0.0,1.0,A,21.0,12.0,3.0,4.0,16.0,21.0,11.0,7.0,2.0,5.0,0.0,0.0,1.44,4.5,7.5,1.49,4.67,7.54,1.5,4.83,8.2,1.46,4.41,7.02,47.0,2014/2015
I1,2015-04-25,Inter Milan,Roma,2.0,1.0,H,11.0,11.0,3.0,4.0,17.0,14.0,4.0,4.0,5.0,4.0,0.0,0.0,2.4,3.25,3.1,2.43,3.3,3.28,2.5,3.4,3.28,2.4,3.2,3.09,47.0,2014/2015
I1,2015-04-25,Udinese,Milan,2.0,1.0,H,20.0,6.0,5.0,1.0,26.0,16.0,9.0,1.0,2.0,1.0,0.0,0.0,3.1,3.25,2.38,3.28,3.31,2.42,3.4,3.31,2.5,3.13,3.19,2.38,48.0,2014/2015
I1,2015-04-26,Fiorentina,Cagliari,1.0,3.0,A,19.0,15.0,2.0,7.0,14.0,15.0,10.0,3.0,1.0,5.0,0.0,0.0,1.44,4.75,7.5,1.47,4.87,7.4,1.5,5.0,8.0,1.45,4.55,7.0,48.0,2014/2015
I1,2015-04-26,Genoa,Cesena,3.0,1.0,H,19.0,13.0,5.0,4.0,13.0,18.0,11.0,7.0,2.0,3.0,0.0,1.0,1.57,4.0,6.0,1.57,4.12,7.1,1.65,4.3,7.1,1.58,3.9,6.16,48.0,2014/2015
I1,2015-04-26,Atalanta,Empoli,2.0,2.0,D,16.0,21.0,5.0,10.0,17.0,15.0,7.0,1.0,3.0,1.0,0.0,0.0,2.5,3.0,3.2,2.58,3.04,3.3,2.6,3.2,3.5,2.48,3.04,3.12,48.0,2014/2015
I1,2015-04-26,Lazio,Chievo,1.0,1.0,D,23.0,7.0,7.0,1.0,16.0,16.0,8.0,2.0,2.0,5.0,0.0,0.0,1.4,4.75,8.0,1.39,4.92,10.39,1.4,5.1,11.0,1.38,4.61,9.11,47.0,2014/2015
I1,2015-04-26,Napoli,Sampdoria,4.0,2.0,H,27.0,9.0,11.0,2.0,11.0,13.0,8.0,4.0,1.0,2.0,0.0,0.0,1.5,4.2,7.0,1.5,4.56,7.47,1.53,4.6,7.6,1.48,4.35,6.77,48.0,2014/2015
I1,2015-04-26,Verona,Sassuolo,3.0,2.0,H,15.0,18.0,9.0,7.0,10.0,17.0,6.0,4.0,3.0,2.0,1.0,0.0,2.2,3.3,3.4,2.21,3.49,3.55,2.25,3.5,3.7,2.19,3.33,3.36,48.0,2014/2015
I1,2015-04-26,Parma,Palermo,1.0,0.0,H,8.0,13.0,5.0,3.0,19.0,11.0,3.0,5.0,4.0,0.0,0.0,0.0,3.3,3.3,2.25,3.39,3.47,2.29,3.64,3.47,2.3,3.29,3.31,2.23,48.0,2014/2015
I1,2015-04-26,Torino,Juventus,2.0,1.0,H,11.0,19.0,3.0,5.0,17.0,16.0,3.0,2.0,3.0,1.0,0.0,0.0,4.33,3.25,1.95,4.44,3.36,2.01,4.75,3.4,2.01,4.21,3.26,1.96,48.0,2014/2015
I1,2015-04-28,Udinese,Inter Milan,1.0,2.0,A,9.0,22.0,1.0,11.0,12.0,20.0,5.0,5.0,4.0,4.0,2.0,0.0,3.3,3.3,2.25,3.41,3.37,2.33,3.6,3.44,2.33,3.3,3.28,2.26,47.0,2014/2015
I1,2015-04-29,Cesena,Atalanta,2.0,2.0,D,10.0,16.0,5.0,7.0,21.0,18.0,2.0,3.0,3.0,4.0,0.0,0.0,2.88,3.1,2.63,2.99,3.22,2.67,3.0,3.4,2.8,2.87,3.1,2.61,48.0,2014/2015
I1,2015-04-29,Chievo,Cagliari,1.0,0.0,H,10.0,10.0,3.0,1.0,23.0,21.0,3.0,6.0,2.0,4.0,0.0,2.0,2.1,3.5,3.5,2.17,3.67,3.49,2.3,3.67,3.75,2.14,3.42,3.41,48.0,2014/2015
I1,2015-04-29,Juventus,Fiorentina,3.0,2.0,H,12.0,14.0,5.0,2.0,11.0,16.0,5.0,9.0,1.0,3.0,0.0,0.0,1.67,3.75,5.5,1.69,3.95,5.73,1.75,4.0,6.0,1.68,3.69,5.27,48.0,2014/2015
I1,2015-04-29,Lazio,Parma,4.0,0.0,H,11.0,11.0,7.0,3.0,10.0,8.0,9.0,2.0,1.0,3.0,0.0,0.0,1.25,5.5,15.0,1.27,6.35,12.9,1.3,6.7,17.0,1.26,5.82,11.99,47.0,2014/2015
I1,2015-04-29,Milan,Genoa,1.0,3.0,A,11.0,17.0,5.0,9.0,16.0,20.0,7.0,9.0,2.0,4.0,1.0,0.0,1.95,3.6,3.8,1.95,3.64,4.29,2.01,3.7,4.4,1.94,3.46,4.0,48.0,2014/2015
I1,2015-04-29,Palermo,Torino,2.0,2.0,D,16.0,14.0,3.0,4.0,9.0,17.0,8.0,4.0,2.0,3.0,0.0,0.0,2.6,3.2,2.8,2.64,3.37,2.9,2.8,3.37,2.94,2.61,3.19,2.79,48.0,2014/2015
I1,2015-04-29,Sampdoria,Verona,1.0,1.0,D,20.0,11.0,5.0,4.0,11.0,14.0,6.0,7.0,2.0,4.0,1.0,0.0,1.67,3.75,5.5,1.65,4.08,6.01,1.67,4.1,6.1,1.64,3.83,5.44,48.0,2014/2015
I1,2015-04-29,Sassuolo,Roma,0.0,3.0,A,11.0,8.0,6.0,5.0,17.0,13.0,5.0,2.0,3.0,3.0,0.0,0.0,4.33,3.75,1.8,5.19,3.76,1.78,5.4,3.85,1.81,4.71,3.62,1.76,48.0,2014/2015
I1,2015-04-30,Empoli,Napoli,4.0,2.0,H,10.0,14.0,4.0,5.0,13.0,17.0,6.0,4.0,3.0,2.0,0.0,0.0,4.5,3.6,1.8,4.64,3.81,1.85,5.0,3.95,1.85,4.43,3.63,1.8,46.0,2014/2015
I1,2015-05-02,Sampdoria,Juventus,0.0,1.0,A,18.0,14.0,2.0,5.0,14.0,14.0,4.0,4.0,4.0,1.0,0.0,0.0,3.0,3.3,2.4,3.2,3.26,2.5,3.3,3.3,2.6,3.1,3.16,2.41,46.0,2014/2015
I1,2015-05-02,Sassuolo,Palermo,0.0,0.0,D,6.0,13.0,2.0,2.0,12.0,22.0,6.0,6.0,2.0,3.0,0.0,0.0,2.7,3.25,2.7,2.77,3.39,2.74,2.8,3.5,2.9,2.67,3.25,2.69,46.0,2014/2015
I1,2015-05-03,Atalanta,Lazio,1.0,1.0,D,16.0,13.0,6.0,5.0,12.0,21.0,9.0,5.0,2.0,6.0,0.0,0.0,5.0,3.75,1.73,5.55,4.04,1.69,5.75,4.03,1.75,5.03,3.73,1.71,45.0,2014/2015
I1,2015-05-03,Fiorentina,Cesena,3.0,1.0,H,23.0,13.0,12.0,1.0,11.0,17.0,9.0,5.0,1.0,1.0,0.0,0.0,1.36,5.0,8.5,1.39,5.32,8.95,1.4,5.7,10.5,1.34,5.06,8.91,46.0,2014/2015
I1,2015-05-03,Inter Milan,Chievo,0.0,0.0,D,23.0,11.0,3.0,4.0,15.0,10.0,11.0,5.0,3.0,1.0,0.0,0.0,1.4,4.75,8.0,1.46,4.69,8.18,1.46,4.85,9.2,1.42,4.44,7.97,46.0,2014/2015
I1,2015-05-03,Napoli,Milan,3.0,0.0,H,27.0,2.0,7.0,1.0,13.0,9.0,15.0,1.0,2.0,0.0,0.0,1.0,1.5,4.33,6.5,1.51,4.65,6.98,1.65,4.65,7.0,1.51,4.28,6.25,46.0,2014/2015
I1,2015-05-03,Roma,Genoa,2.0,0.0,H,15.0,10.0,6.0,3.0,19.0,21.0,7.0,8.0,3.0,3.0,0.0,0.0,1.57,4.0,6.0,1.57,4.4,6.31,1.6,4.4,7.2,1.56,4.05,6.11,46.0,2014/2015
I1,2015-05-03,Verona,Udinese,0.0,1.0,A,15.0,20.0,3.0,5.0,14.0,16.0,6.0,5.0,1.0,4.0,2.0,0.0,2.1,3.6,3.4,2.19,3.61,3.52,2.23,3.6,3.7,2.14,3.42,3.4,46.0,2014/2015
I1,2015-05-04,Cagliari,Parma,4.0,0.0,H,11.0,21.0,7.0,3.0,10.0,12.0,4.0,4.0,3.0,1.0,0.0,0.0,1.67,3.8,5.25,1.68,4.07,5.51,1.7,4.2,6.0,1.66,3.83,5.27,45.0,2014/2015
I1,2015-05-06,Torino,Empoli,0.0,1.0,A,19.0,20.0,5.0,6.0,14.0,13.0,5.0,6.0,3.0,1.0,0.0,0.0,1.83,3.5,4.5,1.85,3.73,4.7,1.88,3.73,4.83,1.83,3.5,4.46,47.0,2014/2015
I1,2015-05-09,Juventus,Cagliari,1.0,1.0,D,13.0,15.0,4.0,6.0,15.0,7.0,8.0,3.0,1.0,1.0,0.0,0.0,1.53,4.1,6.5,1.58,4.22,6.68,1.62,4.5,7.0,1.55,4.04,6.0,49.0,2014/2015
I1,2015-05-09,Milan,Roma,2.0,1.0,H,11.0,15.0,4.0,3.0,15.0,16.0,6.0,5.0,4.0,3.0,0.0,0.0,3.8,3.5,2.0,4.15,3.53,2.03,4.15,3.53,2.06,3.83,3.39,1.99,49.0,2014/2015
I1,2015-05-10,Cesena,Sassuolo,2.0,3.0,A,12.0,12.0,6.0,7.0,15.0,18.0,3.0,4.0,2.0,0.0,0.0,0.0,2.55,3.4,2.75,2.65,3.48,2.82,2.7,3.47,2.9,2.55,3.27,2.77,49.0,2014/2015
I1,2015-05-10,Chievo,Verona,2.0,2.0,D,18.0,14.0,3.0,3.0,15.0,15.0,11.0,3.0,3.0,5.0,0.0,0.0,2.25,3.3,3.3,2.29,3.32,3.55,2.34,3.4,3.6,2.26,3.21,3.29,49.0,2014/2015
I1,2015-05-10,Empoli,Fiorentina,2.0,3.0,A,16.0,11.0,3.0,5.0,8.0,10.0,8.0,4.0,1.0,2.0,0.0,0.0,2.63,3.3,2.63,2.78,3.53,2.65,2.85,3.53,2.74,2.7,3.31,2.59,48.0,2014/2015
I1,2015-05-10,Lazio,Inter Milan,1.0,2.0,A,12.0,14.0,6.0,7.0,14.0,14.0,8.0,3.0,3.0,3.0,2.0,0.0,1.8,3.75,4.33,1.86,3.82,4.53,1.91,3.9,4.75,1.83,3.61,4.26,47.0,2014/2015
I1,2015-05-10,Palermo,Atalanta,2.0,3.0,A,24.0,10.0,8.0,7.0,17.0,14.0,13.0,3.0,1.0,2.0,0.0,1.0,2.15,3.4,3.5,2.12,3.44,3.86,2.2,3.5,3.86,2.1,3.27,3.62,49.0,2014/2015
I1,2015-05-10,Parma,Napoli,2.0,2.0,D,13.0,23.0,5.0,12.0,9.0,11.0,4.0,10.0,2.0,1.0,0.0,0.0,9.0,5.25,1.33,10.37,5.05,1.38,11.0,5.5,1.39,8.86,4.99,1.34,48.0,2014/2015
I1,2015-05-10,Udinese,Sampdoria,1.0,4.0,A,15.0,20.0,3.0,11.0,9.0,18.0,5.0,6.0,1.0,4.0,0.0,0.0,2.6,3.2,2.75,2.59,3.33,3.0,2.7,3.33,3.0,2.56,3.19,2.82,49.0,2014/2015
I1,2015-05-11,Genoa,Torino,5.0,1.0,H,13.0,9.0,8.0,4.0,13.0,15.0,5.0,2.0,2.0,4.0,0.0,0.0,2.4,3.3,3.0,2.43,3.42,3.17,2.45,3.42,3.3,2.35,3.27,3.03,44.0,2014/2015
I1,2015-05-16,Inter Milan,Juventus,1.0,2.0,A,20.0,14.0,7.0,4.0,21.0,7.0,9.0,3.0,5.0,2.0,0.0,0.0,2.25,3.3,3.3,2.28,3.49,3.38,2.35,3.52,3.5,2.24,3.3,3.25,44.0,2014/2015
I1,2015-05-16,Sampdoria,Lazio,0.0,1.0,A,8.0,14.0,1.0,2.0,13.0,20.0,5.0,6.0,2.0,0.0,0.0,0.0,3.25,3.25,2.25,3.2,3.46,2.39,3.25,3.5,2.5,3.04,3.31,2.34,43.0,2014/2015
I1,2015-05-17,Roma,Udinese,2.0,1.0,H,19.0,8.0,6.0,3.0,13.0,12.0,10.0,5.0,3.0,2.0,0.0,0.0,1.3,5.5,10.0,1.31,5.72,12.06,1.33,6.0,13.0,1.29,5.39,10.89,45.0,2014/2015
I1,2015-05-17,Atalanta,Genoa,1.0,4.0,A,17.0,13.0,6.0,7.0,11.0,22.0,9.0,7.0,3.0,1.0,0.0,0.0,2.55,3.3,2.8,2.74,3.28,2.85,2.74,3.4,3.0,2.59,3.21,2.78,44.0,2014/2015
I1,2015-05-17,Cagliari,Palermo,0.0,1.0,A,19.0,17.0,7.0,6.0,14.0,20.0,4.0,3.0,3.0,3.0,0.0,0.0,2.05,3.6,3.5,2.09,3.71,3.66,2.13,3.71,3.8,2.06,3.51,3.47,44.0,2014/2015
I1,2015-05-17,Torino,Chievo,2.0,0.0,H,25.0,7.0,9.0,1.0,8.0,9.0,6.0,1.0,3.0,0.0,0.0,0.0,1.7,3.6,5.5,1.75,3.77,5.47,1.8,3.77,5.7,1.74,3.55,5.01,44.0,2014/2015
I1,2015-05-17,Verona,Empoli,2.0,1.0,H,14.0,16.0,4.0,6.0,12.0,14.0,5.0,4.0,1.0,2.0,0.0,0.0,2.6,3.3,2.75,2.67,3.58,2.74,2.67,3.6,3.0,2.54,3.4,2.7,45.0,2014/2015
I1,2015-05-17,Sassuolo,Milan,3.0,2.0,H,6.0,11.0,5.0,3.0,14.0,20.0,3.0,4.0,2.0,4.0,0.0,2.0,3.25,3.4,2.2,3.23,3.61,2.31,3.3,3.6,2.4,3.1,3.37,2.28,45.0,2014/2015
I1,2015-05-18,Fiorentina,Parma,3.0,0.0,H,22.0,17.0,10.0,4.0,9.0,10.0,12.0,4.0,1.0,1.0,0.0,0.0,1.22,6.5,13.0,1.23,7.32,14.28,1.25,7.5,15.0,1.21,6.53,12.62,44.0,2014/2015
I1,2015-05-18,Napoli,Cesena,3.0,2.0,H,15.0,7.0,4.0,4.0,9.0,17.0,6.0,1.0,2.0,2.0,0.0,0.0,1.18,7.0,17.0,1.17,8.82,18.96,1.18,9.0,20.0,1.15,7.72,16.59,44.0,2014/2015
I1,2015-05-23,Genoa,Inter Milan,3.0,2.0,H,17.0,16.0,7.0,5.0,14.0,10.0,13.0,5.0,3.0,4.0,0.0,0.0,2.55,3.5,2.7,2.66,3.63,2.7,2.7,3.65,2.75,2.57,3.44,2.64,42.0,2014/2015
I1,2015-05-23,Juventus,Napoli,3.0,1.0,H,13.0,19.0,5.0,7.0,15.0,12.0,3.0,8.0,1.0,1.0,0.0,1.0,3.0,3.3,2.4,3.05,3.49,2.46,3.06,3.49,2.6,2.92,3.31,2.42,42.0,2014/2015
I1,2015-05-24,Chievo,Atalanta,1.0,1.0,D,14.0,11.0,8.0,3.0,17.0,13.0,6.0,5.0,1.0,0.0,0.0,0.0,2.1,3.4,3.5,2.14,3.41,3.8,2.3,3.42,3.8,2.13,3.3,3.51,42.0,2014/2015
I1,2015-05-24,Cesena,Cagliari,0.0,1.0,A,11.0,13.0,2.0,4.0,21.0,15.0,4.0,8.0,3.0,0.0,0.0,0.0,2.55,3.5,2.7,2.56,3.65,2.82,2.62,3.65,2.9,2.51,3.43,2.72,42.0,2014/2015
I1,2015-05-24,Udinese,Sassuolo,0.0,1.0,A,15.0,12.0,3.0,3.0,13.0,12.0,11.0,4.0,1.0,1.0,1.0,0.0,2.05,3.5,3.6,2.04,3.67,3.88,2.1,3.8,4.2,2.0,3.48,3.68,42.0,2014/2015
I1,2015-05-24,Empoli,Sampdoria,1.0,1.0,D,18.0,11.0,4.0,5.0,12.0,13.0,4.0,5.0,3.0,3.0,0.0,0.0,2.4,3.4,2.9,2.46,3.48,3.06,2.7,3.5,3.06,2.44,3.32,2.89,42.0,2014/2015
I1,2015-05-24,Parma,Verona,2.0,2.0,D,10.0,8.0,7.0,4.0,11.0,11.0,6.0,3.0,1.0,2.0,0.0,0.0,2.63,3.5,2.63,2.69,3.59,2.71,2.8,3.7,2.71,2.64,3.42,2.59,42.0,2014/2015
I1,2015-05-24,Palermo,Fiorentina,2.0,3.0,A,9.0,10.0,5.0,4.0,16.0,17.0,7.0,8.0,2.0,3.0,0.0,1.0,3.4,3.5,2.15,3.65,3.61,2.12,3.65,3.65,2.15,3.44,3.44,2.09,42.0,2014/2015
I1,2015-05-24,Milan,Torino,3.0,0.0,H,15.0,14.0,5.0,3.0,9.0,18.0,5.0,5.0,4.0,2.0,1.0,1.0,2.5,3.3,2.88,2.57,3.46,2.93,2.6,3.5,3.0,2.46,3.31,2.86,42.0,2014/2015
I1,2015-05-25,Lazio,Roma,1.0,2.0,A,16.0,6.0,3.0,2.0,16.0,12.0,4.0,8.0,4.0,4.0,0.0,0.0,2.4,3.3,3.0,2.51,3.36,3.09,2.6,3.4,3.15,2.42,3.24,2.99,41.0,2014/2015
I1,2015-05-30,Atalanta,Milan,1.0,3.0,A,16.0,9.0,1.0,5.0,19.0,19.0,5.0,6.0,3.0,0.0,0.0,0.0,2.75,3.5,2.5,2.85,3.62,2.54,3.0,3.8,2.54,2.79,3.44,2.43,44.0,2014/2015
I1,2015-05-30,Verona,Juventus,2.0,2.0,D,15.0,16.0,4.0,4.0,17.0,10.0,6.0,4.0,3.0,1.0,0.0,1.0,5.0,3.75,1.7,5.12,4.11,1.7,5.29,4.2,1.74,4.79,3.84,1.69,44.0,2014/2015
I1,2015-05-31,Cagliari,Udinese,4.0,3.0,H,14.0,11.0,5.0,6.0,11.0,13.0,4.0,5.0,1.0,4.0,0.0,0.0,2.25,3.5,3.1,2.29,3.65,3.22,2.38,3.8,3.22,2.25,3.47,3.04,43.0,2014/2015
I1,2015-05-31,Fiorentina,Chievo,3.0,0.0,H,26.0,13.0,13.0,2.0,10.0,9.0,3.0,3.0,2.0,1.0,0.0,1.0,1.4,5.0,7.5,1.4,5.26,8.63,1.4,5.3,9.5,1.37,4.91,7.93,43.0,2014/2015
I1,2015-05-31,Inter Milan,Empoli,4.0,3.0,H,32.0,11.0,9.0,5.0,13.0,13.0,6.0,0.0,1.0,2.0,0.0,0.0,1.53,4.33,6.0,1.56,4.64,6.18,1.57,4.8,7.0,1.52,4.35,5.87,43.0,2014/2015
I1,2015-05-31,Napoli,Lazio,2.0,4.0,A,17.0,7.0,7.0,5.0,16.0,15.0,4.0,2.0,0.0,4.0,1.0,1.0,2.1,3.5,3.5,2.11,3.61,3.74,2.15,3.7,3.75,2.09,3.42,3.48,42.0,2014/2015
I1,2015-05-31,Roma,Palermo,1.0,2.0,A,7.0,12.0,2.0,3.0,13.0,13.0,2.0,5.0,2.0,3.0,0.0,0.0,1.4,5.0,7.5,1.42,5.18,8.01,1.45,5.3,8.5,1.4,4.85,7.32,42.0,2014/2015
I1,2015-05-31,Sampdoria,Parma,2.0,2.0,D,17.0,10.0,7.0,3.0,12.0,13.0,7.0,4.0,0.0,1.0,0.0,0.0,1.36,5.25,8.0,1.39,5.29,8.82,1.4,5.5,9.9,1.35,5.12,8.14,43.0,2014/2015
I1,2015-05-31,Sassuolo,Genoa,3.0,1.0,H,16.0,17.0,6.0,7.0,12.0,22.0,5.0,7.0,3.0,4.0,0.0,1.0,2.9,3.5,2.4,2.94,3.73,2.43,2.94,3.8,2.5,2.8,3.46,2.42,43.0,2014/2015
I1,2015-05-31,Torino,Cesena,5.0,0.0,H,18.0,7.0,9.0,1.0,6.0,10.0,5.0,1.0,0.0,2.0,0.0,0.0,1.36,5.0,8.5,1.39,5.29,8.92,1.4,5.5,10.0,1.36,5.03,8.26,43.0,2014/2015
I1,2015-08-22,Lazio,Bologna,2.0,1.0,H,21.0,9.0,9.0,4.0,18.0,8.0,10.0,3.0,2.0,1.0,0.0,0.0,1.5,4.2,7.0,1.48,4.52,8.27,1.51,4.52,8.27,1.46,4.27,7.39,40.0,2015/2016
I1,2015-08-22,Verona,Roma,1.0,1.0,D,12.0,21.0,7.0,8.0,9.0,11.0,3.0,7.0,2.0,1.0,0.0,0.0,5.5,3.75,1.67,5.35,3.87,1.74,6.0,4.0,1.75,5.18,3.7,1.69,41.0,2015/2016
I1,2015-08-23,Empoli,Chievo,1.0,3.0,A,15.0,12.0,5.0,3.0,15.0,19.0,8.0,5.0,1.0,2.0,0.0,0.0,2.15,3.25,3.6,2.2,3.28,3.83,2.3,3.4,4.0,2.15,3.19,3.57,41.0,2015/2016
I1,2015-08-23,Fiorentina,Milan,2.0,0.0,H,13.0,8.0,7.0,0.0,18.0,16.0,4.0,5.0,3.0,2.0,0.0,1.0,2.15,3.4,3.5,2.19,3.44,3.66,2.3,3.5,3.8,2.14,3.33,3.46,41.0,2015/2016
I1,2015-08-23,Frosinone,Torino,1.0,2.0,A,13.0,26.0,3.0,7.0,10.0,11.0,3.0,12.0,2.0,2.0,0.0,0.0,3.5,3.25,2.2,3.79,3.32,2.2,3.79,3.4,2.3,3.51,3.2,2.17,41.0,2015/2016
I1,2015-08-23,Inter Milan,Atalanta,1.0,0.0,H,21.0,4.0,7.0,0.0,14.0,12.0,9.0,1.0,2.0,2.0,0.0,1.0,1.45,4.33,7.5,1.5,4.39,8.01,1.53,4.5,8.01,1.47,4.22,7.27,41.0,2015/2016
I1,2015-08-23,Juventus,Udinese,0.0,1.0,A,21.0,6.0,5.0,2.0,14.0,22.0,10.0,2.0,1.0,3.0,0.0,0.0,1.29,5.5,11.0,1.31,5.72,12.11,1.31,6.0,13.0,1.27,5.49,11.62,41.0,2015/2016
I1,2015-08-23,Palermo,Genoa,1.0,0.0,H,19.0,11.0,6.0,3.0,10.0,13.0,5.0,6.0,1.0,1.0,0.0,0.0,2.2,3.4,3.3,2.22,3.41,3.61,2.3,3.45,3.7,2.19,3.28,3.37,41.0,2015/2016
I1,2015-08-23,Sampdoria,Carpi,5.0,2.0,H,10.0,24.0,7.0,7.0,15.0,16.0,4.0,8.0,1.0,3.0,1.0,0.0,1.8,3.5,4.75,1.83,3.6,5.1,1.83,3.65,5.5,1.78,3.47,4.82,41.0,2015/2016
I1,2015-08-23,Sassuolo,Napoli,2.0,1.0,H,16.0,15.0,6.0,3.0,13.0,21.0,5.0,1.0,4.0,2.0,0.0,0.0,4.33,3.75,1.8,5.11,3.69,1.81,5.2,3.8,1.85,4.6,3.56,1.79,41.0,2015/2016
I1,2015-08-29,Bologna,Sassuolo,0.0,1.0,A,6.0,9.0,2.0,2.0,15.0,13.0,11.0,5.0,3.0,1.0,0.0,0.0,2.25,3.3,3.3,2.25,3.38,3.59,2.38,3.38,3.59,2.21,3.21,3.35,36.0,2015/2016
I1,2015-08-29,Milan,Empoli,2.0,1.0,H,6.0,18.0,4.0,3.0,20.0,16.0,6.0,5.0,0.0,2.0,0.0,0.0,1.5,4.2,7.0,1.52,4.43,7.31,1.57,4.43,8.0,1.49,4.12,6.81,36.0,2015/2016
I1,2015-08-30,Atalanta,Frosinone,2.0,0.0,H,25.0,14.0,11.0,4.0,9.0,13.0,9.0,2.0,1.0,4.0,0.0,0.0,1.75,3.5,5.25,1.77,3.7,5.43,1.8,3.7,5.5,1.74,3.5,4.99,36.0,2015/2016
I1,2015-08-30,Genoa,Verona,2.0,0.0,H,20.0,12.0,6.0,2.0,19.0,13.0,4.0,4.0,2.0,2.0,0.0,0.0,2.0,3.5,3.8,2.05,3.55,3.99,2.1,3.55,4.2,2.02,3.39,3.7,36.0,2015/2016
I1,2015-08-30,Chievo,Lazio,4.0,0.0,H,8.0,13.0,5.0,2.0,11.0,14.0,2.0,8.0,0.0,1.0,0.0,0.0,3.4,3.3,2.2,3.65,3.31,2.25,3.8,3.35,2.25,3.44,3.19,2.17,35.0,2015/2016
I1,2015-08-30,Carpi,Inter Milan,1.0,2.0,A,10.0,12.0,5.0,5.0,11.0,17.0,2.0,6.0,3.0,4.0,0.0,0.0,4.5,3.5,1.85,4.87,3.62,1.85,5.25,3.75,1.85,4.6,3.47,1.8,36.0,2015/2016
I1,2015-08-30,Udinese,Palermo,0.0,1.0,A,25.0,5.0,7.0,1.0,16.0,15.0,10.0,0.0,4.0,2.0,0.0,1.0,2.15,3.3,3.6,2.17,3.4,3.77,2.25,3.4,3.9,2.12,3.23,3.53,36.0,2015/2016
I1,2015-08-30,Roma,Juventus,2.0,1.0,H,18.0,10.0,7.0,2.0,15.0,16.0,6.0,6.0,3.0,2.0,0.0,2.0,2.6,3.2,2.8,2.69,3.27,2.92,2.75,3.27,3.0,2.61,3.11,2.8,36.0,2015/2016
I1,2015-08-30,Torino,Fiorentina,3.0,1.0,H,10.0,9.0,6.0,5.0,15.0,10.0,4.0,2.0,2.0,3.0,0.0,0.0,2.5,3.2,3.0,2.56,3.35,3.02,2.7,3.35,3.02,2.53,3.16,2.84,36.0,2015/2016
I1,2015-08-30,Napoli,Sampdoria,2.0,2.0,D,27.0,9.0,7.0,4.0,9.0,8.0,4.0,1.0,0.0,2.0,0.0,0.0,1.44,4.5,7.5,1.48,4.58,7.84,1.55,4.58,9.0,1.45,4.34,7.15,36.0,2015/2016
I1,2015-09-12,Fiorentina,Genoa,1.0,0.0,H,11.0,12.0,3.0,1.0,19.0,21.0,4.0,2.0,2.0,4.0,1.0,0.0,1.67,3.75,5.5,1.67,4.0,5.82,1.7,4.0,6.25,1.65,3.78,5.47,36.0,2015/2016
I1,2015-09-12,Frosinone,Roma,0.0,2.0,A,18.0,20.0,5.0,3.0,16.0,15.0,3.0,8.0,4.0,3.0,0.0,0.0,9.5,4.75,1.36,9.76,4.7,1.42,9.76,4.85,1.44,8.97,4.53,1.38,35.0,2015/2016
I1,2015-09-12,Juventus,Chievo,1.0,1.0,D,26.0,6.0,7.0,3.0,21.0,20.0,5.0,3.0,3.0,5.0,0.0,0.0,1.4,4.5,9.0,1.38,4.9,10.62,1.4,5.0,11.0,1.36,4.71,9.56,36.0,2015/2016
I1,2015-09-13,Empoli,Napoli,2.0,2.0,D,16.0,17.0,3.0,4.0,12.0,14.0,5.0,5.0,2.0,4.0,0.0,0.0,5.0,3.6,1.75,4.67,3.75,1.85,5.0,3.75,1.85,4.54,3.58,1.8,36.0,2015/2016
I1,2015-09-13,Inter Milan,Milan,1.0,0.0,H,16.0,19.0,4.0,3.0,19.0,16.0,6.0,7.0,2.0,3.0,0.0,0.0,2.2,3.3,3.4,2.19,3.41,3.71,2.3,3.41,3.71,2.18,3.25,3.48,36.0,2015/2016
I1,2015-09-13,Lazio,Udinese,2.0,0.0,H,14.0,10.0,8.0,4.0,17.0,13.0,6.0,4.0,0.0,1.0,0.0,0.0,1.62,3.75,6.0,1.6,3.99,6.94,1.63,4.0,6.94,1.59,3.83,6.17,36.0,2015/2016
I1,2015-09-13,Palermo,Carpi,2.0,2.0,D,13.0,9.0,6.0,2.0,16.0,18.0,3.0,3.0,3.0,3.0,0.0,0.0,1.53,4.0,7.0,1.58,4.02,7.1,1.61,4.2,7.5,1.55,3.9,6.56,36.0,2015/2016
I1,2015-09-13,Sassuolo,Atalanta,2.0,2.0,D,10.0,10.0,9.0,4.0,21.0,19.0,4.0,2.0,3.0,4.0,1.0,1.0,2.2,3.3,3.4,2.23,3.31,3.7,2.25,3.35,3.78,2.18,3.21,3.49,36.0,2015/2016
I1,2015-09-13,Verona,Torino,2.0,2.0,D,12.0,10.0,3.0,5.0,17.0,20.0,3.0,3.0,5.0,2.0,0.0,0.0,3.2,3.3,2.3,3.1,3.39,2.48,3.3,3.4,2.48,3.05,3.25,2.38,36.0,2015/2016
I1,2015-09-14,Sampdoria,Bologna,2.0,0.0,H,12.0,9.0,4.0,2.0,11.0,16.0,2.0,5.0,1.0,3.0,0.0,1.0,1.83,3.6,4.5,1.85,3.64,4.84,1.86,3.64,5.2,1.82,3.49,4.58,36.0,2015/2016
I1,2015-09-19,Milan,Palermo,3.0,2.0,H,18.0,13.0,8.0,3.0,8.0,8.0,7.0,3.0,1.0,2.0,0.0,0.0,1.73,3.75,5.0,1.74,3.79,5.52,1.75,3.79,6.0,1.71,3.62,5.18,40.0,2015/2016
I1,2015-09-19,Udinese,Empoli,1.0,2.0,A,7.0,12.0,2.0,6.0,26.0,14.0,2.0,5.0,4.0,3.0,1.0,0.0,2.25,3.3,3.3,2.24,3.37,3.62,2.27,3.4,3.75,2.19,3.26,3.4,40.0,2015/2016
I1,2015-09-20,Roma,Sassuolo,2.0,2.0,D,21.0,12.0,7.0,4.0,15.0,15.0,11.0,4.0,2.0,3.0,0.0,0.0,1.4,4.5,8.5,1.41,4.82,9.88,1.44,5.0,10.54,1.39,4.54,8.67,40.0,2015/2016
I1,2015-09-20,Torino,Sampdoria,2.0,0.0,H,19.0,13.0,8.0,5.0,9.0,10.0,7.0,7.0,2.0,3.0,0.0,0.0,1.83,3.6,4.33,1.85,3.61,4.9,1.87,3.64,5.2,1.82,3.45,4.58,40.0,2015/2016
I1,2015-09-20,Atalanta,Verona,1.0,1.0,D,14.0,9.0,2.0,3.0,21.0,19.0,8.0,2.0,3.0,3.0,0.0,1.0,2.0,3.5,3.75,2.02,3.51,4.14,2.05,3.6,4.23,1.99,3.4,3.82,40.0,2015/2016
I1,2015-09-20,Bologna,Frosinone,1.0,0.0,H,12.0,20.0,2.0,6.0,19.0,17.0,6.0,5.0,4.0,5.0,0.0,0.0,1.95,3.4,4.0,1.96,3.46,4.53,2.0,3.53,4.6,1.93,3.37,4.14,40.0,2015/2016
I1,2015-09-20,Carpi,Fiorentina,0.0,1.0,A,11.0,8.0,3.0,2.0,21.0,15.0,4.0,3.0,3.0,4.0,0.0,0.0,4.33,3.4,1.91,4.66,3.56,1.91,4.8,3.63,1.93,4.36,3.41,1.87,40.0,2015/2016
I1,2015-09-20,Chievo,Inter Milan,0.0,1.0,A,15.0,14.0,2.0,3.0,16.0,13.0,8.0,8.0,3.0,1.0,0.0,0.0,3.75,3.3,2.1,3.95,3.26,2.17,4.05,3.3,2.2,3.67,3.18,2.13,39.0,2015/2016
I1,2015-09-20,Genoa,Juventus,0.0,2.0,A,7.0,13.0,0.0,4.0,21.0,23.0,1.0,2.0,1.0,4.0,1.0,0.0,4.5,3.5,1.83,5.17,3.55,1.83,5.4,3.63,1.87,4.81,3.39,1.81,40.0,2015/2016
I1,2015-09-20,Napoli,Lazio,5.0,0.0,H,19.0,9.0,10.0,1.0,12.0,12.0,7.0,1.0,1.0,2.0,0.0,0.0,1.91,3.6,4.0,1.89,3.75,4.43,1.91,3.77,4.72,1.87,3.56,4.16,40.0,2015/2016
I1,2015-09-22,Udinese,Milan,2.0,3.0,A,11.0,9.0,3.0,3.0,24.0,21.0,7.0,1.0,4.0,3.0,1.0,0.0,3.3,3.3,2.25,3.42,3.35,2.33,3.6,3.4,2.38,3.28,3.24,2.27,39.0,2015/2016
I1,2015-09-23,Chievo,Torino,1.0,0.0,H,10.0,4.0,5.0,1.0,12.0,13.0,0.0,4.0,3.0,3.0,0.0,0.0,2.8,3.25,2.6,2.93,3.17,2.75,3.0,3.25,2.8,2.82,3.07,2.64,39.0,2015/2016
I1,2015-09-23,Carpi,Napoli,0.0,0.0,D,11.0,22.0,1.0,4.0,13.0,16.0,4.0,4.0,3.0,3.0,0.0,0.0,6.5,4.0,1.55,6.57,4.31,1.57,7.0,4.33,1.58,6.13,4.06,1.55,39.0,2015/2016
I1,2015-09-23,Fiorentina,Bologna,2.0,0.0,H,18.0,3.0,4.0,1.0,15.0,12.0,6.0,0.0,1.0,2.0,0.0,0.0,1.5,4.0,7.5,1.51,4.35,7.84,1.55,4.5,7.84,1.49,4.09,7.09,39.0,2015/2016
I1,2015-09-23,Inter Milan,Verona,1.0,0.0,H,17.0,7.0,4.0,1.0,12.0,8.0,11.0,2.0,4.0,4.0,0.0,0.0,1.33,5.0,10.0,1.4,5.1,9.1,1.4,5.4,10.0,1.36,4.9,8.64,39.0,2015/2016
I1,2015-09-23,Juventus,Frosinone,1.0,1.0,D,36.0,9.0,7.0,1.0,16.0,10.0,10.0,5.0,2.0,3.0,0.0,0.0,1.17,7.0,19.0,1.17,8.18,22.96,1.2,8.18,23.2,1.17,6.98,18.6,39.0,2015/2016
I1,2015-09-23,Lazio,Genoa,2.0,0.0,H,10.0,9.0,3.0,3.0,19.0,11.0,10.0,3.0,4.0,2.0,0.0,2.0,1.75,3.75,4.75,1.74,3.8,5.45,1.8,3.8,5.75,1.73,3.65,4.92,39.0,2015/2016
I1,2015-09-23,Sampdoria,Roma,2.0,1.0,H,6.0,24.0,3.0,8.0,14.0,15.0,4.0,19.0,6.0,3.0,0.0,0.0,4.5,3.6,1.83,4.75,3.74,1.85,4.76,3.8,1.9,4.36,3.59,1.82,39.0,2015/2016
I1,2015-09-23,Palermo,Sassuolo,0.0,1.0,A,9.0,13.0,2.0,4.0,21.0,15.0,2.0,5.0,0.0,6.0,1.0,0.0,2.15,3.4,3.4,2.19,3.42,3.7,2.23,3.45,3.75,2.15,3.27,3.48,39.0,2015/2016
I1,2015-09-24,Empoli,Atalanta,0.0,1.0,A,10.0,13.0,1.0,3.0,12.0,19.0,4.0,5.0,2.0,4.0,0.0,0.0,2.15,3.3,3.5,2.17,3.33,3.84,2.2,3.4,3.9,2.12,3.28,3.53,39.0,2015/2016
I1,2015-09-26,Napoli,Juventus,2.0,1.0,H,13.0,12.0,5.0,3.0,18.0,16.0,4.0,4.0,2.0,4.0,0.0,0.0,2.2,3.3,3.4,2.25,3.37,3.58,2.3,3.41,3.7,2.22,3.25,3.36,40.0,2015/2016
I1,2015-09-26,Roma,Carpi,5.0,1.0,H,17.0,13.0,10.0,6.0,13.0,14.0,6.0,6.0,1.0,1.0,0.0,0.0,1.25,6.0,12.0,1.28,6.04,14.09,1.29,6.5,15.0,1.25,5.62,12.56,40.0,2015/2016
I1,2015-09-27,Bologna,Udinese,1.0,2.0,A,12.0,12.0,3.0,3.0,12.0,13.0,6.0,4.0,4.0,3.0,0.0,0.0,2.4,3.1,3.2,2.5,3.21,3.24,2.55,3.25,3.4,2.43,3.09,3.09,39.0,2015/2016
I1,2015-09-27,Genoa,Milan,1.0,0.0,H,11.0,12.0,2.0,3.0,24.0,29.0,7.0,4.0,4.0,4.0,0.0,1.0,3.3,3.2,2.3,3.21,3.37,2.43,3.4,3.4,2.43,3.11,3.26,2.33,40.0,2015/2016
I1,2015-09-27,Inter Milan,Fiorentina,1.0,4.0,A,5.0,12.0,2.0,8.0,10.0,15.0,2.0,3.0,4.0,2.0,1.0,0.0,1.8,3.6,4.5,1.84,3.67,4.91,1.87,3.75,5.0,1.81,3.52,4.58,40.0,2015/2016
I1,2015-09-27,Sassuolo,Chievo,1.0,1.0,D,13.0,12.0,5.0,2.0,16.0,22.0,4.0,2.0,3.0,1.0,0.0,0.0,2.2,3.2,3.5,2.22,3.26,3.81,2.3,3.3,3.91,2.21,3.14,3.5,39.0,2015/2016
I1,2015-09-27,Torino,Palermo,2.0,1.0,H,10.0,11.0,3.0,3.0,15.0,20.0,5.0,1.0,2.0,5.0,2.0,0.0,1.75,3.6,5.0,1.78,3.73,5.22,1.85,3.75,5.31,1.77,3.53,4.79,39.0,2015/2016
I1,2015-09-27,Verona,Lazio,1.0,2.0,A,6.0,13.0,1.0,3.0,18.0,13.0,3.0,10.0,2.0,2.0,0.0,1.0,3.75,3.4,2.05,3.86,3.48,2.11,4.1,3.5,2.15,3.69,3.36,2.05,39.0,2015/2016
I1,2015-09-28,Atalanta,Sampdoria,2.0,1.0,H,18.0,8.0,5.0,4.0,22.0,15.0,5.0,4.0,3.0,3.0,0.0,0.0,2.1,3.4,3.6,2.1,3.48,3.9,2.2,3.5,4.0,2.09,3.33,3.6,38.0,2015/2016
I1,2015-09-28,Frosinone,Empoli,2.0,0.0,H,10.0,13.0,4.0,5.0,28.0,18.0,4.0,5.0,3.0,4.0,0.0,1.0,3.0,3.3,2.4,3.37,3.36,2.35,3.37,3.4,2.45,3.08,3.24,2.35,38.0,2015/2016
I1,2015-10-03,Carpi,Torino,2.0,1.0,H,7.0,13.0,3.0,3.0,10.0,19.0,2.0,5.0,2.0,1.0,0.0,0.0,3.5,3.2,2.2,3.72,3.32,2.22,3.8,3.37,2.25,3.51,3.2,2.18,43.0,2015/2016
I1,2015-10-03,Chievo,Verona,1.0,1.0,D,17.0,10.0,7.0,3.0,22.0,12.0,5.0,5.0,3.0,0.0,0.0,0.0,2.1,3.3,3.75,2.12,3.44,3.88,2.15,3.44,4.0,2.09,3.28,3.66,43.0,2015/2016
I1,2015-10-04,Empoli,Sassuolo,1.0,0.0,H,18.0,7.0,4.0,1.0,21.0,25.0,5.0,2.0,2.0,3.0,1.0,0.0,2.4,3.2,3.1,2.46,3.4,3.13,2.52,3.4,3.2,2.42,3.24,2.97,43.0,2015/2016
I1,2015-10-04,Fiorentina,Atalanta,3.0,0.0,H,29.0,5.0,9.0,1.0,12.0,15.0,8.0,4.0,0.0,2.0,0.0,1.0,1.67,3.6,5.75,1.65,3.93,6.28,1.7,3.93,6.5,1.63,3.72,5.7,43.0,2015/2016
I1,2015-10-04,Juventus,Bologna,3.0,1.0,H,19.0,2.0,8.0,1.0,8.0,9.0,5.0,2.0,1.0,5.0,0.0,0.0,1.22,6.0,16.0,1.25,6.27,17.1,1.26,6.27,19.0,1.23,5.78,14.46,43.0,2015/2016
I1,2015-10-04,Lazio,Frosinone,2.0,0.0,H,27.0,12.0,10.0,6.0,15.0,14.0,10.0,6.0,4.0,1.0,0.0,0.0,1.29,5.5,11.0,1.34,5.46,11.18,1.35,5.65,13.0,1.31,5.17,10.42,43.0,2015/2016
I1,2015-10-04,Milan,Napoli,0.0,4.0,A,12.0,11.0,2.0,4.0,12.0,11.0,5.0,1.0,3.0,3.0,0.0,0.0,3.0,3.4,2.38,2.97,3.53,2.5,3.1,3.63,2.6,2.89,3.3,2.45,42.0,2015/2016
I1,2015-10-04,Palermo,Roma,2.0,4.0,A,14.0,13.0,5.0,8.0,15.0,16.0,6.0,3.0,4.0,3.0,0.0,0.0,4.0,3.5,1.95,4.14,3.59,2.0,4.2,3.6,2.05,3.93,3.42,1.97,43.0,2015/2016
I1,2015-10-04,Sampdoria,Inter Milan,1.0,1.0,D,15.0,17.0,6.0,7.0,14.0,12.0,9.0,9.0,2.0,4.0,0.0,0.0,4.0,3.5,1.95,4.05,3.62,2.01,4.3,3.62,2.05,3.88,3.39,1.98,42.0,2015/2016
I1,2015-10-04,Udinese,Genoa,1.0,1.0,D,9.0,19.0,3.0,7.0,12.0,17.0,2.0,10.0,2.0,1.0,0.0,0.0,2.5,3.1,3.1,2.51,3.37,3.07,2.56,3.37,3.25,2.47,3.19,2.95,43.0,2015/2016
I1,2015-10-17,Roma,Empoli,3.0,1.0,H,9.0,13.0,5.0,6.0,17.0,9.0,6.0,4.0,1.0,1.0,0.0,0.0,1.4,4.75,8.0,1.42,4.92,8.74,1.42,5.02,9.5,1.39,4.68,8.3,45.0,2015/2016
I1,2015-10-17,Torino,Milan,1.0,1.0,D,6.0,8.0,2.0,3.0,28.0,11.0,7.0,1.0,3.0,4.0,0.0,0.0,2.35,3.2,3.2,2.34,3.36,3.4,2.52,3.36,3.4,2.36,3.22,3.12,45.0,2015/2016
I1,2015-10-18,Atalanta,Carpi,3.0,0.0,H,15.0,13.0,7.0,5.0,16.0,13.0,8.0,7.0,1.0,3.0,0.0,0.0,1.75,3.6,5.0,1.81,3.61,5.23,1.83,3.66,5.5,1.79,3.47,4.8,45.0,2015/2016
I1,2015-10-18,Bologna,Palermo,0.0,1.0,A,17.0,9.0,6.0,4.0,8.0,15.0,6.0,6.0,1.0,4.0,0.0,0.0,2.5,3.2,3.0,2.65,3.28,2.97,2.7,3.3,3.0,2.58,3.13,2.86,45.0,2015/2016
I1,2015-10-18,Frosinone,Sampdoria,2.0,0.0,H,15.0,19.0,4.0,2.0,11.0,16.0,8.0,12.0,2.0,4.0,0.0,0.0,3.1,3.2,2.4,3.08,3.44,2.47,3.2,3.44,2.5,2.99,3.24,2.42,45.0,2015/2016
I1,2015-10-18,Genoa,Chievo,3.0,2.0,H,12.0,21.0,6.0,3.0,14.0,17.0,7.0,7.0,2.0,2.0,1.0,0.0,2.05,3.3,3.8,2.06,3.3,4.3,2.1,3.4,4.6,2.03,3.2,4.0,45.0,2015/2016
I1,2015-10-18,Inter Milan,Juventus,0.0,0.0,D,8.0,15.0,2.0,4.0,14.0,14.0,4.0,9.0,3.0,5.0,0.0,0.0,2.63,3.2,2.8,2.8,3.27,2.8,2.84,3.34,2.88,2.69,3.15,2.74,44.0,2015/2016
I1,2015-10-18,Napoli,Fiorentina,2.0,1.0,H,13.0,10.0,6.0,3.0,11.0,18.0,4.0,5.0,3.0,4.0,0.0,0.0,1.73,3.75,5.0,1.72,3.95,5.34,1.75,4.0,5.5,1.72,3.72,4.93,45.0,2015/2016
I1,2015-10-18,Sassuolo,Lazio,2.0,1.0,H,15.0,12.0,4.0,3.0,7.0,21.0,3.0,9.0,1.0,3.0,0.0,1.0,3.0,3.2,2.45,3.1,3.43,2.46,3.2,3.43,2.55,2.99,3.22,2.43,45.0,2015/2016
I1,2015-10-18,Verona,Udinese,1.0,1.0,D,8.0,15.0,2.0,5.0,14.0,11.0,8.0,8.0,2.0,2.0,0.0,0.0,2.3,3.3,3.2,2.4,3.38,3.25,2.41,3.4,3.4,2.34,3.24,3.13,45.0,2015/2016
I1,2015-10-24,Carpi,Bologna,1.0,2.0,A,7.0,15.0,1.0,4.0,16.0,9.0,3.0,8.0,2.0,2.0,1.0,0.0,2.1,3.2,3.8,2.19,3.29,3.85,2.25,3.31,4.0,2.16,3.15,3.62,41.0,2015/2016
I1,2015-10-24,Empoli,Genoa,2.0,0.0,H,15.0,14.0,5.0,3.0,11.0,25.0,3.0,8.0,3.0,3.0,0.0,0.0,2.4,3.2,3.1,2.49,3.24,3.23,2.57,3.3,3.3,2.43,3.16,3.06,40.0,2015/2016
I1,2015-10-24,Palermo,Inter Milan,1.0,1.0,D,10.0,19.0,2.0,7.0,11.0,11.0,3.0,10.0,3.0,1.0,0.0,1.0,4.0,3.3,2.0,3.94,3.47,2.09,4.0,3.54,2.15,3.77,3.3,2.06,41.0,2015/2016
I1,2015-10-25,Lazio,Torino,3.0,0.0,H,10.0,7.0,3.0,3.0,13.0,23.0,0.0,7.0,2.0,3.0,0.0,0.0,1.91,3.5,4.2,1.93,3.53,4.5,2.0,3.6,4.75,1.92,3.39,4.17,41.0,2015/2016
I1,2015-10-25,Chievo,Napoli,0.0,1.0,A,7.0,17.0,1.0,4.0,19.0,12.0,2.0,8.0,1.0,2.0,0.0,0.0,4.5,3.6,1.83,4.75,3.75,1.84,4.9,3.77,1.87,4.53,3.5,1.82,41.0,2015/2016
I1,2015-10-25,Juventus,Atalanta,2.0,0.0,H,19.0,5.0,10.0,0.0,9.0,16.0,4.0,3.0,2.0,2.0,0.0,1.0,1.33,5.0,10.0,1.36,5.08,11.27,1.4,5.2,12.0,1.34,4.76,9.91,40.0,2015/2016
I1,2015-10-25,Sampdoria,Verona,4.0,1.0,H,10.0,11.0,6.0,1.0,18.0,11.0,2.0,8.0,2.0,2.0,0.0,0.0,2.0,3.3,4.0,2.07,3.48,4.02,2.1,3.5,4.1,2.01,3.35,3.85,41.0,2015/2016
I1,2015-10-25,Milan,Sassuolo,2.0,1.0,H,21.0,4.0,3.0,2.0,21.0,13.0,7.0,2.0,1.0,3.0,0.0,1.0,1.75,3.6,5.0,1.81,3.62,5.2,1.83,3.75,5.23,1.77,3.53,4.78,40.0,2015/2016
I1,2015-10-25,Udinese,Frosinone,1.0,0.0,H,19.0,12.0,7.0,2.0,13.0,23.0,6.0,3.0,4.0,2.0,0.0,0.0,1.67,3.75,5.5,1.72,3.91,5.47,1.8,4.01,5.75,1.7,3.64,5.17,41.0,2015/2016
I1,2015-10-25,Fiorentina,Roma,1.0,2.0,A,21.0,6.0,4.0,4.0,9.0,17.0,8.0,1.0,2.0,4.0,0.0,1.0,2.5,3.4,2.8,2.59,3.45,2.9,2.64,3.54,3.0,2.51,3.29,2.84,40.0,2015/2016
I1,2015-10-27,Bologna,Inter Milan,0.0,1.0,A,7.0,11.0,3.0,6.0,11.0,15.0,2.0,2.0,1.0,2.0,0.0,1.0,5.0,3.5,1.75,5.14,3.59,1.83,5.5,3.62,1.85,4.83,3.42,1.8,44.0,2015/2016
I1,2015-10-28,Frosinone,Carpi,2.0,1.0,H,8.0,13.0,3.0,3.0,19.0,19.0,5.0,4.0,1.0,3.0,1.0,1.0,2.2,3.4,3.2,2.33,3.45,3.31,2.4,3.45,3.4,2.31,3.27,3.14,44.0,2015/2016
I1,2015-10-28,Atalanta,Lazio,2.0,1.0,H,8.0,6.0,3.0,3.0,17.0,15.0,5.0,6.0,2.0,4.0,0.0,0.0,2.9,3.3,2.38,3.11,3.42,2.46,3.25,3.45,2.5,3.01,3.28,2.38,44.0,2015/2016
I1,2015-10-28,Milan,Chievo,1.0,0.0,H,24.0,4.0,4.0,3.0,10.0,15.0,10.0,3.0,0.0,2.0,0.0,0.0,1.67,3.6,5.5,1.69,3.79,5.94,1.73,3.85,6.25,1.69,3.6,5.37,44.0,2015/2016
I1,2015-10-28,Napoli,Palermo,2.0,0.0,H,23.0,8.0,8.0,0.0,9.0,4.0,8.0,2.0,0.0,0.0,0.0,0.0,1.29,5.5,10.0,1.32,6.0,10.73,1.33,6.0,11.2,1.29,5.54,10.05,44.0,2015/2016
I1,2015-10-28,Roma,Udinese,3.0,1.0,H,19.0,6.0,9.0,2.0,12.0,10.0,3.0,4.0,1.0,3.0,0.0,0.0,1.4,4.33,8.0,1.42,5.14,8.13,1.45,5.14,10.0,1.4,4.61,7.86,44.0,2015/2016
I1,2015-10-28,Verona,Fiorentina,0.0,2.0,A,2.0,9.0,0.0,2.0,17.0,11.0,5.0,2.0,5.0,2.0,0.0,0.0,4.2,3.5,1.85,4.54,3.73,1.88,4.75,3.73,1.95,4.23,3.52,1.86,44.0,2015/2016
I1,2015-10-28,Torino,Genoa,3.0,3.0,D,17.0,10.0,6.0,4.0,10.0,19.0,4.0,2.0,2.0,1.0,0.0,0.0,2.0,3.3,3.75,2.05,3.47,4.1,2.06,3.5,4.33,1.99,3.32,3.92,44.0,2015/2016
I1,2015-10-28,Sassuolo,Juventus,1.0,0.0,H,7.0,14.0,3.0,3.0,20.0,21.0,1.0,11.0,5.0,2.0,0.0,1.0,4.75,3.6,1.75,5.33,3.7,1.78,5.75,3.75,1.8,4.95,3.52,1.75,44.0,2015/2016
I1,2015-10-29,Sampdoria,Empoli,1.0,1.0,D,14.0,17.0,3.0,5.0,19.0,15.0,6.0,5.0,2.0,3.0,0.0,1.0,2.2,3.25,3.3,2.32,3.37,3.43,2.32,3.5,3.5,2.23,3.25,3.32,43.0,2015/2016
I1,2015-10-31,Inter Milan,Roma,1.0,0.0,H,10.0,19.0,3.0,9.0,10.0,10.0,4.0,9.0,4.0,1.0,0.0,1.0,2.9,3.3,2.5,2.81,3.47,2.67,2.93,3.47,2.7,2.77,3.31,2.56,47.0,2015/2016
I1,2015-10-31,Juventus,Torino,2.0,1.0,H,17.0,10.0,6.0,5.0,17.0,14.0,7.0,3.0,2.0,5.0,0.0,0.0,1.57,3.8,6.5,1.57,3.95,7.55,1.65,4.01,7.76,1.55,3.81,6.69,47.0,2015/2016
I1,2015-11-01,Bologna,Atalanta,3.0,0.0,H,10.0,8.0,5.0,2.0,23.0,14.0,0.0,4.0,5.0,3.0,0.0,0.0,2.9,3.1,2.6,2.99,3.19,2.69,3.05,3.2,2.75,2.84,3.08,2.63,47.0,2015/2016
I1,2015-11-01,Carpi,Verona,0.0,0.0,D,11.0,11.0,6.0,3.0,19.0,17.0,5.0,6.0,2.0,3.0,0.0,0.0,2.3,3.25,3.25,2.31,3.31,3.51,2.33,3.4,3.6,2.26,3.22,3.28,47.0,2015/2016
I1,2015-11-01,Fiorentina,Frosinone,4.0,1.0,H,31.0,6.0,9.0,1.0,11.0,11.0,8.0,1.0,0.0,1.0,0.0,0.0,1.22,6.0,15.0,1.27,6.25,14.26,1.28,6.5,15.0,1.24,5.86,12.53,47.0,2015/2016
I1,2015-11-01,Genoa,Napoli,0.0,0.0,D,9.0,18.0,1.0,8.0,12.0,16.0,1.0,6.0,3.0,2.0,0.0,0.0,4.5,3.6,1.83,4.76,3.72,1.85,4.8,3.8,1.95,4.37,3.56,1.83,47.0,2015/2016
I1,2015-11-01,Lazio,Milan,1.0,3.0,A,10.0,9.0,4.0,3.0,21.0,11.0,7.0,3.0,2.0,2.0,0.0,0.0,2.0,3.3,4.0,2.03,3.47,4.17,2.05,3.5,4.27,2.01,3.33,3.86,47.0,2015/2016
I1,2015-11-01,Udinese,Sassuolo,0.0,0.0,D,14.0,6.0,2.0,2.0,14.0,12.0,10.0,1.0,1.0,2.0,0.0,0.0,2.25,3.3,3.3,2.37,3.23,3.46,2.4,3.3,3.6,2.3,3.18,3.26,47.0,2015/2016
I1,2015-11-02,Chievo,Sampdoria,1.0,1.0,D,14.0,10.0,2.0,3.0,19.0,10.0,4.0,3.0,3.0,2.0,0.0,0.0,2.05,3.3,3.8,2.1,3.31,4.12,2.2,3.4,4.2,2.07,3.26,3.72,44.0,2015/2016
I1,2015-11-02,Palermo,Empoli,0.0,1.0,A,16.0,11.0,4.0,5.0,25.0,15.0,7.0,4.0,6.0,3.0,0.0,0.0,2.25,3.2,3.4,2.36,3.32,3.39,2.38,3.35,3.65,2.27,3.18,3.28,44.0,2015/2016
I1,2015-11-07,Milan,Atalanta,0.0,0.0,D,8.0,15.0,3.0,4.0,15.0,19.0,4.0,6.0,4.0,4.0,0.0,0.0,1.67,3.75,5.5,1.69,3.88,5.84,1.7,3.97,6.0,1.66,3.73,5.36,45.0,2015/2016
I1,2015-11-07,Verona,Bologna,0.0,2.0,A,11.0,10.0,2.0,4.0,15.0,10.0,9.0,4.0,1.0,1.0,0.0,0.0,2.2,3.3,3.4,2.28,3.35,3.54,2.3,3.4,3.75,2.21,3.22,3.41,45.0,2015/2016
I1,2015-11-08,Empoli,Juventus,1.0,3.0,A,12.0,11.0,4.0,4.0,14.0,23.0,4.0,3.0,2.0,3.0,0.0,0.0,5.25,3.5,1.75,5.4,3.55,1.81,5.5,3.6,1.81,5.0,3.46,1.77,45.0,2015/2016
I1,2015-11-08,Frosinone,Genoa,2.0,2.0,D,18.0,10.0,5.0,3.0,16.0,23.0,6.0,5.0,2.0,3.0,0.0,1.0,3.4,3.3,2.2,3.53,3.44,2.24,3.6,3.5,2.3,3.36,3.28,2.2,45.0,2015/2016
I1,2015-11-08,Napoli,Udinese,1.0,0.0,H,15.0,8.0,5.0,2.0,15.0,10.0,7.0,5.0,3.0,3.0,0.0,0.0,1.22,6.5,13.0,1.25,6.7,14.0,1.3,6.7,15.0,1.25,5.91,12.24,45.0,2015/2016
I1,2015-11-08,Palermo,Chievo,1.0,0.0,H,14.0,13.0,3.0,3.0,11.0,15.0,10.0,8.0,4.0,3.0,0.0,0.0,2.3,3.2,3.3,2.36,3.27,3.45,2.4,3.3,3.6,2.31,3.16,3.25,45.0,2015/2016
I1,2015-11-08,Roma,Lazio,2.0,0.0,H,14.0,7.0,2.0,2.0,20.0,12.0,2.0,6.0,3.0,4.0,0.0,0.0,1.91,3.5,4.2,2.03,3.67,3.91,2.05,3.7,4.33,1.96,3.5,3.88,44.0,2015/2016
I1,2015-11-08,Sampdoria,Fiorentina,0.0,2.0,A,3.0,20.0,2.0,7.0,23.0,10.0,1.0,8.0,3.0,3.0,0.0,0.0,3.75,3.4,2.05,3.89,3.49,2.1,4.2,3.55,2.12,3.77,3.38,2.03,45.0,2015/2016
I1,2015-11-08,Sassuolo,Carpi,1.0,0.0,H,9.0,7.0,4.0,2.0,13.0,21.0,6.0,7.0,4.0,5.0,0.0,0.0,1.73,3.6,5.25,1.72,3.8,5.7,1.75,3.8,5.75,1.71,3.6,5.22,45.0,2015/2016
I1,2015-11-08,Torino,Inter Milan,0.0,1.0,A,16.0,7.0,8.0,2.0,12.0,7.0,5.0,2.0,2.0,1.0,0.0,0.0,2.75,3.2,2.7,2.8,3.3,2.78,2.85,3.3,2.8,2.73,3.16,2.68,45.0,2015/2016
I1,2015-11-21,Bologna,Roma,2.0,2.0,D,9.0,14.0,3.0,5.0,22.0,18.0,5.0,5.0,5.0,4.0,0.0,0.0,5.0,3.6,1.75,5.1,3.72,1.8,5.4,3.75,1.81,4.87,3.56,1.76,44.0,2015/2016
I1,2015-11-21,Juventus,Milan,1.0,0.0,H,16.0,9.0,5.0,2.0,15.0,14.0,3.0,1.0,2.0,2.0,0.0,0.0,1.62,3.6,6.5,1.62,3.89,6.86,1.65,4.05,7.5,1.6,3.71,6.36,44.0,2015/2016
I1,2015-11-22,Genoa,Sassuolo,2.0,1.0,H,14.0,9.0,3.0,4.0,21.0,18.0,6.0,6.0,3.0,0.0,1.0,1.0,2.05,3.3,3.8,2.08,3.41,4.07,2.1,3.5,4.1,2.03,3.33,3.79,43.0,2015/2016
I1,2015-11-22,Carpi,Chievo,1.0,2.0,A,19.0,9.0,3.0,3.0,18.0,26.0,9.0,6.0,4.0,3.0,0.0,0.0,2.8,3.0,2.75,2.89,3.09,2.85,2.9,3.2,2.88,2.8,3.01,2.72,44.0,2015/2016
I1,2015-11-22,Fiorentina,Empoli,2.0,2.0,D,18.0,15.0,5.0,4.0,20.0,12.0,6.0,3.0,5.0,3.0,0.0,0.0,1.5,4.2,7.0,1.48,4.59,7.87,1.51,4.6,7.87,1.49,4.22,6.86,44.0,2015/2016
I1,2015-11-22,Atalanta,Torino,0.0,1.0,A,15.0,14.0,1.0,4.0,13.0,22.0,10.0,3.0,2.0,1.0,0.0,0.0,2.6,3.2,2.88,2.73,3.26,2.88,2.8,3.3,2.95,2.62,3.15,2.8,43.0,2015/2016
I1,2015-11-22,Verona,Napoli,0.0,2.0,A,3.0,22.0,3.0,10.0,8.0,9.0,3.0,6.0,3.0,2.0,0.0,0.0,8.0,4.75,1.4,8.03,4.81,1.45,8.5,4.95,1.48,7.35,4.56,1.43,44.0,2015/2016
I1,2015-11-22,Lazio,Palermo,1.0,1.0,D,18.0,13.0,3.0,8.0,18.0,18.0,10.0,2.0,3.0,3.0,0.0,0.0,1.45,4.33,7.5,1.5,4.37,7.93,1.53,4.44,8.0,1.48,4.18,7.15,42.0,2015/2016
I1,2015-11-22,Udinese,Sampdoria,1.0,0.0,H,9.0,10.0,4.0,0.0,18.0,14.0,6.0,1.0,3.0,1.0,0.0,1.0,2.15,3.3,3.6,2.16,3.46,3.72,2.24,3.48,3.8,2.14,3.32,3.48,44.0,2015/2016
I1,2015-11-22,Inter Milan,Frosinone,4.0,0.0,H,22.0,11.0,10.0,4.0,15.0,18.0,6.0,7.0,1.0,3.0,0.0,0.0,1.2,6.5,17.0,1.2,7.45,19.3,1.22,7.5,20.0,1.2,6.47,15.23,44.0,2015/2016
I1,2015-11-28,Milan,Sampdoria,4.0,1.0,H,23.0,10.0,10.0,2.0,18.0,14.0,4.0,2.0,1.0,2.0,0.0,0.0,1.57,4.0,6.0,1.6,4.18,6.5,1.65,4.18,6.57,1.57,3.9,6.16,52.0,2015/2016
I1,2015-11-28,Torino,Bologna,2.0,0.0,H,14.0,3.0,6.0,0.0,8.0,10.0,7.0,2.0,0.0,1.0,0.0,0.0,1.62,3.8,6.0,1.65,3.87,6.36,1.7,3.88,6.5,1.63,3.65,5.95,52.0,2015/2016
I1,2015-11-29,Chievo,Udinese,2.0,3.0,A,12.0,14.0,6.0,5.0,21.0,17.0,3.0,6.0,5.0,2.0,0.0,0.0,2.1,3.2,3.8,2.26,3.19,3.79,2.26,3.3,3.81,2.18,3.14,3.58,52.0,2015/2016
I1,2015-11-29,Empoli,Lazio,1.0,0.0,H,5.0,16.0,1.0,5.0,15.0,18.0,3.0,8.0,4.0,0.0,0.0,0.0,2.9,3.3,2.5,3.06,3.32,2.55,3.13,3.32,2.6,2.94,3.22,2.46,51.0,2015/2016
I1,2015-11-29,Frosinone,Verona,3.0,2.0,H,16.0,16.0,6.0,8.0,24.0,27.0,6.0,4.0,2.0,4.0,0.0,1.0,2.6,3.2,2.8,2.67,3.28,2.93,2.68,3.31,2.96,2.56,3.2,2.83,51.0,2015/2016
I1,2015-11-29,Genoa,Carpi,1.0,2.0,A,9.0,15.0,3.0,5.0,9.0,19.0,9.0,7.0,0.0,3.0,1.0,0.0,1.62,3.8,6.0,1.61,3.92,6.99,1.62,4.0,7.05,1.58,3.78,6.34,52.0,2015/2016
I1,2015-11-29,Palermo,Juventus,0.0,3.0,A,11.0,16.0,0.0,4.0,13.0,15.0,1.0,7.0,2.0,3.0,0.0,0.0,7.0,3.75,1.57,6.93,3.9,1.61,7.0,3.9,1.64,6.41,3.72,1.59,52.0,2015/2016
I1,2015-11-29,Roma,Atalanta,0.0,2.0,A,17.0,4.0,3.0,3.0,23.0,22.0,9.0,3.0,1.0,2.0,1.0,2.0,1.5,4.33,6.5,1.51,4.42,7.72,1.57,4.42,7.73,1.49,4.16,6.95,51.0,2015/2016
I1,2015-11-30,Napoli,Inter Milan,2.0,1.0,H,12.0,11.0,4.0,2.0,8.0,7.0,4.0,5.0,4.0,1.0,0.0,1.0,1.67,3.75,5.5,1.69,3.89,5.84,1.75,3.9,5.85,1.67,3.73,5.36,49.0,2015/2016
I1,2015-11-30,Sassuolo,Fiorentina,1.0,1.0,D,16.0,17.0,2.0,4.0,16.0,16.0,7.0,4.0,2.0,1.0,0.0,0.0,3.75,3.3,2.1,3.86,3.48,2.11,4.0,3.5,2.2,3.63,3.35,2.08,49.0,2015/2016
I1,2015-12-04,Lazio,Juventus,0.0,2.0,A,11.0,7.0,3.0,1.0,18.0,15.0,6.0,1.0,5.0,3.0,0.0,0.0,3.6,3.25,2.15,3.57,3.36,2.26,3.8,3.36,2.26,3.49,3.22,2.19,49.0,2015/2016
I1,2015-12-05,Inter Milan,Genoa,1.0,0.0,H,15.0,4.0,5.0,2.0,13.0,16.0,5.0,3.0,1.0,3.0,1.0,0.0,1.62,4.0,5.5,1.65,4.11,5.8,1.67,4.11,6.21,1.62,3.88,5.6,49.0,2015/2016
I1,2015-12-05,Torino,Roma,1.0,1.0,D,11.0,5.0,5.0,3.0,18.0,13.0,2.0,5.0,3.0,4.0,0.0,0.0,2.75,3.1,2.7,2.89,3.13,2.82,2.89,3.21,2.82,2.75,3.07,2.72,49.0,2015/2016
I1,2015-12-06,Atalanta,Palermo,3.0,0.0,H,12.0,17.0,4.0,4.0,15.0,20.0,3.0,8.0,1.0,3.0,1.0,0.0,1.83,3.5,4.5,1.81,3.64,5.21,1.87,3.64,5.25,1.8,3.47,4.75,49.0,2015/2016
I1,2015-12-06,Bologna,Napoli,3.0,2.0,H,11.0,16.0,4.0,7.0,19.0,11.0,4.0,7.0,2.0,0.0,0.0,0.0,8.0,4.33,1.44,7.7,4.53,1.5,8.0,4.6,1.5,7.25,4.35,1.46,49.0,2015/2016
I1,2015-12-06,Carpi,Milan,0.0,0.0,D,11.0,20.0,3.0,7.0,15.0,22.0,2.0,12.0,0.0,2.0,0.0,0.0,5.0,3.6,1.75,5.37,3.61,1.79,5.75,3.61,1.81,5.07,3.49,1.75,49.0,2015/2016
I1,2015-12-06,Fiorentina,Udinese,3.0,0.0,H,14.0,8.0,5.0,0.0,16.0,14.0,7.0,1.0,2.0,5.0,0.0,0.0,1.44,4.5,7.5,1.48,4.54,8.04,1.55,4.54,8.04,1.47,4.3,7.07,49.0,2015/2016
I1,2015-12-06,Frosinone,Chievo,0.0,2.0,A,14.0,10.0,3.0,3.0,18.0,21.0,9.0,6.0,3.0,5.0,0.0,1.0,3.1,3.2,2.4,3.2,3.29,2.47,3.25,3.3,2.5,3.08,3.16,2.41,49.0,2015/2016
I1,2015-12-06,Sampdoria,Sassuolo,1.0,3.0,A,8.0,16.0,2.0,10.0,19.0,18.0,11.0,6.0,2.0,3.0,0.0,0.0,2.38,3.2,3.2,2.44,3.3,3.26,2.5,3.35,3.3,2.4,3.19,3.07,49.0,2015/2016
I1,2015-12-06,Verona,Empoli,0.0,1.0,A,18.0,11.0,4.0,5.0,18.0,7.0,12.0,0.0,1.0,4.0,0.0,0.0,3.0,3.1,2.5,2.98,3.27,2.64,3.0,3.31,2.7,2.88,3.15,2.56,49.0,2015/2016
I1,2015-12-12,Genoa,Bologna,0.0,1.0,A,19.0,10.0,4.0,2.0,13.0,19.0,10.0,7.0,0.0,2.0,1.0,1.0,1.91,3.4,4.33,1.96,3.4,4.64,2.0,3.4,4.75,1.93,3.29,4.32,48.0,2015/2016
I1,2015-12-12,Palermo,Frosinone,4.0,1.0,H,20.0,15.0,6.0,3.0,18.0,16.0,6.0,4.0,2.0,3.0,0.0,0.0,1.7,3.8,5.0,1.76,3.84,5.25,1.83,3.84,5.5,1.74,3.63,4.96,49.0,2015/2016
I1,2015-12-12,Udinese,Inter Milan,0.0,4.0,A,22.0,13.0,7.0,7.0,12.0,15.0,9.0,2.0,3.0,3.0,0.0,0.0,4.0,3.3,2.0,4.25,3.48,2.01,4.5,3.6,2.1,4.0,3.33,1.99,49.0,2015/2016
I1,2015-12-13,Chievo,Atalanta,1.0,0.0,H,15.0,6.0,3.0,2.0,14.0,17.0,5.0,1.0,3.0,2.0,0.0,2.0,2.4,3.1,3.2,2.55,3.15,3.23,2.56,3.2,3.3,2.48,3.05,3.08,48.0,2015/2016
I1,2015-12-13,Empoli,Carpi,3.0,0.0,H,13.0,14.0,4.0,4.0,7.0,13.0,2.0,4.0,0.0,2.0,0.0,0.0,1.67,3.75,5.5,1.72,3.76,5.79,1.75,3.76,6.25,1.68,3.6,5.48,49.0,2015/2016
I1,2015-12-13,Juventus,Fiorentina,3.0,1.0,H,16.0,6.0,6.0,1.0,17.0,20.0,3.0,1.0,3.0,5.0,0.0,0.0,1.67,3.75,5.5,1.67,3.74,6.55,1.7,3.8,6.71,1.64,3.62,5.97,49.0,2015/2016
I1,2015-12-13,Milan,Verona,1.0,1.0,D,17.0,11.0,6.0,2.0,11.0,16.0,9.0,7.0,3.0,6.0,1.0,0.0,1.36,4.75,9.0,1.35,5.23,11.49,1.4,5.23,11.5,1.34,4.84,9.71,48.0,2015/2016
I1,2015-12-13,Napoli,Roma,0.0,0.0,D,12.0,5.0,4.0,0.0,13.0,17.0,7.0,1.0,2.0,3.0,0.0,0.0,1.57,4.33,5.5,1.65,4.04,6.09,1.67,4.33,6.25,1.6,3.94,5.7,49.0,2015/2016
I1,2015-12-14,Lazio,Sampdoria,1.0,1.0,D,14.0,10.0,2.0,4.0,16.0,15.0,7.0,0.0,2.0,4.0,0.0,0.0,1.45,4.2,8.0,1.53,4.33,7.45,1.53,4.33,8.0,1.49,4.13,7.06,47.0,2015/2016
I1,2015-12-19,Bologna,Empoli,2.0,3.0,A,13.0,18.0,4.0,7.0,17.0,15.0,9.0,6.0,2.0,4.0,0.0,0.0,2.5,3.1,3.1,2.43,3.23,3.34,2.5,3.23,3.4,2.4,3.08,3.18,49.0,2015/2016
I1,2015-12-20,Inter Milan,Lazio,1.0,2.0,A,7.0,7.0,1.0,3.0,16.0,25.0,5.0,4.0,1.0,2.0,1.0,1.0,1.75,3.6,5.0,1.83,3.65,5.03,1.83,3.71,5.29,1.77,3.54,4.83,48.0,2015/2016
I1,2015-12-20,Atalanta,Napoli,1.0,3.0,A,16.0,16.0,5.0,5.0,13.0,15.0,7.0,4.0,1.0,1.0,1.0,1.0,6.0,3.8,1.62,6.55,3.92,1.63,6.59,4.0,1.7,5.79,3.76,1.63,48.0,2015/2016
I1,2015-12-20,Carpi,Juventus,2.0,3.0,A,11.0,10.0,3.0,6.0,16.0,15.0,3.0,3.0,1.0,0.0,0.0,0.0,11.0,4.5,1.36,11.9,4.8,1.37,12.0,4.84,1.4,9.9,4.39,1.38,48.0,2015/2016
I1,2015-12-20,Frosinone,Milan,2.0,4.0,A,15.0,23.0,5.0,10.0,14.0,11.0,2.0,11.0,5.0,3.0,0.0,0.0,5.5,3.8,1.67,5.49,3.82,1.74,5.52,3.82,1.8,5.06,3.66,1.71,49.0,2015/2016
I1,2015-12-20,Sampdoria,Palermo,2.0,0.0,H,16.0,11.0,6.0,5.0,12.0,25.0,6.0,3.0,2.0,4.0,0.0,0.0,2.15,3.3,3.5,2.16,3.44,3.75,2.18,3.44,3.85,2.11,3.31,3.57,49.0,2015/2016
I1,2015-12-20,Roma,Genoa,2.0,0.0,H,7.0,12.0,3.0,4.0,13.0,5.0,5.0,8.0,3.0,1.0,1.0,0.0,1.5,4.33,6.5,1.49,4.55,7.69,1.53,4.55,8.0,1.49,4.25,6.81,49.0,2015/2016
I1,2015-12-20,Torino,Udinese,0.0,1.0,A,10.0,12.0,1.0,6.0,22.0,16.0,7.0,7.0,2.0,1.0,0.0,1.0,1.67,3.75,5.5,1.71,3.75,5.89,1.75,3.9,6.25,1.68,3.6,5.49,48.0,2015/2016
I1,2015-12-20,Verona,Sassuolo,1.0,1.0,D,10.0,16.0,6.0,5.0,15.0,14.0,6.0,8.0,2.0,1.0,0.0,0.0,2.7,3.3,2.63,2.76,3.39,2.76,2.83,3.39,2.84,2.71,3.22,2.65,48.0,2015/2016
I1,2015-12-20,Fiorentina,Chievo,2.0,0.0,H,13.0,6.0,8.0,0.0,19.0,14.0,7.0,2.0,1.0,2.0,0.0,0.0,1.44,4.33,8.0,1.49,4.38,8.4,1.5,4.41,8.5,1.46,4.2,7.5,48.0,2015/2016
I1,2016-01-05,Genoa,Sampdoria,2.0,3.0,A,18.0,11.0,10.0,5.0,18.0,16.0,12.0,5.0,6.0,1.0,0.0,0.0,2.25,3.2,3.4,2.31,3.23,3.6,2.35,3.25,3.63,2.26,3.13,3.43,49.0,2015/2016
I1,2016-01-06,Juventus,Verona,3.0,0.0,H,15.0,7.0,6.0,1.0,17.0,11.0,9.0,3.0,3.0,2.0,0.0,0.0,1.17,7.0,19.0,1.21,7.27,18.43,1.21,7.7,23.0,1.18,6.73,17.44,49.0,2015/2016
I1,2016-01-06,Chievo,Roma,3.0,3.0,D,12.0,14.0,6.0,5.0,12.0,13.0,8.0,2.0,3.0,2.0,0.0,0.0,3.4,3.3,2.2,3.63,3.41,2.21,3.75,3.41,2.3,3.43,3.25,2.19,49.0,2015/2016
I1,2016-01-06,Empoli,Inter Milan,0.0,1.0,A,16.0,14.0,4.0,3.0,9.0,10.0,8.0,5.0,2.0,2.0,0.0,0.0,3.4,3.2,2.25,3.6,3.28,2.28,3.7,3.28,2.31,3.43,3.19,2.22,49.0,2015/2016
I1,2016-01-06,Udinese,Atalanta,2.0,1.0,H,18.0,22.0,6.0,7.0,18.0,18.0,4.0,5.0,3.0,3.0,0.0,0.0,2.2,3.25,3.5,2.24,3.34,3.58,2.3,3.34,3.61,2.24,3.2,3.39,49.0,2015/2016
I1,2016-01-06,Lazio,Carpi,0.0,0.0,D,15.0,5.0,0.0,2.0,12.0,9.0,9.0,7.0,2.0,1.0,0.0,0.0,1.4,4.75,8.0,1.42,4.73,9.63,1.42,4.8,10.0,1.39,4.58,8.87,49.0,2015/2016
I1,2016-01-06,Palermo,Fiorentina,1.0,3.0,A,11.0,11.0,3.0,5.0,23.0,16.0,4.0,3.0,3.0,3.0,0.0,0.0,4.33,3.6,1.83,4.83,3.67,1.85,4.83,3.7,1.9,4.44,3.52,1.83,49.0,2015/2016
I1,2016-01-06,Sassuolo,Frosinone,2.0,2.0,D,30.0,5.0,3.0,2.0,14.0,21.0,8.0,1.0,1.0,2.0,1.0,0.0,1.53,4.0,7.0,1.55,4.31,7.0,1.65,4.32,7.02,1.54,4.02,6.48,49.0,2015/2016
I1,2016-01-06,Napoli,Torino,2.0,1.0,H,17.0,9.0,8.0,4.0,12.0,21.0,7.0,5.0,2.0,4.0,0.0,0.0,1.36,5.0,9.0,1.41,4.88,9.21,1.44,5.0,9.26,1.39,4.6,8.42,49.0,2015/2016
I1,2016-01-06,Milan,Bologna,0.0,1.0,A,17.0,7.0,4.0,3.0,16.0,12.0,10.0,0.0,6.0,5.0,0.0,0.0,1.5,4.2,7.0,1.53,4.28,7.39,1.57,4.29,7.5,1.51,4.05,6.79,49.0,2015/2016
I1,2016-01-09,Carpi,Udinese,2.0,1.0,H,13.0,10.0,6.0,5.0,17.0,10.0,6.0,5.0,1.0,1.0,0.0,0.0,3.1,3.1,2.5,3.14,3.32,2.5,3.14,3.32,2.6,2.97,3.14,2.49,48.0,2015/2016
I1,2016-01-09,Fiorentina,Lazio,1.0,3.0,A,17.0,10.0,7.0,6.0,15.0,23.0,6.0,2.0,3.0,4.0,0.0,0.0,1.8,3.5,4.75,1.85,3.68,4.85,1.87,3.65,4.89,1.82,3.48,4.56,47.0,2015/2016
I1,2016-01-09,Roma,Milan,1.0,1.0,D,12.0,17.0,5.0,6.0,9.0,15.0,4.0,8.0,3.0,3.0,0.0,0.0,2.0,3.5,3.8,2.08,3.46,4.0,2.08,3.53,4.05,2.02,3.38,3.79,48.0,2015/2016
I1,2016-01-10,Atalanta,Genoa,0.0,2.0,A,14.0,12.0,0.0,2.0,14.0,18.0,4.0,5.0,2.0,2.0,0.0,0.0,2.38,3.1,3.3,2.32,3.22,3.59,2.38,3.25,3.59,2.29,3.14,3.32,47.0,2015/2016
I1,2016-01-10,Bologna,Chievo,0.0,1.0,A,16.0,8.0,2.0,2.0,20.0,16.0,5.0,4.0,2.0,2.0,0.0,0.0,2.3,3.1,3.4,2.47,3.18,3.32,2.47,3.2,3.4,2.38,3.07,3.22,48.0,2015/2016
I1,2016-01-10,Frosinone,Napoli,1.0,5.0,A,9.0,24.0,3.0,10.0,12.0,10.0,3.0,9.0,2.0,1.0,0.0,0.0,13.0,6.5,1.22,13.91,6.66,1.25,14.0,6.66,1.3,12.11,6.19,1.23,48.0,2015/2016
I1,2016-01-10,Inter Milan,Sassuolo,0.0,1.0,A,21.0,15.0,6.0,6.0,16.0,19.0,9.0,7.0,3.0,3.0,0.0,0.0,1.57,4.0,6.5,1.6,4.06,6.8,1.62,4.06,7.0,1.58,3.87,6.08,48.0,2015/2016
I1,2016-01-10,Sampdoria,Juventus,1.0,2.0,A,9.0,13.0,2.0,5.0,18.0,16.0,5.0,8.0,2.0,4.0,1.0,0.0,7.5,4.0,1.5,8.07,4.28,1.51,9.0,4.33,1.53,7.41,4.06,1.48,48.0,2015/2016
I1,2016-01-10,Torino,Empoli,0.0,1.0,A,19.0,11.0,6.0,4.0,21.0,22.0,7.0,1.0,3.0,6.0,0.0,0.0,1.95,3.3,4.33,1.93,3.47,4.68,1.95,3.47,4.75,1.9,3.33,4.37,48.0,2015/2016
I1,2016-01-10,Verona,Palermo,0.0,1.0,A,30.0,9.0,7.0,2.0,16.0,25.0,10.0,3.0,2.0,4.0,0.0,0.0,2.2,3.3,3.4,2.28,3.36,3.53,2.38,3.35,3.52,2.27,3.22,3.28,47.0,2015/2016
I1,2016-01-16,Atalanta,Inter Milan,1.0,1.0,D,19.0,13.0,5.0,2.0,14.0,19.0,8.0,8.0,4.0,5.0,0.0,0.0,3.75,3.4,2.05,3.91,3.41,2.12,4.0,3.43,2.14,3.76,3.29,2.07,45.0,2015/2016
I1,2016-01-16,Napoli,Sassuolo,3.0,1.0,H,20.0,9.0,6.0,3.0,10.0,18.0,3.0,5.0,0.0,1.0,0.0,0.0,1.29,5.75,10.0,1.31,5.74,12.45,1.33,6.0,13.0,1.29,5.42,10.82,44.0,2015/2016
I1,2016-01-16,Torino,Frosinone,4.0,2.0,H,21.0,18.0,9.0,5.0,14.0,14.0,6.0,7.0,1.0,1.0,0.0,0.0,1.3,5.5,10.0,1.33,5.56,11.55,1.36,5.58,12.0,1.31,5.2,10.38,44.0,2015/2016
I1,2016-01-17,Bologna,Lazio,2.0,2.0,D,8.0,9.0,3.0,3.0,16.0,17.0,2.0,7.0,1.0,2.0,1.0,0.0,3.75,3.3,2.1,3.8,3.33,2.19,3.9,3.35,2.3,3.64,3.22,2.13,44.0,2015/2016
I1,2016-01-17,Carpi,Sampdoria,2.0,1.0,H,9.0,12.0,5.0,4.0,23.0,15.0,2.0,4.0,1.0,1.0,1.0,0.0,2.6,3.25,2.8,2.64,3.25,2.99,2.75,3.25,3.0,2.62,3.12,2.84,44.0,2015/2016
I1,2016-01-17,Chievo,Empoli,1.0,1.0,D,15.0,14.0,5.0,5.0,18.0,13.0,3.0,6.0,3.0,3.0,0.0,0.0,2.5,3.2,3.0,2.51,3.16,3.22,2.62,3.2,3.25,2.5,3.06,3.04,44.0,2015/2016
I1,2016-01-17,Genoa,Palermo,4.0,0.0,H,18.0,11.0,10.0,3.0,14.0,20.0,1.0,2.0,2.0,2.0,0.0,1.0,1.8,3.5,4.75,1.81,3.73,4.98,1.9,3.73,5.2,1.79,3.51,4.74,44.0,2015/2016
I1,2016-01-17,Milan,Fiorentina,2.0,0.0,H,4.0,14.0,3.0,1.0,20.0,19.0,4.0,10.0,2.0,4.0,0.0,0.0,2.4,3.2,3.1,2.43,3.42,3.16,2.51,3.42,3.2,2.42,3.24,2.99,44.0,2015/2016
I1,2016-01-17,Roma,Verona,1.0,1.0,D,16.0,10.0,4.0,3.0,14.0,16.0,8.0,2.0,0.0,2.0,0.0,0.0,1.33,5.25,9.5,1.36,5.31,10.57,1.4,5.31,10.87,1.35,4.89,9.19,44.0,2015/2016
I1,2016-01-17,Udinese,Juventus,0.0,4.0,A,8.0,13.0,3.0,8.0,10.0,16.0,3.0,4.0,1.0,1.0,1.0,0.0,6.5,3.75,1.57,6.54,4.02,1.62,7.0,4.04,1.67,6.29,3.78,1.59,44.0,2015/2016
I1,2016-01-20,Sassuolo,Torino,1.0,1.0,D,13.0,8.0,3.0,5.0,12.0,11.0,8.0,5.0,2.0,4.0,0.0,0.0,2.5,3.1,3.1,2.55,3.26,3.03,2.6,3.3,3.1,2.5,3.16,2.94,46.0,2015/2016
I1,2016-01-23,Empoli,Milan,2.0,2.0,D,15.0,10.0,6.0,5.0,12.0,22.0,2.0,3.0,2.0,4.0,0.0,0.0,3.1,3.25,2.4,3.19,3.34,2.45,3.25,3.34,2.5,3.06,3.21,2.41,46.0,2015/2016
I1,2016-01-23,Frosinone,Atalanta,0.0,0.0,D,11.0,16.0,1.0,3.0,15.0,19.0,5.0,1.0,2.0,1.0,0.0,0.0,3.5,3.4,2.1,3.43,3.52,2.25,3.55,3.52,2.25,3.34,3.37,2.18,46.0,2015/2016
I1,2016-01-24,Juventus,Roma,1.0,0.0,H,15.0,6.0,7.0,1.0,9.0,16.0,1.0,2.0,2.0,4.0,0.0,0.0,1.62,3.8,6.0,1.63,3.95,6.45,1.67,4.0,6.5,1.62,3.76,5.9,46.0,2015/2016
I1,2016-01-24,Fiorentina,Torino,2.0,0.0,H,13.0,10.0,2.0,2.0,13.0,25.0,3.0,8.0,1.0,4.0,0.0,0.0,1.8,3.5,4.75,1.82,3.66,5.07,1.85,3.66,5.2,1.79,3.48,4.76,46.0,2015/2016
I1,2016-01-24,Inter Milan,Carpi,1.0,1.0,D,18.0,12.0,7.0,4.0,8.0,17.0,7.0,6.0,3.0,3.0,0.0,1.0,1.36,4.75,9.5,1.39,4.95,10.31,1.45,5.0,10.5,1.37,4.66,9.2,46.0,2015/2016
I1,2016-01-24,Lazio,Chievo,4.0,1.0,H,24.0,7.0,7.0,5.0,13.0,8.0,8.0,5.0,2.0,0.0,1.0,1.0,1.67,3.6,5.75,1.64,3.78,6.9,1.7,3.85,7.0,1.64,3.63,5.95,46.0,2015/2016
I1,2016-01-24,Palermo,Udinese,4.0,1.0,H,16.0,20.0,8.0,9.0,9.0,6.0,7.0,7.0,2.0,3.0,0.0,0.0,2.8,3.1,2.7,2.8,3.24,2.82,2.85,3.24,2.83,2.74,3.12,2.7,46.0,2015/2016
I1,2016-01-24,Sassuolo,Bologna,0.0,2.0,A,13.0,16.0,2.0,7.0,9.0,15.0,4.0,5.0,0.0,2.0,1.0,0.0,1.8,3.5,4.75,1.88,3.55,4.85,1.91,3.55,4.85,1.84,3.41,4.58,46.0,2015/2016
I1,2016-01-24,Verona,Genoa,1.0,1.0,D,17.0,10.0,9.0,2.0,19.0,20.0,3.0,3.0,2.0,2.0,0.0,0.0,2.9,3.25,2.5,3.06,3.35,2.53,3.1,3.35,2.58,2.93,3.21,2.47,46.0,2015/2016
I1,2016-01-24,Sampdoria,Napoli,2.0,4.0,A,8.0,23.0,4.0,9.0,14.0,12.0,7.0,3.0,1.0,1.0,1.0,0.0,6.5,4.33,1.5,7.71,4.67,1.48,7.86,4.67,1.5,6.96,4.31,1.47,46.0,2015/2016
I1,2016-01-30,Atalanta,Sassuolo,1.0,1.0,D,6.0,9.0,5.0,1.0,24.0,17.0,3.0,5.0,2.0,4.0,0.0,0.0,2.5,3.2,3.0,2.5,3.22,3.23,2.54,3.3,3.33,2.46,3.13,3.03,47.0,2015/2016
I1,2016-01-30,Carpi,Palermo,1.0,1.0,D,13.0,5.0,1.0,1.0,22.0,13.0,7.0,4.0,2.0,3.0,0.0,0.0,2.15,3.2,3.75,2.27,3.29,3.64,2.3,3.43,3.75,2.23,3.2,3.41,46.0,2015/2016
I1,2016-01-30,Roma,Frosinone,3.0,1.0,H,22.0,13.0,6.0,3.0,17.0,13.0,11.0,8.0,1.0,2.0,0.0,0.0,1.22,6.0,15.0,1.22,7.12,16.71,1.26,7.12,16.88,1.21,6.34,13.61,47.0,2015/2016
I1,2016-01-31,Milan,Inter Milan,3.0,0.0,H,14.0,12.0,5.0,3.0,18.0,16.0,5.0,6.0,3.0,1.0,0.0,0.0,2.3,3.3,3.2,2.5,3.41,3.06,2.63,3.49,3.2,2.45,3.26,2.96,47.0,2015/2016
I1,2016-01-31,Bologna,Sampdoria,3.0,2.0,H,7.0,14.0,5.0,6.0,13.0,14.0,3.0,4.0,3.0,5.0,0.0,0.0,2.05,3.3,3.8,2.15,3.42,3.8,2.3,3.49,4.0,2.13,3.27,3.58,47.0,2015/2016
I1,2016-01-31,Chievo,Juventus,0.0,4.0,A,6.0,30.0,2.0,10.0,12.0,7.0,0.0,4.0,3.0,2.0,0.0,0.0,7.5,3.8,1.53,8.01,3.98,1.55,8.1,4.0,1.62,6.98,3.8,1.54,47.0,2015/2016
I1,2016-01-31,Napoli,Empoli,5.0,1.0,H,20.0,7.0,6.0,2.0,11.0,15.0,4.0,3.0,3.0,3.0,0.0,0.0,1.25,6.0,12.0,1.29,6.05,12.86,1.33,6.05,13.0,1.28,5.52,11.0,47.0,2015/2016
I1,2016-01-31,Torino,Verona,0.0,0.0,D,16.0,10.0,6.0,3.0,13.0,18.0,5.0,2.0,0.0,4.0,0.0,0.0,1.5,4.0,7.5,1.52,4.37,7.6,1.54,4.38,7.62,1.5,4.09,6.92,47.0,2015/2016
I1,2016-01-31,Udinese,Lazio,0.0,0.0,D,11.0,17.0,1.0,1.0,8.0,19.0,5.0,5.0,2.0,4.0,1.0,1.0,3.3,3.3,2.25,3.39,3.33,2.35,3.39,3.38,2.4,3.18,3.21,2.32,47.0,2015/2016
I1,2016-01-31,Genoa,Fiorentina,0.0,0.0,D,11.0,11.0,2.0,3.0,13.0,15.0,7.0,6.0,2.0,3.0,0.0,0.0,3.1,3.4,2.3,3.23,3.46,2.38,3.3,3.55,2.41,3.08,3.3,2.34,47.0,2015/2016
I1,2016-02-02,Sassuolo,Roma,0.0,2.0,A,17.0,13.0,6.0,5.0,12.0,15.0,8.0,7.0,1.0,2.0,0.0,1.0,3.1,3.25,2.38,3.3,3.33,2.37,3.44,3.4,2.41,3.19,3.22,2.34,48.0,2015/2016
I1,2016-02-03,Frosinone,Bologna,1.0,0.0,H,20.0,15.0,7.0,3.0,16.0,15.0,7.0,4.0,2.0,4.0,0.0,1.0,3.1,3.25,2.4,3.12,3.41,2.46,3.25,3.47,2.53,3.03,3.26,2.39,48.0,2015/2016
I1,2016-02-03,Juventus,Genoa,1.0,0.0,H,11.0,7.0,2.0,2.0,14.0,30.0,3.0,0.0,1.0,3.0,1.0,0.0,1.22,6.0,15.0,1.24,6.52,16.14,1.27,6.52,17.5,1.23,5.87,14.2,48.0,2015/2016
I1,2016-02-03,Fiorentina,Carpi,2.0,1.0,H,11.0,7.0,5.0,2.0,11.0,22.0,10.0,3.0,5.0,3.0,0.0,0.0,1.4,4.5,9.0,1.45,4.76,8.33,1.48,4.76,9.0,1.43,4.44,7.68,48.0,2015/2016
I1,2016-02-03,Inter Milan,Chievo,1.0,0.0,H,24.0,6.0,8.0,0.0,17.0,20.0,11.0,1.0,3.0,5.0,0.0,0.0,1.57,3.8,6.5,1.55,4.07,7.68,1.62,4.07,7.7,1.55,3.84,6.72,48.0,2015/2016
I1,2016-02-03,Palermo,Milan,0.0,2.0,A,12.0,16.0,2.0,8.0,16.0,15.0,6.0,6.0,3.0,0.0,0.0,0.0,4.0,3.6,1.91,4.36,3.72,1.92,4.37,3.72,2.0,4.11,3.52,1.9,48.0,2015/2016
I1,2016-02-03,Lazio,Napoli,0.0,2.0,A,8.0,10.0,0.0,5.0,17.0,13.0,4.0,3.0,4.0,2.0,0.0,0.0,4.0,3.6,1.91,4.19,3.68,1.96,4.32,3.79,2.0,4.02,3.53,1.92,48.0,2015/2016
I1,2016-02-03,Sampdoria,Torino,2.0,2.0,D,9.0,14.0,4.0,6.0,12.0,21.0,2.0,6.0,3.0,3.0,0.0,0.0,2.75,3.2,2.7,2.79,3.26,2.82,2.81,3.43,2.82,2.71,3.18,2.7,48.0,2015/2016
I1,2016-02-03,Verona,Atalanta,2.0,1.0,H,13.0,18.0,5.0,4.0,21.0,18.0,7.0,5.0,2.0,3.0,0.0,1.0,2.4,3.3,3.0,2.47,3.24,3.26,2.5,3.41,3.26,2.41,3.2,3.05,48.0,2015/2016
I1,2016-02-03,Empoli,Udinese,1.0,1.0,D,19.0,5.0,4.0,2.0,11.0,27.0,7.0,3.0,3.0,6.0,0.0,0.0,2.1,3.3,3.75,2.05,3.49,4.09,2.11,3.51,4.11,2.04,3.33,3.78,48.0,2015/2016
I1,2016-02-06,Bologna,Fiorentina,1.0,1.0,D,12.0,12.0,6.0,2.0,13.0,10.0,8.0,4.0,2.0,2.0,0.0,1.0,3.6,3.4,2.1,3.62,3.36,2.24,3.75,3.42,2.28,3.51,3.29,2.16,45.0,2015/2016
I1,2016-02-06,Genoa,Lazio,0.0,0.0,D,4.0,10.0,1.0,2.0,12.0,18.0,2.0,9.0,3.0,3.0,0.0,0.0,2.63,3.2,2.8,2.7,3.26,2.91,2.75,3.36,2.92,2.62,3.18,2.8,45.0,2015/2016
I1,2016-02-07,Milan,Udinese,1.0,1.0,D,22.0,9.0,5.0,5.0,14.0,14.0,9.0,0.0,1.0,3.0,0.0,0.0,1.55,3.8,7.0,1.54,4.35,7.02,1.62,4.35,7.5,1.53,4.07,6.54,45.0,2015/2016
I1,2016-02-07,Napoli,Carpi,1.0,0.0,H,22.0,2.0,7.0,0.0,9.0,13.0,13.0,1.0,1.0,4.0,0.0,1.0,1.14,8.0,21.0,1.16,8.55,25.0,1.19,8.55,26.0,1.15,7.56,20.04,45.0,2015/2016
I1,2016-02-07,Frosinone,Juventus,0.0,2.0,A,5.0,25.0,0.0,9.0,23.0,15.0,2.0,6.0,3.0,1.0,0.0,0.0,13.0,6.5,1.22,14.85,6.2,1.26,16.5,6.5,1.29,13.35,5.88,1.24,45.0,2015/2016
I1,2016-02-07,Atalanta,Empoli,0.0,0.0,D,11.0,9.0,2.0,3.0,19.0,14.0,5.0,3.0,3.0,4.0,0.0,0.0,2.38,3.2,3.2,2.44,3.2,3.35,2.5,3.32,3.35,2.39,3.14,3.16,45.0,2015/2016
I1,2016-02-07,Sassuolo,Palermo,2.0,2.0,D,23.0,7.0,6.0,2.0,21.0,23.0,7.0,3.0,3.0,0.0,0.0,1.0,1.85,3.5,4.5,1.83,3.62,5.1,1.9,3.65,5.2,1.81,3.47,4.67,45.0,2015/2016
I1,2016-02-07,Torino,Chievo,1.0,2.0,A,12.0,8.0,4.0,3.0,25.0,18.0,6.0,2.0,3.0,3.0,0.0,0.0,1.67,3.75,5.75,1.72,3.69,5.9,1.8,3.75,5.9,1.72,3.55,5.3,45.0,2015/2016
I1,2016-02-07,Verona,Inter Milan,3.0,3.0,D,10.0,15.0,4.0,7.0,20.0,12.0,7.0,10.0,3.0,2.0,0.0,0.0,4.33,3.75,1.83,4.31,3.62,1.95,4.75,3.75,1.97,4.27,3.48,1.88,45.0,2015/2016
I1,2016-02-07,Roma,Sampdoria,2.0,1.0,H,13.0,10.0,4.0,4.0,12.0,12.0,4.0,5.0,2.0,3.0,0.0,0.0,1.44,4.33,8.0,1.43,4.84,8.58,1.47,4.84,9.0,1.41,4.52,8.02,45.0,2015/2016
I1,2016-02-11,Lazio,Verona,5.0,2.0,H,18.0,8.0,7.0,4.0,8.0,8.0,9.0,3.0,1.0,0.0,0.0,0.0,1.5,4.33,6.0,1.54,4.37,7.09,1.6,4.37,7.37,1.51,4.16,6.61,46.0,2015/2016
I1,2016-02-12,Carpi,Roma,1.0,3.0,A,7.0,19.0,2.0,6.0,14.0,8.0,4.0,6.0,5.0,0.0,0.0,0.0,4.33,3.6,1.83,4.67,3.59,1.89,4.76,3.6,1.92,4.47,3.47,1.85,46.0,2015/2016
I1,2016-02-13,Chievo,Sassuolo,1.0,1.0,D,11.0,16.0,4.0,2.0,16.0,14.0,5.0,7.0,3.0,2.0,0.0,0.0,2.7,3.0,2.9,2.77,3.1,2.97,2.8,3.26,3.04,2.65,3.05,2.87,44.0,2015/2016
I1,2016-02-13,Empoli,Frosinone,1.0,2.0,A,29.0,10.0,6.0,2.0,11.0,25.0,16.0,1.0,2.0,6.0,0.0,0.0,1.53,4.2,6.0,1.6,4.24,6.35,1.65,4.31,6.75,1.56,4.04,6.03,46.0,2015/2016
I1,2016-02-13,Juventus,Napoli,1.0,0.0,H,13.0,7.0,4.0,1.0,10.0,13.0,4.0,3.0,2.0,2.0,0.0,0.0,2.05,3.3,3.8,2.2,3.27,3.85,2.25,3.45,3.92,2.15,3.21,3.64,45.0,2015/2016
I1,2016-02-14,Milan,Genoa,2.0,1.0,H,14.0,7.0,6.0,2.0,14.0,15.0,5.0,3.0,1.0,1.0,0.0,0.0,1.62,3.8,6.0,1.65,3.96,6.2,1.7,4.0,6.5,1.66,3.74,5.51,45.0,2015/2016
I1,2016-02-14,Fiorentina,Inter Milan,2.0,1.0,H,13.0,6.0,8.0,1.0,13.0,14.0,7.0,4.0,2.0,5.0,1.0,2.0,2.25,3.2,3.4,2.29,3.36,3.5,2.35,3.49,3.52,2.25,3.24,3.33,45.0,2015/2016
I1,2016-02-14,Palermo,Torino,1.0,3.0,A,18.0,20.0,5.0,8.0,12.0,22.0,9.0,3.0,1.0,2.0,0.0,0.0,3.2,3.2,2.38,3.17,3.3,2.46,3.25,3.42,2.54,3.05,3.2,2.42,45.0,2015/2016
I1,2016-02-14,Udinese,Bologna,0.0,1.0,A,10.0,11.0,2.0,2.0,15.0,11.0,8.0,6.0,0.0,1.0,0.0,0.0,2.1,3.2,3.8,2.18,3.28,3.89,2.21,3.4,4.33,2.11,3.21,3.73,45.0,2015/2016
I1,2016-02-14,Sampdoria,Atalanta,0.0,0.0,D,10.0,9.0,2.0,2.0,10.0,15.0,7.0,6.0,2.0,4.0,0.0,0.0,2.1,3.25,3.75,2.21,3.38,3.68,2.21,3.52,3.8,2.13,3.27,3.58,45.0,2015/2016
I1,2016-02-19,Bologna,Juventus,0.0,0.0,D,8.0,10.0,1.0,0.0,15.0,11.0,1.0,8.0,2.0,2.0,0.0,0.0,7.5,3.6,1.57,7.7,3.72,1.61,7.73,4.0,1.67,7.01,3.55,1.6,46.0,2015/2016
I1,2016-02-20,Inter Milan,Sampdoria,3.0,1.0,H,6.0,19.0,3.0,3.0,16.0,11.0,7.0,7.0,3.0,2.0,0.0,0.0,1.55,4.0,6.5,1.58,4.33,6.39,1.6,4.36,6.75,1.56,4.01,6.1,46.0,2015/2016
I1,2016-02-20,Verona,Chievo,3.0,1.0,H,20.0,14.0,8.0,2.0,13.0,21.0,8.0,3.0,1.0,3.0,1.0,1.0,2.38,3.2,3.2,2.43,3.3,3.27,2.45,3.38,3.36,2.38,3.19,3.12,46.0,2015/2016
I1,2016-02-21,Roma,Palermo,5.0,0.0,H,25.0,4.0,5.0,1.0,17.0,10.0,6.0,3.0,0.0,1.0,0.0,0.0,1.29,5.5,10.5,1.34,5.35,11.2,1.36,5.5,11.2,1.32,5.03,9.85,45.0,2015/2016
I1,2016-02-21,Sassuolo,Empoli,3.0,2.0,H,13.0,10.0,7.0,4.0,17.0,13.0,8.0,5.0,1.0,1.0,1.0,1.0,2.0,3.2,4.2,2.09,3.26,4.27,2.2,3.39,4.35,2.05,3.19,3.93,45.0,2015/2016
I1,2016-02-21,Atalanta,Fiorentina,2.0,3.0,A,13.0,15.0,5.0,8.0,13.0,13.0,4.0,2.0,3.0,2.0,1.0,0.0,3.75,3.3,2.1,3.81,3.41,2.15,3.9,3.41,2.19,3.68,3.24,2.11,45.0,2015/2016
I1,2016-02-21,Frosinone,Lazio,0.0,0.0,D,8.0,18.0,1.0,2.0,13.0,12.0,6.0,6.0,2.0,0.0,0.0,0.0,5.5,3.6,1.7,5.48,3.85,1.73,5.5,3.85,1.8,4.99,3.68,1.72,44.0,2015/2016
I1,2016-02-21,Genoa,Udinese,2.0,1.0,H,21.0,13.0,8.0,6.0,14.0,13.0,3.0,3.0,3.0,3.0,0.0,0.0,1.95,3.3,4.2,2.04,3.41,4.23,2.2,3.41,4.33,2.02,3.24,3.96,45.0,2015/2016
I1,2016-02-21,Torino,Carpi,0.0,0.0,D,11.0,5.0,4.0,0.0,22.0,22.0,5.0,3.0,4.0,4.0,0.0,0.0,1.53,3.8,6.5,1.62,3.99,6.63,1.63,4.0,7.0,1.59,3.78,6.22,45.0,2015/2016
I1,2016-02-22,Napoli,Milan,1.0,1.0,D,19.0,7.0,4.0,2.0,12.0,14.0,6.0,3.0,0.0,2.0,0.0,0.0,1.57,4.0,6.0,1.58,4.24,6.57,1.65,4.24,6.61,1.58,3.94,5.97,44.0,2015/2016
I1,2016-02-27,Empoli,Roma,1.0,3.0,A,8.0,15.0,3.0,6.0,12.0,15.0,4.0,4.0,1.0,2.0,1.0,0.0,4.5,3.5,1.8,4.71,3.72,1.85,4.8,3.72,1.9,4.43,3.5,1.84,46.0,2015/2016
I1,2016-02-27,Milan,Torino,1.0,0.0,H,19.0,11.0,3.0,4.0,9.0,12.0,5.0,6.0,2.0,1.0,0.0,0.0,1.73,3.5,5.0,1.83,3.61,5.12,1.83,3.7,5.45,1.76,3.53,4.88,48.0,2015/2016
I1,2016-02-28,Carpi,Atalanta,1.0,1.0,D,10.0,12.0,4.0,5.0,26.0,25.0,6.0,2.0,3.0,3.0,0.0,0.0,2.3,3.1,3.3,2.51,3.2,3.23,2.51,3.2,3.4,2.39,3.08,3.18,46.0,2015/2016
I1,2016-02-28,Chievo,Genoa,1.0,0.0,H,16.0,11.0,6.0,4.0,9.0,16.0,5.0,7.0,2.0,3.0,0.0,0.0,3.0,3.0,2.5,3.31,3.12,2.52,3.31,3.2,2.52,3.12,3.04,2.44,46.0,2015/2016
I1,2016-02-28,Juventus,Inter Milan,2.0,0.0,H,9.0,8.0,6.0,3.0,12.0,17.0,3.0,3.0,3.0,1.0,0.0,0.0,1.57,3.8,6.0,1.57,4.09,7.07,1.62,4.09,7.5,1.56,3.8,6.52,46.0,2015/2016
I1,2016-02-28,Palermo,Bologna,0.0,0.0,D,7.0,17.0,4.0,5.0,15.0,12.0,7.0,4.0,3.0,1.0,0.0,0.0,2.63,3.2,2.7,2.83,3.26,2.78,2.83,3.26,2.85,2.72,3.14,2.7,46.0,2015/2016
I1,2016-02-28,Sampdoria,Frosinone,2.0,0.0,H,25.0,15.0,6.0,1.0,15.0,16.0,12.0,10.0,5.0,2.0,0.0,0.0,1.62,3.75,5.5,1.66,4.18,5.62,1.75,4.18,6.0,1.63,3.91,5.36,46.0,2015/2016
I1,2016-02-28,Udinese,Verona,2.0,0.0,H,13.0,10.0,4.0,2.0,15.0,18.0,7.0,4.0,1.0,3.0,0.0,0.0,1.95,3.5,3.8,2.09,3.51,3.89,2.1,3.6,4.1,2.04,3.39,3.71,46.0,2015/2016
I1,2016-02-29,Fiorentina,Napoli,1.0,1.0,D,11.0,6.0,1.0,5.0,8.0,16.0,5.0,3.0,0.0,1.0,0.0,0.0,3.2,3.3,2.25,3.37,3.31,2.37,3.37,3.4,2.45,3.14,3.24,2.33,44.0,2015/2016
I1,2016-02-29,Lazio,Sassuolo,0.0,2.0,A,15.0,8.0,3.0,6.0,15.0,20.0,6.0,3.0,1.0,2.0,0.0,0.0,1.65,3.75,5.25,1.74,3.72,5.69,1.76,3.75,6.0,1.72,3.58,5.17,46.0,2015/2016
I1,2016-03-04,Roma,Fiorentina,4.0,1.0,H,14.0,11.0,7.0,1.0,19.0,18.0,5.0,4.0,3.0,3.0,0.0,0.0,2.05,3.4,3.75,2.11,3.45,3.89,2.14,3.44,4.0,2.08,3.31,3.73,45.0,2015/2016
I1,2016-03-05,Napoli,Chievo,3.0,1.0,H,25.0,8.0,10.0,2.0,6.0,13.0,7.0,2.0,0.0,3.0,0.0,0.0,1.17,7.5,17.0,1.2,7.51,19.21,1.2,7.63,29.0,1.17,7.06,17.52,46.0,2015/2016
I1,2016-03-05,Verona,Sampdoria,0.0,3.0,A,11.0,14.0,4.0,8.0,12.0,14.0,6.0,4.0,2.0,3.0,0.0,0.0,2.5,3.3,2.9,2.48,3.51,3.01,2.52,3.51,3.01,2.44,3.37,2.88,46.0,2015/2016
I1,2016-03-06,Atalanta,Juventus,0.0,2.0,A,13.0,9.0,3.0,5.0,18.0,13.0,7.0,4.0,3.0,2.0,0.0,0.0,7.5,3.8,1.53,7.64,3.99,1.56,8.5,4.0,1.56,7.27,3.85,1.52,45.0,2015/2016
I1,2016-03-06,Bologna,Carpi,0.0,0.0,D,17.0,6.0,4.0,2.0,17.0,17.0,12.0,4.0,1.0,3.0,0.0,0.0,1.95,3.2,4.5,1.98,3.32,4.67,1.99,3.45,5.0,1.93,3.24,4.38,45.0,2015/2016
I1,2016-03-06,Frosinone,Udinese,2.0,0.0,H,23.0,6.0,4.0,2.0,16.0,11.0,5.0,4.0,2.0,3.0,0.0,0.0,3.4,3.3,2.2,3.6,3.37,2.24,3.6,3.44,2.3,3.38,3.28,2.19,45.0,2015/2016
I1,2016-03-06,Genoa,Empoli,1.0,0.0,H,15.0,10.0,5.0,2.0,18.0,18.0,5.0,1.0,1.0,4.0,0.0,0.0,2.0,3.3,4.0,2.05,3.43,4.15,2.05,3.43,4.33,2.0,3.29,3.98,45.0,2015/2016
I1,2016-03-06,Inter Milan,Palermo,3.0,1.0,H,10.0,9.0,5.0,4.0,13.0,12.0,8.0,5.0,1.0,1.0,0.0,0.0,1.29,5.5,11.0,1.3,5.98,12.15,1.33,6.0,13.0,1.28,5.56,10.8,45.0,2015/2016
I1,2016-03-06,Sassuolo,Milan,2.0,0.0,H,16.0,13.0,4.0,5.0,17.0,11.0,4.0,9.0,1.0,2.0,1.0,0.0,3.0,3.25,2.45,3.14,3.3,2.51,3.25,3.3,2.51,3.06,3.21,2.39,45.0,2015/2016
I1,2016-03-06,Torino,Lazio,1.0,1.0,D,13.0,12.0,4.0,5.0,19.0,18.0,3.0,4.0,3.0,2.0,0.0,0.0,2.3,3.1,3.4,2.36,3.29,3.41,2.5,3.29,3.41,2.33,3.16,3.22,45.0,2015/2016
I1,2016-03-11,Juventus,Sassuolo,1.0,0.0,H,16.0,7.0,7.0,2.0,12.0,15.0,7.0,2.0,0.0,3.0,0.0,0.0,1.3,5.0,12.0,1.35,5.14,11.94,1.37,5.14,12.94,1.33,4.78,11.0,46.0,2015/2016
I1,2016-03-12,Empoli,Sampdoria,1.0,1.0,D,15.0,13.0,5.0,5.0,16.0,16.0,7.0,2.0,2.0,3.0,0.0,0.0,2.2,3.25,3.5,2.25,3.25,3.72,2.3,3.3,3.8,2.18,3.22,3.51,45.0,2015/2016
I1,2016-03-12,Inter Milan,Bologna,2.0,1.0,H,17.0,6.0,3.0,1.0,14.0,12.0,13.0,3.0,2.0,0.0,0.0,0.0,1.55,4.0,6.5,1.57,4.1,7.06,1.6,4.12,7.5,1.55,3.9,6.57,45.0,2015/2016
I1,2016-03-13,Carpi,Frosinone,2.0,1.0,H,12.0,13.0,3.0,4.0,18.0,12.0,3.0,5.0,3.0,3.0,0.0,0.0,1.95,3.3,4.33,1.93,3.46,4.7,2.0,3.5,4.75,1.92,3.35,4.29,45.0,2015/2016
I1,2016-03-13,Genoa,Torino,3.0,2.0,H,13.0,9.0,6.0,5.0,10.0,20.0,9.0,3.0,1.0,5.0,0.0,0.0,2.6,3.0,3.0,2.72,3.09,3.04,2.72,3.18,3.1,2.58,3.04,2.94,45.0,2015/2016
I1,2016-03-13,Chievo,Milan,0.0,0.0,D,20.0,10.0,5.0,1.0,18.0,15.0,7.0,3.0,4.0,3.0,0.0,0.0,4.0,3.25,2.05,4.02,3.36,2.11,4.33,3.4,2.11,3.89,3.25,2.04,45.0,2015/2016
I1,2016-03-13,Lazio,Atalanta,2.0,0.0,H,5.0,11.0,2.0,1.0,13.0,23.0,4.0,8.0,2.0,4.0,0.0,0.0,1.62,3.75,6.0,1.67,3.76,6.47,1.67,3.8,6.5,1.62,3.66,6.05,40.0,2015/2016
I1,2016-03-13,Udinese,Roma,1.0,2.0,A,10.0,15.0,3.0,7.0,16.0,16.0,3.0,6.0,2.0,3.0,0.0,0.0,4.5,3.5,1.85,4.64,3.62,1.89,4.75,3.62,1.95,4.37,3.46,1.86,45.0,2015/2016
I1,2016-03-13,Palermo,Napoli,0.0,1.0,A,5.0,18.0,1.0,7.0,12.0,9.0,4.0,9.0,2.0,2.0,0.0,0.0,11.0,5.25,1.3,12.72,5.74,1.3,12.72,5.75,1.35,10.22,5.38,1.3,45.0,2015/2016
I1,2016-03-13,Fiorentina,Verona,1.0,1.0,D,10.0,12.0,4.0,4.0,12.0,15.0,9.0,3.0,2.0,1.0,0.0,0.0,1.3,5.25,11.0,1.33,5.45,11.71,1.36,5.5,12.0,1.3,5.19,10.36,45.0,2015/2016
I1,2016-03-19,Empoli,Palermo,0.0,0.0,D,11.0,13.0,3.0,2.0,15.0,18.0,8.0,6.0,1.0,2.0,0.0,0.0,1.7,3.75,5.0,1.71,3.86,5.63,1.8,3.86,5.63,1.7,3.67,5.19,45.0,2015/2016
I1,2016-03-19,Roma,Inter Milan,1.0,1.0,D,16.0,6.0,6.0,2.0,15.0,14.0,8.0,2.0,2.0,2.0,0.0,0.0,1.73,3.75,5.0,1.71,3.86,5.68,1.8,3.86,5.68,1.7,3.69,5.14,45.0,2015/2016
I1,2016-03-20,Atalanta,Bologna,2.0,0.0,H,14.0,9.0,7.0,2.0,15.0,16.0,6.0,9.0,1.0,2.0,0.0,2.0,2.2,3.0,3.8,2.23,3.26,3.78,2.25,3.26,3.8,2.2,3.12,3.56,40.0,2015/2016
I1,2016-03-20,Napoli,Genoa,3.0,1.0,H,22.0,9.0,11.0,2.0,8.0,11.0,11.0,1.0,3.0,2.0,0.0,0.0,1.29,5.5,11.0,1.29,6.04,12.79,1.31,6.07,13.0,1.27,5.59,11.21,45.0,2015/2016
I1,2016-03-20,Milan,Lazio,1.0,1.0,D,20.0,9.0,4.0,2.0,9.0,24.0,12.0,5.0,1.0,1.0,0.0,1.0,2.0,3.3,4.0,1.99,3.5,4.33,2.0,3.5,4.5,1.96,3.35,4.06,45.0,2015/2016
I1,2016-03-20,Frosinone,Fiorentina,0.0,0.0,D,12.0,22.0,4.0,6.0,22.0,10.0,4.0,4.0,3.0,4.0,0.0,0.0,7.0,4.0,1.53,6.99,4.31,1.55,7.0,4.33,1.57,6.37,4.08,1.53,45.0,2015/2016
I1,2016-03-20,Sampdoria,Chievo,0.0,1.0,A,16.0,12.0,7.0,6.0,19.0,18.0,5.0,7.0,4.0,3.0,0.0,0.0,1.91,3.3,4.5,1.93,3.58,4.46,1.95,3.58,4.75,1.88,3.43,4.29,45.0,2015/2016
I1,2016-03-20,Verona,Carpi,1.0,2.0,A,8.0,11.0,3.0,5.0,22.0,15.0,9.0,6.0,1.0,3.0,1.0,0.0,2.15,3.25,3.6,2.15,3.46,3.77,2.3,3.46,3.8,2.14,3.28,3.53,45.0,2015/2016
I1,2016-03-20,Torino,Juventus,1.0,4.0,A,10.0,14.0,6.0,7.0,26.0,19.0,2.0,3.0,4.0,3.0,0.0,1.0,4.75,3.1,1.95,4.7,3.41,1.94,4.8,3.41,1.96,4.46,3.29,1.91,45.0,2015/2016
I1,2016-03-20,Sassuolo,Udinese,1.0,1.0,D,13.0,8.0,1.0,3.0,12.0,23.0,3.0,3.0,2.0,4.0,0.0,0.0,1.91,3.4,4.33,1.93,3.62,4.46,1.93,3.62,4.8,1.88,3.42,4.31,45.0,2015/2016
I1,2016-04-02,Carpi,Sassuolo,1.0,3.0,A,11.0,9.0,1.0,7.0,10.0,19.0,7.0,5.0,3.0,3.0,0.0,0.0,3.1,3.1,2.5,3.12,3.19,2.59,3.13,3.19,2.62,2.99,3.07,2.53,44.0,2015/2016
I1,2016-04-02,Juventus,Empoli,1.0,0.0,H,19.0,9.0,9.0,3.0,20.0,14.0,7.0,4.0,2.0,2.0,0.0,0.0,1.3,5.0,12.0,1.31,5.47,13.46,1.33,5.8,14.07,1.29,5.16,11.75,44.0,2015/2016
I1,2016-04-03,Inter Milan,Torino,1.0,2.0,A,10.0,12.0,2.0,3.0,13.0,13.0,9.0,2.0,1.0,5.0,2.0,0.0,1.8,3.75,4.33,1.82,3.67,5.05,1.83,3.75,5.22,1.78,3.54,4.73,44.0,2015/2016
I1,2016-04-03,Lazio,Roma,1.0,4.0,A,18.0,17.0,3.0,6.0,14.0,9.0,10.0,5.0,4.0,2.0,1.0,0.0,3.3,3.4,2.2,3.69,3.48,2.17,3.75,3.48,2.2,3.47,3.33,2.14,44.0,2015/2016
I1,2016-04-03,Atalanta,Milan,2.0,1.0,H,10.0,12.0,4.0,3.0,22.0,13.0,8.0,7.0,1.0,3.0,0.0,0.0,3.3,3.3,2.25,3.44,3.28,2.35,3.44,3.3,2.41,3.25,3.19,2.31,44.0,2015/2016
I1,2016-04-03,Chievo,Palermo,3.0,1.0,H,9.0,14.0,4.0,4.0,22.0,16.0,0.0,2.0,2.0,3.0,0.0,0.0,2.1,3.4,3.6,2.19,3.31,3.82,2.3,3.4,4.0,2.13,3.25,3.59,44.0,2015/2016
I1,2016-04-03,Fiorentina,Sampdoria,1.0,1.0,D,20.0,8.0,8.0,4.0,9.0,19.0,10.0,3.0,1.0,2.0,0.0,1.0,1.62,3.8,6.0,1.61,4.32,5.9,1.62,4.36,6.5,1.6,3.97,5.64,45.0,2015/2016
I1,2016-04-03,Genoa,Frosinone,4.0,0.0,H,21.0,9.0,9.0,2.0,18.0,13.0,11.0,4.0,1.0,4.0,0.0,0.0,1.53,4.0,6.5,1.57,4.26,6.73,1.57,4.26,7.0,1.53,4.0,6.52,44.0,2015/2016
I1,2016-04-03,Udinese,Napoli,3.0,1.0,H,11.0,11.0,6.0,2.0,22.0,16.0,2.0,6.0,4.0,4.0,0.0,1.0,6.5,4.33,1.5,7.35,4.54,1.51,7.35,4.6,1.53,6.77,4.28,1.49,44.0,2015/2016
I1,2016-04-04,Bologna,Verona,0.0,1.0,A,9.0,4.0,1.0,1.0,17.0,14.0,10.0,7.0,3.0,1.0,0.0,0.0,1.85,3.5,4.5,1.93,3.55,4.58,2.0,3.65,4.58,1.86,3.46,4.36,43.0,2015/2016
I1,2016-04-09,Frosinone,Inter Milan,0.0,1.0,A,15.0,20.0,2.0,3.0,19.0,14.0,4.0,6.0,5.0,2.0,1.0,0.0,6.0,3.75,1.57,6.19,4.16,1.62,6.5,4.16,1.67,5.73,3.93,1.59,47.0,2015/2016
I1,2016-04-09,Chievo,Carpi,1.0,0.0,H,17.0,12.0,3.0,3.0,15.0,15.0,10.0,6.0,2.0,3.0,0.0,0.0,2.0,3.2,4.0,2.16,3.3,3.95,2.3,3.32,4.0,2.09,3.2,3.75,47.0,2015/2016
I1,2016-04-09,Sassuolo,Genoa,0.0,1.0,A,17.0,9.0,5.0,4.0,13.0,20.0,11.0,2.0,2.0,1.0,0.0,0.0,2.0,3.3,3.8,2.04,3.42,4.11,2.1,3.47,4.2,2.01,3.35,3.87,47.0,2015/2016
I1,2016-04-09,Milan,Juventus,1.0,2.0,A,11.0,9.0,5.0,4.0,20.0,21.0,2.0,2.0,4.0,3.0,0.0,0.0,4.0,3.1,2.05,4.04,3.27,2.14,4.13,3.3,2.2,3.82,3.21,2.08,48.0,2015/2016
I1,2016-04-10,Empoli,Fiorentina,2.0,0.0,H,7.0,22.0,4.0,5.0,17.0,21.0,2.0,6.0,3.0,4.0,0.0,0.0,3.0,3.2,2.4,3.25,3.3,2.44,3.25,3.3,2.49,3.03,3.22,2.41,46.0,2015/2016
I1,2016-04-10,Napoli,Verona,3.0,0.0,H,19.0,8.0,6.0,1.0,6.0,13.0,7.0,7.0,2.0,2.0,0.0,1.0,1.2,6.5,13.0,1.24,6.6,15.0,1.25,7.0,15.0,1.23,6.23,12.75,46.0,2015/2016
I1,2016-04-10,Palermo,Lazio,0.0,3.0,A,7.0,18.0,2.0,8.0,13.0,14.0,5.0,7.0,2.0,3.0,0.0,0.0,3.4,3.4,2.1,3.66,3.44,2.17,3.75,3.45,2.3,3.49,3.34,2.13,46.0,2015/2016
I1,2016-04-10,Sampdoria,Udinese,2.0,0.0,H,15.0,16.0,5.0,2.0,13.0,11.0,3.0,12.0,4.0,1.0,0.0,0.0,2.0,3.4,3.75,2.07,3.36,4.2,2.1,3.4,4.2,2.04,3.29,3.84,46.0,2015/2016
I1,2016-04-10,Torino,Atalanta,2.0,1.0,H,5.0,16.0,3.0,7.0,18.0,19.0,4.0,6.0,2.0,3.0,0.0,1.0,1.83,3.4,4.5,1.91,3.49,4.74,1.95,3.49,4.75,1.88,3.37,4.43,47.0,2015/2016
I1,2016-04-11,Roma,Bologna,1.0,1.0,D,14.0,7.0,5.0,2.0,15.0,9.0,15.0,3.0,1.0,2.0,0.0,0.0,1.33,4.75,10.0,1.32,5.41,12.52,1.36,5.41,12.52,1.31,5.02,10.51,45.0,2015/2016
I1,2016-04-16,Bologna,Torino,0.0,1.0,A,8.0,6.0,1.0,3.0,14.0,16.0,4.0,3.0,4.0,1.0,0.0,0.0,2.8,3.1,2.7,2.98,3.09,2.77,2.98,3.15,2.8,2.83,3.03,2.69,48.0,2015/2016
I1,2016-04-16,Carpi,Genoa,4.0,1.0,H,15.0,16.0,10.0,3.0,16.0,22.0,3.0,7.0,4.0,1.0,0.0,1.0,2.75,3.1,2.75,2.85,3.14,2.85,2.85,3.25,2.85,2.71,3.08,2.76,48.0,2015/2016
I1,2016-04-16,Inter Milan,Napoli,2.0,0.0,H,11.0,10.0,4.0,2.0,17.0,11.0,6.0,6.0,4.0,3.0,0.0,0.0,3.0,3.2,2.5,2.96,3.35,2.6,3.0,3.36,2.62,2.87,3.21,2.52,48.0,2015/2016
I1,2016-04-17,Atalanta,Roma,3.0,3.0,D,12.0,17.0,4.0,7.0,13.0,8.0,7.0,6.0,4.0,4.0,0.0,0.0,5.0,3.6,1.75,4.99,3.7,1.82,5.25,3.8,1.82,4.86,3.57,1.76,47.0,2015/2016
I1,2016-04-17,Fiorentina,Sassuolo,3.0,1.0,H,13.0,9.0,4.0,1.0,16.0,14.0,7.0,6.0,1.0,3.0,0.0,0.0,1.85,3.6,4.33,1.85,3.71,4.76,1.86,3.75,4.8,1.82,3.54,4.47,47.0,2015/2016
I1,2016-04-17,Juventus,Palermo,4.0,0.0,H,16.0,10.0,6.0,4.0,14.0,18.0,9.0,5.0,2.0,3.0,0.0,0.0,1.14,8.0,21.0,1.15,8.57,29.42,1.16,8.57,30.0,1.13,7.74,24.05,47.0,2015/2016
I1,2016-04-17,Lazio,Empoli,2.0,0.0,H,19.0,6.0,7.0,1.0,10.0,9.0,5.0,2.0,3.0,2.0,0.0,0.0,1.73,3.75,5.0,1.71,3.94,5.5,1.75,4.0,5.75,1.69,3.71,5.18,47.0,2015/2016
I1,2016-04-17,Sampdoria,Milan,0.0,1.0,A,10.0,14.0,3.0,3.0,16.0,14.0,5.0,7.0,3.0,2.0,0.0,0.0,3.0,3.3,2.4,3.16,3.45,2.42,3.16,3.48,2.45,3.02,3.3,2.37,47.0,2015/2016
I1,2016-04-17,Udinese,Chievo,0.0,0.0,D,15.0,5.0,3.0,2.0,17.0,19.0,4.0,2.0,2.0,4.0,1.0,1.0,1.95,3.4,4.2,1.96,3.49,4.48,2.0,3.49,4.6,1.92,3.35,4.25,47.0,2015/2016
I1,2016-04-17,Verona,Frosinone,1.0,2.0,A,14.0,13.0,4.0,2.0,23.0,22.0,4.0,5.0,3.0,3.0,0.0,0.0,1.8,3.8,4.33,1.79,3.92,4.86,1.85,4.0,5.0,1.78,3.72,4.44,47.0,2015/2016
I1,2016-04-19,Napoli,Bologna,6.0,0.0,H,20.0,5.0,14.0,0.0,8.0,13.0,8.0,3.0,1.0,2.0,0.0,0.0,1.22,6.0,15.0,1.26,6.42,14.02,1.27,6.5,15.0,1.24,6.02,13.01,46.0,2015/2016
I1,2016-04-20,Juventus,Lazio,3.0,0.0,H,19.0,7.0,12.0,1.0,7.0,12.0,10.0,1.0,1.0,1.0,0.0,1.0,1.5,4.2,7.0,1.57,4.17,6.94,1.58,4.25,7.5,1.54,3.99,6.56,46.0,2015/2016
I1,2016-04-20,Chievo,Frosinone,5.0,1.0,H,23.0,9.0,8.0,2.0,12.0,13.0,6.0,1.0,2.0,3.0,0.0,2.0,1.85,3.6,4.0,1.88,3.75,4.54,1.9,3.81,4.6,1.84,3.58,4.32,46.0,2015/2016
I1,2016-04-20,Genoa,Inter Milan,1.0,0.0,H,16.0,17.0,5.0,4.0,15.0,7.0,6.0,5.0,2.0,2.0,0.0,0.0,3.6,3.5,2.05,3.67,3.53,2.13,3.8,3.56,2.2,3.52,3.39,2.11,46.0,2015/2016
I1,2016-04-20,Empoli,Verona,1.0,0.0,H,12.0,20.0,7.0,6.0,16.0,19.0,5.0,5.0,1.0,3.0,0.0,1.0,1.83,3.6,4.5,1.89,3.62,4.64,1.9,3.76,4.64,1.86,3.56,4.28,46.0,2015/2016
I1,2016-04-20,Palermo,Atalanta,2.0,2.0,D,15.0,10.0,3.0,4.0,23.0,21.0,9.0,2.0,3.0,3.0,1.0,0.0,2.7,3.2,2.75,2.78,3.33,2.78,2.78,3.46,2.79,2.68,3.23,2.69,46.0,2015/2016
I1,2016-04-20,Sassuolo,Sampdoria,0.0,0.0,D,23.0,4.0,8.0,2.0,13.0,14.0,13.0,2.0,4.0,3.0,0.0,1.0,1.91,3.6,4.0,2.01,3.63,4.05,2.01,3.71,4.3,1.96,3.47,3.93,46.0,2015/2016
I1,2016-04-20,Udinese,Fiorentina,2.0,1.0,H,10.0,9.0,3.0,3.0,19.0,14.0,6.0,4.0,2.0,4.0,0.0,0.0,3.3,3.4,2.2,3.66,3.43,2.19,3.66,3.51,2.25,3.39,3.33,2.18,46.0,2015/2016
I1,2016-04-20,Roma,Torino,3.0,2.0,H,20.0,13.0,6.0,5.0,13.0,16.0,10.0,4.0,1.0,3.0,0.0,0.0,1.45,4.33,7.0,1.47,4.67,8.04,1.5,4.67,8.5,1.46,4.33,7.17,46.0,2015/2016
I1,2016-04-21,Milan,Carpi,0.0,0.0,D,20.0,6.0,3.0,2.0,17.0,15.0,4.0,3.0,2.0,3.0,0.0,0.0,1.44,4.5,7.5,1.49,4.46,8.18,1.5,4.5,8.5,1.46,4.25,7.36,46.0,2015/2016
I1,2016-04-23,Inter Milan,Udinese,3.0,1.0,H,25.0,12.0,9.0,5.0,7.0,13.0,14.0,6.0,3.0,2.0,0.0,0.0,1.44,4.2,8.5,1.48,4.6,8.01,1.48,4.61,8.5,1.44,4.33,7.58,45.0,2015/2016
I1,2016-04-24,Atalanta,Chievo,1.0,0.0,H,11.0,10.0,5.0,2.0,12.0,18.0,8.0,6.0,3.0,2.0,1.0,0.0,1.95,3.5,4.0,2.0,3.56,4.18,2.0,3.56,4.35,1.96,3.35,4.01,45.0,2015/2016
I1,2016-04-24,Bologna,Genoa,2.0,0.0,H,11.0,5.0,5.0,3.0,16.0,17.0,7.0,3.0,1.0,2.0,0.0,0.0,2.25,3.2,3.4,2.39,3.28,3.36,2.4,3.35,3.43,2.29,3.19,3.24,45.0,2015/2016
I1,2016-04-24,Fiorentina,Juventus,1.0,2.0,A,21.0,6.0,7.0,3.0,10.0,15.0,5.0,3.0,1.0,3.0,0.0,0.0,3.5,3.3,2.15,3.62,3.4,2.22,3.8,3.46,2.22,3.57,3.28,2.12,45.0,2015/2016
I1,2016-04-24,Frosinone,Palermo,0.0,2.0,A,16.0,7.0,4.0,2.0,17.0,19.0,9.0,4.0,3.0,3.0,0.0,0.0,2.38,3.4,3.0,2.39,3.62,3.08,2.4,3.62,3.13,2.35,3.37,2.99,45.0,2015/2016
I1,2016-04-24,Sampdoria,Lazio,2.0,1.0,H,13.0,20.0,7.0,4.0,9.0,14.0,4.0,12.0,2.0,6.0,0.0,0.0,2.8,3.2,2.6,2.85,3.39,2.67,2.9,3.41,2.7,2.76,3.24,2.6,45.0,2015/2016
I1,2016-04-24,Torino,Sassuolo,1.0,3.0,A,15.0,12.0,3.0,4.0,18.0,7.0,4.0,4.0,2.0,1.0,0.0,0.0,2.05,3.5,3.6,2.12,3.51,3.79,2.12,3.51,3.9,2.06,3.35,3.67,45.0,2015/2016
I1,2016-04-25,Carpi,Empoli,1.0,0.0,H,16.0,8.0,3.0,3.0,23.0,13.0,7.0,3.0,3.0,4.0,1.0,1.0,1.83,3.6,4.5,1.83,3.71,4.87,1.9,3.71,5.0,1.82,3.47,4.55,44.0,2015/2016
I1,2016-04-25,Roma,Napoli,1.0,0.0,H,9.0,9.0,3.0,4.0,10.0,12.0,4.0,5.0,2.0,4.0,0.0,0.0,2.45,3.4,2.9,2.6,3.57,2.81,2.63,3.57,2.9,2.52,3.37,2.76,44.0,2015/2016
I1,2016-04-25,Verona,Milan,2.0,1.0,H,28.0,11.0,12.0,6.0,19.0,11.0,13.0,6.0,1.0,2.0,0.0,0.0,5.0,3.6,1.75,5.34,4.03,1.71,5.4,4.03,1.76,4.98,3.73,1.7,44.0,2015/2016
I1,2016-04-30,Chievo,Fiorentina,0.0,0.0,D,9.0,21.0,4.0,5.0,20.0,13.0,2.0,6.0,4.0,4.0,0.0,0.0,3.8,3.3,2.05,3.9,3.59,2.06,4.33,3.59,2.2,3.75,3.39,2.03,46.0,2015/2016
I1,2016-04-30,Udinese,Torino,1.0,5.0,A,13.0,15.0,4.0,6.0,14.0,9.0,8.0,4.0,2.0,2.0,0.0,0.0,1.95,3.4,4.2,2.04,3.55,4.03,2.04,3.61,4.2,1.98,3.42,3.89,46.0,2015/2016
I1,2016-05-01,Empoli,Bologna,0.0,0.0,D,5.0,16.0,1.0,6.0,7.0,14.0,0.0,3.0,0.0,2.0,0.0,0.0,2.25,3.2,3.3,2.4,3.37,3.26,2.4,3.4,3.3,2.31,3.26,3.14,46.0,2015/2016
I1,2016-05-01,Juventus,Carpi,2.0,0.0,H,19.0,11.0,3.0,1.0,19.0,12.0,5.0,2.0,6.0,2.0,0.0,0.0,1.25,5.5,13.0,1.28,5.9,14.75,1.35,6.0,15.0,1.26,5.48,12.16,46.0,2015/2016
I1,2016-05-01,Lazio,Inter Milan,2.0,0.0,H,9.0,15.0,4.0,4.0,17.0,11.0,1.0,5.0,5.0,0.0,0.0,1.0,2.5,3.3,2.9,2.54,3.37,3.03,2.62,3.4,3.03,2.46,3.3,2.87,46.0,2015/2016
I1,2016-05-01,Milan,Frosinone,3.0,3.0,D,24.0,9.0,11.0,4.0,21.0,22.0,12.0,2.0,2.0,7.0,0.0,0.0,1.22,6.0,15.0,1.26,6.59,13.38,1.3,6.59,15.0,1.24,6.1,11.7,46.0,2015/2016
I1,2016-05-01,Palermo,Sampdoria,2.0,0.0,H,10.0,8.0,4.0,4.0,21.0,23.0,3.0,5.0,1.0,5.0,0.0,0.0,1.95,3.5,4.0,2.01,3.67,3.99,2.03,3.7,4.05,1.95,3.54,3.83,46.0,2015/2016
I1,2016-05-01,Sassuolo,Verona,1.0,0.0,H,6.0,16.0,1.0,2.0,11.0,21.0,2.0,9.0,0.0,1.0,0.0,0.0,1.5,4.0,7.5,1.56,4.45,6.54,1.57,4.5,7.5,1.53,4.25,6.09,46.0,2015/2016
I1,2016-05-02,Genoa,Roma,2.0,3.0,A,14.0,20.0,5.0,8.0,9.0,9.0,6.0,9.0,3.0,3.0,0.0,0.0,5.5,3.75,1.67,5.37,4.1,1.69,5.5,4.1,1.71,5.09,3.91,1.65,45.0,2015/2016
I1,2016-05-02,Napoli,Atalanta,2.0,1.0,H,18.0,3.0,10.0,1.0,13.0,10.0,5.0,3.0,0.0,2.0,0.0,0.0,1.17,7.5,17.0,1.17,8.77,18.9,1.19,8.77,20.0,1.15,7.72,16.58,45.0,2015/2016
I1,2016-05-07,Bologna,Milan,0.0,1.0,A,8.0,15.0,1.0,5.0,11.0,18.0,5.0,9.0,3.0,5.0,1.0,0.0,3.6,3.4,2.1,3.72,3.44,2.17,3.75,3.51,2.2,3.51,3.38,2.11,48.0,2015/2016
I1,2016-05-07,Inter Milan,Empoli,2.0,1.0,H,13.0,14.0,5.0,2.0,17.0,10.0,4.0,8.0,3.0,1.0,0.0,0.0,1.36,5.0,8.5,1.35,5.55,9.96,1.39,5.55,9.96,1.34,5.17,8.65,48.0,2015/2016
I1,2016-05-08,Carpi,Lazio,1.0,3.0,A,27.0,16.0,9.0,7.0,19.0,11.0,9.0,5.0,5.0,2.0,0.0,2.0,2.4,3.4,2.88,2.62,3.34,2.97,2.62,3.41,3.0,2.48,3.25,2.9,48.0,2015/2016
I1,2016-05-08,Atalanta,Udinese,1.0,1.0,D,8.0,4.0,2.0,2.0,11.0,18.0,3.0,0.0,1.0,2.0,0.0,0.0,3.8,3.3,2.05,4.05,3.39,2.09,4.05,3.46,2.13,3.68,3.34,2.06,42.0,2015/2016
I1,2016-05-08,Fiorentina,Palermo,0.0,0.0,D,21.0,4.0,4.0,0.0,16.0,20.0,7.0,1.0,3.0,4.0,0.0,0.0,2.0,3.5,3.75,1.98,3.69,4.09,2.0,3.71,4.11,1.94,3.56,3.84,48.0,2015/2016
I1,2016-05-08,Frosinone,Sassuolo,0.0,1.0,A,18.0,21.0,4.0,5.0,16.0,20.0,2.0,8.0,4.0,4.0,0.0,0.0,3.8,3.8,1.91,4.16,3.92,1.91,4.2,4.0,2.0,3.91,3.67,1.89,48.0,2015/2016
I1,2016-05-08,Roma,Chievo,3.0,0.0,H,23.0,11.0,11.0,4.0,15.0,8.0,7.0,2.0,1.0,3.0,0.0,0.0,1.22,6.5,13.0,1.24,7.12,13.55,1.25,7.12,14.5,1.22,6.37,12.69,48.0,2015/2016
I1,2016-05-08,Sampdoria,Genoa,0.0,3.0,A,12.0,18.0,3.0,7.0,20.0,20.0,4.0,4.0,5.0,4.0,0.0,0.0,2.38,3.25,3.1,2.49,3.14,3.33,2.49,3.4,3.35,2.37,3.17,3.13,48.0,2015/2016
I1,2016-05-08,Verona,Juventus,2.0,1.0,H,12.0,16.0,4.0,5.0,21.0,13.0,3.0,6.0,3.0,2.0,0.0,1.0,6.0,4.33,1.53,6.41,4.45,1.56,7.0,4.45,1.62,6.06,4.17,1.54,48.0,2015/2016
I1,2016-05-08,Torino,Napoli,1.0,2.0,A,7.0,15.0,2.0,6.0,23.0,5.0,1.0,3.0,3.0,1.0,1.0,0.0,7.5,5.0,1.4,7.88,5.12,1.43,8.0,5.2,1.5,7.22,4.84,1.41,48.0,2015/2016
I1,2016-05-14,Juventus,Sampdoria,5.0,0.0,H,24.0,7.0,12.0,1.0,16.0,4.0,13.0,2.0,3.0,1.0,0.0,1.0,1.25,6.0,10.0,1.29,6.28,11.89,1.35,6.5,12.0,1.27,5.83,10.3,50.0,2015/2016
I1,2016-05-14,Milan,Roma,1.0,3.0,A,14.0,16.0,6.0,9.0,13.0,7.0,4.0,1.0,4.0,0.0,0.0,0.0,3.25,3.6,2.1,3.11,3.75,2.32,3.3,3.8,2.32,3.03,3.57,2.23,50.0,2015/2016
I1,2016-05-14,Napoli,Frosinone,4.0,0.0,H,33.0,9.0,12.0,2.0,9.0,7.0,16.0,0.0,1.0,1.0,0.0,1.0,1.1,10.0,26.0,1.1,12.19,31.03,1.11,13.5,35.0,1.08,10.94,25.68,50.0,2015/2016
I1,2016-05-14,Sassuolo,Inter Milan,3.0,1.0,H,9.0,10.0,3.0,6.0,8.0,12.0,5.0,7.0,3.0,3.0,0.0,1.0,1.85,3.8,4.0,1.9,3.99,4.09,1.91,4.0,4.3,1.86,3.79,3.92,50.0,2015/2016
I1,2016-05-15,Chievo,Bologna,0.0,0.0,D,5.0,16.0,0.0,4.0,16.0,15.0,5.0,7.0,2.0,1.0,0.0,0.0,2.15,3.4,3.4,2.13,3.56,3.7,2.2,3.7,3.7,2.12,3.43,3.4,50.0,2015/2016
I1,2016-05-15,Empoli,Torino,2.0,1.0,H,10.0,18.0,3.0,5.0,12.0,12.0,3.0,4.0,2.0,1.0,0.0,0.0,2.55,3.5,2.7,2.67,3.53,2.76,2.67,3.6,3.0,2.53,3.42,2.69,50.0,2015/2016
I1,2016-05-15,Genoa,Atalanta,1.0,2.0,A,11.0,13.0,2.0,4.0,19.0,14.0,8.0,5.0,3.0,3.0,0.0,0.0,1.85,3.6,4.2,1.93,3.69,4.34,1.95,3.8,4.35,1.89,3.62,3.96,50.0,2015/2016
I1,2016-05-15,Lazio,Fiorentina,2.0,4.0,A,16.0,16.0,6.0,5.0,8.0,10.0,6.0,4.0,0.0,1.0,0.0,0.0,2.1,3.4,3.5,2.23,3.63,3.37,2.25,3.65,3.5,2.16,3.49,3.23,50.0,2015/2016
I1,2016-05-15,Palermo,Verona,3.0,2.0,H,5.0,14.0,3.0,4.0,18.0,19.0,4.0,4.0,2.0,2.0,1.0,1.0,1.2,7.0,13.0,1.21,7.84,15.69,1.27,7.84,15.69,1.21,6.54,12.89,50.0,2015/2016
I1,2016-05-15,Udinese,Carpi,1.0,2.0,A,15.0,10.0,5.0,5.0,14.0,17.0,6.0,3.0,3.0,3.0,1.0,0.0,2.3,3.4,3.1,2.28,3.53,3.35,2.5,3.53,3.35,2.27,3.37,3.11,50.0,2015/2016
I1,2016-08-20,Juventus,Fiorentina,2.0,1.0,H,19.0,4.0,4.0,1.0,11.0,16.0,3.0,1.0,1.0,3.0,0.0,0.0,1.5,4.2,7.0,1.51,4.26,8.24,1.53,4.37,8.24,1.48,4.1,7.49,56.0,2016/2017
I1,2016-08-20,Roma,Udinese,4.0,0.0,H,25.0,11.0,9.0,1.0,8.0,14.0,10.0,5.0,0.0,2.0,0.0,0.0,1.44,4.5,7.5,1.5,4.56,7.6,1.52,4.75,8.5,1.45,4.41,7.24,56.0,2016/2017
I1,2016-08-21,Atalanta,Lazio,3.0,4.0,A,19.0,11.0,6.0,6.0,5.0,16.0,7.0,2.0,2.0,2.0,0.0,0.0,3.1,3.25,2.4,3.2,3.27,2.49,3.2,3.28,2.52,3.09,3.14,2.43,55.0,2016/2017
I1,2016-08-21,Bologna,Crotone,1.0,0.0,H,20.0,5.0,6.0,0.0,7.0,17.0,5.0,3.0,1.0,1.0,0.0,0.0,1.85,3.5,5.0,1.91,3.39,4.95,1.93,3.5,5.2,1.87,3.3,4.64,55.0,2016/2017
I1,2016-08-21,Chievo,Inter Milan,2.0,0.0,H,12.0,13.0,4.0,3.0,15.0,13.0,4.0,8.0,2.0,4.0,0.0,0.0,3.75,3.3,2.1,3.9,3.35,2.15,4.0,3.35,2.15,3.77,3.24,2.08,56.0,2016/2017
I1,2016-08-21,Empoli,Sampdoria,0.0,1.0,A,8.0,15.0,3.0,5.0,17.0,32.0,2.0,5.0,3.0,4.0,1.0,0.0,2.3,3.2,3.3,2.37,3.29,3.4,2.4,3.29,3.5,2.32,3.16,3.27,56.0,2016/2017
I1,2016-08-21,Genoa,Cagliari,3.0,1.0,H,22.0,4.0,6.0,3.0,13.0,10.0,6.0,1.0,4.0,3.0,0.0,0.0,2.05,3.3,3.8,2.06,3.52,3.99,2.12,3.52,4.0,2.04,3.33,3.79,55.0,2016/2017
I1,2016-08-21,Milan,Torino,3.0,2.0,H,11.0,20.0,5.0,4.0,13.0,20.0,10.0,10.0,0.0,3.0,1.0,0.0,1.85,3.5,4.33,1.92,3.54,4.64,1.95,3.6,4.8,1.87,3.41,4.42,55.0,2016/2017
I1,2016-08-21,Palermo,Sassuolo,0.0,1.0,A,7.0,22.0,2.0,8.0,19.0,15.0,4.0,8.0,1.0,2.0,1.0,0.0,3.0,3.2,2.5,3.18,3.22,2.54,3.2,3.25,2.62,2.97,3.12,2.51,56.0,2016/2017
I1,2016-08-21,Pescara,Napoli,2.0,2.0,D,9.0,22.0,3.0,4.0,10.0,12.0,3.0,9.0,3.0,2.0,0.0,0.0,7.5,4.5,1.44,8.18,4.52,1.48,8.5,4.7,1.52,7.62,4.39,1.44,55.0,2016/2017
I1,2016-08-27,Lazio,Juventus,0.0,1.0,A,6.0,13.0,1.0,5.0,16.0,5.0,4.0,2.0,1.0,2.0,0.0,0.0,4.75,3.5,1.8,5.18,3.5,1.85,5.2,3.57,1.86,4.83,3.43,1.8,54.0,2016/2017
I1,2016-08-27,Napoli,Milan,4.0,2.0,H,17.0,12.0,8.0,3.0,13.0,15.0,9.0,4.0,5.0,4.0,0.0,2.0,1.67,4.0,5.0,1.7,4.05,5.36,1.73,4.1,5.75,1.67,3.91,5.1,54.0,2016/2017
I1,2016-08-28,Inter Milan,Palermo,1.0,1.0,D,22.0,7.0,5.0,3.0,16.0,24.0,8.0,4.0,1.0,5.0,0.0,0.0,1.33,4.75,10.0,1.36,5.33,10.1,1.42,5.35,10.1,1.36,4.92,9.01,53.0,2016/2017
I1,2016-08-28,Crotone,Genoa,1.0,3.0,A,11.0,18.0,3.0,8.0,16.0,17.0,1.0,6.0,2.0,2.0,0.0,0.0,4.0,3.4,1.91,4.55,3.47,1.95,4.55,3.47,2.05,4.16,3.35,1.95,53.0,2016/2017
I1,2016-08-28,Fiorentina,Chievo,1.0,0.0,H,13.0,9.0,3.0,2.0,8.0,16.0,4.0,4.0,0.0,2.0,0.0,0.0,1.67,3.75,5.5,1.65,3.83,6.49,1.69,3.85,6.5,1.63,3.71,5.86,53.0,2016/2017
I1,2016-08-28,Cagliari,Roma,2.0,2.0,D,17.0,21.0,5.0,7.0,21.0,9.0,4.0,3.0,3.0,1.0,0.0,0.0,4.75,3.75,1.7,4.75,3.84,1.82,4.75,3.9,1.9,4.39,3.73,1.8,52.0,2016/2017
I1,2016-08-28,Udinese,Empoli,2.0,0.0,H,11.0,13.0,3.0,4.0,15.0,19.0,4.0,5.0,3.0,3.0,0.0,1.0,2.05,3.4,3.75,2.11,3.28,4.13,2.13,3.4,4.13,2.08,3.24,3.79,53.0,2016/2017
I1,2016-08-28,Sassuolo,Pescara,0.0,3.0,A,13.0,15.0,3.0,5.0,12.0,21.0,2.0,7.0,2.0,2.0,0.0,0.0,1.62,3.75,6.0,1.64,3.98,6.33,1.7,4.0,6.5,1.63,3.79,5.73,51.0,2016/2017
I1,2016-08-28,Torino,Bologna,5.0,1.0,H,20.0,10.0,11.0,2.0,14.0,12.0,6.0,3.0,1.0,2.0,0.0,0.0,1.85,3.5,4.5,1.87,3.56,4.91,1.88,3.56,5.0,1.83,3.44,4.66,52.0,2016/2017
I1,2016-08-28,Sampdoria,Atalanta,2.0,1.0,H,8.0,7.0,4.0,1.0,13.0,16.0,3.0,1.0,1.0,4.0,0.0,1.0,2.25,3.2,3.4,2.24,3.33,3.65,2.3,3.33,3.8,2.18,3.22,3.52,52.0,2016/2017
I1,2016-09-10,Juventus,Sassuolo,3.0,1.0,H,23.0,9.0,10.0,3.0,10.0,12.0,14.0,5.0,1.0,2.0,0.0,0.0,1.3,5.0,12.0,1.33,5.41,12.23,1.37,5.43,13.0,1.31,4.96,11.35,56.0,2016/2017
I1,2016-09-10,Palermo,Napoli,0.0,3.0,A,5.0,17.0,1.0,7.0,14.0,7.0,2.0,4.0,0.0,0.0,0.0,0.0,9.0,5.0,1.33,9.44,5.43,1.37,9.6,5.65,1.42,8.63,5.09,1.36,56.0,2016/2017
I1,2016-09-11,Atalanta,Torino,2.0,1.0,H,22.0,14.0,3.0,7.0,16.0,20.0,4.0,4.0,2.0,2.0,0.0,0.0,2.6,3.2,2.8,2.68,3.27,2.93,2.7,3.36,2.93,2.6,3.19,2.81,55.0,2016/2017
I1,2016-09-11,Bologna,Cagliari,2.0,1.0,H,17.0,11.0,10.0,5.0,13.0,9.0,9.0,4.0,1.0,3.0,0.0,1.0,2.1,3.25,3.75,2.18,3.29,3.89,2.3,3.35,4.0,2.13,3.23,3.64,56.0,2016/2017
I1,2016-09-11,Chievo,Lazio,1.0,1.0,D,7.0,11.0,4.0,3.0,14.0,15.0,2.0,1.0,2.0,5.0,0.0,0.0,3.0,3.2,2.5,3.19,3.2,2.54,3.25,3.25,2.6,3.05,3.12,2.47,56.0,2016/2017
I1,2016-09-11,Milan,Udinese,0.0,1.0,A,14.0,10.0,2.0,2.0,10.0,9.0,8.0,8.0,1.0,5.0,0.0,0.0,1.67,4.0,5.0,1.71,4.03,5.32,1.75,4.14,5.75,1.68,3.87,5.09,56.0,2016/2017
I1,2016-09-11,Pescara,Inter Milan,1.0,2.0,A,10.0,22.0,5.0,7.0,14.0,10.0,3.0,13.0,1.0,1.0,0.0,0.0,4.75,3.75,1.75,4.9,3.89,1.79,5.2,3.89,1.84,4.7,3.66,1.77,56.0,2016/2017
I1,2016-09-11,Roma,Sampdoria,3.0,2.0,H,24.0,12.0,8.0,7.0,12.0,13.0,11.0,7.0,3.0,2.0,0.0,0.0,1.33,5.25,9.0,1.36,5.42,9.86,1.41,5.57,10.0,1.35,5.16,8.74,56.0,2016/2017
I1,2016-09-12,Empoli,Crotone,2.0,1.0,H,13.0,6.0,5.0,2.0,16.0,20.0,5.0,0.0,1.0,1.0,0.0,1.0,1.57,4.0,6.0,1.63,4.05,6.22,1.65,4.27,6.5,1.59,3.91,5.97,55.0,2016/2017
I1,2016-09-16,Sampdoria,Milan,0.0,1.0,A,12.0,10.0,3.0,3.0,12.0,16.0,8.0,5.0,2.0,3.0,0.0,0.0,3.1,3.3,2.3,3.11,3.43,2.46,3.23,3.49,2.54,3.03,3.31,2.4,57.0,2016/2017
I1,2016-09-17,Lazio,Pescara,3.0,0.0,H,23.0,10.0,11.0,3.0,12.0,14.0,11.0,2.0,2.0,2.0,0.0,0.0,1.5,4.33,6.5,1.54,4.58,6.62,1.57,4.59,7.25,1.51,4.25,6.53,56.0,2016/2017
I1,2016-09-17,Napoli,Bologna,3.0,1.0,H,21.0,9.0,10.0,3.0,11.0,7.0,6.0,3.0,0.0,1.0,0.0,1.0,1.25,6.0,12.0,1.26,6.45,13.9,1.3,6.73,15.0,1.24,6.03,12.73,56.0,2016/2017
I1,2016-09-18,Sassuolo,Genoa,2.0,0.0,H,11.0,17.0,6.0,5.0,15.0,17.0,3.0,8.0,0.0,2.0,0.0,1.0,2.2,3.2,3.5,2.23,3.37,3.57,2.4,3.43,3.6,2.21,3.28,3.39,56.0,2016/2017
I1,2016-09-18,Torino,Empoli,0.0,0.0,D,15.0,5.0,5.0,2.0,19.0,7.0,8.0,5.0,4.0,3.0,0.0,0.0,1.75,3.6,4.75,1.85,3.55,5.06,1.86,3.7,5.06,1.81,3.49,4.69,55.0,2016/2017
I1,2016-09-18,Cagliari,Atalanta,3.0,0.0,H,12.0,7.0,9.0,2.0,10.0,19.0,3.0,4.0,2.0,2.0,0.0,0.0,2.6,3.2,2.8,2.67,3.22,2.99,2.7,3.45,3.05,2.54,3.22,2.87,56.0,2016/2017
I1,2016-09-18,Crotone,Palermo,1.0,1.0,D,11.0,12.0,1.0,5.0,19.0,9.0,3.0,7.0,3.0,2.0,0.0,0.0,3.0,3.2,2.5,3.11,3.18,2.6,3.11,3.3,2.7,2.96,3.14,2.52,56.0,2016/2017
I1,2016-09-18,Fiorentina,Roma,1.0,0.0,H,8.0,14.0,4.0,3.0,10.0,11.0,5.0,6.0,1.0,1.0,0.0,0.0,2.9,3.5,2.4,2.89,3.47,2.59,3.0,3.57,2.6,2.84,3.34,2.49,56.0,2016/2017
I1,2016-09-18,Inter Milan,Juventus,2.0,1.0,H,16.0,9.0,3.0,2.0,13.0,18.0,5.0,4.0,2.0,3.0,1.0,0.0,4.0,3.5,1.95,4.32,3.45,2.0,4.6,3.53,2.02,4.16,3.38,1.94,56.0,2016/2017
I1,2016-09-18,Udinese,Chievo,1.0,2.0,A,8.0,20.0,4.0,6.0,16.0,9.0,5.0,7.0,3.0,4.0,0.0,0.0,2.0,3.25,4.0,2.1,3.25,4.22,2.2,3.36,4.22,2.08,3.18,3.86,56.0,2016/2017
I1,2016-09-20,Milan,Lazio,2.0,0.0,H,17.0,20.0,8.0,5.0,16.0,12.0,3.0,8.0,1.0,4.0,0.0,0.0,2.15,3.4,3.4,2.23,3.49,3.5,2.32,3.49,3.55,2.21,3.31,3.39,56.0,2016/2017
I1,2016-09-21,Atalanta,Palermo,0.0,1.0,A,16.0,7.0,4.0,2.0,20.0,12.0,7.0,5.0,3.0,2.0,0.0,0.0,1.62,3.75,6.0,1.65,3.99,6.21,1.67,4.12,6.25,1.63,3.8,5.74,56.0,2016/2017
I1,2016-09-21,Bologna,Sampdoria,2.0,0.0,H,11.0,10.0,4.0,3.0,16.0,12.0,2.0,4.0,1.0,3.0,1.0,1.0,2.4,3.25,3.1,2.42,3.25,3.35,2.47,3.3,3.4,2.37,3.14,3.2,56.0,2016/2017
I1,2016-09-21,Chievo,Sassuolo,2.0,1.0,H,5.0,7.0,3.0,2.0,14.0,15.0,7.0,9.0,2.0,1.0,0.0,0.0,2.4,3.2,3.1,2.46,3.17,3.35,2.54,3.25,3.35,2.45,3.11,3.1,56.0,2016/2017
I1,2016-09-21,Empoli,Inter Milan,0.0,2.0,A,9.0,13.0,3.0,4.0,14.0,15.0,5.0,4.0,1.0,4.0,0.0,0.0,4.33,3.3,1.95,4.41,3.5,1.97,4.5,3.57,2.0,4.14,3.38,1.94,56.0,2016/2017
I1,2016-09-21,Genoa,Napoli,0.0,0.0,D,12.0,14.0,5.0,3.0,16.0,11.0,5.0,8.0,4.0,2.0,0.0,0.0,4.75,3.75,1.75,5.24,3.85,1.76,5.24,4.0,1.83,4.66,3.7,1.76,56.0,2016/2017
I1,2016-09-21,Juventus,Cagliari,4.0,0.0,H,28.0,2.0,13.0,0.0,19.0,12.0,9.0,0.0,1.0,3.0,0.0,0.0,1.17,7.5,17.0,1.18,8.0,20.84,1.25,8.0,20.84,1.18,6.98,16.76,55.0,2016/2017
I1,2016-09-21,Pescara,Torino,0.0,0.0,D,19.0,11.0,4.0,3.0,13.0,15.0,9.0,4.0,3.0,2.0,0.0,2.0,3.25,3.25,2.3,3.22,3.4,2.41,3.33,3.44,2.44,3.15,3.26,2.34,55.0,2016/2017
I1,2016-09-21,Roma,Crotone,4.0,0.0,H,20.0,11.0,7.0,3.0,12.0,7.0,11.0,5.0,0.0,1.0,0.0,0.0,1.13,8.5,23.0,1.14,9.37,24.04,1.19,9.85,25.05,1.13,8.35,20.7,56.0,2016/2017
I1,2016-09-21,Udinese,Fiorentina,2.0,2.0,D,15.0,7.0,5.0,3.0,16.0,15.0,4.0,3.0,1.0,3.0,0.0,0.0,3.25,3.25,2.3,3.42,3.27,2.37,3.42,3.37,2.43,3.21,3.21,2.33,56.0,2016/2017
I1,2016-09-24,Napoli,Chievo,2.0,0.0,H,13.0,7.0,5.0,2.0,12.0,16.0,4.0,2.0,2.0,4.0,0.0,0.0,1.33,5.0,10.0,1.35,5.34,10.7,1.41,6.2,11.5,1.33,5.14,9.75,54.0,2016/2017
I1,2016-09-24,Palermo,Juventus,0.0,1.0,A,4.0,15.0,2.0,7.0,16.0,10.0,2.0,9.0,3.0,3.0,0.0,0.0,11.0,5.5,1.29,11.73,5.64,1.32,12.0,5.75,1.38,10.54,5.25,1.31,55.0,2016/2017
I1,2016-09-25,Inter Milan,Bologna,1.0,1.0,D,22.0,8.0,6.0,3.0,12.0,7.0,8.0,4.0,0.0,4.0,0.0,0.0,1.45,4.2,8.5,1.44,4.79,8.69,1.51,4.8,8.69,1.44,4.45,7.55,55.0,2016/2017
I1,2016-09-25,Genoa,Pescara,1.0,1.0,D,8.0,12.0,4.0,4.0,22.0,10.0,1.0,5.0,2.0,3.0,2.0,0.0,1.65,4.0,5.25,1.7,3.98,5.54,1.71,4.14,6.0,1.66,3.86,5.31,56.0,2016/2017
I1,2016-09-25,Fiorentina,Milan,0.0,0.0,D,20.0,12.0,5.0,1.0,10.0,12.0,6.0,3.0,2.0,4.0,0.0,0.0,2.3,3.1,3.4,2.3,3.39,3.44,2.4,3.42,3.5,2.27,3.27,3.3,56.0,2016/2017
I1,2016-09-25,Torino,Roma,3.0,1.0,H,18.0,21.0,9.0,5.0,15.0,12.0,7.0,13.0,1.0,4.0,0.0,0.0,3.75,3.5,2.0,3.67,3.66,2.11,3.76,3.74,2.12,3.57,3.53,2.05,54.0,2016/2017
I1,2016-09-25,Sassuolo,Udinese,1.0,0.0,H,12.0,11.0,5.0,3.0,14.0,12.0,6.0,9.0,3.0,2.0,0.0,0.0,2.05,3.3,3.8,2.04,3.36,4.3,2.2,3.51,4.31,2.03,3.29,3.94,55.0,2016/2017
I1,2016-09-25,Lazio,Empoli,2.0,0.0,H,12.0,9.0,3.0,3.0,14.0,7.0,5.0,6.0,2.0,2.0,0.0,0.0,1.44,4.2,8.5,1.51,4.4,7.73,1.55,4.58,8.5,1.48,4.21,7.24,56.0,2016/2017
I1,2016-09-26,Cagliari,Sampdoria,2.0,1.0,H,9.0,18.0,3.0,2.0,16.0,15.0,3.0,10.0,2.0,3.0,0.0,0.0,2.2,3.2,3.5,2.3,3.37,3.46,2.3,3.49,3.55,2.23,3.29,3.33,53.0,2016/2017
I1,2016-09-26,Crotone,Atalanta,1.0,3.0,A,10.0,12.0,3.0,8.0,21.0,14.0,6.0,3.0,3.0,1.0,0.0,1.0,4.5,3.3,1.91,4.57,3.58,1.92,4.8,3.62,2.0,4.37,3.42,1.89,54.0,2016/2017
I1,2016-10-01,Pescara,Chievo,0.0,2.0,A,11.0,15.0,2.0,4.0,11.0,14.0,11.0,5.0,1.0,3.0,0.0,0.0,2.55,3.2,2.9,2.73,3.1,3.02,2.85,3.25,3.02,2.65,3.09,2.86,56.0,2016/2017
I1,2016-10-01,Udinese,Lazio,0.0,3.0,A,15.0,15.0,3.0,5.0,4.0,12.0,5.0,9.0,2.0,1.0,0.0,0.0,3.0,3.3,2.4,3.12,3.4,2.47,3.25,3.4,2.5,3.04,3.26,2.41,56.0,2016/2017
I1,2016-10-02,Atalanta,Napoli,1.0,0.0,H,10.0,13.0,4.0,3.0,11.0,13.0,4.0,12.0,3.0,3.0,0.0,0.0,6.0,4.0,1.55,6.35,4.21,1.6,6.5,4.26,1.65,5.8,4.0,1.6,56.0,2016/2017
I1,2016-10-02,Empoli,Juventus,0.0,3.0,A,6.0,26.0,3.0,11.0,21.0,20.0,5.0,7.0,2.0,1.0,0.0,0.0,10.0,5.0,1.3,11.86,5.76,1.31,12.0,5.76,1.38,10.23,5.18,1.32,54.0,2016/2017
I1,2016-10-02,Bologna,Genoa,0.0,1.0,A,6.0,13.0,3.0,4.0,8.0,22.0,7.0,3.0,1.0,3.0,2.0,1.0,2.2,3.1,3.6,2.32,3.15,3.69,2.4,3.28,3.69,2.3,3.12,3.39,54.0,2016/2017
I1,2016-10-02,Cagliari,Crotone,2.0,1.0,H,14.0,22.0,9.0,8.0,14.0,14.0,6.0,14.0,0.0,4.0,0.0,0.0,1.44,4.33,8.0,1.51,4.32,7.8,1.55,4.8,8.25,1.47,4.34,7.17,55.0,2016/2017
I1,2016-10-02,Roma,Inter Milan,2.0,1.0,H,19.0,17.0,8.0,5.0,9.0,17.0,3.0,10.0,1.0,2.0,0.0,0.0,2.0,3.5,3.8,1.97,3.59,4.29,2.1,3.75,4.33,1.96,3.52,3.92,55.0,2016/2017
I1,2016-10-02,Torino,Fiorentina,2.0,1.0,H,18.0,13.0,5.0,5.0,15.0,12.0,6.0,8.0,1.0,2.0,0.0,0.0,2.4,3.2,3.1,2.45,3.3,3.23,2.5,3.33,3.27,2.41,3.2,3.09,54.0,2016/2017
I1,2016-10-02,Sampdoria,Palermo,1.0,1.0,D,23.0,4.0,7.0,2.0,9.0,18.0,7.0,1.0,2.0,5.0,0.0,1.0,1.65,3.75,5.5,1.7,3.75,5.97,1.78,3.9,6.0,1.71,3.65,5.27,56.0,2016/2017
I1,2016-10-02,Milan,Sassuolo,4.0,3.0,H,15.0,7.0,6.0,5.0,10.0,10.0,5.0,4.0,1.0,5.0,0.0,0.0,1.62,3.8,6.0,1.63,4.04,6.32,1.73,4.17,6.32,1.63,3.87,5.59,56.0,2016/2017
I1,2016-10-15,Juventus,Udinese,2.0,1.0,H,15.0,8.0,5.0,4.0,11.0,11.0,4.0,7.0,1.0,2.0,0.0,0.0,1.2,7.0,13.0,1.23,7.03,15.57,1.27,7.25,17.0,1.21,6.52,14.61,47.0,2016/2017
I1,2016-10-15,Napoli,Roma,1.0,3.0,A,21.0,14.0,5.0,6.0,5.0,16.0,9.0,1.0,2.0,3.0,0.0,0.0,2.0,3.5,3.8,2.0,3.66,4.05,2.08,3.85,4.05,1.99,3.58,3.72,48.0,2016/2017
I1,2016-10-15,Pescara,Sampdoria,1.0,1.0,D,10.0,22.0,7.0,9.0,9.0,12.0,8.0,8.0,1.0,1.0,1.0,0.0,2.38,3.3,3.1,2.41,3.4,3.21,2.6,3.45,3.21,2.4,3.24,3.06,48.0,2016/2017
I1,2016-10-16,Genoa,Empoli,0.0,0.0,D,8.0,2.0,3.0,1.0,17.0,17.0,3.0,2.0,0.0,4.0,1.0,0.0,1.75,3.6,5.0,1.83,3.65,5.02,1.83,3.68,5.27,1.77,3.56,4.83,47.0,2016/2017
I1,2016-10-16,Fiorentina,Atalanta,0.0,0.0,D,17.0,13.0,6.0,3.0,14.0,17.0,7.0,6.0,3.0,3.0,0.0,0.0,1.75,3.6,5.0,1.74,3.89,5.29,1.8,3.89,5.5,1.73,3.66,4.96,48.0,2016/2017
I1,2016-10-16,Chievo,Milan,1.0,3.0,A,8.0,16.0,5.0,5.0,17.0,13.0,7.0,2.0,3.0,2.0,0.0,0.0,2.8,3.0,2.75,2.89,3.11,2.83,2.95,3.2,2.9,2.83,3.0,2.74,48.0,2016/2017
I1,2016-10-16,Inter Milan,Cagliari,1.0,2.0,A,17.0,11.0,4.0,6.0,10.0,12.0,10.0,6.0,1.0,5.0,0.0,0.0,1.4,4.75,8.5,1.42,4.74,9.61,1.48,4.95,9.8,1.41,4.64,7.81,48.0,2016/2017
I1,2016-10-16,Sassuolo,Crotone,2.0,1.0,H,22.0,8.0,9.0,1.0,10.0,22.0,15.0,1.0,1.0,3.0,0.0,0.0,1.4,4.5,8.5,1.45,4.63,8.72,1.5,4.69,9.0,1.44,4.43,7.65,48.0,2016/2017
I1,2016-10-16,Lazio,Bologna,1.0,1.0,D,25.0,9.0,8.0,4.0,13.0,16.0,18.0,0.0,4.0,3.0,0.0,0.0,1.5,4.0,7.5,1.53,4.26,7.52,1.56,4.3,7.85,1.51,4.09,6.87,47.0,2016/2017
I1,2016-10-17,Palermo,Torino,1.0,4.0,A,16.0,15.0,3.0,7.0,15.0,23.0,10.0,6.0,4.0,2.0,0.0,0.0,3.8,3.5,2.0,4.28,3.46,2.01,4.3,3.5,2.03,3.95,3.4,1.98,47.0,2016/2017
I1,2016-10-22,Milan,Juventus,1.0,0.0,H,8.0,22.0,2.0,3.0,19.0,14.0,5.0,9.0,4.0,3.0,0.0,0.0,4.5,3.7,1.8,4.79,3.59,1.88,5.0,3.75,1.88,4.55,3.55,1.82,55.0,2016/2017
I1,2016-10-22,Sampdoria,Genoa,2.0,1.0,H,14.0,10.0,7.0,5.0,12.0,15.0,5.0,6.0,2.0,3.0,0.0,0.0,3.1,3.25,2.4,3.13,3.19,2.59,3.13,3.3,2.6,2.96,3.17,2.51,55.0,2016/2017
I1,2016-10-23,Roma,Palermo,4.0,1.0,H,18.0,7.0,7.0,3.0,11.0,14.0,4.0,4.0,3.0,2.0,0.0,0.0,1.18,7.0,17.0,1.18,8.31,18.56,1.24,8.31,19.0,1.19,7.08,15.28,55.0,2016/2017
I1,2016-10-23,Torino,Lazio,2.0,2.0,D,16.0,14.0,4.0,6.0,12.0,14.0,4.0,6.0,2.0,2.0,0.0,0.0,2.2,3.3,3.4,2.24,3.52,3.46,2.4,3.52,3.53,2.23,3.34,3.29,55.0,2016/2017
I1,2016-10-23,Atalanta,Inter Milan,2.0,1.0,H,11.0,7.0,8.0,4.0,19.0,11.0,4.0,0.0,2.0,1.0,0.0,0.0,3.3,3.4,2.2,3.51,3.34,2.29,3.55,3.45,2.33,3.3,3.31,2.24,55.0,2016/2017
I1,2016-10-23,Bologna,Sassuolo,1.0,1.0,D,14.0,8.0,4.0,3.0,11.0,13.0,7.0,11.0,0.0,1.0,0.0,0.0,2.5,3.2,3.0,2.7,3.02,3.15,2.7,3.3,3.2,2.55,3.06,2.99,54.0,2016/2017
I1,2016-10-23,Cagliari,Fiorentina,3.0,5.0,A,10.0,16.0,5.0,8.0,19.0,7.0,4.0,7.0,2.0,2.0,0.0,0.0,3.0,3.3,2.4,3.28,3.35,2.4,3.3,3.4,2.47,3.07,3.26,2.38,55.0,2016/2017
I1,2016-10-23,Crotone,Napoli,1.0,2.0,A,12.0,13.0,4.0,8.0,20.0,8.0,7.0,7.0,2.0,0.0,0.0,1.0,15.0,6.0,1.22,15.45,6.46,1.25,15.5,6.8,1.31,13.06,6.01,1.24,55.0,2016/2017
I1,2016-10-23,Empoli,Chievo,0.0,0.0,D,8.0,13.0,3.0,2.0,16.0,28.0,6.0,3.0,3.0,3.0,0.0,1.0,2.55,3.0,3.1,2.65,3.03,3.2,2.7,3.2,3.25,2.59,2.97,3.03,55.0,2016/2017
I1,2016-10-23,Udinese,Pescara,3.0,1.0,H,9.0,16.0,4.0,3.0,12.0,9.0,6.0,3.0,2.0,1.0,0.0,0.0,1.85,3.5,4.5,1.89,3.6,4.67,1.93,3.64,4.68,1.87,3.49,4.31,55.0,2016/2017
I1,2016-10-25,Genoa,Milan,3.0,0.0,H,8.0,13.0,3.0,3.0,15.0,9.0,5.0,4.0,3.0,0.0,0.0,1.0,2.75,3.25,2.6,2.8,3.35,2.74,2.9,3.4,2.75,2.77,3.24,2.64,54.0,2016/2017
I1,2016-10-26,Juventus,Sampdoria,4.0,1.0,H,13.0,8.0,7.0,3.0,6.0,16.0,5.0,2.0,0.0,3.0,0.0,0.0,1.17,7.5,17.0,1.21,7.18,17.5,1.27,7.5,18.0,1.2,6.67,15.26,52.0,2016/2017
I1,2016-10-26,Inter Milan,Torino,2.0,1.0,H,22.0,7.0,6.0,2.0,14.0,18.0,2.0,10.0,0.0,4.0,0.0,0.0,2.0,3.5,3.75,1.98,3.57,4.26,2.03,3.62,4.4,1.96,3.47,3.96,52.0,2016/2017
I1,2016-10-26,Chievo,Bologna,1.0,1.0,D,10.0,8.0,3.0,4.0,18.0,14.0,6.0,4.0,0.0,4.0,0.0,0.0,2.1,3.1,4.0,2.14,3.22,4.13,2.15,3.29,4.13,2.1,3.17,3.85,52.0,2016/2017
I1,2016-10-26,Fiorentina,Crotone,1.0,1.0,D,26.0,4.0,11.0,2.0,15.0,16.0,14.0,1.0,1.0,2.0,0.0,0.0,1.22,6.0,15.0,1.27,6.44,13.21,1.32,6.5,15.0,1.25,5.99,12.2,52.0,2016/2017
I1,2016-10-26,Napoli,Empoli,2.0,0.0,H,35.0,7.0,10.0,2.0,7.0,9.0,11.0,8.0,1.0,2.0,0.0,0.0,1.29,5.5,11.0,1.3,5.72,13.2,1.33,6.1,13.5,1.27,5.59,11.64,54.0,2016/2017
I1,2016-10-26,Sassuolo,Roma,1.0,3.0,A,16.0,16.0,3.0,5.0,12.0,10.0,5.0,11.0,3.0,0.0,0.0,0.0,4.2,3.5,1.91,4.33,3.69,1.93,4.33,3.77,2.0,4.04,3.61,1.9,52.0,2016/2017
I1,2016-10-26,Lazio,Cagliari,4.0,1.0,H,19.0,14.0,12.0,5.0,6.0,6.0,4.0,10.0,2.0,3.0,0.0,0.0,1.44,4.5,7.5,1.52,4.51,7.18,1.6,4.62,7.5,1.51,4.36,6.45,52.0,2016/2017
I1,2016-10-26,Pescara,Atalanta,0.0,1.0,A,5.0,13.0,0.0,3.0,18.0,22.0,2.0,8.0,3.0,3.0,0.0,0.0,2.9,3.25,2.5,2.97,3.23,2.68,3.1,3.37,2.68,2.9,3.21,2.53,54.0,2016/2017
I1,2016-10-27,Palermo,Udinese,1.0,3.0,A,11.0,11.0,2.0,7.0,15.0,15.0,3.0,4.0,2.0,2.0,1.0,0.0,2.9,3.25,2.5,2.97,3.29,2.64,3.0,3.35,2.65,2.86,3.22,2.55,54.0,2016/2017
I1,2016-10-29,Bologna,Fiorentina,0.0,1.0,A,5.0,12.0,2.0,5.0,8.0,17.0,2.0,5.0,3.0,3.0,1.0,0.0,3.25,3.25,2.3,3.4,3.22,2.41,3.45,3.3,2.49,3.24,3.16,2.35,55.0,2016/2017
I1,2016-10-29,Juventus,Napoli,2.0,1.0,H,10.0,12.0,3.0,2.0,11.0,10.0,3.0,4.0,4.0,1.0,0.0,0.0,1.8,3.5,4.75,1.85,3.57,4.96,1.91,3.65,5.02,1.84,3.46,4.58,54.0,2016/2017
I1,2016-10-30,Atalanta,Genoa,3.0,0.0,H,15.0,10.0,9.0,2.0,12.0,14.0,3.0,3.0,1.0,2.0,0.0,0.0,2.3,3.2,3.3,2.32,3.25,3.55,2.46,3.31,3.55,2.31,3.19,3.29,55.0,2016/2017
I1,2016-10-30,Crotone,Chievo,2.0,0.0,H,9.0,16.0,7.0,3.0,19.0,21.0,4.0,5.0,1.0,2.0,0.0,0.0,3.5,3.2,2.2,3.72,3.22,2.24,3.8,3.32,2.35,3.5,3.17,2.22,55.0,2016/2017
I1,2016-10-30,Empoli,Roma,0.0,0.0,D,8.0,23.0,3.0,5.0,18.0,13.0,4.0,8.0,6.0,3.0,0.0,0.0,6.0,4.2,1.55,6.39,4.22,1.6,6.39,4.3,1.65,5.82,4.09,1.58,55.0,2016/2017
I1,2016-10-30,Lazio,Sassuolo,2.0,1.0,H,14.0,14.0,6.0,5.0,17.0,11.0,10.0,4.0,2.0,1.0,0.0,0.0,1.67,3.75,5.5,1.64,4.25,5.75,1.71,4.25,5.75,1.64,4.01,5.23,55.0,2016/2017
I1,2016-10-30,Milan,Pescara,1.0,0.0,H,18.0,14.0,9.0,6.0,11.0,14.0,5.0,5.0,1.0,2.0,0.0,0.0,1.4,4.75,8.0,1.44,4.85,8.51,1.51,4.85,8.51,1.43,4.58,7.62,55.0,2016/2017
I1,2016-10-30,Sampdoria,Inter Milan,1.0,0.0,H,9.0,14.0,3.0,3.0,15.0,14.0,4.0,5.0,1.0,3.0,0.0,0.0,3.6,3.5,2.05,3.67,3.47,2.18,3.7,3.56,2.25,3.52,3.42,2.11,55.0,2016/2017
I1,2016-10-31,Cagliari,Palermo,2.0,1.0,H,8.0,12.0,4.0,3.0,19.0,16.0,2.0,4.0,5.0,3.0,0.0,0.0,1.73,3.5,5.0,1.77,3.96,4.94,1.82,3.96,5.0,1.75,3.79,4.62,52.0,2016/2017
I1,2016-10-31,Udinese,Torino,2.0,2.0,D,16.0,13.0,5.0,3.0,13.0,19.0,4.0,4.0,2.0,3.0,0.0,0.0,2.88,3.25,2.45,3.0,3.29,2.62,3.0,3.47,2.62,2.88,3.23,2.53,52.0,2016/2017
I1,2016-11-05,Napoli,Lazio,1.0,1.0,D,18.0,7.0,8.0,3.0,12.0,15.0,9.0,2.0,0.0,2.0,0.0,0.0,1.67,4.0,5.0,1.7,3.98,5.5,1.79,4.16,5.5,1.71,3.87,4.89,51.0,2016/2017
I1,2016-11-05,Torino,Cagliari,5.0,1.0,H,23.0,10.0,9.0,7.0,15.0,10.0,5.0,4.0,1.0,2.0,0.0,1.0,1.55,4.33,5.75,1.58,4.38,6.29,1.64,4.55,6.5,1.57,4.24,5.74,51.0,2016/2017
I1,2016-11-06,Chievo,Juventus,1.0,2.0,A,9.0,17.0,2.0,6.0,20.0,14.0,2.0,4.0,5.0,4.0,0.0,0.0,9.0,4.0,1.44,8.91,4.25,1.49,9.05,4.41,1.54,8.16,4.19,1.45,51.0,2016/2017
I1,2016-11-06,Fiorentina,Sampdoria,1.0,1.0,D,20.0,17.0,5.0,6.0,18.0,14.0,11.0,2.0,3.0,2.0,0.0,0.0,1.57,3.8,6.5,1.6,4.17,6.38,1.67,4.24,6.5,1.57,4.05,6.03,51.0,2016/2017
I1,2016-11-06,Genoa,Udinese,1.0,1.0,D,16.0,10.0,4.0,3.0,15.0,12.0,3.0,1.0,2.0,1.0,0.0,0.0,1.85,3.6,4.33,1.92,3.45,4.78,1.96,3.6,4.8,1.87,3.45,4.41,51.0,2016/2017
I1,2016-11-06,Inter Milan,Crotone,3.0,0.0,H,25.0,4.0,9.0,0.0,9.0,10.0,18.0,4.0,1.0,2.0,0.0,0.0,1.25,5.75,13.0,1.26,6.46,14.4,1.32,6.5,15.0,1.25,6.0,12.27,51.0,2016/2017
I1,2016-11-06,Palermo,Milan,1.0,2.0,A,15.0,12.0,7.0,6.0,23.0,14.0,6.0,5.0,2.0,1.0,0.0,0.0,5.5,3.75,1.67,5.8,3.92,1.69,6.0,3.96,1.75,5.42,3.79,1.66,51.0,2016/2017
I1,2016-11-06,Pescara,Empoli,0.0,4.0,A,22.0,9.0,7.0,6.0,15.0,11.0,8.0,1.0,2.0,2.0,0.0,0.0,2.4,3.2,3.1,2.37,3.33,3.37,2.41,3.33,3.4,2.35,3.2,3.19,51.0,2016/2017
I1,2016-11-06,Roma,Bologna,3.0,0.0,H,22.0,13.0,8.0,5.0,18.0,9.0,3.0,6.0,1.0,0.0,0.0,0.0,1.25,6.0,12.0,1.28,6.41,12.42,1.31,6.5,13.0,1.26,5.99,10.94,51.0,2016/2017
I1,2016-11-06,Sassuolo,Atalanta,0.0,3.0,A,15.0,15.0,3.0,8.0,10.0,19.0,3.0,7.0,4.0,2.0,0.0,0.0,2.5,3.2,3.0,2.51,3.24,3.2,2.55,3.28,3.2,2.47,3.18,3.0,51.0,2016/2017
I1,2016-11-19,Chievo,Cagliari,1.0,0.0,H,12.0,11.0,2.0,2.0,17.0,18.0,5.0,9.0,3.0,3.0,0.0,0.0,1.91,3.5,4.2,1.99,3.56,4.24,2.07,3.6,4.5,1.94,3.46,4.1,51.0,2016/2017
I1,2016-11-19,Juventus,Pescara,3.0,0.0,H,14.0,9.0,5.0,3.0,11.0,15.0,5.0,1.0,0.0,2.0,0.0,0.0,1.14,8.0,19.0,1.17,8.82,18.1,1.19,8.95,21.46,1.15,8.12,17.71,51.0,2016/2017
I1,2016-11-19,Udinese,Napoli,1.0,2.0,A,7.0,10.0,3.0,4.0,9.0,7.0,4.0,7.0,1.0,0.0,0.0,0.0,4.75,3.75,1.75,4.99,3.86,1.78,5.15,3.89,1.85,4.67,3.68,1.77,51.0,2016/2017
I1,2016-11-20,Atalanta,Roma,2.0,1.0,H,21.0,9.0,6.0,5.0,15.0,14.0,10.0,6.0,1.0,2.0,0.0,0.0,4.0,3.5,1.95,3.76,3.73,2.06,4.15,3.85,2.1,3.68,3.6,2.0,51.0,2016/2017
I1,2016-11-20,Bologna,Palermo,3.0,1.0,H,8.0,8.0,4.0,4.0,15.0,15.0,4.0,6.0,1.0,1.0,0.0,0.0,1.75,3.6,5.0,1.78,3.7,5.33,1.85,3.7,5.35,1.77,3.57,4.93,51.0,2016/2017
I1,2016-11-20,Crotone,Torino,0.0,2.0,A,15.0,16.0,5.0,4.0,11.0,6.0,6.0,5.0,1.0,1.0,0.0,0.0,5.0,3.75,1.73,5.12,3.92,1.76,5.12,3.92,1.81,4.75,3.76,1.75,51.0,2016/2017
I1,2016-11-20,Empoli,Fiorentina,0.0,4.0,A,13.0,24.0,6.0,13.0,7.0,12.0,5.0,4.0,1.0,3.0,0.0,0.0,3.9,3.4,2.0,3.87,3.37,2.15,4.0,3.4,2.19,3.75,3.29,2.08,50.0,2016/2017
I1,2016-11-20,Lazio,Genoa,3.0,1.0,H,16.0,12.0,4.0,3.0,14.0,20.0,3.0,5.0,1.0,3.0,0.0,1.0,1.7,3.8,5.0,1.75,3.85,5.35,1.8,4.04,5.55,1.69,3.78,5.11,51.0,2016/2017
I1,2016-11-20,Milan,Inter Milan,2.0,2.0,D,10.0,21.0,4.0,6.0,16.0,14.0,1.0,8.0,2.0,4.0,0.0,0.0,2.8,3.2,2.6,2.89,3.2,2.76,2.89,3.36,2.85,2.76,3.18,2.69,51.0,2016/2017
I1,2016-11-20,Sampdoria,Sassuolo,3.0,2.0,H,22.0,11.0,8.0,5.0,17.0,17.0,9.0,1.0,4.0,3.0,0.0,0.0,2.05,3.4,3.75,2.17,3.42,3.75,2.26,3.49,3.8,2.12,3.34,3.56,51.0,2016/2017
I1,2016-11-26,Empoli,Milan,1.0,4.0,A,15.0,16.0,4.0,6.0,11.0,17.0,2.0,6.0,2.0,3.0,0.0,0.0,3.8,3.3,2.05,4.07,3.39,2.08,4.07,3.41,2.12,3.84,3.29,2.05,49.0,2016/2017
I1,2016-11-26,Torino,Chievo,2.0,1.0,H,16.0,10.0,4.0,3.0,13.0,10.0,10.0,2.0,2.0,1.0,0.0,1.0,1.73,3.6,5.25,1.81,3.66,5.12,1.81,3.75,5.55,1.74,3.62,5.09,49.0,2016/2017
I1,2016-11-27,Bologna,Atalanta,0.0,2.0,A,9.0,14.0,2.0,2.0,15.0,12.0,6.0,9.0,5.0,2.0,0.0,0.0,3.0,3.2,2.5,3.08,3.34,2.53,3.2,3.34,2.55,3.0,3.21,2.46,48.0,2016/2017
I1,2016-11-27,Cagliari,Udinese,2.0,1.0,H,7.0,20.0,3.0,5.0,16.0,19.0,3.0,4.0,4.0,3.0,0.0,0.0,2.38,3.4,3.0,2.48,3.44,3.06,2.48,3.47,3.2,2.39,3.32,3.02,49.0,2016/2017
I1,2016-11-27,Crotone,Sampdoria,1.0,1.0,D,9.0,15.0,3.0,6.0,17.0,15.0,2.0,6.0,3.0,0.0,0.0,0.0,3.3,3.4,2.2,3.37,3.47,2.3,3.55,3.47,2.35,3.27,3.32,2.26,49.0,2016/2017
I1,2016-11-27,Genoa,Juventus,3.0,1.0,H,12.0,12.0,6.0,2.0,26.0,8.0,3.0,6.0,3.0,2.0,0.0,0.0,6.0,3.75,1.62,6.75,3.96,1.61,7.0,4.0,1.67,6.17,3.81,1.6,49.0,2016/2017
I1,2016-11-27,Palermo,Lazio,0.0,1.0,A,17.0,18.0,4.0,6.0,11.0,18.0,4.0,5.0,3.0,1.0,1.0,0.0,5.5,4.0,1.62,5.7,4.02,1.68,5.7,4.11,1.72,5.37,3.87,1.65,49.0,2016/2017
I1,2016-11-27,Roma,Pescara,3.0,2.0,H,14.0,14.0,7.0,7.0,20.0,21.0,8.0,7.0,3.0,3.0,0.0,0.0,1.2,7.5,12.0,1.21,8.04,14.89,1.25,8.04,15.0,1.2,7.06,13.1,49.0,2016/2017
I1,2016-11-28,Inter Milan,Fiorentina,4.0,2.0,H,22.0,12.0,9.0,6.0,28.0,15.0,7.0,2.0,5.0,3.0,0.0,1.0,2.0,3.4,3.9,2.03,3.54,4.07,2.07,3.59,4.07,2.01,3.42,3.84,48.0,2016/2017
I1,2016-11-28,Napoli,Sassuolo,1.0,1.0,D,20.0,4.0,6.0,1.0,14.0,12.0,9.0,3.0,3.0,4.0,0.0,0.0,1.25,6.0,12.0,1.31,6.18,10.46,1.33,6.18,12.0,1.29,5.68,10.1,48.0,2016/2017
I1,2016-12-02,Napoli,Inter Milan,3.0,0.0,H,19.0,18.0,11.0,6.0,7.0,12.0,5.0,7.0,2.0,3.0,0.0,0.0,1.75,3.75,4.75,1.85,3.91,4.45,1.9,3.97,4.75,1.8,3.76,4.33,43.0,2016/2017
I1,2016-12-03,Juventus,Atalanta,3.0,1.0,H,12.0,7.0,7.0,2.0,25.0,18.0,6.0,4.0,3.0,2.0,0.0,0.0,1.4,4.5,9.0,1.41,4.79,9.58,1.43,4.87,10.0,1.39,4.56,8.98,45.0,2016/2017
I1,2016-12-04,Fiorentina,Palermo,2.0,1.0,H,19.0,7.0,7.0,2.0,16.0,22.0,7.0,6.0,2.0,2.0,0.0,0.0,1.29,5.5,11.0,1.3,5.99,11.58,1.35,6.05,12.0,1.3,5.47,10.51,44.0,2016/2017
I1,2016-12-04,Lazio,Roma,0.0,2.0,A,11.0,7.0,2.0,4.0,21.0,14.0,6.0,3.0,4.0,3.0,1.0,0.0,2.9,3.4,2.4,3.09,3.39,2.49,3.09,3.52,2.53,2.92,3.36,2.44,45.0,2016/2017
I1,2016-12-04,Milan,Crotone,2.0,1.0,H,12.0,9.0,4.0,5.0,22.0,19.0,7.0,4.0,4.0,4.0,0.0,0.0,1.33,5.0,10.0,1.32,5.76,11.04,1.38,5.85,12.0,1.31,5.41,10.04,45.0,2016/2017
I1,2016-12-04,Pescara,Cagliari,1.0,1.0,D,19.0,6.0,2.0,2.0,20.0,18.0,8.0,2.0,2.0,2.0,0.0,1.0,2.38,3.4,3.0,2.44,3.57,3.03,2.6,3.57,3.1,2.42,3.37,2.94,45.0,2016/2017
I1,2016-12-04,Sampdoria,Torino,2.0,0.0,H,13.0,14.0,2.0,3.0,10.0,20.0,5.0,2.0,1.0,4.0,0.0,0.0,2.75,3.25,2.63,2.7,3.4,2.81,2.85,3.53,2.85,2.71,3.26,2.66,45.0,2016/2017
I1,2016-12-04,Sassuolo,Empoli,3.0,0.0,H,12.0,14.0,6.0,3.0,20.0,10.0,2.0,7.0,4.0,6.0,0.0,0.0,1.83,3.4,4.75,1.85,3.59,4.93,2.0,3.65,5.0,1.84,3.44,4.62,45.0,2016/2017
I1,2016-12-05,Chievo,Genoa,0.0,0.0,D,7.0,9.0,2.0,0.0,9.0,19.0,5.0,8.0,2.0,3.0,0.0,0.0,2.5,3.1,3.1,2.61,3.12,3.17,2.61,3.3,3.2,2.52,3.06,3.04,44.0,2016/2017
I1,2016-12-05,Udinese,Bologna,1.0,0.0,H,19.0,7.0,9.0,1.0,10.0,17.0,5.0,0.0,3.0,0.0,0.0,1.0,2.0,3.2,4.2,2.06,3.39,4.18,2.1,3.4,4.3,2.01,3.27,4.0,45.0,2016/2017
I1,2016-12-10,Crotone,Pescara,2.0,1.0,H,8.0,6.0,4.0,3.0,18.0,20.0,1.0,4.0,1.0,3.0,1.0,1.0,2.63,3.25,2.8,2.69,3.33,2.87,2.69,3.44,3.0,2.56,3.26,2.83,50.0,2016/2017
I1,2016-12-10,Sampdoria,Lazio,1.0,2.0,A,10.0,10.0,5.0,7.0,9.0,15.0,2.0,5.0,2.0,4.0,0.0,0.0,3.0,3.4,2.38,3.11,3.47,2.44,3.2,3.5,2.5,3.0,3.34,2.4,50.0,2016/2017
I1,2016-12-11,Atalanta,Udinese,1.0,3.0,A,18.0,6.0,9.0,3.0,11.0,12.0,11.0,0.0,1.0,2.0,0.0,0.0,1.75,3.6,5.0,1.75,3.74,5.51,1.8,3.85,5.51,1.73,3.6,5.11,50.0,2016/2017
I1,2016-12-11,Bologna,Empoli,0.0,0.0,D,22.0,3.0,3.0,1.0,14.0,17.0,7.0,2.0,2.0,4.0,0.0,0.0,2.1,3.25,3.8,2.13,3.3,4.03,2.16,3.37,4.03,2.09,3.25,3.79,49.0,2016/2017
I1,2016-12-11,Cagliari,Napoli,0.0,5.0,A,6.0,23.0,3.0,11.0,17.0,10.0,2.0,10.0,4.0,3.0,0.0,0.0,6.0,4.33,1.53,6.55,4.49,1.55,6.55,4.58,1.6,5.97,4.29,1.54,49.0,2016/2017
I1,2016-12-11,Inter Milan,Genoa,2.0,0.0,H,13.0,10.0,3.0,4.0,13.0,18.0,5.0,5.0,1.0,2.0,0.0,0.0,1.67,3.75,5.5,1.69,4.01,5.61,1.72,4.08,5.61,1.67,3.86,5.23,48.0,2016/2017
I1,2016-12-11,Palermo,Chievo,0.0,2.0,A,15.0,9.0,3.0,3.0,10.0,16.0,8.0,3.0,1.0,1.0,0.0,0.0,2.9,3.1,2.6,2.96,3.15,2.74,3.0,3.22,2.76,2.9,3.1,2.62,49.0,2016/2017
I1,2016-12-11,Torino,Juventus,1.0,3.0,A,9.0,17.0,2.0,8.0,23.0,19.0,4.0,3.0,1.0,2.0,0.0,0.0,4.33,3.6,1.85,4.56,3.64,1.9,4.6,3.64,1.93,4.45,3.48,1.86,49.0,2016/2017
I1,2016-12-12,Fiorentina,Sassuolo,2.0,1.0,H,14.0,16.0,6.0,5.0,23.0,12.0,5.0,5.0,3.0,1.0,0.0,0.0,1.62,4.0,5.5,1.62,4.15,6.22,1.68,4.35,6.25,1.61,3.98,5.66,49.0,2016/2017
I1,2016-12-12,Roma,Milan,1.0,0.0,H,14.0,8.0,4.0,4.0,13.0,23.0,8.0,4.0,1.0,2.0,0.0,0.0,1.62,4.2,5.25,1.65,4.28,5.51,1.75,4.4,5.51,1.64,4.06,5.17,49.0,2016/2017
I1,2016-12-15,Genoa,Fiorentina,1.0,0.0,H,9.0,9.0,4.0,3.0,24.0,14.0,4.0,3.0,3.0,2.0,0.0,0.0,2.6,3.2,2.8,2.69,3.23,2.95,2.69,3.36,3.0,2.58,3.17,2.86,56.0,2016/2017
I1,2016-12-17,Empoli,Cagliari,2.0,0.0,H,7.0,9.0,2.0,2.0,23.0,17.0,3.0,2.0,6.0,5.0,0.0,0.0,2.05,3.25,3.75,2.13,3.42,3.87,2.19,3.47,3.92,2.09,3.32,3.72,51.0,2016/2017
I1,2016-12-17,Juventus,Roma,1.0,0.0,H,7.0,10.0,6.0,2.0,16.0,17.0,5.0,8.0,3.0,5.0,0.0,0.0,1.7,3.6,5.0,1.76,3.82,5.31,1.81,3.89,5.5,1.74,3.66,4.98,51.0,2016/2017
I1,2016-12-17,Milan,Atalanta,0.0,0.0,D,11.0,14.0,3.0,4.0,23.0,28.0,6.0,3.0,3.0,6.0,0.0,0.0,1.95,3.4,3.9,2.08,3.45,4.02,2.14,3.5,4.2,2.02,3.37,3.88,50.0,2016/2017
I1,2016-12-18,Chievo,Sampdoria,2.0,1.0,H,13.0,21.0,5.0,6.0,10.0,15.0,3.0,10.0,1.0,2.0,0.0,0.0,2.2,3.25,3.3,2.38,3.26,3.41,2.45,3.3,3.5,2.3,3.2,3.33,51.0,2016/2017
I1,2016-12-18,Genoa,Palermo,3.0,4.0,A,14.0,13.0,6.0,4.0,14.0,18.0,5.0,5.0,3.0,5.0,1.0,0.0,1.57,3.75,6.0,1.57,4.05,7.36,1.63,4.16,7.36,1.56,3.94,6.56,51.0,2016/2017
I1,2016-12-18,Lazio,Fiorentina,3.0,1.0,H,11.0,13.0,5.0,6.0,16.0,20.0,5.0,5.0,1.0,5.0,0.0,0.0,2.0,3.4,3.75,2.01,3.61,4.08,2.07,3.67,4.08,2.0,3.49,3.82,50.0,2016/2017
I1,2016-12-18,Napoli,Torino,5.0,3.0,H,21.0,10.0,10.0,5.0,6.0,14.0,4.0,3.0,0.0,3.0,0.0,0.0,1.45,4.2,7.5,1.49,4.59,7.61,1.55,4.85,7.61,1.48,4.48,6.79,50.0,2016/2017
I1,2016-12-18,Pescara,Bologna,0.0,3.0,A,7.0,18.0,1.0,8.0,13.0,16.0,1.0,7.0,1.0,2.0,1.0,0.0,2.4,3.0,3.2,2.47,3.23,3.28,2.51,3.32,3.3,2.43,3.17,3.11,51.0,2016/2017
I1,2016-12-18,Sassuolo,Inter Milan,0.0,1.0,A,11.0,20.0,4.0,6.0,14.0,18.0,3.0,8.0,1.0,3.0,0.0,1.0,3.4,3.6,2.05,3.79,3.63,2.08,3.79,3.71,2.12,3.6,3.53,2.05,51.0,2016/2017
I1,2016-12-18,Udinese,Crotone,2.0,0.0,H,14.0,9.0,8.0,4.0,10.0,19.0,5.0,4.0,0.0,4.0,0.0,1.0,1.57,3.8,6.0,1.63,4.03,6.3,1.67,4.06,6.5,1.61,3.85,5.99,51.0,2016/2017
I1,2016-12-20,Atalanta,Empoli,2.0,1.0,H,30.0,3.0,10.0,1.0,16.0,10.0,14.0,2.0,3.0,4.0,0.0,0.0,1.53,3.9,7.0,1.55,4.08,7.74,1.65,4.08,7.8,1.54,3.9,6.99,51.0,2016/2017
I1,2016-12-21,Inter Milan,Lazio,3.0,0.0,H,11.0,10.0,6.0,4.0,15.0,11.0,6.0,3.0,2.0,2.0,0.0,0.0,2.15,3.5,3.3,2.13,3.6,3.68,2.18,3.66,3.68,2.11,3.52,3.45,51.0,2016/2017
I1,2016-12-22,Palermo,Pescara,1.0,1.0,D,5.0,11.0,2.0,2.0,14.0,16.0,1.0,8.0,4.0,5.0,0.0,0.0,2.2,3.3,3.4,2.19,3.33,3.79,2.25,3.45,3.79,2.17,3.3,3.5,51.0,2016/2017
I1,2016-12-22,Cagliari,Sassuolo,4.0,3.0,H,18.0,12.0,10.0,4.0,13.0,18.0,5.0,4.0,3.0,3.0,0.0,1.0,2.5,3.4,2.8,2.53,3.43,3.02,2.55,3.5,3.02,2.46,3.35,2.88,51.0,2016/2017
I1,2016-12-22,Fiorentina,Napoli,3.0,3.0,D,15.0,9.0,5.0,8.0,14.0,7.0,3.0,2.0,5.0,3.0,0.0,0.0,3.5,3.5,2.1,3.56,3.7,2.13,3.62,3.75,2.2,3.46,3.55,2.09,51.0,2016/2017
I1,2016-12-22,Sampdoria,Udinese,0.0,0.0,D,14.0,11.0,3.0,3.0,11.0,10.0,6.0,2.0,1.0,1.0,0.0,0.0,2.2,3.4,3.3,2.21,3.42,3.63,2.25,3.47,3.63,2.17,3.35,3.45,51.0,2016/2017
I1,2016-12-22,Torino,Genoa,1.0,0.0,H,10.0,15.0,5.0,4.0,19.0,13.0,5.0,13.0,2.0,4.0,0.0,0.0,1.83,3.6,4.5,1.81,3.86,4.81,1.87,3.91,4.81,1.81,3.68,4.4,51.0,2016/2017
I1,2016-12-22,Roma,Chievo,3.0,1.0,H,25.0,6.0,9.0,2.0,9.0,13.0,9.0,1.0,0.0,2.0,0.0,0.0,1.33,5.5,8.0,1.33,5.7,10.66,1.38,5.7,11.0,1.32,5.35,9.51,51.0,2016/2017
I1,2017-01-07,Empoli,Palermo,1.0,0.0,H,6.0,13.0,2.0,4.0,13.0,17.0,6.0,2.0,1.0,3.0,0.0,0.0,2.05,3.3,3.8,2.08,3.3,4.22,2.1,3.35,4.3,2.04,3.26,3.99,50.0,2016/2017
I1,2017-01-07,Napoli,Sampdoria,2.0,1.0,H,23.0,9.0,9.0,2.0,15.0,16.0,9.0,3.0,1.0,0.0,0.0,1.0,1.29,5.5,10.0,1.28,6.35,12.46,1.32,6.35,13.0,1.28,5.88,10.66,51.0,2016/2017
I1,2017-01-08,Sassuolo,Torino,0.0,0.0,D,7.0,24.0,2.0,1.0,17.0,18.0,1.0,8.0,2.0,3.0,0.0,0.0,2.7,3.4,2.6,2.93,3.43,2.58,2.93,3.5,2.65,2.79,3.35,2.55,49.0,2016/2017
I1,2017-01-08,Udinese,Inter Milan,1.0,2.0,A,12.0,9.0,3.0,4.0,19.0,12.0,3.0,7.0,3.0,2.0,0.0,0.0,3.75,3.5,2.0,4.14,3.61,1.97,4.14,3.62,2.1,3.86,3.51,1.98,49.0,2016/2017
I1,2017-01-08,Chievo,Atalanta,1.0,4.0,A,7.0,18.0,2.0,7.0,21.0,14.0,4.0,3.0,1.0,1.0,0.0,0.0,2.75,3.2,2.7,2.88,3.12,2.84,2.88,3.2,2.84,2.78,3.08,2.74,49.0,2016/2017
I1,2017-01-08,Genoa,Roma,0.0,1.0,A,10.0,16.0,4.0,3.0,12.0,13.0,2.0,8.0,2.0,4.0,0.0,0.0,3.8,3.6,1.95,4.32,3.72,1.93,4.32,3.82,1.97,4.02,3.62,1.91,49.0,2016/2017
I1,2017-01-08,Juventus,Bologna,3.0,0.0,H,12.0,7.0,4.0,2.0,11.0,13.0,6.0,2.0,1.0,2.0,0.0,0.0,1.18,7.0,17.0,1.21,7.41,17.6,1.24,7.93,21.0,1.19,6.86,16.24,49.0,2016/2017
I1,2017-01-08,Lazio,Crotone,1.0,0.0,H,22.0,2.0,5.0,1.0,15.0,11.0,14.0,0.0,2.0,2.0,0.0,0.0,1.29,5.25,12.0,1.27,6.24,13.33,1.32,6.24,13.33,1.27,5.71,11.54,49.0,2016/2017
I1,2017-01-08,Milan,Cagliari,1.0,0.0,H,29.0,7.0,4.0,1.0,6.0,12.0,11.0,3.0,0.0,1.0,0.0,1.0,1.4,4.75,8.0,1.44,5.06,7.81,1.47,5.15,8.5,1.42,4.74,7.54,49.0,2016/2017
I1,2017-01-14,Crotone,Bologna,0.0,1.0,A,17.0,14.0,6.0,7.0,14.0,14.0,6.0,5.0,2.0,4.0,0.0,0.0,3.0,3.0,2.6,3.05,3.14,2.67,3.1,3.21,2.67,2.95,3.08,2.6,49.0,2016/2017
I1,2017-01-14,Inter Milan,Chievo,3.0,1.0,H,31.0,5.0,14.0,4.0,12.0,16.0,12.0,2.0,0.0,3.0,0.0,0.0,1.44,4.33,8.0,1.45,4.63,8.8,1.5,4.76,8.8,1.44,4.45,7.91,49.0,2016/2017
I1,2017-01-15,Cagliari,Genoa,4.0,1.0,H,19.0,12.0,12.0,4.0,8.0,13.0,3.0,14.0,3.0,2.0,1.0,0.0,2.8,3.4,2.5,2.87,3.34,2.69,2.88,3.52,2.85,2.78,3.28,2.61,50.0,2016/2017
I1,2017-01-15,Fiorentina,Juventus,2.0,1.0,H,17.0,11.0,6.0,4.0,22.0,20.0,3.0,7.0,3.0,5.0,0.0,0.0,4.75,3.4,1.83,5.2,3.54,1.83,5.2,3.57,1.87,4.82,3.43,1.82,50.0,2016/2017
I1,2017-01-15,Lazio,Atalanta,2.0,1.0,H,21.0,9.0,5.0,3.0,17.0,18.0,7.0,3.0,5.0,2.0,0.0,0.0,2.0,3.4,3.9,2.04,3.55,4.02,2.04,3.6,4.26,1.97,3.45,3.98,49.0,2016/2017
I1,2017-01-15,Napoli,Pescara,3.0,1.0,H,23.0,8.0,10.0,2.0,10.0,14.0,6.0,2.0,1.0,3.0,0.0,0.0,1.14,8.0,19.0,1.18,8.56,17.45,1.2,8.72,21.79,1.16,7.92,16.55,50.0,2016/2017
I1,2017-01-15,Sampdoria,Empoli,0.0,0.0,D,16.0,14.0,2.0,2.0,8.0,9.0,6.0,8.0,3.0,3.0,0.0,0.0,1.75,3.5,5.25,1.76,3.73,5.44,1.8,3.73,5.5,1.75,3.54,5.1,50.0,2016/2017
I1,2017-01-15,Sassuolo,Palermo,4.0,1.0,H,14.0,14.0,7.0,3.0,14.0,11.0,8.0,3.0,2.0,2.0,0.0,0.0,1.73,3.6,5.25,1.74,3.81,5.51,1.8,3.84,5.55,1.73,3.67,5.11,50.0,2016/2017
I1,2017-01-15,Udinese,Roma,0.0,1.0,A,10.0,13.0,5.0,4.0,16.0,17.0,4.0,7.0,2.0,1.0,0.0,0.0,4.2,3.5,1.91,4.46,3.7,1.9,4.46,3.75,1.95,4.21,3.56,1.89,50.0,2016/2017
I1,2017-01-16,Torino,Milan,2.0,2.0,D,17.0,23.0,7.0,8.0,11.0,11.0,6.0,6.0,5.0,1.0,0.0,1.0,2.38,3.3,3.1,2.38,3.39,3.27,2.5,3.49,3.27,2.36,3.31,3.1,49.0,2016/2017
I1,2017-01-21,Chievo,Fiorentina,0.0,3.0,A,17.0,10.0,6.0,6.0,18.0,18.0,2.0,8.0,3.0,2.0,0.0,0.0,3.4,3.25,2.25,3.47,3.37,2.3,3.6,3.38,2.31,3.41,3.26,2.24,50.0,2016/2017
I1,2017-01-21,Milan,Napoli,1.0,2.0,A,13.0,9.0,4.0,5.0,15.0,16.0,7.0,1.0,4.0,4.0,0.0,0.0,4.0,3.3,2.0,3.75,3.6,2.1,4.0,3.63,2.3,3.65,3.47,2.07,49.0,2016/2017
I1,2017-01-22,Atalanta,Sampdoria,1.0,0.0,H,13.0,13.0,6.0,3.0,13.0,20.0,5.0,5.0,1.0,3.0,0.0,0.0,1.67,3.75,5.5,1.67,3.91,6.09,1.75,4.0,6.14,1.66,3.78,5.55,50.0,2016/2017
I1,2017-01-22,Empoli,Udinese,1.0,0.0,H,5.0,9.0,1.0,2.0,18.0,17.0,7.0,3.0,4.0,4.0,0.0,0.0,2.6,3.2,2.8,2.71,3.13,3.01,2.72,3.2,3.01,2.63,3.07,2.92,50.0,2016/2017
I1,2017-01-22,Genoa,Crotone,2.0,2.0,D,10.0,14.0,4.0,6.0,18.0,9.0,7.0,5.0,1.0,2.0,0.0,0.0,1.57,4.0,6.0,1.58,4.09,6.97,1.59,4.3,7.5,1.55,3.98,6.5,50.0,2016/2017
I1,2017-01-22,Bologna,Torino,2.0,0.0,H,9.0,9.0,5.0,2.0,11.0,11.0,2.0,9.0,2.0,2.0,0.0,0.0,2.9,3.3,2.5,3.08,3.32,2.54,3.1,3.37,2.55,2.99,3.22,2.48,50.0,2016/2017
I1,2017-01-22,Palermo,Inter Milan,0.0,1.0,A,6.0,16.0,0.0,6.0,23.0,13.0,7.0,12.0,5.0,1.0,1.0,1.0,6.5,4.0,1.55,6.67,4.32,1.56,6.67,4.36,1.6,6.21,4.12,1.55,50.0,2016/2017
I1,2017-01-22,Roma,Cagliari,1.0,0.0,H,18.0,8.0,6.0,0.0,8.0,15.0,5.0,4.0,1.0,3.0,0.0,1.0,1.25,6.5,11.0,1.26,6.9,12.0,1.3,7.2,12.5,1.25,6.44,10.86,50.0,2016/2017
I1,2017-01-22,Pescara,Sassuolo,1.0,3.0,A,19.0,16.0,5.0,5.0,12.0,23.0,5.0,6.0,4.0,5.0,0.0,0.0,2.9,3.3,2.5,2.95,3.5,2.53,3.0,3.52,2.55,2.9,3.37,2.46,50.0,2016/2017
I1,2017-01-22,Juventus,Lazio,2.0,0.0,H,7.0,11.0,2.0,2.0,10.0,19.0,0.0,4.0,0.0,3.0,0.0,0.0,1.5,4.2,7.0,1.51,4.41,7.65,1.56,4.5,7.65,1.5,4.2,6.92,50.0,2016/2017
I1,2017-01-28,Inter Milan,Pescara,3.0,0.0,H,17.0,10.0,7.0,4.0,13.0,12.0,11.0,3.0,1.0,1.0,0.0,0.0,1.2,7.0,13.0,1.23,7.11,15.32,1.25,7.33,15.89,1.22,6.65,13.28,50.0,2016/2017
I1,2017-01-28,Lazio,Chievo,0.0,1.0,A,28.0,7.0,8.0,2.0,16.0,8.0,10.0,3.0,2.0,2.0,0.0,0.0,1.5,4.0,7.5,1.52,4.24,7.84,1.57,4.24,7.84,1.51,4.04,7.08,50.0,2016/2017
I1,2017-01-29,Cagliari,Bologna,1.0,1.0,D,19.0,8.0,6.0,2.0,15.0,18.0,3.0,2.0,2.0,3.0,0.0,2.0,2.45,3.25,3.0,2.5,3.3,3.16,2.57,3.38,3.22,2.46,3.21,3.02,49.0,2016/2017
I1,2017-01-29,Crotone,Empoli,4.0,1.0,H,14.0,5.0,7.0,3.0,13.0,14.0,8.0,1.0,3.0,1.0,0.0,0.0,2.38,3.1,3.25,2.46,3.2,3.33,2.53,3.2,3.4,2.41,3.1,3.2,49.0,2016/2017
I1,2017-01-29,Fiorentina,Genoa,3.0,3.0,D,22.0,7.0,8.0,3.0,10.0,20.0,5.0,0.0,3.0,4.0,1.0,0.0,1.62,4.0,5.5,1.65,4.06,5.95,1.68,4.2,6.0,1.63,3.92,5.55,49.0,2016/2017
I1,2017-01-29,Napoli,Palermo,1.0,1.0,D,19.0,3.0,10.0,2.0,6.0,9.0,14.0,2.0,0.0,3.0,0.0,1.0,1.13,9.0,21.0,1.14,10.3,20.8,1.16,10.3,24.5,1.12,9.19,20.1,49.0,2016/2017
I1,2017-01-29,Sampdoria,Roma,3.0,2.0,H,18.0,16.0,7.0,10.0,19.0,14.0,7.0,7.0,2.0,3.0,0.0,0.0,4.75,3.8,1.75,4.94,4.02,1.76,4.94,4.02,1.81,4.64,3.82,1.75,48.0,2016/2017
I1,2017-01-29,Sassuolo,Juventus,0.0,2.0,A,7.0,14.0,3.0,5.0,18.0,13.0,5.0,6.0,3.0,1.0,0.0,0.0,6.5,4.33,1.5,7.73,4.43,1.51,7.73,4.46,1.55,7.02,4.28,1.49,49.0,2016/2017
I1,2017-01-29,Torino,Atalanta,1.0,1.0,D,12.0,17.0,4.0,8.0,19.0,18.0,2.0,6.0,1.0,2.0,0.0,0.0,2.4,3.25,3.1,2.41,3.4,3.23,2.42,3.47,3.3,2.35,3.28,3.13,49.0,2016/2017
I1,2017-01-29,Udinese,Milan,2.0,1.0,H,12.0,12.0,5.0,5.0,9.0,13.0,2.0,7.0,3.0,2.0,0.0,0.0,3.2,3.3,2.3,3.21,3.38,2.42,3.25,3.4,2.45,3.12,3.29,2.36,49.0,2016/2017
I1,2017-02-01,Pescara,Fiorentina,1.0,2.0,A,4.0,22.0,3.0,4.0,10.0,15.0,1.0,14.0,4.0,3.0,0.0,0.0,4.5,3.6,1.83,4.76,3.7,1.85,4.8,3.82,1.88,4.49,3.66,1.81,50.0,2016/2017
I1,2017-02-04,Bologna,Napoli,1.0,7.0,A,17.0,14.0,7.0,9.0,10.0,9.0,3.0,0.0,2.0,3.0,1.0,1.0,7.5,4.5,1.44,7.56,4.62,1.49,7.7,4.65,1.6,7.05,4.39,1.48,48.0,2016/2017
I1,2017-02-05,Atalanta,Cagliari,2.0,0.0,H,13.0,4.0,5.0,0.0,18.0,18.0,6.0,4.0,4.0,2.0,0.0,0.0,1.44,4.33,8.0,1.47,4.51,8.61,1.55,4.7,9.0,1.44,4.41,7.86,48.0,2016/2017
I1,2017-02-05,Chievo,Udinese,0.0,0.0,D,6.0,12.0,0.0,1.0,20.0,21.0,5.0,6.0,2.0,1.0,1.0,0.0,2.38,3.2,3.2,2.43,3.18,3.4,2.46,3.2,3.4,2.37,3.12,3.27,48.0,2016/2017
I1,2017-02-05,Empoli,Torino,1.0,1.0,D,10.0,9.0,2.0,4.0,17.0,23.0,2.0,3.0,6.0,4.0,0.0,0.0,3.6,3.3,2.15,3.79,3.33,2.19,3.8,3.42,2.4,3.58,3.25,2.18,48.0,2016/2017
I1,2017-02-05,Genoa,Sassuolo,0.0,1.0,A,15.0,7.0,4.0,3.0,14.0,7.0,8.0,9.0,2.0,1.0,0.0,0.0,2.05,3.4,3.75,2.1,3.54,3.84,2.18,3.56,3.84,2.07,3.43,3.67,48.0,2016/2017
I1,2017-02-05,Juventus,Inter Milan,1.0,0.0,H,14.0,12.0,6.0,2.0,14.0,16.0,6.0,8.0,5.0,3.0,0.0,1.0,1.57,4.0,6.5,1.64,4.0,6.3,1.67,4.06,6.5,1.61,3.88,5.94,48.0,2016/2017
I1,2017-02-05,Milan,Sampdoria,0.0,1.0,A,20.0,7.0,6.0,3.0,16.0,12.0,8.0,3.0,3.0,2.0,1.0,0.0,1.67,4.0,5.0,1.71,3.88,5.59,1.78,4.0,6.0,1.7,3.74,5.25,48.0,2016/2017
I1,2017-02-05,Palermo,Crotone,1.0,0.0,H,12.0,9.0,4.0,1.0,12.0,25.0,3.0,2.0,2.0,2.0,0.0,1.0,2.3,3.25,3.3,2.38,3.27,3.4,2.41,3.32,3.45,2.32,3.2,3.3,48.0,2016/2017
I1,2017-02-05,Pescara,Lazio,2.0,6.0,A,14.0,17.0,6.0,10.0,13.0,16.0,2.0,4.0,0.0,1.0,0.0,0.0,6.0,3.9,1.57,6.55,4.21,1.59,6.55,4.21,1.65,6.03,3.98,1.59,48.0,2016/2017
I1,2017-02-07,Roma,Fiorentina,4.0,0.0,H,23.0,13.0,8.0,2.0,10.0,15.0,6.0,3.0,2.0,3.0,0.0,0.0,1.62,4.0,5.5,1.64,4.35,5.59,1.7,4.5,6.0,1.63,4.12,5.46,41.0,2016/2017
I1,2017-02-08,Bologna,Milan,0.0,1.0,A,20.0,5.0,5.0,4.0,13.0,14.0,7.0,9.0,5.0,2.0,0.0,2.0,3.4,3.25,2.25,3.64,3.26,2.28,3.64,3.46,2.32,3.49,3.25,2.23,41.0,2016/2017
I1,2017-02-08,Crotone,Juventus,0.0,2.0,A,5.0,17.0,2.0,11.0,13.0,11.0,0.0,1.0,0.0,1.0,0.0,0.0,13.0,6.0,1.22,18.2,6.5,1.23,20.0,7.0,1.25,15.8,6.28,1.22,41.0,2016/2017
I1,2017-02-10,Napoli,Genoa,2.0,0.0,H,20.0,6.0,8.0,3.0,7.0,11.0,12.0,4.0,1.0,2.0,0.0,0.0,1.29,5.75,10.0,1.29,6.15,12.05,1.33,6.42,12.05,1.29,5.81,10.28,41.0,2016/2017
I1,2017-02-11,Fiorentina,Udinese,3.0,0.0,H,14.0,9.0,6.0,4.0,13.0,15.0,4.0,3.0,2.0,2.0,0.0,0.0,1.67,3.8,5.25,1.7,4.02,5.42,1.76,4.06,5.5,1.68,3.83,5.29,40.0,2016/2017
I1,2017-02-12,Cagliari,Juventus,0.0,2.0,A,14.0,13.0,3.0,3.0,20.0,14.0,6.0,1.0,2.0,5.0,1.0,0.0,10.0,5.0,1.33,11.53,5.43,1.33,11.53,5.43,1.38,9.82,5.06,1.34,41.0,2016/2017
I1,2017-02-12,Crotone,Roma,0.0,2.0,A,13.0,15.0,4.0,3.0,15.0,14.0,2.0,5.0,0.0,0.0,0.0,0.0,8.5,5.0,1.36,9.18,5.13,1.4,9.18,5.13,1.45,8.15,4.87,1.39,40.0,2016/2017
I1,2017-02-12,Inter Milan,Empoli,2.0,0.0,H,19.0,6.0,8.0,3.0,21.0,12.0,9.0,2.0,1.0,2.0,0.0,0.0,1.33,5.0,10.0,1.37,5.21,10.36,1.4,5.33,10.5,1.36,4.9,9.56,40.0,2016/2017
I1,2017-02-12,Palermo,Atalanta,1.0,3.0,A,13.0,21.0,5.0,5.0,15.0,12.0,6.0,3.0,3.0,1.0,0.0,0.0,5.0,3.6,1.75,5.16,3.78,1.78,5.16,3.78,1.85,4.82,3.6,1.78,40.0,2016/2017
I1,2017-02-12,Sampdoria,Bologna,3.0,1.0,H,18.0,10.0,5.0,2.0,12.0,14.0,11.0,4.0,2.0,4.0,0.0,0.0,1.91,3.5,4.2,1.9,3.67,4.51,1.97,3.67,4.65,1.89,3.52,4.27,40.0,2016/2017
I1,2017-02-12,Sassuolo,Chievo,1.0,3.0,A,13.0,19.0,5.0,7.0,16.0,7.0,6.0,3.0,0.0,3.0,1.0,0.0,1.91,3.4,4.33,1.93,3.54,4.58,1.99,3.6,4.6,1.91,3.43,4.3,40.0,2016/2017
I1,2017-02-12,Torino,Pescara,5.0,3.0,H,19.0,8.0,9.0,5.0,20.0,12.0,7.0,5.0,1.0,3.0,0.0,0.0,1.36,5.0,8.5,1.42,5.07,8.4,1.42,5.15,9.5,1.39,4.84,8.23,40.0,2016/2017
I1,2017-02-13,Lazio,Milan,1.0,1.0,D,23.0,9.0,10.0,4.0,14.0,14.0,5.0,8.0,2.0,2.0,0.0,0.0,1.7,3.8,5.0,1.72,3.94,5.41,1.8,3.94,5.5,1.71,3.77,5.05,40.0,2016/2017
I1,2017-02-17,Juventus,Palermo,4.0,1.0,H,14.0,8.0,7.0,3.0,12.0,12.0,8.0,3.0,1.0,1.0,0.0,0.0,1.14,8.0,21.0,1.17,8.57,21.08,1.18,8.7,24.0,1.14,7.91,20.43,44.0,2016/2017
I1,2017-02-18,Atalanta,Crotone,1.0,0.0,H,14.0,5.0,3.0,2.0,15.0,18.0,4.0,3.0,2.0,5.0,0.0,0.0,1.25,5.5,15.0,1.29,5.95,12.95,1.31,5.95,15.0,1.27,5.54,12.28,44.0,2016/2017
I1,2017-02-18,Empoli,Lazio,1.0,2.0,A,6.0,21.0,2.0,8.0,14.0,7.0,1.0,9.0,3.0,1.0,0.0,0.0,5.5,3.75,1.67,5.57,3.88,1.71,5.6,3.88,1.75,5.32,3.72,1.69,44.0,2016/2017
I1,2017-02-19,Bologna,Inter Milan,0.0,1.0,A,8.0,16.0,1.0,5.0,18.0,18.0,1.0,7.0,1.0,4.0,0.0,0.0,4.75,3.5,1.8,5.24,3.64,1.81,5.24,3.7,1.87,4.78,3.55,1.79,44.0,2016/2017
I1,2017-02-19,Chievo,Napoli,1.0,3.0,A,13.0,17.0,3.0,6.0,11.0,13.0,6.0,5.0,1.0,0.0,0.0,0.0,8.5,4.2,1.44,7.87,4.43,1.5,8.5,4.51,1.53,7.13,4.27,1.48,44.0,2016/2017
I1,2017-02-19,Milan,Fiorentina,2.0,1.0,H,6.0,18.0,4.0,7.0,11.0,13.0,3.0,7.0,3.0,2.0,0.0,0.0,2.15,3.3,3.5,2.24,3.58,3.41,2.31,3.59,3.5,2.21,3.39,3.27,44.0,2016/2017
I1,2017-02-19,Pescara,Genoa,5.0,0.0,H,8.0,13.0,6.0,2.0,14.0,15.0,5.0,9.0,2.0,1.0,0.0,0.0,3.5,3.4,2.1,3.36,3.64,2.23,3.8,3.75,2.23,3.32,3.5,2.16,44.0,2016/2017
I1,2017-02-19,Roma,Torino,4.0,1.0,H,20.0,12.0,7.0,4.0,14.0,9.0,5.0,6.0,0.0,2.0,0.0,0.0,1.44,4.5,7.5,1.44,4.97,7.97,1.5,4.97,7.97,1.44,4.62,7.1,42.0,2016/2017
I1,2017-02-19,Sampdoria,Cagliari,1.0,1.0,D,13.0,10.0,2.0,4.0,21.0,23.0,4.0,4.0,4.0,6.0,0.0,0.0,1.67,3.75,5.5,1.72,4.0,5.31,1.76,4.02,5.5,1.69,3.84,5.02,44.0,2016/2017
I1,2017-02-19,Udinese,Sassuolo,1.0,2.0,A,10.0,14.0,5.0,6.0,8.0,10.0,7.0,8.0,3.0,2.0,0.0,0.0,2.1,3.3,3.7,2.2,3.36,3.73,2.26,3.47,3.75,2.17,3.28,3.52,44.0,2016/2017
I1,2017-02-25,Juventus,Empoli,2.0,0.0,H,24.0,6.0,6.0,1.0,12.0,11.0,3.0,1.0,0.0,1.0,0.0,0.0,1.14,8.5,19.0,1.14,8.98,29.55,1.17,8.98,29.55,1.14,7.98,22.03,49.0,2016/2017
I1,2017-02-25,Napoli,Atalanta,0.0,2.0,A,20.0,8.0,8.0,5.0,8.0,10.0,7.0,10.0,1.0,1.0,0.0,1.0,1.57,4.0,6.0,1.58,4.28,6.46,1.63,4.45,6.46,1.57,4.13,5.88,48.0,2016/2017
I1,2017-02-26,Inter Milan,Roma,1.0,3.0,A,13.0,12.0,3.0,5.0,12.0,22.0,10.0,2.0,2.0,2.0,0.0,0.0,2.5,3.4,2.8,2.58,3.47,2.9,2.65,3.5,2.92,2.53,3.37,2.79,46.0,2016/2017
I1,2017-02-26,Chievo,Pescara,2.0,0.0,H,20.0,13.0,8.0,3.0,12.0,16.0,6.0,6.0,3.0,3.0,0.0,0.0,1.83,3.6,4.5,1.88,3.83,4.42,1.88,3.85,4.5,1.83,3.72,4.27,48.0,2016/2017
I1,2017-02-26,Crotone,Cagliari,1.0,2.0,A,19.0,7.0,1.0,2.0,14.0,11.0,6.0,1.0,3.0,1.0,0.0,0.0,2.5,3.3,2.88,2.59,3.3,3.02,2.6,3.4,3.1,2.52,3.19,2.95,49.0,2016/2017
I1,2017-02-26,Lazio,Udinese,1.0,0.0,H,8.0,13.0,2.0,3.0,13.0,17.0,5.0,6.0,2.0,3.0,0.0,0.0,1.44,4.5,7.5,1.46,4.66,8.36,1.5,4.75,8.36,1.44,4.48,7.57,48.0,2016/2017
I1,2017-02-26,Sassuolo,Milan,0.0,1.0,A,12.0,13.0,5.0,6.0,20.0,17.0,14.0,8.0,6.0,3.0,0.0,0.0,2.88,3.3,2.55,2.88,3.48,2.59,3.1,3.48,2.64,2.82,3.35,2.53,48.0,2016/2017
I1,2017-02-26,Genoa,Bologna,1.0,1.0,D,20.0,13.0,6.0,4.0,15.0,6.0,6.0,2.0,1.0,1.0,0.0,1.0,2.0,3.3,4.2,2.04,3.38,4.27,2.2,3.45,4.3,2.01,3.31,3.98,49.0,2016/2017
I1,2017-02-26,Palermo,Sampdoria,1.0,1.0,D,16.0,11.0,6.0,3.0,11.0,15.0,7.0,5.0,2.0,2.0,0.0,0.0,3.2,3.1,2.4,3.24,3.39,2.4,3.25,3.4,2.43,3.12,3.27,2.36,48.0,2016/2017
I1,2017-02-27,Fiorentina,Torino,2.0,2.0,D,19.0,13.0,7.0,5.0,17.0,11.0,9.0,6.0,1.0,2.0,0.0,0.0,1.85,3.75,4.2,1.9,3.87,4.25,1.93,3.89,4.3,1.87,3.73,4.08,47.0,2016/2017
I1,2017-03-04,Milan,Chievo,3.0,1.0,H,22.0,9.0,6.0,3.0,17.0,15.0,11.0,7.0,2.0,1.0,0.0,0.0,1.57,4.0,6.25,1.63,4.18,6.04,1.66,4.18,6.34,1.61,3.97,5.81,46.0,2016/2017
I1,2017-03-04,Roma,Napoli,1.0,2.0,A,22.0,13.0,4.0,4.0,11.0,12.0,6.0,6.0,3.0,2.0,0.0,0.0,2.05,3.5,3.6,2.09,3.82,3.57,2.15,3.82,3.7,2.06,3.6,3.51,47.0,2016/2017
I1,2017-03-04,Sampdoria,Pescara,3.0,1.0,H,19.0,11.0,7.0,4.0,18.0,12.0,7.0,2.0,0.0,2.0,0.0,0.0,1.67,4.2,4.75,1.68,4.38,5.07,1.71,4.38,5.5,1.65,4.2,4.9,48.0,2016/2017
I1,2017-03-05,Cagliari,Inter Milan,1.0,5.0,A,7.0,22.0,4.0,10.0,10.0,13.0,6.0,11.0,2.0,0.0,0.0,0.0,6.0,4.0,1.57,6.27,4.28,1.6,6.27,4.36,1.65,5.87,4.07,1.58,46.0,2016/2017
I1,2017-03-05,Bologna,Lazio,0.0,2.0,A,9.0,13.0,3.0,6.0,9.0,19.0,1.0,6.0,2.0,1.0,0.0,0.0,4.33,3.75,1.8,4.97,3.63,1.84,4.97,3.82,1.85,4.61,3.6,1.81,46.0,2016/2017
I1,2017-03-05,Torino,Palermo,3.0,1.0,H,25.0,7.0,6.0,3.0,14.0,12.0,10.0,1.0,0.0,2.0,0.0,1.0,1.5,4.2,7.0,1.52,4.66,6.69,1.55,4.66,7.25,1.51,4.36,6.49,46.0,2016/2017
I1,2017-03-05,Atalanta,Fiorentina,0.0,0.0,D,16.0,9.0,4.0,2.0,18.0,15.0,9.0,5.0,2.0,4.0,0.0,0.0,1.91,3.6,4.0,1.95,3.77,4.11,2.0,3.77,4.3,1.92,3.58,4.03,46.0,2016/2017
I1,2017-03-05,Empoli,Genoa,0.0,2.0,A,7.0,8.0,2.0,4.0,7.0,23.0,3.0,1.0,3.0,2.0,0.0,0.0,2.63,3.0,3.0,2.82,3.08,2.93,2.82,3.2,3.0,2.66,3.08,2.87,47.0,2016/2017
I1,2017-03-05,Udinese,Juventus,1.0,1.0,D,10.0,9.0,5.0,3.0,17.0,20.0,3.0,7.0,2.0,2.0,0.0,0.0,7.5,4.0,1.5,8.69,4.29,1.49,8.69,4.3,1.54,7.39,4.1,1.49,47.0,2016/2017
I1,2017-03-05,Crotone,Sassuolo,0.0,0.0,D,16.0,9.0,1.0,1.0,15.0,11.0,8.0,9.0,3.0,1.0,0.0,0.0,3.4,3.25,2.25,3.48,3.43,2.27,3.55,3.5,2.31,3.36,3.31,2.22,46.0,2016/2017
I1,2017-03-10,Juventus,Milan,2.0,1.0,H,24.0,6.0,11.0,2.0,8.0,21.0,10.0,2.0,3.0,4.0,0.0,1.0,1.4,4.5,9.0,1.45,4.73,8.42,1.5,4.76,9.11,1.43,4.52,8.13,44.0,2016/2017
I1,2017-03-11,Genoa,Sampdoria,0.0,1.0,A,7.0,13.0,3.0,4.0,16.0,6.0,5.0,2.0,4.0,4.0,0.0,0.0,2.63,3.2,2.8,2.71,3.32,2.86,2.71,3.4,2.9,2.62,3.25,2.78,44.0,2016/2017
I1,2017-03-12,Chievo,Empoli,4.0,0.0,H,13.0,12.0,9.0,4.0,16.0,18.0,2.0,6.0,0.0,1.0,0.0,0.0,2.05,3.25,4.0,2.08,3.27,4.29,2.15,3.37,4.3,2.04,3.23,3.98,44.0,2016/2017
I1,2017-03-12,Fiorentina,Cagliari,1.0,0.0,H,26.0,12.0,9.0,5.0,8.0,8.0,8.0,3.0,2.0,1.0,0.0,0.0,1.44,4.75,7.0,1.43,5.02,8.13,1.5,5.02,8.5,1.43,4.67,7.4,44.0,2016/2017
I1,2017-03-12,Inter Milan,Atalanta,7.0,1.0,H,12.0,10.0,8.0,3.0,19.0,16.0,6.0,7.0,3.0,4.0,0.0,0.0,1.85,3.6,4.5,1.89,3.72,4.48,1.93,3.75,4.75,1.84,3.58,4.36,45.0,2016/2017
I1,2017-03-12,Napoli,Crotone,3.0,0.0,H,15.0,6.0,6.0,2.0,10.0,10.0,10.0,2.0,1.0,3.0,0.0,0.0,1.14,8.0,21.0,1.14,9.55,23.45,1.18,9.55,26.0,1.14,8.3,21.25,44.0,2016/2017
I1,2017-03-12,Palermo,Roma,0.0,3.0,A,9.0,15.0,3.0,5.0,12.0,12.0,5.0,4.0,2.0,3.0,0.0,0.0,8.0,4.75,1.4,8.71,4.99,1.42,9.5,4.99,1.46,8.08,4.72,1.4,43.0,2016/2017
I1,2017-03-12,Pescara,Udinese,1.0,3.0,A,12.0,10.0,3.0,6.0,12.0,14.0,4.0,3.0,2.0,3.0,0.0,0.0,2.9,3.5,2.4,3.02,3.67,2.4,3.05,3.67,2.46,2.93,3.48,2.38,44.0,2016/2017
I1,2017-03-12,Sassuolo,Bologna,0.0,1.0,A,13.0,11.0,5.0,1.0,20.0,15.0,7.0,7.0,3.0,5.0,0.0,0.0,1.91,3.5,4.2,1.96,3.51,4.43,2.0,3.52,4.43,1.94,3.4,4.15,45.0,2016/2017
I1,2017-03-13,Lazio,Torino,3.0,1.0,H,23.0,6.0,5.0,2.0,20.0,11.0,6.0,2.0,3.0,1.0,0.0,0.0,1.57,4.2,5.75,1.57,4.52,6.15,1.63,4.52,6.15,1.57,4.23,5.69,43.0,2016/2017
I1,2017-03-18,Milan,Genoa,1.0,0.0,H,20.0,8.0,5.0,2.0,7.0,14.0,5.0,5.0,1.0,2.0,0.0,0.0,1.7,3.8,5.0,1.7,4.01,5.48,1.73,4.01,5.8,1.68,3.84,5.24,46.0,2016/2017
I1,2017-03-18,Torino,Inter Milan,2.0,2.0,D,17.0,19.0,5.0,4.0,19.0,10.0,5.0,8.0,1.0,0.0,0.0,0.0,3.7,3.75,1.95,3.9,3.86,1.98,3.9,3.97,2.2,3.67,3.69,1.98,46.0,2016/2017
I1,2017-03-19,Atalanta,Pescara,3.0,0.0,H,18.0,6.0,7.0,1.0,19.0,15.0,7.0,5.0,2.0,2.0,0.0,0.0,1.25,6.0,12.0,1.28,6.61,11.4,1.29,6.65,12.0,1.25,6.23,10.69,46.0,2016/2017
I1,2017-03-19,Bologna,Chievo,4.0,1.0,H,18.0,11.0,5.0,4.0,19.0,16.0,8.0,3.0,2.0,3.0,0.0,0.0,2.3,3.1,3.4,2.36,3.15,3.59,2.4,3.22,3.6,2.31,3.09,3.42,46.0,2016/2017
I1,2017-03-19,Cagliari,Lazio,0.0,0.0,D,4.0,14.0,1.0,4.0,11.0,14.0,3.0,9.0,3.0,2.0,0.0,0.0,6.0,4.2,1.55,6.27,4.41,1.58,6.5,4.47,1.6,5.88,4.21,1.56,46.0,2016/2017
I1,2017-03-19,Crotone,Fiorentina,0.0,1.0,A,11.0,27.0,1.0,10.0,16.0,14.0,2.0,1.0,1.0,1.0,0.0,0.0,5.5,3.75,1.67,5.39,3.94,1.72,6.0,4.0,1.73,5.27,3.78,1.68,46.0,2016/2017
I1,2017-03-19,Empoli,Napoli,2.0,3.0,A,10.0,11.0,4.0,6.0,25.0,16.0,2.0,1.0,3.0,4.0,0.0,0.0,11.0,5.5,1.29,13.13,5.78,1.3,13.13,5.78,1.35,10.94,5.33,1.3,46.0,2016/2017
I1,2017-03-19,Roma,Sassuolo,3.0,1.0,H,22.0,9.0,8.0,4.0,6.0,9.0,11.0,7.0,1.0,2.0,0.0,0.0,1.22,6.0,15.0,1.29,6.5,11.15,1.31,6.5,15.0,1.27,5.97,10.46,45.0,2016/2017
I1,2017-03-19,Sampdoria,Juventus,0.0,1.0,A,10.0,9.0,5.0,5.0,6.0,10.0,2.0,5.0,1.0,1.0,0.0,0.0,7.0,4.0,1.53,7.25,4.37,1.53,7.25,4.37,1.57,6.71,4.08,1.53,46.0,2016/2017
I1,2017-03-19,Udinese,Palermo,4.0,1.0,H,13.0,6.0,10.0,2.0,16.0,20.0,5.0,5.0,3.0,2.0,0.0,1.0,1.62,3.8,6.0,1.64,3.96,6.32,1.67,4.06,6.32,1.62,3.84,5.75,46.0,2016/2017
I1,2017-04-01,Roma,Empoli,2.0,0.0,H,20.0,12.0,5.0,3.0,17.0,6.0,14.0,4.0,0.0,1.0,0.0,0.0,1.17,7.5,17.0,1.19,8.04,19.15,1.2,8.12,19.81,1.18,7.39,16.2,46.0,2016/2017
I1,2017-04-01,Sassuolo,Lazio,1.0,2.0,A,9.0,12.0,3.0,4.0,13.0,12.0,2.0,3.0,2.0,4.0,0.0,0.0,4.5,3.75,1.8,4.47,3.93,1.85,4.9,3.95,1.87,4.32,3.77,1.81,46.0,2016/2017
I1,2017-04-02,Napoli,Juventus,1.0,1.0,D,17.0,4.0,4.0,1.0,11.0,9.0,5.0,2.0,1.0,0.0,0.0,0.0,2.38,3.3,3.1,2.49,3.32,3.15,2.6,3.36,3.15,2.47,3.24,2.98,46.0,2016/2017
I1,2017-04-02,Chievo,Crotone,1.0,2.0,A,16.0,16.0,4.0,7.0,9.0,9.0,2.0,8.0,2.0,2.0,0.0,0.0,1.85,3.5,4.5,1.87,3.53,4.94,1.88,3.6,5.0,1.83,3.47,4.64,46.0,2016/2017
I1,2017-04-02,Genoa,Atalanta,0.0,5.0,A,8.0,22.0,4.0,13.0,14.0,16.0,3.0,7.0,3.0,1.0,1.0,0.0,3.8,3.4,2.05,3.97,3.46,2.09,3.97,3.5,2.15,3.73,3.37,2.07,46.0,2016/2017
I1,2017-04-02,Pescara,Milan,1.0,1.0,D,8.0,26.0,3.0,5.0,26.0,9.0,5.0,7.0,5.0,3.0,0.0,0.0,6.0,4.33,1.53,6.18,4.7,1.55,7.1,4.7,1.57,5.77,4.47,1.53,46.0,2016/2017
I1,2017-04-02,Palermo,Cagliari,1.0,3.0,A,14.0,17.0,5.0,9.0,13.0,15.0,13.0,4.0,3.0,1.0,0.0,0.0,2.25,3.4,3.25,2.33,3.48,3.29,2.4,3.48,3.32,2.3,3.34,3.17,46.0,2016/2017
I1,2017-04-02,Torino,Udinese,2.0,2.0,D,22.0,8.0,7.0,3.0,14.0,16.0,13.0,2.0,1.0,3.0,0.0,0.0,1.85,3.75,4.2,1.91,3.7,4.41,1.93,3.8,4.41,1.86,3.64,4.2,46.0,2016/2017
I1,2017-04-02,Fiorentina,Bologna,1.0,0.0,H,18.0,5.0,6.0,1.0,12.0,13.0,11.0,1.0,3.0,2.0,0.0,0.0,1.5,4.2,7.0,1.51,4.46,7.47,1.55,4.46,7.65,1.5,4.27,6.78,46.0,2016/2017
I1,2017-04-03,Inter Milan,Sampdoria,1.0,2.0,A,18.0,11.0,5.0,3.0,14.0,12.0,16.0,2.0,2.0,0.0,0.0,0.0,1.33,5.5,9.0,1.35,5.78,9.59,1.4,5.78,9.59,1.34,5.33,8.45,45.0,2016/2017
I1,2017-04-08,Atalanta,Sassuolo,1.0,1.0,D,18.0,4.0,7.0,2.0,13.0,15.0,11.0,2.0,3.0,4.0,0.0,0.0,1.45,4.5,7.0,1.49,4.73,7.32,1.53,4.75,7.38,1.48,4.47,6.74,46.0,2016/2017
I1,2017-04-08,Empoli,Pescara,1.0,1.0,D,14.0,14.0,4.0,4.0,15.0,15.0,7.0,5.0,2.0,3.0,0.0,0.0,1.83,3.75,4.2,1.95,3.89,4.0,1.96,3.89,4.4,1.9,3.66,4.0,46.0,2016/2017
I1,2017-04-08,Juventus,Chievo,2.0,0.0,H,17.0,10.0,6.0,3.0,8.0,12.0,10.0,2.0,1.0,2.0,0.0,0.0,1.25,6.0,12.0,1.27,6.11,14.55,1.29,6.5,16.5,1.24,5.91,13.33,46.0,2016/2017
I1,2017-04-09,Cagliari,Torino,2.0,3.0,A,10.0,13.0,2.0,5.0,22.0,13.0,5.0,2.0,2.0,3.0,0.0,1.0,3.0,3.5,2.3,3.09,3.81,2.3,3.2,3.81,2.35,3.04,3.57,2.27,47.0,2016/2017
I1,2017-04-09,Bologna,Roma,0.0,3.0,A,13.0,11.0,4.0,5.0,14.0,9.0,6.0,5.0,3.0,2.0,0.0,0.0,7.0,4.75,1.44,8.14,5.04,1.43,8.14,5.04,1.48,7.34,4.65,1.43,45.0,2016/2017
I1,2017-04-09,Crotone,Inter Milan,2.0,1.0,H,12.0,17.0,7.0,4.0,15.0,14.0,3.0,7.0,4.0,2.0,0.0,0.0,10.0,5.0,1.33,10.69,5.95,1.32,11.5,5.95,1.37,9.52,5.26,1.33,46.0,2016/2017
I1,2017-04-09,Lazio,Napoli,0.0,3.0,A,17.0,12.0,5.0,7.0,10.0,7.0,3.0,4.0,3.0,3.0,0.0,0.0,2.7,3.6,2.5,2.74,3.71,2.6,3.0,3.71,2.62,2.74,3.49,2.51,46.0,2016/2017
I1,2017-04-09,Milan,Palermo,4.0,0.0,H,14.0,8.0,10.0,2.0,10.0,14.0,8.0,5.0,1.0,2.0,0.0,1.0,1.25,6.0,12.0,1.29,6.23,12.17,1.31,6.23,12.5,1.28,5.79,10.71,47.0,2016/2017
I1,2017-04-09,Udinese,Genoa,3.0,0.0,H,9.0,13.0,3.0,3.0,13.0,13.0,7.0,5.0,2.0,2.0,0.0,0.0,1.8,3.7,4.5,1.83,3.84,4.66,1.87,3.87,4.8,1.81,3.65,4.48,46.0,2016/2017
I1,2017-04-09,Sampdoria,Fiorentina,2.0,2.0,D,10.0,19.0,4.0,4.0,19.0,15.0,4.0,10.0,2.0,1.0,0.0,0.0,3.0,3.5,2.3,2.99,3.53,2.48,3.05,3.6,2.6,2.92,3.41,2.41,46.0,2016/2017
I1,2017-04-15,Cagliari,Chievo,4.0,0.0,H,23.0,16.0,11.0,2.0,20.0,16.0,1.0,4.0,2.0,2.0,0.0,0.0,2.2,3.3,3.3,2.28,3.47,3.41,2.35,3.5,3.41,2.22,3.34,3.29,44.0,2016/2017
I1,2017-04-15,Fiorentina,Empoli,1.0,2.0,A,18.0,11.0,7.0,5.0,17.0,18.0,8.0,7.0,4.0,5.0,1.0,0.0,1.33,5.0,9.0,1.32,5.64,11.71,1.36,5.64,12.0,1.31,5.28,9.97,45.0,2016/2017
I1,2017-04-15,Genoa,Lazio,2.0,2.0,D,13.0,21.0,6.0,6.0,15.0,13.0,7.0,7.0,4.0,4.0,0.0,0.0,5.0,3.75,1.67,5.5,4.06,1.69,5.75,4.06,1.72,5.12,3.87,1.67,46.0,2016/2017
I1,2017-04-15,Inter Milan,Milan,2.0,2.0,D,10.0,14.0,4.0,6.0,11.0,10.0,2.0,8.0,3.0,2.0,0.0,0.0,2.0,3.4,3.75,2.1,3.75,3.62,2.2,3.75,3.75,2.08,3.53,3.46,45.0,2016/2017
I1,2017-04-15,Napoli,Udinese,3.0,0.0,H,19.0,7.0,6.0,2.0,8.0,8.0,15.0,2.0,0.0,1.0,0.0,0.0,1.22,6.0,13.0,1.25,6.82,14.13,1.29,6.82,14.13,1.24,6.16,11.96,45.0,2016/2017
I1,2017-04-15,Palermo,Bologna,0.0,0.0,D,16.0,7.0,2.0,4.0,14.0,10.0,3.0,5.0,4.0,2.0,0.0,1.0,2.55,3.2,2.8,2.77,3.18,2.9,2.77,3.3,2.9,2.63,3.19,2.78,45.0,2016/2017
I1,2017-04-15,Pescara,Juventus,0.0,2.0,A,6.0,14.0,2.0,7.0,19.0,12.0,2.0,1.0,4.0,1.0,0.0,0.0,9.0,5.75,1.29,10.93,6.21,1.3,11.5,6.21,1.33,9.94,5.69,1.29,45.0,2016/2017
I1,2017-04-15,Roma,Atalanta,1.0,1.0,D,21.0,6.0,5.0,1.0,8.0,21.0,11.0,3.0,2.0,3.0,0.0,0.0,1.5,4.33,6.0,1.51,4.72,6.94,1.56,4.75,7.0,1.5,4.43,6.19,45.0,2016/2017
I1,2017-04-15,Sassuolo,Sampdoria,2.0,1.0,H,8.0,13.0,3.0,3.0,13.0,14.0,11.0,6.0,3.0,2.0,0.0,0.0,2.1,3.5,3.3,2.27,3.69,3.24,2.3,3.69,3.45,2.2,3.49,3.18,45.0,2016/2017
I1,2017-04-15,Torino,Crotone,1.0,1.0,D,24.0,8.0,8.0,1.0,12.0,12.0,11.0,5.0,2.0,3.0,0.0,0.0,1.53,4.0,6.0,1.57,4.5,6.24,1.6,4.5,6.32,1.55,4.29,5.81,45.0,2016/2017
I1,2017-04-22,Atalanta,Bologna,3.0,2.0,H,5.0,11.0,3.0,6.0,17.0,19.0,3.0,3.0,2.0,3.0,0.0,0.0,1.36,5.0,8.5,1.39,5.16,9.44,1.4,5.25,10.0,1.36,4.88,8.82,44.0,2016/2017
I1,2017-04-22,Fiorentina,Inter Milan,5.0,4.0,H,13.0,10.0,9.0,6.0,10.0,11.0,7.0,10.0,3.0,1.0,0.0,0.0,2.7,3.4,2.63,2.77,3.55,2.65,2.78,3.65,2.75,2.68,3.43,2.59,45.0,2016/2017
I1,2017-04-23,Chievo,Torino,1.0,3.0,A,13.0,22.0,3.0,5.0,12.0,11.0,5.0,9.0,1.0,1.0,0.0,0.0,3.0,3.5,2.25,3.17,3.68,2.31,3.17,3.68,2.38,3.03,3.51,2.29,45.0,2016/2017
I1,2017-04-23,Juventus,Genoa,4.0,0.0,H,18.0,11.0,4.0,2.0,10.0,13.0,4.0,2.0,0.0,1.0,0.0,0.0,1.18,7.0,17.0,1.19,7.87,19.25,1.22,7.87,20.0,1.19,6.89,16.3,44.0,2016/2017
I1,2017-04-23,Lazio,Palermo,6.0,2.0,H,17.0,7.0,7.0,2.0,10.0,8.0,5.0,2.0,1.0,1.0,0.0,0.0,1.14,8.0,21.0,1.17,8.51,19.6,1.2,8.51,21.0,1.16,7.61,16.84,45.0,2016/2017
I1,2017-04-23,Milan,Empoli,1.0,2.0,A,28.0,11.0,12.0,7.0,15.0,17.0,10.0,4.0,3.0,4.0,0.0,0.0,1.36,4.75,9.5,1.35,5.67,9.5,1.4,5.67,9.75,1.35,5.07,8.73,45.0,2016/2017
I1,2017-04-23,Sampdoria,Crotone,1.0,2.0,A,10.0,14.0,5.0,6.0,9.0,13.0,5.0,9.0,2.0,3.0,0.0,0.0,1.91,3.5,4.2,1.92,3.81,4.23,1.95,3.81,4.3,1.89,3.63,4.06,44.0,2016/2017
I1,2017-04-23,Sassuolo,Napoli,2.0,2.0,D,8.0,20.0,4.0,6.0,9.0,16.0,2.0,9.0,3.0,1.0,0.0,0.0,9.5,4.75,1.36,8.84,5.17,1.4,9.5,5.25,1.43,7.96,4.87,1.39,45.0,2016/2017
I1,2017-04-23,Udinese,Cagliari,2.0,1.0,H,18.0,12.0,5.0,3.0,11.0,15.0,7.0,2.0,1.0,1.0,0.0,0.0,1.85,3.5,4.5,1.85,3.9,4.5,1.91,3.9,4.5,1.83,3.72,4.21,45.0,2016/2017
I1,2017-04-24,Pescara,Roma,1.0,4.0,A,16.0,23.0,4.0,6.0,10.0,12.0,9.0,5.0,2.0,0.0,0.0,0.0,11.0,6.5,1.22,12.87,6.78,1.24,13.0,7.0,1.29,11.17,6.43,1.24,44.0,2016/2017
I1,2017-04-28,Atalanta,Juventus,2.0,2.0,D,13.0,16.0,7.0,8.0,13.0,9.0,7.0,10.0,3.0,2.0,0.0,0.0,3.75,3.4,2.05,3.93,3.37,2.13,4.1,3.43,2.2,3.74,3.28,2.09,45.0,2016/2017
I1,2017-04-29,Torino,Sampdoria,1.0,1.0,D,25.0,7.0,5.0,4.0,12.0,9.0,4.0,3.0,1.0,2.0,0.0,0.0,1.62,4.2,5.25,1.68,4.24,5.27,1.7,4.4,5.35,1.66,4.15,4.84,43.0,2016/2017
I1,2017-04-30,Crotone,Milan,1.0,1.0,D,11.0,13.0,3.0,7.0,17.0,14.0,6.0,11.0,3.0,1.0,0.0,1.0,4.0,3.5,1.95,4.12,3.61,2.0,4.35,3.7,2.01,3.89,3.52,1.95,44.0,2016/2017
I1,2017-04-30,Empoli,Sassuolo,1.0,3.0,A,18.0,11.0,9.0,6.0,11.0,13.0,12.0,4.0,2.0,3.0,0.0,0.0,2.1,3.4,3.6,2.15,3.49,3.74,2.17,3.5,3.8,2.1,3.38,3.53,44.0,2016/2017
I1,2017-04-30,Bologna,Udinese,4.0,0.0,H,11.0,6.0,6.0,2.0,13.0,13.0,5.0,10.0,1.0,3.0,0.0,0.0,2.38,3.3,3.0,2.49,3.26,3.2,2.49,3.4,3.25,2.39,3.24,3.05,44.0,2016/2017
I1,2017-04-30,Cagliari,Pescara,1.0,0.0,H,15.0,14.0,4.0,8.0,16.0,17.0,3.0,5.0,1.0,4.0,0.0,0.0,1.62,4.2,5.25,1.6,4.47,5.8,1.67,4.55,5.8,1.6,4.28,5.13,44.0,2016/2017
I1,2017-04-30,Roma,Lazio,1.0,3.0,A,12.0,14.0,6.0,7.0,10.0,10.0,8.0,5.0,0.0,4.0,1.0,0.0,1.85,3.75,4.2,1.9,3.93,4.2,2.0,3.93,4.25,1.85,3.76,4.03,44.0,2016/2017
I1,2017-04-30,Palermo,Fiorentina,2.0,0.0,H,10.0,13.0,2.0,3.0,10.0,9.0,1.0,9.0,2.0,2.0,0.0,1.0,8.0,4.75,1.4,8.83,5.09,1.41,8.83,5.09,1.45,7.43,4.77,1.41,44.0,2016/2017
I1,2017-04-30,Inter Milan,Napoli,0.0,1.0,A,14.0,16.0,3.0,4.0,9.0,9.0,8.0,4.0,2.0,2.0,0.0,0.0,3.1,3.4,2.3,3.12,3.8,2.28,3.2,3.8,2.34,3.05,3.56,2.24,44.0,2016/2017
I1,2017-04-30,Genoa,Chievo,1.0,2.0,A,15.0,8.0,1.0,2.0,15.0,16.0,3.0,4.0,1.0,2.0,0.0,1.0,1.67,3.75,5.5,1.7,3.95,5.59,1.74,4.0,5.59,1.69,3.77,5.12,44.0,2016/2017
I1,2017-05-06,Juventus,Torino,1.0,1.0,D,22.0,9.0,5.0,2.0,15.0,11.0,12.0,1.0,3.0,2.0,0.0,1.0,1.5,4.33,7.0,1.52,4.67,6.76,1.54,4.75,7.0,1.5,4.53,6.13,44.0,2016/2017
I1,2017-05-06,Napoli,Cagliari,3.0,1.0,H,28.0,8.0,9.0,3.0,4.0,6.0,7.0,2.0,1.0,0.0,0.0,0.0,1.13,9.0,21.0,1.13,11.15,21.81,1.14,11.15,26.0,1.11,9.57,22.15,43.0,2016/2017
I1,2017-05-07,Lazio,Sampdoria,7.0,3.0,H,19.0,8.0,11.0,7.0,13.0,6.0,11.0,2.0,0.0,1.0,0.0,1.0,1.22,6.5,13.0,1.23,7.65,12.5,1.27,7.65,13.0,1.23,6.78,11.51,43.0,2016/2017
I1,2017-05-07,Empoli,Bologna,3.0,1.0,H,20.0,6.0,8.0,3.0,20.0,18.0,5.0,1.0,1.0,2.0,0.0,0.0,1.7,3.8,5.0,1.74,3.92,5.3,1.76,3.92,5.4,1.71,3.77,5.02,43.0,2016/2017
I1,2017-05-07,Genoa,Inter Milan,1.0,0.0,H,10.0,11.0,5.0,4.0,16.0,26.0,4.0,3.0,4.0,2.0,0.0,1.0,4.75,3.8,1.75,4.69,4.08,1.78,4.85,4.08,1.8,4.47,3.91,1.75,43.0,2016/2017
I1,2017-05-07,Chievo,Palermo,1.0,1.0,D,5.0,15.0,2.0,5.0,20.0,20.0,5.0,7.0,3.0,3.0,0.0,0.0,1.67,4.0,5.0,1.74,3.99,5.17,1.75,4.2,5.35,1.7,3.91,4.93,42.0,2016/2017
I1,2017-05-07,Milan,Roma,1.0,4.0,A,13.0,24.0,2.0,10.0,12.0,9.0,9.0,7.0,4.0,1.0,1.0,0.0,3.25,3.8,2.1,3.29,3.81,2.2,3.8,3.81,2.26,3.19,3.66,2.16,43.0,2016/2017
I1,2017-05-07,Pescara,Crotone,0.0,1.0,A,10.0,13.0,2.0,3.0,15.0,21.0,5.0,6.0,3.0,2.0,1.0,0.0,5.0,4.4,1.6,5.29,4.55,1.64,5.5,4.55,1.65,5.06,4.31,1.61,42.0,2016/2017
I1,2017-05-07,Udinese,Atalanta,1.0,1.0,D,12.0,9.0,5.0,4.0,15.0,19.0,3.0,5.0,4.0,3.0,0.0,0.0,4.5,3.7,1.8,4.77,3.91,1.8,4.8,3.91,1.85,4.49,3.72,1.79,43.0,2016/2017
I1,2017-05-07,Sassuolo,Fiorentina,2.0,2.0,D,12.0,13.0,8.0,6.0,16.0,19.0,10.0,6.0,5.0,2.0,0.0,1.0,3.1,3.6,2.2,3.25,3.84,2.22,3.4,3.83,2.26,3.13,3.64,2.19,43.0,2016/2017
I1,2017-05-13,Atalanta,Milan,1.0,1.0,D,14.0,13.0,7.0,4.0,11.0,8.0,10.0,5.0,2.0,1.0,0.0,0.0,2.05,3.5,3.6,2.05,3.68,3.83,2.1,3.68,3.83,2.04,3.48,3.66,44.0,2016/2017
I1,2017-05-13,Fiorentina,Lazio,3.0,2.0,H,18.0,14.0,9.0,5.0,14.0,17.0,4.0,6.0,2.0,3.0,0.0,0.0,1.95,3.8,3.6,2.03,3.98,3.63,2.3,4.0,3.76,1.99,3.84,3.48,45.0,2016/2017
I1,2017-05-14,Sampdoria,Chievo,1.0,1.0,D,12.0,7.0,3.0,1.0,17.0,14.0,5.0,1.0,2.0,4.0,0.0,0.0,1.8,3.8,4.33,1.78,3.82,4.82,2.0,3.95,4.82,1.79,3.73,4.46,45.0,2016/2017
I1,2017-05-14,Torino,Napoli,0.0,5.0,A,10.0,15.0,1.0,6.0,12.0,9.0,2.0,7.0,2.0,1.0,0.0,0.0,6.0,4.5,1.5,5.92,4.77,1.53,6.0,5.0,1.58,5.6,4.64,1.52,45.0,2016/2017
I1,2017-05-14,Bologna,Pescara,3.0,1.0,H,15.0,15.0,7.0,4.0,9.0,13.0,9.0,5.0,2.0,2.0,0.0,0.0,1.5,4.2,6.5,1.47,4.92,7.35,1.65,4.92,7.35,1.49,4.52,6.32,42.0,2016/2017
I1,2017-05-14,Cagliari,Empoli,3.0,2.0,H,15.0,12.0,6.0,3.0,17.0,11.0,1.0,5.0,2.0,2.0,0.0,0.0,2.9,3.7,2.3,2.96,3.78,2.39,3.15,3.78,2.4,2.94,3.57,2.33,45.0,2016/2017
I1,2017-05-14,Crotone,Udinese,1.0,0.0,H,11.0,13.0,7.0,4.0,13.0,10.0,4.0,8.0,2.0,2.0,0.0,0.0,1.8,3.5,4.75,1.81,3.9,4.72,1.85,4.0,5.0,1.79,3.73,4.49,42.0,2016/2017
I1,2017-05-14,Inter Milan,Sassuolo,1.0,2.0,A,23.0,12.0,7.0,4.0,13.0,13.0,15.0,2.0,3.0,1.0,0.0,0.0,1.44,4.75,6.75,1.46,5.17,6.56,1.5,5.17,7.5,1.46,4.8,6.41,45.0,2016/2017
I1,2017-05-14,Palermo,Genoa,1.0,0.0,H,10.0,13.0,3.0,3.0,18.0,18.0,3.0,9.0,1.0,1.0,0.0,0.0,5.0,4.0,1.67,4.88,4.05,1.73,5.3,4.2,1.75,4.81,3.96,1.7,42.0,2016/2017
I1,2017-05-14,Roma,Juventus,3.0,1.0,H,14.0,16.0,7.0,5.0,9.0,6.0,5.0,6.0,3.0,2.0,0.0,0.0,2.5,3.4,2.88,2.52,3.57,2.92,2.6,3.57,2.95,2.48,3.39,2.82,45.0,2016/2017
I1,2017-05-20,Chievo,Roma,3.0,5.0,A,11.0,19.0,4.0,11.0,11.0,11.0,3.0,6.0,2.0,0.0,0.0,0.0,13.0,6.5,1.22,13.08,6.95,1.25,13.5,7.12,1.25,12.19,6.41,1.23,43.0,2016/2017
I1,2017-05-20,Napoli,Fiorentina,4.0,1.0,H,19.0,14.0,9.0,5.0,10.0,8.0,5.0,6.0,2.0,1.0,0.0,0.0,1.25,6.5,10.0,1.3,6.39,10.77,1.35,6.55,11.0,1.27,6.09,10.04,43.0,2016/2017
I1,2017-05-21,Empoli,Atalanta,0.0,1.0,A,8.0,13.0,3.0,5.0,16.0,17.0,6.0,5.0,3.0,2.0,0.0,0.0,2.3,3.4,3.1,2.43,3.52,2.99,2.43,3.52,3.5,2.32,3.41,3.04,42.0,2016/2017
I1,2017-05-21,Genoa,Torino,2.0,1.0,H,8.0,4.0,4.0,1.0,17.0,20.0,4.0,5.0,2.0,5.0,0.0,0.0,2.05,3.3,3.8,2.08,3.4,4.0,2.11,3.6,4.7,2.01,3.36,3.87,42.0,2016/2017
I1,2017-05-21,Juventus,Crotone,3.0,0.0,H,19.0,9.0,7.0,2.0,13.0,14.0,9.0,2.0,1.0,1.0,0.0,0.0,1.17,7.5,17.0,1.19,7.4,22.02,1.2,7.9,22.02,1.18,7.11,16.64,39.0,2016/2017
I1,2017-05-21,Lazio,Inter Milan,1.0,3.0,A,7.0,9.0,1.0,3.0,18.0,14.0,6.0,6.0,2.0,2.0,2.0,0.0,2.0,3.5,3.75,2.04,3.95,3.63,2.15,3.95,3.75,2.01,3.72,3.47,42.0,2016/2017
I1,2017-05-21,Milan,Bologna,3.0,0.0,H,23.0,8.0,6.0,0.0,9.0,8.0,10.0,3.0,2.0,2.0,0.0,0.0,1.36,5.0,8.5,1.38,5.27,9.25,1.42,5.27,9.25,1.37,5.02,8.17,42.0,2016/2017
I1,2017-05-21,Sassuolo,Cagliari,6.0,2.0,H,13.0,14.0,8.0,6.0,13.0,22.0,4.0,10.0,1.0,5.0,0.0,0.0,1.8,3.8,4.33,1.82,3.89,4.69,1.85,4.0,4.69,1.8,3.81,4.27,42.0,2016/2017
I1,2017-05-21,Udinese,Sampdoria,1.0,1.0,D,12.0,8.0,3.0,4.0,9.0,11.0,6.0,5.0,1.0,2.0,2.0,1.0,2.1,3.5,3.5,2.11,3.52,3.81,2.15,3.6,3.81,2.08,3.49,3.49,42.0,2016/2017
I1,2017-05-22,Pescara,Palermo,2.0,0.0,H,12.0,12.0,4.0,3.0,18.0,10.0,2.0,2.0,2.0,0.0,0.0,0.0,2.3,3.5,3.0,2.31,3.57,3.26,2.4,3.65,3.26,2.29,3.5,3.01,39.0,2016/2017
I1,2017-05-27,Atalanta,Chievo,1.0,0.0,H,13.0,6.0,6.0,3.0,15.0,8.0,6.0,5.0,1.0,0.0,0.0,0.0,1.29,6.0,9.5,1.28,6.55,10.75,1.31,6.7,11.0,1.27,6.3,9.36,43.0,2016/2017
I1,2017-05-27,Bologna,Juventus,1.0,2.0,A,8.0,17.0,2.0,7.0,17.0,8.0,3.0,10.0,3.0,1.0,0.0,0.0,4.5,4.0,1.73,4.69,3.99,1.78,4.8,4.0,2.0,4.36,3.86,1.78,43.0,2016/2017
I1,2017-05-28,Inter Milan,Udinese,5.0,2.0,H,17.0,17.0,6.0,4.0,15.0,1.0,6.0,7.0,2.0,1.0,0.0,0.0,1.33,5.5,8.5,1.37,5.6,8.51,1.41,5.75,9.0,1.36,5.35,7.84,43.0,2016/2017
I1,2017-05-28,Cagliari,Milan,2.0,1.0,H,17.0,18.0,9.0,7.0,16.0,13.0,6.0,6.0,3.0,1.0,0.0,1.0,3.5,4.0,1.95,3.69,4.22,1.93,3.7,4.29,1.98,3.55,4.04,1.91,43.0,2016/2017
I1,2017-05-28,Fiorentina,Pescara,2.0,2.0,D,24.0,15.0,8.0,6.0,15.0,13.0,6.0,10.0,2.0,1.0,1.0,0.0,1.14,8.0,19.0,,,,1.19,9.5,19.5,1.15,8.3,16.2,38.0,2016/2017
I1,2017-05-28,Crotone,Lazio,3.0,1.0,H,11.0,9.0,5.0,3.0,13.0,13.0,3.0,5.0,3.0,3.0,0.0,1.0,2.05,4.0,3.25,2.15,4.06,3.18,2.15,4.25,3.3,2.1,3.94,3.12,39.0,2016/2017
I1,2017-05-28,Sampdoria,Napoli,2.0,4.0,A,12.0,22.0,2.0,7.0,9.0,8.0,5.0,10.0,1.0,0.0,0.0,0.0,15.0,7.5,1.18,,,,17.0,8.5,1.2,13.73,7.81,1.17,40.0,2016/2017
I1,2017-05-28,Roma,Genoa,3.0,2.0,H,24.0,13.0,7.0,4.0,8.0,14.0,6.0,2.0,2.0,0.0,0.0,0.0,1.06,15.0,34.0,,,,1.09,17.5,52.3,1.05,13.3,34.7,40.0,2016/2017
I1,2017-05-28,Torino,Sassuolo,5.0,3.0,H,16.0,21.0,9.0,7.0,16.0,6.0,6.0,10.0,2.0,0.0,0.0,0.0,1.6,4.6,4.75,1.65,4.51,5.04,1.67,4.75,5.1,1.62,4.45,4.75,43.0,2016/2017
I1,2017-05-28,Palermo,Empoli,2.0,1.0,H,10.0,17.0,5.0,4.0,18.0,16.0,0.0,7.0,3.0,4.0,0.0,0.0,6.0,4.33,1.53,6.0,4.46,1.57,6.25,4.5,1.6,5.79,4.24,1.55,39.0,2016/2017
I1,2017-08-19,Juventus,Cagliari,3.0,0.0,H,17.0,5.0,7.0,2.0,13.0,11.0,4.0,1.0,1.0,0.0,0.0,0.0,1.14,8.0,19.0,1.16,8.29,24.44,1.17,8.79,26.0,1.15,7.72,20.79,36.0,2017/2018
I1,2017-08-19,Verona,Napoli,1.0,3.0,A,12.0,22.0,4.0,12.0,7.0,9.0,3.0,6.0,2.0,2.0,0.0,1.0,8.0,4.75,1.4,8.46,5.08,1.42,8.46,5.08,1.47,7.59,4.71,1.41,36.0,2017/2018
I1,2017-08-20,Bologna,Torino,1.0,1.0,D,13.0,9.0,3.0,3.0,18.0,10.0,0.0,8.0,2.0,1.0,0.0,0.0,3.1,3.3,2.38,3.29,3.42,2.36,3.3,3.43,2.4,3.14,3.27,2.33,36.0,2017/2018
I1,2017-08-20,Atalanta,Roma,0.0,1.0,A,14.0,6.0,6.0,1.0,14.0,16.0,4.0,1.0,1.0,2.0,0.0,0.0,3.2,3.3,2.3,3.17,3.56,2.36,3.3,3.56,2.36,3.12,3.39,2.27,36.0,2017/2018
I1,2017-08-20,Crotone,Milan,0.0,3.0,A,6.0,19.0,2.0,10.0,9.0,14.0,2.0,9.0,1.0,3.0,1.0,0.0,6.0,4.0,1.57,6.04,4.2,1.62,6.25,4.4,1.65,5.71,4.02,1.59,36.0,2017/2018
I1,2017-08-20,Inter Milan,Fiorentina,3.0,0.0,H,16.0,15.0,6.0,3.0,7.0,13.0,9.0,7.0,0.0,1.0,0.0,0.0,1.57,4.0,6.0,1.57,4.42,6.33,1.61,4.42,6.57,1.55,4.11,6.07,36.0,2017/2018
I1,2017-08-20,Lazio,Spal,0.0,0.0,D,23.0,9.0,13.0,2.0,20.0,4.0,9.0,5.0,2.0,2.0,0.0,0.0,1.29,5.5,11.0,1.31,5.72,12.15,1.32,6.0,13.0,1.29,5.37,10.9,36.0,2017/2018
I1,2017-08-20,Udinese,Chievo,1.0,2.0,A,18.0,10.0,5.0,3.0,11.0,10.0,5.0,4.0,2.0,2.0,0.0,0.0,2.1,3.2,3.8,2.11,3.44,3.91,2.2,3.44,4.0,2.09,3.25,3.72,36.0,2017/2018
I1,2017-08-20,Sassuolo,Genoa,0.0,0.0,D,14.0,12.0,3.0,4.0,16.0,28.0,2.0,5.0,2.0,3.0,0.0,0.0,2.2,3.25,3.5,2.18,3.49,3.63,2.3,3.49,3.7,2.16,3.32,3.42,36.0,2017/2018
I1,2017-08-20,Sampdoria,Benevento,2.0,1.0,H,16.0,18.0,6.0,7.0,10.0,10.0,6.0,7.0,1.0,2.0,0.0,0.0,1.67,3.75,5.5,1.69,3.96,5.63,1.72,3.96,6.0,1.66,3.71,5.5,36.0,2017/2018
I1,2017-08-26,Benevento,Bologna,0.0,1.0,A,15.0,14.0,5.0,4.0,10.0,13.0,6.0,2.0,1.0,3.0,0.0,0.0,2.7,3.2,2.75,2.83,3.26,2.78,2.83,3.3,2.83,2.7,3.15,2.73,34.0,2017/2018
I1,2017-08-26,Genoa,Juventus,2.0,4.0,A,9.0,17.0,3.0,7.0,13.0,8.0,1.0,4.0,4.0,3.0,0.0,0.0,9.0,4.5,1.4,10.61,4.69,1.4,10.61,4.77,1.42,9.06,4.55,1.38,35.0,2017/2018
I1,2017-08-26,Roma,Inter Milan,1.0,3.0,A,18.0,14.0,3.0,8.0,12.0,8.0,12.0,6.0,1.0,1.0,0.0,0.0,2.3,3.5,3.0,2.32,3.6,3.21,2.36,3.65,3.21,2.29,3.49,3.03,35.0,2017/2018
I1,2017-08-27,Chievo,Lazio,1.0,2.0,A,13.0,13.0,5.0,3.0,8.0,8.0,9.0,6.0,1.0,1.0,0.0,0.0,3.5,3.2,2.2,3.65,3.4,2.21,3.8,3.45,2.3,3.49,3.29,2.16,35.0,2017/2018
I1,2017-08-27,Crotone,Verona,0.0,0.0,D,13.0,5.0,4.0,0.0,13.0,11.0,1.0,3.0,1.0,3.0,0.0,0.0,2.5,3.2,2.88,2.55,3.22,3.15,2.55,3.35,3.2,2.45,3.14,3.04,35.0,2017/2018
I1,2017-08-27,Fiorentina,Sampdoria,1.0,2.0,A,25.0,12.0,10.0,5.0,20.0,11.0,14.0,7.0,3.0,4.0,0.0,0.0,1.8,3.5,4.5,1.88,3.73,4.54,1.92,3.75,4.6,1.85,3.62,4.24,34.0,2017/2018
I1,2017-08-27,Milan,Cagliari,2.0,1.0,H,15.0,14.0,5.0,4.0,20.0,17.0,2.0,6.0,2.0,1.0,0.0,0.0,1.22,6.5,13.0,1.25,6.76,14.02,1.25,6.85,15.0,1.22,6.32,12.87,35.0,2017/2018
I1,2017-08-27,Napoli,Atalanta,3.0,1.0,H,10.0,14.0,4.0,2.0,15.0,9.0,9.0,6.0,1.0,2.0,0.0,0.0,1.4,4.75,8.0,1.42,5.0,8.49,1.45,5.0,9.0,1.41,4.73,7.66,34.0,2017/2018
I1,2017-08-27,Spal,Udinese,3.0,2.0,H,10.0,11.0,4.0,3.0,9.0,14.0,0.0,7.0,3.0,1.0,0.0,0.0,2.5,3.1,2.9,2.5,3.22,3.23,2.65,3.25,3.23,2.47,3.13,3.02,34.0,2017/2018
I1,2017-08-27,Torino,Sassuolo,3.0,0.0,H,14.0,19.0,5.0,2.0,13.0,16.0,5.0,11.0,1.0,1.0,0.0,0.0,1.75,3.6,5.0,1.76,3.89,5.15,1.8,3.91,5.18,1.74,3.75,4.74,34.0,2017/2018
I1,2017-09-09,Juventus,Chievo,3.0,0.0,H,15.0,15.0,4.0,2.0,10.0,7.0,10.0,6.0,2.0,1.0,0.0,0.0,1.17,7.5,17.0,1.19,7.4,22.64,1.2,7.5,23.0,1.18,6.85,17.84,34.0,2017/2018
I1,2017-09-10,Atalanta,Sassuolo,2.0,1.0,H,9.0,16.0,3.0,3.0,13.0,18.0,3.0,7.0,0.0,1.0,0.0,0.0,1.55,4.0,6.5,1.58,4.21,6.59,1.7,4.23,6.59,1.58,3.97,5.99,33.0,2017/2018
I1,2017-09-10,Benevento,Torino,0.0,1.0,A,15.0,16.0,5.0,6.0,13.0,22.0,2.0,10.0,2.0,2.0,0.0,0.0,4.33,3.75,1.83,4.62,3.89,1.83,4.62,3.89,1.87,4.32,3.72,1.82,34.0,2017/2018
I1,2017-09-10,Bologna,Napoli,0.0,3.0,A,5.0,17.0,2.0,7.0,10.0,16.0,5.0,7.0,5.0,1.0,0.0,0.0,10.0,5.0,1.33,9.63,5.22,1.38,10.0,5.3,1.38,8.94,4.98,1.35,34.0,2017/2018
I1,2017-09-10,Cagliari,Crotone,1.0,0.0,H,13.0,9.0,4.0,2.0,16.0,16.0,6.0,4.0,2.0,1.0,0.0,0.0,1.67,3.75,5.5,1.69,3.87,5.83,1.74,3.9,5.83,1.68,3.74,5.25,34.0,2017/2018
I1,2017-09-10,Inter Milan,Spal,2.0,0.0,H,19.0,9.0,7.0,1.0,14.0,13.0,8.0,5.0,2.0,2.0,0.0,0.0,1.25,6.0,13.0,1.24,6.97,14.25,1.27,7.0,15.0,1.24,6.18,12.1,34.0,2017/2018
I1,2017-09-10,Lazio,Milan,4.0,1.0,H,12.0,18.0,7.0,6.0,14.0,12.0,3.0,5.0,1.0,1.0,0.0,0.0,2.45,3.4,2.9,2.42,3.57,3.07,2.65,3.57,3.07,2.41,3.39,2.91,34.0,2017/2018
I1,2017-09-10,Udinese,Genoa,1.0,0.0,H,14.0,12.0,5.0,2.0,12.0,17.0,1.0,8.0,4.0,0.0,1.0,1.0,2.38,3.2,3.2,2.45,3.23,3.32,2.46,3.3,3.35,2.38,3.2,3.15,34.0,2017/2018
I1,2017-09-10,Verona,Fiorentina,0.0,5.0,A,14.0,20.0,2.0,10.0,12.0,11.0,8.0,6.0,2.0,1.0,0.0,0.0,3.4,3.3,2.2,3.57,3.44,2.23,3.6,3.47,2.26,3.38,3.34,2.18,34.0,2017/2018
I1,2017-09-16,Crotone,Inter Milan,0.0,2.0,A,12.0,7.0,4.0,3.0,10.0,6.0,8.0,6.0,1.0,2.0,0.0,0.0,10.0,5.0,1.33,10.12,5.36,1.36,11.5,5.5,1.36,9.66,5.15,1.33,36.0,2017/2018
I1,2017-09-16,Fiorentina,Bologna,2.0,1.0,H,14.0,6.0,4.0,2.0,16.0,8.0,7.0,3.0,1.0,3.0,0.0,0.0,1.55,4.2,6.0,1.56,4.4,6.68,1.58,4.46,7.0,1.54,4.15,6.13,37.0,2017/2018
I1,2017-09-16,Roma,Verona,3.0,0.0,H,30.0,8.0,10.0,1.0,7.0,12.0,8.0,1.0,1.0,1.0,0.0,1.0,1.17,7.5,17.0,1.21,7.83,14.9,1.22,7.83,19.0,1.2,6.94,14.29,37.0,2017/2018
I1,2017-09-17,Genoa,Lazio,2.0,3.0,A,5.0,18.0,4.0,6.0,10.0,12.0,2.0,1.0,1.0,2.0,0.0,0.0,3.8,3.5,2.0,3.96,3.68,2.02,4.3,3.8,2.08,3.75,3.53,1.99,36.0,2017/2018
I1,2017-09-17,Napoli,Benevento,6.0,0.0,H,27.0,6.0,14.0,0.0,6.0,7.0,8.0,1.0,0.0,1.0,0.0,0.0,1.11,10.0,19.0,1.13,10.76,23.39,1.14,12.0,31.0,1.11,9.51,21.79,37.0,2017/2018
I1,2017-09-17,Milan,Udinese,2.0,1.0,H,21.0,4.0,7.0,2.0,13.0,10.0,10.0,3.0,1.0,2.0,0.0,0.0,1.4,4.6,8.5,1.38,5.23,9.71,1.45,5.23,9.71,1.39,4.74,8.21,37.0,2017/2018
I1,2017-09-17,Torino,Sampdoria,2.0,2.0,D,13.0,11.0,3.0,5.0,14.0,15.0,3.0,6.0,2.0,1.0,0.0,0.0,1.67,4.0,5.0,1.78,4.01,4.81,1.78,4.15,5.0,1.72,3.92,4.62,37.0,2017/2018
I1,2017-09-17,Sassuolo,Juventus,1.0,3.0,A,13.0,14.0,4.0,6.0,15.0,13.0,3.0,4.0,1.0,2.0,0.0,0.0,7.5,4.33,1.45,7.52,4.44,1.51,8.5,4.5,1.51,7.39,4.24,1.47,36.0,2017/2018
I1,2017-09-17,Chievo,Atalanta,1.0,1.0,D,15.0,10.0,4.0,6.0,13.0,11.0,6.0,5.0,2.0,0.0,0.0,0.0,3.0,3.2,2.5,3.01,3.29,2.6,3.05,3.3,2.65,2.9,3.19,2.52,36.0,2017/2018
I1,2017-09-17,Spal,Cagliari,0.0,2.0,A,12.0,11.0,3.0,3.0,12.0,21.0,7.0,4.0,1.0,3.0,0.0,0.0,2.38,3.3,3.1,2.43,3.45,3.15,2.49,3.45,3.2,2.38,3.31,3.02,37.0,2017/2018
I1,2017-09-19,Bologna,Inter Milan,1.0,1.0,D,14.0,11.0,3.0,3.0,12.0,18.0,4.0,11.0,4.0,3.0,0.0,0.0,5.75,4.0,1.6,5.96,4.25,1.62,6.5,4.3,1.65,5.7,4.04,1.59,34.0,2017/2018
I1,2017-09-20,Genoa,Chievo,1.0,1.0,D,11.0,16.0,2.0,7.0,19.0,7.0,6.0,2.0,1.0,2.0,0.0,0.0,2.2,3.3,3.5,2.3,3.34,3.51,2.3,3.4,3.8,2.18,3.22,3.5,36.0,2017/2018
I1,2017-09-20,Benevento,Roma,0.0,4.0,A,16.0,21.0,5.0,7.0,10.0,8.0,2.0,9.0,2.0,0.0,0.0,0.0,8.0,5.25,1.36,10.33,5.62,1.34,10.33,5.62,1.4,8.64,5.16,1.35,36.0,2017/2018
I1,2017-09-20,Cagliari,Sassuolo,0.0,1.0,A,17.0,14.0,3.0,6.0,21.0,10.0,5.0,2.0,3.0,3.0,0.0,0.0,2.2,3.4,3.3,2.17,3.53,3.64,2.25,3.53,3.7,2.16,3.38,3.4,36.0,2017/2018
I1,2017-09-20,Udinese,Torino,2.0,3.0,A,16.0,13.0,6.0,8.0,17.0,13.0,12.0,1.0,1.0,5.0,0.0,0.0,2.88,3.5,2.4,2.94,3.42,2.59,2.94,3.5,2.6,2.81,3.37,2.49,36.0,2017/2018
I1,2017-09-20,Atalanta,Crotone,5.0,1.0,H,14.0,7.0,11.0,5.0,5.0,19.0,3.0,3.0,0.0,1.0,0.0,0.0,1.33,5.0,10.0,1.36,5.05,11.46,1.37,5.5,11.46,1.35,4.83,9.96,36.0,2017/2018
I1,2017-09-20,Lazio,Napoli,1.0,4.0,A,4.0,17.0,2.0,11.0,9.0,13.0,3.0,2.0,2.0,3.0,0.0,0.0,3.4,3.6,2.1,3.53,3.8,2.11,3.75,3.8,2.14,3.41,3.64,2.07,36.0,2017/2018
I1,2017-09-20,Milan,Spal,2.0,0.0,H,20.0,6.0,7.0,0.0,19.0,15.0,9.0,8.0,1.0,2.0,0.0,0.0,1.25,6.5,11.0,1.26,6.45,13.08,1.27,7.0,13.5,1.25,6.13,11.63,36.0,2017/2018
I1,2017-09-20,Verona,Sampdoria,0.0,0.0,D,14.0,17.0,6.0,5.0,17.0,6.0,4.0,7.0,3.0,1.0,0.0,0.0,3.6,3.5,2.05,3.66,3.64,2.12,3.73,3.65,2.3,3.44,3.49,2.1,36.0,2017/2018
I1,2017-09-20,Juventus,Fiorentina,1.0,0.0,H,12.0,9.0,5.0,0.0,10.0,23.0,3.0,1.0,1.0,2.0,0.0,1.0,1.33,5.25,9.0,1.35,5.42,10.7,1.37,5.45,10.7,1.34,5.06,9.16,36.0,2017/2018
I1,2017-09-23,Juventus,Torino,4.0,0.0,H,23.0,6.0,10.0,1.0,16.0,12.0,6.0,3.0,1.0,4.0,0.0,1.0,1.4,4.5,8.5,1.42,5.11,8.46,1.45,5.11,9.5,1.39,4.79,7.94,38.0,2017/2018
I1,2017-09-23,Roma,Udinese,3.0,1.0,H,18.0,14.0,8.0,5.0,9.0,10.0,5.0,8.0,0.0,1.0,0.0,0.0,1.25,6.0,12.0,1.28,6.36,12.69,1.28,6.55,13.0,1.25,6.07,11.3,38.0,2017/2018
I1,2017-09-23,Spal,Napoli,2.0,3.0,A,6.0,21.0,2.0,12.0,9.0,11.0,4.0,6.0,3.0,1.0,0.0,0.0,15.0,6.0,1.22,15.0,6.95,1.24,15.0,7.0,1.25,12.56,6.39,1.23,38.0,2017/2018
I1,2017-09-24,Sassuolo,Bologna,0.0,1.0,A,8.0,8.0,3.0,4.0,11.0,15.0,3.0,6.0,3.0,4.0,1.0,0.0,2.1,3.3,3.75,2.12,3.41,3.91,2.19,3.41,3.91,2.09,3.31,3.67,39.0,2017/2018
I1,2017-09-24,Verona,Lazio,0.0,3.0,A,9.0,12.0,2.0,5.0,8.0,13.0,3.0,4.0,2.0,2.0,0.0,0.0,5.5,4.0,1.62,6.3,4.29,1.59,6.3,4.29,1.65,5.58,4.08,1.59,38.0,2017/2018
I1,2017-09-24,Cagliari,Chievo,0.0,2.0,A,15.0,16.0,3.0,4.0,25.0,16.0,6.0,2.0,2.0,2.0,1.0,0.0,2.25,3.3,3.3,2.28,3.43,3.46,2.28,3.43,3.51,2.23,3.29,3.33,38.0,2017/2018
I1,2017-09-24,Crotone,Benevento,2.0,0.0,H,17.0,16.0,4.0,2.0,12.0,12.0,2.0,7.0,0.0,0.0,0.0,0.0,1.91,3.4,4.33,2.03,3.46,4.21,2.03,3.5,4.5,1.94,3.35,4.17,38.0,2017/2018
I1,2017-09-24,Fiorentina,Atalanta,1.0,1.0,D,10.0,16.0,2.0,5.0,22.0,11.0,3.0,8.0,2.0,5.0,0.0,0.0,2.2,3.4,3.2,2.31,3.49,3.33,2.31,3.6,3.5,2.23,3.42,3.21,39.0,2017/2018
I1,2017-09-24,Inter Milan,Genoa,1.0,0.0,H,14.0,9.0,7.0,3.0,10.0,14.0,8.0,4.0,0.0,2.0,0.0,2.0,1.3,5.5,10.0,1.29,6.08,12.86,1.31,6.15,13.0,1.28,5.61,10.73,38.0,2017/2018
I1,2017-09-24,Sampdoria,Milan,2.0,0.0,H,12.0,6.0,4.0,0.0,13.0,17.0,7.0,4.0,0.0,2.0,0.0,0.0,3.5,3.75,2.0,3.87,3.75,2.02,4.1,3.75,2.08,3.64,3.58,2.01,38.0,2017/2018
I1,2017-09-30,Genoa,Bologna,0.0,1.0,A,18.0,8.0,7.0,4.0,15.0,9.0,10.0,3.0,4.0,2.0,0.0,0.0,2.25,3.2,3.3,2.43,3.28,3.3,2.44,3.3,3.3,2.35,3.18,3.17,39.0,2017/2018
I1,2017-09-30,Udinese,Sampdoria,4.0,0.0,H,15.0,13.0,7.0,2.0,12.0,10.0,3.0,4.0,4.0,2.0,0.0,1.0,2.7,3.25,2.6,2.82,3.31,2.75,2.85,3.35,2.85,2.7,3.25,2.65,39.0,2017/2018
I1,2017-10-01,Atalanta,Juventus,2.0,2.0,D,7.0,16.0,3.0,8.0,22.0,11.0,0.0,3.0,3.0,1.0,0.0,0.0,4.75,3.75,1.7,5.5,3.73,1.75,5.65,3.8,1.78,5.04,3.57,1.73,38.0,2017/2018
I1,2017-10-01,Benevento,Inter Milan,1.0,2.0,A,11.0,22.0,2.0,7.0,13.0,10.0,1.0,11.0,2.0,3.0,0.0,0.0,11.0,5.0,1.29,11.86,6.24,1.29,15.0,6.24,1.32,11.02,5.67,1.27,38.0,2017/2018
I1,2017-10-01,Chievo,Fiorentina,2.0,1.0,H,13.0,22.0,6.0,4.0,10.0,10.0,3.0,7.0,2.0,1.0,0.0,0.0,2.8,3.25,2.5,2.88,3.28,2.71,3.0,3.4,2.71,2.8,3.23,2.56,38.0,2017/2018
I1,2017-10-01,Lazio,Sassuolo,6.0,1.0,H,22.0,8.0,13.0,6.0,13.0,8.0,5.0,4.0,2.0,3.0,0.0,0.0,1.4,4.5,8.0,1.46,4.94,7.5,1.46,5.5,8.5,1.42,4.67,7.2,38.0,2017/2018
I1,2017-10-01,Milan,Roma,0.0,2.0,A,17.0,11.0,3.0,6.0,15.0,8.0,5.0,5.0,3.0,1.0,1.0,0.0,2.55,3.4,2.63,2.73,3.56,2.68,2.75,3.6,2.85,2.62,3.44,2.61,38.0,2017/2018
I1,2017-10-01,Napoli,Cagliari,3.0,0.0,H,25.0,4.0,6.0,0.0,6.0,10.0,7.0,2.0,0.0,0.0,0.0,0.0,1.13,8.0,21.0,1.14,10.55,21.97,1.15,10.55,26.65,1.12,8.94,19.73,38.0,2017/2018
I1,2017-10-01,Spal,Crotone,1.0,1.0,D,17.0,13.0,5.0,4.0,12.0,17.0,12.0,6.0,2.0,1.0,0.0,0.0,1.91,3.4,4.0,1.95,3.46,4.52,2.1,3.5,4.52,1.95,3.33,4.11,38.0,2017/2018
I1,2017-10-01,Torino,Verona,2.0,2.0,D,12.0,20.0,5.0,7.0,11.0,15.0,6.0,5.0,1.0,4.0,0.0,1.0,1.33,5.0,9.0,1.33,5.81,10.48,1.4,5.81,11.0,1.32,5.25,9.11,38.0,2017/2018
I1,2017-10-14,Juventus,Lazio,1.0,2.0,A,18.0,10.0,6.0,5.0,10.0,14.0,4.0,2.0,2.0,1.0,0.0,0.0,1.53,4.5,5.75,1.56,4.43,6.55,1.58,4.5,6.89,1.53,4.19,6.19,34.0,2017/2018
I1,2017-10-14,Roma,Napoli,0.0,1.0,A,10.0,16.0,2.0,6.0,12.0,9.0,5.0,2.0,2.0,2.0,0.0,0.0,3.2,3.4,2.25,3.15,3.61,2.35,3.2,3.7,2.5,2.98,3.52,2.3,33.0,2017/2018
I1,2017-10-15,Fiorentina,Udinese,2.0,1.0,H,13.0,8.0,6.0,2.0,11.0,14.0,4.0,4.0,1.0,1.0,0.0,0.0,1.67,3.8,5.5,1.66,4.09,5.79,1.7,4.1,5.79,1.64,3.91,5.23,34.0,2017/2018
I1,2017-10-15,Bologna,Spal,2.0,1.0,H,14.0,7.0,2.0,2.0,20.0,14.0,2.0,5.0,2.0,2.0,0.0,0.0,1.75,3.5,5.25,1.81,3.5,5.56,1.9,3.5,5.56,1.79,3.38,5.02,34.0,2017/2018
I1,2017-10-15,Crotone,Torino,2.0,2.0,D,9.0,21.0,3.0,9.0,15.0,7.0,3.0,8.0,1.0,0.0,0.0,0.0,3.75,3.5,2.0,4.07,3.54,2.03,4.3,3.55,2.05,3.85,3.43,1.99,34.0,2017/2018
I1,2017-10-15,Sampdoria,Atalanta,3.0,1.0,H,11.0,21.0,7.0,11.0,10.0,14.0,4.0,6.0,3.0,3.0,0.0,0.0,2.8,3.3,2.6,2.92,3.41,2.6,2.92,3.41,2.65,2.78,3.3,2.55,34.0,2017/2018
I1,2017-10-15,Inter Milan,Milan,3.0,2.0,H,15.0,21.0,6.0,6.0,17.0,12.0,2.0,7.0,6.0,2.0,0.0,0.0,2.2,3.4,3.4,2.21,3.54,3.5,2.23,3.55,3.6,2.16,3.39,3.36,34.0,2017/2018
I1,2017-10-15,Sassuolo,Chievo,0.0,0.0,D,18.0,9.0,4.0,2.0,8.0,15.0,6.0,8.0,2.0,0.0,0.0,0.0,2.25,3.3,3.3,2.35,3.44,3.29,2.38,3.44,3.4,2.3,3.24,3.21,34.0,2017/2018
I1,2017-10-15,Cagliari,Genoa,2.0,3.0,A,12.0,18.0,7.0,11.0,13.0,14.0,6.0,7.0,2.0,0.0,0.0,0.0,2.25,3.3,3.3,2.37,3.33,3.35,2.37,3.4,3.5,2.27,3.23,3.29,34.0,2017/2018
I1,2017-10-16,Verona,Benevento,1.0,0.0,H,13.0,8.0,3.0,1.0,15.0,12.0,5.0,3.0,4.0,3.0,0.0,1.0,1.91,3.5,4.2,1.95,3.6,4.35,1.96,3.6,4.5,1.9,3.44,4.19,33.0,2017/2018
I1,2017-10-21,Napoli,Inter Milan,0.0,0.0,D,12.0,11.0,3.0,2.0,9.0,9.0,5.0,7.0,1.0,1.0,0.0,0.0,1.61,4.2,5.0,1.63,4.49,5.44,1.65,4.5,5.5,1.61,4.26,5.06,35.0,2017/2018
I1,2017-10-21,Sampdoria,Crotone,5.0,0.0,H,6.0,8.0,5.0,2.0,11.0,20.0,4.0,0.0,1.0,3.0,0.0,0.0,1.53,3.79,7.5,1.56,4.32,6.86,1.6,4.32,7.5,1.54,4.05,6.29,36.0,2017/2018
I1,2017-10-22,Lazio,Cagliari,3.0,0.0,H,10.0,12.0,3.0,5.0,12.0,15.0,4.0,5.0,1.0,4.0,0.0,0.0,1.28,6.0,9.0,1.29,6.28,11.97,1.3,6.5,12.0,1.27,5.91,10.27,34.0,2017/2018
I1,2017-10-22,Atalanta,Bologna,1.0,0.0,H,20.0,6.0,2.0,0.0,12.0,15.0,10.0,3.0,3.0,4.0,0.0,1.0,1.6,3.75,6.5,1.63,4.11,6.0,1.65,4.11,6.5,1.61,3.84,5.82,36.0,2017/2018
I1,2017-10-22,Chievo,Verona,3.0,2.0,H,22.0,11.0,8.0,3.0,8.0,11.0,5.0,4.0,2.0,3.0,0.0,1.0,1.9,3.39,4.33,1.88,3.57,4.75,2.0,3.58,4.75,1.87,3.42,4.39,35.0,2017/2018
I1,2017-10-22,Benevento,Fiorentina,0.0,3.0,A,9.0,14.0,1.0,7.0,16.0,18.0,3.0,5.0,2.0,1.0,0.0,0.0,6.0,3.79,1.57,5.88,4.18,1.64,6.25,4.2,1.64,5.57,4.01,1.59,35.0,2017/2018
I1,2017-10-22,Milan,Genoa,0.0,0.0,D,18.0,12.0,7.0,2.0,14.0,21.0,5.0,3.0,0.0,2.0,1.0,0.0,1.44,4.33,8.0,1.53,4.58,6.73,1.55,4.6,8.0,1.49,4.33,6.5,35.0,2017/2018
I1,2017-10-22,Torino,Roma,0.0,1.0,A,5.0,16.0,0.0,5.0,26.0,14.0,0.0,5.0,1.0,1.0,0.0,0.0,3.75,3.6,1.95,3.73,3.86,2.02,4.1,3.9,2.07,3.58,3.7,1.98,35.0,2017/2018
I1,2017-10-22,Udinese,Juventus,2.0,6.0,A,11.0,13.0,4.0,5.0,19.0,9.0,1.0,6.0,6.0,3.0,0.0,1.0,7.5,4.5,1.44,9.55,4.51,1.44,9.61,4.75,1.5,7.72,4.35,1.43,35.0,2017/2018
I1,2017-10-22,Spal,Sassuolo,0.0,1.0,A,13.0,12.0,2.0,2.0,18.0,15.0,10.0,3.0,3.0,3.0,0.0,1.0,2.6,3.29,2.75,2.69,3.27,2.92,2.69,3.4,3.0,2.57,3.24,2.8,36.0,2017/2018
I1,2017-10-24,Inter Milan,Sampdoria,3.0,2.0,H,24.0,12.0,8.0,2.0,12.0,11.0,8.0,4.0,2.0,2.0,0.0,0.0,1.44,4.75,7.0,1.48,4.9,7.05,1.5,5.0,8.0,1.45,4.63,6.72,35.0,2017/2018
I1,2017-10-25,Atalanta,Verona,3.0,0.0,H,23.0,11.0,7.0,4.0,7.0,14.0,5.0,5.0,0.0,0.0,0.0,0.0,1.36,5.0,8.5,1.35,5.42,10.55,1.38,5.5,11.0,1.34,4.99,9.16,35.0,2017/2018
I1,2017-10-25,Bologna,Lazio,1.0,2.0,A,7.0,14.0,3.0,3.0,12.0,9.0,10.0,4.0,2.0,2.0,0.0,0.0,5.25,3.75,1.7,5.36,3.89,1.74,5.75,3.93,1.75,5.07,3.76,1.69,35.0,2017/2018
I1,2017-10-25,Cagliari,Benevento,2.0,1.0,H,13.0,9.0,5.0,3.0,26.0,15.0,5.0,2.0,5.0,1.0,0.0,0.0,1.44,4.5,7.5,1.52,4.6,6.94,1.55,4.6,7.5,1.5,4.25,6.49,34.0,2017/2018
I1,2017-10-25,Chievo,Milan,1.0,4.0,A,9.0,17.0,3.0,4.0,12.0,10.0,1.0,1.0,2.0,3.0,0.0,0.0,3.6,3.25,2.14,3.62,3.38,2.23,3.75,3.4,2.23,3.5,3.28,2.15,35.0,2017/2018
I1,2017-10-25,Fiorentina,Torino,3.0,0.0,H,15.0,5.0,7.0,0.0,22.0,22.0,5.0,6.0,1.0,3.0,0.0,1.0,1.85,3.79,4.0,1.94,3.91,4.01,2.0,4.0,4.2,1.87,3.81,3.89,35.0,2017/2018
I1,2017-10-25,Genoa,Napoli,2.0,3.0,A,7.0,19.0,4.0,6.0,8.0,5.0,1.0,4.0,1.0,1.0,0.0,0.0,9.0,5.25,1.33,9.3,5.12,1.39,10.5,5.25,1.4,8.74,4.95,1.35,35.0,2017/2018
I1,2017-10-25,Juventus,Spal,4.0,1.0,H,16.0,6.0,6.0,2.0,16.0,13.0,5.0,2.0,1.0,0.0,0.0,0.0,1.12,9.0,21.0,1.13,10.08,24.93,1.14,10.5,34.0,1.12,8.9,23.72,35.0,2017/2018
I1,2017-10-25,Roma,Crotone,1.0,0.0,H,20.0,3.0,4.0,2.0,8.0,9.0,10.0,1.0,0.0,1.0,0.0,0.0,1.16,8.0,15.0,1.18,8.3,18.0,1.18,8.3,21.0,1.16,7.66,16.8,35.0,2017/2018
I1,2017-10-25,Sassuolo,Udinese,0.0,1.0,A,11.0,8.0,3.0,2.0,15.0,19.0,6.0,3.0,2.0,3.0,0.0,0.0,2.0,3.5,3.75,2.0,3.53,4.22,2.08,3.55,4.22,1.99,3.4,3.84,35.0,2017/2018
I1,2017-10-28,Milan,Juventus,0.0,2.0,A,11.0,9.0,4.0,4.0,21.0,10.0,5.0,6.0,2.0,0.0,0.0,0.0,4.2,3.5,1.9,4.42,3.59,1.94,4.5,3.6,1.96,4.1,3.49,1.91,36.0,2017/2018
I1,2017-10-28,Roma,Bologna,1.0,0.0,H,15.0,10.0,3.0,2.0,10.0,13.0,7.0,5.0,1.0,4.0,0.0,0.0,1.28,5.75,10.0,1.27,6.43,12.41,1.3,6.43,13.0,1.27,5.82,10.85,36.0,2017/2018
I1,2017-10-29,Benevento,Lazio,1.0,5.0,A,19.0,12.0,6.0,9.0,12.0,10.0,2.0,6.0,1.0,1.0,0.0,0.0,11.0,5.5,1.28,13.66,6.14,1.28,15.0,7.0,1.31,11.64,5.76,1.26,35.0,2017/2018
I1,2017-10-29,Crotone,Fiorentina,2.0,1.0,H,11.0,17.0,5.0,3.0,19.0,17.0,3.0,5.0,3.0,3.0,0.0,0.0,5.5,3.75,1.64,5.6,3.95,1.7,5.75,4.2,1.7,5.26,3.82,1.66,35.0,2017/2018
I1,2017-10-29,Napoli,Sassuolo,3.0,1.0,H,26.0,8.0,9.0,1.0,14.0,13.0,6.0,5.0,2.0,2.0,0.0,0.0,1.14,9.0,15.0,1.16,9.9,18.0,1.17,10.0,21.0,1.14,8.47,16.14,35.0,2017/2018
I1,2017-10-29,Sampdoria,Chievo,4.0,1.0,H,15.0,13.0,7.0,6.0,9.0,11.0,8.0,6.0,2.0,3.0,0.0,0.0,1.83,3.6,4.5,1.87,3.64,4.77,1.9,3.64,5.0,1.84,3.49,4.44,35.0,2017/2018
I1,2017-10-29,Spal,Genoa,1.0,0.0,H,7.0,13.0,3.0,2.0,14.0,24.0,4.0,5.0,4.0,3.0,0.0,0.0,3.1,3.1,2.5,3.16,3.14,2.59,3.2,3.3,2.6,3.0,3.09,2.51,35.0,2017/2018
I1,2017-10-29,Torino,Cagliari,2.0,1.0,H,19.0,7.0,6.0,3.0,9.0,19.0,7.0,6.0,4.0,3.0,0.0,0.0,1.6,4.33,5.25,1.65,4.44,5.25,1.67,4.44,5.5,1.62,4.2,5.01,35.0,2017/2018
I1,2017-10-29,Udinese,Atalanta,2.0,1.0,H,7.0,7.0,4.0,2.0,15.0,15.0,5.0,7.0,0.0,2.0,0.0,0.0,3.6,3.39,2.1,3.83,3.59,2.08,4.0,3.59,2.1,3.65,3.42,2.04,35.0,2017/2018
I1,2017-10-30,Verona,Inter Milan,1.0,2.0,A,10.0,17.0,2.0,4.0,12.0,9.0,4.0,7.0,4.0,2.0,0.0,0.0,7.5,5.0,1.39,8.86,5.25,1.4,9.5,5.25,1.43,8.07,4.85,1.38,35.0,2017/2018
I1,2017-11-04,Bologna,Crotone,2.0,3.0,A,15.0,10.0,5.0,6.0,14.0,14.0,5.0,2.0,2.0,3.0,0.0,0.0,1.8,3.5,4.75,1.79,3.5,5.7,1.8,3.65,5.7,1.78,3.39,5.09,36.0,2017/2018
I1,2017-11-04,Genoa,Sampdoria,0.0,2.0,A,14.0,11.0,2.0,5.0,22.0,8.0,5.0,2.0,4.0,2.0,0.0,0.0,3.0,3.1,2.54,2.96,3.25,2.67,3.01,3.3,2.67,2.86,3.19,2.56,36.0,2017/2018
I1,2017-11-05,Fiorentina,Roma,2.0,4.0,A,20.0,21.0,6.0,10.0,15.0,10.0,6.0,9.0,1.0,1.0,0.0,0.0,3.0,3.5,2.29,3.15,3.65,2.33,3.15,3.7,2.43,2.96,3.5,2.32,36.0,2017/2018
I1,2017-11-05,Cagliari,Verona,2.0,1.0,H,22.0,9.0,9.0,2.0,11.0,15.0,8.0,2.0,2.0,4.0,0.0,0.0,1.9,3.29,4.5,1.9,3.67,4.53,1.91,3.7,4.75,1.86,3.52,4.33,36.0,2017/2018
I1,2017-11-05,Chievo,Napoli,0.0,0.0,D,3.0,19.0,1.0,5.0,7.0,7.0,2.0,11.0,1.0,3.0,0.0,0.0,7.5,5.0,1.39,8.34,5.01,1.43,9.0,5.3,1.45,7.76,4.83,1.4,36.0,2017/2018
I1,2017-11-05,Sassuolo,Milan,0.0,2.0,A,6.0,14.0,1.0,10.0,20.0,15.0,7.0,10.0,2.0,3.0,0.0,0.0,3.75,3.39,2.04,3.64,3.56,2.15,3.8,3.6,2.2,3.5,3.43,2.09,36.0,2017/2018
I1,2017-11-05,Inter Milan,Torino,1.0,1.0,D,20.0,7.0,5.0,3.0,19.0,12.0,8.0,3.0,3.0,5.0,0.0,0.0,1.5,4.33,6.5,1.51,4.74,6.75,1.55,4.8,7.0,1.5,4.4,6.23,36.0,2017/2018
I1,2017-11-05,Juventus,Benevento,2.0,1.0,H,27.0,3.0,8.0,1.0,15.0,13.0,8.0,2.0,3.0,3.0,0.0,0.0,1.06,13.0,34.0,1.06,19.0,41.0,1.06,19.0,61.0,1.05,14.43,37.94,36.0,2017/2018
I1,2017-11-05,Atalanta,Spal,1.0,1.0,D,9.0,11.0,3.0,3.0,14.0,13.0,3.0,3.0,0.0,2.0,1.0,0.0,1.3,5.25,10.0,1.34,5.63,10.67,1.35,6.01,13.0,1.31,5.26,10.06,36.0,2017/2018
I1,2017-11-18,Napoli,Milan,2.0,1.0,H,16.0,13.0,10.0,3.0,17.0,7.0,3.0,1.0,2.0,1.0,0.0,0.0,1.44,4.59,7.0,1.48,4.87,7.11,1.5,4.9,7.35,1.45,4.67,6.64,35.0,2017/2018
I1,2017-11-18,Roma,Lazio,2.0,1.0,H,16.0,12.0,7.0,2.0,11.0,17.0,6.0,7.0,2.0,4.0,0.0,0.0,2.1,3.5,3.39,2.27,3.56,3.36,2.3,3.75,3.4,2.21,3.51,3.18,35.0,2017/2018
I1,2017-11-19,Benevento,Sassuolo,1.0,2.0,A,13.0,15.0,6.0,5.0,26.0,11.0,6.0,5.0,4.0,1.0,1.0,0.0,3.39,3.6,2.04,3.63,3.53,2.17,3.8,3.6,2.17,3.48,3.45,2.1,35.0,2017/2018
I1,2017-11-19,Crotone,Genoa,0.0,1.0,A,11.0,10.0,5.0,7.0,17.0,15.0,5.0,2.0,1.0,3.0,0.0,0.0,3.1,3.2,2.45,3.13,3.27,2.53,3.2,3.3,2.65,2.99,3.17,2.48,35.0,2017/2018
I1,2017-11-19,Udinese,Cagliari,0.0,1.0,A,14.0,12.0,5.0,4.0,9.0,11.0,6.0,4.0,1.0,0.0,1.0,0.0,1.95,3.6,3.79,2.01,3.57,4.12,2.01,3.65,4.2,1.95,3.52,3.87,35.0,2017/2018
I1,2017-11-19,Inter Milan,Atalanta,2.0,0.0,H,8.0,8.0,4.0,1.0,10.0,13.0,1.0,2.0,0.0,2.0,0.0,0.0,1.75,3.75,4.75,1.75,3.95,5.14,1.76,4.0,5.5,1.73,3.79,4.76,35.0,2017/2018
I1,2017-11-19,Spal,Fiorentina,1.0,1.0,D,7.0,20.0,1.0,5.0,10.0,17.0,1.0,8.0,4.0,3.0,1.0,0.0,3.79,3.6,1.95,4.23,3.64,1.96,4.35,3.75,1.97,3.99,3.56,1.91,35.0,2017/2018
I1,2017-11-19,Torino,Chievo,1.0,1.0,D,19.0,12.0,5.0,4.0,9.0,15.0,5.0,1.0,1.0,1.0,0.0,1.0,1.83,3.6,4.5,1.83,3.84,4.66,1.85,3.85,4.8,1.8,3.69,4.37,35.0,2017/2018
I1,2017-11-19,Sampdoria,Juventus,3.0,2.0,H,9.0,19.0,5.0,4.0,12.0,15.0,3.0,4.0,4.0,3.0,0.0,0.0,7.0,4.0,1.53,5.96,4.27,1.62,7.0,4.33,1.65,5.99,4.07,1.56,35.0,2017/2018
I1,2017-11-20,Verona,Bologna,2.0,3.0,A,17.0,12.0,5.0,5.0,11.0,11.0,6.0,4.0,2.0,1.0,0.0,0.0,2.87,3.2,2.6,3.09,3.25,2.57,3.09,3.3,2.65,2.9,3.15,2.53,34.0,2017/2018
I1,2017-11-25,Bologna,Sampdoria,3.0,0.0,H,11.0,20.0,6.0,7.0,5.0,13.0,5.0,12.0,2.0,2.0,1.0,0.0,2.6,3.29,2.75,2.62,3.43,2.84,2.72,3.43,2.88,2.6,3.28,2.73,36.0,2017/2018
I1,2017-11-25,Cagliari,Inter Milan,1.0,3.0,A,15.0,10.0,4.0,4.0,12.0,15.0,7.0,5.0,2.0,2.0,0.0,0.0,5.0,4.0,1.66,5.46,4.16,1.68,5.6,4.2,1.69,5.14,3.99,1.65,36.0,2017/2018
I1,2017-11-25,Chievo,Spal,2.0,1.0,H,12.0,14.0,3.0,5.0,23.0,24.0,2.0,8.0,0.0,1.0,0.0,0.0,1.9,3.5,4.2,1.92,3.57,4.59,1.93,3.65,4.6,1.89,3.44,4.26,35.0,2017/2018
I1,2017-11-25,Sassuolo,Verona,0.0,2.0,A,20.0,9.0,3.0,6.0,10.0,15.0,10.0,6.0,0.0,3.0,0.0,1.0,1.66,4.0,5.0,1.68,4.15,5.43,1.7,4.15,6.0,1.65,3.89,5.21,36.0,2017/2018
I1,2017-11-26,Milan,Torino,0.0,0.0,D,17.0,8.0,6.0,2.0,15.0,20.0,5.0,4.0,0.0,2.0,0.0,0.0,1.75,3.75,4.75,1.75,4.14,4.86,1.85,4.14,5.0,1.74,3.81,4.56,36.0,2017/2018
I1,2017-11-26,Udinese,Napoli,0.0,1.0,A,10.0,9.0,2.0,4.0,14.0,7.0,3.0,7.0,5.0,1.0,0.0,0.0,7.5,5.5,1.36,9.08,5.51,1.37,9.08,5.51,1.42,7.94,5.07,1.37,36.0,2017/2018
I1,2017-11-26,Genoa,Roma,1.0,1.0,D,9.0,14.0,4.0,4.0,15.0,16.0,1.0,4.0,1.0,3.0,0.0,1.0,5.0,3.75,1.72,5.07,4.01,1.74,5.36,4.03,1.76,4.84,3.82,1.71,36.0,2017/2018
I1,2017-11-26,Juventus,Crotone,3.0,0.0,H,25.0,4.0,10.0,1.0,8.0,9.0,7.0,0.0,2.0,2.0,0.0,0.0,1.14,8.0,19.0,1.16,8.85,22.0,1.16,9.0,26.0,1.14,7.79,19.85,36.0,2017/2018
I1,2017-11-26,Lazio,Fiorentina,1.0,1.0,D,13.0,16.0,7.0,8.0,16.0,8.0,6.0,5.0,2.0,2.0,0.0,0.0,1.64,4.2,5.0,1.66,4.41,5.21,1.71,4.41,5.3,1.67,4.06,4.84,36.0,2017/2018
I1,2017-11-27,Atalanta,Benevento,1.0,0.0,H,14.0,6.0,4.0,2.0,11.0,16.0,9.0,3.0,1.0,2.0,0.0,0.0,1.22,6.0,12.0,1.23,6.76,16.24,1.25,7.25,16.24,1.23,6.12,12.83,33.0,2017/2018
I1,2017-12-01,Napoli,Juventus,0.0,1.0,A,21.0,7.0,6.0,4.0,9.0,5.0,10.0,3.0,2.0,1.0,0.0,0.0,2.0,3.39,4.0,2.15,3.39,3.83,2.2,3.5,4.1,2.1,3.31,3.7,35.0,2017/2018
I1,2017-12-01,Roma,Spal,3.0,1.0,H,37.0,3.0,15.0,2.0,10.0,12.0,10.0,0.0,1.0,2.0,0.0,1.0,1.22,6.5,12.0,1.25,7.04,13.17,1.26,7.27,17.15,1.23,6.31,12.73,35.0,2017/2018
I1,2017-12-02,Torino,Atalanta,1.0,1.0,D,9.0,14.0,4.0,6.0,9.0,13.0,5.0,7.0,2.0,2.0,0.0,0.0,2.45,3.39,2.87,2.48,3.51,3.02,2.55,3.51,3.15,2.44,3.36,2.88,35.0,2017/2018
I1,2017-12-03,Benevento,Milan,2.0,2.0,D,17.0,12.0,6.0,7.0,16.0,12.0,4.0,3.0,3.0,5.0,0.0,1.0,9.0,5.0,1.36,9.18,5.3,1.38,10.0,5.5,1.42,8.46,4.86,1.37,34.0,2017/2018
I1,2017-12-03,Bologna,Cagliari,1.0,1.0,D,13.0,8.0,3.0,2.0,15.0,20.0,5.0,3.0,6.0,2.0,0.0,0.0,2.0,3.29,4.0,2.06,3.47,4.07,2.08,3.5,4.1,2.02,3.32,3.86,35.0,2017/2018
I1,2017-12-03,Fiorentina,Sassuolo,3.0,0.0,H,23.0,8.0,9.0,1.0,9.0,9.0,13.0,8.0,1.0,3.0,0.0,0.0,1.57,4.0,6.0,1.58,4.41,6.15,1.65,4.41,6.5,1.58,4.11,5.63,35.0,2017/2018
I1,2017-12-03,Inter Milan,Chievo,5.0,0.0,H,37.0,7.0,13.0,4.0,11.0,4.0,18.0,2.0,1.0,0.0,0.0,0.0,1.39,4.75,8.0,1.41,5.17,8.65,1.43,5.17,9.0,1.4,4.65,7.83,35.0,2017/2018
I1,2017-12-03,Sampdoria,Lazio,1.0,2.0,A,16.0,14.0,3.0,3.0,10.0,12.0,5.0,6.0,0.0,1.0,0.0,0.0,3.6,3.6,2.0,3.67,3.71,2.09,3.67,3.75,2.2,3.43,3.57,2.06,35.0,2017/2018
I1,2017-12-04,Crotone,Udinese,0.0,3.0,A,9.0,15.0,2.0,6.0,8.0,11.0,7.0,7.0,0.0,0.0,0.0,0.0,2.87,3.1,2.62,2.98,3.06,2.8,2.98,3.2,2.88,2.8,3.06,2.68,34.0,2017/2018
I1,2017-12-04,Verona,Genoa,0.0,1.0,A,15.0,9.0,3.0,1.0,17.0,19.0,2.0,3.0,2.0,4.0,0.0,0.0,3.5,3.29,2.14,3.61,3.34,2.25,3.61,3.45,2.3,3.37,3.27,2.21,34.0,2017/2018
I1,2017-12-09,Cagliari,Sampdoria,2.0,2.0,D,14.0,16.0,6.0,9.0,15.0,11.0,6.0,4.0,3.0,0.0,0.0,0.0,2.6,3.39,2.7,2.62,3.56,2.8,2.65,3.6,2.95,2.56,3.45,2.7,38.0,2017/2018
I1,2017-12-09,Juventus,Inter Milan,0.0,0.0,D,19.0,6.0,8.0,1.0,10.0,21.0,3.0,4.0,2.0,5.0,0.0,0.0,1.7,3.75,5.25,1.71,3.94,5.49,1.75,4.0,5.55,1.69,3.79,5.13,38.0,2017/2018
I1,2017-12-10,Napoli,Fiorentina,0.0,0.0,D,10.0,6.0,4.0,3.0,10.0,6.0,4.0,2.0,3.0,3.0,0.0,0.0,1.36,5.5,7.5,1.35,5.79,9.33,1.4,5.79,9.33,1.35,5.35,8.05,38.0,2017/2018
I1,2017-12-10,Chievo,Roma,0.0,0.0,D,9.0,24.0,1.0,8.0,10.0,8.0,1.0,13.0,1.0,2.0,0.0,0.0,5.5,4.0,1.61,5.85,4.18,1.64,6.0,4.2,1.67,5.39,3.98,1.63,38.0,2017/2018
I1,2017-12-10,Milan,Bologna,2.0,1.0,H,21.0,10.0,7.0,2.0,9.0,7.0,12.0,7.0,0.0,0.0,0.0,0.0,1.5,4.2,7.0,1.54,4.23,7.54,1.57,4.35,8.0,1.51,4.12,6.88,38.0,2017/2018
I1,2017-12-10,Spal,Verona,2.0,2.0,D,19.0,16.0,10.0,8.0,14.0,15.0,8.0,6.0,3.0,2.0,0.0,0.0,2.04,3.5,3.6,2.08,3.46,3.99,2.2,3.55,4.1,2.05,3.36,3.74,38.0,2017/2018
I1,2017-12-10,Udinese,Benevento,2.0,0.0,H,9.0,20.0,2.0,5.0,16.0,15.0,3.0,9.0,1.0,2.0,0.0,0.0,1.5,4.2,7.0,1.5,4.74,7.13,1.53,4.74,7.5,1.49,4.4,6.68,38.0,2017/2018
I1,2017-12-10,Sassuolo,Crotone,2.0,1.0,H,16.0,8.0,7.0,2.0,10.0,15.0,8.0,6.0,3.0,2.0,0.0,0.0,1.83,3.6,4.5,1.79,3.7,5.19,1.9,3.75,5.2,1.79,3.55,4.73,38.0,2017/2018
I1,2017-12-11,Lazio,Torino,1.0,3.0,A,20.0,18.0,7.0,6.0,7.0,16.0,13.0,2.0,1.0,1.0,1.0,0.0,1.5,4.75,5.75,1.5,4.77,6.91,1.55,4.82,7.0,1.49,4.58,6.17,37.0,2017/2018
I1,2017-12-12,Genoa,Atalanta,1.0,2.0,A,15.0,13.0,4.0,7.0,14.0,20.0,7.0,5.0,3.0,2.0,0.0,0.0,3.1,3.29,2.37,3.19,3.36,2.45,3.21,3.4,2.5,3.09,3.26,2.4,38.0,2017/2018
I1,2017-12-16,Inter Milan,Udinese,1.0,3.0,A,26.0,8.0,8.0,5.0,9.0,16.0,15.0,3.0,1.0,4.0,0.0,0.0,1.33,5.25,9.0,1.33,5.73,10.55,1.4,5.8,11.0,1.33,5.34,9.4,34.0,2017/2018
I1,2017-12-16,Roma,Cagliari,1.0,0.0,H,21.0,3.0,6.0,0.0,14.0,15.0,5.0,1.0,1.0,3.0,0.0,0.0,1.25,6.0,12.0,1.26,6.7,12.5,1.29,6.7,15.0,1.25,6.13,11.73,34.0,2017/2018
I1,2017-12-16,Torino,Napoli,1.0,3.0,A,8.0,12.0,2.0,4.0,8.0,8.0,4.0,5.0,1.0,1.0,0.0,0.0,5.5,3.89,1.61,5.42,4.17,1.68,5.75,4.17,1.71,5.09,3.97,1.66,34.0,2017/2018
I1,2017-12-17,Benevento,Spal,1.0,2.0,A,16.0,14.0,4.0,5.0,14.0,11.0,6.0,3.0,2.0,3.0,0.0,0.0,2.87,3.1,2.62,2.84,3.38,2.69,2.95,3.38,2.7,2.79,3.22,2.61,34.0,2017/2018
I1,2017-12-17,Atalanta,Lazio,3.0,3.0,D,13.0,13.0,6.0,4.0,5.0,12.0,5.0,7.0,2.0,2.0,0.0,0.0,2.37,3.39,3.0,2.41,3.51,3.13,2.5,3.54,3.13,2.37,3.37,2.99,34.0,2017/2018
I1,2017-12-17,Sampdoria,Sassuolo,0.0,1.0,A,13.0,15.0,2.0,7.0,15.0,16.0,7.0,5.0,1.0,6.0,0.0,0.0,1.8,4.0,4.2,1.79,4.03,4.66,1.85,4.03,5.0,1.79,3.87,4.28,34.0,2017/2018
I1,2017-12-17,Bologna,Juventus,0.0,3.0,A,3.0,11.0,1.0,6.0,9.0,9.0,3.0,7.0,3.0,1.0,0.0,0.0,7.0,4.75,1.44,8.07,4.7,1.46,8.07,4.75,1.48,7.4,4.47,1.44,34.0,2017/2018
I1,2017-12-17,Verona,Milan,3.0,0.0,H,6.0,30.0,4.0,8.0,12.0,13.0,4.0,13.0,3.0,2.0,0.0,1.0,5.5,4.33,1.57,6.04,4.44,1.59,6.25,4.44,1.65,5.49,4.24,1.59,34.0,2017/2018
I1,2017-12-17,Crotone,Chievo,1.0,0.0,H,15.0,15.0,6.0,4.0,17.0,13.0,6.0,4.0,4.0,4.0,0.0,0.0,3.2,3.2,2.37,3.25,3.39,2.4,3.3,3.39,2.5,3.17,3.22,2.36,34.0,2017/2018
I1,2017-12-17,Fiorentina,Genoa,0.0,0.0,D,22.0,5.0,4.0,3.0,13.0,9.0,3.0,4.0,2.0,2.0,0.0,0.0,1.57,4.0,6.0,1.65,4.11,5.84,1.65,4.2,6.25,1.59,4.04,5.7,34.0,2017/2018
I1,2017-12-22,Cagliari,Fiorentina,0.0,1.0,A,8.0,26.0,1.0,7.0,14.0,13.0,7.0,10.0,2.0,2.0,1.0,0.0,3.25,3.29,2.25,3.44,3.34,2.33,3.44,3.4,2.38,3.26,3.27,2.3,35.0,2017/2018
I1,2017-12-22,Chievo,Bologna,2.0,3.0,A,21.0,9.0,8.0,5.0,13.0,13.0,7.0,5.0,2.0,2.0,0.0,1.0,2.54,3.0,3.0,2.69,3.15,3.02,2.71,3.15,3.4,2.59,3.09,2.97,35.0,2017/2018
I1,2017-12-23,Genoa,Benevento,1.0,0.0,H,15.0,12.0,5.0,3.0,14.0,17.0,8.0,4.0,2.0,5.0,0.0,0.0,1.44,4.33,8.0,1.42,4.73,9.38,1.5,4.73,10.0,1.42,4.46,8.18,35.0,2017/2018
I1,2017-12-23,Juventus,Roma,1.0,0.0,H,22.0,13.0,7.0,3.0,9.0,13.0,3.0,5.0,2.0,3.0,0.0,0.0,1.8,3.6,4.75,1.83,3.69,4.97,1.87,3.7,5.0,1.81,3.56,4.61,35.0,2017/2018
I1,2017-12-23,Lazio,Crotone,4.0,0.0,H,19.0,8.0,6.0,2.0,12.0,7.0,10.0,3.0,1.0,2.0,0.0,0.0,1.22,6.5,13.0,1.24,6.86,14.87,1.25,6.88,16.0,1.22,6.39,13.18,35.0,2017/2018
I1,2017-12-23,Milan,Atalanta,0.0,2.0,A,23.0,11.0,5.0,7.0,17.0,11.0,7.0,4.0,2.0,0.0,0.0,0.0,2.39,3.25,3.0,2.47,3.41,3.11,2.54,3.41,3.15,2.46,3.28,2.96,35.0,2017/2018
I1,2017-12-23,Napoli,Sampdoria,3.0,2.0,H,14.0,6.0,9.0,2.0,17.0,15.0,2.0,2.0,4.0,5.0,1.0,0.0,1.25,6.0,12.0,1.28,6.4,12.13,1.3,6.5,12.24,1.26,5.97,11.03,35.0,2017/2018
I1,2017-12-23,Sassuolo,Inter Milan,1.0,0.0,H,9.0,16.0,4.0,4.0,14.0,18.0,1.0,10.0,1.0,2.0,0.0,0.0,5.0,3.75,1.72,4.86,3.92,1.79,5.2,3.92,1.8,4.7,3.76,1.75,35.0,2017/2018
I1,2017-12-23,Spal,Torino,2.0,2.0,D,15.0,15.0,4.0,5.0,12.0,21.0,9.0,3.0,4.0,2.0,0.0,0.0,3.6,3.39,2.1,3.59,3.51,2.19,3.75,3.51,2.2,3.52,3.39,2.12,35.0,2017/2018
I1,2017-12-23,Udinese,Verona,4.0,0.0,H,27.0,3.0,10.0,0.0,12.0,15.0,7.0,1.0,0.0,3.0,0.0,0.0,1.66,3.79,5.25,1.69,4.13,5.38,1.73,4.13,5.5,1.68,3.84,5.14,35.0,2017/2018
I1,2017-12-29,Crotone,Napoli,0.0,1.0,A,5.0,23.0,2.0,7.0,10.0,6.0,2.0,15.0,1.0,2.0,0.0,0.0,15.0,6.5,1.19,15.9,6.51,1.23,17.0,6.7,1.27,14.26,6.21,1.22,36.0,2017/2018
I1,2017-12-30,Inter Milan,Lazio,0.0,0.0,D,10.0,12.0,3.0,4.0,13.0,9.0,10.0,8.0,2.0,1.0,0.0,0.0,2.29,3.39,3.1,2.31,3.58,3.15,2.35,3.65,3.3,2.28,3.49,3.07,36.0,2017/2018
I1,2017-12-30,Benevento,Chievo,1.0,0.0,H,18.0,9.0,9.0,3.0,14.0,17.0,7.0,1.0,1.0,2.0,0.0,0.0,3.2,3.29,2.29,3.32,3.44,2.28,3.32,3.44,2.38,3.18,3.31,2.3,36.0,2017/2018
I1,2017-12-30,Bologna,Udinese,1.0,2.0,A,12.0,7.0,3.0,4.0,14.0,16.0,8.0,0.0,2.0,3.0,0.0,0.0,2.39,3.29,3.0,2.43,3.17,3.35,2.5,3.3,3.35,2.42,3.16,3.12,36.0,2017/2018
I1,2017-12-30,Fiorentina,Milan,1.0,1.0,D,18.0,8.0,6.0,4.0,11.0,12.0,2.0,5.0,1.0,1.0,0.0,0.0,2.0,3.5,3.79,2.02,3.6,3.88,2.3,3.62,4.0,2.06,3.46,3.62,36.0,2017/2018
I1,2017-12-30,Verona,Juventus,1.0,3.0,A,3.0,18.0,1.0,8.0,22.0,4.0,6.0,6.0,2.0,0.0,0.0,0.0,15.0,6.5,1.19,16.51,6.43,1.23,17.0,6.67,1.26,14.88,6.14,1.22,36.0,2017/2018
I1,2017-12-30,Roma,Sassuolo,1.0,1.0,D,21.0,15.0,4.0,5.0,13.0,12.0,7.0,4.0,1.0,2.0,0.0,0.0,1.3,5.5,10.0,1.3,5.76,11.16,1.35,5.8,12.0,1.31,5.51,9.75,36.0,2017/2018
I1,2017-12-30,Sampdoria,Spal,2.0,0.0,H,20.0,9.0,8.0,2.0,16.0,15.0,11.0,3.0,3.0,4.0,0.0,0.0,1.72,4.0,4.5,1.7,4.02,5.17,1.76,4.02,5.25,1.7,3.89,4.83,36.0,2017/2018
I1,2017-12-30,Torino,Genoa,0.0,0.0,D,17.0,3.0,6.0,1.0,25.0,23.0,8.0,3.0,1.0,3.0,0.0,0.0,2.1,3.39,3.6,2.09,3.48,3.77,2.15,3.48,3.85,2.08,3.36,3.66,36.0,2017/2018
I1,2017-12-30,Atalanta,Cagliari,1.0,2.0,A,25.0,4.0,6.0,3.0,6.0,19.0,5.0,3.0,0.0,5.0,0.0,1.0,1.44,4.33,8.0,1.45,4.61,8.1,1.5,4.65,9.0,1.45,4.43,7.37,36.0,2017/2018
I1,2018-01-05,Chievo,Udinese,1.0,1.0,D,11.0,9.0,6.0,1.0,6.0,20.0,5.0,5.0,0.0,1.0,0.0,0.0,3.0,3.2,2.5,3.12,3.28,2.54,3.17,3.28,2.6,3.02,3.17,2.48,36.0,2017/2018
I1,2018-01-05,Fiorentina,Inter Milan,1.0,1.0,D,23.0,13.0,4.0,4.0,9.0,11.0,7.0,5.0,2.0,3.0,0.0,0.0,2.5,3.25,2.87,2.59,3.38,2.95,2.7,3.39,3.0,2.57,3.24,2.84,36.0,2017/2018
I1,2018-01-06,Milan,Crotone,1.0,0.0,H,26.0,8.0,9.0,2.0,17.0,16.0,14.0,0.0,2.0,2.0,0.0,0.0,1.33,5.25,9.5,1.33,5.62,10.85,1.4,5.62,11.0,1.33,5.13,9.4,36.0,2017/2018
I1,2018-01-06,Benevento,Sampdoria,3.0,2.0,H,16.0,13.0,4.0,6.0,10.0,9.0,6.0,7.0,1.0,1.0,0.0,1.0,3.5,3.5,2.1,3.69,3.57,2.13,3.72,3.6,2.16,3.47,3.49,2.11,36.0,2017/2018
I1,2018-01-06,Cagliari,Juventus,0.0,1.0,A,9.0,16.0,2.0,2.0,17.0,13.0,5.0,3.0,1.0,2.0,0.0,0.0,10.0,5.0,1.33,12.11,5.3,1.34,12.11,5.36,1.4,10.24,4.97,1.33,36.0,2017/2018
I1,2018-01-06,Genoa,Sassuolo,1.0,0.0,H,7.0,10.0,3.0,1.0,17.0,16.0,5.0,5.0,3.0,1.0,0.0,0.0,2.2,3.2,3.5,2.22,3.36,3.69,2.26,3.36,3.75,2.18,3.24,3.54,36.0,2017/2018
I1,2018-01-06,Spal,Lazio,2.0,5.0,A,13.0,15.0,4.0,7.0,8.0,14.0,9.0,4.0,2.0,3.0,0.0,0.0,6.5,4.2,1.53,6.52,4.55,1.55,7.0,4.55,1.59,6.13,4.21,1.54,36.0,2017/2018
I1,2018-01-06,Napoli,Verona,2.0,0.0,H,24.0,3.0,9.0,1.0,9.0,8.0,5.0,1.0,0.0,4.0,0.0,0.0,1.11,10.0,21.0,1.12,11.38,25.32,1.14,11.38,31.0,1.12,9.38,21.51,36.0,2017/2018
I1,2018-01-06,Torino,Bologna,3.0,0.0,H,19.0,6.0,6.0,1.0,13.0,12.0,4.0,5.0,1.0,2.0,0.0,0.0,2.1,3.39,3.6,2.14,3.48,3.78,2.2,3.5,3.8,2.12,3.34,3.59,36.0,2017/2018
I1,2018-01-06,Roma,Atalanta,1.0,2.0,A,18.0,11.0,5.0,4.0,12.0,6.0,12.0,7.0,1.0,3.0,0.0,1.0,1.72,3.79,4.75,1.72,3.97,5.36,1.77,4.0,5.36,1.72,3.8,4.84,36.0,2017/2018
I1,2018-01-21,Atalanta,Napoli,0.0,1.0,A,9.0,12.0,3.0,3.0,10.0,13.0,8.0,7.0,0.0,2.0,0.0,0.0,3.6,3.5,2.04,3.73,3.56,2.1,3.9,3.6,2.13,3.61,3.46,2.06,35.0,2017/2018
I1,2018-01-21,Bologna,Benevento,3.0,0.0,H,8.0,4.0,6.0,1.0,11.0,15.0,5.0,3.0,4.0,2.0,0.0,0.0,1.7,3.6,5.5,1.68,3.78,6.05,1.75,3.9,6.05,1.67,3.7,5.49,35.0,2017/2018
I1,2018-01-21,Cagliari,Milan,1.0,2.0,A,12.0,16.0,3.0,6.0,23.0,17.0,5.0,8.0,5.0,4.0,1.0,1.0,3.75,3.39,2.04,3.88,3.52,2.07,4.0,3.65,2.1,3.73,3.44,2.03,35.0,2017/2018
I1,2018-01-21,Inter Milan,Roma,1.0,1.0,D,17.0,7.0,7.0,1.0,13.0,13.0,6.0,5.0,2.0,0.0,0.0,0.0,2.39,3.5,2.89,2.41,3.52,3.06,2.46,3.6,3.1,2.38,3.43,2.95,34.0,2017/2018
I1,2018-01-21,Lazio,Chievo,5.0,1.0,H,18.0,9.0,11.0,3.0,5.0,3.0,2.0,2.0,1.0,0.0,0.0,0.0,1.25,6.25,12.0,1.26,6.6,12.5,1.29,6.7,15.0,1.24,6.23,11.8,35.0,2017/2018
I1,2018-01-21,Sampdoria,Fiorentina,3.0,1.0,H,14.0,12.0,10.0,5.0,5.0,16.0,7.0,4.0,1.0,2.0,0.0,0.0,3.0,3.39,2.37,2.99,3.54,2.45,3.0,3.55,2.6,2.9,3.41,2.42,35.0,2017/2018
I1,2018-01-21,Sassuolo,Torino,1.0,1.0,D,18.0,9.0,6.0,4.0,16.0,15.0,6.0,7.0,4.0,2.0,0.0,0.0,2.62,3.25,2.75,2.77,3.31,2.77,2.78,3.4,2.8,2.66,3.27,2.71,35.0,2017/2018
I1,2018-01-21,Udinese,Spal,1.0,1.0,D,6.0,14.0,1.0,4.0,23.0,12.0,5.0,7.0,2.0,3.0,0.0,0.0,1.75,3.39,5.5,1.78,3.53,5.6,1.82,3.7,5.6,1.77,3.52,5.0,35.0,2017/2018
I1,2018-01-21,Verona,Crotone,0.0,3.0,A,10.0,9.0,2.0,5.0,13.0,15.0,5.0,1.0,1.0,5.0,1.0,0.0,2.1,3.25,3.75,2.18,3.34,3.74,2.22,3.45,3.8,2.14,3.27,3.6,35.0,2017/2018
I1,2018-01-22,Juventus,Genoa,1.0,0.0,H,15.0,3.0,5.0,0.0,23.0,17.0,4.0,3.0,1.0,5.0,0.0,0.0,1.19,6.5,17.0,1.2,7.1,19.51,1.23,7.2,19.51,1.2,6.43,15.88,34.0,2017/2018
I1,2018-01-24,Lazio,Udinese,3.0,0.0,H,11.0,12.0,7.0,4.0,8.0,5.0,3.0,6.0,0.0,2.0,0.0,0.0,1.5,4.33,6.5,1.49,4.75,6.98,1.53,4.75,7.0,1.49,4.45,6.39,37.0,2017/2018
I1,2018-01-24,Sampdoria,Roma,1.0,1.0,D,13.0,20.0,3.0,4.0,10.0,12.0,6.0,7.0,1.0,3.0,0.0,0.0,4.0,3.6,1.9,4.01,3.79,1.95,4.1,3.84,2.1,3.85,3.68,1.92,37.0,2017/2018
I1,2018-01-27,Chievo,Juventus,0.0,2.0,A,1.0,16.0,1.0,7.0,9.0,11.0,2.0,4.0,2.0,2.0,2.0,0.0,10.0,5.0,1.33,10.5,5.07,1.36,11.0,5.3,1.38,9.67,4.87,1.35,36.0,2017/2018
I1,2018-01-27,Sassuolo,Atalanta,0.0,3.0,A,10.0,17.0,1.0,10.0,11.0,11.0,5.0,7.0,2.0,0.0,1.0,0.0,3.39,3.29,2.2,3.53,3.46,2.24,3.55,3.46,2.3,3.36,3.3,2.23,37.0,2017/2018
I1,2018-01-28,Crotone,Cagliari,1.0,1.0,D,13.0,6.0,6.0,3.0,18.0,15.0,9.0,4.0,2.0,2.0,0.0,1.0,2.39,3.1,3.2,2.39,3.24,3.35,2.42,3.25,3.45,2.37,3.14,3.22,36.0,2017/2018
I1,2018-01-28,Fiorentina,Verona,1.0,4.0,A,28.0,8.0,6.0,5.0,13.0,16.0,11.0,3.0,3.0,4.0,0.0,0.0,1.28,5.5,11.0,1.3,6.01,10.99,1.35,6.01,12.0,1.29,5.61,10.43,37.0,2017/2018
I1,2018-01-28,Genoa,Udinese,0.0,1.0,A,19.0,6.0,2.0,1.0,11.0,17.0,10.0,3.0,2.0,0.0,0.0,1.0,2.14,3.1,3.79,2.27,3.22,3.66,2.3,3.3,3.79,2.22,3.15,3.51,36.0,2017/2018
I1,2018-01-28,Milan,Lazio,2.0,1.0,H,11.0,13.0,5.0,4.0,8.0,14.0,4.0,3.0,2.0,6.0,0.0,0.0,2.39,3.5,2.89,2.54,3.47,2.91,2.55,3.5,3.0,2.47,3.36,2.87,37.0,2017/2018
I1,2018-01-28,Napoli,Bologna,3.0,1.0,H,9.0,10.0,4.0,5.0,7.0,13.0,7.0,3.0,1.0,2.0,0.0,0.0,1.18,7.5,15.0,1.19,7.65,17.5,1.22,7.75,21.0,1.19,7.1,15.77,36.0,2017/2018
I1,2018-01-28,Roma,Sampdoria,0.0,1.0,A,19.0,15.0,8.0,10.0,8.0,7.0,10.0,10.0,2.0,2.0,0.0,0.0,1.39,5.0,7.5,1.41,5.18,8.04,1.45,5.18,8.13,1.41,4.84,7.36,37.0,2017/2018
I1,2018-01-28,Spal,Inter Milan,1.0,1.0,D,12.0,10.0,3.0,6.0,7.0,26.0,4.0,6.0,1.0,0.0,0.0,0.0,5.5,3.79,1.66,5.7,4.13,1.65,6.0,4.16,1.75,5.31,3.92,1.65,37.0,2017/2018
I1,2018-01-28,Torino,Benevento,3.0,0.0,H,14.0,6.0,5.0,1.0,14.0,10.0,6.0,3.0,2.0,1.0,0.0,1.0,1.44,4.75,7.0,1.44,4.85,8.08,1.5,4.85,8.5,1.44,4.58,7.16,36.0,2017/2018
I1,2018-02-03,Inter Milan,Crotone,1.0,1.0,D,11.0,11.0,2.0,2.0,14.0,8.0,7.0,4.0,1.0,3.0,0.0,0.0,1.3,5.25,11.0,1.32,5.41,12.07,1.36,5.65,13.0,1.32,5.14,10.68,39.0,2017/2018
I1,2018-02-03,Sampdoria,Torino,1.0,1.0,D,9.0,14.0,3.0,5.0,15.0,19.0,6.0,4.0,3.0,4.0,0.0,1.0,2.39,3.39,2.89,2.39,3.64,3.0,2.5,3.68,3.3,2.38,3.49,2.92,39.0,2017/2018
I1,2018-02-04,Atalanta,Chievo,1.0,0.0,H,24.0,4.0,4.0,0.0,11.0,14.0,10.0,3.0,0.0,1.0,0.0,0.0,1.36,4.75,9.5,1.37,5.26,9.34,1.5,5.26,10.5,1.38,4.83,8.57,39.0,2017/2018
I1,2018-02-04,Benevento,Napoli,0.0,2.0,A,14.0,17.0,4.0,5.0,4.0,6.0,4.0,5.0,1.0,0.0,0.0,0.0,17.0,7.0,1.18,17.53,7.43,1.2,21.0,7.75,1.22,15.79,7.09,1.18,38.0,2017/2018
I1,2018-02-04,Bologna,Fiorentina,1.0,2.0,A,8.0,11.0,4.0,6.0,11.0,12.0,4.0,4.0,2.0,1.0,0.0,0.0,3.39,3.29,2.2,3.26,3.44,2.34,3.4,3.46,2.5,3.21,3.3,2.29,39.0,2017/2018
I1,2018-02-04,Cagliari,Spal,2.0,0.0,H,10.0,10.0,4.0,3.0,26.0,16.0,6.0,3.0,5.0,2.0,0.0,0.0,2.14,3.25,3.6,2.14,3.34,3.88,2.2,3.45,3.88,2.11,3.28,3.65,39.0,2017/2018
I1,2018-02-04,Juventus,Sassuolo,7.0,0.0,H,17.0,5.0,10.0,1.0,8.0,8.0,5.0,1.0,0.0,2.0,0.0,0.0,1.22,6.0,15.0,1.25,6.34,15.09,1.27,6.5,18.0,1.23,5.92,14.42,39.0,2017/2018
I1,2018-02-04,Udinese,Milan,1.0,1.0,D,13.0,15.0,3.0,4.0,18.0,13.0,5.0,5.0,2.0,2.0,0.0,1.0,3.39,3.29,2.2,3.4,3.31,2.33,3.4,3.45,2.4,3.25,3.28,2.28,39.0,2017/2018
I1,2018-02-04,Verona,Roma,0.0,1.0,A,9.0,17.0,1.0,8.0,17.0,7.0,4.0,6.0,3.0,1.0,0.0,1.0,7.0,4.5,1.44,7.84,5.07,1.43,8.0,5.07,1.6,6.94,4.62,1.45,39.0,2017/2018
I1,2018-02-05,Lazio,Genoa,1.0,2.0,A,22.0,6.0,5.0,4.0,7.0,9.0,8.0,1.0,0.0,1.0,0.0,0.0,1.5,4.2,7.0,1.51,4.31,7.75,1.55,4.45,8.0,1.5,4.2,6.9,38.0,2017/2018
I1,2018-02-09,Fiorentina,Juventus,0.0,2.0,A,12.0,4.0,2.0,3.0,12.0,17.0,2.0,5.0,4.0,3.0,0.0,0.0,4.5,3.5,1.85,4.74,3.61,1.86,5.02,3.64,1.91,4.54,3.5,1.84,39.0,2017/2018
I1,2018-02-10,Crotone,Atalanta,1.0,1.0,D,9.0,13.0,4.0,4.0,16.0,13.0,4.0,9.0,4.0,2.0,0.0,0.0,4.5,3.5,1.85,4.85,3.53,1.87,4.85,3.6,2.0,4.49,3.43,1.85,39.0,2017/2018
I1,2018-02-10,Napoli,Lazio,4.0,1.0,H,17.0,5.0,7.0,1.0,5.0,10.0,2.0,2.0,0.0,3.0,0.0,0.0,1.61,4.33,5.0,1.67,4.09,5.54,1.71,4.33,5.54,1.64,4.02,5.11,38.0,2017/2018
I1,2018-02-10,Spal,Milan,0.0,4.0,A,8.0,21.0,0.0,9.0,17.0,16.0,3.0,5.0,3.0,3.0,0.0,0.0,4.5,3.6,1.83,4.76,3.72,1.83,5.0,3.74,1.88,4.6,3.58,1.8,38.0,2017/2018
I1,2018-02-11,Chievo,Genoa,0.0,1.0,A,6.0,10.0,1.0,3.0,16.0,17.0,3.0,7.0,1.0,1.0,0.0,0.0,3.1,3.1,2.5,2.98,3.13,2.7,3.15,3.21,2.71,2.93,3.07,2.6,38.0,2017/2018
I1,2018-02-11,Inter Milan,Bologna,2.0,1.0,H,15.0,8.0,5.0,4.0,18.0,17.0,7.0,2.0,1.0,3.0,0.0,2.0,1.5,4.2,7.0,1.49,4.45,7.79,1.53,4.51,8.5,1.49,4.25,7.0,38.0,2017/2018
I1,2018-02-11,Roma,Benevento,5.0,2.0,H,20.0,6.0,9.0,3.0,9.0,7.0,10.0,3.0,0.0,0.0,0.0,0.0,1.14,8.0,19.0,1.16,8.96,18.4,1.18,9.5,23.0,1.15,8.2,17.14,38.0,2017/2018
I1,2018-02-11,Sampdoria,Verona,2.0,0.0,H,22.0,6.0,10.0,1.0,10.0,15.0,8.0,4.0,1.0,1.0,0.0,0.0,1.44,4.5,7.5,1.48,4.83,7.13,1.5,5.0,7.5,1.45,4.67,6.68,38.0,2017/2018
I1,2018-02-11,Sassuolo,Cagliari,0.0,0.0,D,15.0,5.0,1.0,2.0,12.0,15.0,4.0,2.0,0.0,1.0,0.0,0.0,2.1,3.39,3.6,2.13,3.35,3.87,2.21,3.41,3.9,2.11,3.3,3.62,38.0,2017/2018
I1,2018-02-11,Torino,Udinese,2.0,0.0,H,14.0,12.0,7.0,0.0,12.0,16.0,7.0,3.0,2.0,1.0,0.0,0.0,1.85,3.6,4.33,1.85,3.68,4.68,2.0,3.78,4.75,1.84,3.59,4.35,38.0,2017/2018
I1,2018-02-17,Chievo,Cagliari,2.0,1.0,H,9.0,5.0,5.0,3.0,10.0,23.0,7.0,1.0,2.0,3.0,0.0,0.0,2.45,3.2,3.1,2.49,3.31,3.11,2.54,3.31,3.21,2.46,3.14,3.09,39.0,2017/2018
I1,2018-02-17,Genoa,Inter Milan,2.0,0.0,H,9.0,14.0,2.0,5.0,11.0,9.0,10.0,8.0,0.0,1.0,0.0,0.0,3.5,3.1,2.25,3.52,3.13,2.37,3.6,3.3,2.39,3.44,3.11,2.29,39.0,2017/2018
I1,2018-02-17,Udinese,Roma,0.0,2.0,A,8.0,18.0,3.0,7.0,11.0,10.0,2.0,7.0,3.0,1.0,0.0,0.0,4.33,3.6,1.85,4.49,3.68,1.88,4.6,3.8,1.94,4.23,3.61,1.86,39.0,2017/2018
I1,2018-02-18,Bologna,Sassuolo,2.0,1.0,H,10.0,19.0,6.0,6.0,12.0,19.0,2.0,9.0,1.0,4.0,0.0,1.0,2.54,3.2,2.87,2.68,3.2,2.94,2.71,3.26,3.15,2.58,3.14,2.92,39.0,2017/2018
I1,2018-02-18,Atalanta,Fiorentina,1.0,1.0,D,7.0,17.0,3.0,2.0,10.0,18.0,2.0,5.0,2.0,6.0,0.0,1.0,2.29,3.29,3.1,2.4,3.32,3.25,2.51,3.4,3.25,2.39,3.25,3.08,39.0,2017/2018
I1,2018-02-18,Benevento,Crotone,3.0,2.0,H,16.0,19.0,8.0,3.0,14.0,10.0,7.0,4.0,5.0,2.0,0.0,0.0,2.54,3.2,2.89,2.66,3.19,2.99,2.8,3.25,3.01,2.61,3.13,2.87,38.0,2017/2018
I1,2018-02-18,Torino,Juventus,0.0,1.0,A,6.0,8.0,3.0,3.0,14.0,8.0,2.0,3.0,1.0,1.0,0.0,0.0,4.75,3.75,1.75,4.99,3.7,1.81,5.3,3.75,1.84,4.89,3.6,1.77,39.0,2017/2018
I1,2018-02-18,Milan,Sampdoria,1.0,0.0,H,20.0,9.0,8.0,2.0,13.0,15.0,11.0,1.0,1.0,3.0,0.0,0.0,1.72,4.0,4.5,1.72,4.01,5.16,1.79,4.09,5.16,1.72,3.86,4.73,39.0,2017/2018
I1,2018-02-18,Napoli,Spal,1.0,0.0,H,19.0,4.0,5.0,1.0,10.0,11.0,10.0,1.0,1.0,4.0,0.0,0.0,1.14,8.0,23.0,1.15,8.8,22.75,1.18,9.13,23.0,1.15,8.01,19.19,39.0,2017/2018
I1,2018-02-19,Lazio,Verona,2.0,0.0,H,33.0,5.0,10.0,0.0,7.0,10.0,11.0,2.0,0.0,1.0,0.0,0.0,1.16,7.5,17.0,1.22,7.6,14.2,1.23,7.99,17.0,1.19,7.08,13.81,38.0,2017/2018
I1,2018-02-24,Bologna,Genoa,2.0,0.0,H,7.0,16.0,4.0,3.0,9.0,12.0,2.0,8.0,2.0,0.0,0.0,0.0,2.89,3.0,2.7,2.94,3.09,2.77,2.95,3.15,3.05,2.8,3.03,2.76,39.0,2017/2018
I1,2018-02-24,Inter Milan,Benevento,2.0,0.0,H,9.0,10.0,4.0,1.0,15.0,14.0,6.0,2.0,2.0,3.0,0.0,1.0,1.25,6.0,11.0,1.24,6.93,13.92,1.28,6.93,15.0,1.24,6.28,12.32,39.0,2017/2018
I1,2018-02-25,Roma,Milan,0.0,2.0,A,18.0,10.0,3.0,5.0,11.0,6.0,9.0,3.0,0.0,0.0,0.0,0.0,1.95,3.6,3.79,1.9,3.63,4.48,2.0,3.71,4.48,1.9,3.56,4.04,39.0,2017/2018
I1,2018-02-25,Fiorentina,Chievo,1.0,0.0,H,14.0,5.0,5.0,2.0,16.0,17.0,9.0,10.0,1.0,1.0,0.0,0.0,1.5,4.2,7.0,1.47,4.32,8.97,1.55,4.61,8.97,1.46,4.29,7.47,39.0,2017/2018
I1,2018-02-25,Crotone,Spal,2.0,3.0,A,17.0,10.0,7.0,6.0,19.0,13.0,5.0,4.0,1.0,4.0,0.0,0.0,2.29,3.1,3.39,2.34,3.24,3.46,2.4,3.3,3.49,2.3,3.15,3.35,39.0,2017/2018
I1,2018-02-25,Sampdoria,Udinese,2.0,1.0,H,14.0,16.0,3.0,4.0,11.0,16.0,5.0,4.0,2.0,2.0,0.0,0.0,1.9,3.5,4.2,1.99,3.57,4.12,2.05,3.61,4.2,1.97,3.49,3.86,39.0,2017/2018
I1,2018-02-25,Verona,Torino,2.0,1.0,H,7.0,12.0,4.0,2.0,12.0,19.0,7.0,7.0,3.0,1.0,0.0,0.0,5.25,3.79,1.66,5.44,3.93,1.7,5.44,4.06,1.8,4.86,3.81,1.71,39.0,2017/2018
I1,2018-02-25,Sassuolo,Lazio,0.0,3.0,A,15.0,6.0,4.0,4.0,11.0,10.0,4.0,0.0,3.0,3.0,1.0,1.0,4.0,3.6,1.9,4.4,3.77,1.88,4.4,3.83,1.93,4.12,3.66,1.86,39.0,2017/2018
I1,2018-02-26,Cagliari,Napoli,0.0,5.0,A,7.0,18.0,3.0,8.0,12.0,5.0,1.0,2.0,2.0,1.0,0.0,0.0,10.0,5.0,1.33,10.52,5.14,1.36,11.0,5.39,1.38,9.54,5.03,1.34,38.0,2017/2018
I1,2018-03-03,Lazio,Juventus,0.0,1.0,A,4.0,6.0,2.0,1.0,16.0,11.0,4.0,4.0,3.0,2.0,0.0,0.0,3.5,3.29,2.2,3.5,3.3,2.29,3.58,3.4,2.38,3.38,3.26,2.24,38.0,2017/2018
I1,2018-03-03,Napoli,Roma,2.0,4.0,A,26.0,11.0,13.0,5.0,7.0,8.0,10.0,2.0,1.0,2.0,0.0,0.0,1.57,4.0,6.0,1.6,4.25,6.02,1.65,4.29,6.25,1.6,4.02,5.75,38.0,2017/2018
I1,2018-03-03,Spal,Bologna,1.0,0.0,H,11.0,6.0,1.0,0.0,12.0,15.0,4.0,4.0,5.0,3.0,1.0,1.0,2.39,3.2,3.2,2.42,3.22,3.32,2.53,3.25,3.4,2.41,3.14,3.18,38.0,2017/2018
I1,2018-03-09,Roma,Torino,3.0,0.0,H,15.0,10.0,5.0,3.0,8.0,21.0,13.0,6.0,1.0,2.0,0.0,0.0,1.61,4.2,5.25,1.67,4.24,5.24,1.75,4.28,5.41,1.66,4.06,5.04,40.0,2017/2018
I1,2018-03-10,Verona,Chievo,1.0,0.0,H,7.0,10.0,2.0,2.0,11.0,16.0,3.0,4.0,4.0,6.0,0.0,0.0,3.39,3.29,2.2,3.51,3.4,2.24,3.51,3.42,2.4,3.35,3.3,2.23,40.0,2017/2018
I1,2018-03-11,Cagliari,Lazio,2.0,2.0,D,5.0,12.0,4.0,4.0,13.0,10.0,1.0,4.0,2.0,4.0,0.0,0.0,5.25,3.75,1.66,5.2,3.98,1.72,5.9,4.05,1.75,5.11,3.85,1.68,40.0,2017/2018
I1,2018-03-11,Bologna,Atalanta,0.0,1.0,A,10.0,21.0,1.0,5.0,11.0,12.0,5.0,10.0,3.0,0.0,0.0,0.0,4.2,3.39,1.95,4.41,3.52,1.94,4.42,3.55,2.2,4.18,3.39,1.94,40.0,2017/2018
I1,2018-03-11,Crotone,Sampdoria,4.0,1.0,H,14.0,11.0,8.0,2.0,16.0,20.0,3.0,10.0,1.0,2.0,0.0,0.0,3.25,3.25,2.29,3.26,3.3,2.41,3.3,3.4,2.44,3.17,3.25,2.34,40.0,2017/2018
I1,2018-03-11,Fiorentina,Benevento,1.0,0.0,H,14.0,11.0,5.0,3.0,11.0,8.0,8.0,9.0,2.0,3.0,0.0,0.0,1.36,5.0,8.5,1.36,5.34,9.83,1.4,5.57,10.5,1.35,5.09,8.93,40.0,2017/2018
I1,2018-03-11,Genoa,Milan,0.0,1.0,A,9.0,14.0,2.0,7.0,5.0,9.0,3.0,3.0,1.0,0.0,0.0,0.0,3.39,3.0,2.39,3.49,3.07,2.42,3.49,3.3,2.5,3.25,3.05,2.41,40.0,2017/2018
I1,2018-03-11,Juventus,Udinese,2.0,0.0,H,11.0,5.0,4.0,1.0,7.0,9.0,5.0,3.0,1.0,2.0,0.0,0.0,1.22,6.5,13.0,1.26,5.97,15.75,1.29,6.5,18.0,1.25,5.69,13.61,40.0,2017/2018
I1,2018-03-11,Inter Milan,Napoli,0.0,0.0,D,3.0,11.0,1.0,2.0,9.0,10.0,2.0,3.0,1.0,3.0,0.0,0.0,4.0,3.39,1.95,4.09,3.51,2.02,4.2,3.55,2.2,3.81,3.41,2.02,40.0,2017/2018
I1,2018-03-11,Sassuolo,Spal,1.0,1.0,D,15.0,6.0,4.0,2.0,13.0,14.0,9.0,3.0,3.0,3.0,0.0,0.0,2.0,3.2,4.0,2.06,3.35,4.15,2.12,3.4,4.3,2.02,3.29,3.97,40.0,2017/2018
I1,2018-03-14,Juventus,Atalanta,2.0,0.0,H,15.0,8.0,3.0,0.0,8.0,23.0,3.0,8.0,3.0,5.0,0.0,1.0,1.39,4.5,8.5,1.44,4.54,8.87,1.48,5.3,9.0,1.43,4.36,8.41,39.0,2017/2018
I1,2018-03-17,Spal,Juventus,0.0,0.0,D,3.0,12.0,0.0,3.0,15.0,16.0,3.0,7.0,5.0,2.0,0.0,0.0,13.0,5.0,1.3,12.39,5.41,1.32,13.0,6.0,1.37,10.73,4.88,1.33,38.0,2017/2018
I1,2018-03-17,Udinese,Sassuolo,1.0,2.0,A,11.0,12.0,3.0,3.0,14.0,15.0,4.0,7.0,1.0,2.0,0.0,0.0,2.1,3.29,3.75,2.22,3.26,3.75,2.26,3.35,3.8,2.17,3.22,3.59,39.0,2017/2018
I1,2018-03-18,Benevento,Cagliari,1.0,2.0,A,15.0,12.0,4.0,3.0,11.0,7.0,5.0,9.0,2.0,2.0,0.0,0.0,2.39,3.39,2.89,2.62,3.37,2.88,2.62,3.47,3.0,2.51,3.3,2.86,39.0,2017/2018
I1,2018-03-18,Crotone,Roma,0.0,2.0,A,8.0,20.0,3.0,8.0,10.0,11.0,4.0,5.0,0.0,0.0,0.0,0.0,6.0,4.33,1.53,6.78,4.43,1.53,7.5,4.8,1.57,6.33,4.26,1.52,39.0,2017/2018
I1,2018-03-18,Lazio,Bologna,1.0,1.0,D,21.0,10.0,4.0,3.0,7.0,9.0,5.0,3.0,2.0,2.0,0.0,0.0,1.33,4.75,9.5,1.35,5.27,10.61,1.38,5.5,11.0,1.34,5.0,9.45,39.0,2017/2018
I1,2018-03-18,Milan,Chievo,3.0,2.0,H,18.0,6.0,6.0,2.0,13.0,18.0,10.0,1.0,3.0,5.0,0.0,0.0,1.36,4.75,9.5,1.37,5.03,10.27,1.41,5.5,10.5,1.37,4.69,9.33,39.0,2017/2018
I1,2018-03-18,Napoli,Genoa,1.0,0.0,H,16.0,12.0,4.0,3.0,7.0,11.0,8.0,3.0,1.0,2.0,0.0,0.0,1.19,6.5,13.0,1.22,6.63,17.64,1.25,7.0,18.0,1.22,6.21,14.43,39.0,2017/2018
I1,2018-03-18,Sampdoria,Inter Milan,0.0,5.0,A,10.0,15.0,2.0,8.0,6.0,9.0,7.0,9.0,2.0,1.0,0.0,0.0,3.75,3.5,2.0,3.96,3.43,2.06,4.0,3.58,2.11,3.75,3.42,2.03,39.0,2017/2018
I1,2018-03-18,Torino,Fiorentina,1.0,2.0,A,10.0,13.0,3.0,5.0,14.0,16.0,2.0,3.0,3.0,3.0,0.0,0.0,2.25,3.39,3.1,2.32,3.41,3.32,2.35,3.47,3.45,2.25,3.33,3.28,39.0,2017/2018
I1,2018-03-18,Verona,Atalanta,0.0,5.0,A,6.0,24.0,0.0,11.0,11.0,13.0,4.0,4.0,3.0,2.0,0.0,0.0,7.5,4.0,1.5,7.09,4.25,1.54,7.5,4.37,1.65,6.56,4.13,1.53,39.0,2017/2018
I1,2018-03-31,Chievo,Sampdoria,2.0,1.0,H,7.0,15.0,4.0,7.0,15.0,11.0,2.0,6.0,3.0,2.0,0.0,0.0,2.29,3.29,3.1,2.33,3.43,3.28,2.41,3.46,3.45,2.28,3.33,3.19,41.0,2017/2018
I1,2018-03-31,Atalanta,Udinese,2.0,0.0,H,23.0,9.0,7.0,2.0,9.0,10.0,10.0,6.0,1.0,2.0,0.0,0.0,1.44,4.2,7.5,1.44,4.68,8.66,1.48,4.77,9.5,1.42,4.41,8.08,41.0,2017/2018
I1,2018-03-31,Bologna,Roma,1.0,1.0,D,6.0,17.0,1.0,5.0,14.0,7.0,3.0,11.0,3.0,1.0,0.0,0.0,4.75,3.75,1.7,5.37,3.99,1.7,5.55,4.02,1.74,5.08,3.84,1.68,41.0,2017/2018
I1,2018-03-31,Cagliari,Torino,0.0,4.0,A,9.0,13.0,2.0,6.0,10.0,16.0,5.0,7.0,0.0,1.0,0.0,0.0,3.0,3.39,2.29,2.99,3.41,2.52,3.1,3.47,2.61,2.92,3.33,2.45,41.0,2017/2018
I1,2018-03-31,Fiorentina,Crotone,2.0,0.0,H,15.0,6.0,6.0,2.0,21.0,10.0,6.0,3.0,4.0,5.0,0.0,1.0,1.44,4.5,6.5,1.52,4.39,7.25,1.54,4.5,7.5,1.49,4.29,6.81,41.0,2017/2018
I1,2018-03-31,Genoa,Spal,1.0,1.0,D,15.0,7.0,2.0,4.0,26.0,13.0,7.0,2.0,4.0,2.0,0.0,1.0,1.95,3.29,4.0,1.96,3.27,4.77,2.02,3.5,4.77,1.93,3.22,4.45,41.0,2017/2018
I1,2018-03-31,Juventus,Milan,3.0,1.0,H,7.0,10.0,4.0,5.0,9.0,17.0,2.0,3.0,1.0,3.0,0.0,0.0,1.66,3.6,5.5,1.63,3.86,6.71,1.69,3.89,6.71,1.63,3.67,5.97,41.0,2017/2018
I1,2018-03-31,Lazio,Benevento,6.0,2.0,H,27.0,6.0,14.0,3.0,14.0,11.0,8.0,2.0,0.0,4.0,0.0,1.0,1.16,7.0,15.0,1.21,7.31,15.4,1.25,8.0,16.0,1.21,6.75,13.14,41.0,2017/2018
I1,2018-03-31,Sassuolo,Napoli,1.0,1.0,D,10.0,12.0,4.0,4.0,16.0,10.0,4.0,5.0,5.0,2.0,0.0,0.0,8.5,4.75,1.36,9.98,5.45,1.35,10.5,5.45,1.4,8.95,4.97,1.35,41.0,2017/2018
I1,2018-03-31,Inter Milan,Verona,3.0,0.0,H,23.0,8.0,4.0,1.0,7.0,11.0,5.0,3.0,1.0,3.0,0.0,1.0,1.14,7.5,17.0,1.15,8.97,20.67,1.18,9.33,23.0,1.15,8.02,17.32,41.0,2017/2018
I1,2018-04-03,Atalanta,Sampdoria,1.0,2.0,A,16.0,10.0,1.0,3.0,13.0,11.0,10.0,7.0,2.0,3.0,0.0,0.0,1.44,4.5,7.5,1.45,4.82,7.73,1.48,5.0,8.5,1.44,4.63,7.49,40.0,2017/2018
I1,2018-04-03,Genoa,Cagliari,2.0,1.0,H,8.0,9.0,2.0,4.0,22.0,17.0,4.0,3.0,2.0,4.0,0.0,0.0,1.8,3.39,5.0,1.82,3.46,5.36,1.9,3.5,5.36,1.82,3.35,5.03,40.0,2017/2018
I1,2018-04-03,Udinese,Fiorentina,0.0,2.0,A,13.0,15.0,4.0,4.0,11.0,15.0,5.0,6.0,2.0,4.0,0.0,0.0,3.39,3.29,2.2,3.63,3.39,2.2,3.67,3.39,2.26,3.51,3.26,2.19,40.0,2017/2018
I1,2018-04-04,Chievo,Sassuolo,1.0,1.0,D,6.0,12.0,2.0,4.0,22.0,7.0,2.0,1.0,4.0,2.0,0.0,2.0,2.7,3.0,2.87,2.89,3.06,2.88,2.89,3.3,3.0,2.73,3.01,2.85,41.0,2017/2018
I1,2018-04-04,Benevento,Verona,3.0,0.0,H,22.0,3.0,15.0,0.0,13.0,25.0,9.0,2.0,2.0,2.0,0.0,0.0,1.8,3.79,4.33,1.83,3.97,4.39,1.9,3.98,4.5,1.82,3.76,4.28,41.0,2017/2018
I1,2018-04-04,Torino,Crotone,4.0,1.0,H,9.0,12.0,5.0,2.0,14.0,13.0,3.0,3.0,1.0,1.0,0.0,0.0,1.53,4.0,7.0,1.54,4.21,7.18,1.57,4.33,7.5,1.52,4.09,6.75,41.0,2017/2018
I1,2018-04-04,Milan,Inter Milan,0.0,0.0,D,13.0,14.0,3.0,2.0,10.0,13.0,7.0,4.0,1.0,4.0,0.0,0.0,2.75,3.2,2.7,2.8,3.23,2.79,2.86,3.29,2.82,2.74,3.16,2.71,41.0,2017/2018
I1,2018-04-07,Benevento,Juventus,2.0,4.0,A,16.0,15.0,6.0,5.0,10.0,10.0,9.0,2.0,0.0,1.0,0.0,0.0,17.0,6.0,1.22,16.18,5.87,1.24,20.0,6.5,1.26,15.33,5.99,1.23,41.0,2017/2018
I1,2018-04-07,Roma,Fiorentina,0.0,2.0,A,25.0,4.0,9.0,3.0,8.0,9.0,9.0,1.0,4.0,2.0,0.0,0.0,1.75,3.79,4.5,1.8,3.75,4.93,1.85,3.98,5.0,1.78,3.68,4.6,41.0,2017/2018
I1,2018-04-07,Sampdoria,Genoa,0.0,0.0,D,18.0,7.0,4.0,2.0,10.0,13.0,5.0,1.0,1.0,2.0,0.0,0.0,2.7,3.2,2.7,2.77,3.21,2.83,2.82,3.32,2.85,2.7,3.19,2.73,41.0,2017/2018
I1,2018-04-07,Spal,Atalanta,1.0,1.0,D,8.0,19.0,4.0,6.0,10.0,24.0,3.0,3.0,3.0,2.0,0.0,0.0,4.5,3.5,1.85,4.72,3.59,1.87,4.8,3.63,1.92,4.45,3.49,1.86,41.0,2017/2018
I1,2018-04-08,Crotone,Bologna,1.0,0.0,H,6.0,11.0,5.0,1.0,16.0,20.0,1.0,5.0,2.0,4.0,0.0,0.0,2.37,3.1,3.25,2.33,3.19,3.53,2.45,3.3,3.53,2.33,3.14,3.31,41.0,2017/2018
I1,2018-04-08,Milan,Sassuolo,1.0,1.0,D,22.0,8.0,8.0,3.0,15.0,10.0,12.0,3.0,3.0,2.0,0.0,0.0,1.44,4.5,6.5,1.49,4.41,7.84,1.53,4.5,8.0,1.49,4.25,7.05,40.0,2017/2018
I1,2018-04-08,Napoli,Chievo,2.0,1.0,H,31.0,4.0,12.0,2.0,7.0,12.0,14.0,0.0,2.0,3.0,0.0,0.0,1.16,7.5,17.0,1.14,8.32,24.83,1.18,8.68,26.0,1.15,7.61,20.05,41.0,2017/2018
I1,2018-04-08,Torino,Inter Milan,1.0,0.0,H,10.0,15.0,3.0,8.0,5.0,16.0,1.0,16.0,2.0,3.0,0.0,0.0,3.6,3.39,2.1,3.96,3.42,2.08,4.0,3.53,2.17,3.67,3.38,2.09,41.0,2017/2018
I1,2018-04-08,Udinese,Lazio,1.0,2.0,A,10.0,14.0,3.0,4.0,9.0,7.0,5.0,5.0,0.0,2.0,0.0,0.0,4.2,3.75,1.83,4.8,3.83,1.8,4.8,3.94,1.86,4.41,3.74,1.8,41.0,2017/2018
I1,2018-04-08,Verona,Cagliari,1.0,0.0,H,11.0,10.0,4.0,3.0,18.0,13.0,2.0,9.0,4.0,1.0,0.0,0.0,3.39,3.29,2.2,3.63,3.45,2.18,3.63,3.47,2.27,3.44,3.33,2.18,41.0,2017/2018
I1,2018-04-14,Atalanta,Inter Milan,0.0,0.0,D,16.0,10.0,4.0,2.0,14.0,5.0,8.0,4.0,4.0,2.0,0.0,0.0,2.7,3.29,2.62,2.81,3.27,2.75,2.87,3.35,2.79,2.75,3.22,2.65,42.0,2017/2018
I1,2018-04-14,Cagliari,Udinese,2.0,1.0,H,12.0,7.0,3.0,1.0,11.0,12.0,7.0,3.0,2.0,3.0,0.0,0.0,2.39,3.2,3.1,2.54,3.18,3.15,2.6,3.28,3.2,2.46,3.15,3.06,42.0,2017/2018
I1,2018-04-14,Chievo,Torino,0.0,0.0,D,6.0,12.0,0.0,3.0,15.0,11.0,4.0,4.0,2.0,0.0,1.0,0.0,3.29,3.29,2.25,3.36,3.37,2.32,3.45,3.4,2.38,3.27,3.28,2.28,42.0,2017/2018
I1,2018-04-14,Genoa,Crotone,1.0,0.0,H,17.0,10.0,5.0,1.0,21.0,15.0,5.0,4.0,2.0,3.0,0.0,0.0,1.85,3.39,4.75,1.85,3.36,5.36,1.92,3.48,5.4,1.84,3.3,4.87,40.0,2017/2018
I1,2018-04-15,Bologna,Verona,2.0,0.0,H,14.0,8.0,6.0,1.0,17.0,15.0,3.0,4.0,3.0,2.0,0.0,0.0,1.61,3.75,6.0,1.61,4.03,6.35,1.65,4.05,6.52,1.61,3.84,6.01,41.0,2017/2018
I1,2018-04-15,Fiorentina,Spal,0.0,0.0,D,24.0,4.0,6.0,1.0,14.0,8.0,8.0,4.0,2.0,2.0,0.0,0.0,1.5,4.0,7.5,1.5,4.32,7.9,1.56,4.33,8.5,1.5,4.11,7.25,42.0,2017/2018
I1,2018-04-15,Juventus,Sampdoria,3.0,0.0,H,16.0,8.0,5.0,3.0,8.0,6.0,6.0,8.0,2.0,0.0,0.0,0.0,1.19,6.5,15.0,1.23,7.0,14.9,1.24,7.27,18.0,1.21,6.6,14.48,41.0,2017/2018
I1,2018-04-15,Lazio,Roma,0.0,0.0,D,7.0,10.0,1.0,1.0,14.0,13.0,7.0,2.0,4.0,2.0,1.0,0.0,2.79,3.39,2.5,2.84,3.52,2.57,2.95,3.67,2.69,2.79,3.41,2.5,40.0,2017/2018
I1,2018-04-15,Milan,Napoli,0.0,0.0,D,13.0,15.0,2.0,4.0,10.0,6.0,11.0,8.0,2.0,2.0,0.0,0.0,4.5,3.5,1.85,4.41,3.7,1.89,4.8,3.77,1.9,4.47,3.56,1.84,42.0,2017/2018
I1,2018-04-15,Sassuolo,Benevento,2.0,2.0,D,15.0,10.0,3.0,2.0,12.0,23.0,7.0,1.0,3.0,2.0,0.0,0.0,1.66,3.79,5.25,1.64,4.02,5.99,1.73,4.1,5.99,1.65,3.84,5.38,38.0,2017/2018
I1,2018-04-17,Inter Milan,Cagliari,4.0,0.0,H,20.0,0.0,9.0,0.0,7.0,10.0,10.0,2.0,1.0,1.0,0.0,0.0,1.19,7.0,15.0,1.22,6.69,17.66,1.25,7.0,18.0,1.21,6.31,14.96,41.0,2017/2018
I1,2018-04-18,Roma,Genoa,2.0,1.0,H,15.0,5.0,6.0,1.0,10.0,10.0,7.0,3.0,0.0,1.0,0.0,0.0,1.44,4.5,7.5,1.45,4.68,8.08,1.5,4.8,8.5,1.45,4.4,7.37,41.0,2017/2018
I1,2018-04-18,Crotone,Juventus,1.0,1.0,D,9.0,13.0,3.0,4.0,9.0,12.0,2.0,7.0,1.0,2.0,0.0,0.0,10.0,5.0,1.33,12.02,5.4,1.31,12.02,5.4,1.37,10.62,4.9,1.33,42.0,2017/2018
I1,2018-04-18,Fiorentina,Lazio,3.0,4.0,A,13.0,17.0,6.0,8.0,17.0,14.0,0.0,8.0,3.0,2.0,1.0,1.0,2.79,3.5,2.5,2.87,3.52,2.55,2.95,3.52,2.65,2.79,3.38,2.52,41.0,2017/2018
I1,2018-04-18,Napoli,Udinese,4.0,2.0,H,18.0,19.0,9.0,5.0,7.0,12.0,8.0,7.0,1.0,2.0,0.0,0.0,1.18,7.0,17.0,1.17,8.0,22.64,1.2,8.26,23.0,1.17,7.4,17.74,42.0,2017/2018
I1,2018-04-18,Verona,Sassuolo,0.0,1.0,A,9.0,15.0,2.0,5.0,19.0,14.0,6.0,5.0,3.0,4.0,0.0,0.0,4.33,3.39,1.9,4.44,3.5,1.94,4.5,3.6,2.0,4.21,3.44,1.91,42.0,2017/2018
I1,2018-04-18,Sampdoria,Bologna,1.0,0.0,H,16.0,11.0,2.0,2.0,11.0,12.0,6.0,6.0,1.0,3.0,0.0,0.0,1.85,3.6,4.33,1.87,3.8,4.43,1.93,3.8,4.5,1.86,3.65,4.19,42.0,2017/2018
I1,2018-04-18,Spal,Chievo,0.0,0.0,D,9.0,6.0,1.0,0.0,12.0,24.0,6.0,2.0,1.0,2.0,0.0,0.0,2.2,3.1,3.7,2.24,3.16,3.82,2.3,3.27,3.9,2.18,3.11,3.67,42.0,2017/2018
I1,2018-04-18,Torino,Milan,1.0,1.0,D,12.0,9.0,5.0,5.0,21.0,13.0,6.0,6.0,4.0,3.0,1.0,0.0,3.1,3.29,2.37,3.2,3.38,2.4,3.28,3.4,2.5,3.11,3.28,2.36,42.0,2017/2018
I1,2018-04-18,Benevento,Atalanta,0.0,3.0,A,12.0,12.0,4.0,8.0,13.0,21.0,6.0,1.0,2.0,2.0,0.0,0.0,5.75,4.0,1.61,5.7,4.21,1.63,5.75,4.26,1.69,5.23,4.07,1.63,42.0,2017/2018
I1,2018-04-21,Milan,Benevento,0.0,1.0,A,21.0,5.0,6.0,1.0,13.0,7.0,4.0,1.0,2.0,4.0,0.0,1.0,1.19,6.5,15.0,1.23,6.79,15.39,1.26,7.0,15.39,1.23,6.48,12.71,42.0,2017/2018
I1,2018-04-21,Sassuolo,Fiorentina,1.0,0.0,H,10.0,6.0,6.0,1.0,22.0,20.0,4.0,2.0,6.0,4.0,0.0,1.0,3.25,3.29,2.29,3.08,3.34,2.49,3.25,3.4,2.5,3.07,3.27,2.39,42.0,2017/2018
I1,2018-04-21,Spal,Roma,0.0,3.0,A,6.0,14.0,3.0,7.0,10.0,11.0,2.0,3.0,4.0,1.0,0.0,0.0,4.75,3.5,1.8,5.17,3.7,1.78,5.4,3.72,1.85,4.85,3.56,1.78,41.0,2017/2018
I1,2018-04-22,Cagliari,Bologna,0.0,0.0,D,13.0,5.0,2.0,2.0,15.0,13.0,7.0,1.0,3.0,5.0,0.0,0.0,2.0,3.39,3.89,1.98,3.38,4.47,2.05,3.5,4.55,1.96,3.34,4.12,42.0,2017/2018
I1,2018-04-22,Atalanta,Torino,2.0,1.0,H,22.0,10.0,8.0,1.0,19.0,18.0,11.0,4.0,2.0,2.0,0.0,0.0,1.57,4.0,6.0,1.55,4.36,6.66,1.61,4.44,7.0,1.54,4.16,6.17,42.0,2017/2018
I1,2018-04-22,Chievo,Inter Milan,1.0,2.0,A,13.0,11.0,6.0,5.0,11.0,9.0,4.0,10.0,1.0,1.0,0.0,0.0,7.5,3.79,1.53,7.28,4.12,1.55,8.0,4.18,1.59,6.84,3.98,1.53,42.0,2017/2018
I1,2018-04-22,Juventus,Napoli,0.0,1.0,A,4.0,12.0,0.0,4.0,10.0,17.0,3.0,3.0,3.0,1.0,0.0,0.0,2.1,3.25,3.75,2.08,3.29,4.15,2.15,3.4,4.2,2.07,3.25,3.82,42.0,2017/2018
I1,2018-04-22,Udinese,Crotone,1.0,2.0,A,15.0,11.0,6.0,2.0,21.0,7.0,6.0,5.0,2.0,0.0,0.0,0.0,1.9,3.39,4.33,1.96,3.35,4.63,2.02,3.5,4.63,1.93,3.33,4.3,42.0,2017/2018
I1,2018-04-22,Lazio,Sampdoria,4.0,0.0,H,15.0,6.0,9.0,2.0,11.0,8.0,8.0,4.0,1.0,2.0,0.0,0.0,1.3,6.0,9.0,1.33,5.84,9.96,1.36,6.0,10.5,1.32,5.55,8.89,41.0,2017/2018
I1,2018-04-23,Genoa,Verona,3.0,1.0,H,18.0,13.0,8.0,3.0,13.0,10.0,8.0,2.0,2.0,3.0,0.0,0.0,1.44,4.2,8.5,1.48,4.34,8.48,1.51,4.53,9.0,1.47,4.21,7.47,40.0,2017/2018
I1,2018-04-28,Inter Milan,Juventus,2.0,3.0,A,10.0,13.0,5.0,4.0,7.0,15.0,2.0,8.0,2.0,5.0,1.0,0.0,3.25,3.25,2.29,3.42,3.3,2.33,3.45,3.36,2.4,3.25,3.2,2.33,43.0,2017/2018
I1,2018-04-28,Roma,Chievo,4.0,1.0,H,15.0,12.0,7.0,6.0,12.0,10.0,3.0,7.0,2.0,2.0,1.0,0.0,1.36,4.75,10.0,1.38,5.18,9.5,1.41,5.3,10.5,1.37,4.82,8.8,43.0,2017/2018
I1,2018-04-29,Benevento,Udinese,3.0,3.0,D,12.0,15.0,6.0,6.0,11.0,19.0,4.0,4.0,4.0,3.0,1.0,0.0,3.6,3.5,2.04,3.64,3.61,2.11,3.75,3.63,2.15,3.54,3.47,2.07,43.0,2017/2018
I1,2018-04-29,Atalanta,Genoa,3.0,1.0,H,13.0,12.0,6.0,3.0,13.0,6.0,1.0,7.0,3.0,1.0,0.0,0.0,1.33,5.0,10.0,1.34,5.23,11.42,1.37,5.29,12.0,1.33,4.93,10.36,43.0,2017/2018
I1,2018-04-29,Torino,Lazio,0.0,1.0,A,8.0,16.0,2.0,6.0,13.0,14.0,3.0,6.0,2.0,3.0,0.0,0.0,5.25,4.0,1.64,4.99,4.2,1.7,5.25,4.24,1.75,4.75,4.01,1.69,43.0,2017/2018
I1,2018-04-29,Bologna,Milan,1.0,2.0,A,12.0,9.0,7.0,4.0,14.0,12.0,7.0,1.0,1.0,1.0,0.0,0.0,5.0,3.75,1.72,5.56,3.82,1.71,5.75,3.84,1.79,5.07,3.67,1.72,43.0,2017/2018
I1,2018-04-29,Sampdoria,Cagliari,4.0,1.0,H,15.0,6.0,6.0,2.0,8.0,15.0,6.0,2.0,1.0,7.0,0.0,1.0,1.85,3.6,4.2,1.93,3.66,4.27,2.0,3.75,4.5,1.9,3.54,4.13,43.0,2017/2018
I1,2018-04-29,Fiorentina,Napoli,3.0,0.0,H,28.0,4.0,10.0,1.0,17.0,10.0,2.0,3.0,3.0,5.0,0.0,1.0,6.5,4.33,1.5,7.07,4.57,1.51,7.5,4.64,1.55,6.57,4.29,1.5,42.0,2017/2018
I1,2018-04-29,Crotone,Sassuolo,4.0,1.0,H,11.0,14.0,7.0,6.0,15.0,8.0,4.0,6.0,3.0,1.0,0.0,0.0,2.2,3.25,3.5,2.14,3.36,3.86,2.24,3.4,3.86,2.15,3.24,3.59,43.0,2017/2018
I1,2018-04-29,Verona,Spal,1.0,3.0,A,11.0,17.0,5.0,6.0,16.0,14.0,1.0,8.0,2.0,3.0,0.0,0.0,3.29,3.2,2.29,3.42,3.35,2.3,3.5,3.35,2.37,3.32,3.19,2.28,43.0,2017/2018
I1,2018-05-05,Juventus,Bologna,3.0,1.0,H,15.0,6.0,6.0,3.0,12.0,13.0,5.0,2.0,2.0,3.0,0.0,0.0,1.14,8.5,19.0,1.16,8.61,20.11,1.18,9.0,29.0,1.15,8.0,19.85,43.0,2017/2018
I1,2018-05-05,Milan,Verona,4.0,1.0,H,17.0,8.0,10.0,2.0,9.0,10.0,5.0,4.0,1.0,0.0,0.0,0.0,1.16,7.5,17.0,1.15,9.1,21.95,1.2,9.28,21.95,1.15,8.08,17.62,43.0,2017/2018
I1,2018-05-06,Cagliari,Roma,0.0,1.0,A,12.0,9.0,3.0,1.0,20.0,9.0,9.0,3.0,4.0,1.0,0.0,0.0,9.0,4.5,1.39,8.48,4.95,1.42,9.0,5.14,1.46,7.67,4.7,1.41,43.0,2017/2018
I1,2018-05-06,Chievo,Crotone,2.0,1.0,H,11.0,13.0,3.0,3.0,15.0,14.0,8.0,4.0,5.0,1.0,0.0,0.0,2.29,3.2,3.25,2.42,2.97,3.64,2.5,3.2,3.64,2.35,3.08,3.31,43.0,2017/2018
I1,2018-05-06,Genoa,Fiorentina,2.0,3.0,A,7.0,19.0,3.0,10.0,8.0,16.0,3.0,7.0,2.0,6.0,2.0,0.0,4.0,3.39,2.0,3.75,3.58,2.09,4.1,3.61,2.2,3.71,3.4,2.05,43.0,2017/2018
I1,2018-05-06,Lazio,Atalanta,1.0,1.0,D,13.0,20.0,2.0,6.0,7.0,8.0,6.0,9.0,3.0,2.0,0.0,0.0,2.04,3.6,3.5,2.03,3.57,3.96,2.09,3.7,4.3,2.0,3.53,3.69,43.0,2017/2018
I1,2018-05-06,Napoli,Torino,2.0,2.0,D,19.0,5.0,5.0,2.0,10.0,20.0,4.0,2.0,1.0,4.0,0.0,0.0,1.22,6.5,13.0,1.24,6.71,14.26,1.28,7.0,14.26,1.24,6.27,11.98,43.0,2017/2018
I1,2018-05-06,Sassuolo,Sampdoria,1.0,0.0,H,18.0,2.0,7.0,0.0,7.0,21.0,9.0,6.0,1.0,1.0,0.0,0.0,2.29,3.25,3.25,2.4,3.56,3.05,2.42,3.62,3.25,2.34,3.4,3.03,43.0,2017/2018
I1,2018-05-06,Spal,Benevento,2.0,0.0,H,6.0,12.0,4.0,3.0,16.0,22.0,1.0,4.0,2.0,2.0,0.0,0.0,1.5,4.33,6.5,1.51,4.69,6.79,1.57,4.75,7.2,1.52,4.38,6.15,43.0,2017/2018
I1,2018-05-06,Udinese,Inter Milan,0.0,4.0,A,9.0,26.0,2.0,12.0,13.0,7.0,5.0,9.0,1.0,0.0,1.0,0.0,6.0,4.0,1.55,6.39,4.08,1.61,6.6,4.21,1.65,5.82,4.0,1.59,43.0,2017/2018
I1,2018-05-12,Benevento,Genoa,1.0,0.0,H,14.0,13.0,3.0,5.0,17.0,7.0,6.0,3.0,1.0,1.0,0.0,0.0,2.62,3.5,2.62,2.72,3.65,2.57,2.8,3.68,2.67,2.64,3.53,2.56,41.0,2017/2018
I1,2018-05-12,Inter Milan,Sassuolo,1.0,2.0,A,16.0,13.0,8.0,5.0,9.0,5.0,16.0,2.0,1.0,2.0,0.0,0.0,1.16,8.0,15.0,1.16,8.94,16.73,1.18,9.55,19.0,1.16,8.01,15.92,42.0,2017/2018
I1,2018-05-13,Fiorentina,Cagliari,0.0,1.0,A,14.0,14.0,0.0,2.0,15.0,17.0,11.0,5.0,3.0,4.0,1.0,0.0,1.5,4.33,6.5,1.5,4.66,6.64,1.55,4.71,7.4,1.49,4.4,6.35,42.0,2017/2018
I1,2018-05-13,Bologna,Chievo,1.0,2.0,A,7.0,13.0,3.0,7.0,13.0,14.0,2.0,7.0,1.0,4.0,0.0,0.0,3.1,3.0,2.54,3.13,3.21,2.47,3.35,3.3,2.54,3.07,3.14,2.43,42.0,2017/2018
I1,2018-05-13,Crotone,Lazio,2.0,2.0,D,6.0,18.0,3.0,7.0,12.0,15.0,2.0,9.0,1.0,3.0,0.0,0.0,4.0,3.5,1.95,4.31,3.58,1.92,4.5,3.72,1.98,4.07,3.55,1.9,42.0,2017/2018
I1,2018-05-13,Atalanta,Milan,1.0,1.0,D,24.0,5.0,5.0,2.0,21.0,10.0,3.0,8.0,6.0,6.0,1.0,1.0,1.9,3.6,4.0,1.88,3.65,4.32,2.1,3.75,4.32,1.91,3.57,4.01,42.0,2017/2018
I1,2018-05-13,Verona,Udinese,0.0,1.0,A,11.0,13.0,1.0,5.0,15.0,17.0,3.0,5.0,2.0,2.0,0.0,0.0,6.5,4.33,1.5,6.3,4.33,1.55,7.0,4.57,1.6,5.93,4.29,1.54,42.0,2017/2018
I1,2018-05-13,Sampdoria,Napoli,0.0,2.0,A,11.0,17.0,2.0,9.0,13.0,6.0,3.0,12.0,2.0,2.0,0.0,0.0,5.25,4.2,1.61,4.82,4.6,1.65,5.5,4.75,1.75,4.92,4.34,1.62,42.0,2017/2018
I1,2018-05-13,Torino,Spal,2.0,1.0,H,18.0,10.0,10.0,4.0,16.0,14.0,4.0,6.0,2.0,5.0,0.0,0.0,2.29,3.29,3.2,2.34,3.33,3.28,2.4,3.53,3.34,2.28,3.38,3.13,42.0,2017/2018
I1,2018-05-13,Roma,Juventus,0.0,0.0,D,9.0,7.0,2.0,0.0,10.0,13.0,4.0,3.0,2.0,2.0,1.0,0.0,2.37,3.0,3.39,2.4,2.92,3.65,2.45,3.2,3.65,2.33,3.0,3.39,42.0,2017/2018
I1,2018-05-19,Juventus,Verona,2.0,1.0,H,26.0,9.0,13.0,3.0,13.0,11.0,11.0,5.0,0.0,2.0,0.0,0.0,1.1,11.0,21.0,,,,1.1,13.5,41.0,1.08,11.22,29.52,41.0,2017/2018
I1,2018-05-20,Genoa,Torino,1.0,2.0,A,12.0,4.0,2.0,2.0,10.0,11.0,7.0,3.0,1.0,3.0,0.0,0.0,2.62,3.5,2.62,2.66,3.66,2.66,2.69,3.8,2.75,2.56,3.58,2.61,42.0,2017/2018
I1,2018-05-20,Cagliari,Atalanta,1.0,0.0,H,6.0,12.0,4.0,4.0,17.0,14.0,5.0,11.0,3.0,1.0,0.0,0.0,3.1,3.6,2.25,3.14,3.82,2.25,3.27,3.82,2.3,3.09,3.57,2.23,41.0,2017/2018
I1,2018-05-20,Chievo,Benevento,1.0,0.0,H,8.0,12.0,5.0,1.0,13.0,9.0,2.0,4.0,1.0,0.0,0.0,0.0,1.53,4.5,5.75,1.52,4.59,6.65,1.55,4.8,7.5,1.5,4.56,6.05,42.0,2017/2018
I1,2018-05-20,Sassuolo,Roma,0.0,1.0,A,16.0,15.0,3.0,6.0,14.0,8.0,5.0,9.0,1.0,1.0,0.0,0.0,4.0,3.8,1.85,4.44,3.68,1.89,4.44,4.0,1.93,4.02,3.78,1.86,42.0,2017/2018
I1,2018-05-20,Lazio,Inter Milan,2.0,3.0,A,14.0,15.0,4.0,6.0,12.0,13.0,10.0,4.0,5.0,4.0,2.0,0.0,2.4,3.5,2.9,2.5,3.66,2.84,2.58,3.7,3.0,2.44,3.51,2.79,42.0,2017/2018
I1,2018-05-20,Spal,Sampdoria,3.0,1.0,H,16.0,9.0,6.0,3.0,10.0,11.0,5.0,3.0,1.0,4.0,0.0,0.0,1.61,4.0,5.5,1.63,4.14,5.89,1.66,4.29,6.0,1.61,4.07,5.34,42.0,2017/2018
I1,2018-05-20,Milan,Fiorentina,5.0,1.0,H,18.0,9.0,11.0,3.0,10.0,5.0,6.0,1.0,2.0,1.0,0.0,1.0,1.83,3.8,4.2,1.82,3.93,4.51,1.88,4.03,4.51,1.82,3.82,4.2,41.0,2017/2018
I1,2018-05-20,Udinese,Bologna,1.0,0.0,H,20.0,8.0,5.0,5.0,9.0,11.0,10.0,2.0,0.0,2.0,0.0,0.0,1.53,4.33,6.0,1.53,4.39,6.94,1.56,4.65,7.5,1.5,4.36,6.46,42.0,2017/2018
I1,2018-05-20,Napoli,Crotone,2.0,1.0,H,19.0,9.0,9.0,4.0,3.0,9.0,6.0,9.0,0.0,0.0,0.0,0.0,1.5,4.75,5.75,1.49,5.39,5.98,1.6,5.39,6.5,1.48,4.85,5.77,42.0,2017/2018
I1,2018-08-18,Chievo,Juventus,2.0,3.0,A,7.0,23.0,2.0,11.0,7.0,9.0,0.0,8.0,2.0,0.0,0.0,0.0,13.0,5.75,1.25,15.87,6.21,1.25,15.87,6.44,1.27,13.7,5.88,1.24,41.0,2018/2019
I1,2018-08-18,Lazio,Napoli,1.0,2.0,A,9.0,11.0,5.0,6.0,8.0,5.0,4.0,7.0,0.0,0.0,0.0,0.0,2.8,3.4,2.5,2.9,3.59,2.48,2.95,3.65,2.56,2.82,3.5,2.44,41.0,2018/2019
I1,2018-08-19,Bologna,Spal,0.0,1.0,A,8.0,10.0,3.0,5.0,16.0,11.0,7.0,0.0,4.0,2.0,1.0,0.0,2.25,3.2,3.4,2.32,3.16,3.58,2.39,3.21,3.7,2.27,3.12,3.44,41.0,2018/2019
I1,2018-08-19,Empoli,Cagliari,2.0,0.0,H,9.0,12.0,4.0,5.0,19.0,19.0,6.0,6.0,3.0,3.0,0.0,0.0,2.14,3.2,3.6,2.22,3.26,3.6,2.34,3.35,3.65,2.22,3.23,3.43,41.0,2018/2019
I1,2018-08-19,Parma,Udinese,2.0,2.0,D,9.0,16.0,6.0,6.0,10.0,13.0,4.0,5.0,2.0,2.0,0.0,0.0,2.45,3.3,2.9,2.51,3.2,3.18,2.6,3.3,3.18,2.47,3.17,3.0,41.0,2018/2019
I1,2018-08-19,Sassuolo,Inter Milan,1.0,0.0,H,7.0,11.0,5.0,4.0,23.0,11.0,4.0,4.0,3.0,2.0,0.0,0.0,5.5,4.0,1.61,5.96,4.19,1.61,6.25,4.21,1.67,5.45,3.96,1.62,41.0,2018/2019
I1,2018-08-19,Torino,Roma,0.0,1.0,A,8.0,16.0,5.0,13.0,10.0,14.0,6.0,5.0,1.0,3.0,0.0,0.0,3.5,3.5,2.1,3.59,3.59,2.14,3.65,3.67,2.19,3.45,3.53,2.09,40.0,2018/2019
I1,2018-08-20,Atalanta,Frosinone,4.0,0.0,H,16.0,6.0,10.0,1.0,14.0,10.0,4.0,4.0,0.0,2.0,0.0,0.0,1.36,4.5,11.0,1.35,5.01,10.76,1.38,5.25,12.0,1.35,4.84,9.69,40.0,2018/2019
I1,2018-08-25,Juventus,Lazio,2.0,0.0,H,14.0,8.0,9.0,3.0,12.0,13.0,6.0,2.0,3.0,2.0,0.0,0.0,1.36,5.0,8.5,1.36,5.2,10.07,1.4,5.38,10.25,1.36,5.01,8.73,41.0,2018/2019
I1,2018-08-25,Napoli,Milan,3.0,2.0,H,21.0,6.0,13.0,4.0,12.0,9.0,5.0,1.0,2.0,2.0,0.0,0.0,1.61,4.0,5.5,1.68,3.92,5.7,1.71,4.2,5.78,1.65,3.92,5.32,41.0,2018/2019
I1,2018-08-26,Cagliari,Sassuolo,2.0,2.0,D,12.0,12.0,7.0,6.0,14.0,14.0,7.0,2.0,4.0,4.0,0.0,1.0,2.45,3.3,2.9,2.61,3.35,2.93,2.64,3.37,3.0,2.54,3.23,2.87,41.0,2018/2019
I1,2018-08-26,Fiorentina,Chievo,6.0,1.0,H,19.0,5.0,15.0,3.0,14.0,8.0,2.0,3.0,1.0,3.0,0.0,0.0,1.5,4.33,6.5,1.46,4.52,8.32,1.5,4.66,8.32,1.45,4.38,7.38,40.0,2018/2019
I1,2018-08-26,Frosinone,Bologna,0.0,0.0,D,11.0,10.0,7.0,5.0,15.0,12.0,2.0,5.0,2.0,1.0,0.0,0.0,3.3,3.0,2.4,3.2,3.38,2.4,3.4,3.38,2.47,3.18,3.18,2.37,41.0,2018/2019
I1,2018-08-26,Genoa,Empoli,2.0,1.0,H,10.0,12.0,4.0,8.0,14.0,15.0,3.0,6.0,3.0,2.0,0.0,0.0,1.95,3.4,4.0,2.03,3.36,4.23,2.07,3.45,4.33,1.99,3.28,4.08,41.0,2018/2019
I1,2018-08-26,Inter Milan,Torino,2.0,2.0,D,9.0,10.0,6.0,7.0,16.0,12.0,5.0,4.0,1.0,2.0,0.0,0.0,1.5,4.33,7.0,1.49,4.66,7.15,1.53,4.74,7.15,1.49,4.42,6.57,42.0,2018/2019
I1,2018-08-26,Spal,Parma,1.0,0.0,H,15.0,3.0,5.0,0.0,13.0,14.0,7.0,2.0,5.0,2.0,0.0,0.0,2.04,3.3,3.8,2.11,3.22,4.11,2.15,3.35,4.2,2.07,3.21,3.93,40.0,2018/2019
I1,2018-08-26,Udinese,Sampdoria,1.0,0.0,H,13.0,9.0,5.0,4.0,6.0,10.0,8.0,7.0,1.0,3.0,0.0,0.0,2.4,3.25,3.1,2.44,3.45,3.06,2.47,3.45,3.2,2.37,3.32,3.04,41.0,2018/2019
I1,2018-08-27,Roma,Atalanta,3.0,3.0,D,21.0,17.0,11.0,10.0,9.0,13.0,3.0,11.0,1.0,1.0,0.0,0.0,1.72,3.75,5.0,1.72,4.13,4.98,1.76,4.13,5.25,1.71,3.87,4.84,41.0,2018/2019
I1,2018-08-31,Milan,Roma,2.0,1.0,H,18.0,6.0,9.0,3.0,8.0,6.0,8.0,3.0,0.0,2.0,0.0,0.0,2.45,3.4,2.87,2.49,3.48,2.98,2.6,3.57,3.06,2.44,3.42,2.9,39.0,2018/2019
I1,2018-09-01,Bologna,Inter Milan,0.0,3.0,A,7.0,10.0,1.0,4.0,7.0,10.0,3.0,7.0,1.0,1.0,0.0,0.0,7.0,4.0,1.53,6.79,3.99,1.59,7.0,4.05,1.6,6.34,3.9,1.57,39.0,2018/2019
I1,2018-09-01,Parma,Juventus,1.0,2.0,A,8.0,20.0,7.0,10.0,15.0,9.0,4.0,7.0,1.0,3.0,0.0,0.0,17.0,7.0,1.18,22.56,7.37,1.18,23.0,7.78,1.2,18.59,7.09,1.17,41.0,2018/2019
I1,2018-09-02,Atalanta,Cagliari,0.0,1.0,A,8.0,4.0,5.0,3.0,16.0,20.0,5.0,4.0,2.0,2.0,0.0,0.0,1.55,4.2,6.0,1.55,4.24,6.91,1.6,4.45,7.0,1.54,4.14,6.25,38.0,2018/2019
I1,2018-09-02,Lazio,Frosinone,1.0,0.0,H,17.0,7.0,8.0,5.0,11.0,8.0,7.0,7.0,1.0,2.0,0.0,0.0,1.22,6.5,13.0,1.21,7.09,16.74,1.22,7.41,17.0,1.2,6.7,14.49,39.0,2018/2019
I1,2018-09-02,Chievo,Empoli,0.0,0.0,D,11.0,12.0,5.0,4.0,10.0,11.0,4.0,6.0,1.0,1.0,0.0,0.0,2.3,3.2,3.3,2.45,3.25,3.22,2.49,3.3,3.5,2.38,3.17,3.19,40.0,2018/2019
I1,2018-09-02,Sampdoria,Napoli,3.0,0.0,H,7.0,12.0,4.0,6.0,13.0,19.0,4.0,5.0,2.0,4.0,0.0,0.0,6.5,4.1,1.53,6.51,4.29,1.56,6.51,4.5,1.57,5.97,4.27,1.54,39.0,2018/2019
I1,2018-09-02,Torino,Spal,1.0,0.0,H,10.0,8.0,7.0,3.0,16.0,16.0,9.0,10.0,1.0,2.0,0.0,0.0,1.66,3.75,5.5,1.66,3.96,5.9,1.7,4.11,6.25,1.65,3.81,5.47,39.0,2018/2019
I1,2018-09-02,Sassuolo,Genoa,5.0,3.0,H,10.0,11.0,8.0,8.0,12.0,20.0,2.0,10.0,3.0,3.0,0.0,0.0,2.1,3.3,3.75,2.15,3.3,3.89,2.2,3.4,3.93,2.11,3.24,3.71,38.0,2018/2019
I1,2018-09-02,Fiorentina,Udinese,1.0,0.0,H,13.0,4.0,4.0,1.0,10.0,15.0,11.0,4.0,3.0,1.0,0.0,0.0,1.57,4.0,6.0,1.56,4.32,6.41,1.7,4.33,6.5,1.58,4.08,5.84,39.0,2018/2019
I1,2018-09-15,Frosinone,Sampdoria,0.0,5.0,A,6.0,10.0,2.0,7.0,12.0,15.0,5.0,3.0,3.0,1.0,0.0,0.0,3.5,3.4,2.1,3.66,3.41,2.18,3.66,3.5,2.25,3.52,3.34,2.16,40.0,2018/2019
I1,2018-09-15,Inter Milan,Parma,0.0,1.0,A,24.0,8.0,11.0,6.0,10.0,8.0,10.0,1.0,2.0,2.0,0.0,0.0,1.25,6.0,12.0,1.26,6.03,14.48,1.3,6.27,15.0,1.27,5.84,11.89,40.0,2018/2019
I1,2018-09-15,Napoli,Fiorentina,1.0,0.0,H,19.0,7.0,5.0,3.0,13.0,15.0,10.0,3.0,1.0,4.0,0.0,0.0,1.57,4.2,5.75,1.58,4.41,5.96,1.62,4.41,6.25,1.58,4.24,5.63,40.0,2018/2019
I1,2018-09-16,Genoa,Bologna,1.0,0.0,H,10.0,8.0,5.0,2.0,13.0,19.0,5.0,3.0,2.0,5.0,0.0,1.0,1.9,3.25,4.5,1.97,3.37,4.51,2.03,3.4,4.75,1.95,3.26,4.38,40.0,2018/2019
I1,2018-09-16,Juventus,Sassuolo,2.0,1.0,H,16.0,10.0,6.0,6.0,12.0,13.0,10.0,4.0,3.0,3.0,1.0,0.0,1.2,7.0,13.0,1.21,7.18,16.16,1.24,7.25,16.16,1.21,6.75,13.83,40.0,2018/2019
I1,2018-09-16,Cagliari,Milan,1.0,1.0,D,7.0,12.0,3.0,7.0,12.0,13.0,3.0,8.0,1.0,1.0,0.0,0.0,5.0,3.6,1.75,5.06,3.72,1.79,5.5,3.77,1.83,4.79,3.64,1.78,40.0,2018/2019
I1,2018-09-16,Empoli,Lazio,0.0,1.0,A,10.0,16.0,3.0,9.0,13.0,11.0,4.0,7.0,2.0,3.0,0.0,0.0,5.0,3.8,1.7,4.83,4.11,1.74,5.2,4.11,1.8,4.69,3.89,1.73,40.0,2018/2019
I1,2018-09-16,Roma,Chievo,2.0,2.0,D,15.0,10.0,9.0,5.0,10.0,15.0,9.0,2.0,1.0,1.0,0.0,0.0,1.22,6.5,13.0,1.24,6.71,13.78,1.27,7.0,13.78,1.23,6.45,12.13,40.0,2018/2019
I1,2018-09-16,Udinese,Torino,1.0,1.0,D,7.0,9.0,3.0,4.0,16.0,14.0,3.0,8.0,2.0,2.0,0.0,0.0,2.9,3.25,2.5,2.97,3.41,2.53,3.04,3.41,2.65,2.9,3.28,2.51,40.0,2018/2019
I1,2018-09-17,Spal,Atalanta,2.0,0.0,H,13.0,13.0,6.0,4.0,14.0,16.0,4.0,4.0,3.0,5.0,0.0,0.0,4.0,3.5,1.95,4.51,3.53,1.92,4.51,3.59,1.98,4.24,3.47,1.91,38.0,2018/2019
I1,2018-09-19,Sampdoria,Fiorentina,1.0,1.0,D,8.0,14.0,4.0,9.0,14.0,15.0,4.0,6.0,3.0,2.0,0.0,0.0,2.87,3.25,2.54,2.87,3.42,2.58,2.94,3.47,2.63,2.81,3.34,2.54,38.0,2018/2019
I1,2018-09-21,Sassuolo,Empoli,3.0,1.0,H,20.0,16.0,10.0,11.0,15.0,9.0,5.0,4.0,1.0,4.0,0.0,1.0,2.1,3.3,3.6,2.17,3.47,3.62,2.19,3.48,3.9,2.13,3.36,3.55,40.0,2018/2019
I1,2018-09-22,Fiorentina,Spal,3.0,0.0,H,15.0,5.0,5.0,2.0,8.0,11.0,11.0,1.0,1.0,2.0,0.0,0.0,1.61,3.6,6.5,1.63,3.83,6.43,1.65,3.97,6.65,1.62,3.8,6.01,40.0,2018/2019
I1,2018-09-22,Parma,Cagliari,2.0,0.0,H,14.0,9.0,8.0,3.0,17.0,5.0,4.0,11.0,2.0,1.0,0.0,0.0,2.4,3.2,3.1,2.39,3.29,3.28,2.46,3.3,3.3,2.38,3.21,3.17,40.0,2018/2019
I1,2018-09-22,Sampdoria,Inter Milan,0.0,1.0,A,9.0,14.0,4.0,5.0,12.0,14.0,3.0,12.0,3.0,2.0,0.0,0.0,4.33,3.8,1.8,4.3,3.91,1.85,4.55,3.95,1.92,4.21,3.77,1.84,39.0,2018/2019
I1,2018-09-23,Frosinone,Juventus,0.0,2.0,A,2.0,18.0,0.0,8.0,16.0,8.0,3.0,5.0,3.0,1.0,0.0,0.0,13.0,7.5,1.16,16.77,7.56,1.19,21.0,7.65,1.21,15.54,7.1,1.18,40.0,2018/2019
I1,2018-09-23,Chievo,Udinese,0.0,2.0,A,10.0,9.0,4.0,7.0,18.0,10.0,7.0,3.0,1.0,1.0,0.0,0.0,3.0,3.2,2.5,3.04,3.21,2.57,3.1,3.3,2.6,2.97,3.16,2.52,40.0,2018/2019
I1,2018-09-23,Bologna,Roma,2.0,0.0,H,7.0,20.0,2.0,9.0,8.0,13.0,1.0,10.0,2.0,4.0,0.0,0.0,5.5,3.75,1.66,5.57,3.76,1.71,5.57,4.0,1.77,5.2,3.77,1.7,40.0,2018/2019
I1,2018-09-23,Lazio,Genoa,4.0,1.0,H,16.0,8.0,8.0,4.0,9.0,7.0,5.0,3.0,1.0,2.0,0.0,0.0,1.44,4.33,8.0,1.46,4.85,7.26,1.48,4.86,8.5,1.45,4.65,6.98,39.0,2018/2019
I1,2018-09-23,Torino,Napoli,1.0,3.0,A,9.0,13.0,3.0,8.0,14.0,17.0,4.0,6.0,2.0,3.0,0.0,0.0,4.5,3.8,1.75,4.69,3.84,1.8,4.75,3.9,1.85,4.43,3.74,1.8,40.0,2018/2019
I1,2018-09-23,Milan,Atalanta,2.0,2.0,D,14.0,13.0,8.0,8.0,7.0,4.0,4.0,3.0,2.0,1.0,0.0,0.0,2.04,3.5,3.6,2.06,3.44,3.94,2.07,3.55,4.04,2.03,3.44,3.74,40.0,2018/2019
I1,2018-09-25,Inter Milan,Fiorentina,2.0,1.0,H,11.0,11.0,3.0,8.0,18.0,20.0,6.0,3.0,1.0,3.0,0.0,0.0,1.66,3.8,5.5,1.66,3.98,5.66,1.8,4.04,6.0,1.67,3.83,5.37,36.0,2018/2019
I1,2018-09-26,Juventus,Bologna,2.0,0.0,H,15.0,5.0,9.0,2.0,10.0,13.0,3.0,0.0,2.0,3.0,0.0,0.0,1.16,7.5,17.0,1.16,8.13,23.18,1.18,8.45,26.0,1.16,7.65,18.81,40.0,2018/2019
I1,2018-09-26,Cagliari,Sampdoria,0.0,0.0,D,10.0,10.0,2.0,5.0,16.0,22.0,7.0,3.0,1.0,3.0,0.0,0.0,2.5,3.3,2.87,2.66,3.32,2.84,2.66,3.5,2.92,2.57,3.31,2.79,40.0,2018/2019
I1,2018-09-26,Genoa,Chievo,2.0,0.0,H,11.0,8.0,5.0,2.0,11.0,17.0,7.0,4.0,4.0,4.0,0.0,0.0,1.8,3.4,5.0,1.79,3.51,5.33,1.85,3.58,5.5,1.78,3.45,5.07,40.0,2018/2019
I1,2018-09-26,Udinese,Lazio,1.0,2.0,A,10.0,5.0,6.0,2.0,7.0,17.0,6.0,4.0,2.0,6.0,0.0,0.0,4.2,3.75,1.85,4.25,3.73,1.9,4.33,3.77,2.0,4.09,3.64,1.89,40.0,2018/2019
I1,2018-09-26,Napoli,Parma,3.0,0.0,H,20.0,2.0,8.0,0.0,9.0,13.0,2.0,2.0,0.0,3.0,0.0,0.0,1.22,6.0,15.0,1.2,7.16,18.44,1.23,7.2,20.0,1.2,6.68,15.22,40.0,2018/2019
I1,2018-09-26,Roma,Frosinone,4.0,0.0,H,18.0,8.0,13.0,3.0,13.0,8.0,4.0,3.0,0.0,1.0,0.0,0.0,1.2,7.0,13.0,1.19,7.37,17.67,1.23,7.55,19.0,1.2,7.01,14.48,40.0,2018/2019
I1,2018-09-26,Atalanta,Torino,0.0,0.0,D,11.0,3.0,4.0,0.0,13.0,15.0,11.0,1.0,2.0,1.0,0.0,0.0,1.8,3.6,4.5,1.83,3.84,4.52,1.88,3.84,4.6,1.84,3.68,4.3,40.0,2018/2019
I1,2018-09-27,Empoli,Milan,1.0,1.0,D,4.0,16.0,3.0,11.0,12.0,9.0,3.0,10.0,2.0,2.0,0.0,0.0,5.25,3.75,1.7,5.2,4.03,1.7,5.5,4.06,1.73,4.92,3.88,1.7,40.0,2018/2019
I1,2018-09-27,Spal,Sassuolo,0.0,2.0,A,6.0,10.0,2.0,5.0,16.0,12.0,6.0,7.0,1.0,0.0,0.0,0.0,2.54,3.2,2.9,2.67,3.25,2.88,2.7,3.35,2.95,2.61,3.2,2.82,39.0,2018/2019
I1,2018-09-29,Inter Milan,Cagliari,2.0,0.0,H,12.0,4.0,8.0,1.0,13.0,11.0,9.0,4.0,1.0,4.0,0.0,0.0,1.33,5.0,10.0,1.33,5.39,10.27,1.36,5.54,10.5,1.33,5.24,9.49,39.0,2018/2019
I1,2018-09-29,Juventus,Napoli,3.0,1.0,H,14.0,9.0,9.0,6.0,14.0,11.0,7.0,4.0,3.0,5.0,0.0,1.0,1.8,3.6,4.75,1.81,3.63,4.99,1.88,3.7,5.1,1.81,3.56,4.7,39.0,2018/2019
I1,2018-09-29,Roma,Lazio,3.0,1.0,H,10.0,11.0,7.0,5.0,11.0,10.0,8.0,9.0,3.0,1.0,0.0,0.0,2.37,3.5,2.9,2.35,3.6,3.11,2.45,3.7,3.18,2.34,3.56,2.97,39.0,2018/2019
I1,2018-09-30,Fiorentina,Atalanta,2.0,0.0,H,6.0,11.0,4.0,4.0,12.0,10.0,5.0,6.0,3.0,3.0,0.0,0.0,2.25,3.3,3.25,2.27,3.57,3.3,2.35,3.57,3.4,2.27,3.39,3.19,39.0,2018/2019
I1,2018-09-30,Chievo,Torino,0.0,1.0,A,8.0,13.0,3.0,5.0,15.0,17.0,3.0,8.0,3.0,3.0,0.0,0.0,3.75,3.2,2.1,4.05,3.32,2.09,4.1,3.5,2.17,3.81,3.28,2.07,39.0,2018/2019
I1,2018-09-30,Bologna,Udinese,2.0,1.0,H,11.0,10.0,6.0,2.0,7.0,12.0,3.0,4.0,2.0,4.0,0.0,0.0,2.5,3.1,3.1,2.71,3.06,3.03,2.71,3.1,3.2,2.59,3.02,3.02,39.0,2018/2019
I1,2018-09-30,Sassuolo,Milan,1.0,4.0,A,8.0,10.0,2.0,10.0,14.0,11.0,9.0,5.0,1.0,1.0,0.0,0.0,3.3,3.4,2.2,3.26,3.44,2.33,3.4,3.55,2.35,3.2,3.42,2.25,39.0,2018/2019
I1,2018-09-30,Parma,Empoli,1.0,0.0,H,7.0,10.0,3.0,6.0,13.0,8.0,2.0,12.0,2.0,3.0,0.0,0.0,2.3,3.2,3.3,2.35,3.38,3.29,2.37,3.39,3.4,2.3,3.27,3.24,39.0,2018/2019
I1,2018-09-30,Frosinone,Genoa,1.0,2.0,A,13.0,7.0,6.0,5.0,21.0,18.0,5.0,2.0,3.0,2.0,0.0,0.0,3.5,3.1,2.25,3.43,3.22,2.36,3.6,3.3,2.36,3.4,3.2,2.26,39.0,2018/2019
I1,2018-10-01,Sampdoria,Spal,2.0,1.0,H,16.0,10.0,9.0,4.0,13.0,18.0,6.0,5.0,3.0,3.0,0.0,0.0,1.8,3.6,4.33,1.81,3.72,4.82,1.85,3.75,5.0,1.81,3.57,4.53,38.0,2018/2019
I1,2018-10-05,Torino,Frosinone,3.0,2.0,H,15.0,8.0,10.0,4.0,16.0,17.0,2.0,4.0,3.0,3.0,0.0,0.0,1.36,4.75,9.0,1.41,4.59,9.37,1.44,5.0,10.0,1.4,4.53,8.74,34.0,2018/2019
I1,2018-10-06,Udinese,Juventus,0.0,2.0,A,5.0,13.0,4.0,7.0,14.0,13.0,4.0,8.0,3.0,1.0,0.0,0.0,9.0,4.75,1.36,9.8,4.79,1.39,11.0,5.0,1.4,9.11,4.8,1.37,36.0,2018/2019
I1,2018-10-06,Cagliari,Bologna,2.0,0.0,H,8.0,10.0,5.0,4.0,8.0,16.0,4.0,4.0,2.0,4.0,0.0,0.0,2.04,3.25,3.8,2.1,3.3,4.05,2.13,3.35,4.1,2.08,3.23,3.88,36.0,2018/2019
I1,2018-10-06,Empoli,Roma,0.0,2.0,A,11.0,7.0,4.0,4.0,13.0,10.0,4.0,3.0,2.0,1.0,0.0,0.0,5.5,4.0,1.61,5.37,4.2,1.65,5.5,4.23,1.71,5.11,4.03,1.66,36.0,2018/2019
I1,2018-10-07,Genoa,Parma,1.0,3.0,A,20.0,7.0,13.0,5.0,9.0,9.0,9.0,7.0,1.0,1.0,0.0,0.0,1.75,3.75,4.75,1.83,3.8,4.6,1.85,3.8,5.0,1.81,3.63,4.55,36.0,2018/2019
I1,2018-10-07,Atalanta,Sampdoria,0.0,1.0,A,15.0,6.0,6.0,3.0,17.0,13.0,9.0,4.0,2.0,4.0,0.0,0.0,1.6,4.0,5.5,1.66,4.03,5.58,1.75,4.2,6.0,1.62,4.03,5.44,36.0,2018/2019
I1,2018-10-07,Lazio,Fiorentina,1.0,0.0,H,11.0,10.0,5.0,6.0,18.0,10.0,5.0,6.0,5.0,3.0,0.0,0.0,1.85,3.75,4.2,1.86,3.73,4.51,1.91,3.83,4.7,1.84,3.68,4.3,36.0,2018/2019
I1,2018-10-07,Milan,Chievo,3.0,1.0,H,14.0,4.0,7.0,2.0,9.0,12.0,12.0,7.0,1.0,1.0,0.0,0.0,1.25,5.75,12.0,1.28,5.84,12.11,1.33,6.0,15.0,1.28,5.6,11.28,36.0,2018/2019
I1,2018-10-07,Spal,Inter Milan,1.0,2.0,A,9.0,6.0,6.0,4.0,13.0,20.0,10.0,9.0,6.0,2.0,0.0,0.0,6.0,3.8,1.61,5.87,3.77,1.68,6.25,3.95,1.69,5.74,3.71,1.65,36.0,2018/2019
I1,2018-10-07,Napoli,Sassuolo,2.0,0.0,H,12.0,10.0,7.0,7.0,11.0,8.0,4.0,4.0,2.0,2.0,0.0,1.0,1.33,5.25,9.0,1.36,5.31,9.19,1.37,5.57,10.5,1.34,5.3,8.6,36.0,2018/2019
I1,2018-10-20,Juventus,Genoa,1.0,1.0,D,13.0,5.0,4.0,2.0,10.0,15.0,8.0,2.0,1.0,3.0,0.0,0.0,1.2,7.0,13.0,1.2,7.14,16.09,1.23,7.14,18.1,1.2,6.73,14.58,39.0,2018/2019
I1,2018-10-20,Roma,Spal,0.0,2.0,A,13.0,5.0,9.0,5.0,14.0,5.0,8.0,9.0,3.0,5.0,0.0,1.0,1.33,5.5,8.5,1.32,5.57,10.16,1.35,5.75,10.5,1.32,5.42,9.31,39.0,2018/2019
I1,2018-10-20,Udinese,Napoli,0.0,3.0,A,7.0,9.0,4.0,4.0,11.0,9.0,3.0,5.0,3.0,4.0,0.0,0.0,6.0,3.9,1.6,6.45,4.02,1.6,6.55,4.2,1.62,6.16,3.94,1.58,39.0,2018/2019
I1,2018-10-21,Bologna,Torino,2.0,2.0,D,6.0,12.0,3.0,8.0,9.0,21.0,3.0,4.0,2.0,2.0,0.0,0.0,3.4,3.3,2.2,3.51,3.35,2.26,3.7,3.35,2.38,3.37,3.19,2.27,37.0,2018/2019
I1,2018-10-21,Chievo,Atalanta,1.0,5.0,A,3.0,15.0,2.0,8.0,12.0,15.0,1.0,2.0,3.0,1.0,1.0,0.0,6.0,4.0,1.57,5.61,4.1,1.65,6.5,4.2,1.74,5.68,3.91,1.62,37.0,2018/2019
I1,2018-10-21,Fiorentina,Cagliari,1.0,1.0,D,7.0,8.0,3.0,5.0,13.0,19.0,6.0,7.0,0.0,2.0,0.0,0.0,1.5,4.5,6.0,1.54,4.38,6.56,1.6,4.5,7.5,1.54,4.2,6.26,38.0,2018/2019
I1,2018-10-21,Frosinone,Empoli,3.0,3.0,D,5.0,15.0,4.0,10.0,13.0,16.0,6.0,8.0,2.0,3.0,0.0,0.0,2.9,3.25,2.5,3.03,3.22,2.6,3.1,3.35,2.65,2.94,3.2,2.51,38.0,2018/2019
I1,2018-10-21,Inter Milan,Milan,1.0,0.0,H,14.0,9.0,7.0,2.0,13.0,7.0,9.0,4.0,2.0,5.0,0.0,0.0,2.45,3.25,3.0,2.4,3.37,3.22,2.45,3.45,3.23,2.38,3.3,3.08,37.0,2018/2019
I1,2018-10-21,Parma,Lazio,0.0,2.0,A,3.0,15.0,1.0,9.0,5.0,11.0,2.0,8.0,2.0,3.0,0.0,0.0,5.5,3.8,1.66,5.4,4.23,1.65,5.75,4.25,1.8,5.19,3.99,1.64,37.0,2018/2019
I1,2018-10-22,Sampdoria,Sassuolo,0.0,0.0,D,7.0,7.0,2.0,2.0,10.0,18.0,4.0,3.0,2.0,3.0,0.0,0.0,2.2,3.3,3.4,2.16,3.64,3.47,2.22,3.7,3.47,2.15,3.49,3.33,38.0,2018/2019
I1,2018-10-27,Atalanta,Parma,3.0,0.0,H,21.0,9.0,14.0,5.0,6.0,8.0,6.0,6.0,0.0,2.0,0.0,0.0,1.33,5.25,9.0,1.36,5.37,8.84,1.45,5.5,9.17,1.36,5.14,8.5,38.0,2018/2019
I1,2018-10-27,Empoli,Juventus,1.0,2.0,A,6.0,12.0,4.0,7.0,13.0,17.0,6.0,10.0,2.0,3.0,0.0,0.0,12.0,5.75,1.25,11.67,5.58,1.3,12.6,6.1,1.3,11.06,5.6,1.28,38.0,2018/2019
I1,2018-10-27,Torino,Fiorentina,1.0,1.0,D,12.0,8.0,4.0,5.0,13.0,20.0,4.0,5.0,2.0,4.0,0.0,0.0,2.4,3.25,3.1,2.47,3.35,3.1,2.52,3.35,3.15,2.43,3.26,3.01,38.0,2018/2019
I1,2018-10-28,Cagliari,Chievo,2.0,1.0,H,12.0,12.0,4.0,5.0,16.0,15.0,8.0,2.0,1.0,6.0,0.0,0.0,1.61,3.8,6.0,1.64,3.96,5.95,1.7,4.05,6.25,1.64,3.78,5.71,38.0,2018/2019
I1,2018-10-28,Genoa,Udinese,2.0,2.0,D,11.0,11.0,5.0,8.0,17.0,18.0,4.0,8.0,5.0,4.0,1.0,0.0,2.1,3.2,3.8,2.14,3.36,3.84,2.16,3.37,4.0,2.1,3.25,3.74,38.0,2018/2019
I1,2018-10-28,Milan,Sampdoria,3.0,2.0,H,8.0,3.0,7.0,2.0,11.0,9.0,5.0,1.0,3.0,2.0,0.0,0.0,1.5,4.33,6.5,1.57,4.2,6.41,1.6,4.45,6.5,1.55,4.19,5.93,37.0,2018/2019
I1,2018-10-28,Napoli,Roma,1.0,1.0,D,18.0,7.0,6.0,5.0,7.0,6.0,17.0,3.0,0.0,5.0,0.0,0.0,1.72,3.75,4.75,1.78,4.01,4.62,1.82,4.03,5.0,1.76,3.85,4.48,38.0,2018/2019
I1,2018-10-28,Sassuolo,Bologna,2.0,2.0,D,11.0,10.0,6.0,6.0,20.0,19.0,9.0,5.0,2.0,3.0,0.0,0.0,1.9,3.25,4.5,1.95,3.39,4.57,2.0,3.45,4.6,1.94,3.32,4.33,38.0,2018/2019
I1,2018-10-28,Spal,Frosinone,0.0,3.0,A,10.0,5.0,5.0,4.0,15.0,11.0,9.0,1.0,3.0,6.0,0.0,0.0,1.8,3.75,4.5,1.77,3.65,5.29,1.8,3.75,5.35,1.76,3.54,5.01,38.0,2018/2019
I1,2018-10-29,Lazio,Inter Milan,0.0,3.0,A,11.0,13.0,4.0,7.0,14.0,10.0,7.0,6.0,3.0,3.0,0.0,0.0,2.4,3.4,3.0,2.41,3.46,3.12,2.42,3.55,3.15,2.36,3.4,3.01,37.0,2018/2019
I1,2018-10-31,Milan,Genoa,2.0,1.0,H,19.0,7.0,10.0,2.0,11.0,17.0,7.0,2.0,2.0,2.0,0.0,0.0,1.44,4.5,7.5,1.46,4.7,7.56,1.5,4.8,8.0,1.46,4.5,7.07,38.0,2018/2019
I1,2018-11-02,Napoli,Empoli,5.0,1.0,H,19.0,8.0,13.0,4.0,8.0,7.0,0.0,7.0,0.0,2.0,0.0,0.0,1.2,7.0,15.0,1.22,6.84,14.77,1.3,7.45,17.0,1.22,6.58,13.03,38.0,2018/2019
I1,2018-11-03,Fiorentina,Roma,1.0,1.0,D,11.0,11.0,3.0,6.0,9.0,20.0,3.0,6.0,3.0,3.0,0.0,0.0,2.7,3.4,2.6,2.65,3.62,2.69,2.77,3.65,2.7,2.64,3.47,2.63,37.0,2018/2019
I1,2018-11-03,Inter Milan,Genoa,5.0,0.0,H,17.0,8.0,10.0,3.0,7.0,15.0,11.0,6.0,2.0,3.0,0.0,0.0,1.36,5.0,9.0,1.37,5.12,9.13,1.45,5.25,10.0,1.37,4.96,8.41,38.0,2018/2019
I1,2018-11-03,Juventus,Cagliari,3.0,1.0,H,11.0,4.0,5.0,3.0,10.0,15.0,5.0,4.0,1.0,3.0,0.0,0.0,1.16,7.5,17.0,1.17,7.56,20.5,1.2,8.0,22.0,1.17,7.35,17.81,38.0,2018/2019
I1,2018-11-04,Bologna,Atalanta,1.0,2.0,A,9.0,12.0,5.0,6.0,7.0,12.0,1.0,4.0,1.0,2.0,0.0,0.0,5.0,3.7,1.72,4.87,3.97,1.75,5.25,3.97,1.8,4.79,3.75,1.74,37.0,2018/2019
I1,2018-11-04,Chievo,Sassuolo,0.0,2.0,A,1.0,8.0,1.0,4.0,20.0,16.0,3.0,2.0,5.0,2.0,1.0,0.0,3.6,3.4,2.1,3.68,3.45,2.15,3.8,3.5,2.2,3.61,3.38,2.1,38.0,2018/2019
I1,2018-11-04,Lazio,Spal,4.0,1.0,H,18.0,5.0,11.0,3.0,7.0,8.0,8.0,4.0,1.0,3.0,0.0,0.0,1.33,5.25,10.0,1.35,5.23,10.07,1.36,5.5,11.5,1.33,5.15,9.61,38.0,2018/2019
I1,2018-11-04,Parma,Frosinone,0.0,0.0,D,9.0,9.0,1.0,1.0,14.0,15.0,3.0,7.0,1.0,4.0,1.0,0.0,1.95,3.5,4.0,1.97,3.37,4.48,2.0,3.55,4.55,1.94,3.37,4.21,38.0,2018/2019
I1,2018-11-04,Sampdoria,Torino,1.0,4.0,A,10.0,15.0,4.0,8.0,13.0,25.0,0.0,2.0,2.0,2.0,0.0,0.0,2.7,3.2,2.7,2.71,3.37,2.79,2.75,3.37,2.9,2.66,3.24,2.75,38.0,2018/2019
I1,2018-11-04,Udinese,Milan,0.0,1.0,A,11.0,15.0,4.0,9.0,11.0,13.0,4.0,7.0,3.0,3.0,1.0,0.0,4.2,3.5,1.9,4.15,3.74,1.93,4.33,3.75,1.95,4.08,3.58,1.91,38.0,2018/2019
I1,2018-11-09,Frosinone,Fiorentina,1.0,1.0,D,5.0,16.0,3.0,10.0,8.0,12.0,4.0,5.0,3.0,0.0,0.0,0.0,5.25,3.6,1.7,5.29,3.66,1.77,5.75,3.8,1.8,5.09,3.65,1.74,38.0,2018/2019
I1,2018-11-10,Genoa,Napoli,1.0,2.0,A,8.0,13.0,3.0,7.0,15.0,6.0,2.0,7.0,4.0,2.0,0.0,0.0,7.0,4.5,1.44,6.69,4.54,1.51,7.5,4.7,1.53,6.62,4.47,1.49,38.0,2018/2019
I1,2018-11-10,Spal,Cagliari,2.0,2.0,D,8.0,11.0,4.0,3.0,13.0,15.0,1.0,6.0,2.0,4.0,0.0,0.0,2.45,3.1,3.1,2.71,3.07,3.03,2.71,3.2,3.12,2.59,3.04,2.99,38.0,2018/2019
I1,2018-11-10,Torino,Parma,1.0,2.0,A,12.0,11.0,4.0,7.0,14.0,17.0,7.0,7.0,2.0,4.0,0.0,0.0,1.44,4.2,8.5,1.46,4.54,7.84,1.5,4.7,9.0,1.46,4.42,7.49,38.0,2018/2019
I1,2018-11-11,Empoli,Udinese,2.0,1.0,H,9.0,22.0,5.0,9.0,6.0,11.0,4.0,13.0,2.0,2.0,0.0,0.0,2.2,3.3,3.5,2.28,3.42,3.39,2.32,3.45,3.5,2.25,3.31,3.31,38.0,2018/2019
I1,2018-11-11,Chievo,Bologna,2.0,2.0,D,12.0,12.0,6.0,6.0,15.0,18.0,5.0,6.0,3.0,3.0,0.0,0.0,2.9,3.2,2.6,2.96,3.17,2.69,3.0,3.2,2.75,2.9,3.08,2.64,38.0,2018/2019
I1,2018-11-11,Atalanta,Inter Milan,4.0,1.0,H,16.0,6.0,10.0,2.0,11.0,13.0,9.0,6.0,3.0,5.0,0.0,1.0,2.75,3.3,2.6,2.78,3.46,2.66,2.88,3.5,2.7,2.76,3.36,2.59,38.0,2018/2019
I1,2018-11-11,Sassuolo,Lazio,1.0,1.0,D,9.0,7.0,4.0,3.0,15.0,21.0,2.0,6.0,4.0,3.0,0.0,0.0,4.0,3.5,1.95,3.99,3.55,2.02,4.05,3.75,2.05,3.82,3.54,1.98,38.0,2018/2019
I1,2018-11-11,Roma,Sampdoria,4.0,1.0,H,10.0,4.0,6.0,3.0,8.0,10.0,7.0,7.0,1.0,1.0,0.0,0.0,1.44,4.5,7.0,1.47,4.71,7.3,1.5,4.9,7.5,1.46,4.58,6.76,37.0,2018/2019
I1,2018-11-11,Milan,Juventus,0.0,2.0,A,5.0,12.0,2.0,8.0,16.0,9.0,2.0,5.0,3.0,1.0,1.0,0.0,4.75,3.75,1.72,4.91,3.88,1.76,5.2,4.0,1.9,4.71,3.75,1.75,38.0,2018/2019
I1,2018-11-24,Inter Milan,Frosinone,3.0,0.0,H,25.0,5.0,14.0,4.0,11.0,11.0,11.0,0.0,1.0,3.0,0.0,0.0,1.25,6.0,12.0,1.24,6.56,13.32,1.28,6.75,15.0,1.24,6.23,12.39,38.0,2018/2019
I1,2018-11-24,Juventus,Spal,2.0,0.0,H,12.0,8.0,8.0,1.0,20.0,11.0,6.0,3.0,1.0,3.0,0.0,0.0,1.14,8.0,19.0,1.15,8.24,25.21,1.18,8.5,26.0,1.15,7.74,20.96,38.0,2018/2019
I1,2018-11-24,Udinese,Roma,1.0,0.0,H,8.0,23.0,3.0,9.0,6.0,10.0,0.0,12.0,2.0,0.0,0.0,0.0,4.5,3.6,1.83,4.53,3.73,1.85,4.6,3.9,1.88,4.34,3.67,1.84,38.0,2018/2019
I1,2018-11-25,Empoli,Atalanta,3.0,2.0,H,12.0,8.0,8.0,5.0,12.0,9.0,7.0,3.0,2.0,2.0,0.0,1.0,5.25,4.0,1.66,4.89,4.02,1.74,5.25,4.2,1.77,4.74,3.9,1.72,38.0,2018/2019
I1,2018-11-25,Bologna,Fiorentina,0.0,0.0,D,8.0,11.0,4.0,6.0,11.0,21.0,4.0,9.0,3.0,1.0,0.0,0.0,4.0,3.3,2.04,3.95,3.36,2.11,4.0,3.45,2.12,3.79,3.3,2.07,38.0,2018/2019
I1,2018-11-25,Genoa,Sampdoria,1.0,1.0,D,10.0,6.0,5.0,2.0,17.0,15.0,7.0,6.0,2.0,1.0,0.0,0.0,2.6,3.3,2.75,2.75,3.3,2.8,2.75,3.4,2.88,2.65,3.24,2.75,38.0,2018/2019
I1,2018-11-25,Lazio,Milan,1.0,1.0,D,16.0,9.0,6.0,4.0,10.0,4.0,9.0,4.0,1.0,1.0,0.0,0.0,1.85,3.75,4.2,1.83,3.87,4.47,1.87,3.95,4.6,1.82,3.77,4.28,38.0,2018/2019
I1,2018-11-25,Parma,Sassuolo,2.0,1.0,H,10.0,12.0,4.0,5.0,14.0,14.0,2.0,3.0,3.0,4.0,0.0,0.0,3.1,3.4,2.3,2.99,3.5,2.47,3.2,3.55,2.47,2.99,3.38,2.39,38.0,2018/2019
I1,2018-11-25,Napoli,Chievo,0.0,0.0,D,17.0,7.0,10.0,3.0,11.0,13.0,20.0,2.0,2.0,2.0,0.0,0.0,1.12,9.0,19.0,1.12,9.97,26.3,1.14,10.5,34.0,1.11,9.39,24.26,38.0,2018/2019
I1,2018-11-26,Cagliari,Torino,0.0,0.0,D,3.0,8.0,1.0,5.0,12.0,13.0,3.0,4.0,2.0,0.0,0.0,0.0,2.9,3.2,2.54,2.9,3.33,2.64,3.02,3.33,2.65,2.9,3.17,2.56,38.0,2018/2019
I1,2018-12-01,Fiorentina,Juventus,0.0,3.0,A,12.0,9.0,7.0,6.0,14.0,8.0,4.0,9.0,6.0,3.0,0.0,0.0,6.0,3.75,1.61,5.69,3.8,1.69,6.0,3.95,1.71,5.63,3.79,1.65,38.0,2018/2019
I1,2018-12-01,Sampdoria,Bologna,4.0,1.0,H,8.0,8.0,6.0,4.0,14.0,10.0,1.0,4.0,3.0,3.0,0.0,0.0,2.0,3.3,4.0,1.97,3.34,4.55,2.05,3.5,4.55,1.94,3.33,4.25,38.0,2018/2019
I1,2018-12-01,Spal,Empoli,2.0,2.0,D,9.0,13.0,5.0,8.0,14.0,14.0,4.0,9.0,3.0,3.0,1.0,0.0,2.4,3.3,3.0,2.48,3.27,3.16,2.55,3.4,3.2,2.43,3.26,3.04,38.0,2018/2019
I1,2018-12-02,Chievo,Lazio,1.0,1.0,D,5.0,19.0,2.0,7.0,11.0,11.0,4.0,6.0,4.0,2.0,0.0,0.0,8.0,4.2,1.44,7.31,4.59,1.48,8.5,4.7,1.5,7.19,4.39,1.47,38.0,2018/2019
I1,2018-12-02,Frosinone,Cagliari,1.0,1.0,D,25.0,18.0,11.0,7.0,13.0,15.0,5.0,1.0,1.0,7.0,0.0,1.0,3.0,3.3,2.4,3.21,3.34,2.42,3.21,3.4,2.5,3.07,3.25,2.41,38.0,2018/2019
I1,2018-12-02,Milan,Parma,2.0,1.0,H,19.0,7.0,6.0,1.0,9.0,15.0,8.0,8.0,2.0,2.0,0.0,0.0,1.4,5.0,7.5,1.41,4.93,8.29,1.5,5.1,8.5,1.41,4.79,7.72,38.0,2018/2019
I1,2018-12-02,Roma,Inter Milan,2.0,2.0,D,15.0,16.0,6.0,7.0,11.0,13.0,4.0,7.0,1.0,1.0,0.0,0.0,2.8,3.4,2.45,2.73,3.51,2.67,2.85,3.6,2.7,2.75,3.45,2.53,38.0,2018/2019
I1,2018-12-02,Sassuolo,Udinese,0.0,0.0,D,17.0,3.0,3.0,1.0,13.0,16.0,13.0,2.0,3.0,2.0,0.0,0.0,1.9,3.5,4.0,1.99,3.58,4.09,2.05,3.65,4.3,1.94,3.48,4.03,38.0,2018/2019
I1,2018-12-02,Torino,Genoa,2.0,1.0,H,23.0,8.0,10.0,2.0,14.0,20.0,5.0,5.0,3.0,4.0,0.0,1.0,1.75,3.75,4.75,1.74,3.84,5.17,1.85,3.85,5.25,1.75,3.66,4.93,38.0,2018/2019
I1,2018-12-03,Atalanta,Napoli,1.0,2.0,A,9.0,9.0,3.0,5.0,8.0,7.0,12.0,6.0,1.0,2.0,0.0,0.0,3.3,3.6,2.14,3.44,3.57,2.2,3.5,3.7,2.25,3.32,3.54,2.14,37.0,2018/2019
I1,2018-12-07,Juventus,Inter Milan,1.0,0.0,H,14.0,8.0,6.0,4.0,13.0,16.0,10.0,8.0,2.0,2.0,0.0,0.0,1.53,3.8,6.5,1.56,3.98,7.13,1.6,4.05,7.5,1.56,3.88,6.68,37.0,2018/2019
I1,2018-12-08,Cagliari,Roma,2.0,2.0,D,10.0,14.0,5.0,7.0,17.0,12.0,7.0,5.0,3.0,1.0,2.0,0.0,4.5,3.6,1.83,4.55,3.87,1.82,4.62,3.9,1.86,4.39,3.71,1.82,36.0,2018/2019
I1,2018-12-08,Lazio,Sampdoria,2.0,2.0,D,20.0,4.0,11.0,3.0,13.0,11.0,10.0,6.0,3.0,6.0,0.0,1.0,1.44,4.75,7.0,1.43,4.99,7.63,1.46,5.0,9.0,1.42,4.77,7.45,37.0,2018/2019
I1,2018-12-08,Napoli,Frosinone,4.0,0.0,H,18.0,6.0,10.0,2.0,6.0,10.0,9.0,3.0,1.0,2.0,0.0,0.0,1.16,8.0,15.0,1.16,8.12,20.57,1.18,8.5,22.0,1.16,7.8,17.86,37.0,2018/2019
I1,2018-12-09,Sassuolo,Fiorentina,3.0,3.0,D,11.0,11.0,7.0,6.0,12.0,12.0,6.0,10.0,4.0,5.0,1.0,1.0,2.8,3.2,2.6,2.92,3.23,2.68,2.93,3.35,2.75,2.81,3.21,2.63,36.0,2018/2019
I1,2018-12-09,Udinese,Atalanta,1.0,3.0,A,5.0,12.0,2.0,4.0,17.0,6.0,2.0,7.0,1.0,1.0,0.0,0.0,4.33,3.75,1.8,4.57,3.7,1.85,4.6,3.85,1.9,4.34,3.62,1.85,36.0,2018/2019
I1,2018-12-09,Empoli,Bologna,2.0,1.0,H,9.0,14.0,5.0,8.0,6.0,8.0,4.0,8.0,2.0,2.0,0.0,0.0,1.95,3.5,4.0,1.99,3.58,4.07,2.03,3.65,4.2,1.97,3.47,3.92,37.0,2018/2019
I1,2018-12-09,Genoa,Spal,1.0,1.0,D,6.0,16.0,3.0,7.0,9.0,10.0,1.0,6.0,1.0,5.0,1.0,0.0,2.0,3.3,4.0,2.0,3.43,4.27,2.1,3.45,4.31,1.99,3.32,4.09,37.0,2018/2019
I1,2018-12-09,Milan,Torino,0.0,0.0,D,11.0,10.0,4.0,4.0,10.0,16.0,11.0,3.0,2.0,3.0,0.0,0.0,1.85,3.6,4.33,1.89,3.49,4.72,1.91,3.7,4.85,1.86,3.47,4.46,37.0,2018/2019
I1,2018-12-09,Parma,Chievo,1.0,1.0,D,12.0,7.0,7.0,1.0,17.0,18.0,8.0,2.0,4.0,4.0,0.0,1.0,2.04,3.3,3.8,2.11,3.35,3.95,2.15,3.4,4.02,2.07,3.27,3.85,37.0,2018/2019
I1,2018-12-15,Inter Milan,Udinese,1.0,0.0,H,15.0,7.0,4.0,1.0,11.0,8.0,10.0,0.0,3.0,1.0,0.0,0.0,1.3,5.0,11.0,1.34,5.26,10.32,1.4,5.5,11.0,1.33,5.12,9.66,36.0,2018/2019
I1,2018-12-15,Torino,Juventus,0.0,1.0,A,5.0,7.0,3.0,4.0,17.0,13.0,7.0,5.0,2.0,4.0,0.0,0.0,6.5,3.6,1.61,6.88,3.87,1.6,7.0,4.4,1.62,6.56,3.79,1.58,37.0,2018/2019
I1,2018-12-16,Cagliari,Napoli,0.0,1.0,A,6.0,13.0,2.0,5.0,15.0,9.0,2.0,10.0,2.0,2.0,0.0,0.0,7.5,4.5,1.44,8.37,4.8,1.42,9.5,4.85,1.48,7.93,4.58,1.42,36.0,2018/2019
I1,2018-12-16,Fiorentina,Empoli,3.0,1.0,H,15.0,8.0,9.0,4.0,20.0,18.0,2.0,3.0,2.0,1.0,0.0,0.0,1.75,3.75,4.75,1.81,3.79,4.77,1.88,3.85,5.0,1.81,3.67,4.51,37.0,2018/2019
I1,2018-12-16,Frosinone,Sassuolo,0.0,2.0,A,9.0,13.0,3.0,3.0,18.0,10.0,6.0,5.0,3.0,2.0,0.0,0.0,3.6,3.5,2.04,3.98,3.37,2.09,4.0,3.5,2.1,3.81,3.34,2.05,37.0,2018/2019
I1,2018-12-16,Roma,Genoa,3.0,2.0,H,14.0,11.0,7.0,8.0,10.0,15.0,6.0,4.0,2.0,2.0,0.0,0.0,1.44,4.75,7.0,1.46,4.72,7.35,1.47,5.2,8.5,1.44,4.67,7.09,37.0,2018/2019
I1,2018-12-16,Sampdoria,Parma,2.0,0.0,H,12.0,2.0,10.0,0.0,10.0,7.0,8.0,4.0,2.0,1.0,0.0,0.0,1.83,3.6,4.5,1.81,3.72,4.87,1.83,3.85,5.0,1.79,3.59,4.67,37.0,2018/2019
I1,2018-12-16,Spal,Chievo,0.0,0.0,D,10.0,8.0,3.0,6.0,14.0,18.0,6.0,4.0,2.0,4.0,0.0,0.0,2.04,3.3,3.8,2.07,3.29,4.16,2.12,3.4,4.2,2.06,3.23,3.96,36.0,2018/2019
I1,2018-12-17,Atalanta,Lazio,1.0,0.0,H,4.0,11.0,2.0,3.0,10.0,17.0,7.0,7.0,2.0,4.0,0.0,0.0,2.2,3.6,3.1,2.19,3.64,3.4,2.35,3.7,3.4,2.19,3.53,3.23,36.0,2018/2019
I1,2018-12-18,Bologna,Milan,0.0,0.0,D,7.0,11.0,6.0,4.0,12.0,12.0,2.0,1.0,2.0,5.0,0.0,1.0,4.2,3.4,1.95,4.26,3.42,2.0,4.45,3.5,2.01,4.19,3.34,1.96,35.0,2018/2019
I1,2018-12-22,Lazio,Cagliari,3.0,1.0,H,15.0,9.0,10.0,5.0,16.0,9.0,7.0,5.0,2.0,1.0,0.0,0.0,1.33,5.0,9.0,1.35,5.35,9.35,1.39,5.35,10.5,1.35,5.11,8.86,35.0,2018/2019
I1,2018-12-22,Chievo,Inter Milan,1.0,1.0,D,6.0,9.0,3.0,3.0,10.0,10.0,5.0,7.0,3.0,2.0,0.0,0.0,8.5,4.33,1.4,8.49,4.65,1.43,9.5,4.7,1.48,8.2,4.45,1.43,36.0,2018/2019
I1,2018-12-22,Empoli,Sampdoria,2.0,4.0,A,6.0,15.0,3.0,12.0,14.0,9.0,8.0,5.0,3.0,4.0,0.0,0.0,2.3,3.4,3.1,2.41,3.42,3.14,2.45,3.55,3.2,2.33,3.41,3.07,36.0,2018/2019
I1,2018-12-22,Juventus,Roma,1.0,0.0,H,15.0,4.0,7.0,4.0,9.0,12.0,13.0,2.0,0.0,3.0,0.0,0.0,1.44,4.33,8.0,1.42,4.8,8.31,1.47,4.85,8.75,1.42,4.6,8.1,36.0,2018/2019
I1,2018-12-22,Genoa,Atalanta,3.0,1.0,H,15.0,10.0,7.0,6.0,13.0,13.0,9.0,6.0,3.0,2.0,0.0,2.0,4.0,3.6,1.9,4.08,3.68,1.96,4.2,3.8,1.99,4.04,3.62,1.92,36.0,2018/2019
I1,2018-12-22,Parma,Bologna,0.0,0.0,D,7.0,5.0,1.0,2.0,8.0,9.0,4.0,2.0,3.0,3.0,0.0,0.0,2.54,3.1,3.0,2.56,3.11,3.2,2.6,3.2,3.2,2.52,3.09,3.05,36.0,2018/2019
I1,2018-12-22,Napoli,Spal,1.0,0.0,H,15.0,10.0,8.0,6.0,13.0,8.0,3.0,5.0,2.0,2.0,0.0,0.0,1.2,7.0,13.0,1.21,7.1,15.16,1.23,8.25,17.0,1.2,6.86,14.16,35.0,2018/2019
I1,2018-12-22,Sassuolo,Torino,1.0,1.0,D,11.0,4.0,6.0,3.0,12.0,15.0,12.0,2.0,2.0,3.0,0.0,0.0,2.62,3.2,2.8,2.62,3.22,3.0,2.7,3.26,3.0,2.62,3.17,2.85,36.0,2018/2019
I1,2018-12-22,Udinese,Frosinone,1.0,1.0,D,9.0,10.0,1.0,6.0,11.0,16.0,2.0,5.0,2.0,4.0,0.0,0.0,1.7,3.7,5.25,1.72,3.86,5.27,1.78,3.9,5.5,1.72,3.74,5.05,36.0,2018/2019
I1,2018-12-22,Milan,Fiorentina,0.0,1.0,A,11.0,7.0,7.0,1.0,10.0,18.0,9.0,7.0,3.0,4.0,0.0,0.0,2.3,3.25,3.25,2.33,3.3,3.42,2.38,3.45,3.5,2.27,3.26,3.33,36.0,2018/2019
I1,2018-12-26,Cagliari,Genoa,1.0,0.0,H,12.0,10.0,7.0,4.0,8.0,9.0,4.0,4.0,3.0,3.0,0.0,0.0,2.3,3.2,3.3,2.41,3.21,3.35,2.41,3.3,3.45,2.33,3.16,3.3,36.0,2018/2019
I1,2018-12-26,Atalanta,Juventus,2.0,2.0,D,10.0,10.0,6.0,3.0,17.0,16.0,5.0,5.0,4.0,4.0,0.0,1.0,4.75,3.5,1.8,5.05,3.58,1.82,5.1,3.66,1.83,4.8,3.54,1.79,36.0,2018/2019
I1,2018-12-26,Bologna,Lazio,0.0,2.0,A,6.0,11.0,3.0,7.0,15.0,18.0,1.0,7.0,2.0,0.0,0.0,0.0,5.0,3.8,1.72,4.96,3.94,1.75,5.25,4.15,1.8,4.82,3.8,1.73,36.0,2018/2019
I1,2018-12-26,Fiorentina,Parma,0.0,1.0,A,16.0,3.0,7.0,2.0,15.0,15.0,9.0,2.0,4.0,4.0,1.0,0.0,1.6,3.8,6.0,1.62,4.04,6.07,1.65,4.1,6.3,1.61,3.9,5.88,36.0,2018/2019
I1,2018-12-26,Frosinone,Milan,0.0,0.0,D,11.0,16.0,5.0,8.0,10.0,12.0,3.0,6.0,2.0,1.0,0.0,0.0,5.25,3.75,1.7,5.61,3.81,1.7,6.0,3.86,1.73,5.45,3.71,1.68,36.0,2018/2019
I1,2018-12-26,Inter Milan,Napoli,1.0,0.0,H,9.0,9.0,5.0,4.0,12.0,8.0,5.0,0.0,3.0,4.0,0.0,2.0,2.75,3.3,2.62,2.8,3.36,2.71,2.83,3.45,2.73,2.74,3.31,2.63,36.0,2018/2019
I1,2018-12-26,Sampdoria,Chievo,2.0,0.0,H,10.0,7.0,6.0,1.0,22.0,19.0,4.0,1.0,2.0,1.0,0.0,0.0,1.75,3.7,5.0,1.75,3.78,5.21,1.8,3.82,5.5,1.75,3.64,5.01,36.0,2018/2019
I1,2018-12-26,Spal,Udinese,0.0,0.0,D,7.0,3.0,4.0,1.0,10.0,14.0,7.0,2.0,1.0,2.0,0.0,0.0,2.5,3.1,3.1,2.47,3.18,3.28,2.5,3.2,3.28,2.44,3.1,3.16,35.0,2018/2019
I1,2018-12-26,Roma,Sassuolo,3.0,1.0,H,16.0,8.0,10.0,3.0,15.0,16.0,8.0,5.0,1.0,1.0,0.0,0.0,1.61,4.0,5.25,1.7,3.92,5.36,1.73,4.15,5.5,1.66,3.95,5.15,36.0,2018/2019
I1,2018-12-26,Torino,Empoli,3.0,0.0,H,13.0,5.0,10.0,1.0,9.0,9.0,5.0,1.0,1.0,3.0,0.0,1.0,1.7,3.8,5.0,1.75,3.82,5.1,1.77,3.95,5.5,1.72,3.75,5.02,36.0,2018/2019
I1,2018-12-29,Empoli,Inter Milan,0.0,1.0,A,7.0,7.0,3.0,6.0,14.0,4.0,4.0,6.0,1.0,1.0,0.0,0.0,6.5,4.2,1.5,6.24,4.43,1.55,7.0,4.55,1.58,6.18,4.28,1.53,37.0,2018/2019
I1,2018-12-29,Genoa,Fiorentina,0.0,0.0,D,7.0,8.0,3.0,6.0,21.0,8.0,7.0,3.0,2.0,1.0,0.0,0.0,2.54,3.25,2.7,2.82,3.24,2.77,2.82,3.3,2.82,2.72,3.2,2.73,37.0,2018/2019
I1,2018-12-29,Chievo,Frosinone,1.0,0.0,H,9.0,12.0,3.0,4.0,16.0,20.0,4.0,2.0,4.0,6.0,0.0,1.0,2.3,3.0,3.4,2.35,3.23,3.44,2.4,3.3,3.53,2.32,3.15,3.34,37.0,2018/2019
I1,2018-12-29,Juventus,Sampdoria,2.0,1.0,H,15.0,7.0,8.0,3.0,13.0,16.0,6.0,3.0,2.0,2.0,0.0,0.0,1.2,6.5,13.0,1.22,6.46,15.91,1.27,7.0,19.0,1.22,6.31,14.77,37.0,2018/2019
I1,2018-12-29,Lazio,Torino,1.0,1.0,D,10.0,7.0,5.0,6.0,20.0,22.0,7.0,3.0,4.0,4.0,1.0,1.0,1.75,3.6,4.6,1.79,3.77,4.85,1.81,3.9,5.0,1.76,3.75,4.66,37.0,2018/2019
I1,2018-12-29,Milan,Spal,2.0,1.0,H,11.0,9.0,6.0,4.0,15.0,10.0,11.0,2.0,4.0,2.0,1.0,0.0,1.5,4.0,7.0,1.51,4.38,7.14,1.54,4.6,7.5,1.51,4.23,6.79,37.0,2018/2019
I1,2018-12-29,Sassuolo,Atalanta,2.0,6.0,A,13.0,13.0,8.0,9.0,10.0,10.0,1.0,8.0,1.0,2.0,0.0,0.0,3.4,3.5,2.04,3.5,3.58,2.17,3.6,3.7,2.25,3.38,3.5,2.14,37.0,2018/2019
I1,2018-12-29,Napoli,Bologna,3.0,2.0,H,14.0,10.0,9.0,4.0,14.0,10.0,6.0,5.0,2.0,2.0,0.0,0.0,1.28,5.5,10.0,1.27,5.97,12.9,1.3,6.25,15.0,1.26,5.73,12.25,37.0,2018/2019
I1,2018-12-29,Parma,Roma,0.0,2.0,A,3.0,19.0,2.0,8.0,7.0,11.0,2.0,7.0,1.0,1.0,0.0,0.0,4.75,3.8,1.7,4.91,3.86,1.77,5.25,3.95,1.85,4.7,3.77,1.75,37.0,2018/2019
I1,2018-12-29,Udinese,Cagliari,2.0,0.0,H,19.0,4.0,7.0,1.0,11.0,15.0,6.0,6.0,3.0,2.0,1.0,1.0,2.3,3.1,3.2,2.52,3.07,3.32,2.52,3.16,3.45,2.44,3.06,3.23,37.0,2018/2019
I1,2019-01-19,Inter Milan,Sassuolo,0.0,0.0,D,8.0,11.0,4.0,6.0,16.0,16.0,11.0,0.0,1.0,3.0,0.0,0.0,1.4,4.75,8.0,1.43,4.86,7.84,1.45,5.25,8.6,1.42,4.75,7.61,37.0,2018/2019
I1,2019-01-19,Roma,Torino,3.0,2.0,H,11.0,8.0,9.0,3.0,17.0,17.0,6.0,3.0,2.0,3.0,0.0,0.0,1.6,4.0,5.75,1.65,4.16,5.47,1.68,4.25,5.75,1.64,4.05,5.22,37.0,2018/2019
I1,2019-01-19,Udinese,Parma,1.0,2.0,A,17.0,7.0,9.0,4.0,17.0,15.0,8.0,2.0,3.0,1.0,0.0,0.0,2.1,3.1,4.0,2.15,3.19,4.05,2.17,3.35,4.05,2.11,3.17,3.89,37.0,2018/2019
I1,2019-01-20,Cagliari,Empoli,2.0,2.0,D,13.0,9.0,3.0,4.0,11.0,10.0,4.0,7.0,0.0,0.0,0.0,0.0,2.0,3.5,3.8,2.03,3.68,3.81,2.06,3.7,3.9,2.0,3.54,3.73,37.0,2018/2019
I1,2019-01-20,Spal,Bologna,1.0,1.0,D,13.0,12.0,9.0,6.0,13.0,18.0,7.0,7.0,2.0,3.0,0.0,0.0,2.5,3.1,3.1,2.52,3.03,3.37,2.55,3.1,3.37,2.5,2.98,3.2,37.0,2018/2019
I1,2019-01-20,Fiorentina,Sampdoria,3.0,3.0,D,8.0,9.0,4.0,5.0,15.0,22.0,4.0,7.0,6.0,4.0,1.0,0.0,1.8,3.6,4.5,1.83,3.79,4.59,1.87,3.85,4.78,1.81,3.67,4.49,37.0,2018/2019
I1,2019-01-20,Napoli,Lazio,2.0,1.0,H,17.0,13.0,13.0,9.0,6.0,12.0,7.0,8.0,1.0,5.0,0.0,1.0,1.9,3.6,4.0,1.95,3.6,4.22,1.97,3.71,4.33,1.91,3.58,4.1,37.0,2018/2019
I1,2019-01-20,Frosinone,Atalanta,0.0,5.0,A,5.0,14.0,3.0,8.0,12.0,11.0,4.0,8.0,2.0,0.0,0.0,0.0,8.5,4.5,1.4,7.17,5.0,1.44,8.5,5.05,1.47,7.26,4.75,1.42,37.0,2018/2019
I1,2019-01-21,Genoa,Milan,0.0,2.0,A,13.0,9.0,7.0,7.0,14.0,17.0,5.0,6.0,3.0,3.0,0.0,0.0,3.2,3.2,2.37,3.43,3.11,2.42,3.43,3.25,2.44,3.31,3.12,2.35,35.0,2018/2019
I1,2019-01-21,Juventus,Chievo,3.0,0.0,H,19.0,7.0,11.0,3.0,10.0,7.0,12.0,5.0,1.0,2.0,0.0,0.0,1.11,10.0,21.0,1.1,10.43,33.98,1.14,11.25,41.0,1.1,9.62,28.53,36.0,2018/2019
I1,2019-01-26,Milan,Napoli,0.0,0.0,D,12.0,14.0,7.0,8.0,7.0,11.0,6.0,8.0,1.0,3.0,0.0,1.0,3.75,3.5,2.0,3.78,3.65,2.05,3.9,3.66,2.11,3.69,3.49,2.04,37.0,2018/2019
I1,2019-01-26,Sampdoria,Udinese,4.0,0.0,H,14.0,6.0,9.0,0.0,14.0,13.0,1.0,1.0,2.0,4.0,0.0,0.0,1.83,3.5,4.75,1.84,3.64,4.78,1.88,3.65,5.0,1.84,3.51,4.56,37.0,2018/2019
I1,2019-01-26,Sassuolo,Cagliari,3.0,0.0,H,11.0,7.0,9.0,3.0,14.0,17.0,4.0,12.0,1.0,1.0,0.0,0.0,2.0,3.3,4.0,2.09,3.35,4.0,2.1,3.45,4.2,2.04,3.29,3.95,37.0,2018/2019
I1,2019-01-27,Atalanta,Roma,3.0,3.0,D,14.0,7.0,6.0,5.0,7.0,13.0,9.0,2.0,0.0,3.0,0.0,0.0,2.15,3.6,3.25,2.18,3.75,3.32,2.22,3.8,3.4,2.17,3.63,3.23,37.0,2018/2019
I1,2019-01-27,Bologna,Frosinone,0.0,4.0,A,8.0,4.0,2.0,4.0,15.0,13.0,9.0,2.0,3.0,4.0,1.0,0.0,1.65,3.75,5.5,1.65,3.92,6.0,1.72,3.94,6.25,1.66,3.73,5.69,37.0,2018/2019
I1,2019-01-27,Chievo,Fiorentina,3.0,4.0,A,14.0,11.0,8.0,7.0,19.0,18.0,7.0,5.0,3.0,1.0,0.0,1.0,4.5,3.5,1.83,4.95,3.52,1.85,5.2,3.6,1.89,4.81,3.4,1.84,37.0,2018/2019
I1,2019-01-27,Lazio,Juventus,1.0,2.0,A,11.0,4.0,5.0,3.0,11.0,13.0,8.0,1.0,2.0,5.0,0.0,0.0,4.2,3.5,1.9,4.52,3.55,1.91,4.75,3.6,1.92,4.42,3.47,1.88,37.0,2018/2019
I1,2019-01-27,Parma,Spal,2.0,3.0,A,9.0,15.0,5.0,6.0,9.0,13.0,1.0,10.0,2.0,4.0,0.0,0.0,2.4,3.0,3.3,2.52,3.07,3.3,2.53,3.15,3.4,2.46,3.03,3.22,37.0,2018/2019
I1,2019-01-27,Torino,Inter Milan,1.0,0.0,H,7.0,9.0,4.0,4.0,19.0,12.0,6.0,7.0,3.0,3.0,0.0,1.0,3.6,3.3,2.1,3.66,3.56,2.12,3.8,3.56,2.15,3.62,3.43,2.09,37.0,2018/2019
I1,2019-01-28,Empoli,Genoa,1.0,3.0,A,13.0,12.0,7.0,7.0,8.0,7.0,1.0,3.0,1.0,2.0,0.0,0.0,2.37,3.4,3.0,2.37,3.65,3.04,2.43,3.65,3.16,2.34,3.46,3.01,36.0,2018/2019
I1,2019-02-02,Empoli,Chievo,2.0,2.0,D,11.0,10.0,9.0,4.0,9.0,12.0,10.0,6.0,0.0,2.0,0.0,0.0,1.95,3.5,4.0,2.01,3.55,4.05,2.01,3.65,4.2,1.97,3.53,3.91,35.0,2018/2019
I1,2019-02-02,Juventus,Parma,3.0,3.0,D,18.0,11.0,9.0,5.0,6.0,11.0,12.0,4.0,1.0,2.0,0.0,0.0,1.18,7.0,17.0,1.17,7.5,22.64,1.2,7.95,23.0,1.17,7.24,18.69,35.0,2018/2019
I1,2019-02-02,Napoli,Sampdoria,3.0,0.0,H,18.0,8.0,14.0,2.0,4.0,12.0,5.0,3.0,0.0,3.0,0.0,0.0,1.36,5.0,8.5,1.37,5.07,9.45,1.41,5.3,10.0,1.37,5.0,8.62,35.0,2018/2019
I1,2019-02-03,Genoa,Sassuolo,1.0,1.0,D,4.0,11.0,2.0,8.0,11.0,15.0,4.0,6.0,1.0,3.0,0.0,0.0,2.5,3.3,2.87,2.68,3.3,2.86,2.68,3.35,3.0,2.57,3.22,2.87,35.0,2018/2019
I1,2019-02-03,Inter Milan,Bologna,0.0,1.0,A,12.0,8.0,3.0,7.0,13.0,17.0,6.0,7.0,1.0,2.0,0.0,0.0,1.33,5.25,9.0,1.3,5.39,12.58,1.35,5.8,13.0,1.31,5.21,11.07,35.0,2018/2019
I1,2019-02-03,Roma,Milan,1.0,1.0,D,11.0,6.0,9.0,5.0,15.0,9.0,10.0,2.0,3.0,4.0,0.0,0.0,2.15,3.5,3.4,2.2,3.53,3.47,2.28,3.6,3.57,2.19,3.45,3.31,35.0,2018/2019
I1,2019-02-03,Spal,Torino,0.0,0.0,D,8.0,5.0,1.0,1.0,24.0,27.0,11.0,6.0,5.0,5.0,0.0,1.0,3.7,3.25,2.15,3.84,3.23,2.19,3.92,3.3,2.25,3.71,3.12,2.18,35.0,2018/2019
I1,2019-02-03,Udinese,Fiorentina,1.0,1.0,D,7.0,9.0,2.0,4.0,13.0,14.0,1.0,10.0,3.0,3.0,0.0,0.0,3.6,3.3,2.1,3.75,3.42,2.14,3.76,3.42,2.27,3.59,3.29,2.15,35.0,2018/2019
I1,2019-02-04,Cagliari,Atalanta,0.0,1.0,A,8.0,10.0,2.0,6.0,18.0,11.0,2.0,4.0,0.0,2.0,0.0,0.0,5.0,4.1,1.66,5.16,4.21,1.67,5.4,4.3,1.71,5.04,4.01,1.66,34.0,2018/2019
I1,2019-02-04,Frosinone,Lazio,0.0,1.0,A,9.0,11.0,4.0,5.0,8.0,14.0,2.0,2.0,1.0,5.0,0.0,0.0,7.0,4.75,1.44,7.57,4.68,1.46,8.0,4.85,1.48,7.31,4.59,1.44,34.0,2018/2019
I1,2019-02-07,Lazio,Empoli,1.0,0.0,H,8.0,3.0,4.0,1.0,13.0,8.0,3.0,2.0,1.0,1.0,0.0,0.0,1.3,5.25,9.5,1.34,5.41,9.7,1.37,5.75,10.5,1.33,5.25,9.21,34.0,2018/2019
I1,2019-02-08,Chievo,Roma,0.0,3.0,A,11.0,11.0,6.0,9.0,6.0,9.0,7.0,7.0,1.0,2.0,0.0,0.0,5.75,4.33,1.53,6.0,4.4,1.57,6.25,4.45,1.65,5.74,4.25,1.57,35.0,2018/2019
I1,2019-02-09,Fiorentina,Napoli,0.0,0.0,D,10.0,12.0,4.0,4.0,9.0,17.0,5.0,5.0,2.0,4.0,0.0,0.0,4.0,3.6,1.9,3.91,3.74,1.99,4.1,3.85,2.0,3.86,3.63,1.95,35.0,2018/2019
I1,2019-02-09,Parma,Inter Milan,0.0,1.0,A,6.0,13.0,2.0,7.0,17.0,12.0,2.0,10.0,2.0,2.0,0.0,0.0,5.25,3.8,1.66,5.02,4.02,1.72,5.4,4.05,1.75,5.0,3.87,1.7,35.0,2018/2019
I1,2019-02-10,Milan,Cagliari,3.0,0.0,H,17.0,7.0,10.0,3.0,12.0,11.0,2.0,5.0,0.0,1.0,0.0,0.0,1.4,4.75,8.5,1.41,4.75,8.94,1.45,4.8,9.2,1.41,4.55,8.29,35.0,2018/2019
I1,2019-02-10,Atalanta,Spal,2.0,1.0,H,8.0,5.0,5.0,3.0,14.0,12.0,9.0,4.0,1.0,3.0,0.0,0.0,1.28,5.5,11.0,1.3,5.88,10.5,1.35,5.88,12.0,1.3,5.52,10.45,35.0,2018/2019
I1,2019-02-10,Bologna,Genoa,1.0,1.0,D,7.0,9.0,4.0,6.0,17.0,13.0,13.0,3.0,2.0,2.0,0.0,0.0,2.25,3.1,3.5,2.28,3.31,3.52,2.35,3.31,3.6,2.26,3.19,3.41,35.0,2018/2019
I1,2019-02-10,Sassuolo,Juventus,0.0,3.0,A,9.0,10.0,2.0,5.0,17.0,8.0,8.0,4.0,0.0,0.0,0.0,0.0,7.0,3.75,1.57,6.31,4.22,1.57,7.15,4.25,1.6,6.21,4.1,1.56,35.0,2018/2019
I1,2019-02-10,Torino,Udinese,1.0,0.0,H,12.0,10.0,7.0,6.0,21.0,21.0,9.0,2.0,2.0,4.0,0.0,1.0,1.72,3.6,5.25,1.74,3.71,5.43,1.78,3.75,6.0,1.72,3.61,5.23,35.0,2018/2019
I1,2019-02-10,Sampdoria,Frosinone,0.0,1.0,A,11.0,3.0,7.0,1.0,10.0,21.0,9.0,2.0,3.0,3.0,0.0,0.0,1.5,4.0,8.0,1.51,4.3,7.47,1.54,4.35,8.5,1.5,4.14,7.19,35.0,2018/2019
I1,2019-02-15,Juventus,Frosinone,3.0,0.0,H,11.0,7.0,8.0,1.0,13.0,19.0,5.0,7.0,2.0,3.0,0.0,0.0,1.12,9.5,19.0,1.12,9.76,28.57,1.15,10.5,29.0,1.12,9.03,23.35,32.0,2018/2019
I1,2019-02-16,Atalanta,Milan,1.0,3.0,A,12.0,6.0,5.0,3.0,10.0,9.0,5.0,2.0,1.0,2.0,0.0,0.0,2.0,3.4,3.9,2.04,3.55,3.92,2.1,3.58,4.0,2.04,3.44,3.75,32.0,2018/2019
I1,2019-02-16,Cagliari,Parma,2.0,1.0,H,12.0,6.0,3.0,3.0,21.0,11.0,1.0,4.0,5.0,1.0,1.0,0.0,2.0,3.3,4.0,2.03,3.53,4.0,2.05,3.55,4.2,2.02,3.36,3.9,31.0,2018/2019
I1,2019-02-17,Napoli,Torino,0.0,0.0,D,20.0,6.0,10.0,1.0,18.0,13.0,15.0,4.0,5.0,3.0,0.0,0.0,1.44,4.33,8.0,1.44,4.45,8.85,1.47,4.65,8.85,1.44,4.41,7.76,31.0,2018/2019
I1,2019-02-17,Spal,Fiorentina,1.0,4.0,A,6.0,15.0,4.0,9.0,14.0,14.0,3.0,10.0,3.0,4.0,0.0,0.0,3.6,3.2,2.15,3.5,3.21,2.34,3.7,3.25,2.34,3.48,3.14,2.26,32.0,2018/2019
I1,2019-02-17,Empoli,Sassuolo,3.0,0.0,H,7.0,5.0,6.0,2.0,11.0,10.0,3.0,3.0,1.0,3.0,0.0,0.0,2.7,3.4,2.6,2.76,3.39,2.73,2.78,3.5,2.73,2.71,3.34,2.64,32.0,2018/2019
I1,2019-02-17,Genoa,Lazio,2.0,1.0,H,14.0,6.0,6.0,6.0,12.0,12.0,7.0,3.0,3.0,2.0,0.0,0.0,3.2,3.4,2.25,3.35,3.34,2.34,3.4,3.5,2.35,3.27,3.33,2.27,32.0,2018/2019
I1,2019-02-17,Inter Milan,Sampdoria,2.0,1.0,H,14.0,6.0,7.0,2.0,10.0,11.0,9.0,5.0,3.0,1.0,0.0,0.0,1.61,3.75,6.0,1.59,4.02,6.53,1.61,4.2,7.0,1.58,3.95,6.1,32.0,2018/2019
I1,2019-02-17,Udinese,Chievo,1.0,0.0,H,11.0,13.0,7.0,9.0,11.0,21.0,6.0,4.0,5.0,4.0,0.0,0.0,1.83,3.4,4.75,1.85,3.54,4.91,1.87,3.55,5.25,1.82,3.42,4.85,32.0,2018/2019
I1,2019-02-18,Roma,Bologna,2.0,1.0,H,9.0,14.0,4.0,10.0,15.0,15.0,9.0,7.0,3.0,4.0,0.0,0.0,1.44,4.33,8.0,1.44,4.8,7.57,1.5,5.0,8.5,1.44,4.68,7.17,32.0,2018/2019
I1,2019-02-22,Milan,Empoli,3.0,0.0,H,10.0,4.0,7.0,1.0,13.0,9.0,6.0,2.0,1.0,1.0,0.0,0.0,1.44,4.33,7.0,1.47,4.49,7.78,1.5,4.95,8.16,1.46,4.43,7.45,35.0,2018/2019
I1,2019-02-23,Frosinone,Roma,2.0,3.0,A,9.0,7.0,5.0,5.0,18.0,11.0,4.0,8.0,2.0,2.0,0.0,0.0,6.5,4.5,1.45,6.28,4.73,1.51,6.55,4.85,1.53,6.07,4.61,1.5,34.0,2018/2019
I1,2019-02-23,Torino,Atalanta,2.0,0.0,H,11.0,9.0,7.0,4.0,17.0,18.0,4.0,4.0,2.0,1.0,0.0,0.0,3.2,3.3,2.3,3.38,3.4,2.29,3.5,3.45,2.34,3.26,3.31,2.29,35.0,2018/2019
I1,2019-02-24,Bologna,Juventus,0.0,1.0,A,13.0,5.0,4.0,4.0,12.0,17.0,4.0,5.0,2.0,2.0,0.0,0.0,7.5,4.5,1.44,7.68,4.34,1.49,8.5,4.5,1.52,7.3,4.25,1.48,35.0,2018/2019
I1,2019-02-24,Chievo,Genoa,0.0,0.0,D,8.0,6.0,5.0,2.0,20.0,22.0,4.0,6.0,2.0,3.0,0.0,0.0,3.3,3.2,2.3,3.55,3.32,2.26,3.55,3.32,2.4,3.39,3.22,2.27,35.0,2018/2019
I1,2019-02-24,Fiorentina,Inter Milan,3.0,3.0,D,10.0,7.0,2.0,6.0,13.0,15.0,9.0,6.0,2.0,4.0,0.0,0.0,2.7,3.3,2.7,2.81,3.27,2.76,2.85,3.4,2.76,2.75,3.23,2.67,35.0,2018/2019
I1,2019-02-24,Parma,Napoli,0.0,4.0,A,8.0,14.0,2.0,5.0,13.0,7.0,5.0,2.0,2.0,1.0,0.0,0.0,7.0,4.5,1.44,7.76,4.62,1.46,8.0,4.75,1.5,7.54,4.47,1.45,35.0,2018/2019
I1,2019-02-24,Sampdoria,Cagliari,1.0,0.0,H,9.0,8.0,6.0,1.0,9.0,17.0,3.0,5.0,1.0,2.0,0.0,0.0,1.75,3.6,5.0,1.82,3.62,4.94,1.85,3.7,5.2,1.8,3.53,4.74,35.0,2018/2019
I1,2019-02-24,Sassuolo,Spal,1.0,1.0,D,6.0,5.0,2.0,3.0,18.0,14.0,3.0,5.0,4.0,1.0,1.0,0.0,1.95,3.4,4.0,2.03,3.51,4.01,2.05,3.51,4.1,2.02,3.4,3.86,35.0,2018/2019
I1,2019-03-01,Cagliari,Inter Milan,2.0,1.0,H,12.0,19.0,5.0,7.0,12.0,8.0,1.0,5.0,5.0,3.0,0.0,0.0,5.25,3.7,1.7,5.36,3.63,1.77,5.5,3.8,1.78,5.21,3.62,1.74,34.0,2018/2019
I1,2019-03-02,Empoli,Parma,3.0,3.0,D,13.0,7.0,9.0,7.0,10.0,17.0,8.0,2.0,1.0,3.0,0.0,0.0,2.0,3.5,3.75,1.99,3.67,3.99,2.07,3.67,4.1,1.99,3.54,3.82,34.0,2018/2019
I1,2019-03-02,Lazio,Roma,3.0,0.0,H,6.0,7.0,4.0,3.0,13.0,15.0,5.0,7.0,4.0,5.0,0.0,1.0,2.37,3.5,3.0,2.46,3.5,3.01,2.54,3.62,3.01,2.42,3.48,2.88,34.0,2018/2019
I1,2019-03-02,Milan,Sassuolo,1.0,0.0,H,7.0,11.0,4.0,6.0,20.0,9.0,6.0,6.0,3.0,0.0,0.0,1.0,1.5,4.2,7.0,1.54,4.22,6.91,1.56,4.45,7.5,1.51,4.24,6.66,34.0,2018/2019
I1,2019-03-03,Atalanta,Fiorentina,3.0,1.0,H,17.0,7.0,10.0,4.0,9.0,16.0,8.0,5.0,4.0,2.0,0.0,0.0,1.85,3.75,4.2,1.92,3.83,4.11,1.93,3.9,4.33,1.88,3.74,4.07,34.0,2018/2019
I1,2019-03-03,Genoa,Frosinone,0.0,0.0,D,10.0,3.0,6.0,0.0,15.0,16.0,8.0,2.0,2.0,4.0,0.0,1.0,1.66,3.6,5.75,1.69,3.69,6.0,1.7,3.85,6.25,1.66,3.67,5.75,34.0,2018/2019
I1,2019-03-03,Napoli,Juventus,1.0,2.0,A,13.0,4.0,5.0,3.0,10.0,14.0,12.0,4.0,3.0,6.0,1.0,1.0,2.3,3.2,3.2,2.4,3.28,3.3,2.5,3.31,3.3,2.38,3.2,3.17,34.0,2018/2019
I1,2019-03-03,Spal,Sampdoria,1.0,2.0,A,8.0,14.0,2.0,10.0,10.0,14.0,5.0,4.0,2.0,3.0,1.0,0.0,2.8,3.1,2.7,2.78,3.27,2.78,2.81,3.27,2.82,2.75,3.16,2.73,33.0,2018/2019
I1,2019-03-03,Torino,Chievo,3.0,0.0,H,9.0,9.0,6.0,5.0,10.0,18.0,7.0,4.0,1.0,4.0,0.0,0.0,1.44,4.33,8.0,1.47,4.48,7.9,1.5,4.55,9.0,1.45,4.37,7.83,34.0,2018/2019
I1,2019-03-03,Udinese,Bologna,2.0,1.0,H,11.0,11.0,6.0,9.0,21.0,20.0,6.0,6.0,3.0,3.0,0.0,0.0,2.8,3.0,2.8,2.87,3.01,2.9,2.88,3.1,3.04,2.77,2.97,2.85,32.0,2018/2019
I1,2019-03-08,Juventus,Udinese,4.0,1.0,H,15.0,4.0,6.0,2.0,7.0,9.0,5.0,0.0,0.0,3.0,0.0,0.0,1.36,4.75,9.5,1.39,4.77,9.63,1.43,4.85,10.25,1.38,4.64,9.42,34.0,2018/2019
I1,2019-03-09,Chievo,Milan,1.0,2.0,A,5.0,9.0,1.0,3.0,20.0,13.0,4.0,1.0,3.0,1.0,0.0,0.0,6.0,4.0,1.55,6.59,4.03,1.59,6.75,4.3,1.63,6.3,3.95,1.58,34.0,2018/2019
I1,2019-03-09,Parma,Genoa,1.0,0.0,H,8.0,8.0,4.0,1.0,12.0,12.0,4.0,5.0,2.0,1.0,0.0,0.0,2.8,3.1,2.7,2.84,3.1,2.86,2.87,3.25,2.9,2.78,3.09,2.75,34.0,2018/2019
I1,2019-03-10,Bologna,Cagliari,2.0,0.0,H,17.0,7.0,8.0,6.0,16.0,21.0,8.0,3.0,0.0,0.0,0.0,0.0,1.95,3.1,4.75,1.95,3.38,4.57,1.98,3.45,4.75,1.94,3.29,4.43,34.0,2018/2019
I1,2019-03-10,Fiorentina,Lazio,1.0,1.0,D,7.0,7.0,1.0,6.0,8.0,14.0,4.0,7.0,3.0,1.0,0.0,0.0,2.8,3.3,2.55,2.81,3.49,2.61,2.94,3.5,2.62,2.8,3.36,2.55,34.0,2018/2019
I1,2019-03-10,Frosinone,Torino,1.0,2.0,A,9.0,10.0,5.0,7.0,14.0,21.0,3.0,3.0,2.0,4.0,0.0,0.0,4.75,3.3,1.85,4.55,3.37,1.96,4.75,3.5,1.97,4.42,3.34,1.92,34.0,2018/2019
I1,2019-03-10,Inter Milan,Spal,2.0,0.0,H,10.0,2.0,4.0,1.0,17.0,17.0,4.0,7.0,3.0,5.0,0.0,0.0,1.4,4.5,8.5,1.42,4.52,9.28,1.45,4.75,9.5,1.42,4.49,8.55,33.0,2018/2019
I1,2019-03-10,Sampdoria,Atalanta,1.0,2.0,A,11.0,13.0,6.0,6.0,13.0,10.0,4.0,7.0,2.0,2.0,0.0,0.0,3.5,3.4,2.15,3.66,3.53,2.13,3.66,3.65,2.2,3.48,3.47,2.12,34.0,2018/2019
I1,2019-03-10,Sassuolo,Napoli,1.0,1.0,D,7.0,9.0,1.0,4.0,11.0,10.0,3.0,5.0,3.0,2.0,0.0,0.0,6.0,4.0,1.57,6.25,3.96,1.62,6.5,4.25,1.66,5.92,3.95,1.6,34.0,2018/2019
I1,2019-03-11,Roma,Empoli,2.0,1.0,H,7.0,4.0,2.0,2.0,12.0,9.0,5.0,3.0,4.0,1.0,1.0,0.0,1.53,4.5,5.75,1.58,4.4,5.84,1.6,4.65,6.25,1.55,4.44,5.7,33.0,2018/2019
I1,2019-03-15,Cagliari,Fiorentina,2.0,1.0,H,10.0,6.0,6.0,4.0,22.0,13.0,4.0,4.0,3.0,2.0,0.0,0.0,3.3,3.25,2.3,3.26,3.31,2.4,3.31,3.35,2.42,3.2,3.26,2.34,30.0,2018/2019
I1,2019-03-16,Sassuolo,Sampdoria,3.0,5.0,A,12.0,17.0,5.0,11.0,9.0,12.0,6.0,5.0,1.0,1.0,0.0,0.0,2.4,3.2,3.1,2.42,3.38,3.16,2.51,3.38,3.2,2.42,3.25,3.06,31.0,2018/2019
I1,2019-03-16,Spal,Roma,2.0,1.0,H,10.0,10.0,6.0,5.0,12.0,19.0,3.0,5.0,4.0,5.0,0.0,0.0,4.33,3.6,1.83,4.4,3.67,1.9,4.8,3.8,1.91,4.38,3.6,1.85,34.0,2018/2019
I1,2019-03-16,Torino,Bologna,2.0,3.0,A,16.0,8.0,7.0,6.0,15.0,16.0,4.0,5.0,5.0,4.0,1.0,1.0,1.95,3.2,4.5,2.02,3.22,4.51,2.05,3.3,4.85,1.98,3.15,4.45,35.0,2018/2019
I1,2019-03-17,Atalanta,Chievo,1.0,1.0,D,11.0,6.0,6.0,3.0,12.0,24.0,10.0,1.0,0.0,0.0,0.0,0.0,1.22,6.0,15.0,1.25,6.16,13.64,1.27,6.45,15.0,1.24,5.95,12.95,35.0,2018/2019
I1,2019-03-17,Empoli,Frosinone,2.0,1.0,H,8.0,9.0,5.0,3.0,16.0,15.0,2.0,2.0,4.0,2.0,0.0,0.0,1.8,3.5,4.75,1.76,3.76,5.18,1.8,3.85,5.25,1.74,3.69,4.91,35.0,2018/2019
I1,2019-03-17,Genoa,Juventus,2.0,0.0,H,10.0,3.0,5.0,0.0,12.0,11.0,6.0,6.0,2.0,3.0,0.0,0.0,7.0,4.0,1.53,7.44,3.85,1.57,7.5,4.15,1.58,6.94,3.91,1.54,35.0,2018/2019
I1,2019-03-17,Lazio,Parma,4.0,1.0,H,14.0,4.0,8.0,2.0,10.0,10.0,6.0,5.0,0.0,2.0,0.0,0.0,1.33,5.25,9.5,1.34,5.27,10.49,1.4,5.5,12.0,1.34,5.13,9.57,35.0,2018/2019
I1,2019-03-17,Milan,Inter Milan,2.0,3.0,A,9.0,10.0,7.0,6.0,19.0,11.0,7.0,4.0,4.0,3.0,0.0,0.0,2.3,3.1,3.4,2.47,3.17,3.27,2.6,3.25,3.4,2.43,3.12,3.17,35.0,2018/2019
I1,2019-03-17,Napoli,Udinese,4.0,2.0,H,13.0,8.0,5.0,3.0,4.0,7.0,5.0,2.0,1.0,1.0,0.0,0.0,1.22,6.5,13.0,1.22,6.59,15.99,1.28,6.75,15.99,1.23,6.26,13.69,35.0,2018/2019
I1,2019-03-29,Chievo,Cagliari,0.0,3.0,A,10.0,9.0,8.0,3.0,13.0,15.0,5.0,5.0,6.0,3.0,1.0,0.0,2.7,3.0,2.87,2.78,3.15,2.88,2.9,3.15,2.92,2.74,3.06,2.83,34.0,2018/2019
I1,2019-03-30,Juventus,Empoli,1.0,0.0,H,14.0,3.0,6.0,0.0,16.0,11.0,5.0,4.0,0.0,0.0,0.0,0.0,1.25,6.0,12.0,1.29,5.67,12.22,1.33,6.1,13.75,1.28,5.53,11.67,34.0,2018/2019
I1,2019-03-30,Sampdoria,Milan,1.0,0.0,H,14.0,7.0,8.0,5.0,12.0,9.0,5.0,10.0,1.0,4.0,0.0,0.0,3.25,3.1,2.37,3.27,3.24,2.44,3.35,3.35,2.46,3.17,3.18,2.4,34.0,2018/2019
I1,2019-03-30,Udinese,Genoa,2.0,0.0,H,12.0,15.0,5.0,6.0,10.0,18.0,3.0,5.0,3.0,4.0,0.0,0.0,2.5,3.1,3.1,2.6,3.05,3.2,2.6,3.1,3.25,2.53,3.02,3.12,34.0,2018/2019
I1,2019-03-31,Bologna,Sassuolo,2.0,1.0,H,11.0,5.0,8.0,4.0,17.0,18.0,9.0,4.0,2.0,3.0,0.0,0.0,2.05,3.4,3.75,2.14,3.42,3.77,2.18,3.65,3.8,2.11,3.38,3.61,34.0,2018/2019
I1,2019-03-31,Fiorentina,Torino,1.0,1.0,D,16.0,6.0,8.0,2.0,15.0,8.0,7.0,5.0,0.0,2.0,0.0,0.0,2.1,3.2,3.8,2.23,3.15,3.85,2.25,3.35,4.0,2.16,3.2,3.7,33.0,2018/2019
I1,2019-03-31,Frosinone,Spal,0.0,1.0,A,19.0,5.0,9.0,3.0,19.0,14.0,8.0,3.0,3.0,3.0,0.0,0.0,2.9,3.1,2.6,2.92,3.1,2.78,2.99,3.15,2.8,2.86,3.04,2.71,33.0,2018/2019
I1,2019-03-31,Inter Milan,Lazio,0.0,1.0,A,11.0,6.0,6.0,5.0,11.0,13.0,12.0,3.0,0.0,0.0,0.0,0.0,2.25,3.3,3.3,2.36,3.3,3.36,2.36,3.45,3.4,2.29,3.3,3.26,34.0,2018/2019
I1,2019-03-31,Parma,Atalanta,1.0,3.0,A,6.0,18.0,4.0,11.0,13.0,10.0,4.0,6.0,1.0,1.0,0.0,0.0,5.75,4.0,1.6,6.16,4.34,1.57,6.5,4.52,1.6,5.89,4.23,1.56,34.0,2018/2019
I1,2019-03-31,Roma,Napoli,1.0,4.0,A,11.0,12.0,5.0,10.0,14.0,14.0,4.0,7.0,4.0,2.0,0.0,0.0,3.1,3.5,2.3,3.15,3.53,2.36,3.2,3.63,2.37,3.09,3.47,2.31,34.0,2018/2019
I1,2019-04-02,Cagliari,Juventus,0.0,2.0,A,5.0,11.0,1.0,6.0,17.0,10.0,3.0,5.0,3.0,2.0,0.0,0.0,5.25,3.4,1.75,5.28,3.48,1.81,5.75,3.5,1.85,5.16,3.37,1.81,35.0,2018/2019
I1,2019-04-02,Milan,Udinese,1.0,1.0,D,12.0,7.0,9.0,3.0,13.0,11.0,7.0,5.0,0.0,0.0,0.0,0.0,1.44,4.33,8.0,1.45,4.52,8.22,1.48,4.62,9.0,1.45,4.41,7.92,35.0,2018/2019
I1,2019-04-03,Genoa,Inter Milan,0.0,4.0,A,5.0,12.0,2.0,9.0,9.0,12.0,1.0,6.0,2.0,1.0,1.0,0.0,4.0,3.25,2.05,4.23,3.34,2.04,4.33,3.35,2.1,4.05,3.25,2.04,35.0,2018/2019
I1,2019-04-03,Frosinone,Parma,3.0,2.0,H,14.0,10.0,5.0,6.0,14.0,19.0,3.0,3.0,3.0,4.0,0.0,0.0,2.4,3.2,3.1,2.43,3.27,3.24,2.55,3.3,3.25,2.43,3.18,3.12,35.0,2018/2019
I1,2019-04-03,Empoli,Napoli,2.0,1.0,H,13.0,11.0,9.0,5.0,13.0,5.0,8.0,2.0,2.0,2.0,0.0,0.0,7.0,4.75,1.44,6.91,4.52,1.5,7.75,4.85,1.5,6.8,4.56,1.47,35.0,2018/2019
I1,2019-04-03,Torino,Sampdoria,2.0,1.0,H,14.0,6.0,6.0,3.0,13.0,12.0,6.0,3.0,3.0,3.0,0.0,0.0,2.15,3.3,3.5,2.25,3.28,3.61,2.25,3.42,3.75,2.19,3.28,3.53,34.0,2018/2019
I1,2019-04-03,Spal,Lazio,1.0,0.0,H,8.0,9.0,4.0,5.0,10.0,17.0,2.0,7.0,2.0,5.0,0.0,0.0,5.0,3.75,1.72,5.08,3.92,1.74,5.5,4.0,1.75,5.01,3.79,1.72,35.0,2018/2019
I1,2019-04-03,Roma,Fiorentina,2.0,2.0,D,12.0,10.0,6.0,5.0,15.0,15.0,4.0,6.0,3.0,4.0,0.0,0.0,2.0,3.5,3.75,2.09,3.5,3.82,2.1,3.68,3.9,2.04,3.49,3.71,35.0,2018/2019
I1,2019-04-04,Atalanta,Bologna,4.0,1.0,H,12.0,8.0,6.0,4.0,11.0,13.0,5.0,4.0,2.0,3.0,0.0,0.0,1.5,4.2,7.0,1.51,4.48,6.93,1.55,4.67,7.5,1.5,4.42,6.55,35.0,2018/2019
I1,2019-04-04,Sassuolo,Chievo,4.0,0.0,H,13.0,9.0,8.0,5.0,14.0,17.0,5.0,4.0,1.0,1.0,0.0,0.0,1.66,3.75,5.5,1.68,3.85,5.67,1.7,3.9,6.0,1.68,3.73,5.49,35.0,2018/2019
I1,2019-04-06,Juventus,Milan,2.0,1.0,H,10.0,12.0,6.0,5.0,21.0,15.0,5.0,8.0,2.0,2.0,0.0,0.0,1.75,3.5,5.25,1.8,3.49,5.38,1.85,3.62,5.45,1.78,3.45,5.18,34.0,2018/2019
I1,2019-04-06,Parma,Torino,0.0,0.0,D,5.0,12.0,1.0,4.0,20.0,21.0,3.0,4.0,4.0,5.0,0.0,0.0,4.0,3.3,2.0,4.14,3.4,2.04,4.29,3.47,2.05,4.03,3.33,2.02,33.0,2018/2019
I1,2019-04-06,Sampdoria,Roma,0.0,1.0,A,10.0,9.0,2.0,5.0,12.0,11.0,8.0,3.0,2.0,2.0,0.0,0.0,2.9,3.3,2.5,2.9,3.49,2.54,2.95,3.58,2.55,2.86,3.42,2.48,34.0,2018/2019
I1,2019-04-07,Cagliari,Spal,2.0,1.0,H,14.0,5.0,11.0,2.0,19.0,4.0,9.0,4.0,4.0,3.0,0.0,0.0,2.15,3.2,3.6,2.27,3.1,3.8,2.27,3.27,3.8,2.2,3.15,3.64,34.0,2018/2019
I1,2019-04-07,Fiorentina,Frosinone,0.0,1.0,A,14.0,6.0,5.0,3.0,19.0,16.0,10.0,7.0,1.0,4.0,0.0,0.0,1.5,4.0,7.5,1.48,4.4,7.87,1.55,4.45,8.5,1.49,4.24,7.14,34.0,2018/2019
I1,2019-04-07,Inter Milan,Atalanta,0.0,0.0,D,8.0,5.0,6.0,2.0,10.0,13.0,8.0,4.0,1.0,2.0,0.0,0.0,2.0,3.4,3.9,2.13,3.57,3.63,2.15,3.7,3.9,2.09,3.52,3.52,34.0,2018/2019
I1,2019-04-07,Lazio,Sassuolo,2.0,2.0,D,18.0,3.0,7.0,2.0,14.0,8.0,11.0,1.0,2.0,1.0,0.0,0.0,1.36,5.0,8.5,1.37,5.12,9.15,1.41,5.4,9.15,1.37,5.11,8.32,34.0,2018/2019
I1,2019-04-07,Napoli,Genoa,1.0,1.0,D,19.0,12.0,10.0,7.0,11.0,10.0,11.0,6.0,2.0,0.0,0.0,1.0,1.25,5.5,14.0,1.28,5.77,12.93,1.31,6.0,14.0,1.28,5.59,11.71,34.0,2018/2019
I1,2019-04-07,Udinese,Empoli,3.0,2.0,H,14.0,12.0,6.0,6.0,8.0,9.0,6.0,6.0,4.0,4.0,1.0,0.0,2.3,3.1,3.25,2.34,3.4,3.3,2.4,3.4,3.35,2.33,3.25,3.23,34.0,2018/2019
I1,2019-04-08,Bologna,Chievo,3.0,0.0,H,14.0,4.0,11.0,2.0,10.0,22.0,6.0,3.0,1.0,8.0,0.0,1.0,1.5,4.0,7.0,1.51,4.2,7.73,1.55,4.3,8.5,1.51,4.02,7.28,32.0,2018/2019
I1,2019-04-13,Milan,Lazio,1.0,0.0,H,10.0,8.0,5.0,6.0,13.0,16.0,11.0,4.0,1.0,2.0,0.0,0.0,2.6,3.3,2.75,2.65,3.32,2.89,2.69,3.4,2.9,2.61,3.28,2.79,35.0,2018/2019
I1,2019-04-13,Roma,Udinese,1.0,0.0,H,11.0,7.0,5.0,4.0,11.0,13.0,7.0,6.0,2.0,3.0,0.0,0.0,1.44,4.5,7.0,1.46,4.68,7.59,1.5,4.82,8.0,1.46,4.54,6.93,35.0,2018/2019
I1,2019-04-13,Spal,Juventus,2.0,1.0,H,8.0,4.0,3.0,3.0,15.0,14.0,5.0,4.0,5.0,2.0,0.0,0.0,4.0,3.2,2.05,4.35,3.02,2.15,4.7,3.25,2.17,4.12,3.05,2.11,34.0,2018/2019
I1,2019-04-14,Sassuolo,Parma,0.0,0.0,D,16.0,3.0,8.0,1.0,7.0,11.0,7.0,3.0,3.0,2.0,0.0,0.0,1.66,4.0,5.0,1.72,3.74,5.55,1.75,4.0,5.55,1.71,3.79,5.1,35.0,2018/2019
I1,2019-04-14,Torino,Cagliari,1.0,1.0,D,14.0,9.0,8.0,6.0,12.0,20.0,6.0,6.0,2.0,7.0,1.0,2.0,1.85,3.4,4.75,1.86,3.43,5.03,1.9,3.55,5.2,1.84,3.39,4.81,34.0,2018/2019
I1,2019-04-14,Chievo,Napoli,1.0,3.0,A,4.0,12.0,4.0,5.0,9.0,10.0,3.0,7.0,0.0,0.0,0.0,0.0,11.0,5.25,1.3,10.55,5.23,1.34,12.0,5.75,1.35,10.16,5.22,1.32,35.0,2018/2019
I1,2019-04-14,Fiorentina,Bologna,0.0,0.0,D,14.0,5.0,7.0,3.0,17.0,11.0,10.0,5.0,2.0,3.0,0.0,0.0,1.85,3.5,4.5,1.94,3.48,4.44,1.95,3.67,4.6,1.9,3.51,4.29,35.0,2018/2019
I1,2019-04-14,Frosinone,Inter Milan,1.0,3.0,A,10.0,10.0,4.0,5.0,19.0,17.0,1.0,3.0,3.0,1.0,0.0,0.0,7.0,3.75,1.57,6.18,4.11,1.6,7.0,4.25,1.65,5.98,4.03,1.59,35.0,2018/2019
I1,2019-04-14,Sampdoria,Genoa,2.0,0.0,H,13.0,6.0,7.0,1.0,15.0,22.0,3.0,8.0,2.0,5.0,0.0,1.0,2.4,3.1,3.2,2.47,3.21,3.25,2.47,3.35,3.4,2.39,3.17,3.2,35.0,2018/2019
I1,2019-04-15,Atalanta,Empoli,0.0,0.0,D,32.0,2.0,18.0,1.0,7.0,11.0,9.0,3.0,1.0,3.0,0.0,0.0,1.33,5.25,9.0,1.35,5.41,9.18,1.4,5.55,9.5,1.35,5.24,8.5,34.0,2018/2019
I1,2019-04-17,Lazio,Udinese,2.0,0.0,H,15.0,9.0,7.0,4.0,13.0,16.0,4.0,5.0,2.0,0.0,0.0,0.0,1.36,5.0,8.5,1.34,5.07,10.81,1.39,5.5,11.0,1.35,4.94,9.48,35.0,2018/2019
I1,2019-04-20,Bologna,Sampdoria,3.0,0.0,H,12.0,9.0,6.0,3.0,19.0,12.0,3.0,4.0,2.0,4.0,0.0,0.0,2.2,3.3,3.4,2.25,3.45,3.43,2.32,3.47,3.5,2.24,3.34,3.32,35.0,2018/2019
I1,2019-04-20,Cagliari,Frosinone,1.0,0.0,H,12.0,5.0,6.0,2.0,19.0,16.0,5.0,6.0,3.0,1.0,1.0,0.0,1.95,3.2,4.2,1.96,3.55,4.25,2.05,3.55,4.38,1.95,3.41,4.17,34.0,2018/2019
I1,2019-04-20,Empoli,Spal,2.0,4.0,A,11.0,9.0,6.0,7.0,15.0,15.0,3.0,6.0,3.0,5.0,0.0,0.0,2.15,3.25,3.6,2.13,3.41,3.78,2.18,3.5,3.8,2.1,3.35,3.67,33.0,2018/2019
I1,2019-04-20,Genoa,Torino,0.0,1.0,A,8.0,8.0,4.0,4.0,21.0,24.0,3.0,2.0,4.0,4.0,0.0,0.0,2.75,3.0,2.87,2.77,3.05,2.98,2.8,3.15,2.98,2.71,3.04,2.86,35.0,2018/2019
I1,2019-04-20,Inter Milan,Roma,1.0,1.0,D,13.0,9.0,7.0,5.0,7.0,13.0,7.0,4.0,1.0,2.0,0.0,0.0,1.8,3.6,4.5,1.81,3.92,4.56,1.84,3.98,4.75,1.79,3.8,4.44,33.0,2018/2019
I1,2019-04-20,Juventus,Fiorentina,2.0,1.0,H,9.0,9.0,5.0,6.0,13.0,8.0,10.0,7.0,0.0,1.0,0.0,0.0,1.4,4.5,9.0,1.43,4.7,8.21,1.46,4.7,10.0,1.42,4.45,8.42,35.0,2018/2019
I1,2019-04-20,Lazio,Chievo,1.0,2.0,A,16.0,8.0,8.0,6.0,8.0,21.0,13.0,2.0,0.0,4.0,2.0,0.0,1.18,7.0,17.0,1.19,7.33,17.65,1.21,7.7,21.0,1.18,7.07,16.54,35.0,2018/2019
I1,2019-04-20,Parma,Milan,1.0,1.0,D,10.0,8.0,3.0,3.0,14.0,13.0,8.0,4.0,0.0,1.0,0.0,0.0,5.0,3.6,1.75,5.48,3.75,1.72,5.51,3.8,1.8,5.2,3.61,1.73,35.0,2018/2019
I1,2019-04-20,Udinese,Sassuolo,1.0,1.0,D,10.0,6.0,5.0,2.0,17.0,14.0,6.0,5.0,3.0,2.0,0.0,0.0,2.35,3.2,3.2,2.39,3.35,3.26,2.46,3.37,3.3,2.37,3.25,3.15,35.0,2018/2019
I1,2019-04-22,Napoli,Atalanta,1.0,2.0,A,13.0,11.0,9.0,7.0,15.0,10.0,3.0,3.0,3.0,1.0,0.0,0.0,1.85,3.5,4.2,1.99,3.65,4.01,2.0,3.9,4.2,1.93,3.66,3.87,34.0,2018/2019
I1,2019-04-27,Roma,Cagliari,3.0,0.0,H,15.0,4.0,11.0,1.0,6.0,7.0,5.0,5.0,1.0,2.0,0.0,0.0,1.4,4.2,8.0,1.48,4.58,7.33,1.5,4.76,9.0,1.45,4.49,7.28,34.0,2018/2019
I1,2019-04-27,Bologna,Empoli,3.0,1.0,H,17.0,4.0,7.0,3.0,13.0,15.0,13.0,5.0,3.0,2.0,0.0,0.0,1.8,3.6,4.33,1.8,3.92,4.6,1.85,3.92,4.72,1.81,3.72,4.38,34.0,2018/2019
I1,2019-04-27,Inter Milan,Juventus,1.0,1.0,D,10.0,10.0,6.0,4.0,12.0,12.0,10.0,4.0,1.0,3.0,0.0,0.0,2.37,3.4,2.9,2.43,3.46,3.07,2.52,3.46,3.2,2.43,3.3,3.0,33.0,2018/2019
I1,2019-04-28,Chievo,Parma,1.0,1.0,D,6.0,6.0,2.0,2.0,15.0,17.0,2.0,4.0,3.0,3.0,0.0,0.0,3.1,3.1,2.4,3.15,3.22,2.52,3.25,3.25,2.55,3.07,3.12,2.49,33.0,2018/2019
I1,2019-04-28,Frosinone,Napoli,0.0,2.0,A,13.0,19.0,4.0,13.0,25.0,16.0,2.0,6.0,3.0,1.0,0.0,0.0,10.0,4.75,1.33,9.65,4.91,1.38,11.0,5.16,1.4,9.16,4.87,1.36,33.0,2018/2019
I1,2019-04-28,Sampdoria,Lazio,1.0,2.0,A,7.0,10.0,5.0,5.0,13.0,11.0,1.0,4.0,6.0,3.0,1.0,0.0,3.0,3.4,2.3,3.08,3.63,2.35,3.1,3.7,2.42,2.98,3.52,2.33,33.0,2018/2019
I1,2019-04-28,Spal,Genoa,1.0,1.0,D,11.0,11.0,5.0,5.0,14.0,15.0,2.0,4.0,3.0,3.0,0.0,0.0,2.5,2.7,3.4,2.8,2.72,3.34,2.8,2.85,3.4,2.67,2.7,3.23,33.0,2018/2019
I1,2019-04-28,Torino,Milan,2.0,0.0,H,7.0,7.0,3.0,5.0,19.0,23.0,4.0,9.0,2.0,6.0,0.0,1.0,2.75,3.2,2.55,2.92,3.11,2.77,2.95,3.2,2.77,2.84,3.08,2.69,33.0,2018/2019
I1,2019-04-29,Atalanta,Udinese,2.0,0.0,H,13.0,4.0,8.0,2.0,7.0,13.0,9.0,5.0,0.0,2.0,0.0,0.0,1.3,5.0,11.0,1.34,5.48,9.49,1.36,5.55,12.0,1.33,5.22,9.59,32.0,2018/2019
I1,2019-04-29,Fiorentina,Sassuolo,0.0,1.0,A,7.0,9.0,4.0,5.0,16.0,7.0,7.0,8.0,3.0,1.0,0.0,0.0,1.72,3.5,5.0,1.76,3.93,4.88,1.79,3.93,5.25,1.75,3.74,4.74,32.0,2018/2019
I1,2019-05-03,Juventus,Torino,1.0,1.0,D,11.0,9.0,4.0,2.0,11.0,9.0,7.0,3.0,3.0,3.0,0.0,0.0,1.61,3.75,6.0,1.68,3.7,6.09,1.72,3.9,6.25,1.67,3.67,5.76,32.0,2018/2019
I1,2019-05-04,Chievo,Spal,0.0,4.0,A,8.0,14.0,3.0,8.0,13.0,12.0,1.0,5.0,3.0,0.0,0.0,0.0,3.2,3.1,2.45,3.42,3.07,2.46,3.42,3.2,2.46,3.28,3.08,2.39,35.0,2018/2019
I1,2019-05-04,Udinese,Inter Milan,0.0,0.0,D,3.0,11.0,3.0,4.0,19.0,11.0,2.0,9.0,1.0,3.0,0.0,0.0,5.25,3.8,1.66,5.13,4.1,1.69,5.5,4.15,1.72,5.02,3.93,1.68,35.0,2018/2019
I1,2019-05-05,Empoli,Fiorentina,1.0,0.0,H,6.0,20.0,4.0,11.0,15.0,17.0,4.0,7.0,3.0,1.0,0.0,1.0,2.3,3.6,3.0,2.37,3.81,2.93,2.4,3.85,3.05,2.31,3.66,2.91,35.0,2018/2019
I1,2019-05-05,Lazio,Atalanta,1.0,3.0,A,7.0,10.0,5.0,6.0,15.0,11.0,2.0,5.0,4.0,3.0,0.0,0.0,2.15,3.6,3.25,2.29,3.73,3.12,2.3,3.75,3.25,2.25,3.58,3.06,35.0,2018/2019
I1,2019-05-05,Genoa,Roma,1.0,1.0,D,13.0,11.0,6.0,5.0,14.0,11.0,4.0,7.0,1.0,2.0,0.0,0.0,3.75,3.6,2.0,4.01,3.53,2.02,4.01,3.65,2.05,3.83,3.5,1.99,35.0,2018/2019
I1,2019-05-05,Sassuolo,Frosinone,2.0,2.0,D,14.0,5.0,5.0,3.0,14.0,19.0,8.0,1.0,2.0,3.0,0.0,0.0,1.66,3.8,5.25,1.64,4.23,5.43,1.7,4.23,5.75,1.65,3.97,5.16,35.0,2018/2019
I1,2019-05-05,Parma,Sampdoria,3.0,3.0,D,9.0,14.0,6.0,10.0,14.0,7.0,2.0,2.0,4.0,3.0,1.0,1.0,3.0,3.2,2.45,2.98,3.32,2.58,3.0,3.5,2.6,2.88,3.33,2.49,35.0,2018/2019
I1,2019-05-05,Napoli,Cagliari,2.0,1.0,H,17.0,4.0,8.0,2.0,11.0,12.0,6.0,2.0,2.0,3.0,0.0,1.0,1.25,6.25,11.0,1.29,6.12,10.67,1.3,6.5,13.0,1.26,6.0,11.14,35.0,2018/2019
I1,2019-05-06,Milan,Bologna,2.0,1.0,H,13.0,14.0,5.0,7.0,9.0,20.0,5.0,10.0,3.0,5.0,1.0,2.0,1.65,3.75,5.5,1.66,3.9,5.81,1.71,3.9,5.85,1.67,3.73,5.43,34.0,2018/2019
I1,2019-05-11,Atalanta,Genoa,2.0,1.0,H,8.0,13.0,4.0,3.0,14.0,21.0,0.0,4.0,1.0,3.0,0.0,0.0,1.5,4.2,7.0,1.54,4.27,6.84,1.56,4.6,7.25,1.51,4.33,6.5,35.0,2018/2019
I1,2019-05-11,Cagliari,Lazio,1.0,2.0,A,14.0,10.0,6.0,5.0,11.0,13.0,4.0,2.0,2.0,4.0,0.0,0.0,3.75,3.6,1.95,3.8,3.62,2.05,3.9,3.7,2.06,3.68,3.57,2.02,35.0,2018/2019
I1,2019-05-11,Fiorentina,Milan,0.0,1.0,A,8.0,10.0,3.0,5.0,15.0,8.0,5.0,6.0,2.0,1.0,0.0,0.0,3.0,3.3,2.37,2.99,3.37,2.54,3.05,3.45,2.58,2.94,3.31,2.47,35.0,2018/2019
I1,2019-05-12,Frosinone,Udinese,1.0,3.0,A,13.0,11.0,5.0,8.0,15.0,17.0,14.0,10.0,2.0,3.0,0.0,0.0,5.0,3.6,1.75,5.25,3.81,1.74,5.4,3.9,1.78,5.06,3.68,1.73,35.0,2018/2019
I1,2019-05-12,Torino,Sassuolo,3.0,2.0,H,17.0,7.0,11.0,3.0,15.0,17.0,11.0,1.0,1.0,5.0,0.0,1.0,1.53,4.5,5.75,1.56,4.43,6.2,1.58,4.55,6.5,1.54,4.32,5.99,35.0,2018/2019
I1,2019-05-12,Roma,Juventus,2.0,0.0,H,9.0,5.0,4.0,4.0,8.0,7.0,3.0,3.0,3.0,1.0,0.0,0.0,2.5,3.5,2.75,2.58,3.55,2.82,2.65,3.55,2.9,2.52,3.43,2.79,35.0,2018/2019
I1,2019-05-12,Spal,Napoli,1.0,2.0,A,10.0,17.0,5.0,8.0,11.0,20.0,1.0,12.0,2.0,1.0,0.0,0.0,5.75,4.33,1.53,5.54,4.5,1.59,5.75,4.55,1.65,5.45,4.34,1.58,35.0,2018/2019
I1,2019-05-12,Sampdoria,Empoli,1.0,2.0,A,11.0,5.0,7.0,4.0,10.0,15.0,8.0,2.0,2.0,1.0,0.0,0.0,2.37,3.6,2.87,2.48,3.68,2.86,2.5,3.75,2.95,2.43,3.57,2.81,35.0,2018/2019
I1,2019-05-13,Bologna,Parma,4.0,1.0,H,15.0,3.0,10.0,1.0,9.0,15.0,13.0,3.0,1.0,6.0,0.0,1.0,1.83,3.25,5.0,1.81,3.19,6.11,1.88,3.32,6.25,1.8,3.15,5.61,34.0,2018/2019
I1,2019-05-13,Inter Milan,Chievo,2.0,0.0,H,16.0,3.0,11.0,0.0,10.0,17.0,17.0,0.0,2.0,3.0,0.0,1.0,1.14,8.0,19.0,1.15,8.52,20.38,1.16,9.25,24.0,1.14,8.44,18.8,34.0,2018/2019
I1,2019-05-18,Genoa,Cagliari,1.0,1.0,D,16.0,4.0,9.0,3.0,13.0,21.0,11.0,3.0,2.0,1.0,1.0,0.0,1.55,4.0,6.5,1.6,3.97,6.54,1.62,4.1,6.65,1.59,3.93,6.19,39.0,2018/2019
I1,2019-05-18,Sassuolo,Roma,0.0,0.0,D,9.0,17.0,3.0,6.0,10.0,10.0,5.0,5.0,2.0,4.0,0.0,0.0,5.75,5.0,1.45,5.92,4.69,1.54,6.5,5.0,1.55,5.8,4.68,1.51,39.0,2018/2019
I1,2019-05-18,Udinese,Spal,3.0,2.0,H,10.0,12.0,4.0,5.0,17.0,13.0,8.0,6.0,4.0,4.0,0.0,0.0,1.53,4.2,6.0,1.57,4.22,6.37,1.6,4.4,7.2,1.56,4.13,6.08,39.0,2018/2019
I1,2019-05-19,Napoli,Inter Milan,4.0,1.0,H,14.0,10.0,6.0,7.0,8.0,10.0,3.0,12.0,3.0,1.0,0.0,0.0,2.45,3.5,2.75,2.48,3.51,2.96,2.55,3.6,2.96,2.48,3.45,2.84,38.0,2018/2019
I1,2019-05-19,Parma,Fiorentina,1.0,0.0,H,9.0,12.0,5.0,6.0,15.0,22.0,3.0,7.0,0.0,1.0,0.0,0.0,3.1,3.2,2.37,3.37,3.29,2.35,3.37,3.4,2.5,3.19,3.19,2.36,38.0,2018/2019
I1,2019-05-19,Chievo,Sampdoria,0.0,0.0,D,4.0,9.0,1.0,6.0,13.0,9.0,4.0,7.0,3.0,0.0,1.0,0.0,3.8,3.8,1.9,3.93,4.07,1.9,4.0,4.2,1.93,3.8,3.96,1.88,39.0,2018/2019
I1,2019-05-19,Empoli,Torino,4.0,1.0,H,11.0,10.0,9.0,6.0,12.0,19.0,7.0,3.0,1.0,1.0,0.0,0.0,2.55,3.5,2.62,2.61,3.74,2.67,2.7,3.74,2.75,2.58,3.51,2.67,39.0,2018/2019
I1,2019-05-19,Juventus,Atalanta,1.0,1.0,D,11.0,11.0,4.0,7.0,15.0,14.0,5.0,8.0,3.0,1.0,1.0,0.0,2.45,3.0,3.25,2.48,3.08,3.36,2.48,3.3,3.36,2.4,3.11,3.21,38.0,2018/2019
I1,2019-05-19,Milan,Frosinone,2.0,0.0,H,9.0,6.0,3.0,2.0,13.0,7.0,5.0,7.0,1.0,0.0,0.0,0.0,1.14,9.0,17.0,1.15,8.83,18.28,1.18,9.3,24.0,1.15,8.19,18.11,38.0,2018/2019
I1,2019-05-20,Lazio,Bologna,3.0,3.0,D,10.0,13.0,5.0,6.0,11.0,11.0,4.0,6.0,2.0,1.0,0.0,0.0,2.1,3.25,3.8,2.12,3.37,3.9,2.2,3.45,3.9,2.1,3.29,3.71,37.0,2018/2019
I1,2019-05-25,Bologna,Napoli,3.0,2.0,H,10.0,15.0,5.0,8.0,11.0,8.0,5.0,8.0,0.0,1.0,0.0,0.0,4.2,4.2,1.75,4.02,4.15,1.86,4.25,4.25,1.89,3.95,4.08,1.82,37.0,2018/2019
I1,2019-05-25,Frosinone,Chievo,0.0,0.0,D,10.0,2.0,5.0,2.0,15.0,18.0,8.0,2.0,2.0,2.0,0.0,0.0,2.2,3.8,3.0,2.31,3.89,2.99,2.4,3.95,3.1,2.28,3.75,2.93,38.0,2018/2019
I1,2019-05-26,Atalanta,Sassuolo,3.0,1.0,H,13.0,4.0,5.0,3.0,10.0,15.0,7.0,4.0,2.0,4.0,0.0,2.0,1.2,7.0,11.0,1.25,6.61,11.97,1.27,7.4,15.0,1.24,6.51,11.63,38.0,2018/2019
I1,2019-05-26,Cagliari,Udinese,1.0,2.0,A,12.0,9.0,5.0,5.0,17.0,12.0,12.0,3.0,2.0,2.0,0.0,0.0,2.25,3.5,3.0,2.45,3.53,2.99,2.5,3.7,3.01,2.39,3.5,2.91,37.0,2018/2019
I1,2019-05-26,Fiorentina,Genoa,0.0,0.0,D,5.0,2.0,5.0,1.0,12.0,9.0,4.0,1.0,1.0,2.0,0.0,0.0,2.37,2.4,4.33,2.53,2.42,4.48,2.6,2.57,4.6,2.49,2.39,4.17,36.0,2018/2019
I1,2019-05-26,Inter Milan,Empoli,2.0,1.0,H,20.0,9.0,15.0,5.0,11.0,9.0,8.0,2.0,4.0,2.0,1.0,1.0,1.36,5.0,8.0,1.39,5.35,7.81,1.42,5.5,9.0,1.38,5.15,7.63,38.0,2018/2019
I1,2019-05-26,Roma,Parma,2.0,1.0,H,16.0,9.0,8.0,5.0,13.0,8.0,13.0,8.0,2.0,1.0,0.0,0.0,1.18,7.0,13.0,1.2,7.5,14.07,1.24,7.8,15.25,1.2,7.07,13.4,38.0,2018/2019
I1,2019-05-26,Sampdoria,Juventus,2.0,0.0,H,10.0,6.0,3.0,1.0,6.0,12.0,7.0,6.0,0.0,2.0,0.0,0.0,3.8,3.8,1.85,3.92,3.98,1.93,4.0,4.05,1.98,3.8,3.86,1.9,38.0,2018/2019
I1,2019-05-26,Spal,Milan,2.0,3.0,A,7.0,16.0,4.0,8.0,17.0,13.0,8.0,4.0,2.0,2.0,0.0,0.0,6.5,4.75,1.44,6.25,4.51,1.54,6.55,4.85,1.58,6.08,4.45,1.52,38.0,2018/2019
I1,2019-05-26,Torino,Lazio,3.0,1.0,H,9.0,9.0,7.0,4.0,9.0,10.0,5.0,5.0,0.0,1.0,0.0,0.0,2.15,3.75,3.0,2.34,3.76,3.01,2.45,3.8,3.01,2.33,3.66,2.9,38.0,2018/2019
I1,2020-09-19,Fiorentina,Torino,1.0,0.0,H,17.0,6.0,8.0,3.0,17.0,20.0,4.0,1.0,3.0,1.0,0.0,0.0,1.83,3.75,4.2,1.87,3.81,4.24,,,,,,,,2020/2021
I1,2020-09-19,Verona,Roma,0.0,0.0,D,9.0,15.0,7.0,7.0,19.0,20.0,0.0,6.0,2.0,0.0,0.0,0.0,3.75,3.5,1.95,3.95,3.81,1.94,,,,,,,,2020/2021
I1,2020-09-20,Genoa,Crotone,4.0,1.0,H,10.0,11.0,8.0,5.0,13.0,14.0,6.0,4.0,4.0,2.0,0.0,0.0,1.9,3.6,4.0,1.93,3.69,4.15,,,,,,,,2020/2021
I1,2020-09-20,Parma,Napoli,0.0,2.0,A,4.0,12.0,2.0,7.0,16.0,12.0,4.0,2.0,4.0,1.0,0.0,0.0,5.25,4.2,1.61,5.22,4.29,1.64,,,,,,,,2020/2021
I1,2020-09-20,Juventus,Sampdoria,3.0,0.0,H,14.0,10.0,9.0,2.0,15.0,9.0,6.0,4.0,1.0,1.0,0.0,0.0,1.28,5.5,10.5,1.28,6.09,11.4,,,,,,,,2020/2021
I1,2020-09-20,Sassuolo,Cagliari,1.0,1.0,D,21.0,8.0,10.0,4.0,9.0,18.0,7.0,3.0,1.0,3.0,0.0,0.0,1.95,3.75,3.75,1.95,3.92,3.81,,,,,,,,2020/2021
I1,2020-09-21,Milan,Bologna,2.0,0.0,H,14.0,6.0,6.0,5.0,13.0,17.0,7.0,4.0,3.0,5.0,0.0,1.0,1.57,4.33,5.5,1.6,4.32,5.68,,,,,,,,2020/2021
I1,2020-09-26,Torino,Atalanta,2.0,4.0,A,5.0,12.0,5.0,7.0,11.0,12.0,2.0,6.0,1.0,2.0,0.0,0.0,4.75,4.4,1.61,5.02,4.36,1.65,,,,,,,,2020/2021
I1,2020-09-26,Cagliari,Lazio,0.0,2.0,A,9.0,9.0,3.0,7.0,8.0,13.0,3.0,6.0,1.0,1.0,0.0,0.0,5.0,4.0,1.66,5.08,4.13,1.68,,,,,,,,2020/2021
I1,2020-09-26,Sampdoria,Benevento,2.0,3.0,A,5.0,11.0,4.0,6.0,17.0,12.0,6.0,4.0,3.0,1.0,0.0,0.0,2.0,3.6,3.6,2.04,3.59,3.82,,,,,,,,2020/2021
I1,2020-09-26,Inter Milan,Fiorentina,4.0,3.0,H,12.0,8.0,6.0,4.0,15.0,10.0,5.0,1.0,1.0,1.0,0.0,0.0,1.5,4.5,6.0,1.57,4.21,6.2,,,,,,,,2020/2021
I1,2020-09-27,Spezia,Sassuolo,1.0,4.0,A,11.0,10.0,6.0,8.0,13.0,8.0,3.0,5.0,2.0,1.0,0.0,0.0,4.75,4.0,1.66,4.92,3.98,1.68,,,,,,,,2020/2021
I1,2020-09-27,Napoli,Genoa,6.0,0.0,H,18.0,3.0,11.0,1.0,6.0,13.0,4.0,2.0,1.0,2.0,0.0,0.0,1.3,5.5,10.0,1.3,5.8,10.97,,,,,,,,2020/2021
I1,2020-09-27,Verona,Udinese,1.0,0.0,H,8.0,14.0,2.0,6.0,13.0,13.0,1.0,9.0,1.0,0.0,0.0,0.0,2.7,3.0,2.8,2.79,3.19,2.76,,,,,,,,2020/2021
I1,2020-09-27,Crotone,Milan,0.0,2.0,A,5.0,11.0,1.0,7.0,14.0,15.0,2.0,5.0,1.0,3.0,0.0,0.0,6.0,4.5,1.5,6.05,4.48,1.55,,,,,,,,2020/2021
I1,2020-09-27,Roma,Juventus,2.0,2.0,D,7.0,6.0,6.0,3.0,19.0,9.0,5.0,7.0,2.0,3.0,0.0,1.0,3.6,3.6,2.0,3.74,3.58,2.06,,,,,,,,2020/2021
I1,2020-09-28,Bologna,Parma,4.0,1.0,H,11.0,8.0,8.0,4.0,12.0,9.0,8.0,9.0,1.0,2.0,0.0,1.0,1.95,3.6,3.6,1.96,3.83,3.86,,,,,,,,2020/2021
I1,2020-09-30,Lazio,Atalanta,1.0,4.0,A,11.0,8.0,8.0,6.0,16.0,11.0,7.0,3.0,7.0,2.0,0.0,0.0,2.55,3.5,2.55,2.62,3.84,2.56,,,,,,,,2020/2021
I1,2020-09-30,Benevento,Inter Milan,2.0,5.0,A,11.0,18.0,7.0,12.0,10.0,15.0,5.0,1.0,1.0,0.0,0.0,0.0,9.0,4.75,1.36,8.84,5.44,1.35,,,,,,,,2020/2021
I1,2020-09-30,Udinese,Spezia,0.0,2.0,A,10.0,4.0,5.0,3.0,13.0,17.0,2.0,2.0,0.0,5.0,0.0,1.0,1.6,3.75,5.75,1.63,3.95,6.05,,,,,,,,2020/2021
I1,2020-10-02,Fiorentina,Sampdoria,1.0,2.0,A,16.0,14.0,6.0,10.0,11.0,16.0,8.0,4.0,0.0,3.0,0.0,0.0,1.61,4.0,5.25,1.68,4.21,5.26,,,,,,,,2020/2021
I1,2020-10-03,Sassuolo,Crotone,4.0,1.0,H,7.0,10.0,4.0,6.0,15.0,15.0,3.0,4.0,2.0,3.0,0.0,0.0,1.4,5.0,7.0,1.44,5.01,7.65,,,,,,,,2020/2021
I1,2020-10-03,Udinese,Roma,0.0,1.0,A,9.0,8.0,5.0,3.0,15.0,10.0,4.0,1.0,1.0,0.0,0.0,0.0,5.0,4.0,1.66,5.33,4.1,1.68,,,,,,,,2020/2021
I1,2020-10-04,Atalanta,Cagliari,5.0,2.0,H,19.0,7.0,14.0,3.0,11.0,9.0,3.0,9.0,0.0,0.0,0.0,0.0,1.25,6.5,10.0,1.29,6.34,10.01,,,,,,,,2020/2021
I1,2020-10-04,Benevento,Bologna,1.0,0.0,H,6.0,13.0,3.0,7.0,13.0,15.0,4.0,10.0,2.0,1.0,0.0,0.0,3.1,3.6,2.2,3.24,3.78,2.23,,,,,,,,2020/2021
I1,2020-10-04,Lazio,Inter Milan,1.0,1.0,D,11.0,10.0,5.0,4.0,14.0,13.0,7.0,8.0,3.0,4.0,1.0,1.0,3.1,3.7,2.2,3.2,3.95,2.19,,,,,,,,2020/2021
I1,2020-10-04,Parma,Verona,1.0,0.0,H,7.0,8.0,5.0,5.0,11.0,19.0,7.0,6.0,1.0,1.0,0.0,0.0,2.87,3.1,2.62,2.96,3.22,2.68,,,,,,,,2020/2021
I1,2020-10-04,Milan,Spezia,3.0,0.0,H,10.0,3.0,5.0,2.0,14.0,19.0,4.0,6.0,1.0,2.0,0.0,0.0,1.28,5.5,11.0,1.28,6.01,11.87,,,,,,,,2020/2021
I1,2020-10-17,Napoli,Atalanta,4.0,1.0,H,18.0,11.0,14.0,3.0,12.0,23.0,6.0,2.0,1.0,3.0,0.0,0.0,2.5,3.8,2.55,2.53,3.93,2.69,,,,,,,,2020/2021
I1,2020-10-17,Inter Milan,Milan,1.0,2.0,A,12.0,8.0,6.0,4.0,18.0,11.0,3.0,5.0,3.0,4.0,0.0,0.0,2.3,3.5,3.0,2.37,3.66,3.06,,,,,,,,2020/2021
I1,2020-10-17,Sampdoria,Lazio,3.0,0.0,H,11.0,8.0,8.0,1.0,12.0,10.0,3.0,3.0,2.0,2.0,0.0,0.0,3.3,3.5,2.15,3.38,3.64,2.21,,,,,,,,2020/2021
I1,2020-10-17,Crotone,Juventus,1.0,1.0,D,9.0,8.0,3.0,3.0,17.0,14.0,3.0,4.0,3.0,3.0,0.0,1.0,6.5,4.5,1.45,8.58,4.37,1.4,,,,,,,,2020/2021
I1,2020-10-18,Bologna,Sassuolo,3.0,4.0,A,11.0,20.0,7.0,12.0,20.0,12.0,7.0,11.0,2.0,2.0,0.0,0.0,2.9,3.6,2.3,2.9,3.74,2.44,,,,,,,,2020/2021
I1,2020-10-18,Spezia,Fiorentina,2.0,2.0,D,6.0,7.0,2.0,6.0,15.0,18.0,5.0,5.0,2.0,2.0,0.0,0.0,5.25,4.0,1.61,5.84,4.1,1.64,,,,,,,,2020/2021
I1,2020-10-18,Torino,Cagliari,2.0,3.0,A,10.0,9.0,6.0,7.0,14.0,16.0,2.0,4.0,2.0,3.0,1.0,0.0,2.1,3.5,3.4,2.23,3.55,3.43,,,,,,,,2020/2021
I1,2020-10-18,Udinese,Parma,3.0,2.0,H,9.0,7.0,4.0,3.0,12.0,11.0,11.0,2.0,3.0,2.0,0.0,0.0,,,,,,,,,,,,,,2020/2021
I1,2020-10-18,Roma,Benevento,5.0,2.0,H,16.0,8.0,10.0,4.0,17.0,7.0,6.0,4.0,3.0,2.0,0.0,0.0,1.33,5.5,8.5,1.33,5.66,10.09,,,,,,,,2020/2021
I1,2020-10-19,Verona,Genoa,0.0,0.0,D,18.0,5.0,12.0,2.0,14.0,15.0,14.0,2.0,1.0,4.0,0.0,0.0,,,,,,,,,,,,,,2020/2021
I1,2020-10-23,Sassuolo,Torino,3.0,3.0,D,13.0,14.0,9.0,12.0,10.0,12.0,6.0,8.0,2.0,2.0,0.0,0.0,1.66,4.33,4.5,1.75,4.41,4.45,,,,,,,,2020/2021
I1,2020-10-24,Atalanta,Sampdoria,1.0,3.0,A,10.0,5.0,5.0,4.0,11.0,18.0,3.0,1.0,3.0,4.0,0.0,0.0,1.4,5.5,6.5,1.42,5.42,7.29,,,,,,,,2020/2021
I1,2020-10-24,Genoa,Inter Milan,0.0,2.0,A,1.0,10.0,0.0,6.0,11.0,17.0,1.0,9.0,1.0,1.0,0.0,0.0,7.5,4.5,1.4,8.24,5.12,1.41,,,,,,,,2020/2021
I1,2020-10-24,Lazio,Bologna,2.0,1.0,H,6.0,16.0,4.0,6.0,14.0,15.0,8.0,9.0,3.0,3.0,0.0,0.0,1.65,4.0,4.75,1.73,4.28,4.71,,,,,,,,2020/2021
I1,2020-10-25,Cagliari,Crotone,4.0,2.0,H,15.0,11.0,8.0,6.0,13.0,13.0,5.0,1.0,2.0,4.0,0.0,1.0,2.0,3.6,3.6,2.11,3.65,3.63,,,,,,,,2020/2021
I1,2020-10-25,Benevento,Napoli,1.0,2.0,A,6.0,14.0,3.0,8.0,18.0,13.0,3.0,15.0,3.0,1.0,0.0,0.0,8.0,6.0,1.3,8.36,5.64,1.37,,,,,,,,2020/2021
I1,2020-10-25,Parma,Spezia,2.0,2.0,D,15.0,13.0,7.0,9.0,12.0,22.0,12.0,3.0,3.0,2.0,0.0,0.0,2.05,3.5,3.5,2.11,3.47,3.55,,,,,,,,2020/2021
I1,2020-10-25,Fiorentina,Udinese,3.0,2.0,H,4.0,11.0,3.0,6.0,16.0,14.0,2.0,7.0,1.0,3.0,0.0,0.0,1.72,3.6,4.75,1.82,3.82,4.72,,,,,,,,2020/2021
I1,2020-10-25,Juventus,Verona,1.0,1.0,D,16.0,5.0,8.0,2.0,14.0,19.0,6.0,3.0,1.0,4.0,0.0,0.0,1.33,5.0,8.5,1.37,5.29,9.37,,,,,,,,2020/2021
I1,2020-10-26,Milan,Roma,3.0,3.0,D,13.0,11.0,11.0,9.0,15.0,15.0,7.0,7.0,3.0,2.0,0.0,0.0,2.05,3.6,3.3,2.17,3.74,3.4,,,,,,,,2020/2021
I1,2020-10-31,Crotone,Atalanta,1.0,2.0,A,4.0,16.0,2.0,7.0,11.0,22.0,1.0,3.0,1.0,3.0,0.0,0.0,6.5,4.75,1.44,6.75,5.06,1.47,,,,,,,,2020/2021
I1,2020-10-31,Inter Milan,Parma,2.0,2.0,D,18.0,4.0,9.0,3.0,13.0,7.0,15.0,2.0,1.0,1.0,0.0,0.0,1.33,5.5,8.0,1.35,5.47,9.76,,,,,,,,2020/2021
I1,2020-10-31,Bologna,Cagliari,3.0,2.0,H,16.0,6.0,11.0,4.0,12.0,19.0,7.0,3.0,3.0,3.0,0.0,0.0,1.85,4.2,3.6,1.9,4.29,3.79,,,,,,,,2020/2021
I1,2020-11-01,Udinese,Milan,1.0,2.0,A,7.0,8.0,3.0,4.0,14.0,12.0,2.0,4.0,2.0,2.0,0.0,0.0,4.5,3.9,1.72,4.74,4.01,1.77,,,,,,,,2020/2021
I1,2020-11-01,Spezia,Juventus,1.0,4.0,A,11.0,8.0,3.0,5.0,14.0,7.0,4.0,3.0,3.0,1.0,0.0,0.0,9.0,5.25,1.33,9.16,5.37,1.37,,,,,,,,2020/2021
I1,2020-11-01,Torino,Lazio,3.0,4.0,A,8.0,9.0,6.0,5.0,11.0,12.0,7.0,1.0,2.0,4.0,0.0,0.0,3.6,3.8,1.9,2.47,3.67,2.72,,,,,,,,2020/2021
I1,2020-11-01,Napoli,Sassuolo,0.0,2.0,A,18.0,8.0,7.0,5.0,7.0,9.0,12.0,3.0,2.0,2.0,0.0,0.0,1.53,4.6,5.5,1.55,4.85,5.73,,,,,,,,2020/2021
I1,2020-11-01,Roma,Fiorentina,2.0,0.0,H,11.0,3.0,7.0,1.0,17.0,16.0,7.0,4.0,3.0,2.0,0.0,1.0,1.75,3.8,4.2,1.86,4.07,4.16,,,,,,,,2020/2021
I1,2020-11-01,Sampdoria,Genoa,1.0,1.0,D,9.0,7.0,3.0,4.0,19.0,11.0,7.0,4.0,5.0,1.0,0.0,0.0,1.9,3.6,4.0,1.97,3.76,4.0,,,,,,,,2020/2021
I1,2020-11-02,Verona,Benevento,3.0,1.0,H,10.0,10.0,7.0,5.0,18.0,14.0,4.0,5.0,5.0,4.0,0.0,1.0,2.05,3.5,3.6,2.03,3.42,3.84,,,,,,,,2020/2021
I1,2020-11-04,Genoa,Torino,1.0,2.0,A,9.0,6.0,4.0,1.0,10.0,18.0,5.0,2.0,2.0,4.0,0.0,0.0,2.35,3.5,2.8,2.43,3.67,2.95,,,,,,,,2020/2021
I1,2020-11-06,Sassuolo,Udinese,0.0,0.0,D,3.0,0.0,1.0,0.0,17.0,13.0,3.0,6.0,2.0,2.0,0.0,0.0,2.15,3.8,3.1,2.24,3.79,3.21,,,,,,,,2020/2021
I1,2020-11-07,Cagliari,Sampdoria,2.0,0.0,H,13.0,5.0,7.0,1.0,12.0,16.0,2.0,6.0,0.0,2.0,0.0,1.0,2.75,3.5,2.4,2.83,3.67,2.53,,,,,,,,2020/2021
I1,2020-11-07,Benevento,Spezia,0.0,3.0,A,4.0,13.0,3.0,7.0,13.0,18.0,2.0,4.0,3.0,3.0,0.0,0.0,1.9,3.6,3.75,2.02,3.77,3.81,,,,,,,,2020/2021
I1,2020-11-07,Parma,Fiorentina,0.0,0.0,D,5.0,6.0,0.0,4.0,17.0,17.0,2.0,3.0,1.0,2.0,0.0,0.0,3.4,3.6,2.0,3.42,3.67,2.19,,,,,,,,2020/2021
I1,2020-11-08,Lazio,Juventus,1.0,1.0,D,7.0,9.0,3.0,6.0,12.0,12.0,4.0,2.0,2.0,2.0,0.0,0.0,3.5,3.75,1.95,3.63,3.9,2.03,,,,,,,,2020/2021
I1,2020-11-08,Atalanta,Inter Milan,1.0,1.0,D,9.0,10.0,4.0,3.0,15.0,13.0,2.0,5.0,1.0,3.0,0.0,0.0,2.6,3.9,2.35,2.76,3.91,2.47,,,,,,,,2020/2021
I1,2020-11-08,Genoa,Roma,1.0,3.0,A,7.0,18.0,5.0,11.0,10.0,11.0,1.0,8.0,1.0,0.0,0.0,0.0,5.75,4.2,1.53,5.81,4.6,1.57,,,,,,,,2020/2021
I1,2020-11-08,Torino,Crotone,0.0,0.0,D,5.0,7.0,1.0,2.0,15.0,16.0,6.0,3.0,3.0,4.0,0.0,1.0,1.95,3.75,3.6,2.03,3.82,3.72,,,,,,,,2020/2021
I1,2020-11-08,Bologna,Napoli,0.0,1.0,A,6.0,8.0,4.0,4.0,12.0,11.0,4.0,7.0,3.0,0.0,0.0,0.0,4.75,4.2,1.65,4.93,4.28,1.7,,,,,,,,2020/2021
I1,2020-11-08,Milan,Verona,2.0,2.0,D,21.0,5.0,9.0,3.0,16.0,20.0,14.0,1.0,1.0,3.0,0.0,0.0,1.45,4.5,6.5,1.47,4.9,7.03,,,,,,,,2020/2021
I1,2020-11-21,Spezia,Atalanta,0.0,0.0,D,6.0,9.0,3.0,5.0,19.0,18.0,1.0,2.0,3.0,3.0,0.0,0.0,6.5,5.25,1.4,6.62,5.24,1.46,,,,,,,,2020/2021
I1,2020-11-21,Juventus,Cagliari,2.0,0.0,H,13.0,2.0,8.0,0.0,11.0,7.0,9.0,1.0,3.0,2.0,0.0,0.0,1.28,5.5,10.0,1.28,6.12,11.14,,,,,,,,2020/2021
I1,2020-11-21,Crotone,Lazio,0.0,2.0,A,12.0,13.0,6.0,9.0,11.0,11.0,2.0,6.0,3.0,4.0,0.0,0.0,4.75,4.0,1.66,4.77,4.09,1.68,,,,,,,,2020/2021
I1,2020-11-22,Fiorentina,Benevento,0.0,1.0,A,5.0,10.0,3.0,4.0,14.0,16.0,4.0,4.0,2.0,3.0,0.0,0.0,1.5,4.75,5.5,1.55,4.77,5.86,,,,,,,,2020/2021
I1,2020-11-22,Inter Milan,Torino,4.0,2.0,H,9.0,11.0,7.0,6.0,20.0,14.0,1.0,1.0,3.0,2.0,0.0,0.0,1.33,5.75,8.0,1.37,5.76,8.3,,,,,,,,2020/2021
I1,2020-11-22,Roma,Parma,3.0,0.0,H,12.0,1.0,7.0,1.0,5.0,4.0,4.0,1.0,0.0,0.0,0.0,0.0,1.5,4.75,5.75,1.52,5.02,5.98,,,,,,,,2020/2021
I1,2020-11-22,Sampdoria,Bologna,1.0,2.0,A,8.0,7.0,4.0,5.0,10.0,9.0,9.0,10.0,2.0,2.0,0.0,0.0,2.5,3.5,2.7,2.52,3.68,2.83,,,,,,,,2020/2021
I1,2020-11-22,Verona,Sassuolo,0.0,2.0,A,13.0,10.0,7.0,5.0,13.0,20.0,6.0,1.0,1.0,3.0,0.0,0.0,3.2,3.8,2.1,3.32,3.9,2.15,,,,,,,,2020/2021
I1,2020-11-22,Udinese,Genoa,1.0,0.0,H,7.0,5.0,4.0,1.0,17.0,15.0,4.0,8.0,2.0,3.0,0.0,1.0,1.8,3.75,4.33,1.83,3.89,4.52,,,,,,,,2020/2021
I1,2020-11-22,Napoli,Milan,1.0,3.0,A,16.0,11.0,9.0,7.0,8.0,16.0,8.0,5.0,3.0,4.0,1.0,0.0,2.3,3.5,3.0,2.33,3.67,3.11,,,,,,,,2020/2021
I1,2020-11-28,Sassuolo,Inter Milan,0.0,3.0,A,7.0,9.0,3.0,4.0,13.0,16.0,6.0,2.0,3.0,1.0,0.0,0.0,4.33,4.1,1.72,4.68,4.3,1.73,,,,,,,,2020/2021
I1,2020-11-28,Benevento,Juventus,1.0,1.0,D,8.0,11.0,5.0,5.0,13.0,13.0,5.0,8.0,6.0,1.0,0.0,1.0,7.5,4.75,1.4,7.81,4.99,1.43,,,,,,,,2020/2021
I1,2020-11-28,Atalanta,Verona,0.0,2.0,A,15.0,7.0,6.0,3.0,12.0,15.0,4.0,1.0,2.0,3.0,0.0,0.0,1.36,5.25,7.5,1.38,5.49,8.4,,,,,,,,2020/2021
I1,2020-11-29,Milan,Fiorentina,2.0,0.0,H,11.0,5.0,5.0,3.0,15.0,15.0,3.0,6.0,2.0,4.0,0.0,0.0,1.7,3.8,5.0,1.74,4.03,5.02,,,,,,,,2020/2021
I1,2020-11-29,Bologna,Crotone,1.0,0.0,H,11.0,5.0,7.0,1.0,15.0,18.0,10.0,3.0,2.0,4.0,0.0,0.0,1.66,4.0,4.75,1.65,4.38,5.2,,,,,,,,2020/2021
I1,2020-11-29,Napoli,Roma,4.0,0.0,H,13.0,4.0,9.0,1.0,3.0,10.0,11.0,4.0,1.0,2.0,0.0,0.0,2.1,3.8,3.1,2.24,3.82,3.18,,,,,,,,2020/2021
I1,2020-11-29,Cagliari,Spezia,2.0,2.0,D,9.0,12.0,4.0,5.0,16.0,18.0,4.0,5.0,0.0,4.0,0.0,0.0,2.15,3.4,3.4,2.18,3.49,3.61,,,,,,,,2020/2021
I1,2020-11-29,Lazio,Udinese,1.0,3.0,A,8.0,6.0,6.0,4.0,16.0,10.0,4.0,4.0,3.0,4.0,0.0,0.0,1.66,4.0,4.75,1.75,4.04,4.87,,,,,,,,2020/2021
I1,2020-11-30,Torino,Sampdoria,2.0,2.0,D,11.0,7.0,8.0,2.0,17.0,17.0,6.0,2.0,1.0,2.0,0.0,0.0,2.5,3.5,2.75,2.64,3.54,2.77,,,,,,,,2020/2021
I1,2020-11-30,Genoa,Parma,1.0,2.0,A,12.0,7.0,5.0,3.0,12.0,16.0,2.0,2.0,2.0,2.0,0.0,0.0,2.62,3.5,2.62,2.73,3.36,2.79,,,,,,,,2020/2021
I1,2020-12-05,Spezia,Lazio,1.0,2.0,A,11.0,3.0,6.0,2.0,15.0,12.0,7.0,0.0,3.0,1.0,0.0,0.0,5.0,3.9,1.66,5.39,3.85,1.72,,,,,,,,2020/2021
I1,2020-12-05,Juventus,Torino,2.0,1.0,H,9.0,5.0,5.0,2.0,17.0,10.0,13.0,1.0,3.0,3.0,1.0,0.0,1.4,5.0,7.0,1.42,5.18,7.84,,,,,,,,2020/2021
I1,2020-12-05,Inter Milan,Bologna,3.0,1.0,H,11.0,9.0,9.0,7.0,12.0,13.0,7.0,3.0,1.0,2.0,0.0,0.0,1.45,4.75,6.5,1.49,4.91,6.59,,,,,,,,2020/2021
I1,2020-12-06,Verona,Cagliari,1.0,1.0,D,12.0,9.0,6.0,5.0,11.0,14.0,7.0,5.0,2.0,0.0,0.0,0.0,1.95,3.6,3.75,1.95,3.83,3.66,,,,,,,,2020/2021
I1,2020-12-06,Parma,Benevento,0.0,0.0,D,6.0,6.0,0.0,4.0,13.0,12.0,6.0,3.0,4.0,4.0,0.0,0.0,2.1,3.6,3.4,2.12,3.72,3.55,,,,,,,,2020/2021
I1,2020-12-06,Roma,Sassuolo,0.0,0.0,D,14.0,7.0,5.0,2.0,10.0,12.0,12.0,5.0,5.0,3.0,1.0,0.0,1.66,4.33,4.5,1.74,4.3,4.61,,,,,,,,2020/2021
I1,2020-12-06,Crotone,Napoli,0.0,4.0,A,4.0,11.0,1.0,6.0,14.0,9.0,4.0,1.0,3.0,3.0,1.0,0.0,7.5,5.25,1.36,8.87,5.57,1.36,,,,,,,,2020/2021
I1,2020-12-06,Sampdoria,Milan,1.0,2.0,A,6.0,9.0,3.0,6.0,11.0,16.0,9.0,6.0,2.0,1.0,0.0,0.0,4.5,4.0,1.72,4.73,4.03,1.77,,,,,,,,2020/2021
I1,2020-12-07,Fiorentina,Genoa,1.0,1.0,D,16.0,3.0,8.0,3.0,7.0,20.0,5.0,1.0,2.0,2.0,0.0,0.0,1.72,4.0,4.5,1.84,3.79,4.6,,,,,,,,2020/2021
I1,2020-12-11,Sassuolo,Benevento,1.0,0.0,H,4.0,17.0,2.0,7.0,12.0,14.0,1.0,10.0,2.0,4.0,1.0,0.0,1.65,4.2,4.75,1.72,4.27,4.78,,,,,,,,2020/2021
I1,2020-12-12,Crotone,Spezia,4.0,1.0,H,7.0,9.0,7.0,5.0,16.0,14.0,1.0,4.0,3.0,3.0,0.0,0.0,2.5,3.5,2.7,2.66,3.49,2.78,,,,,,,,2020/2021
I1,2020-12-12,Torino,Udinese,2.0,3.0,A,6.0,5.0,5.0,3.0,9.0,17.0,2.0,2.0,3.0,3.0,0.0,0.0,2.9,3.25,2.5,2.93,3.35,2.62,,,,,,,,2020/2021
I1,2020-12-12,Lazio,Verona,1.0,2.0,A,8.0,3.0,5.0,3.0,13.0,15.0,5.0,3.0,5.0,3.0,0.0,0.0,1.65,4.0,5.0,1.71,4.0,5.25,,,,,,,,2020/2021
I1,2020-12-13,Bologna,Roma,1.0,5.0,A,4.0,13.0,1.0,8.0,16.0,9.0,1.0,5.0,4.0,2.0,0.0,0.0,3.5,3.8,2.0,3.62,3.9,2.04,,,,,,,,2020/2021
I1,2020-12-13,Atalanta,Fiorentina,3.0,0.0,H,14.0,3.0,10.0,2.0,17.0,13.0,11.0,2.0,1.0,2.0,0.0,0.0,1.66,4.33,4.5,1.7,4.28,4.92,,,,,,,,2020/2021
I1,2020-12-13,Cagliari,Inter Milan,1.0,3.0,A,7.0,20.0,2.0,11.0,10.0,17.0,3.0,9.0,2.0,1.0,0.0,0.0,7.5,5.25,1.36,8.04,5.29,1.4,,,,,,,,2020/2021
I1,2020-12-13,Napoli,Sampdoria,2.0,1.0,H,13.0,4.0,8.0,3.0,7.0,13.0,7.0,5.0,3.0,4.0,0.0,0.0,1.4,5.0,7.5,1.44,4.98,7.66,,,,,,,,2020/2021
I1,2020-12-13,Milan,Parma,2.0,2.0,D,16.0,5.0,10.0,3.0,12.0,14.0,13.0,1.0,3.0,3.0,0.0,0.0,1.3,5.75,9.0,1.31,5.91,10.54,,,,,,,,2020/2021
I1,2020-12-13,Genoa,Juventus,1.0,3.0,A,2.0,15.0,2.0,9.0,13.0,14.0,0.0,10.0,3.0,3.0,0.0,0.0,9.0,5.25,1.33,10.64,5.18,1.35,,,,,,,,2020/2021
I1,2020-12-15,Udinese,Crotone,0.0,0.0,D,8.0,4.0,6.0,2.0,13.0,17.0,9.0,1.0,1.0,4.0,0.0,0.0,1.6,3.9,5.75,1.63,4.0,6.18,,,,,,,,2020/2021
I1,2020-12-15,Benevento,Lazio,1.0,1.0,D,7.0,8.0,6.0,3.0,15.0,15.0,4.0,8.0,2.0,2.0,1.0,0.0,4.5,3.8,1.75,4.91,3.72,1.81,,,,,,,,2020/2021
I1,2020-12-16,Spezia,Bologna,2.0,2.0,D,7.0,9.0,5.0,6.0,19.0,11.0,3.0,4.0,6.0,1.0,0.0,0.0,3.1,3.5,2.2,3.27,3.64,2.26,,,,,,,,2020/2021
I1,2020-12-16,Verona,Sampdoria,1.0,2.0,A,6.0,6.0,6.0,3.0,20.0,17.0,6.0,3.0,2.0,4.0,1.0,0.0,2.15,3.5,3.2,2.26,3.64,3.28,,,,,,,,2020/2021
I1,2020-12-16,Juventus,Atalanta,1.0,1.0,D,11.0,11.0,7.0,6.0,13.0,18.0,2.0,6.0,3.0,2.0,0.0,0.0,1.85,3.9,3.9,1.96,3.87,3.91,,,,,,,,2020/2021
I1,2020-12-16,Fiorentina,Sassuolo,1.0,1.0,D,12.0,12.0,7.0,7.0,19.0,11.0,4.0,1.0,4.0,4.0,0.0,0.0,2.4,3.5,2.87,2.45,3.56,3.0,,,,,,,,2020/2021
I1,2020-12-16,Genoa,Milan,2.0,2.0,D,6.0,8.0,4.0,4.0,17.0,13.0,4.0,10.0,2.0,3.0,0.0,0.0,7.5,4.75,1.4,7.78,5.01,1.43,,,,,,,,2020/2021
I1,2020-12-16,Inter Milan,Napoli,1.0,0.0,H,3.0,9.0,2.0,5.0,16.0,9.0,4.0,3.0,5.0,3.0,0.0,1.0,2.2,3.5,3.2,2.22,3.65,3.34,,,,,,,,2020/2021
I1,2020-12-16,Parma,Cagliari,0.0,0.0,D,10.0,5.0,3.0,4.0,13.0,11.0,8.0,5.0,1.0,1.0,0.0,0.0,2.3,3.4,3.1,2.43,3.44,3.13,,,,,,,,2020/2021
I1,2020-12-17,Roma,Torino,3.0,1.0,H,10.0,12.0,8.0,8.0,21.0,16.0,4.0,2.0,4.0,3.0,0.0,1.0,1.4,5.0,6.5,1.44,5.28,7.14,,,,,,,,2020/2021
I1,2020-12-19,Fiorentina,Verona,1.0,1.0,D,5.0,5.0,1.0,3.0,10.0,16.0,4.0,1.0,2.0,2.0,0.0,0.0,2.1,3.5,3.4,2.18,3.51,3.58,,,,,,,,2020/2021
I1,2020-12-19,Sampdoria,Crotone,3.0,1.0,H,6.0,5.0,4.0,3.0,14.0,15.0,3.0,1.0,2.0,2.0,0.0,0.0,1.83,3.7,4.33,1.88,3.68,4.56,,,,,,,,2020/2021
I1,2020-12-19,Parma,Juventus,0.0,4.0,A,9.0,12.0,5.0,7.0,8.0,10.0,4.0,9.0,0.0,1.0,0.0,0.0,8.5,5.25,1.33,8.77,5.24,1.39,,,,,,,,2020/2021
I1,2020-12-20,Torino,Bologna,1.0,1.0,D,13.0,14.0,5.0,9.0,16.0,17.0,4.0,8.0,1.0,3.0,0.0,0.0,2.6,3.5,2.6,2.69,3.61,2.68,,,,,,,,2020/2021
I1,2020-12-20,Cagliari,Udinese,1.0,1.0,D,7.0,11.0,3.0,5.0,13.0,13.0,5.0,7.0,2.0,1.0,0.0,0.0,3.0,3.4,2.37,3.17,3.5,2.37,,,,,,,,2020/2021
I1,2020-12-20,Sassuolo,Milan,1.0,2.0,A,16.0,11.0,5.0,5.0,11.0,12.0,6.0,4.0,1.0,3.0,0.0,0.0,3.6,4.0,1.9,3.65,4.06,1.99,,,,,,,,2020/2021
I1,2020-12-20,Benevento,Genoa,2.0,0.0,H,10.0,6.0,3.0,2.0,9.0,22.0,6.0,5.0,1.0,3.0,0.0,0.0,2.3,3.4,3.1,2.33,3.47,3.28,,,,,,,,2020/2021
I1,2020-12-20,Lazio,Napoli,2.0,0.0,H,9.0,7.0,2.0,6.0,12.0,8.0,4.0,9.0,4.0,3.0,0.0,0.0,2.87,3.4,2.45,2.94,3.56,2.5,,,,,,,,2020/2021
I1,2020-12-20,Atalanta,Roma,4.0,1.0,H,9.0,5.0,8.0,4.0,15.0,14.0,2.0,2.0,2.0,3.0,0.0,0.0,2.25,3.75,2.9,2.28,3.84,3.09,,,,,,,,2020/2021
I1,2020-12-20,Inter Milan,Spezia,2.0,1.0,H,10.0,7.0,4.0,1.0,10.0,9.0,3.0,2.0,1.0,2.0,0.0,0.0,1.22,6.5,12.0,1.25,6.81,12.28,,,,,,,,2020/2021
I1,2020-12-22,Crotone,Parma,2.0,1.0,H,10.0,14.0,6.0,7.0,16.0,22.0,3.0,6.0,4.0,6.0,0.0,0.0,2.62,3.4,2.62,2.75,3.4,2.74,,,,,,,,2020/2021
I1,2020-12-22,Juventus,Fiorentina,0.0,3.0,A,10.0,9.0,3.0,6.0,9.0,18.0,5.0,5.0,1.0,4.0,1.0,0.0,1.3,5.5,9.0,1.35,5.47,9.95,,,,,,,,2020/2021
I1,2020-12-23,Bologna,Atalanta,2.0,2.0,D,8.0,9.0,5.0,6.0,11.0,14.0,1.0,5.0,2.0,2.0,0.0,0.0,5.0,4.2,1.61,5.36,4.71,1.6,,,,,,,,2020/2021
I1,2020-12-23,Verona,Inter Milan,1.0,2.0,A,5.0,9.0,2.0,5.0,15.0,19.0,2.0,8.0,4.0,2.0,0.0,0.0,6.0,4.0,1.57,6.11,4.1,1.62,,,,,,,,2020/2021
I1,2020-12-23,Milan,Lazio,3.0,2.0,H,9.0,13.0,5.0,9.0,9.0,14.0,4.0,6.0,2.0,4.0,0.0,0.0,2.2,3.75,3.0,2.34,3.69,3.1,,,,,,,,2020/2021
I1,2020-12-23,Napoli,Torino,1.0,1.0,D,12.0,4.0,6.0,3.0,19.0,16.0,4.0,3.0,3.0,3.0,0.0,0.0,1.36,5.25,8.0,1.36,5.53,8.98,,,,,,,,2020/2021
I1,2020-12-23,Roma,Cagliari,3.0,2.0,H,13.0,6.0,9.0,3.0,18.0,17.0,6.0,0.0,3.0,2.0,0.0,0.0,1.28,5.75,10.0,1.33,5.69,10.05,,,,,,,,2020/2021
I1,2020-12-23,Sampdoria,Sassuolo,2.0,3.0,A,14.0,10.0,6.0,8.0,10.0,12.0,14.0,6.0,2.0,4.0,1.0,0.0,2.6,3.6,2.6,2.74,3.63,2.62,,,,,,,,2020/2021
I1,2020-12-23,Udinese,Benevento,0.0,2.0,A,7.0,3.0,2.0,2.0,17.0,9.0,7.0,1.0,1.0,2.0,0.0,0.0,1.85,3.4,4.5,1.94,3.29,4.89,,,,,,,,2020/2021
I1,2020-12-23,Spezia,Genoa,1.0,2.0,A,7.0,7.0,5.0,6.0,18.0,19.0,4.0,2.0,3.0,4.0,0.0,0.0,2.15,3.5,3.3,2.29,3.5,3.33,,,,,,,,2020/2021
I1,2021-01-03,Juventus,Udinese,4.0,1.0,H,13.0,8.0,10.0,7.0,14.0,8.0,7.0,1.0,3.0,0.0,0.0,0.0,1.4,4.5,7.5,1.45,4.71,8.01,,,,,,,,2020/2021
I1,2021-01-03,Atalanta,Sassuolo,5.0,1.0,H,20.0,7.0,8.0,4.0,13.0,9.0,8.0,3.0,3.0,1.0,0.0,0.0,1.5,4.5,5.5,1.58,4.64,5.62,,,,,,,,2020/2021
I1,2021-01-03,Cagliari,Napoli,1.0,4.0,A,6.0,22.0,1.0,12.0,11.0,6.0,3.0,8.0,4.0,1.0,1.0,0.0,7.0,4.33,1.45,7.55,4.46,1.5,,,,,,,,2020/2021
I1,2021-01-03,Fiorentina,Bologna,0.0,0.0,D,10.0,5.0,1.0,4.0,8.0,11.0,8.0,5.0,4.0,3.0,0.0,0.0,2.1,3.4,3.4,2.17,3.68,3.46,,,,,,,,2020/2021
I1,2021-01-03,Benevento,Milan,0.0,2.0,A,14.0,8.0,7.0,5.0,9.0,14.0,12.0,4.0,1.0,3.0,0.0,1.0,5.25,4.2,1.57,5.52,4.21,1.65,,,,,,,,2020/2021
I1,2021-01-03,Parma,Torino,0.0,3.0,A,15.0,14.0,6.0,8.0,20.0,16.0,9.0,3.0,2.0,2.0,0.0,0.0,2.75,3.2,2.6,2.95,3.24,2.67,,,,,,,,2020/2021
I1,2021-01-03,Roma,Sampdoria,1.0,0.0,H,12.0,2.0,8.0,2.0,17.0,14.0,8.0,2.0,3.0,5.0,0.0,0.0,1.45,4.75,6.0,1.49,4.91,6.68,,,,,,,,2020/2021
I1,2021-01-03,Spezia,Verona,0.0,1.0,A,6.0,9.0,1.0,4.0,22.0,10.0,3.0,5.0,6.0,0.0,1.0,0.0,2.9,3.4,2.37,3.03,3.51,2.46,,,,,,,,2020/2021
I1,2021-01-03,Genoa,Lazio,1.0,1.0,D,5.0,10.0,3.0,4.0,10.0,19.0,4.0,9.0,2.0,4.0,0.0,0.0,5.25,4.0,1.61,5.26,3.99,1.71,,,,,,,,2020/2021
I1,2021-01-03,Inter Milan,Crotone,6.0,2.0,H,13.0,7.0,8.0,4.0,9.0,7.0,3.0,3.0,0.0,3.0,0.0,0.0,1.2,7.0,12.0,1.23,7.08,12.55,,,,,,,,2020/2021
I1,2021-01-06,Bologna,Udinese,2.0,2.0,D,10.0,12.0,7.0,9.0,16.0,13.0,4.0,6.0,4.0,3.0,1.0,0.0,2.6,3.3,2.62,2.79,3.31,2.77,,,,,,,,2020/2021
I1,2021-01-06,Napoli,Spezia,1.0,2.0,A,27.0,8.0,11.0,4.0,9.0,16.0,10.0,2.0,2.0,5.0,0.0,1.0,1.2,7.0,15.0,1.21,7.34,14.42,,,,,,,,2020/2021
I1,2021-01-06,Sampdoria,Inter Milan,2.0,1.0,H,8.0,23.0,6.0,11.0,13.0,18.0,4.0,10.0,3.0,4.0,0.0,0.0,6.0,4.2,1.5,6.03,4.2,1.61,,,,,,,,2020/2021
I1,2021-01-06,Cagliari,Benevento,1.0,2.0,A,10.0,9.0,5.0,3.0,18.0,12.0,7.0,6.0,4.0,3.0,1.0,0.0,2.4,3.4,2.87,2.49,3.42,3.05,,,,,,,,2020/2021
I1,2021-01-06,Lazio,Fiorentina,2.0,1.0,H,11.0,9.0,6.0,8.0,11.0,11.0,2.0,9.0,3.0,1.0,0.0,0.0,1.72,3.8,4.2,1.88,3.87,4.3,,,,,,,,2020/2021
I1,2021-01-06,Crotone,Roma,1.0,3.0,A,12.0,10.0,5.0,5.0,15.0,16.0,3.0,4.0,2.0,3.0,0.0,0.0,7.0,5.0,1.4,7.5,5.0,1.44,,,,,,,,2020/2021
I1,2021-01-06,Sassuolo,Genoa,2.0,1.0,H,13.0,7.0,6.0,3.0,14.0,10.0,8.0,2.0,3.0,3.0,0.0,0.0,1.75,3.6,4.75,1.82,3.79,4.75,,,,,,,,2020/2021
I1,2021-01-06,Milan,Juventus,1.0,3.0,A,18.0,13.0,7.0,10.0,17.0,12.0,7.0,4.0,1.0,2.0,0.0,0.0,3.1,3.4,2.25,3.31,3.42,2.34,,,,,,,,2020/2021
I1,2021-01-06,Torino,Verona,1.0,1.0,D,15.0,8.0,5.0,2.0,12.0,18.0,9.0,3.0,1.0,3.0,0.0,0.0,2.5,3.3,2.75,2.7,3.4,2.79,,,,,,,,2020/2021
I1,2021-01-06,Atalanta,Parma,3.0,0.0,H,17.0,3.0,6.0,1.0,10.0,6.0,12.0,3.0,1.0,1.0,0.0,0.0,1.25,6.5,10.0,1.27,6.52,11.1,,,,,,,,2020/2021
I1,2021-01-09,Benevento,Atalanta,1.0,4.0,A,4.0,26.0,2.0,15.0,13.0,21.0,1.0,11.0,3.0,2.0,0.0,0.0,7.0,4.75,1.4,7.11,4.77,1.48,,,,,,,,2020/2021
I1,2021-01-09,Genoa,Bologna,2.0,0.0,H,9.0,12.0,7.0,4.0,11.0,9.0,1.0,4.0,2.0,0.0,0.0,0.0,3.0,3.4,2.35,3.2,3.35,2.44,,,,,,,,2020/2021
I1,2021-01-09,Milan,Torino,2.0,0.0,H,8.0,8.0,4.0,4.0,22.0,15.0,7.0,5.0,6.0,2.0,0.0,0.0,1.61,3.9,5.5,1.63,3.81,5.82,,,,,,,,2020/2021
I1,2021-01-10,Parma,Lazio,0.0,2.0,A,9.0,21.0,3.0,5.0,11.0,6.0,5.0,6.0,4.0,1.0,0.0,0.0,5.5,4.2,1.57,5.84,4.5,1.58,,,,,,,,2020/2021
I1,2021-01-10,Roma,Inter Milan,2.0,2.0,D,14.0,16.0,8.0,6.0,18.0,11.0,3.0,7.0,3.0,3.0,0.0,0.0,2.87,3.6,2.37,3.06,3.56,2.41,,,,,,,,2020/2021
I1,2021-01-10,Udinese,Napoli,1.0,2.0,A,17.0,15.0,8.0,6.0,19.0,6.0,2.0,7.0,3.0,1.0,0.0,0.0,4.0,3.8,1.85,4.66,3.67,1.86,,,,,,,,2020/2021
I1,2021-01-10,Verona,Crotone,2.0,1.0,H,11.0,7.0,7.0,3.0,16.0,16.0,6.0,4.0,3.0,3.0,0.0,0.0,1.75,3.75,4.6,1.83,3.75,4.78,,,,,,,,2020/2021
I1,2021-01-10,Juventus,Sassuolo,3.0,1.0,H,20.0,10.0,10.0,2.0,11.0,4.0,6.0,3.0,4.0,1.0,0.0,1.0,1.3,5.5,9.5,1.3,5.45,9.51,,,,,,,,2020/2021
I1,2021-01-10,Fiorentina,Cagliari,1.0,0.0,H,12.0,9.0,5.0,3.0,15.0,14.0,9.0,5.0,1.0,3.0,0.0,0.0,1.75,3.9,4.33,1.78,3.97,4.8,,,,,,,,2020/2021
I1,2021-01-11,Spezia,Sampdoria,2.0,1.0,H,8.0,6.0,4.0,4.0,17.0,15.0,4.0,2.0,4.0,3.0,0.0,0.0,3.1,3.4,2.3,3.34,3.36,2.35,,,,,,,,2020/2021
I1,2021-01-15,Lazio,Roma,3.0,0.0,H,9.0,5.0,9.0,2.0,12.0,19.0,1.0,7.0,5.0,4.0,0.0,0.0,2.8,3.6,2.37,2.87,3.48,2.59,,,,,,,,2020/2021
I1,2021-01-16,Bologna,Verona,1.0,0.0,H,18.0,8.0,6.0,1.0,15.0,10.0,7.0,3.0,2.0,1.0,0.0,0.0,2.3,3.3,3.1,2.43,3.32,3.23,,,,,,,,2020/2021
I1,2021-01-16,Torino,Spezia,0.0,0.0,D,8.0,6.0,2.0,3.0,12.0,14.0,6.0,2.0,3.0,3.0,0.0,1.0,2.0,3.5,3.75,2.0,3.47,4.24,,,,,,,,2020/2021
I1,2021-01-16,Sampdoria,Udinese,2.0,1.0,H,15.0,14.0,8.0,7.0,8.0,11.0,11.0,5.0,1.0,1.0,0.0,0.0,2.9,3.3,2.5,3.03,3.32,2.56,,,,,,,,2020/2021
I1,2021-01-17,Napoli,Fiorentina,6.0,0.0,H,10.0,10.0,7.0,3.0,11.0,15.0,1.0,4.0,1.0,0.0,0.0,0.0,1.53,4.33,5.75,1.54,4.57,6.39,,,,,,,,2020/2021
I1,2021-01-17,Inter Milan,Juventus,2.0,0.0,H,16.0,8.0,6.0,4.0,8.0,14.0,3.0,4.0,2.0,2.0,0.0,0.0,2.4,3.5,2.8,2.49,3.58,2.93,,,,,,,,2020/2021
I1,2021-01-17,Crotone,Benevento,4.0,1.0,H,6.0,14.0,3.0,6.0,14.0,14.0,4.0,13.0,1.0,3.0,0.0,1.0,2.75,3.5,2.4,2.9,3.52,2.54,,,,,,,,2020/2021
I1,2021-01-17,Atalanta,Genoa,0.0,0.0,D,15.0,6.0,4.0,3.0,15.0,13.0,9.0,1.0,1.0,2.0,0.0,0.0,1.2,7.0,13.0,1.24,6.84,12.28,,,,,,,,2020/2021
I1,2021-01-17,Sassuolo,Parma,1.0,1.0,D,15.0,11.0,6.0,2.0,18.0,11.0,5.0,2.0,3.0,2.0,0.0,0.0,1.66,4.3,4.5,1.68,4.37,5.02,,,,,,,,2020/2021
I1,2021-01-18,Cagliari,Milan,0.0,2.0,A,17.0,9.0,2.0,8.0,9.0,13.0,7.0,4.0,2.0,3.0,0.0,1.0,5.75,4.75,1.5,5.98,4.58,1.56,,,,,,,,2020/2021
I1,2021-01-20,Udinese,Atalanta,1.0,1.0,D,6.0,18.0,1.0,8.0,20.0,26.0,2.0,7.0,3.0,2.0,0.0,0.0,4.33,3.9,1.75,4.52,3.94,1.82,,,,,,,,2020/2021
I1,2021-01-22,Benevento,Torino,2.0,2.0,D,10.0,14.0,3.0,6.0,18.0,22.0,6.0,4.0,1.0,3.0,0.0,0.0,2.8,3.2,2.6,2.92,3.3,2.66,,,,,,,,2020/2021
I1,2021-01-23,Roma,Spezia,4.0,3.0,H,13.0,5.0,8.0,3.0,12.0,13.0,3.0,1.0,3.0,1.0,0.0,0.0,1.44,5.0,6.2,1.48,4.88,7.0,,,,,,,,2020/2021
I1,2021-01-23,Milan,Atalanta,0.0,3.0,A,10.0,19.0,3.0,10.0,11.0,14.0,5.0,7.0,2.0,1.0,0.0,0.0,2.62,3.8,2.45,2.75,3.8,2.53,,,,,,,,2020/2021
I1,2021-01-23,Udinese,Inter Milan,0.0,0.0,D,6.0,10.0,1.0,4.0,11.0,16.0,3.0,4.0,3.0,2.0,0.0,0.0,6.0,4.0,1.57,6.22,4.1,1.61,,,,,,,,2020/2021
I1,2021-01-23,Fiorentina,Crotone,2.0,1.0,H,12.0,7.0,6.0,3.0,11.0,17.0,5.0,3.0,2.0,2.0,0.0,0.0,1.61,4.0,5.25,1.67,4.02,5.62,,,,,,,,2020/2021
I1,2021-01-24,Juventus,Bologna,2.0,0.0,H,22.0,12.0,12.0,3.0,11.0,17.0,7.0,6.0,3.0,2.0,0.0,0.0,1.4,5.0,7.0,1.43,5.01,8.0,,,,,,,,2020/2021
I1,2021-01-24,Genoa,Cagliari,1.0,0.0,H,8.0,13.0,6.0,7.0,11.0,6.0,4.0,7.0,1.0,2.0,0.0,0.0,2.25,3.5,3.1,2.32,3.64,3.16,,,,,,,,2020/2021
I1,2021-01-24,Verona,Napoli,3.0,1.0,H,15.0,12.0,7.0,4.0,13.0,8.0,3.0,3.0,2.0,3.0,0.0,0.0,5.0,3.9,1.66,5.19,3.95,1.73,,,,,,,,2020/2021
I1,2021-01-24,Lazio,Sassuolo,2.0,1.0,H,18.0,5.0,8.0,1.0,16.0,15.0,9.0,6.0,2.0,3.0,0.0,0.0,1.7,4.0,4.75,1.72,4.08,5.02,,,,,,,,2020/2021
I1,2021-01-24,Parma,Sampdoria,0.0,2.0,A,11.0,11.0,7.0,4.0,14.0,14.0,5.0,5.0,1.0,1.0,0.0,0.0,3.0,3.4,2.4,3.09,3.43,2.46,,,,,,,,2020/2021
I1,2021-01-29,Torino,Fiorentina,1.0,1.0,D,15.0,9.0,6.0,3.0,20.0,15.0,7.0,2.0,2.0,2.0,0.0,2.0,2.7,3.25,2.62,2.75,3.3,2.82,,,,,,,,2020/2021
I1,2021-01-30,Bologna,Milan,1.0,2.0,A,10.0,17.0,5.0,13.0,13.0,12.0,6.0,4.0,2.0,1.0,0.0,0.0,4.0,3.8,1.85,4.23,3.88,1.88,,,,,,,,2020/2021
I1,2021-01-30,Sampdoria,Juventus,0.0,2.0,A,6.0,10.0,2.0,4.0,11.0,10.0,5.0,7.0,4.0,2.0,0.0,0.0,7.0,4.5,1.45,7.57,4.45,1.5,,,,,,,,2020/2021
I1,2021-01-30,Inter Milan,Benevento,4.0,0.0,H,13.0,0.0,8.0,0.0,9.0,14.0,7.0,3.0,0.0,2.0,0.0,0.0,1.22,6.5,12.0,1.26,6.68,11.17,,,,,,,,2020/2021
I1,2021-01-31,Spezia,Udinese,0.0,1.0,A,9.0,6.0,5.0,4.0,18.0,19.0,2.0,2.0,6.0,4.0,1.0,1.0,3.75,3.2,2.1,4.07,3.23,2.14,,,,,,,,2020/2021
I1,2021-01-31,Atalanta,Lazio,1.0,3.0,A,8.0,15.0,4.0,7.0,12.0,20.0,2.0,2.0,0.0,2.0,0.0,0.0,1.7,4.2,4.33,1.78,4.24,4.46,,,,,,,,2020/2021
I1,2021-01-31,Cagliari,Sassuolo,1.0,1.0,D,9.0,14.0,6.0,5.0,10.0,11.0,3.0,14.0,2.0,3.0,0.0,0.0,3.0,3.5,2.3,3.22,3.45,2.37,,,,,,,,2020/2021
I1,2021-01-31,Crotone,Genoa,0.0,3.0,A,9.0,10.0,4.0,6.0,15.0,22.0,3.0,11.0,3.0,1.0,0.0,0.0,2.9,3.3,2.45,3.08,3.29,2.54,,,,,,,,2020/2021
I1,2021-01-31,Napoli,Parma,2.0,0.0,H,10.0,4.0,6.0,1.0,15.0,16.0,7.0,6.0,2.0,4.0,0.0,0.0,1.3,5.5,10.0,1.31,5.78,11.12,,,,,,,,2020/2021
I1,2021-01-31,Roma,Verona,3.0,1.0,H,15.0,6.0,6.0,2.0,15.0,11.0,4.0,5.0,2.0,1.0,0.0,0.0,1.65,3.9,5.25,1.67,4.1,5.47,,,,,,,,2020/2021
I1,2021-02-05,Fiorentina,Inter Milan,0.0,2.0,A,15.0,14.0,3.0,7.0,9.0,10.0,7.0,7.0,3.0,1.0,0.0,0.0,6.5,4.2,1.5,6.83,4.19,1.56,,,,,,,,2020/2021
I1,2021-02-06,Atalanta,Torino,3.0,3.0,D,9.0,19.0,4.0,11.0,24.0,17.0,4.0,3.0,3.0,2.0,0.0,0.0,1.4,5.0,7.0,1.45,4.95,7.54,,,,,,,,2020/2021
I1,2021-02-06,Sassuolo,Spezia,1.0,2.0,A,8.0,13.0,4.0,7.0,20.0,15.0,5.0,5.0,2.0,3.0,0.0,0.0,1.8,3.8,4.33,1.88,3.78,4.36,,,,,,,,2020/2021
I1,2021-02-06,Juventus,Roma,2.0,0.0,H,3.0,14.0,3.0,3.0,9.0,13.0,2.0,9.0,2.0,2.0,0.0,0.0,1.72,4.0,4.33,1.78,4.13,4.55,,,,,,,,2020/2021
I1,2021-02-06,Genoa,Napoli,2.0,1.0,H,4.0,24.0,2.0,11.0,13.0,11.0,1.0,6.0,2.0,3.0,0.0,0.0,5.0,3.9,1.66,5.49,3.94,1.7,,,,,,,,2020/2021
I1,2021-02-07,Benevento,Sampdoria,1.0,1.0,D,9.0,10.0,3.0,5.0,17.0,14.0,2.0,10.0,4.0,2.0,0.0,0.0,3.0,3.25,2.4,3.11,3.25,2.55,,,,,,,,2020/2021
I1,2021-02-07,Milan,Crotone,4.0,0.0,H,21.0,9.0,12.0,2.0,17.0,9.0,8.0,6.0,3.0,1.0,0.0,0.0,1.22,6.5,13.0,1.24,6.64,14.05,,,,,,,,2020/2021
I1,2021-02-07,Udinese,Verona,2.0,0.0,H,14.0,5.0,8.0,1.0,9.0,15.0,10.0,8.0,2.0,4.0,0.0,0.0,2.3,3.1,3.3,2.47,3.08,3.41,,,,,,,,2020/2021
I1,2021-02-07,Parma,Bologna,0.0,3.0,A,16.0,15.0,8.0,7.0,13.0,13.0,5.0,1.0,2.0,1.0,0.0,0.0,3.2,3.3,2.3,3.41,3.36,2.32,,,,,,,,2020/2021
I1,2021-02-07,Lazio,Cagliari,1.0,0.0,H,14.0,7.0,6.0,3.0,16.0,14.0,12.0,2.0,2.0,2.0,0.0,0.0,1.36,5.0,8.0,1.39,5.31,8.36,,,,,,,,2020/2021
I1,2021-02-12,Bologna,Benevento,1.0,1.0,D,11.0,13.0,3.0,8.0,17.0,10.0,8.0,3.0,3.0,2.0,0.0,0.0,1.8,3.6,4.33,1.89,3.66,4.5,,,,,,,,2020/2021
I1,2021-02-13,Torino,Genoa,0.0,0.0,D,10.0,6.0,2.0,3.0,13.0,15.0,3.0,5.0,2.0,4.0,0.0,0.0,1.9,3.4,4.2,2.02,3.35,4.36,,,,,,,,2020/2021
I1,2021-02-13,Napoli,Juventus,1.0,0.0,H,10.0,22.0,3.0,6.0,9.0,18.0,3.0,9.0,2.0,3.0,0.0,0.0,3.8,3.6,1.95,3.97,3.59,2.03,,,,,,,,2020/2021
I1,2021-02-13,Spezia,Milan,2.0,0.0,H,15.0,7.0,5.0,0.0,18.0,14.0,5.0,2.0,3.0,1.0,0.0,0.0,6.75,4.6,1.45,6.9,4.68,1.5,,,,,,,,2020/2021
I1,2021-02-14,Cagliari,Atalanta,0.0,1.0,A,4.0,10.0,1.0,5.0,17.0,14.0,6.0,6.0,3.0,3.0,0.0,0.0,6.5,4.75,1.44,7.48,4.96,1.45,,,,,,,,2020/2021
I1,2021-02-14,Roma,Udinese,3.0,0.0,H,12.0,6.0,8.0,1.0,17.0,7.0,7.0,2.0,2.0,0.0,0.0,0.0,1.72,3.8,4.75,1.73,4.0,5.1,,,,,,,,2020/2021
I1,2021-02-14,Sampdoria,Fiorentina,2.0,1.0,H,7.0,15.0,3.0,7.0,14.0,11.0,6.0,7.0,1.0,3.0,0.0,0.0,2.87,3.4,2.45,2.94,3.42,2.57,,,,,,,,2020/2021
I1,2021-02-14,Inter Milan,Lazio,3.0,1.0,H,11.0,12.0,7.0,7.0,7.0,4.0,4.0,0.0,2.0,1.0,0.0,0.0,1.75,3.9,4.5,1.8,3.98,4.63,,,,,,,,2020/2021
I1,2021-02-14,Crotone,Sassuolo,1.0,2.0,A,9.0,21.0,6.0,4.0,15.0,17.0,7.0,8.0,1.0,1.0,0.0,0.0,3.7,3.8,1.9,3.95,3.84,1.96,,,,,,,,2020/2021
I1,2021-02-15,Verona,Parma,2.0,1.0,H,11.0,13.0,5.0,4.0,16.0,15.0,4.0,4.0,4.0,2.0,0.0,0.0,2.0,3.3,4.0,2.07,3.48,3.97,,,,,,,,2020/2021
I1,2021-02-19,Fiorentina,Spezia,3.0,0.0,H,10.0,11.0,5.0,3.0,20.0,11.0,0.0,6.0,4.0,0.0,0.0,0.0,2.0,3.4,3.8,2.06,3.4,4.11,,,,,,,,2020/2021
I1,2021-02-19,Cagliari,Torino,0.0,1.0,A,18.0,10.0,3.0,6.0,20.0,19.0,8.0,3.0,3.0,2.0,0.0,0.0,2.87,3.3,2.45,2.96,3.28,2.64,,,,,,,,2020/2021
I1,2021-02-20,Lazio,Sampdoria,1.0,0.0,H,11.0,11.0,8.0,2.0,14.0,17.0,4.0,5.0,4.0,3.0,0.0,0.0,1.61,4.2,5.0,1.68,4.25,5.08,,,,,,,,2020/2021
I1,2021-02-20,Genoa,Verona,2.0,2.0,D,12.0,9.0,4.0,4.0,11.0,17.0,5.0,1.0,1.0,1.0,0.0,0.0,2.7,3.1,2.8,2.89,3.07,2.85,,,,,,,,2020/2021
I1,2021-02-20,Sassuolo,Bologna,1.0,1.0,D,32.0,4.0,11.0,2.0,14.0,8.0,10.0,6.0,1.0,0.0,0.0,1.0,2.3,3.4,3.1,2.33,3.48,3.27,,,,,,,,2020/2021
I1,2021-02-21,Atalanta,Napoli,4.0,2.0,H,15.0,5.0,7.0,4.0,20.0,11.0,6.0,2.0,2.0,1.0,0.0,0.0,1.83,3.8,4.0,1.87,4.0,4.19,,,,,,,,2020/2021
I1,2021-02-21,Benevento,Roma,0.0,0.0,D,6.0,14.0,3.0,8.0,11.0,18.0,1.0,9.0,4.0,1.0,1.0,0.0,5.5,4.5,1.53,5.89,4.66,1.56,,,,,,,,2020/2021
I1,2021-02-21,Parma,Udinese,2.0,2.0,D,15.0,12.0,6.0,3.0,18.0,15.0,3.0,2.0,7.0,4.0,0.0,0.0,3.6,3.3,2.1,3.86,3.4,2.13,,,,,,,,2020/2021
I1,2021-02-21,Milan,Inter Milan,0.0,3.0,A,16.0,16.0,10.0,8.0,9.0,10.0,7.0,7.0,2.0,1.0,0.0,0.0,3.6,3.6,2.0,3.75,3.71,2.06,,,,,,,,2020/2021
I1,2021-02-22,Juventus,Crotone,3.0,0.0,H,26.0,16.0,9.0,3.0,18.0,9.0,7.0,3.0,3.0,1.0,0.0,0.0,1.16,8.0,15.0,1.17,8.14,21.4,,,,,,,,2020/2021
I1,2021-02-27,Spezia,Parma,2.0,2.0,D,13.0,10.0,7.0,5.0,18.0,19.0,8.0,2.0,3.0,4.0,0.0,0.0,2.37,3.2,3.2,2.38,3.23,3.19,,,,,,,,2020/2021
I1,2021-02-27,Bologna,Lazio,2.0,0.0,H,14.0,19.0,8.0,7.0,9.0,18.0,4.0,7.0,1.0,2.0,0.0,0.0,3.5,3.6,2.05,3.76,3.81,2.02,,,,,,,,2020/2021
I1,2021-02-27,Verona,Juventus,1.0,1.0,D,13.0,15.0,6.0,6.0,18.0,14.0,8.0,5.0,2.0,2.0,0.0,0.0,6.0,4.2,1.53,6.46,4.27,1.57,,,,,,,,2020/2021
I1,2021-02-28,Crotone,Cagliari,0.0,2.0,A,11.0,9.0,4.0,4.0,17.0,14.0,7.0,4.0,2.0,4.0,0.0,1.0,3.3,3.6,2.1,3.31,3.74,2.21,,,,,,,,2020/2021
I1,2021-02-28,Inter Milan,Genoa,3.0,0.0,H,23.0,3.0,14.0,2.0,12.0,8.0,9.0,1.0,0.0,2.0,0.0,0.0,1.18,7.0,15.0,1.2,7.07,18.15,,,,,,,,2020/2021
I1,2021-02-28,Sampdoria,Atalanta,0.0,2.0,A,7.0,20.0,3.0,11.0,7.0,17.0,5.0,6.0,1.0,3.0,0.0,0.0,5.0,4.0,1.61,5.31,4.08,1.69,,,,,,,,2020/2021
I1,2021-02-28,Napoli,Benevento,2.0,0.0,H,20.0,4.0,8.0,4.0,13.0,15.0,8.0,2.0,3.0,2.0,1.0,0.0,1.4,4.75,7.5,1.42,4.94,8.24,,,,,,,,2020/2021
I1,2021-02-28,Roma,Milan,1.0,2.0,A,17.0,20.0,10.0,14.0,14.0,9.0,5.0,8.0,3.0,3.0,0.0,0.0,2.25,3.5,3.1,2.41,3.52,3.1,,,,,,,,2020/2021
I1,2021-02-28,Udinese,Fiorentina,1.0,0.0,H,9.0,8.0,3.0,2.0,12.0,20.0,3.0,9.0,1.0,2.0,0.0,0.0,2.37,3.25,3.1,2.45,3.23,3.29,,,,,,,,2020/2021
I1,2021-03-02,Juventus,Spezia,3.0,0.0,H,20.0,10.0,9.0,2.0,14.0,13.0,5.0,10.0,2.0,0.0,0.0,0.0,1.25,6.0,12.0,1.26,6.1,13.28,,,,,,,,2020/2021
I1,2021-03-03,Sassuolo,Napoli,3.0,3.0,D,15.0,15.0,8.0,8.0,16.0,13.0,6.0,4.0,2.0,2.0,0.0,0.0,3.6,3.5,2.05,3.66,3.51,2.15,,,,,,,,2020/2021
I1,2021-03-03,Atalanta,Crotone,5.0,1.0,H,21.0,4.0,11.0,2.0,7.0,13.0,4.0,3.0,0.0,2.0,0.0,0.0,1.16,7.5,15.0,1.19,7.77,17.15,,,,,,,,2020/2021
I1,2021-03-03,Benevento,Verona,0.0,3.0,A,7.0,11.0,2.0,6.0,8.0,20.0,2.0,7.0,0.0,1.0,0.0,0.0,3.25,3.3,2.3,3.35,3.31,2.37,,,,,,,,2020/2021
I1,2021-03-03,Cagliari,Bologna,1.0,0.0,H,8.0,11.0,5.0,6.0,15.0,18.0,10.0,4.0,2.0,2.0,0.0,0.0,2.5,3.25,2.87,2.62,3.34,2.93,,,,,,,,2020/2021
I1,2021-03-03,Fiorentina,Roma,1.0,2.0,A,6.0,12.0,2.0,6.0,10.0,15.0,2.0,3.0,1.0,2.0,0.0,0.0,3.6,3.5,2.0,3.88,3.56,2.07,,,,,,,,2020/2021
I1,2021-03-03,Genoa,Sampdoria,1.0,1.0,D,8.0,10.0,2.0,6.0,16.0,16.0,2.0,4.0,1.0,0.0,0.0,0.0,3.0,3.2,2.45,3.1,3.16,2.61,,,,,,,,2020/2021
I1,2021-03-03,Milan,Udinese,1.0,1.0,D,11.0,6.0,7.0,2.0,21.0,11.0,7.0,2.0,4.0,1.0,0.0,0.0,1.8,3.6,4.5,1.88,3.58,4.71,,,,,,,,2020/2021
I1,2021-03-04,Parma,Inter Milan,1.0,2.0,A,11.0,12.0,3.0,8.0,8.0,12.0,2.0,2.0,0.0,1.0,0.0,0.0,11.0,6.0,1.25,11.62,5.96,1.3,,,,,,,,2020/2021
I1,2021-03-06,Spezia,Benevento,1.0,1.0,D,14.0,5.0,7.0,2.0,13.0,17.0,3.0,1.0,2.0,4.0,0.0,0.0,2.1,3.5,3.4,2.14,3.56,3.64,,,,,,,,2020/2021
I1,2021-03-06,Udinese,Sassuolo,2.0,0.0,H,12.0,8.0,8.0,2.0,10.0,11.0,5.0,6.0,1.0,0.0,0.0,0.0,2.4,3.3,2.9,2.51,3.44,3.0,,,,,,,,2020/2021
I1,2021-03-06,Juventus,Lazio,3.0,1.0,H,8.0,13.0,5.0,5.0,10.0,13.0,4.0,4.0,0.0,1.0,0.0,0.0,1.85,3.75,4.0,1.94,3.75,4.15,,,,,,,,2020/2021
I1,2021-03-07,Fiorentina,Parma,3.0,3.0,D,6.0,11.0,5.0,6.0,19.0,16.0,3.0,3.0,0.0,3.0,0.0,0.0,1.9,3.5,4.1,1.98,3.56,4.2,,,,,,,,2020/2021
I1,2021-03-07,Crotone,Torino,4.0,2.0,H,19.0,17.0,10.0,6.0,19.0,22.0,8.0,8.0,4.0,2.0,0.0,1.0,3.6,3.4,2.05,3.86,3.41,2.13,,,,,,,,2020/2021
I1,2021-03-07,Roma,Genoa,1.0,0.0,H,18.0,7.0,4.0,2.0,15.0,15.0,7.0,1.0,1.0,4.0,0.0,0.0,1.5,4.2,6.5,1.53,4.48,6.81,,,,,,,,2020/2021
I1,2021-03-07,Napoli,Bologna,3.0,1.0,H,15.0,17.0,8.0,7.0,12.0,13.0,6.0,3.0,2.0,0.0,0.0,0.0,1.53,4.2,6.0,1.55,4.59,6.17,,,,,,,,2020/2021
I1,2021-03-07,Sampdoria,Cagliari,2.0,2.0,D,11.0,10.0,5.0,5.0,15.0,13.0,3.0,5.0,4.0,3.0,0.0,0.0,2.35,3.4,3.0,2.47,3.36,3.13,,,,,,,,2020/2021
I1,2021-03-07,Verona,Milan,0.0,2.0,A,8.0,12.0,1.0,4.0,14.0,12.0,8.0,1.0,2.0,0.0,0.0,0.0,3.6,3.3,2.1,3.67,3.39,2.2,,,,,,,,2020/2021
I1,2021-03-08,Inter Milan,Atalanta,1.0,0.0,H,5.0,10.0,1.0,3.0,11.0,17.0,7.0,7.0,0.0,1.0,0.0,0.0,2.05,3.6,3.4,2.05,3.84,3.63,,,,,,,,2020/2021
I1,2021-03-12,Lazio,Crotone,3.0,2.0,H,23.0,6.0,9.0,3.0,10.0,11.0,5.0,1.0,0.0,3.0,0.0,0.0,1.25,6.5,10.0,1.27,6.45,12.35,,,,,,,,2020/2021
I1,2021-03-12,Atalanta,Spezia,3.0,1.0,H,14.0,6.0,9.0,3.0,17.0,6.0,3.0,5.0,2.0,0.0,0.0,0.0,1.28,5.75,9.5,1.3,6.08,10.24,,,,,,,,2020/2021
I1,2021-03-13,Sassuolo,Verona,3.0,2.0,H,14.0,12.0,8.0,7.0,15.0,18.0,6.0,5.0,3.0,2.0,0.0,0.0,2.37,3.25,3.1,2.47,3.18,3.31,,,,,,,,2020/2021
I1,2021-03-13,Benevento,Fiorentina,1.0,4.0,A,16.0,11.0,6.0,7.0,15.0,18.0,8.0,3.0,3.0,1.0,0.0,0.0,3.4,3.25,2.2,3.59,3.2,2.32,,,,,,,,2020/2021
I1,2021-03-13,Genoa,Udinese,1.0,1.0,D,10.0,9.0,3.0,3.0,14.0,6.0,6.0,3.0,3.0,1.0,0.0,0.0,3.2,3.0,2.45,3.44,3.0,2.52,,,,,,,,2020/2021
I1,2021-03-14,Torino,Inter Milan,1.0,2.0,A,6.0,13.0,4.0,4.0,11.0,12.0,1.0,8.0,0.0,1.0,0.0,0.0,8.0,5.0,1.36,8.95,4.93,1.41,,,,,,,,2020/2021
I1,2021-03-14,Parma,Roma,2.0,0.0,H,5.0,20.0,4.0,6.0,18.0,16.0,0.0,12.0,3.0,3.0,0.0,0.0,5.5,3.75,1.65,5.52,3.99,1.68,,,,,,,,2020/2021
I1,2021-03-14,Milan,Napoli,0.0,1.0,A,12.0,14.0,4.0,5.0,12.0,10.0,5.0,4.0,1.0,3.0,1.0,0.0,2.55,3.3,2.8,2.72,3.28,2.86,,,,,,,,2020/2021
I1,2021-03-14,Cagliari,Juventus,1.0,3.0,A,15.0,9.0,7.0,7.0,12.0,16.0,8.0,5.0,0.0,2.0,0.0,0.0,6.0,4.0,1.55,6.39,4.41,1.56,,,,,,,,2020/2021
I1,2021-03-14,Bologna,Sampdoria,3.0,1.0,H,10.0,20.0,7.0,9.0,16.0,11.0,2.0,6.0,2.0,2.0,0.0,0.0,2.25,3.4,3.2,2.32,3.32,3.44,,,,,,,,2020/2021
I1,2021-03-17,Torino,Sassuolo,3.0,2.0,H,23.0,12.0,15.0,5.0,10.0,16.0,6.0,3.0,1.0,2.0,0.0,0.0,2.45,3.4,2.8,2.58,3.49,2.88,,,,,,,,2020/2021
I1,2021-03-19,Parma,Genoa,1.0,2.0,A,12.0,7.0,9.0,3.0,22.0,8.0,1.0,3.0,5.0,2.0,0.0,0.0,2.55,3.1,2.9,2.66,3.12,3.08,,,,,,,,2020/2021
I1,2021-03-20,Crotone,Bologna,2.0,3.0,A,15.0,19.0,7.0,10.0,11.0,16.0,10.0,3.0,4.0,7.0,0.0,0.0,3.5,3.6,2.05,3.64,3.7,2.09,,,,,,,,2020/2021
I1,2021-03-20,Spezia,Cagliari,2.0,1.0,H,12.0,11.0,6.0,7.0,13.0,16.0,4.0,4.0,1.0,2.0,0.0,0.0,2.7,3.1,2.8,2.78,3.2,2.86,,,,,,,,2020/2021
I1,2021-03-21,Sampdoria,Torino,1.0,0.0,H,7.0,9.0,5.0,1.0,15.0,18.0,1.0,7.0,0.0,1.0,0.0,0.0,2.37,3.3,3.0,2.55,3.32,3.05,,,,,,,,2020/2021
I1,2021-03-21,Juventus,Benevento,0.0,1.0,A,23.0,7.0,9.0,1.0,12.0,13.0,9.0,1.0,2.0,4.0,0.0,0.0,1.18,7.0,15.0,1.19,7.77,17.1,,,,,,,,2020/2021
I1,2021-03-21,Verona,Atalanta,0.0,2.0,A,3.0,14.0,1.0,8.0,23.0,20.0,4.0,7.0,3.0,2.0,0.0,0.0,5.0,4.0,1.65,5.03,4.02,1.74,,,,,,,,2020/2021
I1,2021-03-21,Udinese,Lazio,0.0,1.0,A,14.0,16.0,6.0,8.0,9.0,13.0,6.0,11.0,1.0,3.0,0.0,0.0,3.6,3.25,2.15,3.76,3.36,2.18,,,,,,,,2020/2021
I1,2021-03-21,Roma,Napoli,0.0,2.0,A,7.0,10.0,5.0,5.0,18.0,13.0,6.0,4.0,5.0,3.0,0.0,0.0,2.6,3.5,2.62,2.73,3.63,2.63,,,,,,,,2020/2021
I1,2021-03-21,Fiorentina,Milan,2.0,3.0,A,9.0,14.0,4.0,6.0,6.0,11.0,8.0,8.0,1.0,3.0,0.0,0.0,3.6,3.4,2.1,3.56,3.44,2.22,,,,,,,,2020/2021
I1,2021-04-03,Sassuolo,Roma,2.0,2.0,D,12.0,12.0,6.0,9.0,15.0,15.0,3.0,4.0,4.0,3.0,0.0,0.0,4.5,4.5,1.61,4.69,4.45,1.64,,,,,,,,2020/2021
I1,2021-04-03,Torino,Juventus,2.0,2.0,D,10.0,18.0,7.0,9.0,16.0,15.0,5.0,6.0,3.0,2.0,0.0,0.0,6.0,4.5,1.5,6.41,4.44,1.55,,,,,,,,2020/2021
I1,2021-04-03,Milan,Sampdoria,1.0,1.0,D,14.0,5.0,5.0,4.0,15.0,16.0,5.0,5.0,2.0,5.0,0.0,1.0,1.5,4.33,6.5,1.53,4.42,6.78,,,,,,,,2020/2021
I1,2021-04-03,Atalanta,Udinese,3.0,2.0,H,22.0,8.0,11.0,4.0,15.0,9.0,4.0,1.0,0.0,2.0,0.0,0.0,1.4,4.5,8.0,1.47,4.55,7.99,,,,,,,,2020/2021
I1,2021-04-03,Benevento,Parma,2.0,2.0,D,4.0,15.0,4.0,7.0,21.0,18.0,3.0,3.0,2.0,1.0,0.0,0.0,2.62,3.3,2.7,2.77,3.41,2.72,,,,,,,,2020/2021
I1,2021-04-03,Cagliari,Verona,0.0,2.0,A,15.0,9.0,4.0,5.0,17.0,18.0,6.0,5.0,1.0,3.0,0.0,0.0,2.5,3.3,2.8,2.62,3.34,2.94,,,,,,,,2020/2021
I1,2021-04-03,Genoa,Fiorentina,1.0,1.0,D,8.0,11.0,2.0,3.0,17.0,10.0,4.0,2.0,2.0,1.0,0.0,1.0,3.3,3.0,2.37,3.41,3.01,2.52,,,,,,,,2020/2021
I1,2021-04-03,Lazio,Spezia,2.0,1.0,H,11.0,7.0,5.0,3.0,18.0,21.0,3.0,4.0,3.0,3.0,2.0,0.0,1.4,4.75,7.0,1.47,4.66,7.73,,,,,,,,2020/2021
I1,2021-04-03,Napoli,Crotone,4.0,3.0,H,28.0,8.0,11.0,4.0,5.0,17.0,4.0,6.0,0.0,4.0,0.0,0.0,1.22,6.0,14.0,1.23,6.8,14.28,,,,,,,,2020/2021
I1,2021-04-03,Bologna,Inter Milan,0.0,1.0,A,12.0,12.0,3.0,5.0,17.0,15.0,4.0,4.0,4.0,4.0,0.0,0.0,7.5,4.5,1.44,7.68,4.7,1.47,,,,,,,,2020/2021
I1,2021-04-07,Inter Milan,Sassuolo,2.0,1.0,H,8.0,14.0,5.0,5.0,8.0,13.0,1.0,8.0,2.0,3.0,0.0,0.0,1.33,5.25,9.0,1.37,5.43,9.07,,,,,,,,2020/2021
I1,2021-04-07,Juventus,Napoli,2.0,1.0,H,12.0,15.0,3.0,5.0,17.0,12.0,2.0,6.0,1.0,2.0,0.0,0.0,1.95,3.6,3.8,2.01,3.69,3.93,,,,,,,,2020/2021
I1,2021-04-10,Spezia,Crotone,3.0,2.0,H,9.0,9.0,7.0,6.0,12.0,15.0,3.0,4.0,1.0,1.0,0.0,0.0,1.75,4.2,4.0,1.83,4.25,4.16,,,,,,,,2020/2021
I1,2021-04-10,Parma,Milan,1.0,3.0,A,15.0,11.0,5.0,7.0,14.0,11.0,7.0,3.0,4.0,4.0,0.0,1.0,5.25,3.75,1.66,5.37,3.91,1.71,,,,,,,,2020/2021
I1,2021-04-10,Udinese,Torino,0.0,1.0,A,12.0,9.0,5.0,2.0,21.0,19.0,5.0,4.0,0.0,3.0,0.0,0.0,2.4,3.3,3.0,2.45,3.28,3.24,,,,,,,,2020/2021
I1,2021-04-11,Inter Milan,Cagliari,1.0,0.0,H,15.0,8.0,8.0,2.0,10.0,12.0,5.0,0.0,1.0,1.0,0.0,0.0,1.25,6.0,12.0,1.26,6.16,12.75,,,,,,,,2020/2021
I1,2021-04-11,Juventus,Genoa,3.0,1.0,H,23.0,11.0,14.0,3.0,15.0,11.0,8.0,6.0,3.0,3.0,0.0,0.0,1.25,6.0,11.0,1.28,6.02,13.25,,,,,,,,2020/2021
I1,2021-04-11,Sampdoria,Napoli,0.0,2.0,A,11.0,20.0,5.0,9.0,14.0,10.0,8.0,7.0,0.0,3.0,0.0,0.0,4.75,3.75,1.72,4.84,4.03,1.75,,,,,,,,2020/2021
I1,2021-04-11,Verona,Lazio,0.0,1.0,A,4.0,14.0,1.0,5.0,15.0,13.0,5.0,4.0,0.0,2.0,0.0,0.0,3.6,3.5,2.05,3.74,3.35,2.19,,,,,,,,2020/2021
I1,2021-04-11,Roma,Bologna,1.0,0.0,H,14.0,11.0,7.0,5.0,14.0,14.0,4.0,6.0,3.0,2.0,0.0,0.0,1.72,4.0,4.33,1.78,4.17,4.48,,,,,,,,2020/2021
I1,2021-04-11,Fiorentina,Atalanta,2.0,3.0,A,8.0,14.0,2.0,9.0,15.0,13.0,0.0,6.0,3.0,1.0,0.0,0.0,5.0,4.5,1.57,5.59,4.5,1.6,,,,,,,,2020/2021
I1,2021-04-12,Benevento,Sassuolo,0.0,1.0,A,9.0,14.0,5.0,4.0,12.0,14.0,3.0,8.0,3.0,2.0,0.0,0.0,3.5,3.6,2.05,3.54,3.68,2.13,,,,,,,,2020/2021
I1,2021-04-17,Crotone,Udinese,1.0,2.0,A,7.0,14.0,3.0,7.0,12.0,19.0,5.0,7.0,0.0,2.0,0.0,1.0,4.0,3.7,1.85,4.28,3.71,1.93,,,,,,,,2020/2021
I1,2021-04-17,Sampdoria,Verona,3.0,1.0,H,12.0,18.0,5.0,8.0,16.0,14.0,5.0,7.0,3.0,3.0,0.0,0.0,2.6,3.3,2.75,2.71,3.36,2.82,,,,,,,,2020/2021
I1,2021-04-17,Sassuolo,Fiorentina,3.0,1.0,H,11.0,7.0,6.0,6.0,8.0,16.0,3.0,4.0,3.0,5.0,0.0,0.0,2.55,3.2,2.87,2.6,3.25,3.04,,,,,,,,2020/2021
I1,2021-04-17,Cagliari,Parma,4.0,3.0,H,23.0,11.0,9.0,6.0,14.0,12.0,0.0,4.0,4.0,2.0,0.0,0.0,2.2,3.6,3.1,2.3,3.54,3.28,,,,,,,,2020/2021
I1,2021-04-18,Milan,Genoa,2.0,1.0,H,18.0,11.0,5.0,6.0,10.0,13.0,5.0,4.0,0.0,1.0,0.0,0.0,1.45,4.75,6.5,1.5,4.69,6.93,,,,,,,,2020/2021
I1,2021-04-18,Atalanta,Juventus,1.0,0.0,H,12.0,12.0,2.0,3.0,18.0,15.0,3.0,8.0,3.0,2.0,0.0,0.0,2.4,3.6,2.8,2.52,3.67,2.83,,,,,,,,2020/2021
I1,2021-04-18,Bologna,Spezia,4.0,1.0,H,10.0,9.0,7.0,5.0,15.0,12.0,4.0,8.0,1.0,1.0,0.0,0.0,2.0,3.6,3.6,2.03,3.86,3.68,,,,,,,,2020/2021
I1,2021-04-18,Lazio,Benevento,5.0,3.0,H,12.0,16.0,8.0,8.0,14.0,11.0,5.0,4.0,2.0,3.0,0.0,0.0,1.36,5.0,8.0,1.43,4.84,8.48,,,,,,,,2020/2021
I1,2021-04-18,Torino,Roma,3.0,1.0,H,23.0,9.0,11.0,4.0,13.0,13.0,11.0,3.0,2.0,2.0,0.0,1.0,3.3,3.6,2.1,3.42,3.75,2.16,,,,,,,,2020/2021
I1,2021-04-18,Napoli,Inter Milan,1.0,1.0,D,12.0,10.0,3.0,5.0,12.0,12.0,3.0,3.0,5.0,2.0,0.0,0.0,3.0,3.5,2.3,3.12,3.63,2.35,,,,,,,,2020/2021
I1,2021-04-20,Verona,Fiorentina,1.0,2.0,A,11.0,7.0,7.0,5.0,16.0,20.0,5.0,3.0,2.0,3.0,0.0,0.0,2.55,3.25,2.8,2.71,3.26,2.89,,,,,,,,2020/2021
I1,2021-04-21,Crotone,Sampdoria,0.0,1.0,A,7.0,11.0,4.0,5.0,13.0,7.0,2.0,6.0,1.0,1.0,0.0,0.0,3.6,3.75,1.95,3.8,3.79,2.02,,,,,,,,2020/2021
I1,2021-04-21,Milan,Sassuolo,1.0,2.0,A,18.0,15.0,7.0,7.0,18.0,13.0,3.0,7.0,0.0,1.0,0.0,0.0,1.53,4.33,5.75,1.59,4.38,5.92,,,,,,,,2020/2021
I1,2021-04-21,Juventus,Parma,3.0,1.0,H,14.0,10.0,8.0,4.0,12.0,18.0,6.0,6.0,2.0,2.0,0.0,0.0,1.25,6.0,11.0,1.24,6.09,11.43,,,,,,,,2020/2021
I1,2021-04-21,Bologna,Torino,1.0,1.0,D,9.0,18.0,2.0,5.0,25.0,15.0,3.0,7.0,4.0,2.0,0.0,0.0,2.4,3.4,2.87,2.65,3.34,2.9,,,,,,,,2020/2021
I1,2021-04-21,Spezia,Inter Milan,1.0,1.0,D,1.0,15.0,1.0,6.0,9.0,7.0,0.0,8.0,2.0,0.0,0.0,0.0,8.0,5.0,1.36,8.17,5.0,1.42,,,,,,,,2020/2021
I1,2021-04-21,Udinese,Cagliari,0.0,1.0,A,14.0,13.0,4.0,5.0,11.0,14.0,2.0,5.0,0.0,2.0,0.0,0.0,2.45,3.3,2.9,2.54,3.35,3.03,,,,,,,,2020/2021
I1,2021-04-21,Genoa,Benevento,2.0,2.0,D,10.0,8.0,5.0,2.0,14.0,18.0,3.0,0.0,2.0,0.0,0.0,0.0,2.2,3.1,3.6,2.22,3.28,3.75,,,,,,,,2020/2021
I1,2021-04-22,Roma,Atalanta,1.0,1.0,D,14.0,22.0,3.0,9.0,16.0,7.0,4.0,8.0,4.0,2.0,1.0,1.0,3.6,3.8,1.95,3.73,4.02,1.97,,,,,,,,2020/2021
I1,2021-04-22,Napoli,Lazio,5.0,2.0,H,10.0,14.0,8.0,4.0,7.0,18.0,2.0,3.0,4.0,4.0,0.0,0.0,2.0,3.6,3.6,2.06,3.76,3.68,,,,,,,,2020/2021
I1,2021-04-24,Genoa,Spezia,2.0,0.0,H,11.0,7.0,6.0,1.0,18.0,14.0,0.0,3.0,2.0,2.0,0.0,0.0,2.45,2.9,3.25,2.5,3.06,3.39,,,,,,,,2020/2021
I1,2021-04-24,Parma,Crotone,3.0,4.0,A,15.0,13.0,4.0,5.0,15.0,11.0,7.0,5.0,3.0,2.0,0.0,0.0,1.7,4.0,4.6,1.78,4.0,4.72,,,,,,,,2020/2021
I1,2021-04-24,Sassuolo,Sampdoria,1.0,0.0,H,14.0,9.0,8.0,3.0,15.0,10.0,8.0,3.0,0.0,0.0,0.0,0.0,1.95,3.75,3.6,2.04,3.76,3.74,,,,,,,,2020/2021
I1,2021-04-25,Benevento,Udinese,2.0,4.0,A,22.0,10.0,9.0,7.0,18.0,20.0,11.0,2.0,2.0,2.0,0.0,0.0,3.1,3.4,2.3,3.21,3.41,2.4,,,,,,,,2020/2021
I1,2021-04-25,Fiorentina,Juventus,1.0,1.0,D,11.0,7.0,6.0,1.0,13.0,16.0,7.0,2.0,3.0,1.0,0.0,0.0,5.75,4.0,1.55,6.36,4.19,1.59,,,,,,,,2020/2021
I1,2021-04-25,Inter Milan,Verona,1.0,0.0,H,10.0,12.0,4.0,1.0,7.0,13.0,3.0,8.0,0.0,3.0,0.0,0.0,1.28,5.25,11.0,1.34,5.25,10.94,,,,,,,,2020/2021
I1,2021-04-25,Cagliari,Roma,3.0,2.0,H,10.0,12.0,6.0,7.0,14.0,17.0,4.0,10.0,3.0,1.0,0.0,0.0,2.45,3.8,2.55,2.6,3.79,2.68,,,,,,,,2020/2021
I1,2021-04-25,Atalanta,Bologna,5.0,0.0,H,26.0,9.0,12.0,3.0,11.0,8.0,8.0,3.0,0.0,1.0,0.0,1.0,1.3,5.5,8.5,1.35,5.64,9.09,,,,,,,,2020/2021
I1,2021-04-26,Torino,Napoli,0.0,2.0,A,15.0,25.0,6.0,10.0,16.0,15.0,8.0,11.0,3.0,1.0,1.0,0.0,4.75,3.75,1.72,4.41,4.16,1.79,,,,,,,,2020/2021
I1,2021-04-26,Lazio,Milan,3.0,0.0,H,14.0,15.0,6.0,6.0,10.0,11.0,1.0,9.0,2.0,0.0,0.0,0.0,2.15,3.8,3.0,2.22,3.97,3.12,,,,,,,,2020/2021
I1,2021-05-01,Verona,Spezia,1.0,1.0,D,7.0,12.0,6.0,2.0,27.0,16.0,5.0,5.0,6.0,2.0,0.0,0.0,2.05,3.6,3.4,2.13,3.67,3.55,,,,,,,,2020/2021
I1,2021-05-01,Crotone,Inter Milan,0.0,2.0,A,6.0,23.0,1.0,10.0,10.0,9.0,4.0,11.0,1.0,2.0,0.0,0.0,11.0,6.5,1.22,12.27,6.84,1.24,,,,,,,,2020/2021
I1,2021-05-01,Milan,Benevento,2.0,0.0,H,20.0,14.0,11.0,2.0,16.0,8.0,6.0,7.0,2.0,0.0,0.0,0.0,1.33,5.25,9.0,1.38,5.27,9.15,,,,,,,,2020/2021
I1,2021-05-02,Lazio,Genoa,4.0,3.0,H,18.0,10.0,12.0,5.0,13.0,12.0,7.0,4.0,3.0,4.0,0.0,0.0,1.36,5.0,8.5,1.4,5.11,8.55,,,,,,,,2020/2021
I1,2021-05-02,Bologna,Fiorentina,3.0,3.0,D,11.0,9.0,6.0,4.0,16.0,12.0,3.0,5.0,2.0,2.0,0.0,0.0,3.0,3.4,2.3,3.06,3.33,2.53,,,,,,,,2020/2021
I1,2021-05-02,Napoli,Cagliari,1.0,1.0,D,18.0,12.0,6.0,7.0,8.0,14.0,3.0,1.0,1.0,3.0,0.0,0.0,1.36,5.0,8.5,1.41,5.07,8.33,,,,,,,,2020/2021
I1,2021-05-02,Sassuolo,Atalanta,1.0,1.0,D,12.0,10.0,7.0,9.0,18.0,12.0,4.0,4.0,6.0,1.0,1.0,1.0,6.0,5.0,1.45,6.29,4.89,1.51,,,,,,,,2020/2021
I1,2021-05-02,Udinese,Juventus,1.0,2.0,A,7.0,13.0,2.0,4.0,14.0,18.0,2.0,6.0,3.0,0.0,0.0,0.0,6.5,4.75,1.45,7.1,4.76,1.48,,,,,,,,2020/2021
I1,2021-05-02,Sampdoria,Roma,2.0,0.0,H,12.0,10.0,9.0,5.0,14.0,13.0,8.0,8.0,0.0,3.0,0.0,0.0,2.87,3.5,2.37,2.89,3.83,2.41,,,,,,,,2020/2021
I1,2021-05-03,Torino,Parma,1.0,0.0,H,13.0,8.0,5.0,1.0,10.0,17.0,5.0,2.0,0.0,3.0,0.0,0.0,1.57,4.33,5.25,1.6,4.46,5.69,,,,,,,,2020/2021
I1,2021-05-08,Spezia,Napoli,1.0,4.0,A,6.0,13.0,3.0,7.0,15.0,18.0,1.0,2.0,3.0,2.0,0.0,0.0,6.0,4.5,1.5,6.42,4.7,1.52,,,,,,,,2020/2021
I1,2021-05-08,Udinese,Bologna,1.0,1.0,D,9.0,16.0,5.0,4.0,12.0,18.0,5.0,10.0,1.0,1.0,0.0,0.0,2.37,3.2,3.1,2.47,3.24,3.24,,,,,,,,2020/2021
I1,2021-05-08,Inter Milan,Sampdoria,5.0,1.0,H,12.0,13.0,7.0,4.0,10.0,14.0,2.0,8.0,0.0,2.0,0.0,0.0,1.44,4.75,6.5,1.46,4.87,6.98,,,,,,,,2020/2021
I1,2021-05-08,Fiorentina,Lazio,2.0,0.0,H,9.0,8.0,5.0,3.0,12.0,14.0,5.0,7.0,4.0,8.0,0.0,1.0,4.0,3.9,1.83,4.15,3.95,1.88,,,,,,,,2020/2021
I1,2021-05-09,Genoa,Sassuolo,1.0,2.0,A,13.0,13.0,5.0,7.0,17.0,15.0,8.0,2.0,2.0,0.0,0.0,0.0,3.4,3.5,2.1,3.52,3.56,2.18,,,,,,,,2020/2021
I1,2021-05-09,Benevento,Cagliari,1.0,3.0,A,7.0,7.0,7.0,4.0,17.0,20.0,4.0,5.0,2.0,2.0,0.0,0.0,3.2,3.5,2.2,3.2,3.5,2.36,,,,,,,,2020/2021
I1,2021-05-09,Parma,Atalanta,2.0,5.0,A,5.0,18.0,2.0,13.0,12.0,15.0,1.0,3.0,1.0,1.0,0.0,0.0,13.0,7.0,1.2,13.49,7.49,1.21,,,,,,,,2020/2021
I1,2021-05-09,Verona,Torino,1.0,1.0,D,19.0,6.0,7.0,4.0,16.0,22.0,9.0,3.0,3.0,3.0,0.0,0.0,3.0,3.3,2.35,3.09,3.48,2.43,,,,,,,,2020/2021
I1,2021-05-09,Roma,Crotone,5.0,0.0,H,20.0,7.0,13.0,2.0,10.0,11.0,8.0,4.0,2.0,0.0,0.0,0.0,1.36,5.25,7.5,1.4,5.39,7.66,,,,,,,,2020/2021
I1,2021-05-09,Juventus,Milan,0.0,3.0,A,16.0,11.0,4.0,6.0,17.0,12.0,8.0,2.0,2.0,2.0,0.0,0.0,1.72,3.9,4.5,1.79,3.96,4.7,,,,,,,,2020/2021
I1,2021-05-11,Napoli,Udinese,5.0,1.0,H,21.0,5.0,12.0,2.0,8.0,14.0,8.0,3.0,0.0,1.0,0.0,0.0,1.28,5.25,11.0,1.3,5.74,11.79,,,,,,,,2020/2021
I1,2021-05-12,Cagliari,Fiorentina,0.0,0.0,D,7.0,2.0,1.0,0.0,18.0,10.0,3.0,1.0,1.0,2.0,0.0,0.0,2.45,3.1,3.1,2.59,3.06,3.24,,,,,,,,2020/2021
I1,2021-05-12,Atalanta,Benevento,2.0,0.0,H,14.0,3.0,4.0,1.0,19.0,11.0,7.0,5.0,2.0,5.0,0.0,1.0,1.14,8.0,15.0,1.18,8.13,17.14,,,,,,,,2020/2021
I1,2021-05-12,Bologna,Genoa,0.0,2.0,A,17.0,12.0,8.0,9.0,9.0,11.0,12.0,4.0,1.0,3.0,0.0,0.0,2.4,3.25,3.0,2.46,3.39,3.12,,,,,,,,2020/2021
I1,2021-05-12,Inter Milan,Roma,3.0,1.0,H,13.0,17.0,5.0,6.0,4.0,12.0,5.0,8.0,0.0,4.0,0.0,0.0,1.65,4.0,4.75,1.7,4.16,5.06,,,,,,,,2020/2021
I1,2021-05-12,Lazio,Parma,1.0,0.0,H,14.0,11.0,6.0,5.0,13.0,14.0,7.0,2.0,1.0,3.0,0.0,0.0,1.2,6.5,13.0,1.22,7.03,13.78,,,,,,,,2020/2021
I1,2021-05-12,Sampdoria,Spezia,2.0,2.0,D,14.0,12.0,6.0,7.0,9.0,17.0,5.0,5.0,2.0,2.0,0.0,0.0,2.45,3.6,2.62,2.61,3.69,2.72,,,,,,,,2020/2021
I1,2021-05-12,Sassuolo,Juventus,1.0,3.0,A,17.0,14.0,3.0,8.0,10.0,12.0,3.0,5.0,1.0,2.0,0.0,0.0,4.75,4.2,1.65,4.81,4.32,1.71,,,,,,,,2020/2021
I1,2021-05-12,Torino,Milan,0.0,7.0,A,14.0,14.0,1.0,11.0,13.0,15.0,2.0,3.0,2.0,1.0,0.0,0.0,3.8,3.8,1.85,3.99,4.16,1.88,,,,,,,,2020/2021
I1,2021-05-13,Crotone,Verona,2.0,1.0,H,9.0,11.0,4.0,2.0,20.0,11.0,0.0,9.0,3.0,1.0,0.0,0.0,3.6,3.75,1.9,3.86,4.06,1.91,,,,,,,,2020/2021
I1,2021-05-15,Genoa,Atalanta,3.0,4.0,A,10.0,14.0,7.0,7.0,13.0,8.0,2.0,4.0,1.0,2.0,0.0,0.0,13.0,6.75,1.2,12.64,6.56,1.25,,,,,,,,2020/2021
I1,2021-05-15,Spezia,Torino,4.0,1.0,H,14.0,6.0,11.0,3.0,25.0,17.0,3.0,6.0,3.0,5.0,0.0,0.0,3.3,2.9,2.45,3.35,3.03,2.49,,,,,,,,2020/2021
I1,2021-05-15,Juventus,Inter Milan,3.0,2.0,H,13.0,7.0,7.0,3.0,10.0,18.0,4.0,3.0,5.0,5.0,1.0,1.0,2.2,3.6,3.1,2.23,3.73,3.19,,,,,,,,2020/2021
I1,2021-05-15,Roma,Lazio,2.0,0.0,H,13.0,10.0,2.0,5.0,8.0,8.0,4.0,4.0,2.0,2.0,0.0,1.0,3.0,3.6,2.25,3.19,3.59,2.28,,,,,,,,2020/2021
I1,2021-05-16,Fiorentina,Napoli,0.0,2.0,A,7.0,18.0,3.0,8.0,15.0,9.0,3.0,6.0,5.0,1.0,1.0,0.0,5.75,4.5,1.5,5.8,4.94,1.53,,,,,,,,2020/2021
I1,2021-05-16,Milan,Cagliari,0.0,0.0,D,20.0,6.0,4.0,2.0,8.0,8.0,9.0,7.0,2.0,2.0,0.0,0.0,1.4,4.75,7.5,1.44,4.98,7.62,,,,,,,,2020/2021
I1,2021-05-16,Benevento,Crotone,1.0,1.0,D,19.0,6.0,11.0,2.0,12.0,19.0,8.0,4.0,2.0,2.0,0.0,1.0,1.45,4.75,6.0,1.51,4.77,6.13,,,,,,,,2020/2021
I1,2021-05-16,Parma,Sassuolo,1.0,3.0,A,16.0,15.0,8.0,12.0,13.0,13.0,2.0,12.0,1.0,0.0,0.0,0.0,5.25,4.75,1.53,5.72,4.39,1.58,,,,,,,,2020/2021
I1,2021-05-16,Udinese,Sampdoria,0.0,1.0,A,9.0,15.0,2.0,6.0,12.0,13.0,6.0,3.0,3.0,1.0,0.0,0.0,2.4,3.4,2.9,2.47,3.62,2.87,,,,,,,,2020/2021
I1,2021-05-17,Verona,Bologna,2.0,2.0,D,11.0,13.0,5.0,5.0,19.0,17.0,4.0,4.0,3.0,3.0,0.0,0.0,2.45,3.3,2.9,2.54,3.26,3.11,,,,,,,,2020/2021
I1,2021-05-18,Lazio,Torino,0.0,0.0,D,21.0,6.0,11.0,4.0,11.0,13.0,4.0,0.0,4.0,0.0,0.0,0.0,2.05,3.25,3.8,2.21,3.22,3.74,,,,,,,,2020/2021
I1,2021-05-22,Cagliari,Genoa,0.0,1.0,A,16.0,11.0,7.0,5.0,9.0,13.0,8.0,4.0,1.0,4.0,0.0,1.0,2.0,3.6,3.6,2.12,3.51,3.67,,,,,,,,2020/2021
I1,2021-05-22,Crotone,Fiorentina,0.0,0.0,D,12.0,11.0,4.0,3.0,11.0,10.0,6.0,5.0,2.0,2.0,0.0,0.0,3.5,4.33,1.85,3.72,4.04,1.92,,,,,,,,2020/2021
I1,2021-05-22,Sampdoria,Parma,3.0,0.0,H,12.0,11.0,4.0,1.0,10.0,12.0,2.0,4.0,1.0,1.0,0.0,0.0,1.75,4.2,4.0,1.79,4.33,4.06,,,,,,,,2020/2021
I1,2021-05-23,Inter Milan,Udinese,5.0,1.0,H,14.0,8.0,9.0,2.0,13.0,16.0,3.0,2.0,1.0,0.0,0.0,0.0,1.36,5.5,7.5,1.4,5.3,7.53,,,,,,,,2020/2021
I1,2021-05-23,Atalanta,Milan,0.0,2.0,A,11.0,7.0,1.0,3.0,17.0,11.0,3.0,0.0,3.0,3.0,1.0,0.0,2.37,4.2,2.5,2.46,4.15,2.62,,,,,,,,2020/2021
I1,2021-05-23,Torino,Benevento,1.0,1.0,D,12.0,9.0,7.0,3.0,17.0,10.0,8.0,3.0,0.0,2.0,0.0,0.0,1.75,4.33,3.9,1.79,4.52,4.01,,,,,,,,2020/2021
I1,2021-05-23,Bologna,Juventus,1.0,4.0,A,18.0,19.0,5.0,11.0,7.0,16.0,3.0,0.0,1.0,2.0,0.0,0.0,10.5,7.0,1.22,13.28,6.69,1.24,,,,,,,,2020/2021
I1,2021-05-23,Sassuolo,Lazio,2.0,0.0,H,10.0,9.0,5.0,2.0,11.0,15.0,3.0,3.0,2.0,1.0,1.0,0.0,1.9,4.33,3.25,1.93,4.58,3.42,,,,,,,,2020/2021
I1,2021-05-23,Spezia,Roma,2.0,2.0,D,18.0,14.0,9.0,10.0,13.0,14.0,5.0,2.0,0.0,1.0,0.0,0.0,5.0,4.6,1.57,5.1,4.88,1.59,,,,,,,,2020/2021
I1,2021-05-23,Napoli,Verona,1.0,1.0,D,16.0,7.0,3.0,4.0,13.0,25.0,5.0,3.0,3.0,4.0,0.0,0.0,1.18,7.5,13.0,1.2,7.62,15.35,,,,,,,,2020/2021
I1,2021-08-21,Inter Milan,Genoa,4.0,0.0,H,17.0,11.0,8.0,5.0,18.0,7.0,8.0,2.0,1.0,2.0,0.0,0.0,1.33,5.25,9.0,1.36,5.37,9.65,,,,,,,,2021/2022
I1,2021-08-21,Verona,Sassuolo,2.0,3.0,A,12.0,15.0,4.0,8.0,11.0,12.0,7.0,4.0,3.0,2.0,1.0,0.0,2.62,3.3,2.62,2.66,3.55,2.75,,,,,,,,2021/2022
I1,2021-08-21,Empoli,Lazio,1.0,3.0,A,16.0,8.0,5.0,5.0,13.0,10.0,5.0,3.0,2.0,1.0,0.0,0.0,4.6,4.0,1.7,5.01,4.02,1.74,,,,,,,,2021/2022
I1,2021-08-21,Torino,Atalanta,1.0,2.0,A,19.0,6.0,8.0,2.0,17.0,13.0,5.0,1.0,2.0,2.0,0.0,0.0,5.5,4.33,1.55,5.5,4.25,1.65,,,,,,,,2021/2022
I1,2021-08-22,Bologna,Salernitana,3.0,2.0,H,18.0,8.0,7.0,4.0,13.0,15.0,9.0,4.0,6.0,3.0,2.0,1.0,1.65,4.0,5.0,1.65,4.29,5.42,,,,,,,,2021/2022
I1,2021-08-22,Udinese,Juventus,2.0,2.0,D,11.0,11.0,6.0,4.0,11.0,12.0,3.0,3.0,1.0,3.0,0.0,0.0,7.5,4.33,1.45,7.59,4.48,1.49,,,,,,,,2021/2022
I1,2021-08-22,Napoli,Venezia,2.0,0.0,H,13.0,8.0,4.0,4.0,5.0,22.0,2.0,2.0,1.0,7.0,1.0,0.0,1.22,6.5,12.0,1.25,6.67,12.08,,,,,,,,2021/2022
I1,2021-08-22,Roma,Fiorentina,3.0,1.0,H,11.0,11.0,6.0,8.0,12.0,14.0,4.0,4.0,3.0,2.0,1.0,1.0,1.72,3.8,4.75,1.81,3.96,4.59,,,,,,,,2021/2022
I1,2021-08-23,Cagliari,Spezia,2.0,2.0,D,16.0,13.0,10.0,6.0,17.0,17.0,11.0,4.0,2.0,3.0,0.0,0.0,1.95,3.4,4.0,1.97,3.78,3.97,,,,,,,,2021/2022
I1,2021-08-23,Sampdoria,Milan,0.0,1.0,A,11.0,10.0,3.0,4.0,16.0,14.0,8.0,3.0,3.0,1.0,0.0,0.0,4.0,3.6,1.9,4.23,3.55,1.98,,,,,,,,2021/2022
I1,2021-08-27,Udinese,Venezia,3.0,0.0,H,18.0,8.0,10.0,3.0,11.0,8.0,7.0,2.0,2.0,3.0,0.0,0.0,1.7,3.75,5.0,1.75,3.82,5.24,,,,,,,,2021/2022
I1,2021-08-27,Verona,Inter Milan,1.0,3.0,A,4.0,15.0,1.0,8.0,13.0,12.0,6.0,4.0,2.0,2.0,0.0,0.0,5.5,4.33,1.55,5.81,4.14,1.64,,,,,,,,2021/2022
I1,2021-08-28,Fiorentina,Torino,2.0,1.0,H,10.0,4.0,7.0,1.0,13.0,28.0,3.0,3.0,4.0,5.0,0.0,0.0,2.2,3.4,3.25,2.2,3.56,3.5,,,,,,,,2021/2022
I1,2021-08-28,Lazio,Spezia,6.0,1.0,H,18.0,5.0,10.0,2.0,12.0,9.0,4.0,2.0,0.0,2.0,0.0,1.0,1.33,4.75,9.5,1.36,5.48,9.14,,,,,,,,2021/2022
I1,2021-08-28,Juventus,Empoli,0.0,1.0,A,20.0,9.0,6.0,3.0,11.0,6.0,8.0,9.0,2.0,3.0,0.0,0.0,1.22,6.5,12.0,1.27,6.35,11.86,,,,,,,,2021/2022
I1,2021-08-28,Atalanta,Bologna,0.0,0.0,D,21.0,3.0,3.0,1.0,11.0,14.0,5.0,5.0,2.0,5.0,0.0,0.0,1.33,5.5,8.0,1.34,5.86,9.29,,,,,,,,2021/2022
I1,2021-08-29,Genoa,Napoli,1.0,2.0,A,7.0,12.0,3.0,8.0,17.0,15.0,4.0,5.0,2.0,3.0,0.0,0.0,6.0,4.5,1.5,6.27,4.36,1.57,,,,,,,,2021/2022
I1,2021-08-29,Sassuolo,Sampdoria,0.0,0.0,D,19.0,13.0,6.0,3.0,9.0,14.0,8.0,6.0,2.0,2.0,0.0,0.0,2.0,3.6,3.6,2.02,3.83,3.74,,,,,,,,2021/2022
I1,2021-08-29,Milan,Cagliari,4.0,1.0,H,17.0,6.0,5.0,2.0,12.0,11.0,8.0,3.0,1.0,5.0,0.0,0.0,1.44,4.5,7.0,1.43,4.99,7.94,,,,,,,,2021/2022
I1,2021-08-29,Salernitana,Roma,0.0,4.0,A,4.0,21.0,0.0,10.0,12.0,11.0,1.0,10.0,2.0,2.0,0.0,0.0,5.5,4.33,1.55,5.85,4.28,1.61,,,,,,,,2021/2022
I1,2021-09-11,Empoli,Venezia,1.0,2.0,A,17.0,10.0,6.0,3.0,12.0,21.0,8.0,2.0,2.0,5.0,0.0,0.0,1.8,3.8,4.2,1.84,4.05,4.27,,,,,,,,2021/2022
I1,2021-09-11,Napoli,Juventus,2.0,1.0,H,24.0,7.0,7.0,4.0,14.0,16.0,13.0,1.0,2.0,1.0,0.0,0.0,2.4,3.6,2.8,2.51,3.57,2.91,,,,,,,,2021/2022
I1,2021-09-11,Atalanta,Fiorentina,1.0,2.0,A,10.0,7.0,5.0,2.0,14.0,19.0,10.0,3.0,5.0,4.0,0.0,0.0,1.55,4.33,5.5,1.6,4.25,6.05,,,,,,,,2021/2022
I1,2021-09-12,Cagliari,Genoa,2.0,3.0,A,8.0,9.0,3.0,3.0,15.0,15.0,2.0,6.0,2.0,3.0,0.0,0.0,2.0,3.5,3.75,2.14,3.47,3.73,,,,,,,,2021/2022
I1,2021-09-12,Spezia,Udinese,0.0,1.0,A,20.0,8.0,5.0,4.0,12.0,14.0,4.0,5.0,1.0,2.0,0.0,0.0,3.2,3.4,2.3,3.23,3.59,2.3,,,,,,,,2021/2022
I1,2021-09-12,Sampdoria,Inter Milan,2.0,2.0,D,12.0,8.0,3.0,3.0,12.0,13.0,4.0,4.0,4.0,4.0,0.0,0.0,5.0,4.0,1.61,5.21,4.17,1.68,,,,,,,,2021/2022
I1,2021-09-12,Roma,Sassuolo,2.0,1.0,H,19.0,13.0,9.0,7.0,7.0,11.0,4.0,6.0,2.0,1.0,0.0,0.0,1.57,4.75,5.0,1.61,5.0,4.94,,,,,,,,2021/2022
I1,2021-09-12,Torino,Salernitana,4.0,0.0,H,15.0,7.0,7.0,2.0,10.0,11.0,7.0,4.0,0.0,2.0,0.0,0.0,1.57,4.2,5.75,1.61,4.18,6.05,,,,,,,,2021/2022
I1,2021-09-12,Milan,Lazio,2.0,0.0,H,17.0,7.0,3.0,5.0,9.0,18.0,5.0,1.0,1.0,4.0,0.0,0.0,2.2,3.6,3.1,2.22,3.64,3.36,,,,,,,,2021/2022
I1,2021-09-13,Bologna,Verona,1.0,0.0,H,13.0,5.0,4.0,1.0,14.0,21.0,6.0,2.0,1.0,3.0,0.0,0.0,2.1,3.7,3.2,2.19,3.83,3.29,,,,,,,,2021/2022
I1,2021-09-17,Sassuolo,Torino,0.0,1.0,A,9.0,18.0,1.0,6.0,7.0,20.0,6.0,3.0,0.0,4.0,0.0,0.0,1.72,4.0,4.33,1.81,4.02,4.48,,,,,,,,2021/2022
I1,2021-09-18,Inter Milan,Bologna,6.0,1.0,H,19.0,7.0,11.0,2.0,10.0,9.0,5.0,1.0,0.0,3.0,0.0,0.0,1.36,5.0,8.5,1.4,5.3,8.33,,,,,,,,2021/2022
I1,2021-09-18,Salernitana,Atalanta,0.0,1.0,A,11.0,10.0,1.0,3.0,21.0,13.0,6.0,4.0,4.0,4.0,0.0,0.0,10.0,5.5,1.3,9.79,5.69,1.34,,,,,,,,2021/2022
I1,2021-09-18,Genoa,Fiorentina,1.0,2.0,A,9.0,16.0,3.0,5.0,13.0,16.0,1.0,11.0,4.0,4.0,0.0,0.0,3.3,3.3,2.25,3.56,3.42,2.23,,,,,,,,2021/2022
I1,2021-09-19,Empoli,Sampdoria,0.0,3.0,A,15.0,14.0,4.0,7.0,10.0,10.0,8.0,8.0,2.0,2.0,0.0,0.0,2.55,3.6,2.6,2.6,3.75,2.69,,,,,,,,2021/2022
I1,2021-09-19,Venezia,Spezia,1.0,2.0,A,14.0,12.0,3.0,3.0,13.0,10.0,3.0,10.0,4.0,1.0,0.0,0.0,2.45,3.4,2.9,2.47,3.59,2.95,,,,,,,,2021/2022
I1,2021-09-19,Lazio,Cagliari,2.0,2.0,D,28.0,10.0,10.0,3.0,3.0,11.0,10.0,1.0,1.0,3.0,0.0,1.0,1.44,4.75,7.0,1.46,4.97,7.24,,,,,,,,2021/2022
I1,2021-09-19,Verona,Roma,3.0,2.0,H,10.0,15.0,6.0,2.0,14.0,13.0,3.0,8.0,4.0,2.0,0.0,0.0,4.0,3.8,1.83,4.2,4.02,1.86,,,,,,,,2021/2022
I1,2021-09-19,Juventus,Milan,1.0,1.0,D,9.0,13.0,4.0,3.0,13.0,16.0,4.0,4.0,1.0,1.0,0.0,0.0,2.1,3.4,3.5,2.13,3.69,3.55,,,,,,,,2021/2022
I1,2021-09-20,Udinese,Napoli,0.0,4.0,A,9.0,18.0,1.0,8.0,10.0,11.0,2.0,5.0,2.0,1.0,0.0,0.0,4.5,3.6,1.83,4.69,3.65,1.86,,,,,,,,2021/2022
I1,2021-09-21,Bologna,Genoa,2.0,2.0,D,17.0,11.0,6.0,6.0,14.0,15.0,7.0,2.0,3.0,4.0,0.0,0.0,1.95,3.5,3.75,2.06,3.47,4.02,,,,,,,,2021/2022
I1,2021-09-21,Atalanta,Sassuolo,2.0,1.0,H,14.0,8.0,5.0,1.0,17.0,16.0,5.0,5.0,2.0,2.0,0.0,0.0,1.5,4.75,6.0,1.56,4.56,6.16,,,,,,,,2021/2022
I1,2021-09-21,Fiorentina,Inter Milan,1.0,3.0,A,14.0,17.0,6.0,5.0,11.0,15.0,4.0,8.0,2.0,3.0,1.0,0.0,3.75,3.6,1.9,3.8,3.75,2.03,,,,,,,,2021/2022
I1,2021-09-22,Salernitana,Verona,2.0,2.0,D,15.0,10.0,4.0,5.0,13.0,17.0,4.0,5.0,2.0,3.0,0.0,0.0,3.5,3.4,2.05,3.77,3.56,2.1,,,,,,,,2021/2022
I1,2021-09-22,Spezia,Juventus,2.0,3.0,A,10.0,26.0,5.0,9.0,14.0,10.0,5.0,15.0,2.0,1.0,0.0,0.0,8.0,5.5,1.33,8.94,5.42,1.37,,,,,,,,2021/2022
I1,2021-09-22,Cagliari,Empoli,0.0,2.0,A,16.0,17.0,1.0,5.0,15.0,13.0,7.0,4.0,2.0,1.0,0.0,0.0,2.0,3.75,3.4,2.04,3.85,3.65,,,,,,,,2021/2022
I1,2021-09-22,Milan,Venezia,2.0,0.0,H,15.0,8.0,4.0,2.0,12.0,13.0,4.0,4.0,0.0,2.0,0.0,0.0,1.25,6.0,12.0,1.25,6.55,12.36,,,,,,,,2021/2022
I1,2021-09-23,Sampdoria,Napoli,0.0,4.0,A,13.0,17.0,5.0,9.0,10.0,7.0,5.0,5.0,2.0,1.0,0.0,0.0,4.2,3.6,1.83,4.5,3.94,1.83,,,,,,,,2021/2022
I1,2021-09-23,Torino,Lazio,1.0,1.0,D,16.0,6.0,5.0,2.0,19.0,9.0,6.0,5.0,3.0,3.0,0.0,0.0,3.25,3.5,2.15,3.42,3.55,2.23,,,,,,,,2021/2022
I1,2021-09-23,Roma,Udinese,1.0,0.0,H,12.0,8.0,2.0,3.0,22.0,8.0,6.0,6.0,4.0,1.0,1.0,0.0,1.55,4.2,5.5,1.55,4.53,6.37,,,,,,,,2021/2022
I1,2021-09-25,Inter Milan,Atalanta,2.0,2.0,D,19.0,23.0,6.0,5.0,13.0,11.0,4.0,11.0,3.0,5.0,0.0,0.0,1.9,3.75,3.8,2.02,3.77,3.8,,,,,,,,2021/2022
I1,2021-09-25,Genoa,Verona,3.0,3.0,D,10.0,12.0,4.0,7.0,13.0,13.0,3.0,2.0,3.0,2.0,0.0,0.0,2.75,3.25,2.62,2.83,3.26,2.77,,,,,,,,2021/2022
I1,2021-09-25,Spezia,Milan,1.0,2.0,A,8.0,18.0,2.0,5.0,12.0,11.0,2.0,4.0,2.0,2.0,0.0,0.0,7.0,4.5,1.45,6.92,4.63,1.5,,,,,,,,2021/2022
I1,2021-09-26,Juventus,Sampdoria,3.0,2.0,H,16.0,5.0,6.0,3.0,22.0,16.0,4.0,2.0,4.0,3.0,0.0,0.0,1.3,5.75,9.0,1.36,5.43,9.52,,,,,,,,2021/2022
I1,2021-09-26,Empoli,Bologna,4.0,2.0,H,15.0,20.0,7.0,5.0,15.0,22.0,2.0,10.0,2.0,2.0,0.0,0.0,2.6,3.75,2.5,2.69,3.75,2.61,,,,,,,,2021/2022
I1,2021-09-26,Sassuolo,Salernitana,1.0,0.0,H,17.0,12.0,6.0,5.0,16.0,16.0,4.0,8.0,3.0,3.0,0.0,0.0,1.4,5.0,7.5,1.46,4.89,7.28,,,,,,,,2021/2022
I1,2021-09-26,Udinese,Fiorentina,0.0,1.0,A,12.0,8.0,5.0,2.0,14.0,11.0,4.0,1.0,2.0,3.0,0.0,0.0,3.1,3.4,2.3,3.13,3.55,2.38,,,,,,,,2021/2022
I1,2021-09-26,Lazio,Roma,3.0,2.0,H,9.0,20.0,4.0,8.0,11.0,13.0,1.0,9.0,2.0,4.0,0.0,0.0,2.62,3.5,2.6,2.75,3.54,2.66,,,,,,,,2021/2022
I1,2021-09-26,Napoli,Cagliari,2.0,0.0,H,18.0,6.0,7.0,1.0,12.0,10.0,6.0,4.0,2.0,1.0,0.0,0.0,1.25,6.0,11.0,1.27,6.47,11.91,,,,,,,,2021/2022
I1,2021-09-27,Venezia,Torino,1.0,1.0,D,8.0,8.0,2.0,3.0,9.0,18.0,4.0,1.0,1.0,4.0,0.0,1.0,3.6,3.5,2.05,3.67,3.57,2.13,,,,,,,,2021/2022
I1,2021-10-01,Cagliari,Venezia,1.0,1.0,D,9.0,10.0,3.0,4.0,15.0,19.0,2.0,4.0,2.0,5.0,0.0,0.0,1.85,3.5,4.33,1.9,3.6,4.54,,,,,,,,2021/2022
I1,2021-10-02,Salernitana,Genoa,1.0,0.0,H,10.0,19.0,4.0,4.0,15.0,17.0,10.0,8.0,2.0,2.0,0.0,0.0,2.87,3.3,2.45,3.04,3.31,2.56,,,,,,,,2021/2022
I1,2021-10-02,Torino,Juventus,0.0,1.0,A,12.0,10.0,2.0,3.0,20.0,14.0,4.0,6.0,3.0,1.0,0.0,0.0,4.5,3.5,1.8,4.72,3.7,1.85,,,,,,,,2021/2022
I1,2021-10-02,Sassuolo,Inter Milan,1.0,2.0,A,12.0,18.0,8.0,3.0,10.0,19.0,6.0,8.0,4.0,2.0,0.0,0.0,4.33,4.2,1.7,4.59,4.48,1.71,,,,,,,,2021/2022
I1,2021-10-03,Bologna,Lazio,3.0,0.0,H,10.0,8.0,3.0,4.0,5.0,16.0,3.0,3.0,2.0,5.0,0.0,1.0,3.1,3.6,2.2,3.27,3.64,2.27,,,,,,,,2021/2022
I1,2021-10-03,Sampdoria,Udinese,3.0,3.0,D,13.0,18.0,3.0,7.0,12.0,15.0,6.0,8.0,4.0,5.0,0.0,0.0,2.1,3.5,3.5,2.22,3.37,3.62,,,,,,,,2021/2022
I1,2021-10-03,Verona,Spezia,4.0,0.0,H,6.0,12.0,4.0,4.0,15.0,11.0,1.0,5.0,1.0,1.0,0.0,1.0,1.65,4.0,5.25,1.67,4.35,5.09,,,,,,,,2021/2022
I1,2021-10-03,Fiorentina,Napoli,1.0,2.0,A,10.0,12.0,3.0,6.0,16.0,13.0,8.0,2.0,3.0,3.0,0.0,0.0,3.9,3.5,1.95,4.06,3.53,2.03,,,,,,,,2021/2022
I1,2021-10-03,Roma,Empoli,2.0,0.0,H,18.0,11.0,7.0,3.0,11.0,16.0,5.0,5.0,2.0,3.0,0.0,0.0,1.4,5.0,7.0,1.45,5.42,6.69,,,,,,,,2021/2022
I1,2021-10-03,Atalanta,Milan,2.0,3.0,A,17.0,13.0,6.0,7.0,13.0,14.0,9.0,5.0,1.0,4.0,0.0,0.0,2.05,3.75,3.4,2.19,3.72,3.36,,,,,,,,2021/2022
I1,2021-10-16,Spezia,Salernitana,2.0,1.0,H,18.0,15.0,5.0,4.0,13.0,15.0,10.0,2.0,2.0,3.0,0.0,0.0,2.1,3.4,3.5,2.24,3.39,3.56,,,,,,,,2021/2022
I1,2021-10-16,Lazio,Inter Milan,3.0,1.0,H,19.0,12.0,8.0,4.0,12.0,12.0,7.0,3.0,3.0,6.0,1.0,0.0,3.3,3.5,2.15,3.52,3.54,2.19,,,,,,,,2021/2022
I1,2021-10-16,Milan,Verona,3.0,2.0,H,17.0,10.0,4.0,5.0,11.0,20.0,5.0,4.0,1.0,4.0,0.0,0.0,1.55,4.2,5.75,1.56,4.4,6.43,,,,,,,,2021/2022
I1,2021-10-17,Cagliari,Sampdoria,3.0,1.0,H,12.0,17.0,5.0,3.0,14.0,18.0,5.0,9.0,4.0,2.0,0.0,0.0,2.55,3.4,2.75,2.65,3.45,2.82,,,,,,,,2021/2022
I1,2021-10-17,Empoli,Atalanta,1.0,4.0,A,13.0,22.0,6.0,7.0,10.0,15.0,5.0,4.0,3.0,2.0,0.0,0.0,5.75,4.33,1.55,5.49,4.28,1.64,,,,,,,,2021/2022
I1,2021-10-17,Genoa,Sassuolo,2.0,2.0,D,19.0,15.0,4.0,5.0,11.0,18.0,6.0,1.0,2.0,4.0,0.0,0.0,3.1,3.5,2.25,3.22,3.5,2.35,,,,,,,,2021/2022
I1,2021-10-17,Udinese,Bologna,1.0,1.0,D,10.0,23.0,2.0,11.0,15.0,11.0,2.0,8.0,3.0,7.0,1.0,0.0,2.25,3.4,3.2,2.38,3.44,3.21,,,,,,,,2021/2022
I1,2021-10-17,Napoli,Torino,1.0,0.0,H,10.0,11.0,3.0,3.0,6.0,20.0,3.0,4.0,2.0,4.0,0.0,0.0,1.4,4.5,8.5,1.44,4.68,8.38,,,,,,,,2021/2022
I1,2021-10-17,Juventus,Roma,1.0,0.0,H,6.0,14.0,2.0,4.0,18.0,13.0,0.0,6.0,3.0,5.0,0.0,0.0,1.85,3.8,4.0,1.92,3.72,4.3,,,,,,,,2021/2022
I1,2021-10-18,Venezia,Fiorentina,1.0,0.0,H,4.0,10.0,2.0,2.0,17.0,11.0,2.0,5.0,2.0,5.0,0.0,1.0,4.2,3.75,1.83,4.09,3.81,1.93,,,,,,,,2021/2022
I1,2021-10-22,Torino,Genoa,3.0,2.0,H,17.0,14.0,6.0,4.0,20.0,18.0,2.0,4.0,2.0,3.0,0.0,0.0,1.7,3.7,5.0,1.74,3.83,5.31,,,,,,,,2021/2022
I1,2021-10-22,Sampdoria,Spezia,2.0,1.0,H,6.0,17.0,2.0,7.0,9.0,9.0,0.0,8.0,3.0,1.0,0.0,0.0,1.8,3.8,4.2,1.86,3.96,4.27,,,,,,,,2021/2022
I1,2021-10-23,Sassuolo,Venezia,3.0,1.0,H,14.0,8.0,7.0,3.0,10.0,15.0,5.0,4.0,1.0,2.0,0.0,0.0,1.57,4.2,5.5,1.6,4.32,5.98,,,,,,,,2021/2022
I1,2021-10-23,Bologna,Milan,2.0,4.0,A,9.0,15.0,4.0,7.0,7.0,15.0,4.0,1.0,1.0,3.0,2.0,0.0,3.35,3.6,2.1,3.42,3.54,2.24,,,,,,,,2021/2022
I1,2021-10-23,Salernitana,Empoli,2.0,4.0,A,12.0,11.0,6.0,6.0,11.0,16.0,7.0,1.0,1.0,3.0,0.0,0.0,2.7,3.4,2.62,2.75,3.46,2.71,,,,,,,,2021/2022
I1,2021-10-24,Atalanta,Udinese,1.0,1.0,D,8.0,9.0,3.0,3.0,15.0,15.0,6.0,3.0,2.0,2.0,0.0,0.0,1.4,5.0,7.5,1.4,5.24,8.48,,,,,,,,2021/2022
I1,2021-10-24,Fiorentina,Cagliari,3.0,0.0,H,21.0,3.0,5.0,1.0,11.0,15.0,4.0,1.0,0.0,2.0,0.0,0.0,1.65,4.0,5.25,1.68,4.12,5.29,,,,,,,,2021/2022
I1,2021-10-24,Verona,Lazio,4.0,1.0,H,16.0,9.0,7.0,4.0,12.0,15.0,3.0,4.0,2.0,2.0,0.0,0.0,3.1,3.6,2.2,3.15,3.68,2.31,,,,,,,,2021/2022
I1,2021-10-24,Roma,Napoli,0.0,0.0,D,13.0,11.0,1.0,3.0,14.0,10.0,7.0,4.0,4.0,1.0,0.0,0.0,2.87,3.5,2.4,2.95,3.52,2.5,,,,,,,,2021/2022
I1,2021-10-24,Inter Milan,Juventus,1.0,1.0,D,10.0,16.0,2.0,4.0,14.0,16.0,5.0,2.0,2.0,2.0,0.0,0.0,2.05,3.6,3.4,2.17,3.76,3.39,,,,,,,,2021/2022
I1,2021-10-26,Spezia,Genoa,1.0,1.0,D,13.0,9.0,3.0,2.0,12.0,16.0,3.0,3.0,2.0,4.0,0.0,0.0,2.3,3.5,3.0,2.4,3.58,3.07,,,,,,,,2021/2022
I1,2021-10-26,Venezia,Salernitana,1.0,2.0,A,8.0,21.0,4.0,7.0,17.0,13.0,4.0,5.0,3.0,3.0,1.0,0.0,1.95,3.4,4.0,1.98,3.55,4.21,,,,,,,,2021/2022
I1,2021-10-26,Milan,Torino,1.0,0.0,H,10.0,12.0,2.0,2.0,14.0,21.0,2.0,5.0,3.0,3.0,0.0,0.0,1.6,4.0,5.5,1.67,3.99,5.74,,,,,,,,2021/2022
I1,2021-10-27,Juventus,Sassuolo,1.0,2.0,A,14.0,8.0,3.0,4.0,21.0,15.0,4.0,4.0,1.0,5.0,0.0,0.0,1.44,4.75,6.5,1.43,5.15,7.5,,,,,,,,2021/2022
I1,2021-10-27,Udinese,Verona,1.0,1.0,D,16.0,5.0,5.0,2.0,13.0,12.0,7.0,4.0,1.0,2.0,0.0,0.0,2.4,3.4,2.9,2.53,3.32,3.08,,,,,,,,2021/2022
I1,2021-10-27,Sampdoria,Atalanta,1.0,3.0,A,8.0,13.0,3.0,4.0,15.0,19.0,3.0,3.0,4.0,3.0,0.0,0.0,4.33,4.2,1.72,4.52,4.37,1.74,,,,,,,,2021/2022
I1,2021-10-27,Lazio,Fiorentina,1.0,0.0,H,5.0,9.0,2.0,1.0,16.0,11.0,3.0,6.0,3.0,3.0,0.0,0.0,1.95,3.6,3.75,1.97,3.73,4.03,,,,,,,,2021/2022
I1,2021-10-27,Empoli,Inter Milan,0.0,2.0,A,9.0,21.0,3.0,9.0,20.0,15.0,5.0,6.0,1.0,3.0,1.0,0.0,5.75,4.75,1.5,6.34,5.03,1.5,,,,,,,,2021/2022
I1,2021-10-27,Cagliari,Roma,1.0,2.0,A,7.0,22.0,5.0,3.0,16.0,16.0,2.0,10.0,3.0,4.0,0.0,0.0,5.0,4.2,1.61,5.15,4.3,1.67,,,,,,,,2021/2022
I1,2021-10-28,Napoli,Bologna,3.0,0.0,H,18.0,8.0,6.0,1.0,20.0,5.0,4.0,2.0,1.0,1.0,0.0,0.0,1.3,5.5,9.5,1.37,5.71,8.38,,,,,,,,2021/2022
I1,2021-10-30,Atalanta,Lazio,2.0,2.0,D,17.0,8.0,3.0,5.0,13.0,13.0,6.0,2.0,1.0,3.0,0.0,0.0,1.9,3.8,3.8,1.91,4.15,3.85,,,,,,,,2021/2022
I1,2021-10-30,Verona,Juventus,2.0,1.0,H,12.0,15.0,5.0,4.0,22.0,8.0,4.0,1.0,4.0,3.0,0.0,0.0,4.0,3.8,1.85,4.24,3.9,1.88,,,,,,,,2021/2022
I1,2021-10-30,Torino,Sampdoria,3.0,0.0,H,16.0,5.0,6.0,1.0,19.0,8.0,4.0,5.0,2.0,4.0,0.0,1.0,1.9,3.75,3.8,1.93,3.82,4.11,,,,,,,,2021/2022
I1,2021-10-31,Genoa,Venezia,0.0,0.0,D,19.0,6.0,4.0,2.0,13.0,13.0,12.0,4.0,1.0,3.0,0.0,0.0,2.05,3.4,3.75,2.09,3.58,3.77,,,,,,,,2021/2022
I1,2021-10-31,Inter Milan,Udinese,2.0,0.0,H,15.0,9.0,6.0,5.0,9.0,11.0,6.0,4.0,0.0,2.0,0.0,0.0,1.36,5.0,8.5,1.35,5.29,10.46,,,,,,,,2021/2022
I1,2021-10-31,Fiorentina,Spezia,3.0,0.0,H,27.0,3.0,12.0,0.0,9.0,20.0,7.0,4.0,4.0,3.0,0.0,0.0,1.53,4.5,5.75,1.56,4.56,6.0,,,,,,,,2021/2022
I1,2021-10-31,Salernitana,Napoli,0.0,1.0,A,9.0,18.0,3.0,3.0,11.0,13.0,4.0,4.0,0.0,2.0,1.0,1.0,10.0,5.5,1.3,9.81,5.59,1.34,,,,,,,,2021/2022
I1,2021-10-31,Roma,Milan,1.0,2.0,A,24.0,8.0,6.0,3.0,19.0,13.0,6.0,2.0,4.0,7.0,0.0,1.0,2.3,3.5,3.0,2.29,3.78,3.11,,,,,,,,2021/2022
I1,2021-10-31,Sassuolo,Empoli,1.0,2.0,A,15.0,14.0,5.0,6.0,16.0,12.0,4.0,6.0,4.0,2.0,0.0,0.0,1.75,4.1,4.2,1.77,4.27,4.47,,,,,,,,2021/2022
I1,2021-11-01,Bologna,Cagliari,2.0,0.0,H,8.0,9.0,3.0,2.0,11.0,9.0,5.0,2.0,3.0,2.0,0.0,1.0,1.8,3.6,4.5,1.81,3.84,4.75,,,,,,,,2021/2022
I1,2021-11-05,Empoli,Genoa,2.0,2.0,D,10.0,15.0,2.0,7.0,8.0,21.0,4.0,5.0,0.0,4.0,0.0,0.0,2.1,3.75,3.2,2.17,3.78,3.37,,,,,,,,2021/2022
I1,2021-11-06,Spezia,Torino,1.0,0.0,H,7.0,9.0,3.0,1.0,15.0,17.0,2.0,3.0,3.0,3.0,0.0,0.0,3.6,3.6,2.0,3.73,3.64,2.08,,,,,,,,2021/2022
I1,2021-11-06,Juventus,Fiorentina,1.0,0.0,H,13.0,6.0,3.0,1.0,15.0,15.0,5.0,5.0,2.0,4.0,0.0,1.0,1.57,4.2,5.5,1.64,4.06,5.91,,,,,,,,2021/2022
I1,2021-11-06,Cagliari,Atalanta,1.0,2.0,A,7.0,21.0,1.0,8.0,11.0,9.0,2.0,7.0,1.0,1.0,0.0,0.0,6.0,4.5,1.5,6.1,4.65,1.55,,,,,,,,2021/2022
I1,2021-11-07,Venezia,Roma,3.0,2.0,H,13.0,27.0,7.0,10.0,12.0,18.0,4.0,11.0,2.0,2.0,0.0,0.0,5.75,4.5,1.53,5.92,4.61,1.56,,,,,,,,2021/2022
I1,2021-11-07,Sampdoria,Bologna,1.0,2.0,A,10.0,14.0,4.0,7.0,14.0,12.0,6.0,5.0,4.0,1.0,0.0,0.0,2.37,3.6,2.87,2.45,3.57,2.99,,,,,,,,2021/2022
I1,2021-11-07,Udinese,Sassuolo,3.0,2.0,H,13.0,10.0,2.0,4.0,14.0,15.0,1.0,5.0,3.0,3.0,1.0,0.0,2.4,3.5,2.8,2.4,3.59,3.05,,,,,,,,2021/2022
I1,2021-11-07,Lazio,Salernitana,3.0,0.0,H,16.0,5.0,5.0,0.0,7.0,14.0,5.0,1.0,1.0,2.0,0.0,0.0,1.3,5.5,9.5,1.33,5.96,9.59,,,,,,,,2021/2022
I1,2021-11-07,Napoli,Verona,1.0,1.0,D,16.0,11.0,1.0,3.0,16.0,19.0,3.0,2.0,2.0,7.0,0.0,2.0,1.36,5.0,8.0,1.41,5.14,8.04,,,,,,,,2021/2022
I1,2021-11-07,Milan,Inter Milan,1.0,1.0,D,16.0,13.0,4.0,3.0,16.0,11.0,4.0,8.0,1.0,0.0,0.0,0.0,3.25,3.5,2.15,3.33,3.73,2.21,,,,,,,,2021/2022
I1,2021-11-20,Lazio,Juventus,0.0,2.0,A,8.0,11.0,1.0,5.0,12.0,15.0,3.0,2.0,3.0,1.0,0.0,0.0,3.0,3.4,2.35,3.16,3.43,2.42,,,,,,,,2021/2022
I1,2021-11-20,Fiorentina,Milan,4.0,3.0,H,9.0,17.0,5.0,7.0,6.0,10.0,5.0,6.0,1.0,1.0,0.0,0.0,3.1,3.5,2.25,3.27,3.51,2.32,,,,,,,,2021/2022
I1,2021-11-20,Atalanta,Spezia,5.0,2.0,H,18.0,10.0,9.0,5.0,10.0,11.0,0.0,6.0,2.0,3.0,0.0,0.0,1.25,6.5,9.5,1.27,6.64,10.89,,,,,,,,2021/2022
I1,2021-11-21,Sassuolo,Cagliari,2.0,2.0,D,20.0,11.0,4.0,4.0,13.0,10.0,6.0,5.0,1.0,2.0,0.0,0.0,1.6,4.2,5.25,1.69,4.27,5.03,,,,,,,,2021/2022
I1,2021-11-21,Bologna,Venezia,0.0,1.0,A,22.0,8.0,6.0,6.0,6.0,9.0,17.0,0.0,0.0,3.0,0.0,0.0,1.61,4.0,5.5,1.65,4.16,5.65,,,,,,,,2021/2022
I1,2021-11-21,Salernitana,Sampdoria,0.0,2.0,A,18.0,13.0,2.0,6.0,10.0,19.0,13.0,3.0,0.0,3.0,0.0,0.0,3.1,3.25,2.37,3.16,3.35,2.45,,,,,,,,2021/2022
I1,2021-11-21,Inter Milan,Napoli,3.0,2.0,H,17.0,9.0,7.0,3.0,15.0,16.0,4.0,1.0,4.0,3.0,0.0,0.0,2.2,3.5,3.25,2.3,3.49,3.32,,,,,,,,2021/2022
I1,2021-11-21,Genoa,Roma,0.0,2.0,A,1.0,19.0,1.0,4.0,13.0,13.0,1.0,2.0,3.0,2.0,0.0,0.0,4.75,3.9,1.7,4.89,4.27,1.71,,,,,,,,2021/2022
I1,2021-11-22,Verona,Empoli,2.0,1.0,H,22.0,9.0,5.0,4.0,7.0,13.0,1.0,3.0,1.0,3.0,0.0,0.0,1.7,4.0,4.5,1.79,4.0,4.64,,,,,,,,2021/2022
I1,2021-11-22,Torino,Udinese,2.0,1.0,H,14.0,18.0,4.0,7.0,19.0,17.0,4.0,7.0,1.0,3.0,0.0,0.0,2.05,3.4,3.7,2.11,3.45,3.88,,,,,,,,2021/2022
I1,2021-11-26,Cagliari,Salernitana,1.0,1.0,D,19.0,8.0,3.0,2.0,13.0,10.0,7.0,6.0,3.0,1.0,0.0,0.0,1.83,3.6,4.33,1.87,3.65,4.65,,,,,,,,2021/2022
I1,2021-11-27,Sampdoria,Verona,3.0,1.0,H,15.0,14.0,5.0,3.0,13.0,16.0,4.0,5.0,4.0,1.0,0.0,0.0,2.9,3.5,2.37,2.97,3.4,2.56,,,,,,,,2021/2022
I1,2021-11-27,Empoli,Fiorentina,2.0,1.0,H,17.0,16.0,5.0,7.0,15.0,10.0,8.0,5.0,1.0,1.0,0.0,0.0,3.4,3.4,2.15,3.59,3.59,2.15,,,,,,,,2021/2022
I1,2021-11-27,Venezia,Inter Milan,0.0,2.0,A,6.0,27.0,1.0,11.0,9.0,4.0,3.0,9.0,2.0,0.0,0.0,0.0,8.0,5.0,1.36,9.03,4.89,1.41,,,,,,,,2021/2022
I1,2021-11-27,Juventus,Atalanta,0.0,1.0,A,15.0,7.0,2.0,1.0,13.0,20.0,6.0,4.0,4.0,5.0,0.0,0.0,2.2,3.5,3.25,2.24,3.55,3.41,,,,,,,,2021/2022
I1,2021-11-28,Udinese,Genoa,0.0,0.0,D,17.0,8.0,3.0,2.0,18.0,11.0,8.0,1.0,3.0,4.0,0.0,0.0,1.75,3.6,4.75,1.85,3.58,4.88,,,,,,,,2021/2022
I1,2021-11-28,Milan,Sassuolo,1.0,3.0,A,15.0,15.0,2.0,5.0,15.0,7.0,7.0,6.0,4.0,2.0,1.0,0.0,1.53,4.5,5.5,1.59,4.59,5.59,,,,,,,,2021/2022
I1,2021-11-28,Spezia,Bologna,0.0,1.0,A,13.0,17.0,5.0,5.0,16.0,12.0,3.0,6.0,3.0,1.0,0.0,0.0,3.0,3.5,2.3,3.26,3.52,2.32,,,,,,,,2021/2022
I1,2021-11-28,Roma,Torino,1.0,0.0,H,10.0,17.0,2.0,3.0,7.0,11.0,2.0,9.0,2.0,1.0,0.0,0.0,1.72,4.0,4.5,1.74,4.12,4.85,,,,,,,,2021/2022
I1,2021-11-28,Napoli,Lazio,4.0,0.0,H,18.0,6.0,8.0,2.0,9.0,14.0,1.0,3.0,2.0,4.0,0.0,0.0,1.8,3.8,4.33,1.83,3.9,4.54,,,,,,,,2021/2022
I1,2021-11-30,Atalanta,Venezia,4.0,0.0,H,19.0,8.0,6.0,4.0,11.0,9.0,4.0,2.0,0.0,1.0,0.0,0.0,1.22,6.0,12.0,1.24,6.43,14.96,,,,,,,,2021/2022
I1,2021-11-30,Fiorentina,Sampdoria,3.0,1.0,H,17.0,11.0,7.0,4.0,6.0,16.0,3.0,6.0,0.0,3.0,0.0,0.0,1.7,3.8,5.0,1.74,3.83,5.31,,,,,,,,2021/2022
I1,2021-11-30,Salernitana,Juventus,0.0,2.0,A,4.0,18.0,0.0,7.0,14.0,9.0,4.0,4.0,1.0,1.0,0.0,0.0,9.5,5.5,1.3,9.52,5.49,1.35,,,,,,,,2021/2022
I1,2021-11-30,Verona,Cagliari,0.0,0.0,D,15.0,12.0,6.0,4.0,15.0,12.0,11.0,1.0,3.0,2.0,0.0,0.0,1.61,4.0,5.25,1.69,4.19,5.15,,,,,,,,2021/2022
I1,2021-12-01,Bologna,Roma,1.0,0.0,H,6.0,13.0,3.0,5.0,9.0,18.0,3.0,3.0,3.0,4.0,0.0,0.0,3.1,3.6,2.2,3.18,3.65,2.3,,,,,,,,2021/2022
I1,2021-12-01,Inter Milan,Spezia,2.0,0.0,H,31.0,7.0,11.0,4.0,18.0,10.0,11.0,1.0,1.0,2.0,0.0,0.0,1.18,7.5,13.0,1.19,7.76,15.66,,,,,,,,2021/2022
I1,2021-12-01,Genoa,Milan,0.0,3.0,A,10.0,18.0,3.0,5.0,11.0,16.0,2.0,6.0,2.0,1.0,0.0,0.0,5.0,4.0,1.66,5.47,4.24,1.65,,,,,,,,2021/2022
I1,2021-12-01,Sassuolo,Napoli,2.0,2.0,D,9.0,9.0,7.0,4.0,10.0,19.0,5.0,4.0,4.0,2.0,0.0,0.0,4.0,3.9,1.8,4.22,3.9,1.88,,,,,,,,2021/2022
I1,2021-12-02,Torino,Empoli,2.0,2.0,D,10.0,16.0,3.0,5.0,9.0,15.0,1.0,11.0,1.0,3.0,1.0,0.0,1.72,3.8,4.75,1.79,3.74,5.0,,,,,,,,2021/2022
I1,2021-12-02,Lazio,Udinese,4.0,4.0,D,13.0,12.0,5.0,5.0,11.0,11.0,5.0,4.0,3.0,5.0,1.0,2.0,1.66,3.8,5.25,1.7,4.06,5.28,,,,,,,,2021/2022
I1,2021-12-04,Milan,Salernitana,2.0,0.0,H,22.0,7.0,8.0,2.0,11.0,9.0,9.0,5.0,1.0,2.0,0.0,0.0,1.18,7.0,15.0,1.22,7.05,14.29,,,,,,,,2021/2022
I1,2021-12-04,Roma,Inter Milan,0.0,3.0,A,9.0,10.0,1.0,4.0,9.0,6.0,4.0,4.0,3.0,1.0,0.0,0.0,3.8,3.8,1.9,3.93,3.75,1.99,,,,,,,,2021/2022
I1,2021-12-04,Napoli,Atalanta,2.0,3.0,A,15.0,21.0,4.0,7.0,16.0,18.0,6.0,7.0,2.0,3.0,0.0,0.0,2.45,3.5,2.8,2.52,3.59,2.88,,,,,,,,2021/2022
I1,2021-12-05,Bologna,Fiorentina,2.0,3.0,A,8.0,6.0,3.0,3.0,12.0,15.0,0.0,2.0,3.0,3.0,0.0,0.0,2.87,3.3,2.5,2.97,3.27,2.64,,,,,,,,2021/2022
I1,2021-12-05,Spezia,Sassuolo,2.0,2.0,D,9.0,20.0,4.0,5.0,11.0,9.0,2.0,5.0,4.0,3.0,0.0,0.0,3.3,3.75,2.05,3.48,3.9,2.09,,,,,,,,2021/2022
I1,2021-12-05,Venezia,Verona,3.0,4.0,A,9.0,16.0,5.0,6.0,13.0,14.0,1.0,6.0,2.0,2.0,1.0,0.0,3.6,3.5,2.0,3.97,3.54,2.05,,,,,,,,2021/2022
I1,2021-12-05,Sampdoria,Lazio,1.0,3.0,A,18.0,6.0,5.0,5.0,13.0,9.0,7.0,0.0,4.0,3.0,0.0,1.0,3.5,3.6,2.05,3.52,3.83,2.09,,,,,,,,2021/2022
I1,2021-12-05,Juventus,Genoa,2.0,0.0,H,27.0,0.0,12.0,0.0,15.0,7.0,5.0,1.0,3.0,1.0,0.0,0.0,1.25,6.0,12.0,1.26,6.23,13.18,,,,,,,,2021/2022
I1,2021-12-06,Empoli,Udinese,3.0,1.0,H,22.0,19.0,9.0,8.0,12.0,18.0,8.0,6.0,4.0,3.0,0.0,0.0,2.6,3.25,2.8,2.67,3.45,2.79,,,,,,,,2021/2022
I1,2021-12-06,Cagliari,Torino,1.0,1.0,D,15.0,8.0,2.0,3.0,12.0,24.0,5.0,2.0,2.0,4.0,0.0,0.0,3.5,3.2,2.25,3.4,3.24,2.38,,,,,,,,2021/2022
I1,2021-12-10,Genoa,Sampdoria,1.0,3.0,A,12.0,14.0,2.0,6.0,15.0,17.0,8.0,3.0,2.0,2.0,0.0,0.0,3.2,3.3,2.25,3.4,3.2,2.4,,,,,,,,2021/2022
I1,2021-12-11,Fiorentina,Salernitana,4.0,0.0,H,17.0,11.0,9.0,6.0,9.0,11.0,1.0,3.0,1.0,1.0,0.0,0.0,1.3,5.5,9.5,1.34,5.57,9.83,,,,,,,,2021/2022
I1,2021-12-11,Venezia,Juventus,1.0,1.0,D,13.0,20.0,4.0,6.0,20.0,10.0,3.0,11.0,4.0,2.0,0.0,0.0,9.0,4.75,1.36,9.46,4.95,1.39,,,,,,,,2021/2022
I1,2021-12-11,Udinese,Milan,1.0,1.0,D,11.0,12.0,6.0,1.0,17.0,10.0,3.0,5.0,2.0,2.0,1.0,0.0,4.2,3.5,1.9,4.33,3.7,1.92,,,,,,,,2021/2022
I1,2021-12-12,Torino,Bologna,2.0,1.0,H,16.0,8.0,7.0,5.0,16.0,18.0,5.0,0.0,2.0,4.0,0.0,0.0,2.2,3.25,3.5,2.32,3.25,3.54,,,,,,,,2021/2022
I1,2021-12-12,Verona,Atalanta,1.0,2.0,A,19.0,14.0,4.0,6.0,12.0,10.0,6.0,6.0,2.0,1.0,0.0,0.0,3.8,3.8,1.9,3.83,4.09,1.93,,,,,,,,2021/2022
I1,2021-12-12,Napoli,Empoli,0.0,1.0,A,30.0,12.0,6.0,5.0,8.0,11.0,10.0,3.0,0.0,1.0,0.0,0.0,1.33,5.0,10.0,1.37,5.35,8.99,,,,,,,,2021/2022
I1,2021-12-12,Sassuolo,Lazio,2.0,1.0,H,17.0,6.0,6.0,2.0,9.0,11.0,6.0,0.0,1.0,2.0,1.0,0.0,2.7,3.5,2.5,2.72,3.65,2.63,,,,,,,,2021/2022
I1,2021-12-12,Inter Milan,Cagliari,4.0,0.0,H,24.0,5.0,15.0,2.0,9.0,13.0,9.0,0.0,1.0,2.0,0.0,0.0,1.16,8.0,15.0,1.18,7.82,18.32,,,,,,,,2021/2022
I1,2021-12-13,Roma,Spezia,2.0,0.0,H,12.0,8.0,6.0,2.0,13.0,7.0,9.0,4.0,4.0,1.0,1.0,0.0,1.4,5.0,7.5,1.44,5.04,7.63,,,,,,,,2021/2022
I1,2021-12-17,Lazio,Genoa,3.0,1.0,H,11.0,4.0,5.0,2.0,9.0,8.0,5.0,2.0,0.0,3.0,0.0,0.0,1.53,4.33,6.0,1.54,4.31,6.89,,,,,,,,2021/2022
I1,2021-12-17,Salernitana,Inter Milan,0.0,5.0,A,10.0,23.0,2.0,8.0,10.0,10.0,3.0,10.0,1.0,2.0,0.0,0.0,15.0,8.0,1.16,17.5,8.6,1.17,,,,,,,,2021/2022
I1,2021-12-18,Atalanta,Roma,1.0,4.0,A,17.0,8.0,6.0,5.0,11.0,15.0,10.0,0.0,1.0,3.0,0.0,0.0,1.7,4.33,4.33,1.72,4.32,4.7,,,,,,,,2021/2022
I1,2021-12-18,Bologna,Juventus,0.0,2.0,A,11.0,11.0,3.0,7.0,7.0,19.0,8.0,4.0,1.0,1.0,0.0,0.0,4.1,3.7,1.83,4.35,3.66,1.93,,,,,,,,2021/2022
I1,2021-12-18,Cagliari,Udinese,0.0,4.0,A,5.0,10.0,2.0,5.0,12.0,14.0,4.0,2.0,4.0,2.0,1.0,0.0,3.0,3.25,2.4,3.14,3.24,2.53,,,,,,,,2021/2022
I1,2021-12-19,Fiorentina,Sassuolo,2.0,2.0,D,23.0,8.0,8.0,4.0,7.0,14.0,9.0,3.0,3.0,5.0,1.0,0.0,1.85,3.8,3.9,1.92,3.85,4.15,,,,,,,,2021/2022
I1,2021-12-19,Spezia,Empoli,1.0,1.0,D,9.0,22.0,2.0,6.0,20.0,9.0,3.0,5.0,3.0,2.0,0.0,0.0,2.62,3.75,2.45,2.72,3.75,2.58,,,,,,,,2021/2022
I1,2021-12-19,Sampdoria,Venezia,1.0,1.0,D,18.0,12.0,8.0,1.0,8.0,17.0,4.0,3.0,2.0,1.0,0.0,0.0,1.8,3.8,4.33,1.8,3.74,4.94,,,,,,,,2021/2022
I1,2021-12-19,Torino,Verona,1.0,0.0,H,8.0,8.0,1.0,2.0,15.0,7.0,5.0,3.0,1.0,2.0,0.0,1.0,2.2,3.4,3.3,2.28,3.35,3.51,,,,,,,,2021/2022
I1,2021-12-19,Milan,Napoli,0.0,1.0,A,12.0,11.0,2.0,2.0,14.0,18.0,5.0,5.0,0.0,2.0,0.0,0.0,2.25,3.5,3.1,2.32,3.64,3.16,,,,,,,,2021/2022
I1,2021-12-21,Genoa,Atalanta,0.0,0.0,D,1.0,17.0,0.0,3.0,13.0,15.0,3.0,8.0,2.0,1.0,0.0,0.0,7.5,5.25,1.36,8.14,4.95,1.43,,,,,,,,2021/2022
I1,2021-12-21,Juventus,Cagliari,2.0,0.0,H,15.0,6.0,4.0,1.0,16.0,12.0,7.0,1.0,0.0,3.0,0.0,0.0,1.18,6.5,17.0,1.19,7.0,20.0,,,,,,,,2021/2022
I1,2021-12-22,Sassuolo,Bologna,0.0,3.0,A,13.0,9.0,5.0,5.0,13.0,12.0,5.0,5.0,1.0,3.0,0.0,0.0,2.0,3.6,3.6,2.06,3.76,3.69,,,,,,,,2021/2022
I1,2021-12-22,Venezia,Lazio,1.0,3.0,A,11.0,7.0,2.0,4.0,11.0,10.0,4.0,4.0,3.0,3.0,1.0,0.0,4.2,3.6,1.85,4.24,3.63,1.95,,,,,,,,2021/2022
I1,2021-12-22,Inter Milan,Torino,1.0,0.0,H,14.0,12.0,3.0,3.0,10.0,17.0,7.0,4.0,1.0,0.0,0.0,0.0,1.3,5.5,10.0,1.34,5.64,9.71,,,,,,,,2021/2022
I1,2021-12-22,Roma,Sampdoria,1.0,1.0,D,15.0,10.0,4.0,2.0,6.0,8.0,10.0,2.0,0.0,3.0,0.0,0.0,1.55,4.33,5.5,1.6,4.46,5.69,,,,,,,,2021/2022
I1,2021-12-22,Verona,Fiorentina,1.0,1.0,D,7.0,11.0,2.0,1.0,15.0,5.0,3.0,8.0,2.0,1.0,0.0,0.0,2.9,3.5,2.37,3.01,3.48,2.48,,,,,,,,2021/2022
I1,2021-12-22,Empoli,Milan,2.0,4.0,A,16.0,18.0,5.0,8.0,18.0,10.0,7.0,3.0,1.0,2.0,0.0,0.0,4.5,3.9,1.75,4.78,4.03,1.76,,,,,,,,2021/2022
I1,2021-12-22,Napoli,Spezia,0.0,1.0,A,25.0,8.0,7.0,0.0,14.0,12.0,10.0,5.0,2.0,3.0,0.0,0.0,1.22,6.5,12.0,1.25,6.5,13.25,,,,,,,,2021/2022
I1,2022-01-06,Sampdoria,Cagliari,1.0,2.0,A,4.0,15.0,1.0,7.0,12.0,17.0,0.0,5.0,1.0,3.0,1.0,0.0,1.85,3.75,4.0,1.89,3.65,4.53,,,,,,,,2021/2022
I1,2022-01-06,Lazio,Empoli,3.0,3.0,D,23.0,11.0,10.0,4.0,13.0,11.0,9.0,2.0,4.0,4.0,0.0,0.0,1.6,4.4,5.0,1.62,4.67,5.18,,,,,,,,2021/2022
I1,2022-01-06,Spezia,Verona,1.0,2.0,A,9.0,22.0,3.0,5.0,14.0,11.0,6.0,7.0,3.0,2.0,1.0,0.0,3.5,3.5,2.05,3.79,3.61,2.07,,,,,,,,2021/2022
I1,2022-01-06,Sassuolo,Genoa,1.0,1.0,D,28.0,4.0,7.0,1.0,8.0,11.0,7.0,4.0,3.0,0.0,0.0,0.0,1.57,4.33,5.25,1.64,4.42,5.33,,,,,,,,2021/2022
I1,2022-01-06,Milan,Roma,3.0,1.0,H,19.0,11.0,5.0,5.0,6.0,20.0,3.0,9.0,2.0,6.0,0.0,2.0,1.9,3.7,3.8,2.04,3.73,3.78,,,,,,,,2021/2022
I1,2022-01-06,Juventus,Napoli,1.0,1.0,D,22.0,16.0,5.0,4.0,8.0,11.0,4.0,3.0,2.0,1.0,0.0,0.0,1.9,3.6,4.0,1.99,3.59,4.14,,,,,,,,2021/2022
I1,2022-01-09,Udinese,Atalanta,2.0,6.0,A,8.0,21.0,4.0,7.0,9.0,12.0,2.0,5.0,2.0,2.0,0.0,0.0,3.5,3.6,2.05,3.62,3.55,2.15,,,,,,,,2021/2022
I1,2022-01-09,Empoli,Sassuolo,1.0,5.0,A,15.0,25.0,4.0,14.0,10.0,15.0,5.0,5.0,2.0,3.0,1.0,0.0,2.5,3.8,2.55,2.62,3.94,2.52,,,,,,,,2021/2022
I1,2022-01-09,Venezia,Milan,0.0,3.0,A,9.0,18.0,3.0,8.0,11.0,11.0,1.0,7.0,1.0,3.0,1.0,0.0,6.0,4.0,1.57,6.29,4.17,1.56,,,,,,,,2021/2022
I1,2022-01-09,Napoli,Sampdoria,1.0,0.0,H,22.0,10.0,5.0,1.0,12.0,11.0,13.0,0.0,0.0,2.0,0.0,0.0,1.4,5.0,7.5,1.46,4.76,7.08,,,,,,,,2021/2022
I1,2022-01-09,Roma,Juventus,3.0,4.0,A,19.0,14.0,7.0,5.0,11.0,12.0,8.0,1.0,3.0,4.0,0.0,1.0,3.3,3.5,2.15,3.37,3.4,2.26,,,,,,,,2021/2022
I1,2022-01-09,Inter Milan,Lazio,2.0,1.0,H,17.0,5.0,6.0,2.0,11.0,14.0,4.0,3.0,1.0,4.0,0.0,0.0,1.4,5.0,7.0,1.44,4.78,7.46,,,,,,,,2021/2022
I1,2022-01-09,Verona,Salernitana,1.0,2.0,A,24.0,9.0,7.0,5.0,13.0,12.0,17.0,4.0,1.0,3.0,1.0,0.0,1.36,5.0,8.0,1.38,5.07,8.75,,,,,,,,2021/2022
I1,2022-01-09,Genoa,Spezia,0.0,1.0,A,15.0,17.0,2.0,9.0,17.0,16.0,7.0,4.0,3.0,3.0,0.0,0.0,2.1,3.3,3.6,2.19,3.32,3.64,,,,,,,,2021/2022
I1,2022-01-10,Torino,Fiorentina,4.0,0.0,H,9.0,10.0,6.0,3.0,16.0,12.0,1.0,5.0,2.0,2.0,0.0,0.0,,,,,,,,,,,,,,2021/2022
I1,2022-01-11,Cagliari,Bologna,2.0,1.0,H,13.0,9.0,4.0,3.0,12.0,15.0,5.0,5.0,3.0,2.0,0.0,0.0,2.75,3.3,2.55,2.9,3.37,2.63,,,,,,,,2021/2022
I1,2022-01-15,Sampdoria,Torino,1.0,2.0,A,11.0,20.0,3.0,12.0,13.0,14.0,3.0,10.0,0.0,2.0,0.0,0.0,3.0,3.2,2.45,3.13,3.25,2.47,,,,,,,,2021/2022
I1,2022-01-15,Salernitana,Lazio,0.0,3.0,A,6.0,15.0,1.0,8.0,11.0,16.0,3.0,7.0,2.0,3.0,0.0,0.0,7.0,4.5,1.45,7.44,4.65,1.45,,,,,,,,2021/2022
I1,2022-01-15,Juventus,Udinese,2.0,0.0,H,14.0,16.0,4.0,3.0,13.0,10.0,7.0,6.0,1.0,2.0,0.0,0.0,1.4,4.75,7.5,1.39,4.71,9.26,,,,,,,,2021/2022
I1,2022-01-16,Sassuolo,Verona,2.0,4.0,A,13.0,21.0,5.0,6.0,6.0,18.0,9.0,7.0,2.0,4.0,0.0,0.0,2.2,3.5,3.2,2.25,3.54,3.27,,,,,,,,2021/2022
I1,2022-01-16,Venezia,Empoli,1.0,1.0,D,14.0,17.0,3.0,6.0,13.0,17.0,6.0,5.0,3.0,5.0,0.0,0.0,2.62,3.5,2.55,2.75,3.7,2.5,,,,,,,,2021/2022
I1,2022-01-16,Roma,Cagliari,1.0,0.0,H,15.0,8.0,7.0,2.0,13.0,17.0,1.0,1.0,3.0,4.0,0.0,0.0,1.36,5.0,8.5,1.37,5.04,8.91,,,,,,,,2021/2022
I1,2022-01-16,Atalanta,Inter Milan,0.0,0.0,D,12.0,11.0,6.0,3.0,12.0,9.0,6.0,4.0,2.0,2.0,0.0,0.0,2.87,3.75,2.3,2.89,3.85,2.34,,,,,,,,2021/2022
I1,2022-01-17,Milan,Spezia,1.0,2.0,A,25.0,10.0,8.0,6.0,11.0,17.0,10.0,1.0,2.0,5.0,0.0,0.0,1.33,5.0,9.5,1.32,5.53,10.23,,,,,,,,2021/2022
I1,2022-01-17,Fiorentina,Genoa,6.0,0.0,H,22.0,3.0,12.0,0.0,10.0,11.0,4.0,0.0,1.0,3.0,0.0,0.0,1.45,4.2,7.5,1.43,4.67,7.91,,,,,,,,2021/2022
I1,2022-01-17,Bologna,Napoli,0.0,2.0,A,12.0,14.0,5.0,5.0,9.0,10.0,1.0,4.0,3.0,1.0,0.0,0.0,4.0,3.4,1.95,4.17,3.39,2.0,,,,,,,,2021/2022
I1,2022-01-21,Verona,Bologna,2.0,1.0,H,14.0,8.0,6.0,2.0,21.0,9.0,7.0,2.0,2.0,4.0,0.0,0.0,1.95,3.6,3.8,1.96,3.7,3.93,,,,,,,,2021/2022
I1,2022-01-22,Genoa,Udinese,0.0,0.0,D,10.0,2.0,3.0,0.0,27.0,17.0,10.0,4.0,4.0,4.0,1.0,0.0,3.5,3.3,2.15,3.5,3.33,2.24,,,,,,,,2021/2022
I1,2022-01-22,Inter Milan,Venezia,2.0,1.0,H,24.0,3.0,12.0,3.0,13.0,9.0,6.0,0.0,3.0,4.0,0.0,0.0,1.1,9.5,21.0,1.11,10.15,27.06,,,,,,,,2021/2022
I1,2022-01-22,Lazio,Atalanta,0.0,0.0,D,9.0,6.0,1.0,2.0,10.0,17.0,4.0,1.0,0.0,3.0,0.0,0.0,3.2,3.5,2.2,3.19,3.86,2.17,,,,,,,,2021/2022
I1,2022-01-23,Cagliari,Fiorentina,1.0,1.0,D,12.0,16.0,3.0,6.0,21.0,16.0,6.0,4.0,3.0,3.0,0.0,1.0,5.25,4.1,1.61,5.65,4.25,1.6,,,,,,,,2021/2022
I1,2022-01-23,Napoli,Salernitana,4.0,1.0,H,26.0,1.0,14.0,1.0,9.0,14.0,10.0,0.0,0.0,4.0,0.0,1.0,1.14,8.0,17.0,1.16,8.33,17.61,,,,,,,,2021/2022
I1,2022-01-23,Spezia,Sampdoria,1.0,0.0,H,7.0,8.0,2.0,0.0,24.0,12.0,2.0,4.0,2.0,4.0,0.0,1.0,2.7,3.3,2.62,2.8,3.21,2.75,,,,,,,,2021/2022
I1,2022-01-23,Torino,Sassuolo,1.0,1.0,D,21.0,6.0,6.0,1.0,21.0,15.0,4.0,3.0,3.0,3.0,0.0,0.0,2.1,3.6,3.3,2.1,3.56,3.6,,,,,,,,2021/2022
I1,2022-01-23,Empoli,Roma,2.0,4.0,A,16.0,16.0,7.0,8.0,13.0,14.0,2.0,3.0,2.0,2.0,0.0,0.0,4.0,4.2,1.8,4.13,4.21,1.8,,,,,,,,2021/2022
I1,2022-01-23,Milan,Juventus,0.0,0.0,D,14.0,8.0,4.0,0.0,16.0,19.0,4.0,1.0,2.0,2.0,0.0,0.0,2.62,3.3,2.7,2.78,3.17,2.8,,,,,,,,2021/2022
I1,2022-02-05,Roma,Genoa,0.0,0.0,D,23.0,10.0,3.0,3.0,8.0,23.0,6.0,4.0,3.0,2.0,1.0,1.0,1.36,5.5,7.5,1.33,5.45,9.73,,,,,,,,2021/2022
I1,2022-02-05,Inter Milan,Milan,1.0,2.0,A,11.0,10.0,5.0,3.0,20.0,14.0,6.0,4.0,2.0,4.0,0.0,1.0,1.8,3.75,4.5,1.81,3.78,4.55,,,,,,,,2021/2022
I1,2022-02-05,Fiorentina,Lazio,0.0,3.0,A,9.0,12.0,3.0,7.0,13.0,15.0,4.0,3.0,3.0,5.0,1.0,0.0,2.37,3.5,2.9,2.39,3.47,3.07,,,,,,,,2021/2022
I1,2022-02-06,Atalanta,Cagliari,1.0,2.0,A,10.0,7.0,3.0,4.0,13.0,14.0,3.0,1.0,1.0,5.0,1.0,0.0,1.25,6.5,11.0,1.22,6.65,13.47,,,,,,,,2021/2022
I1,2022-02-06,Bologna,Empoli,0.0,0.0,D,12.0,15.0,2.0,4.0,9.0,16.0,3.0,5.0,2.0,4.0,0.0,0.0,2.0,3.6,3.6,2.02,3.66,3.75,,,,,,,,2021/2022
I1,2022-02-06,Sampdoria,Sassuolo,4.0,0.0,H,11.0,26.0,7.0,9.0,15.0,16.0,3.0,9.0,2.0,2.0,0.0,0.0,2.8,3.8,2.3,2.76,3.67,2.51,,,,,,,,2021/2022
I1,2022-02-06,Venezia,Napoli,0.0,2.0,A,7.0,16.0,3.0,6.0,12.0,11.0,2.0,6.0,2.0,2.0,1.0,0.0,7.5,4.75,1.4,7.68,4.93,1.42,,,,,,,,2021/2022
I1,2022-02-06,Udinese,Torino,2.0,0.0,H,11.0,5.0,3.0,1.0,12.0,21.0,8.0,3.0,3.0,5.0,0.0,1.0,3.1,3.3,2.37,3.19,3.23,2.44,,,,,,,,2021/2022
I1,2022-02-06,Juventus,Verona,2.0,0.0,H,11.0,13.0,8.0,1.0,11.0,11.0,6.0,5.0,1.0,1.0,0.0,0.0,1.53,4.33,6.0,1.54,4.41,6.21,,,,,,,,2021/2022
I1,2022-02-07,Salernitana,Spezia,2.0,2.0,D,9.0,13.0,5.0,2.0,12.0,19.0,5.0,6.0,3.0,3.0,0.0,0.0,2.87,3.4,2.5,2.96,3.35,2.52,,,,,,,,2021/2022
I1,2022-02-12,Lazio,Bologna,3.0,0.0,H,12.0,11.0,6.0,3.0,13.0,16.0,5.0,3.0,2.0,2.0,0.0,0.0,1.7,4.0,4.75,1.77,4.07,4.68,,,,,,,,2021/2022
I1,2022-02-12,Napoli,Inter Milan,1.0,1.0,D,13.0,8.0,4.0,2.0,8.0,13.0,4.0,2.0,1.0,1.0,0.0,0.0,2.75,3.4,2.55,2.77,3.58,2.63,,,,,,,,2021/2022
I1,2022-02-12,Torino,Venezia,1.0,2.0,A,14.0,5.0,2.0,2.0,14.0,12.0,8.0,4.0,2.0,3.0,0.0,1.0,1.5,4.2,7.0,1.52,4.33,7.46,,,,,,,,2021/2022
I1,2022-02-13,Genoa,Salernitana,1.0,1.0,D,15.0,12.0,5.0,4.0,17.0,10.0,5.0,4.0,3.0,2.0,0.0,0.0,1.83,3.75,4.33,1.88,3.73,4.43,,,,,,,,2021/2022
I1,2022-02-13,Empoli,Cagliari,1.0,1.0,D,13.0,17.0,4.0,5.0,14.0,13.0,6.0,4.0,1.0,2.0,0.0,0.0,1.95,3.8,3.6,2.04,3.84,3.67,,,,,,,,2021/2022
I1,2022-02-13,Milan,Sampdoria,1.0,0.0,H,15.0,4.0,7.0,1.0,13.0,11.0,4.0,0.0,3.0,1.0,0.0,0.0,1.4,4.75,7.5,1.43,5.03,7.84,,,,,,,,2021/2022
I1,2022-02-13,Atalanta,Juventus,1.0,1.0,D,21.0,15.0,3.0,6.0,13.0,9.0,8.0,8.0,2.0,3.0,0.0,0.0,2.8,3.5,2.37,3.0,3.54,2.47,,,,,,,,2021/2022
I1,2022-02-13,Sassuolo,Roma,2.0,2.0,D,12.0,12.0,3.0,7.0,13.0,13.0,4.0,3.0,4.0,2.0,1.0,0.0,3.4,3.9,2.0,3.42,3.93,2.1,,,,,,,,2021/2022
I1,2022-02-13,Verona,Udinese,4.0,0.0,H,6.0,21.0,5.0,7.0,18.0,7.0,2.0,7.0,3.0,1.0,0.0,0.0,1.83,3.6,4.2,1.91,3.61,4.48,,,,,,,,2021/2022
I1,2022-02-14,Spezia,Fiorentina,1.0,2.0,A,9.0,21.0,1.0,4.0,17.0,10.0,4.0,8.0,2.0,1.0,0.0,0.0,3.75,3.6,1.95,4.06,3.65,1.99,,,,,,,,2021/2022
I1,2022-02-18,Juventus,Torino,1.0,1.0,D,11.0,10.0,3.0,3.0,16.0,19.0,7.0,9.0,1.0,2.0,0.0,0.0,1.57,3.75,6.5,1.65,3.7,6.67,,,,,,,,2021/2022
I1,2022-02-19,Roma,Verona,2.0,2.0,D,7.0,5.0,3.0,3.0,18.0,14.0,4.0,2.0,3.0,2.0,0.0,0.0,1.95,3.75,3.6,2.09,3.55,3.81,,,,,,,,2021/2022
I1,2022-02-19,Salernitana,Milan,2.0,2.0,D,9.0,14.0,5.0,5.0,14.0,12.0,4.0,7.0,2.0,4.0,0.0,0.0,9.0,5.0,1.36,9.97,5.3,1.36,,,,,,,,2021/2022
I1,2022-02-19,Sampdoria,Empoli,2.0,0.0,H,8.0,10.0,3.0,2.0,15.0,12.0,3.0,6.0,4.0,2.0,0.0,0.0,2.2,3.4,3.2,2.2,3.61,3.44,,,,,,,,2021/2022
I1,2022-02-20,Fiorentina,Atalanta,1.0,0.0,H,6.0,7.0,3.0,1.0,17.0,20.0,2.0,1.0,2.0,5.0,0.0,0.0,2.6,3.3,2.7,2.59,3.56,2.82,,,,,,,,2021/2022
I1,2022-02-20,Venezia,Genoa,1.0,1.0,D,15.0,12.0,4.0,3.0,14.0,15.0,6.0,5.0,2.0,2.0,0.0,0.0,2.5,3.2,2.9,2.61,3.26,3.02,,,,,,,,2021/2022
I1,2022-02-20,Inter Milan,Sassuolo,0.0,2.0,A,29.0,13.0,8.0,5.0,12.0,12.0,8.0,3.0,1.0,2.0,0.0,0.0,1.28,6.0,9.0,1.32,5.79,9.95,,,,,,,,2021/2022
I1,2022-02-20,Udinese,Lazio,1.0,1.0,D,12.0,10.0,2.0,2.0,22.0,9.0,2.0,12.0,3.0,2.0,0.0,0.0,2.9,3.3,2.45,3.03,3.32,2.56,,,,,,,,2021/2022
I1,2022-02-21,Cagliari,Napoli,1.0,1.0,D,13.0,7.0,5.0,3.0,17.0,22.0,3.0,6.0,1.0,2.0,0.0,0.0,6.5,4.33,1.5,6.12,4.43,1.57,,,,,,,,2021/2022
I1,2022-02-21,Bologna,Spezia,2.0,1.0,H,19.0,6.0,7.0,2.0,7.0,13.0,11.0,0.0,1.0,1.0,0.0,0.0,1.8,3.8,4.33,1.85,3.78,4.56,,,,,,,,2021/2022
I1,2022-02-25,Milan,Udinese,1.0,1.0,D,9.0,11.0,3.0,6.0,13.0,17.0,5.0,4.0,2.0,4.0,0.0,0.0,1.5,4.0,7.0,1.49,4.36,8.03,,,,,,,,2021/2022
I1,2022-02-25,Genoa,Inter Milan,0.0,0.0,D,7.0,21.0,1.0,4.0,11.0,9.0,0.0,14.0,2.0,1.0,0.0,0.0,9.0,5.25,1.33,9.88,5.43,1.35,,,,,,,,2021/2022
I1,2022-02-26,Salernitana,Bologna,1.0,1.0,D,15.0,8.0,4.0,3.0,13.0,25.0,6.0,1.0,2.0,3.0,0.0,0.0,3.5,3.4,2.15,3.5,3.56,2.19,,,,,,,,2021/2022
I1,2022-02-26,Empoli,Juventus,2.0,3.0,A,11.0,12.0,2.0,5.0,16.0,8.0,7.0,3.0,2.0,0.0,0.0,0.0,5.0,4.0,1.65,5.51,4.06,1.68,,,,,,,,2021/2022
I1,2022-02-26,Sassuolo,Fiorentina,2.0,1.0,H,16.0,15.0,6.0,6.0,12.0,12.0,6.0,10.0,1.0,1.0,0.0,1.0,2.7,3.6,2.45,2.77,3.69,2.57,,,,,,,,2021/2022
I1,2022-02-27,Torino,Cagliari,1.0,2.0,A,15.0,11.0,6.0,5.0,16.0,20.0,4.0,3.0,2.0,4.0,0.0,0.0,1.65,3.8,5.5,1.68,3.62,6.48,,,,,,,,2021/2022
I1,2022-02-27,Verona,Venezia,3.0,1.0,H,19.0,9.0,11.0,4.0,13.0,10.0,5.0,5.0,0.0,1.0,0.0,0.0,1.53,4.0,6.0,1.56,4.13,6.93,,,,,,,,2021/2022
I1,2022-02-27,Spezia,Roma,0.0,1.0,A,9.0,31.0,3.0,10.0,13.0,11.0,1.0,8.0,5.0,3.0,1.0,0.0,4.5,3.6,1.8,4.89,3.84,1.79,,,,,,,,2021/2022
I1,2022-02-27,Lazio,Napoli,1.0,2.0,A,13.0,15.0,8.0,7.0,13.0,14.0,1.0,5.0,3.0,2.0,0.0,0.0,2.75,3.4,2.5,2.9,3.51,2.55,,,,,,,,2021/2022
I1,2022-02-28,Atalanta,Sampdoria,4.0,0.0,H,19.0,6.0,9.0,1.0,16.0,9.0,8.0,1.0,1.0,2.0,0.0,0.0,1.44,5.0,6.5,1.48,4.66,7.47,,,,,,,,2021/2022
I1,2022-03-04,Inter Milan,Salernitana,5.0,0.0,H,23.0,11.0,12.0,3.0,11.0,7.0,10.0,3.0,2.0,1.0,0.0,0.0,1.14,7.5,19.0,1.18,8.03,18.07,,,,,,,,2021/2022
I1,2022-03-05,Udinese,Sampdoria,2.0,1.0,H,19.0,8.0,5.0,4.0,20.0,14.0,11.0,4.0,5.0,2.0,0.0,0.0,1.9,3.4,4.33,1.93,3.48,4.61,,,,,,,,2021/2022
I1,2022-03-05,Roma,Atalanta,1.0,0.0,H,13.0,7.0,4.0,4.0,18.0,14.0,6.0,3.0,6.0,4.0,1.0,1.0,2.55,3.4,2.7,2.69,3.45,2.78,,,,,,,,2021/2022
I1,2022-03-05,Cagliari,Lazio,0.0,3.0,A,16.0,13.0,3.0,5.0,10.0,13.0,7.0,6.0,3.0,2.0,0.0,1.0,3.6,3.2,2.1,3.75,3.44,2.15,,,,,,,,2021/2022
I1,2022-03-06,Genoa,Empoli,0.0,0.0,D,18.0,8.0,7.0,2.0,15.0,19.0,7.0,2.0,4.0,3.0,0.0,0.0,2.5,3.2,2.87,2.56,3.52,2.88,,,,,,,,2021/2022
I1,2022-03-06,Bologna,Torino,0.0,0.0,D,6.0,13.0,1.0,2.0,23.0,16.0,5.0,7.0,3.0,3.0,0.0,0.0,2.8,3.2,2.5,2.91,3.12,2.8,,,,,,,,2021/2022
I1,2022-03-06,Fiorentina,Verona,1.0,1.0,D,8.0,2.0,2.0,2.0,15.0,15.0,4.0,2.0,0.0,4.0,0.0,0.0,1.95,3.5,3.6,2.03,3.62,3.93,,,,,,,,2021/2022
I1,2022-03-06,Venezia,Sassuolo,1.0,4.0,A,16.0,16.0,5.0,10.0,18.0,14.0,8.0,6.0,4.0,1.0,0.0,0.0,3.25,3.4,2.2,3.43,3.61,2.21,,,,,,,,2021/2022
I1,2022-03-06,Juventus,Spezia,1.0,0.0,H,10.0,9.0,3.0,4.0,14.0,11.0,4.0,4.0,3.0,2.0,0.0,0.0,1.22,6.25,13.0,1.24,6.34,14.8,,,,,,,,2021/2022
I1,2022-03-06,Napoli,Milan,0.0,1.0,A,9.0,12.0,2.0,7.0,7.0,15.0,6.0,7.0,4.0,4.0,0.0,0.0,2.05,3.3,3.6,2.19,3.33,3.75,,,,,,,,2021/2022
I1,2022-03-12,Salernitana,Sassuolo,2.0,2.0,D,15.0,20.0,5.0,7.0,13.0,15.0,5.0,5.0,2.0,4.0,0.0,1.0,3.8,4.2,1.8,4.07,4.14,1.86,,,,,,,,2021/2022
I1,2022-03-12,Spezia,Cagliari,2.0,0.0,H,12.0,11.0,7.0,1.0,10.0,17.0,8.0,7.0,1.0,4.0,0.0,0.0,2.62,3.3,2.62,2.9,3.19,2.75,,,,,,,,2021/2022
I1,2022-03-12,Sampdoria,Juventus,1.0,3.0,A,16.0,6.0,5.0,3.0,7.0,15.0,9.0,0.0,0.0,2.0,0.0,0.0,5.5,3.75,1.65,5.68,3.9,1.69,,,,,,,,2021/2022
I1,2022-03-12,Milan,Empoli,1.0,0.0,H,15.0,5.0,5.0,2.0,6.0,12.0,5.0,4.0,1.0,0.0,0.0,0.0,1.36,5.25,7.5,1.37,5.45,9.02,,,,,,,,2021/2022
I1,2022-03-13,Verona,Napoli,1.0,2.0,A,8.0,13.0,1.0,4.0,19.0,9.0,3.0,5.0,6.0,0.0,2.0,0.0,3.25,3.6,2.15,3.57,3.62,2.14,,,,,,,,2021/2022
I1,2022-03-13,Udinese,Roma,1.0,1.0,D,11.0,10.0,5.0,2.0,16.0,12.0,6.0,4.0,3.0,2.0,0.0,0.0,3.1,3.5,2.25,3.34,3.42,2.33,,,,,,,,2021/2022
I1,2022-03-13,Fiorentina,Bologna,1.0,0.0,H,14.0,4.0,5.0,0.0,9.0,16.0,9.0,1.0,1.0,5.0,0.0,1.0,1.61,4.0,5.5,1.67,4.05,5.6,,,,,,,,2021/2022
I1,2022-03-13,Torino,Inter Milan,1.0,1.0,D,13.0,15.0,4.0,7.0,15.0,17.0,3.0,4.0,1.0,5.0,0.0,0.0,5.5,3.6,1.66,5.94,3.89,1.67,,,,,,,,2021/2022
I1,2022-03-13,Atalanta,Genoa,0.0,0.0,D,11.0,13.0,2.0,3.0,13.0,17.0,4.0,3.0,2.0,0.0,0.0,0.0,1.33,5.25,9.0,1.36,5.18,10.18,,,,,,,,2021/2022
I1,2022-03-14,Lazio,Venezia,1.0,0.0,H,10.0,7.0,1.0,2.0,11.0,13.0,8.0,4.0,1.0,1.0,0.0,0.0,1.33,5.5,8.5,1.36,5.4,9.62,,,,,,,,2021/2022
I1,2022-03-18,Sassuolo,Spezia,4.0,1.0,H,16.0,5.0,7.0,1.0,14.0,16.0,6.0,2.0,2.0,3.0,0.0,0.0,1.66,4.2,4.75,1.7,4.23,4.99,,,,,,,,2021/2022
I1,2022-03-18,Genoa,Torino,1.0,0.0,H,7.0,9.0,2.0,3.0,12.0,17.0,2.0,3.0,3.0,3.0,1.0,0.0,3.2,3.1,2.4,3.28,3.24,2.45,,,,,,,,2021/2022
I1,2022-03-19,Napoli,Udinese,2.0,1.0,H,20.0,10.0,8.0,3.0,10.0,12.0,7.0,4.0,2.0,2.0,0.0,1.0,1.44,4.5,7.0,1.47,4.68,7.6,,,,,,,,2021/2022
I1,2022-03-19,Inter Milan,Fiorentina,1.0,1.0,D,13.0,17.0,5.0,4.0,14.0,12.0,5.0,3.0,1.0,2.0,0.0,0.0,1.5,4.5,6.5,1.53,4.7,6.36,,,,,,,,2021/2022
I1,2022-03-19,Cagliari,Milan,0.0,1.0,A,13.0,21.0,1.0,5.0,13.0,14.0,6.0,5.0,1.0,0.0,0.0,0.0,5.25,4.0,1.6,5.79,4.1,1.65,,,,,,,,2021/2022
I1,2022-03-20,Venezia,Sampdoria,0.0,2.0,A,13.0,8.0,1.0,4.0,28.0,17.0,3.0,4.0,5.0,1.0,1.0,0.0,2.62,3.3,2.7,2.81,3.31,2.74,,,,,,,,2021/2022
I1,2022-03-20,Empoli,Verona,1.0,1.0,D,7.0,14.0,2.0,4.0,17.0,13.0,3.0,7.0,2.0,3.0,0.0,0.0,2.62,3.5,2.55,2.7,3.54,2.72,,,,,,,,2021/2022
I1,2022-03-20,Juventus,Salernitana,2.0,0.0,H,12.0,12.0,7.0,4.0,10.0,13.0,5.0,5.0,3.0,2.0,0.0,0.0,1.2,7.0,13.0,1.2,7.31,16.39,,,,,,,,2021/2022
I1,2022-03-20,Roma,Lazio,3.0,0.0,H,11.0,9.0,5.0,3.0,16.0,12.0,6.0,3.0,4.0,3.0,0.0,0.0,2.55,3.4,2.75,2.68,3.47,2.77,,,,,,,,2021/2022
I1,2022-03-20,Bologna,Atalanta,0.0,1.0,A,12.0,15.0,3.0,2.0,9.0,12.0,6.0,3.0,0.0,1.0,0.0,0.0,4.5,3.6,1.8,4.53,3.71,1.88,,,,,,,,2021/2022
I1,2022-04-02,Salernitana,Torino,0.0,1.0,A,14.0,8.0,3.0,5.0,15.0,21.0,9.0,2.0,5.0,4.0,1.0,0.0,4.0,3.6,1.9,4.44,3.67,1.9,,,,,,,,2021/2022
I1,2022-04-02,Spezia,Venezia,1.0,0.0,H,11.0,13.0,5.0,2.0,15.0,12.0,5.0,2.0,3.0,1.0,0.0,0.0,2.1,3.4,3.5,2.16,3.34,3.84,,,,,,,,2021/2022
I1,2022-04-02,Lazio,Sassuolo,2.0,1.0,H,14.0,20.0,5.0,5.0,11.0,8.0,4.0,3.0,1.0,3.0,0.0,0.0,1.72,4.2,4.2,1.76,4.15,4.64,,,,,,,,2021/2022
I1,2022-04-03,Fiorentina,Empoli,1.0,0.0,H,24.0,5.0,11.0,1.0,10.0,20.0,5.0,0.0,1.0,3.0,0.0,1.0,1.55,4.33,5.5,1.57,4.4,6.17,,,,,,,,2021/2022
I1,2022-04-03,Atalanta,Napoli,1.0,3.0,A,19.0,6.0,3.0,5.0,15.0,11.0,9.0,1.0,2.0,3.0,0.0,0.0,2.4,3.3,3.0,2.43,3.4,3.16,,,,,,,,2021/2022
I1,2022-04-03,Udinese,Cagliari,5.0,1.0,H,24.0,6.0,11.0,3.0,19.0,15.0,2.0,2.0,2.0,4.0,0.0,1.0,1.8,3.5,4.75,1.87,3.57,4.81,,,,,,,,2021/2022
I1,2022-04-03,Sampdoria,Roma,0.0,1.0,A,8.0,6.0,3.0,1.0,15.0,13.0,4.0,4.0,2.0,3.0,0.0,0.0,4.0,3.8,1.85,4.37,3.74,1.89,,,,,,,,2021/2022
I1,2022-04-03,Juventus,Inter Milan,0.0,1.0,A,23.0,5.0,5.0,1.0,9.0,19.0,8.0,1.0,4.0,4.0,0.0,0.0,2.8,3.4,2.5,2.9,3.37,2.63,,,,,,,,2021/2022
I1,2022-04-04,Verona,Genoa,1.0,0.0,H,7.0,7.0,3.0,4.0,16.0,15.0,2.0,5.0,4.0,3.0,0.0,0.0,1.83,3.4,4.75,1.91,3.45,4.78,,,,,,,,2021/2022
I1,2022-04-04,Milan,Bologna,0.0,0.0,D,33.0,8.0,7.0,4.0,10.0,7.0,9.0,2.0,0.0,2.0,0.0,0.0,1.4,4.5,8.5,1.39,4.97,9.32,,,,,,,,2021/2022
I1,2022-04-09,Empoli,Spezia,0.0,0.0,D,15.0,11.0,4.0,5.0,11.0,18.0,5.0,4.0,2.0,2.0,0.0,0.0,2.0,3.5,3.8,2.06,3.51,3.97,,,,,,,,2021/2022
I1,2022-04-09,Inter Milan,Verona,2.0,0.0,H,18.0,9.0,6.0,3.0,10.0,7.0,10.0,2.0,2.0,0.0,0.0,0.0,1.36,5.25,8.0,1.36,5.42,9.19,,,,,,,,2021/2022
I1,2022-04-09,Cagliari,Juventus,1.0,2.0,A,4.0,20.0,1.0,6.0,19.0,10.0,1.0,4.0,1.0,0.0,0.0,0.0,6.0,4.0,1.6,6.42,4.05,1.61,,,,,,,,2021/2022
I1,2022-04-10,Napoli,Fiorentina,2.0,3.0,A,15.0,11.0,3.0,4.0,10.0,17.0,3.0,2.0,0.0,3.0,0.0,0.0,1.75,3.8,4.5,1.78,3.95,4.79,,,,,,,,2021/2022
I1,2022-04-10,Genoa,Lazio,1.0,4.0,A,15.0,17.0,4.0,11.0,7.0,8.0,3.0,6.0,0.0,1.0,0.0,0.0,4.2,3.5,1.9,4.39,3.52,1.96,,,,,,,,2021/2022
I1,2022-04-10,Sassuolo,Atalanta,2.0,1.0,H,14.0,15.0,7.0,4.0,18.0,14.0,8.0,8.0,2.0,1.0,0.0,0.0,3.3,3.75,2.1,3.48,3.81,2.11,,,,,,,,2021/2022
I1,2022-04-10,Venezia,Udinese,1.0,2.0,A,9.0,16.0,4.0,5.0,15.0,11.0,7.0,11.0,7.0,2.0,0.0,0.0,3.5,3.3,2.15,3.6,3.4,2.22,,,,,,,,2021/2022
I1,2022-04-10,Torino,Milan,0.0,0.0,D,14.0,14.0,3.0,3.0,18.0,6.0,6.0,5.0,2.0,2.0,0.0,0.0,4.2,3.5,1.9,4.33,3.58,1.95,,,,,,,,2021/2022
I1,2022-04-10,Roma,Salernitana,2.0,1.0,H,17.0,6.0,7.0,3.0,16.0,23.0,9.0,2.0,5.0,8.0,0.0,0.0,1.28,5.75,11.0,1.29,5.92,12.16,,,,,,,,2021/2022
I1,2022-04-11,Bologna,Sampdoria,2.0,0.0,H,19.0,9.0,4.0,2.0,11.0,11.0,6.0,0.0,1.0,2.0,0.0,0.0,2.1,3.5,3.5,2.25,3.41,3.52,,,,,,,,2021/2022
I1,2022-04-15,Spezia,Inter Milan,1.0,3.0,A,10.0,23.0,2.0,7.0,9.0,11.0,6.0,7.0,2.0,0.0,0.0,0.0,9.5,5.5,1.3,10.22,5.63,1.33,,,,,,,,2021/2022
I1,2022-04-15,Milan,Genoa,2.0,0.0,H,10.0,7.0,5.0,1.0,10.0,19.0,3.0,1.0,1.0,2.0,0.0,0.0,1.33,5.0,11.0,1.33,5.28,12.17,,,,,,,,2021/2022
I1,2022-04-16,Cagliari,Sassuolo,1.0,0.0,H,16.0,8.0,8.0,2.0,15.0,11.0,3.0,3.0,2.0,2.0,0.0,0.0,2.87,3.6,2.37,2.95,3.76,2.39,,,,,,,,2021/2022
I1,2022-04-16,Sampdoria,Salernitana,1.0,2.0,A,5.0,7.0,1.0,2.0,18.0,23.0,5.0,2.0,1.0,7.0,0.0,0.0,1.83,3.75,4.2,1.83,3.83,4.61,,,,,,,,2021/2022
I1,2022-04-16,Udinese,Empoli,4.0,1.0,H,13.0,15.0,5.0,4.0,18.0,13.0,4.0,7.0,1.0,4.0,0.0,0.0,1.8,3.75,4.5,1.82,3.82,4.72,,,,,,,,2021/2022
I1,2022-04-16,Fiorentina,Venezia,1.0,0.0,H,22.0,3.0,6.0,1.0,15.0,17.0,5.0,0.0,4.0,4.0,0.0,0.0,1.36,5.0,8.5,1.37,5.24,9.67,,,,,,,,2021/2022
I1,2022-04-16,Juventus,Bologna,1.0,1.0,D,23.0,9.0,4.0,2.0,11.0,11.0,4.0,5.0,1.0,5.0,0.0,2.0,1.33,5.0,10.0,1.34,5.31,10.98,,,,,,,,2021/2022
I1,2022-04-16,Lazio,Torino,1.0,1.0,D,10.0,12.0,4.0,4.0,10.0,12.0,9.0,7.0,1.0,2.0,0.0,0.0,1.65,3.8,5.5,1.66,4.09,5.66,,,,,,,,2021/2022
I1,2022-04-18,Napoli,Roma,1.0,1.0,D,9.0,8.0,4.0,6.0,21.0,12.0,5.0,5.0,4.0,2.0,0.0,0.0,1.9,3.6,4.0,1.95,3.75,4.11,,,,,,,,2021/2022
I1,2022-04-18,Atalanta,Verona,1.0,2.0,A,17.0,21.0,4.0,6.0,13.0,13.0,10.0,1.0,3.0,3.0,0.0,0.0,1.65,4.1,5.0,1.62,4.48,5.44,,,,,,,,2021/2022
I1,2022-04-20,Udinese,Salernitana,0.0,1.0,A,11.0,9.0,3.0,2.0,20.0,13.0,9.0,3.0,3.0,5.0,0.0,0.0,1.5,4.5,6.0,1.49,4.49,6.34,,,,,,,,2021/2022
I1,2022-04-23,Torino,Spezia,2.0,1.0,H,14.0,7.0,6.0,2.0,9.0,13.0,5.0,6.0,1.0,2.0,0.0,0.0,1.66,3.6,5.5,1.71,3.8,5.67,,,,,,,,2021/2022
I1,2022-04-23,Venezia,Atalanta,1.0,3.0,A,8.0,19.0,2.0,5.0,12.0,13.0,0.0,7.0,0.0,3.0,0.0,0.0,6.5,4.33,1.5,6.97,4.61,1.51,,,,,,,,2021/2022
I1,2022-04-23,Inter Milan,Roma,3.0,1.0,H,11.0,9.0,8.0,2.0,11.0,13.0,4.0,3.0,2.0,2.0,0.0,0.0,1.61,4.0,5.5,1.65,4.09,5.79,,,,,,,,2021/2022
I1,2022-04-23,Verona,Sampdoria,1.0,1.0,D,12.0,4.0,1.0,3.0,15.0,15.0,4.0,5.0,1.0,3.0,0.0,0.0,1.75,3.75,4.6,1.81,3.82,4.81,,,,,,,,2021/2022
I1,2022-04-24,Salernitana,Fiorentina,2.0,1.0,H,10.0,8.0,4.0,3.0,15.0,12.0,6.0,4.0,1.0,1.0,0.0,0.0,5.5,3.8,1.66,5.86,4.1,1.64,,,,,,,,2021/2022
I1,2022-04-24,Bologna,Udinese,2.0,2.0,D,10.0,17.0,3.0,5.0,9.0,22.0,2.0,4.0,2.0,2.0,0.0,0.0,2.8,3.25,2.6,2.99,3.35,2.57,,,,,,,,2021/2022
I1,2022-04-24,Empoli,Napoli,3.0,2.0,H,17.0,16.0,7.0,2.0,14.0,9.0,10.0,7.0,4.0,1.0,0.0,0.0,5.5,4.0,1.6,5.69,4.23,1.63,,,,,,,,2021/2022
I1,2022-04-24,Genoa,Cagliari,1.0,0.0,H,13.0,11.0,2.0,1.0,21.0,18.0,2.0,3.0,3.0,2.0,0.0,0.0,2.2,3.25,3.5,2.27,3.22,3.69,,,,,,,,2021/2022
I1,2022-04-24,Lazio,Milan,1.0,2.0,A,7.0,25.0,2.0,8.0,13.0,15.0,2.0,8.0,3.0,4.0,0.0,0.0,2.9,3.4,2.45,2.9,3.55,2.52,,,,,,,,2021/2022
I1,2022-04-25,Sassuolo,Juventus,1.0,2.0,A,22.0,10.0,7.0,5.0,15.0,8.0,6.0,4.0,2.0,2.0,0.0,0.0,4.2,3.9,1.8,4.43,4.02,1.82,,,,,,,,2021/2022
I1,2022-04-27,Atalanta,Torino,4.0,4.0,D,16.0,5.0,5.0,4.0,12.0,11.0,8.0,0.0,2.0,2.0,0.0,0.0,1.6,4.0,5.75,1.61,4.22,5.94,,,,,,,,2021/2022
I1,2022-04-27,Bologna,Inter Milan,2.0,1.0,H,5.0,26.0,3.0,7.0,11.0,9.0,0.0,7.0,1.0,3.0,0.0,0.0,7.0,5.0,1.4,8.34,5.38,1.39,,,,,,,,2021/2022
I1,2022-04-27,Fiorentina,Udinese,0.0,4.0,A,18.0,17.0,7.0,8.0,12.0,22.0,14.0,2.0,3.0,4.0,0.0,0.0,1.7,4.0,4.75,1.72,4.12,4.97,,,,,,,,2021/2022
I1,2022-04-30,Cagliari,Verona,1.0,2.0,A,14.0,13.0,5.0,4.0,16.0,17.0,2.0,2.0,2.0,4.0,0.0,0.0,2.45,3.6,2.75,2.57,3.64,2.78,,,,,,,,2021/2022
I1,2022-04-30,Napoli,Sassuolo,6.0,1.0,H,18.0,13.0,8.0,4.0,10.0,9.0,4.0,3.0,0.0,3.0,0.0,0.0,1.45,4.75,6.5,1.48,5.05,6.57,,,,,,,,2021/2022
I1,2022-04-30,Sampdoria,Genoa,1.0,0.0,H,10.0,14.0,2.0,4.0,13.0,23.0,1.0,2.0,3.0,1.0,0.0,0.0,2.75,3.25,2.62,2.81,3.28,2.77,,,,,,,,2021/2022
I1,2022-04-30,Spezia,Lazio,3.0,4.0,A,9.0,22.0,3.0,9.0,15.0,10.0,4.0,5.0,3.0,1.0,0.0,0.0,5.5,3.75,1.65,5.26,4.14,1.68,,,,,,,,2021/2022
I1,2022-05-01,Juventus,Venezia,2.0,1.0,H,17.0,9.0,4.0,3.0,17.0,12.0,8.0,4.0,3.0,3.0,0.0,0.0,1.2,6.5,15.0,1.21,7.11,16.17,,,,,,,,2021/2022
I1,2022-05-01,Empoli,Torino,1.0,3.0,A,11.0,13.0,4.0,3.0,14.0,11.0,5.0,4.0,5.0,2.0,2.0,0.0,2.7,3.4,2.55,2.9,3.5,2.56,,,,,,,,2021/2022
I1,2022-05-01,Milan,Fiorentina,1.0,0.0,H,13.0,8.0,2.0,2.0,17.0,17.0,2.0,2.0,1.0,3.0,0.0,0.0,1.61,4.0,5.5,1.65,4.02,5.85,,,,,,,,2021/2022
I1,2022-05-01,Udinese,Inter Milan,1.0,2.0,A,7.0,12.0,3.0,5.0,12.0,10.0,5.0,11.0,2.0,1.0,0.0,0.0,6.0,4.2,1.55,6.28,4.3,1.58,,,,,,,,2021/2022
I1,2022-05-01,Roma,Bologna,0.0,0.0,D,17.0,10.0,5.0,4.0,10.0,9.0,10.0,5.0,0.0,1.0,0.0,0.0,1.5,4.5,6.0,1.48,4.68,7.33,,,,,,,,2021/2022
I1,2022-05-02,Atalanta,Salernitana,1.0,1.0,D,20.0,11.0,5.0,9.0,13.0,9.0,11.0,4.0,3.0,2.0,0.0,0.0,1.25,6.5,9.5,1.27,6.16,12.06,,,,,,,,2021/2022
I1,2022-05-05,Salernitana,Venezia,2.0,1.0,H,19.0,10.0,4.0,4.0,12.0,17.0,6.0,4.0,2.0,7.0,0.0,1.0,1.75,3.6,4.5,1.83,3.94,4.48,,,,,,,,2021/2022
I1,2022-05-06,Inter Milan,Empoli,4.0,2.0,H,37.0,4.0,10.0,2.0,10.0,9.0,15.0,2.0,1.0,0.0,0.0,0.0,1.14,9.0,15.0,1.15,9.28,18.61,,,,,,,,2021/2022
I1,2022-05-06,Genoa,Juventus,2.0,1.0,H,18.0,12.0,6.0,4.0,13.0,15.0,9.0,2.0,2.0,3.0,0.0,0.0,3.75,3.3,2.05,3.92,3.37,2.12,,,,,,,,2021/2022
I1,2022-05-07,Torino,Napoli,0.0,1.0,A,10.0,11.0,3.0,6.0,18.0,11.0,6.0,4.0,2.0,3.0,0.0,0.0,3.6,3.5,2.05,3.69,3.73,2.07,,,,,,,,2021/2022
I1,2022-05-07,Sassuolo,Udinese,1.0,1.0,D,15.0,13.0,6.0,6.0,10.0,18.0,6.0,9.0,2.0,2.0,0.0,0.0,2.3,3.6,2.87,2.38,3.83,2.94,,,,,,,,2021/2022
I1,2022-05-07,Lazio,Sampdoria,2.0,0.0,H,16.0,9.0,10.0,2.0,9.0,9.0,6.0,0.0,1.0,1.0,0.0,0.0,1.44,4.75,6.5,1.47,4.83,7.25,,,,,,,,2021/2022
I1,2022-05-08,Spezia,Atalanta,1.0,3.0,A,5.0,17.0,1.0,6.0,10.0,12.0,0.0,3.0,2.0,3.0,0.0,0.0,6.5,4.75,1.45,6.45,4.92,1.5,,,,,,,,2021/2022
I1,2022-05-08,Venezia,Bologna,4.0,3.0,H,18.0,23.0,9.0,10.0,10.0,13.0,4.0,8.0,2.0,4.0,0.0,0.0,2.87,3.5,2.35,3.11,3.71,2.32,,,,,,,,2021/2022
I1,2022-05-08,Salernitana,Cagliari,1.0,1.0,D,13.0,9.0,2.0,3.0,12.0,17.0,7.0,6.0,5.0,2.0,1.0,1.0,2.37,3.4,3.0,2.48,3.4,3.08,,,,,,,,2021/2022
I1,2022-05-08,Verona,Milan,1.0,3.0,A,10.0,18.0,3.0,8.0,15.0,7.0,5.0,8.0,2.0,1.0,0.0,0.0,4.33,4.2,1.7,4.56,4.25,1.76,,,,,,,,2021/2022
I1,2022-05-09,Fiorentina,Roma,2.0,0.0,H,12.0,6.0,7.0,1.0,16.0,11.0,5.0,3.0,3.0,1.0,0.0,0.0,2.37,3.3,3.0,2.4,3.45,3.16,,,,,,,,2021/2022
I1,2022-05-14,Empoli,Salernitana,1.0,1.0,D,16.0,28.0,6.0,9.0,18.0,8.0,3.0,11.0,2.0,2.0,0.0,0.0,3.1,3.75,2.1,3.28,3.86,2.15,,,,,,,,2021/2022
I1,2022-05-14,Udinese,Spezia,2.0,3.0,A,17.0,10.0,6.0,6.0,19.0,10.0,4.0,2.0,3.0,2.0,0.0,0.0,1.83,3.9,4.0,1.88,3.8,4.28,,,,,,,,2021/2022
I1,2022-05-14,Verona,Torino,0.0,1.0,A,10.0,11.0,5.0,5.0,17.0,18.0,4.0,4.0,4.0,2.0,0.0,0.0,2.3,3.5,3.0,2.32,3.44,3.26,,,,,,,,2021/2022
I1,2022-05-14,Roma,Venezia,1.0,1.0,D,46.0,4.0,16.0,2.0,11.0,14.0,20.0,2.0,2.0,5.0,0.0,1.0,1.25,6.5,11.0,1.26,6.64,11.0,,,,,,,,2021/2022
I1,2022-05-15,Bologna,Sassuolo,1.0,3.0,A,8.0,16.0,2.0,7.0,9.0,10.0,4.0,9.0,0.0,1.0,0.0,0.0,2.4,3.8,2.62,2.51,3.81,2.73,,,,,,,,2021/2022
I1,2022-05-15,Napoli,Genoa,3.0,0.0,H,17.0,11.0,9.0,3.0,13.0,15.0,9.0,2.0,1.0,1.0,0.0,0.0,1.8,4.0,3.8,1.85,4.33,3.88,,,,,,,,2021/2022
I1,2022-05-15,Milan,Atalanta,2.0,0.0,H,12.0,12.0,6.0,2.0,8.0,14.0,4.0,6.0,3.0,2.0,0.0,0.0,1.75,4.2,4.2,1.79,4.3,4.15,,,,,,,,2021/2022
I1,2022-05-15,Cagliari,Inter Milan,1.0,3.0,A,10.0,17.0,2.0,7.0,12.0,15.0,2.0,5.0,0.0,2.0,0.0,0.0,7.0,5.25,1.4,7.55,5.67,1.38,,,,,,,,2021/2022
I1,2022-05-16,Sampdoria,Fiorentina,4.0,1.0,H,12.0,12.0,5.0,1.0,18.0,9.0,4.0,5.0,2.0,3.0,1.0,0.0,3.75,3.8,1.9,4.08,3.96,1.88,,,,,,,,2021/2022
I1,2022-05-16,Juventus,Lazio,2.0,2.0,D,4.0,18.0,2.0,7.0,16.0,13.0,0.0,9.0,3.0,3.0,0.0,0.0,2.25,3.6,2.9,2.43,3.48,3.04,,,,,,,,2021/2022
I1,2022-05-20,Torino,Roma,0.0,3.0,A,13.0,14.0,2.0,6.0,10.0,10.0,5.0,6.0,2.0,2.0,0.0,0.0,3.3,3.6,2.1,3.46,3.72,2.15,,,,,,,,2021/2022
I1,2022-05-21,Atalanta,Empoli,0.0,1.0,A,40.0,7.0,10.0,3.0,6.0,7.0,15.0,2.0,1.0,1.0,0.0,0.0,1.22,7.0,11.0,1.22,7.65,11.26,,,,,,,,2021/2022
I1,2022-05-21,Genoa,Bologna,0.0,1.0,A,18.0,11.0,5.0,4.0,17.0,10.0,9.0,9.0,3.0,1.0,0.0,0.0,2.25,3.6,3.0,2.34,3.57,3.12,,,,,,,,2021/2022
I1,2022-05-21,Lazio,Verona,3.0,3.0,D,19.0,10.0,7.0,7.0,9.0,19.0,6.0,4.0,2.0,6.0,0.0,0.0,1.75,4.0,4.33,1.79,4.15,4.32,,,,,,,,2021/2022
I1,2022-05-21,Fiorentina,Juventus,2.0,0.0,H,13.0,1.0,4.0,0.0,13.0,14.0,6.0,2.0,3.0,3.0,0.0,0.0,1.8,3.8,4.2,1.8,3.98,4.49,,,,,,,,2021/2022
I1,2022-05-22,Spezia,Napoli,0.0,3.0,A,16.0,10.0,4.0,4.0,10.0,9.0,4.0,2.0,1.0,2.0,0.0,0.0,5.75,4.5,1.53,5.97,4.64,1.54,,,,,,,,2021/2022
I1,2022-05-22,Inter Milan,Sampdoria,3.0,0.0,H,27.0,9.0,12.0,3.0,6.0,12.0,8.0,2.0,1.0,2.0,0.0,0.0,1.14,8.0,19.0,1.13,9.32,23.58,,,,,,,,2021/2022
I1,2022-05-22,Sassuolo,Milan,0.0,3.0,A,15.0,18.0,3.0,12.0,8.0,13.0,3.0,7.0,2.0,1.0,0.0,0.0,6.5,4.75,1.45,6.84,5.0,1.46,,,,,,,,2021/2022
I1,2022-05-22,Salernitana,Udinese,0.0,4.0,A,25.0,19.0,10.0,11.0,11.0,12.0,7.0,1.0,1.0,1.0,0.0,0.0,1.7,4.0,4.75,1.69,4.34,4.79,,,,,,,,2021/2022
I1,2022-05-22,Venezia,Cagliari,0.0,0.0,D,7.0,31.0,1.0,7.0,6.0,19.0,6.0,11.0,0.0,3.0,0.0,0.0,4.5,3.8,1.72,4.83,4.25,1.7,,,,,,,,2021/2022
I1,2022-08-13,Lecce,Inter Milan,1.0,2.0,A,10.0,19.0,4.0,9.0,21.0,19.0,6.0,8.0,4.0,2.0,0.0,0.0,10.0,5.75,1.28,10.75,5.92,1.31,,,,,,,,2022/2023
I1,2022-08-13,Monza,Torino,1.0,2.0,A,15.0,13.0,4.0,6.0,6.0,17.0,2.0,7.0,1.0,2.0,0.0,0.0,2.6,3.3,2.75,2.64,3.36,2.9,,,,,,,,2022/2023
I1,2022-08-13,Milan,Udinese,4.0,2.0,H,14.0,9.0,5.0,4.0,16.0,13.0,5.0,1.0,1.0,4.0,0.0,0.0,1.44,4.75,7.0,1.43,4.66,8.84,,,,,,,,2022/2023
I1,2022-08-13,Sampdoria,Atalanta,0.0,2.0,A,11.0,9.0,1.0,3.0,13.0,21.0,3.0,2.0,4.0,6.0,0.0,0.0,4.33,3.9,1.75,4.72,3.98,1.78,,,,,,,,2022/2023
I1,2022-08-14,Fiorentina,Cremonese,3.0,2.0,H,27.0,13.0,11.0,4.0,10.0,19.0,11.0,4.0,0.0,3.0,0.0,1.0,1.36,5.0,8.5,1.39,5.33,8.49,,,,,,,,2022/2023
I1,2022-08-14,Lazio,Bologna,2.0,1.0,H,9.0,11.0,6.0,3.0,11.0,18.0,3.0,2.0,2.0,6.0,1.0,1.0,1.57,4.33,5.75,1.62,4.29,5.7,,,,,,,,2022/2023
I1,2022-08-14,Salernitana,Roma,0.0,1.0,A,13.0,20.0,2.0,5.0,18.0,9.0,4.0,2.0,3.0,2.0,0.0,0.0,6.5,4.75,1.44,6.65,4.79,1.5,,,,,,,,2022/2023
I1,2022-08-14,Spezia,Empoli,1.0,0.0,H,9.0,18.0,2.0,5.0,15.0,8.0,6.0,4.0,2.0,1.0,0.0,0.0,2.45,3.3,2.9,2.61,3.26,3.01,,,,,,,,2022/2023
I1,2022-08-15,Verona,Napoli,2.0,5.0,A,6.0,25.0,3.0,8.0,15.0,6.0,4.0,8.0,2.0,2.0,0.0,0.0,3.5,3.5,2.05,3.65,3.66,2.1,,,,,,,,2022/2023
I1,2022-08-15,Juventus,Sassuolo,3.0,0.0,H,14.0,19.0,4.0,7.0,7.0,5.0,3.0,2.0,1.0,3.0,0.0,0.0,1.44,4.75,7.0,1.5,4.83,6.61,,,,,,,,2022/2023
I1,2022-08-20,Torino,Lazio,0.0,0.0,D,10.0,7.0,1.0,2.0,11.0,12.0,6.0,4.0,0.0,5.0,0.0,0.0,3.0,3.5,2.3,3.08,3.5,2.43,,,,,,,,2022/2023
I1,2022-08-20,Udinese,Salernitana,0.0,0.0,D,15.0,17.0,2.0,6.0,9.0,12.0,6.0,6.0,2.0,4.0,1.0,0.0,1.75,3.8,4.5,1.77,3.95,4.86,,,,,,,,2022/2023
I1,2022-08-20,Inter Milan,Spezia,3.0,0.0,H,19.0,2.0,8.0,0.0,11.0,7.0,10.0,4.0,0.0,0.0,0.0,0.0,1.16,8.0,15.0,1.18,8.03,17.56,,,,,,,,2022/2023
I1,2022-08-20,Sassuolo,Lecce,1.0,0.0,H,12.0,7.0,3.0,1.0,14.0,12.0,5.0,4.0,5.0,1.0,0.0,0.0,1.75,4.0,4.2,1.81,4.14,4.35,,,,,,,,2022/2023
I1,2022-08-21,Empoli,Fiorentina,0.0,0.0,D,4.0,19.0,2.0,2.0,13.0,11.0,1.0,9.0,1.0,3.0,1.0,0.0,3.75,3.8,1.9,3.89,3.95,1.95,,,,,,,,2022/2023
I1,2022-08-21,Napoli,Monza,4.0,0.0,H,22.0,4.0,5.0,1.0,11.0,13.0,10.0,4.0,2.0,1.0,0.0,0.0,1.33,5.5,8.0,1.35,5.69,9.07,,,,,,,,2022/2023
I1,2022-08-21,Atalanta,Milan,1.0,1.0,D,11.0,18.0,2.0,7.0,15.0,6.0,4.0,6.0,4.0,3.0,0.0,0.0,2.75,3.5,2.5,2.87,3.61,2.52,,,,,,,,2022/2023
I1,2022-08-21,Bologna,Verona,1.0,1.0,D,17.0,19.0,5.0,3.0,10.0,14.0,9.0,8.0,3.0,3.0,1.0,0.0,2.15,3.5,3.3,2.25,3.48,3.44,,,,,,,,2022/2023
I1,2022-08-22,Roma,Cremonese,1.0,0.0,H,27.0,14.0,12.0,3.0,7.0,14.0,5.0,6.0,0.0,3.0,0.0,0.0,1.25,6.5,11.0,1.24,6.33,14.61,,,,,,,,2022/2023
I1,2022-08-22,Sampdoria,Juventus,0.0,0.0,D,10.0,10.0,1.0,4.0,8.0,14.0,3.0,4.0,3.0,2.0,0.0,0.0,5.75,4.0,1.6,6.12,4.1,1.62,,,,,,,,2022/2023
I1,2022-08-26,Monza,Udinese,1.0,2.0,A,10.0,15.0,5.0,4.0,16.0,10.0,3.0,5.0,3.0,2.0,0.0,0.0,3.1,3.4,2.3,3.28,3.45,2.34,,,,,,,,2022/2023
I1,2022-08-26,Lazio,Inter Milan,3.0,1.0,H,11.0,19.0,7.0,7.0,5.0,12.0,2.0,4.0,2.0,1.0,0.0,0.0,4.0,3.8,1.83,4.21,3.78,1.92,,,,,,,,2022/2023
I1,2022-08-27,Juventus,Roma,1.0,1.0,D,14.0,8.0,3.0,4.0,16.0,7.0,4.0,5.0,2.0,2.0,0.0,0.0,2.3,3.3,3.1,2.49,3.23,3.22,,,,,,,,2022/2023
I1,2022-08-27,Cremonese,Torino,1.0,2.0,A,16.0,14.0,6.0,5.0,9.0,21.0,3.0,3.0,0.0,3.0,0.0,0.0,3.2,3.4,2.25,3.34,3.46,2.31,,,,,,,,2022/2023
I1,2022-08-27,Spezia,Sassuolo,2.0,2.0,D,7.0,21.0,2.0,8.0,17.0,10.0,2.0,6.0,2.0,1.0,1.0,0.0,3.0,3.6,2.25,3.13,3.73,2.3,,,,,,,,2022/2023
I1,2022-08-27,Milan,Bologna,2.0,0.0,H,19.0,8.0,7.0,0.0,13.0,9.0,5.0,1.0,2.0,1.0,0.0,0.0,1.33,5.5,8.5,1.37,5.59,8.58,,,,,,,,2022/2023
I1,2022-08-28,Salernitana,Sampdoria,4.0,0.0,H,9.0,17.0,6.0,6.0,19.0,14.0,6.0,3.0,2.0,2.0,0.0,0.0,2.45,3.2,3.0,2.53,3.21,3.18,,,,,,,,2022/2023
I1,2022-08-28,Verona,Atalanta,0.0,1.0,A,14.0,15.0,2.0,7.0,15.0,7.0,7.0,6.0,3.0,3.0,0.0,0.0,4.2,4.0,1.75,4.49,4.08,1.8,,,,,,,,2022/2023
I1,2022-08-28,Fiorentina,Napoli,0.0,0.0,D,10.0,13.0,5.0,2.0,12.0,14.0,2.0,3.0,2.0,3.0,0.0,0.0,3.25,3.6,2.15,3.45,3.71,2.16,,,,,,,,2022/2023
I1,2022-08-28,Lecce,Empoli,1.0,1.0,D,15.0,9.0,5.0,3.0,10.0,5.0,3.0,5.0,1.0,2.0,0.0,0.0,2.3,3.5,3.0,2.45,3.42,3.12,,,,,,,,2022/2023
I1,2022-08-30,Sassuolo,Milan,0.0,0.0,D,8.0,10.0,3.0,2.0,14.0,13.0,3.0,8.0,5.0,2.0,0.0,0.0,5.25,4.33,1.57,5.47,4.29,1.64,,,,,,,,2022/2023
I1,2022-08-30,Inter Milan,Cremonese,3.0,1.0,H,18.0,11.0,7.0,4.0,6.0,14.0,6.0,6.0,0.0,3.0,0.0,0.0,1.14,8.0,21.0,1.16,9.52,16.85,,,,,,,,2022/2023
I1,2022-08-30,Roma,Monza,3.0,0.0,H,14.0,13.0,7.0,1.0,10.0,7.0,5.0,4.0,0.0,3.0,0.0,0.0,1.3,5.5,10.0,1.31,6.14,9.84,,,,,,,,2022/2023
I1,2022-08-31,Empoli,Verona,1.0,1.0,D,16.0,9.0,4.0,3.0,5.0,21.0,7.0,10.0,0.0,4.0,0.0,0.0,2.62,3.3,2.7,2.79,3.39,2.71,,,,,,,,2022/2023
I1,2022-08-31,Sampdoria,Lazio,1.0,1.0,D,10.0,13.0,3.0,6.0,10.0,7.0,5.0,7.0,0.0,2.0,0.0,0.0,4.2,3.6,1.85,4.25,3.78,1.91,,,,,,,,2022/2023
I1,2022-08-31,Udinese,Fiorentina,1.0,0.0,H,8.0,12.0,3.0,2.0,13.0,9.0,3.0,7.0,1.0,2.0,0.0,0.0,2.7,3.5,2.5,2.74,3.55,2.67,,,,,,,,2022/2023
I1,2022-08-31,Juventus,Spezia,2.0,0.0,H,15.0,9.0,3.0,0.0,1.0,4.0,7.0,3.0,0.0,2.0,0.0,0.0,1.28,5.75,12.0,1.29,5.91,11.23,,,,,,,,2022/2023
I1,2022-08-31,Napoli,Lecce,1.0,1.0,D,19.0,9.0,7.0,4.0,1.0,3.0,6.0,4.0,1.0,4.0,0.0,0.0,1.25,6.25,11.0,1.27,6.48,11.48,,,,,,,,2022/2023
I1,2022-09-01,Atalanta,Torino,3.0,1.0,H,12.0,8.0,5.0,2.0,14.0,13.0,7.0,2.0,1.0,3.0,0.0,0.0,1.72,3.75,5.25,1.73,3.86,5.36,,,,,,,,2022/2023
I1,2022-09-01,Bologna,Salernitana,1.0,1.0,D,11.0,20.0,4.0,4.0,10.0,11.0,1.0,8.0,2.0,2.0,0.0,0.0,1.85,3.6,4.33,1.91,3.6,4.49,,,,,,,,2022/2023
I1,2022-09-03,Fiorentina,Juventus,1.0,1.0,D,17.0,4.0,5.0,1.0,13.0,12.0,10.0,2.0,1.0,3.0,0.0,0.0,3.0,3.25,2.4,3.17,3.27,2.49,,,,,,,,2022/2023
I1,2022-09-03,Milan,Inter Milan,3.0,2.0,H,21.0,16.0,5.0,5.0,10.0,12.0,2.0,5.0,5.0,2.0,0.0,0.0,2.8,3.25,2.6,2.91,3.3,2.67,,,,,,,,2022/2023
I1,2022-09-03,Lazio,Napoli,1.0,2.0,A,8.0,19.0,2.0,7.0,12.0,14.0,6.0,8.0,4.0,0.0,0.0,0.0,2.9,3.5,2.37,3.04,3.58,2.42,,,,,,,,2022/2023
I1,2022-09-04,Cremonese,Sassuolo,0.0,0.0,D,10.0,17.0,0.0,7.0,16.0,6.0,2.0,3.0,1.0,1.0,0.0,0.0,3.0,3.5,2.25,3.1,3.64,2.35,,,,,,,,2022/2023
I1,2022-09-04,Spezia,Bologna,2.0,2.0,D,15.0,13.0,5.0,6.0,12.0,5.0,7.0,2.0,4.0,1.0,0.0,0.0,3.0,3.3,2.37,3.18,3.24,2.5,,,,,,,,2022/2023
I1,2022-09-04,Verona,Sampdoria,2.0,1.0,H,17.0,11.0,9.0,3.0,16.0,11.0,7.0,2.0,2.0,2.0,0.0,0.0,2.05,3.6,3.6,2.1,3.55,3.79,,,,,,,,2022/2023
I1,2022-09-04,Udinese,Roma,4.0,0.0,H,11.0,12.0,5.0,2.0,16.0,13.0,3.0,7.0,3.0,2.0,0.0,0.0,4.2,3.75,1.85,4.11,3.71,1.96,,,,,,,,2022/2023
I1,2022-09-05,Monza,Atalanta,0.0,2.0,A,11.0,13.0,3.0,6.0,9.0,10.0,4.0,9.0,1.0,1.0,0.0,0.0,5.75,4.2,1.57,5.51,4.39,1.63,,,,,,,,2022/2023
I1,2022-09-05,Salernitana,Empoli,2.0,2.0,D,15.0,11.0,4.0,5.0,7.0,9.0,6.0,7.0,3.0,2.0,0.0,0.0,2.25,3.4,3.2,2.28,3.47,3.39,,,,,,,,2022/2023
I1,2022-09-05,Torino,Lecce,1.0,0.0,H,13.0,10.0,4.0,2.0,16.0,8.0,4.0,4.0,2.0,1.0,0.0,0.0,1.7,3.75,5.25,1.77,3.61,5.51,,,,,,,,2022/2023
I1,2022-09-10,Napoli,Spezia,1.0,0.0,H,28.0,10.0,6.0,1.0,6.0,14.0,10.0,5.0,1.0,2.0,0.0,0.0,1.25,6.0,11.0,1.26,6.62,11.46,,,,,,,,2022/2023
I1,2022-09-10,Inter Milan,Torino,1.0,0.0,H,16.0,9.0,3.0,7.0,8.0,17.0,6.0,5.0,1.0,2.0,0.0,0.0,1.45,4.75,7.0,1.47,4.9,7.14,,,,,,,,2022/2023
I1,2022-09-10,Sampdoria,Milan,1.0,2.0,A,10.0,15.0,4.0,4.0,12.0,10.0,2.0,4.0,5.0,2.0,0.0,1.0,6.0,4.5,1.5,6.6,4.51,1.53,,,,,,,,2022/2023
I1,2022-09-11,Atalanta,Cremonese,1.0,1.0,D,14.0,7.0,6.0,4.0,9.0,17.0,3.0,3.0,2.0,5.0,0.0,0.0,1.3,5.5,9.5,1.35,5.68,9.41,,,,,,,,2022/2023
I1,2022-09-11,Bologna,Fiorentina,2.0,1.0,H,12.0,13.0,4.0,2.0,8.0,13.0,6.0,8.0,1.0,4.0,0.0,1.0,2.9,3.4,2.45,3.07,3.37,2.5,,,,,,,,2022/2023
I1,2022-09-11,Lecce,Monza,1.0,1.0,D,7.0,2.0,3.0,1.0,18.0,22.0,8.0,5.0,3.0,3.0,0.0,0.0,2.25,3.4,3.2,2.37,3.35,3.31,,,,,,,,2022/2023
I1,2022-09-11,Sassuolo,Udinese,1.0,3.0,A,5.0,17.0,2.0,4.0,7.0,15.0,5.0,6.0,1.0,3.0,1.0,0.0,2.7,3.5,2.55,2.73,3.59,2.65,,,,,,,,2022/2023
I1,2022-09-11,Lazio,Verona,2.0,0.0,H,15.0,7.0,6.0,1.0,5.0,23.0,3.0,5.0,2.0,5.0,0.0,0.0,1.57,4.2,5.5,1.61,4.35,5.74,,,,,,,,2022/2023
I1,2022-09-11,Juventus,Salernitana,2.0,2.0,D,22.0,11.0,7.0,5.0,13.0,15.0,8.0,2.0,5.0,4.0,2.0,1.0,1.4,4.5,8.5,1.44,4.86,8.08,,,,,,,,2022/2023
I1,2022-09-12,Empoli,Roma,1.0,2.0,A,20.0,13.0,3.0,7.0,13.0,12.0,7.0,7.0,3.0,1.0,1.0,0.0,5.0,3.8,1.7,4.78,4.0,1.77,,,,,,,,2022/2023
I1,2022-09-16,Salernitana,Lecce,1.0,2.0,A,8.0,13.0,4.0,4.0,9.0,11.0,4.0,5.0,1.0,3.0,0.0,0.0,2.25,3.3,3.3,2.3,3.35,3.46,,,,,,,,2022/2023
I1,2022-09-17,Spezia,Sampdoria,2.0,1.0,H,6.0,11.0,3.0,8.0,17.0,14.0,3.0,6.0,4.0,5.0,0.0,0.0,2.7,3.25,2.7,2.78,3.24,2.82,,,,,,,,2022/2023
I1,2022-09-17,Torino,Sassuolo,0.0,1.0,A,12.0,10.0,3.0,5.0,13.0,7.0,4.0,3.0,4.0,1.0,0.0,0.0,1.8,3.75,4.5,1.85,3.81,4.49,,,,,,,,2022/2023
I1,2022-09-17,Bologna,Empoli,0.0,1.0,A,16.0,12.0,3.0,5.0,11.0,16.0,5.0,8.0,2.0,3.0,0.0,0.0,2.1,3.5,3.4,2.17,3.57,3.54,,,,,,,,2022/2023
I1,2022-09-18,Udinese,Inter Milan,3.0,1.0,H,20.0,14.0,6.0,3.0,11.0,13.0,7.0,4.0,3.0,4.0,0.0,0.0,3.8,3.6,1.95,4.07,3.89,1.92,,,,,,,,2022/2023
I1,2022-09-18,Cremonese,Lazio,0.0,4.0,A,18.0,14.0,3.0,6.0,12.0,9.0,8.0,5.0,1.0,1.0,0.0,0.0,4.33,3.75,1.8,4.25,4.01,1.85,,,,,,,,2022/2023
I1,2022-09-18,Fiorentina,Verona,2.0,0.0,H,15.0,8.0,9.0,1.0,18.0,17.0,7.0,3.0,4.0,4.0,0.0,0.0,1.75,3.8,4.5,1.84,3.86,4.53,,,,,,,,2022/2023
I1,2022-09-18,Monza,Juventus,1.0,0.0,H,17.0,10.0,4.0,2.0,16.0,17.0,5.0,3.0,2.0,1.0,0.0,1.0,4.5,3.6,1.8,4.62,3.73,1.85,,,,,,,,2022/2023
I1,2022-09-18,Roma,Atalanta,0.0,1.0,A,21.0,4.0,5.0,1.0,9.0,19.0,5.0,1.0,0.0,7.0,0.0,0.0,2.05,3.5,3.5,2.12,3.56,3.71,,,,,,,,2022/2023
I1,2022-09-18,Milan,Napoli,1.0,2.0,A,22.0,9.0,5.0,4.0,18.0,11.0,9.0,4.0,4.0,3.0,0.0,0.0,2.15,3.5,3.3,2.18,3.57,3.54,,,,,,,,2022/2023
I1,2022-10-01,Inter Milan,Roma,1.0,2.0,A,15.0,10.0,2.0,3.0,15.0,14.0,5.0,1.0,4.0,3.0,0.0,0.0,2.0,3.5,3.75,2.1,3.54,3.78,,,,,,,,2022/2023
I1,2022-10-01,Empoli,Milan,1.0,3.0,A,16.0,19.0,4.0,6.0,15.0,10.0,3.0,7.0,4.0,2.0,0.0,0.0,5.5,4.0,1.6,5.65,4.24,1.63,,,,,,,,2022/2023
I1,2022-10-01,Napoli,Torino,3.0,1.0,H,15.0,16.0,7.0,3.0,4.0,17.0,4.0,4.0,0.0,2.0,0.0,0.0,1.6,4.0,5.75,1.62,4.24,5.85,,,,,,,,2022/2023
I1,2022-10-02,Sampdoria,Monza,0.0,3.0,A,3.0,13.0,1.0,6.0,16.0,24.0,2.0,4.0,2.0,2.0,0.0,0.0,2.25,3.4,3.2,2.39,3.35,3.27,,,,,,,,2022/2023
I1,2022-10-02,Lecce,Cremonese,1.0,1.0,D,6.0,13.0,1.0,4.0,11.0,15.0,1.0,8.0,3.0,1.0,0.0,0.0,2.05,3.4,3.75,2.12,3.56,3.71,,,,,,,,2022/2023
I1,2022-10-02,Lazio,Spezia,4.0,0.0,H,13.0,14.0,6.0,2.0,3.0,14.0,3.0,6.0,0.0,2.0,0.0,0.0,1.4,5.0,7.5,1.42,5.15,7.98,,,,,,,,2022/2023
I1,2022-10-02,Juventus,Bologna,3.0,0.0,H,17.0,9.0,6.0,1.0,11.0,15.0,2.0,4.0,0.0,1.0,0.0,0.0,1.5,4.33,6.5,1.53,4.43,6.79,,,,,,,,2022/2023
I1,2022-10-02,Atalanta,Fiorentina,1.0,0.0,H,10.0,16.0,5.0,5.0,12.0,10.0,1.0,5.0,2.0,2.0,0.0,0.0,1.95,3.5,4.0,1.99,3.64,4.05,,,,,,,,2022/2023
I1,2022-10-02,Sassuolo,Salernitana,5.0,0.0,H,17.0,6.0,11.0,1.0,10.0,8.0,1.0,2.0,1.0,1.0,0.0,0.0,2.0,3.75,3.5,2.12,3.68,3.57,,,,,,,,2022/2023
I1,2022-10-03,Verona,Udinese,1.0,2.0,A,7.0,21.0,2.0,8.0,15.0,11.0,4.0,9.0,3.0,3.0,0.0,0.0,3.25,3.4,2.2,3.26,3.59,2.29,,,,,,,,2022/2023
I1,2022-10-08,Sassuolo,Inter Milan,1.0,2.0,A,15.0,16.0,3.0,4.0,14.0,17.0,6.0,5.0,3.0,2.0,0.0,0.0,4.33,4.2,1.7,4.61,4.34,1.74,,,,,,,,2022/2023
I1,2022-10-08,Milan,Juventus,2.0,0.0,H,21.0,10.0,3.0,3.0,7.0,7.0,9.0,3.0,2.0,3.0,0.0,0.0,2.05,3.4,3.6,2.11,3.46,3.84,,,,,,,,2022/2023
I1,2022-10-08,Bologna,Sampdoria,1.0,1.0,D,10.0,9.0,3.0,3.0,17.0,21.0,2.0,5.0,2.0,3.0,0.0,0.0,2.05,3.5,3.6,2.11,3.49,3.8,,,,,,,,2022/2023
I1,2022-10-09,Salernitana,Verona,2.0,1.0,H,14.0,12.0,4.0,2.0,9.0,15.0,1.0,6.0,3.0,3.0,1.0,1.0,2.4,3.4,2.87,2.5,3.47,2.99,,,,,,,,2022/2023
I1,2022-10-09,Torino,Empoli,1.0,1.0,D,20.0,6.0,7.0,2.0,15.0,9.0,6.0,1.0,2.0,4.0,0.0,0.0,1.72,3.6,5.0,1.78,3.68,5.23,,,,,,,,2022/2023
I1,2022-10-09,Monza,Spezia,2.0,0.0,H,7.0,9.0,4.0,1.0,10.0,20.0,3.0,6.0,3.0,2.0,0.0,0.0,1.9,3.6,4.0,1.94,3.64,4.27,,,,,,,,2022/2023
I1,2022-10-09,Cremonese,Napoli,1.0,4.0,A,12.0,21.0,1.0,10.0,18.0,6.0,5.0,2.0,2.0,0.0,0.0,0.0,7.0,4.5,1.45,7.25,4.82,1.47,,,,,,,,2022/2023
I1,2022-10-09,Roma,Lecce,2.0,1.0,H,20.0,6.0,6.0,3.0,12.0,11.0,13.0,4.0,2.0,2.0,0.0,1.0,1.33,5.25,8.5,1.37,5.15,9.95,,,,,,,,2022/2023
I1,2022-10-09,Udinese,Atalanta,2.0,2.0,D,10.0,9.0,2.0,5.0,11.0,12.0,5.0,3.0,2.0,3.0,0.0,0.0,2.5,3.4,2.75,2.61,3.47,2.85,,,,,,,,2022/2023
I1,2022-10-10,Fiorentina,Lazio,0.0,4.0,A,24.0,10.0,3.0,6.0,17.0,9.0,9.0,2.0,4.0,1.0,0.0,0.0,2.4,3.5,2.8,2.55,3.5,2.91,,,,,,,,2022/2023
I1,2022-10-15,Empoli,Monza,1.0,0.0,H,11.0,16.0,5.0,4.0,17.0,14.0,2.0,9.0,5.0,3.0,0.0,1.0,2.55,3.3,2.8,2.61,3.37,2.92,,,,,,,,2022/2023
I1,2022-10-15,Torino,Juventus,0.0,1.0,A,15.0,14.0,2.0,8.0,11.0,8.0,3.0,6.0,2.0,0.0,0.0,0.0,3.0,3.1,2.5,3.13,3.19,2.57,,,,,,,,2022/2023
I1,2022-10-15,Atalanta,Sassuolo,2.0,1.0,H,16.0,11.0,4.0,3.0,10.0,8.0,3.0,3.0,1.0,4.0,0.0,0.0,1.65,4.0,5.0,1.69,4.2,5.08,,,,,,,,2022/2023
I1,2022-10-16,Spezia,Cremonese,2.0,2.0,D,15.0,24.0,6.0,4.0,12.0,11.0,6.0,8.0,2.0,0.0,0.0,0.0,2.45,3.2,3.1,2.55,3.14,3.21,,,,,,,,2022/2023
I1,2022-10-16,Napoli,Bologna,3.0,2.0,H,30.0,16.0,11.0,3.0,6.0,10.0,6.0,4.0,0.0,4.0,0.0,0.0,1.25,6.0,11.0,1.26,6.19,13.19,,,,,,,,2022/2023
I1,2022-10-16,Inter Milan,Salernitana,2.0,0.0,H,16.0,8.0,6.0,3.0,12.0,14.0,6.0,4.0,0.0,1.0,0.0,0.0,1.3,5.75,9.0,1.29,5.99,10.99,,,,,,,,2022/2023
I1,2022-10-16,Lazio,Udinese,0.0,0.0,D,8.0,12.0,3.0,2.0,8.0,11.0,7.0,3.0,1.0,4.0,0.0,0.0,2.2,3.5,3.25,2.19,3.72,3.36,,,,,,,,2022/2023
I1,2022-10-16,Verona,Milan,1.0,2.0,A,19.0,16.0,5.0,6.0,7.0,9.0,9.0,3.0,3.0,2.0,0.0,0.0,6.0,4.0,1.57,6.38,4.26,1.58,,,,,,,,2022/2023
I1,2022-10-17,Sampdoria,Roma,0.0,1.0,A,8.0,7.0,1.0,4.0,20.0,20.0,4.0,3.0,5.0,3.0,0.0,0.0,4.75,3.75,1.72,5.38,3.76,1.75,,,,,,,,2022/2023
I1,2022-10-17,Lecce,Fiorentina,1.0,1.0,D,6.0,10.0,2.0,5.0,15.0,16.0,2.0,8.0,5.0,5.0,1.0,0.0,3.75,3.4,2.05,4.06,3.37,2.08,,,,,,,,2022/2023
I1,2022-10-21,Juventus,Empoli,4.0,0.0,H,21.0,12.0,7.0,4.0,13.0,11.0,6.0,4.0,2.0,2.0,0.0,0.0,1.4,5.0,7.0,1.42,5.12,7.81,,,,,,,,2022/2023
I1,2022-10-22,Salernitana,Spezia,1.0,0.0,H,17.0,14.0,4.0,2.0,9.0,8.0,4.0,7.0,2.0,4.0,0.0,0.0,2.0,3.5,3.8,2.04,3.59,3.94,,,,,,,,2022/2023
I1,2022-10-22,Milan,Monza,4.0,1.0,H,12.0,16.0,7.0,6.0,18.0,9.0,2.0,2.0,1.0,1.0,0.0,0.0,1.4,5.0,7.5,1.42,4.98,8.24,,,,,,,,2022/2023
I1,2022-10-22,Fiorentina,Inter Milan,3.0,4.0,A,10.0,8.0,4.0,7.0,15.0,14.0,1.0,2.0,4.0,3.0,0.0,0.0,3.6,3.5,2.05,3.83,3.58,2.08,,,,,,,,2022/2023
I1,2022-10-23,Udinese,Torino,1.0,2.0,A,16.0,15.0,4.0,4.0,12.0,15.0,7.0,4.0,3.0,4.0,0.0,0.0,2.0,3.3,4.0,2.05,3.4,4.15,,,,,,,,2022/2023
I1,2022-10-23,Bologna,Lecce,2.0,0.0,H,12.0,9.0,3.0,3.0,11.0,14.0,9.0,4.0,5.0,2.0,0.0,0.0,2.15,3.2,3.75,2.21,3.26,3.78,,,,,,,,2022/2023
I1,2022-10-23,Atalanta,Lazio,0.0,2.0,A,7.0,12.0,0.0,5.0,15.0,9.0,5.0,8.0,4.0,2.0,1.0,0.0,1.95,3.5,4.0,2.0,3.68,3.96,,,,,,,,2022/2023
I1,2022-10-23,Roma,Napoli,0.0,1.0,A,6.0,12.0,0.0,5.0,14.0,12.0,3.0,4.0,3.0,4.0,0.0,0.0,2.87,3.5,2.4,2.95,3.61,2.47,,,,,,,,2022/2023
I1,2022-10-24,Cremonese,Sampdoria,0.0,1.0,A,21.0,8.0,4.0,4.0,16.0,15.0,5.0,1.0,3.0,4.0,0.0,0.0,2.4,3.3,3.0,2.51,3.37,3.06,,,,,,,,2022/2023
I1,2022-10-24,Sassuolo,Verona,2.0,1.0,H,14.0,13.0,3.0,5.0,7.0,19.0,4.0,5.0,1.0,3.0,0.0,0.0,1.95,3.5,4.0,1.99,3.75,3.92,,,,,,,,2022/2023
I1,2022-10-29,Inter Milan,Sampdoria,3.0,0.0,H,17.0,9.0,8.0,2.0,5.0,13.0,3.0,3.0,1.0,6.0,0.0,0.0,1.25,6.0,12.0,1.25,6.37,13.54,,,,,,,,2022/2023
I1,2022-10-29,Napoli,Sassuolo,4.0,0.0,H,18.0,10.0,6.0,6.0,5.0,6.0,11.0,5.0,0.0,3.0,0.0,1.0,1.28,6.0,8.5,1.31,5.9,10.07,,,,,,,,2022/2023
I1,2022-10-29,Lecce,Juventus,0.0,1.0,A,5.0,13.0,0.0,5.0,16.0,13.0,7.0,7.0,3.0,5.0,0.0,0.0,4.33,3.3,1.9,4.75,3.42,1.92,,,,,,,,2022/2023
I1,2022-10-30,Empoli,Atalanta,0.0,2.0,A,13.0,20.0,3.0,6.0,10.0,13.0,7.0,2.0,2.0,1.0,0.0,0.0,4.33,3.8,1.8,4.63,3.86,1.82,,,,,,,,2022/2023
I1,2022-10-30,Lazio,Salernitana,1.0,3.0,A,13.0,10.0,4.0,6.0,10.0,7.0,4.0,5.0,3.0,3.0,0.0,0.0,1.5,4.5,6.5,1.5,4.68,6.98,,,,,,,,2022/2023
I1,2022-10-30,Spezia,Fiorentina,1.0,2.0,A,10.0,27.0,6.0,5.0,19.0,14.0,5.0,5.0,5.0,3.0,1.0,0.0,4.0,3.6,1.9,4.39,3.64,1.92,,,,,,,,2022/2023
I1,2022-10-30,Torino,Milan,2.0,1.0,H,7.0,12.0,4.0,1.0,11.0,16.0,6.0,1.0,5.0,2.0,0.0,0.0,3.75,3.3,2.1,3.74,3.41,2.16,,,,,,,,2022/2023
I1,2022-10-30,Cremonese,Udinese,0.0,0.0,D,13.0,13.0,2.0,3.0,8.0,9.0,7.0,4.0,1.0,0.0,0.0,0.0,4.0,3.8,1.85,4.27,3.81,1.9,,,,,,,,2022/2023
I1,2022-10-31,Verona,Roma,1.0,3.0,A,7.0,14.0,3.0,6.0,9.0,9.0,2.0,4.0,3.0,1.0,1.0,0.0,4.33,3.6,1.83,4.52,3.61,1.9,,,,,,,,2022/2023
I1,2022-10-31,Monza,Bologna,1.0,2.0,A,9.0,10.0,3.0,5.0,13.0,18.0,4.0,5.0,4.0,2.0,0.0,0.0,2.2,3.3,3.4,2.27,3.35,3.54,,,,,,,,2022/2023
I1,2022-11-04,Udinese,Lecce,1.0,1.0,D,16.0,9.0,5.0,1.0,12.0,18.0,3.0,2.0,2.0,3.0,0.0,0.0,1.61,3.9,5.5,1.66,3.93,5.98,,,,,,,,2022/2023
I1,2022-11-05,Empoli,Sassuolo,1.0,0.0,H,17.0,10.0,1.0,3.0,11.0,11.0,3.0,6.0,2.0,0.0,0.0,0.0,2.8,3.4,2.45,2.89,3.46,2.59,,,,,,,,2022/2023
I1,2022-11-05,Salernitana,Cremonese,2.0,2.0,D,11.0,11.0,2.0,5.0,14.0,10.0,2.0,2.0,2.0,2.0,0.0,0.0,2.15,3.6,3.3,2.23,3.47,3.49,,,,,,,,2022/2023
I1,2022-11-05,Atalanta,Napoli,1.0,2.0,A,17.0,7.0,4.0,5.0,10.0,9.0,5.0,2.0,5.0,1.0,0.0,0.0,3.3,3.6,2.15,3.48,3.81,2.11,,,,,,,,2022/2023
I1,2022-11-05,Milan,Spezia,2.0,1.0,H,23.0,13.0,11.0,5.0,12.0,13.0,3.0,6.0,6.0,4.0,1.0,0.0,1.22,6.0,13.0,1.22,6.78,15.73,,,,,,,,2022/2023
I1,2022-11-06,Bologna,Torino,2.0,1.0,H,9.0,7.0,5.0,2.0,14.0,17.0,3.0,1.0,3.0,3.0,0.0,0.0,3.0,3.1,2.5,3.18,3.14,2.57,,,,,,,,2022/2023
I1,2022-11-06,Juventus,Inter Milan,2.0,0.0,H,8.0,14.0,3.0,4.0,16.0,13.0,2.0,8.0,2.0,2.0,0.0,0.0,3.1,3.4,2.37,3.19,3.34,2.44,,,,,,,,2022/2023
I1,2022-11-06,Monza,Verona,2.0,0.0,H,14.0,7.0,3.0,2.0,10.0,10.0,5.0,2.0,3.0,1.0,0.0,1.0,2.2,3.4,3.3,2.25,3.44,3.47,,,,,,,,2022/2023
I1,2022-11-06,Roma,Lazio,0.0,1.0,A,8.0,5.0,2.0,3.0,18.0,14.0,4.0,2.0,2.0,3.0,0.0,0.0,2.0,3.5,3.8,2.07,3.52,3.91,,,,,,,,2022/2023
I1,2022-11-06,Sampdoria,Fiorentina,0.0,2.0,A,14.0,5.0,2.0,4.0,10.0,18.0,4.0,4.0,1.0,0.0,0.0,0.0,4.2,3.4,1.9,4.29,3.54,1.97,,,,,,,,2022/2023
I1,2022-11-08,Napoli,Empoli,2.0,0.0,H,18.0,6.0,4.0,1.0,12.0,16.0,5.0,0.0,1.0,6.0,0.0,1.0,1.25,6.5,9.5,1.25,6.83,11.79,,,,,,,,2022/2023
I1,2022-11-08,Spezia,Udinese,1.0,1.0,D,21.0,10.0,6.0,2.0,12.0,12.0,9.0,0.0,3.0,3.0,0.0,0.0,4.0,3.5,1.9,4.13,3.6,1.99,,,,,,,,2022/2023
I1,2022-11-08,Cremonese,Milan,0.0,0.0,D,6.0,16.0,1.0,5.0,16.0,10.0,2.0,4.0,4.0,3.0,0.0,0.0,6.0,4.2,1.55,6.23,4.2,1.6,,,,,,,,2022/2023
I1,2022-11-09,Lecce,Atalanta,2.0,1.0,H,15.0,12.0,3.0,4.0,11.0,12.0,4.0,3.0,1.0,2.0,0.0,0.0,4.75,3.5,1.8,5.03,3.63,1.82,,,,,,,,2022/2023
I1,2022-11-09,Sassuolo,Roma,1.0,1.0,D,14.0,10.0,6.0,4.0,11.0,11.0,3.0,2.0,5.0,3.0,0.0,0.0,3.4,3.6,2.1,3.62,3.65,2.12,,,,,,,,2022/2023
I1,2022-11-09,Fiorentina,Salernitana,2.0,1.0,H,18.0,4.0,7.0,1.0,10.0,11.0,4.0,3.0,0.0,1.0,0.0,0.0,1.53,4.2,6.25,1.56,4.45,6.17,,,,,,,,2022/2023
I1,2022-11-09,Inter Milan,Bologna,6.0,1.0,H,13.0,10.0,7.0,4.0,10.0,11.0,4.0,4.0,1.0,5.0,0.0,0.0,1.28,5.75,10.0,1.32,5.77,10.64,,,,,,,,2022/2023
I1,2022-11-09,Torino,Sampdoria,2.0,0.0,H,8.0,11.0,5.0,1.0,14.0,21.0,4.0,3.0,1.0,3.0,0.0,0.0,1.61,3.8,5.75,1.64,3.95,6.17,,,,,,,,2022/2023
I1,2022-11-10,Verona,Juventus,0.0,1.0,A,15.0,11.0,2.0,3.0,14.0,13.0,5.0,4.0,3.0,2.0,0.0,1.0,5.0,3.8,1.66,5.63,3.82,1.71,,,,,,,,2022/2023
I1,2022-11-10,Lazio,Monza,1.0,0.0,H,12.0,8.0,4.0,0.0,15.0,14.0,4.0,3.0,2.0,1.0,0.0,0.0,1.61,4.2,5.0,1.62,4.24,5.83,,,,,,,,2022/2023
I1,2022-11-11,Empoli,Cremonese,2.0,0.0,H,13.0,19.0,6.0,5.0,9.0,14.0,4.0,9.0,1.0,2.0,0.0,0.0,2.5,3.4,2.8,2.6,3.41,2.91,,,,,,,,2022/2023
I1,2022-11-12,Napoli,Udinese,3.0,2.0,H,15.0,10.0,5.0,4.0,12.0,13.0,5.0,3.0,2.0,3.0,0.0,0.0,1.5,4.75,5.75,1.49,4.86,6.78,,,,,,,,2022/2023
I1,2022-11-12,Sampdoria,Lecce,0.0,2.0,A,11.0,11.0,2.0,3.0,14.0,19.0,9.0,0.0,2.0,3.0,0.0,0.0,2.62,3.0,3.0,2.77,3.06,2.99,,,,,,,,2022/2023
I1,2022-11-12,Bologna,Sassuolo,3.0,0.0,H,8.0,9.0,4.0,3.0,12.0,6.0,4.0,6.0,1.0,0.0,0.0,0.0,2.3,3.5,3.0,2.38,3.56,3.13,,,,,,,,2022/2023
I1,2022-11-13,Atalanta,Inter Milan,2.0,3.0,A,19.0,14.0,7.0,3.0,10.0,11.0,5.0,4.0,0.0,3.0,0.0,0.0,3.1,3.75,2.2,3.2,3.69,2.28,,,,,,,,2022/2023
I1,2022-11-13,Monza,Salernitana,3.0,0.0,H,19.0,5.0,7.0,0.0,9.0,11.0,6.0,1.0,0.0,2.0,0.0,1.0,2.15,3.25,3.6,2.15,3.39,3.81,,,,,,,,2022/2023
I1,2022-11-13,Roma,Torino,1.0,1.0,D,13.0,10.0,4.0,2.0,13.0,10.0,7.0,0.0,3.0,2.0,0.0,0.0,1.9,3.4,4.33,1.95,3.49,4.46,,,,,,,,2022/2023
I1,2022-11-13,Verona,Spezia,1.0,2.0,A,18.0,16.0,5.0,9.0,13.0,21.0,2.0,10.0,2.0,4.0,0.0,0.0,2.1,3.4,3.6,2.14,3.54,3.66,,,,,,,,2022/2023
I1,2022-11-13,Milan,Fiorentina,2.0,1.0,H,12.0,11.0,3.0,5.0,13.0,11.0,5.0,7.0,1.0,4.0,0.0,0.0,1.7,3.8,5.0,1.73,3.94,5.18,,,,,,,,2022/2023
I1,2022-11-13,Juventus,Lazio,3.0,0.0,H,13.0,10.0,9.0,3.0,10.0,8.0,2.0,6.0,2.0,1.0,0.0,0.0,1.95,3.5,4.0,2.03,3.48,4.11,,,,,,,,2022/2023
I1,2023-01-04,Lecce,Lazio,2.0,1.0,H,11.0,8.0,4.0,2.0,16.0,13.0,4.0,3.0,3.0,2.0,0.0,0.0,3.6,3.3,2.05,3.91,3.35,2.13,,,,,,,,2022/2023
I1,2023-01-04,Salernitana,Milan,1.0,2.0,A,8.0,16.0,1.0,10.0,21.0,13.0,6.0,2.0,4.0,1.0,0.0,0.0,7.0,4.33,1.45,6.95,4.56,1.51,,,,,,,,2022/2023
I1,2023-01-04,Sassuolo,Sampdoria,1.0,2.0,A,16.0,9.0,4.0,4.0,16.0,19.0,9.0,1.0,2.0,3.0,0.0,0.0,1.73,3.75,4.75,1.78,3.89,4.86,,,,,,,,2022/2023
I1,2023-01-04,Spezia,Atalanta,2.0,2.0,D,7.0,19.0,3.0,3.0,11.0,11.0,3.0,8.0,3.0,3.0,0.0,0.0,4.75,3.8,1.67,4.84,4.15,1.74,,,,,,,,2022/2023
I1,2023-01-04,Torino,Verona,1.0,1.0,D,9.0,10.0,3.0,2.0,7.0,17.0,6.0,3.0,1.0,1.0,0.0,0.0,1.83,3.4,4.5,1.85,3.69,4.68,,,,,,,,2022/2023
I1,2023-01-04,Cremonese,Juventus,0.0,1.0,A,13.0,19.0,3.0,8.0,12.0,12.0,3.0,8.0,5.0,3.0,0.0,0.0,4.75,3.8,1.67,5.28,3.85,1.74,,,,,,,,2022/2023
I1,2023-01-04,Fiorentina,Monza,1.0,1.0,D,22.0,10.0,6.0,3.0,11.0,13.0,9.0,1.0,1.0,3.0,0.0,0.0,1.7,3.8,4.75,1.74,4.02,5.04,,,,,,,,2022/2023
I1,2023-01-04,Inter Milan,Napoli,1.0,0.0,H,6.0,9.0,1.0,2.0,12.0,7.0,5.0,4.0,3.0,2.0,0.0,0.0,2.25,3.4,3.1,2.36,3.46,3.23,,,,,,,,2022/2023
I1,2023-01-04,Udinese,Empoli,1.0,1.0,D,21.0,6.0,3.0,1.0,15.0,14.0,8.0,1.0,2.0,3.0,0.0,1.0,1.6,4.2,5.75,1.65,3.92,6.19,,,,,,,,2022/2023
I1,2023-01-04,Roma,Bologna,1.0,0.0,H,14.0,10.0,4.0,2.0,10.0,10.0,3.0,3.0,2.0,3.0,0.0,0.0,1.6,3.8,5.5,1.65,3.96,5.96,,,,,,,,2022/2023
I1,2023-01-07,Fiorentina,Sassuolo,2.0,1.0,H,14.0,17.0,5.0,4.0,14.0,9.0,6.0,3.0,4.0,3.0,0.0,0.0,1.7,3.8,5.0,1.75,4.03,4.88,,,,,,,,2022/2023
I1,2023-01-07,Juventus,Udinese,1.0,0.0,H,14.0,11.0,4.0,3.0,16.0,13.0,6.0,4.0,1.0,2.0,0.0,0.0,1.75,3.8,4.5,1.78,3.84,4.99,,,,,,,,2022/2023
I1,2023-01-07,Monza,Inter Milan,2.0,2.0,D,13.0,11.0,4.0,3.0,14.0,20.0,3.0,5.0,0.0,3.0,0.0,0.0,5.75,4.33,1.55,5.76,4.48,1.59,,,,,,,,2022/2023
I1,2023-01-08,Spezia,Lecce,0.0,0.0,D,10.0,15.0,2.0,4.0,14.0,15.0,5.0,7.0,0.0,1.0,0.0,0.0,2.6,3.1,2.9,2.7,3.09,3.05,,,,,,,,2022/2023
I1,2023-01-08,Sampdoria,Napoli,0.0,2.0,A,9.0,24.0,2.0,8.0,15.0,12.0,2.0,5.0,3.0,2.0,1.0,0.0,8.0,4.75,1.4,8.94,5.04,1.4,,,,,,,,2022/2023
I1,2023-01-08,Salernitana,Torino,1.0,1.0,D,11.0,23.0,4.0,8.0,10.0,15.0,6.0,7.0,2.0,3.0,0.0,0.0,3.7,3.2,2.15,3.83,3.29,2.19,,,,,,,,2022/2023
I1,2023-01-08,Lazio,Empoli,2.0,2.0,D,18.0,5.0,4.0,2.0,17.0,10.0,10.0,3.0,4.0,1.0,0.0,0.0,1.53,4.2,6.0,1.56,4.45,6.23,,,,,,,,2022/2023
I1,2023-01-08,Milan,Roma,2.0,2.0,D,12.0,12.0,5.0,3.0,19.0,13.0,3.0,4.0,4.0,7.0,0.0,0.0,1.83,3.6,4.33,1.89,3.66,4.5,,,,,,,,2022/2023
I1,2023-01-09,Verona,Cremonese,2.0,0.0,H,9.0,15.0,4.0,5.0,16.0,11.0,3.0,5.0,3.0,4.0,0.0,0.0,2.05,3.3,3.8,2.09,3.39,4.0,,,,,,,,2022/2023
I1,2023-01-09,Bologna,Atalanta,1.0,2.0,A,12.0,7.0,3.0,3.0,16.0,15.0,4.0,0.0,3.0,2.0,0.0,0.0,3.4,3.4,2.15,3.48,3.51,2.22,,,,,,,,2022/2023
I1,2023-01-13,Napoli,Juventus,5.0,1.0,H,14.0,11.0,10.0,2.0,10.0,9.0,2.0,5.0,0.0,1.0,0.0,0.0,1.91,3.5,4.0,1.99,3.54,4.2,,,,,,,,2022/2023
I1,2023-01-14,Cremonese,Monza,2.0,3.0,A,11.0,8.0,7.0,3.0,12.0,12.0,4.0,2.0,2.0,4.0,0.0,0.0,2.8,3.3,2.55,2.91,3.39,2.61,,,,,,,,2022/2023
I1,2023-01-14,Lecce,Milan,2.0,2.0,D,17.0,12.0,3.0,5.0,11.0,12.0,8.0,4.0,1.0,2.0,0.0,0.0,5.75,3.8,1.62,6.08,4.01,1.64,,,,,,,,2022/2023
I1,2023-01-14,Inter Milan,Verona,1.0,0.0,H,11.0,6.0,3.0,1.0,11.0,13.0,3.0,4.0,0.0,3.0,0.0,0.0,1.3,5.5,9.5,1.31,6.24,9.9,,,,,,,,2022/2023
I1,2023-01-15,Sassuolo,Lazio,0.0,2.0,A,12.0,12.0,2.0,3.0,17.0,10.0,7.0,3.0,5.0,3.0,0.0,0.0,3.2,3.5,2.2,3.29,3.76,2.21,,,,,,,,2022/2023
I1,2023-01-15,Torino,Spezia,0.0,1.0,A,11.0,13.0,4.0,5.0,13.0,12.0,7.0,2.0,3.0,3.0,0.0,0.0,1.62,3.8,5.5,1.65,3.97,5.96,,,,,,,,2022/2023
I1,2023-01-15,Udinese,Bologna,1.0,2.0,A,20.0,15.0,4.0,2.0,10.0,17.0,6.0,4.0,1.0,3.0,0.0,0.0,1.91,3.4,4.2,1.98,3.48,4.34,,,,,,,,2022/2023
I1,2023-01-15,Atalanta,Salernitana,8.0,2.0,H,19.0,7.0,13.0,2.0,10.0,12.0,5.0,2.0,1.0,0.0,0.0,0.0,1.4,5.0,7.0,1.41,5.26,8.04,,,,,,,,2022/2023
I1,2023-01-15,Roma,Fiorentina,2.0,0.0,H,10.0,7.0,4.0,3.0,15.0,12.0,5.0,9.0,3.0,4.0,0.0,1.0,1.95,3.5,4.0,2.02,3.62,3.98,,,,,,,,2022/2023
I1,2023-01-16,Empoli,Sampdoria,1.0,0.0,H,16.0,16.0,5.0,7.0,15.0,16.0,3.0,3.0,5.0,6.0,0.0,0.0,2.2,3.2,3.5,2.29,3.11,3.79,,,,,,,,2022/2023
I1,2023-01-21,Salernitana,Napoli,0.0,2.0,A,5.0,9.0,2.0,4.0,14.0,15.0,3.0,4.0,2.0,2.0,0.0,0.0,9.5,5.75,1.29,9.36,5.7,1.34,,,,,,,,2022/2023
I1,2023-01-21,Fiorentina,Torino,0.0,1.0,A,19.0,9.0,5.0,3.0,9.0,23.0,5.0,3.0,2.0,2.0,0.0,0.0,2.1,3.3,3.6,2.16,3.4,3.77,,,,,,,,2022/2023
I1,2023-01-21,Verona,Lecce,2.0,0.0,H,11.0,9.0,4.0,3.0,15.0,12.0,5.0,4.0,3.0,0.0,0.0,0.0,2.38,3.1,3.2,2.46,3.07,3.44,,,,,,,,2022/2023
I1,2023-01-22,Sampdoria,Udinese,0.0,1.0,A,9.0,14.0,1.0,5.0,15.0,17.0,6.0,6.0,3.0,1.0,0.0,0.0,3.6,3.25,2.15,3.74,3.4,2.17,,,,,,,,2022/2023
I1,2023-01-22,Monza,Sassuolo,1.0,1.0,D,14.0,13.0,3.0,1.0,17.0,18.0,10.0,4.0,2.0,2.0,0.0,0.0,2.2,3.4,3.3,2.25,3.45,3.47,,,,,,,,2022/2023
I1,2023-01-22,Spezia,Roma,0.0,2.0,A,8.0,13.0,0.0,3.0,17.0,11.0,4.0,0.0,3.0,1.0,0.0,0.0,4.75,3.5,1.83,4.73,3.67,1.85,,,,,,,,2022/2023
I1,2023-01-22,Juventus,Atalanta,3.0,3.0,D,15.0,14.0,8.0,4.0,9.0,6.0,6.0,4.0,1.0,2.0,0.0,0.0,2.1,3.4,3.5,2.2,3.47,3.57,,,,,,,,2022/2023
I1,2023-01-23,Bologna,Cremonese,1.0,1.0,D,21.0,9.0,8.0,2.0,11.0,13.0,4.0,1.0,2.0,5.0,0.0,0.0,1.91,3.4,4.33,1.95,3.37,4.68,,,,,,,,2022/2023
I1,2023-01-23,Inter Milan,Empoli,0.0,1.0,A,16.0,13.0,1.0,8.0,13.0,16.0,2.0,3.0,4.0,3.0,1.0,0.0,1.29,6.0,9.5,1.3,6.08,10.1,,,,,,,,2022/2023
I1,2023-01-24,Lazio,Milan,4.0,0.0,H,10.0,10.0,5.0,3.0,14.0,11.0,3.0,4.0,1.0,2.0,0.0,0.0,3.2,3.4,2.25,3.18,3.37,2.28,,,,,,,,2022/2023
I1,2023-01-27,Bologna,Spezia,2.0,0.0,H,18.0,6.0,6.0,4.0,8.0,16.0,5.0,5.0,2.0,2.0,0.0,0.0,1.85,3.4,4.5,1.9,3.47,4.8,,,,,,,,2022/2023
I1,2023-01-27,Lecce,Salernitana,1.0,2.0,A,15.0,10.0,5.0,6.0,14.0,11.0,4.0,4.0,2.0,4.0,0.0,0.0,1.8,3.4,4.75,1.85,3.52,5.01,,,,,,,,2022/2023
I1,2023-01-28,Atalanta,Sampdoria,2.0,0.0,H,21.0,15.0,5.0,5.0,17.0,11.0,7.0,4.0,0.0,2.0,0.0,0.0,1.33,5.25,9.0,1.37,5.37,9.21,,,,,,,,2022/2023
I1,2023-01-28,Empoli,Torino,2.0,2.0,D,11.0,16.0,4.0,4.0,12.0,9.0,5.0,5.0,2.0,0.0,0.0,0.0,3.25,3.1,2.4,3.36,3.15,2.46,,,,,,,,2022/2023
I1,2023-01-28,Cremonese,Inter Milan,1.0,2.0,A,12.0,30.0,4.0,10.0,7.0,12.0,2.0,14.0,0.0,2.0,0.0,0.0,6.5,4.33,1.5,6.88,4.57,1.51,,,,,,,,2022/2023
I1,2023-01-29,Juventus,Monza,0.0,2.0,A,22.0,3.0,8.0,3.0,12.0,10.0,12.0,1.0,0.0,2.0,0.0,0.0,1.55,4.0,6.5,1.56,4.12,7.16,,,,,,,,2022/2023
I1,2023-01-29,Milan,Sassuolo,2.0,5.0,A,10.0,9.0,5.0,7.0,13.0,8.0,2.0,3.0,7.0,4.0,0.0,0.0,1.5,4.5,6.5,1.5,4.88,6.45,,,,,,,,2022/2023
I1,2023-01-29,Napoli,Roma,2.0,1.0,H,11.0,11.0,6.0,3.0,8.0,14.0,3.0,8.0,1.0,2.0,0.0,0.0,1.73,3.6,5.25,1.77,3.83,5.05,,,,,,,,2022/2023
I1,2023-01-29,Lazio,Fiorentina,1.0,1.0,D,13.0,17.0,1.0,6.0,12.0,17.0,3.0,4.0,2.0,3.0,0.0,0.0,2.1,3.4,3.6,2.13,3.37,3.9,,,,,,,,2022/2023
I1,2023-01-30,Udinese,Verona,1.0,1.0,D,26.0,10.0,8.0,2.0,9.0,11.0,14.0,6.0,1.0,3.0,0.0,0.0,1.8,3.75,4.33,1.89,3.67,4.49,,,,,,,,2022/2023
I1,2023-02-04,Cremonese,Lecce,0.0,2.0,A,12.0,9.0,3.0,4.0,12.0,15.0,4.0,8.0,1.0,2.0,0.0,0.0,2.63,3.1,2.8,2.76,3.15,2.93,,,,,,,,2022/2023
I1,2023-02-04,Roma,Empoli,2.0,0.0,H,12.0,11.0,6.0,2.0,10.0,18.0,7.0,7.0,2.0,1.0,0.0,0.0,1.5,4.2,6.5,1.52,4.29,7.41,,,,,,,,2022/2023
I1,2023-02-04,Sassuolo,Atalanta,1.0,0.0,H,18.0,7.0,8.0,2.0,12.0,13.0,2.0,7.0,5.0,1.0,0.0,2.0,3.75,3.6,1.91,3.84,3.95,1.96,,,,,,,,2022/2023
I1,2023-02-05,Spezia,Napoli,0.0,3.0,A,9.0,12.0,3.0,5.0,19.0,18.0,3.0,6.0,3.0,2.0,0.0,0.0,8.0,5.25,1.36,8.83,5.39,1.38,,,,,,,,2022/2023
I1,2023-02-05,Torino,Udinese,1.0,0.0,H,11.0,11.0,3.0,3.0,13.0,8.0,6.0,5.0,1.0,1.0,0.0,0.0,2.25,3.25,3.3,2.39,3.14,3.51,,,,,,,,2022/2023
I1,2023-02-05,Fiorentina,Bologna,1.0,2.0,A,18.0,11.0,6.0,7.0,10.0,25.0,5.0,3.0,2.0,4.0,0.0,0.0,1.83,3.5,4.5,1.85,3.64,4.83,,,,,,,,2022/2023
I1,2023-02-05,Inter Milan,Milan,1.0,0.0,H,15.0,4.0,4.0,0.0,13.0,14.0,8.0,0.0,2.0,5.0,0.0,0.0,1.95,3.5,4.0,2.01,3.61,4.02,,,,,,,,2022/2023
I1,2023-02-06,Verona,Lazio,1.0,1.0,D,15.0,9.0,4.0,2.0,16.0,12.0,6.0,5.0,4.0,1.0,0.0,0.0,3.6,3.6,2.0,4.0,3.57,2.03,,,,,,,,2022/2023
I1,2023-02-06,Monza,Sampdoria,2.0,2.0,D,17.0,11.0,5.0,6.0,12.0,12.0,9.0,3.0,2.0,4.0,0.0,0.0,1.8,3.5,4.75,1.85,3.57,4.96,,,,,,,,2022/2023
I1,2023-02-07,Salernitana,Juventus,0.0,3.0,A,10.0,17.0,1.0,5.0,9.0,12.0,6.0,3.0,1.0,1.0,0.0,0.0,7.0,4.2,1.5,7.38,4.32,1.52,,,,,,,,2022/2023
I1,2023-02-10,Milan,Torino,1.0,0.0,H,9.0,12.0,4.0,2.0,10.0,20.0,3.0,8.0,1.0,4.0,0.0,0.0,1.8,3.5,4.75,1.84,3.56,4.98,,,,,,,,2022/2023
I1,2023-02-11,Empoli,Spezia,2.0,2.0,D,25.0,9.0,8.0,3.0,10.0,13.0,7.0,3.0,1.0,5.0,1.0,1.0,2.0,3.5,3.75,2.07,3.47,3.99,,,,,,,,2022/2023
I1,2023-02-11,Lecce,Roma,1.0,1.0,D,8.0,12.0,3.0,5.0,24.0,8.0,3.0,7.0,4.0,1.0,0.0,0.0,4.33,3.25,1.95,4.46,3.34,2.0,,,,,,,,2022/2023
I1,2023-02-11,Lazio,Atalanta,0.0,2.0,A,13.0,23.0,5.0,10.0,12.0,14.0,5.0,7.0,1.0,2.0,0.0,0.0,2.38,3.4,3.0,2.45,3.49,3.06,,,,,,,,2022/2023
I1,2023-02-12,Udinese,Sassuolo,2.0,2.0,D,17.0,6.0,8.0,1.0,12.0,8.0,10.0,7.0,2.0,2.0,0.0,0.0,2.0,3.6,3.6,2.11,3.54,3.76,,,,,,,,2022/2023
I1,2023-02-12,Bologna,Monza,0.0,1.0,A,12.0,5.0,3.0,4.0,15.0,18.0,3.0,2.0,1.0,4.0,0.0,0.0,2.2,3.2,3.5,2.26,3.36,3.54,,,,,,,,2022/2023
I1,2023-02-12,Juventus,Fiorentina,1.0,0.0,H,7.0,11.0,3.0,2.0,11.0,17.0,5.0,6.0,5.0,2.0,0.0,0.0,1.83,3.5,4.5,1.88,3.65,4.55,,,,,,,,2022/2023
I1,2023-02-12,Napoli,Cremonese,3.0,0.0,H,15.0,6.0,10.0,1.0,7.0,7.0,9.0,7.0,0.0,2.0,0.0,0.0,1.18,7.5,13.0,1.19,7.51,17.21,,,,,,,,2022/2023
I1,2023-02-13,Verona,Salernitana,1.0,0.0,H,14.0,8.0,4.0,3.0,14.0,21.0,5.0,1.0,2.0,3.0,0.0,0.0,1.85,3.4,4.5,1.87,3.47,4.96,,,,,,,,2022/2023
I1,2023-02-13,Sampdoria,Inter Milan,0.0,0.0,D,7.0,25.0,2.0,5.0,13.0,11.0,3.0,7.0,3.0,1.0,0.0,0.0,7.0,4.5,1.44,8.3,4.73,1.44,,,,,,,,2022/2023
I1,2023-02-17,Sassuolo,Napoli,0.0,2.0,A,11.0,15.0,2.0,4.0,12.0,10.0,1.0,3.0,2.0,2.0,0.0,0.0,5.0,4.0,1.6,5.54,4.24,1.65,,,,,,,,2022/2023
I1,2023-02-18,Sampdoria,Bologna,1.0,2.0,A,9.0,12.0,4.0,5.0,13.0,13.0,1.0,8.0,3.0,1.0,0.0,0.0,3.25,3.1,2.38,3.38,3.16,2.44,,,,,,,,2022/2023
I1,2023-02-18,Monza,Milan,0.0,1.0,A,11.0,14.0,5.0,8.0,10.0,18.0,10.0,3.0,4.0,2.0,0.0,0.0,3.75,3.3,2.1,3.87,3.4,2.13,,,,,,,,2022/2023
I1,2023-02-18,Inter Milan,Udinese,3.0,1.0,H,19.0,9.0,7.0,1.0,15.0,14.0,3.0,8.0,2.0,2.0,0.0,0.0,1.53,4.2,6.0,1.54,4.49,6.46,,,,,,,,2022/2023
I1,2023-02-19,Salernitana,Lazio,0.0,2.0,A,9.0,21.0,2.0,7.0,10.0,7.0,2.0,9.0,5.0,1.0,1.0,0.0,5.5,3.75,1.7,5.32,4.03,1.7,,,,,,,,2022/2023
I1,2023-02-19,Fiorentina,Empoli,1.0,1.0,D,27.0,5.0,4.0,3.0,8.0,15.0,13.0,1.0,1.0,5.0,0.0,0.0,1.6,4.0,5.75,1.65,4.16,5.57,,,,,,,,2022/2023
I1,2023-02-19,Roma,Verona,1.0,0.0,H,9.0,7.0,5.0,1.0,15.0,19.0,5.0,1.0,1.0,2.0,0.0,0.0,1.65,3.6,5.75,1.66,3.77,6.32,,,,,,,,2022/2023
I1,2023-02-19,Spezia,Juventus,0.0,2.0,A,18.0,15.0,7.0,3.0,8.0,9.0,7.0,4.0,2.0,2.0,0.0,0.0,6.0,3.75,1.62,6.09,3.99,1.64,,,,,,,,2022/2023
I1,2023-02-19,Atalanta,Lecce,1.0,2.0,A,20.0,4.0,10.0,2.0,10.0,12.0,6.0,1.0,3.0,3.0,0.0,0.0,1.5,4.0,7.0,1.53,4.49,6.78,,,,,,,,2022/2023
I1,2023-02-20,Torino,Cremonese,2.0,2.0,D,16.0,11.0,6.0,2.0,9.0,12.0,5.0,1.0,3.0,1.0,0.0,0.0,1.65,3.8,5.25,1.69,3.85,5.75,,,,,,,,2022/2023
I1,2023-02-25,Empoli,Napoli,0.0,2.0,A,9.0,19.0,2.0,6.0,10.0,9.0,4.0,13.0,2.0,1.0,0.0,1.0,7.0,4.75,1.44,7.17,4.83,1.47,,,,,,,,2022/2023
I1,2023-02-25,Lecce,Sassuolo,0.0,1.0,A,16.0,7.0,0.0,3.0,17.0,7.0,4.0,7.0,2.0,2.0,0.0,0.0,2.45,3.25,2.9,2.59,3.08,3.0,,,,,,,,2022/2023
I1,2023-02-26,Bologna,Inter Milan,1.0,0.0,H,14.0,13.0,5.0,4.0,7.0,14.0,1.0,6.0,1.0,2.0,0.0,0.0,5.5,3.75,1.7,4.84,3.81,1.72,,,,,,,,2022/2023
I1,2023-02-26,Salernitana,Monza,3.0,0.0,H,12.0,14.0,5.0,3.0,12.0,16.0,1.0,3.0,2.0,4.0,0.0,1.0,3.6,3.3,2.05,3.61,3.39,2.11,,,,,,,,2022/2023
I1,2023-02-26,Udinese,Spezia,2.0,2.0,D,15.0,9.0,6.0,2.0,11.0,16.0,5.0,2.0,2.0,2.0,0.0,0.0,1.62,3.8,5.75,1.68,3.91,5.09,,,,,,,,2022/2023
I1,2023-02-26,Milan,Atalanta,2.0,0.0,H,13.0,3.0,3.0,0.0,11.0,11.0,4.0,3.0,3.0,2.0,0.0,0.0,2.15,3.4,3.4,2.19,3.3,3.51,,,,,,,,2022/2023
I1,2023-02-27,Verona,Fiorentina,0.0,3.0,A,12.0,16.0,3.0,7.0,15.0,11.0,4.0,2.0,3.0,3.0,0.0,0.0,3.25,3.25,2.25,3.38,3.39,2.32,,,,,,,,2022/2023
I1,2023-02-27,Lazio,Sampdoria,1.0,0.0,H,15.0,8.0,4.0,2.0,10.0,13.0,8.0,3.0,2.0,2.0,0.0,0.0,1.44,4.33,8.0,1.45,4.64,8.31,,,,,,,,2022/2023
I1,2023-02-28,Cremonese,Roma,2.0,1.0,H,6.0,10.0,2.0,3.0,17.0,11.0,3.0,3.0,3.0,2.0,0.0,0.0,5.25,3.4,1.75,5.48,3.48,1.81,,,,,,,,2022/2023
I1,2023-02-28,Juventus,Torino,4.0,2.0,H,13.0,8.0,6.0,3.0,5.0,13.0,3.0,7.0,0.0,2.0,0.0,0.0,1.73,3.4,5.5,1.8,3.49,5.47,,,,,,,,2022/2023
I1,2023-03-03,Napoli,Lazio,0.0,1.0,A,14.0,5.0,2.0,2.0,13.0,8.0,8.0,3.0,2.0,2.0,0.0,0.0,1.65,3.8,5.25,1.66,3.98,5.66,,,,,,,,2022/2023
I1,2023-03-04,Monza,Empoli,2.0,1.0,H,10.0,18.0,3.0,3.0,10.0,12.0,1.0,8.0,2.0,3.0,0.0,0.0,2.1,3.25,3.8,2.12,3.26,4.02,,,,,,,,2022/2023
I1,2023-03-04,Atalanta,Udinese,0.0,0.0,D,17.0,5.0,5.0,1.0,12.0,12.0,12.0,3.0,2.0,3.0,0.0,0.0,1.62,4.0,5.5,1.68,4.16,5.12,,,,,,,,2022/2023
I1,2023-03-04,Fiorentina,Milan,2.0,1.0,H,16.0,8.0,8.0,6.0,12.0,17.0,11.0,5.0,3.0,3.0,0.0,0.0,2.8,3.3,2.55,2.91,3.34,2.6,,,,,,,,2022/2023
I1,2023-03-05,Spezia,Verona,0.0,0.0,D,20.0,11.0,4.0,3.0,6.0,7.0,9.0,5.0,2.0,1.0,1.0,0.0,2.7,3.1,2.8,2.76,3.11,2.92,,,,,,,,2022/2023
I1,2023-03-05,Sampdoria,Salernitana,0.0,0.0,D,9.0,10.0,3.0,4.0,18.0,13.0,2.0,6.0,3.0,4.0,0.0,0.0,2.3,3.25,3.2,2.36,3.3,3.32,,,,,,,,2022/2023
I1,2023-03-05,Inter Milan,Lecce,2.0,0.0,H,14.0,11.0,4.0,1.0,10.0,11.0,6.0,4.0,0.0,0.0,0.0,0.0,1.36,4.75,9.5,1.38,4.97,9.55,,,,,,,,2022/2023
I1,2023-03-05,Roma,Juventus,1.0,0.0,H,6.0,14.0,2.0,5.0,11.0,10.0,2.0,6.0,3.0,2.0,0.0,1.0,2.7,3.0,2.88,2.72,3.15,2.92,,,,,,,,2022/2023
I1,2023-03-06,Sassuolo,Cremonese,3.0,2.0,H,13.0,13.0,7.0,6.0,11.0,9.0,4.0,3.0,1.0,4.0,0.0,0.0,1.8,3.6,4.5,1.88,3.7,4.42,,,,,,,,2022/2023
I1,2023-03-06,Torino,Bologna,1.0,0.0,H,12.0,11.0,5.0,1.0,9.0,10.0,3.0,3.0,2.0,2.0,0.0,0.0,2.4,2.9,3.4,2.39,3.02,3.59,,,,,,,,2022/2023
I1,2023-03-10,Spezia,Inter Milan,2.0,1.0,H,4.0,28.0,2.0,7.0,11.0,9.0,1.0,13.0,3.0,0.0,0.0,0.0,8.0,4.6,1.4,7.68,4.79,1.44,,,,,,,,2022/2023
I1,2023-03-11,Empoli,Udinese,0.0,1.0,A,17.0,14.0,3.0,4.0,12.0,13.0,11.0,5.0,2.0,4.0,0.0,0.0,3.0,3.25,2.4,3.13,3.28,2.48,,,,,,,,2022/2023
I1,2023-03-11,Napoli,Atalanta,2.0,0.0,H,18.0,6.0,6.0,3.0,12.0,11.0,10.0,4.0,1.0,2.0,0.0,0.0,1.67,4.0,5.0,1.7,4.05,5.13,,,,,,,,2022/2023
I1,2023-03-11,Bologna,Lazio,0.0,0.0,D,16.0,5.0,2.0,2.0,11.0,8.0,5.0,2.0,2.0,3.0,0.0,0.0,3.1,3.1,2.38,3.13,3.22,2.52,,,,,,,,2022/2023
I1,2023-03-12,Lecce,Torino,0.0,2.0,A,13.0,4.0,1.0,2.0,16.0,17.0,9.0,1.0,3.0,3.0,0.0,0.0,3.0,3.0,2.63,3.01,3.06,2.72,,,,,,,,2022/2023
I1,2023-03-12,Cremonese,Fiorentina,0.0,2.0,A,16.0,10.0,5.0,3.0,10.0,17.0,1.0,6.0,1.0,2.0,0.0,0.0,4.33,3.6,1.85,4.53,3.59,1.88,,,,,,,,2022/2023
I1,2023-03-12,Verona,Monza,1.0,1.0,D,8.0,9.0,3.0,3.0,17.0,12.0,7.0,2.0,2.0,0.0,0.0,0.0,2.5,3.2,2.9,2.61,3.11,3.1,,,,,,,,2022/2023
I1,2023-03-12,Roma,Sassuolo,3.0,4.0,A,17.0,19.0,7.0,10.0,11.0,18.0,7.0,2.0,4.0,2.0,1.0,0.0,1.67,3.6,5.5,1.71,3.74,5.55,,,,,,,,2022/2023
I1,2023-03-12,Juventus,Sampdoria,4.0,2.0,H,24.0,9.0,8.0,3.0,10.0,10.0,11.0,3.0,1.0,1.0,0.0,0.0,1.33,4.75,10.0,1.36,4.99,10.48,,,,,,,,2022/2023
I1,2023-03-13,Milan,Salernitana,1.0,1.0,D,24.0,6.0,4.0,3.0,15.0,13.0,6.0,4.0,2.0,3.0,0.0,0.0,1.25,6.0,11.0,1.27,6.03,11.52,,,,,,,,2022/2023
I1,2023-03-17,Sassuolo,Spezia,1.0,0.0,H,15.0,11.0,6.0,1.0,10.0,13.0,3.0,3.0,0.0,2.0,0.0,0.0,1.7,3.75,4.5,1.83,3.87,4.6,,,,,,,,2022/2023
I1,2023-03-17,Atalanta,Empoli,2.0,1.0,H,27.0,5.0,6.0,2.0,11.0,10.0,13.0,2.0,3.0,2.0,0.0,0.0,1.4,4.5,7.5,1.44,5.01,7.71,,,,,,,,2022/2023
I1,2023-03-18,Salernitana,Bologna,2.0,2.0,D,14.0,10.0,4.0,2.0,8.0,16.0,5.0,4.0,0.0,1.0,0.0,0.0,3.4,3.25,2.2,3.56,3.31,2.24,,,,,,,,2022/2023
I1,2023-03-18,Udinese,Milan,3.0,1.0,H,14.0,10.0,5.0,6.0,16.0,9.0,5.0,6.0,4.0,2.0,0.0,0.0,3.5,3.4,2.15,3.53,3.53,2.17,,,,,,,,2022/2023
I1,2023-03-18,Monza,Cremonese,1.0,1.0,D,15.0,8.0,7.0,2.0,12.0,12.0,8.0,4.0,3.0,5.0,0.0,0.0,1.8,3.5,4.5,1.85,3.67,4.63,,,,,,,,2022/2023
I1,2023-03-19,Sampdoria,Verona,3.0,1.0,H,11.0,16.0,4.0,6.0,10.0,11.0,5.0,8.0,3.0,2.0,0.0,0.0,2.88,3.1,2.45,3.09,3.17,2.57,,,,,,,,2022/2023
I1,2023-03-19,Fiorentina,Lecce,1.0,0.0,H,18.0,8.0,3.0,2.0,14.0,21.0,1.0,3.0,1.0,3.0,0.0,0.0,1.6,3.75,5.75,1.64,3.88,6.19,,,,,,,,2022/2023
I1,2023-03-19,Torino,Napoli,0.0,4.0,A,12.0,12.0,2.0,6.0,14.0,14.0,5.0,4.0,1.0,1.0,0.0,0.0,4.33,3.6,1.75,5.12,3.53,1.81,,,,,,,,2022/2023
I1,2023-03-19,Lazio,Roma,1.0,0.0,H,12.0,8.0,5.0,3.0,18.0,13.0,5.0,2.0,4.0,4.0,1.0,2.0,2.75,3.0,2.75,2.91,3.1,2.77,,,,,,,,2022/2023
I1,2023-03-19,Inter Milan,Juventus,0.0,1.0,A,18.0,7.0,3.0,3.0,6.0,18.0,6.0,4.0,3.0,4.0,1.0,1.0,1.91,3.4,4.0,2.0,3.52,4.07,,,,,,,,2022/2023
I1,2023-04-01,Cremonese,Atalanta,1.0,3.0,A,15.0,12.0,4.0,4.0,13.0,10.0,0.0,6.0,3.0,2.0,0.0,0.0,5.5,3.8,1.67,5.19,4.11,1.68,,,,,,,,2022/2023
I1,2023-04-01,Inter Milan,Fiorentina,0.0,1.0,A,16.0,19.0,3.0,3.0,8.0,7.0,10.0,8.0,2.0,3.0,0.0,0.0,1.75,3.8,4.5,1.79,3.85,4.72,,,,,,,,2022/2023
I1,2023-04-01,Juventus,Verona,1.0,0.0,H,10.0,9.0,2.0,3.0,14.0,22.0,3.0,5.0,1.0,2.0,0.0,0.0,1.4,4.2,9.0,1.43,4.42,9.42,,,,,,,,2022/2023
I1,2023-04-02,Monza,Lazio,0.0,2.0,A,11.0,8.0,3.0,4.0,13.0,8.0,8.0,3.0,5.0,2.0,0.0,0.0,3.8,3.3,2.05,3.89,3.37,2.11,,,,,,,,2022/2023
I1,2023-04-02,Roma,Sampdoria,3.0,0.0,H,28.0,6.0,11.0,3.0,11.0,13.0,10.0,3.0,3.0,5.0,0.0,1.0,1.44,4.2,9.0,1.44,4.52,8.43,,,,,,,,2022/2023
I1,2023-04-02,Bologna,Udinese,3.0,0.0,H,11.0,15.0,4.0,5.0,17.0,10.0,2.0,7.0,1.0,1.0,0.0,0.0,2.2,3.3,3.4,2.29,3.41,3.35,,,,,,,,2022/2023
I1,2023-04-02,Napoli,Milan,0.0,4.0,A,20.0,14.0,4.0,8.0,11.0,9.0,10.0,4.0,1.0,2.0,0.0,0.0,1.73,3.6,5.0,1.78,3.75,4.96,,,,,,,,2022/2023
I1,2023-04-02,Spezia,Salernitana,1.0,1.0,D,14.0,12.0,3.0,2.0,12.0,12.0,9.0,5.0,0.0,1.0,0.0,0.0,2.3,3.3,3.2,2.41,3.4,3.14,,,,,,,,2022/2023
I1,2023-04-03,Empoli,Lecce,1.0,0.0,H,14.0,5.0,7.0,0.0,10.0,15.0,3.0,4.0,3.0,2.0,1.0,0.0,2.45,3.1,3.1,2.55,3.12,3.18,,,,,,,,2022/2023
I1,2023-04-03,Sassuolo,Torino,1.0,1.0,D,12.0,16.0,4.0,2.0,12.0,9.0,6.0,7.0,1.0,1.0,0.0,0.0,2.4,3.3,3.0,2.51,3.33,3.03,,,,,,,,2022/2023
I1,2023-04-07,Salernitana,Inter Milan,1.0,1.0,D,11.0,25.0,3.0,11.0,14.0,10.0,2.0,8.0,2.0,2.0,0.0,0.0,7.5,4.5,1.45,7.43,4.83,1.46,,,,,,,,2022/2023
I1,2023-04-07,Lecce,Napoli,1.0,2.0,A,11.0,9.0,3.0,3.0,12.0,9.0,5.0,4.0,2.0,1.0,0.0,0.0,5.75,3.6,1.65,6.2,3.68,1.69,,,,,,,,2022/2023
I1,2023-04-07,Milan,Empoli,0.0,0.0,D,23.0,2.0,4.0,1.0,11.0,8.0,9.0,0.0,2.0,2.0,0.0,0.0,1.36,4.75,9.0,1.38,5.04,9.12,,,,,,,,2022/2023
I1,2023-04-08,Atalanta,Bologna,0.0,2.0,A,15.0,13.0,6.0,6.0,6.0,5.0,6.0,0.0,3.0,2.0,0.0,0.0,1.65,3.8,5.5,1.7,3.92,5.33,,,,,,,,2022/2023
I1,2023-04-08,Fiorentina,Spezia,1.0,1.0,D,19.0,4.0,4.0,3.0,12.0,29.0,8.0,4.0,0.0,7.0,0.0,0.0,1.4,4.5,8.5,1.43,4.78,8.23,,,,,,,,2022/2023
I1,2023-04-08,Verona,Sassuolo,2.0,1.0,H,11.0,17.0,3.0,5.0,12.0,14.0,4.0,10.0,3.0,4.0,0.0,0.0,2.63,3.3,2.7,2.67,3.44,2.77,,,,,,,,2022/2023
I1,2023-04-08,Udinese,Monza,2.0,2.0,D,14.0,12.0,5.0,5.0,12.0,21.0,4.0,2.0,1.0,3.0,0.0,0.0,2.0,3.5,3.8,2.11,3.49,3.73,,,,,,,,2022/2023
I1,2023-04-08,Torino,Roma,0.0,1.0,A,7.0,9.0,1.0,1.0,10.0,6.0,7.0,4.0,3.0,1.0,0.0,0.0,3.4,3.0,2.38,3.46,3.06,2.43,,,,,,,,2022/2023
I1,2023-04-08,Lazio,Juventus,2.0,1.0,H,9.0,11.0,4.0,4.0,11.0,15.0,6.0,6.0,2.0,5.0,0.0,0.0,2.75,2.9,2.9,2.8,3.03,2.94,,,,,,,,2022/2023
I1,2023-04-08,Sampdoria,Cremonese,2.0,3.0,A,13.0,17.0,9.0,4.0,14.0,15.0,3.0,3.0,2.0,3.0,0.0,0.0,2.38,3.25,3.2,2.4,3.34,3.21,,,,,,,,2022/2023
I1,2023-04-14,Cremonese,Empoli,1.0,0.0,H,14.0,15.0,5.0,1.0,11.0,9.0,3.0,8.0,1.0,0.0,0.0,0.0,2.45,3.3,2.88,2.53,3.3,3.04,,,,,,,,2022/2023
I1,2023-04-14,Spezia,Lazio,0.0,3.0,A,6.0,13.0,2.0,7.0,12.0,7.0,2.0,3.0,3.0,4.0,1.0,0.0,5.25,3.6,1.7,5.47,3.65,1.75,,,,,,,,2022/2023
I1,2023-04-15,Bologna,Milan,1.0,1.0,D,6.0,19.0,2.0,5.0,12.0,17.0,2.0,6.0,3.0,4.0,0.0,0.0,3.1,3.1,2.45,3.2,3.17,2.5,,,,,,,,2022/2023
I1,2023-04-15,Napoli,Verona,0.0,0.0,D,9.0,5.0,1.0,2.0,11.0,16.0,4.0,0.0,1.0,4.0,0.0,0.0,1.53,4.0,6.5,1.53,4.22,7.01,,,,,,,,2022/2023
I1,2023-04-15,Inter Milan,Monza,0.0,1.0,A,25.0,7.0,6.0,2.0,13.0,4.0,5.0,2.0,2.0,2.0,0.0,0.0,1.44,4.5,7.5,1.45,4.67,7.7,,,,,,,,2022/2023
I1,2023-04-16,Lecce,Sampdoria,1.0,1.0,D,30.0,8.0,11.0,2.0,16.0,12.0,11.0,8.0,1.0,4.0,0.0,0.0,1.95,3.2,4.33,1.98,3.29,4.56,,,,,,,,2022/2023
I1,2023-04-16,Torino,Salernitana,1.0,1.0,D,16.0,8.0,5.0,1.0,14.0,14.0,4.0,2.0,0.0,1.0,0.0,0.0,1.73,3.5,5.25,1.75,3.61,5.55,,,,,,,,2022/2023
I1,2023-04-16,Sassuolo,Juventus,1.0,0.0,H,11.0,13.0,4.0,3.0,10.0,5.0,10.0,13.0,0.0,1.0,0.0,0.0,3.8,3.5,2.0,3.77,3.54,2.08,,,,,,,,2022/2023
I1,2023-04-16,Roma,Udinese,3.0,0.0,H,12.0,10.0,7.0,2.0,18.0,11.0,6.0,2.0,1.0,4.0,0.0,0.0,1.85,3.4,4.5,1.91,3.37,4.77,,,,,,,,2022/2023
I1,2023-04-17,Fiorentina,Atalanta,1.0,1.0,D,18.0,6.0,7.0,1.0,8.0,20.0,5.0,1.0,1.0,3.0,0.0,0.0,2.4,3.4,2.9,2.41,3.62,2.97,,,,,,,,2022/2023
I1,2023-04-21,Verona,Bologna,2.0,1.0,H,9.0,17.0,5.0,7.0,11.0,11.0,4.0,2.0,2.0,4.0,0.0,0.0,2.75,3.0,2.8,2.82,3.08,2.92,,,,,,,,2022/2023
I1,2023-04-22,Sampdoria,Spezia,1.0,1.0,D,13.0,19.0,3.0,7.0,9.0,11.0,9.0,9.0,1.0,1.0,0.0,0.0,2.55,3.2,2.88,2.59,3.33,2.93,,,,,,,,2022/2023
I1,2023-04-22,Salernitana,Sassuolo,3.0,0.0,H,13.0,11.0,5.0,2.0,11.0,15.0,4.0,8.0,1.0,2.0,0.0,0.0,3.1,3.5,2.25,3.15,3.61,2.31,,,,,,,,2022/2023
I1,2023-04-22,Lazio,Torino,0.0,1.0,A,10.0,7.0,5.0,3.0,13.0,13.0,3.0,4.0,2.0,4.0,0.0,0.0,1.83,3.4,4.75,1.88,3.33,5.12,,,,,,,,2022/2023
I1,2023-04-23,Empoli,Inter Milan,0.0,3.0,A,11.0,16.0,3.0,4.0,6.0,13.0,5.0,4.0,1.0,1.0,0.0,0.0,6.5,4.2,1.53,6.44,4.49,1.53,,,,,,,,2022/2023
I1,2023-04-23,Monza,Fiorentina,3.0,2.0,H,13.0,10.0,5.0,5.0,18.0,15.0,5.0,3.0,3.0,3.0,0.0,0.0,3.7,3.4,2.05,3.74,3.53,2.09,,,,,,,,2022/2023
I1,2023-04-23,Udinese,Cremonese,3.0,0.0,H,17.0,12.0,9.0,2.0,13.0,11.0,3.0,8.0,2.0,3.0,0.0,0.0,1.7,3.8,5.0,1.74,3.93,4.97,,,,,,,,2022/2023
I1,2023-04-23,Milan,Lecce,2.0,0.0,H,8.0,9.0,5.0,4.0,6.0,10.0,4.0,2.0,1.0,0.0,0.0,0.0,1.5,4.2,7.0,1.51,4.22,7.65,,,,,,,,2022/2023
I1,2023-04-23,Juventus,Napoli,0.0,1.0,A,7.0,17.0,4.0,6.0,15.0,11.0,3.0,6.0,4.0,1.0,0.0,0.0,2.88,3.1,2.6,2.9,3.25,2.66,,,,,,,,2022/2023
I1,2023-04-24,Atalanta,Roma,3.0,1.0,H,7.0,14.0,4.0,1.0,15.0,11.0,3.0,4.0,3.0,1.0,0.0,0.0,2.3,3.25,3.2,2.37,3.34,3.26,,,,,,,,2022/2023
I1,2023-04-28,Lecce,Udinese,1.0,0.0,H,15.0,10.0,3.0,3.0,21.0,12.0,7.0,4.0,4.0,2.0,0.0,0.0,2.45,3.0,3.2,2.52,3.13,3.27,,,,,,,,2022/2023
I1,2023-04-28,Spezia,Monza,0.0,2.0,A,12.0,8.0,4.0,4.0,10.0,16.0,3.0,3.0,1.0,2.0,0.0,0.0,2.8,3.3,2.55,2.88,3.3,2.69,,,,,,,,2022/2023
I1,2023-04-29,Roma,Milan,1.0,1.0,D,11.0,11.0,1.0,1.0,9.0,6.0,1.0,5.0,3.0,2.0,0.0,0.0,2.75,3.0,2.75,2.81,3.09,2.87,,,,,,,,2022/2023
I1,2023-04-29,Torino,Atalanta,1.0,2.0,A,4.0,9.0,4.0,5.0,6.0,10.0,3.0,3.0,1.0,1.0,0.0,0.0,2.88,3.3,2.45,3.03,3.35,2.51,,,,,,,,2022/2023
I1,2023-04-30,Fiorentina,Sampdoria,5.0,0.0,H,23.0,4.0,10.0,1.0,14.0,9.0,11.0,0.0,2.0,1.0,0.0,0.0,1.33,5.25,9.0,1.33,5.55,9.75,,,,,,,,2022/2023
I1,2023-04-30,Sassuolo,Empoli,2.0,1.0,H,13.0,7.0,4.0,1.0,12.0,10.0,7.0,5.0,2.0,1.0,1.0,0.0,1.75,3.8,4.5,1.78,3.99,4.59,,,,,,,,2022/2023
I1,2023-04-30,Inter Milan,Lazio,3.0,1.0,H,25.0,9.0,9.0,5.0,13.0,14.0,2.0,3.0,2.0,3.0,0.0,0.0,1.8,3.6,4.5,1.83,3.62,4.8,,,,,,,,2022/2023
I1,2023-04-30,Bologna,Juventus,1.0,1.0,D,16.0,14.0,6.0,5.0,12.0,9.0,4.0,5.0,2.0,2.0,0.0,0.0,3.4,3.3,2.2,3.6,3.26,2.26,,,,,,,,2022/2023
I1,2023-04-30,Napoli,Salernitana,1.0,1.0,D,24.0,5.0,8.0,2.0,13.0,11.0,10.0,0.0,2.0,2.0,0.0,0.0,1.22,6.5,12.0,1.22,6.65,14.7,,,,,,,,2022/2023
I1,2023-04-30,Cremonese,Verona,1.0,1.0,D,12.0,14.0,5.0,6.0,10.0,16.0,3.0,5.0,0.0,0.0,1.0,0.0,3.0,3.3,2.45,3.13,3.33,2.45,,,,,,,,2022/2023
I1,2023-05-03,Milan,Cremonese,1.0,1.0,D,18.0,6.0,5.0,2.0,12.0,12.0,10.0,0.0,0.0,3.0,0.0,1.0,1.33,5.0,9.5,1.31,5.52,11.38,,,,,,,,2022/2023
I1,2023-05-03,Monza,Roma,1.0,1.0,D,8.0,14.0,4.0,8.0,13.0,15.0,4.0,3.0,3.0,4.0,0.0,1.0,3.75,3.1,2.15,3.74,3.22,2.22,,,,,,,,2022/2023
I1,2023-05-03,Atalanta,Spezia,3.0,2.0,H,14.0,9.0,6.0,4.0,8.0,10.0,12.0,3.0,0.0,3.0,0.0,0.0,1.36,5.0,8.0,1.4,5.18,7.98,,,,,,,,2022/2023
I1,2023-05-03,Juventus,Lecce,2.0,1.0,H,16.0,14.0,4.0,5.0,11.0,10.0,6.0,7.0,2.0,2.0,0.0,0.0,1.6,3.8,6.0,1.6,3.9,6.74,,,,,,,,2022/2023
I1,2023-05-03,Salernitana,Fiorentina,3.0,3.0,D,4.0,12.0,3.0,3.0,18.0,15.0,2.0,3.0,3.0,5.0,0.0,0.0,4.75,3.75,1.73,4.71,3.87,1.79,,,,,,,,2022/2023
I1,2023-05-03,Sampdoria,Torino,0.0,2.0,A,7.0,12.0,0.0,4.0,13.0,11.0,2.0,3.0,3.0,2.0,1.0,0.0,4.2,3.4,1.91,4.54,3.47,1.92,,,,,,,,2022/2023
I1,2023-05-03,Lazio,Sassuolo,2.0,0.0,H,13.0,13.0,5.0,2.0,13.0,13.0,1.0,2.0,3.0,5.0,0.0,0.0,1.67,4.0,5.0,1.69,4.11,5.08,,,,,,,,2022/2023
I1,2023-05-03,Verona,Inter Milan,0.0,6.0,A,7.0,20.0,2.0,10.0,4.0,11.0,2.0,7.0,0.0,0.0,0.0,0.0,5.5,3.75,1.67,5.65,3.87,1.68,,,,,,,,2022/2023
I1,2023-05-04,Empoli,Bologna,3.0,1.0,H,13.0,18.0,3.0,3.0,15.0,16.0,2.0,5.0,3.0,0.0,0.0,0.0,2.9,3.2,2.55,3.05,3.19,2.59,,,,,,,,2022/2023
I1,2023-05-04,Udinese,Napoli,1.0,1.0,D,7.0,7.0,3.0,4.0,15.0,13.0,2.0,6.0,1.0,0.0,0.0,0.0,4.75,3.6,1.75,4.87,3.89,1.76,,,,,,,,2022/2023
I1,2023-05-06,Roma,Inter Milan,0.0,2.0,A,15.0,10.0,3.0,4.0,8.0,12.0,12.0,5.0,3.0,2.0,0.0,0.0,3.1,3.1,2.45,3.24,3.22,2.48,,,,,,,,2022/2023
I1,2023-05-06,Cremonese,Spezia,2.0,0.0,H,9.0,18.0,4.0,8.0,9.0,6.0,3.0,13.0,0.0,2.0,0.0,0.0,2.35,3.4,3.0,2.4,3.49,3.14,,,,,,,,2022/2023
I1,2023-05-06,Milan,Lazio,2.0,0.0,H,10.0,8.0,3.0,0.0,10.0,8.0,6.0,4.0,2.0,4.0,0.0,0.0,1.95,3.4,4.0,1.98,3.5,4.3,,,,,,,,2022/2023
I1,2023-05-07,Atalanta,Juventus,0.0,2.0,A,24.0,10.0,1.0,5.0,13.0,16.0,7.0,3.0,1.0,2.0,0.0,0.0,2.3,3.4,3.1,2.43,3.39,3.17,,,,,,,,2022/2023
I1,2023-05-07,Torino,Monza,1.0,1.0,D,14.0,10.0,5.0,8.0,16.0,9.0,7.0,4.0,2.0,1.0,0.0,0.0,2.0,3.3,4.0,2.0,3.41,4.38,,,,,,,,2022/2023
I1,2023-05-07,Napoli,Fiorentina,1.0,0.0,H,10.0,15.0,3.0,3.0,12.0,15.0,0.0,5.0,0.0,0.0,0.0,0.0,1.8,3.8,4.33,1.88,3.81,4.23,,,,,,,,2022/2023
I1,2023-05-07,Lecce,Verona,0.0,1.0,A,15.0,9.0,2.0,3.0,11.0,13.0,4.0,4.0,2.0,5.0,0.0,0.0,2.2,3.0,3.75,2.27,3.16,3.77,,,,,,,,2022/2023
I1,2023-05-08,Empoli,Salernitana,2.0,1.0,H,11.0,13.0,4.0,2.0,10.0,18.0,8.0,7.0,2.0,2.0,0.0,0.0,2.2,3.1,3.6,2.22,3.1,3.71,,,,,,,,2022/2023
I1,2023-05-08,Udinese,Sampdoria,2.0,0.0,H,13.0,11.0,6.0,3.0,15.0,12.0,7.0,3.0,2.0,2.0,0.0,0.0,1.5,4.33,6.5,1.53,4.46,6.48,,,,,,,,2022/2023
I1,2023-05-08,Sassuolo,Bologna,1.0,1.0,D,6.0,12.0,2.0,3.0,12.0,14.0,4.0,4.0,1.0,1.0,0.0,0.0,2.3,3.5,3.0,2.39,3.53,3.06,,,,,,,,2022/2023
I1,2023-05-12,Lazio,Lecce,2.0,2.0,D,20.0,13.0,6.0,4.0,11.0,13.0,2.0,3.0,3.0,5.0,0.0,0.0,1.7,3.5,5.5,1.73,3.66,5.79,,,,,,,,2022/2023
I1,2023-05-13,Salernitana,Atalanta,1.0,0.0,H,10.0,13.0,4.0,3.0,9.0,18.0,5.0,3.0,2.0,2.0,0.0,0.0,4.75,4.2,1.65,4.89,4.24,1.69,,,,,,,,2022/2023
I1,2023-05-13,Spezia,Milan,2.0,0.0,H,14.0,14.0,4.0,3.0,15.0,11.0,6.0,9.0,1.0,1.0,0.0,0.0,4.2,3.5,1.91,4.32,3.52,1.94,,,,,,,,2022/2023
I1,2023-05-13,Inter Milan,Sassuolo,4.0,2.0,H,11.0,16.0,3.0,5.0,12.0,8.0,1.0,5.0,2.0,3.0,0.0,0.0,1.4,5.0,7.0,1.41,5.36,7.23,,,,,,,,2022/2023
I1,2023-05-14,Monza,Napoli,2.0,0.0,H,10.0,20.0,4.0,7.0,11.0,13.0,6.0,10.0,1.0,1.0,0.0,0.0,4.75,3.75,1.73,4.93,3.91,1.75,,,,,,,,2022/2023
I1,2023-05-14,Verona,Torino,0.0,1.0,A,14.0,15.0,4.0,8.0,8.0,17.0,3.0,4.0,3.0,2.0,0.0,0.0,2.4,3.1,3.2,2.42,3.14,3.38,,,,,,,,2022/2023
I1,2023-05-14,Bologna,Roma,0.0,0.0,D,12.0,7.0,3.0,2.0,12.0,11.0,3.0,6.0,2.0,1.0,0.0,0.0,3.1,3.1,2.45,3.2,3.15,2.52,,,,,,,,2022/2023
I1,2023-05-14,Juventus,Cremonese,2.0,0.0,H,24.0,3.0,7.0,2.0,15.0,5.0,7.0,0.0,2.0,0.0,0.0,0.0,1.36,4.75,9.0,1.38,5.11,9.0,,,,,,,,2022/2023
I1,2023-05-14,Fiorentina,Udinese,2.0,0.0,H,18.0,5.0,3.0,1.0,15.0,15.0,3.0,3.0,3.0,3.0,1.0,1.0,1.95,3.6,3.8,2.05,3.64,3.77,,,,,,,,2022/2023
I1,2023-05-15,Sampdoria,Empoli,1.0,1.0,D,13.0,16.0,3.0,4.0,16.0,14.0,1.0,2.0,3.0,4.0,0.0,0.0,3.2,3.3,2.3,3.33,3.56,2.24,,,,,,,,2022/2023
I1,2023-05-19,Sassuolo,Monza,1.0,2.0,A,13.0,16.0,4.0,5.0,10.0,17.0,6.0,3.0,2.0,5.0,1.0,0.0,2.15,3.6,3.2,2.19,3.71,3.31,,,,,,,,2022/2023
I1,2023-05-20,Cremonese,Bologna,1.0,5.0,A,13.0,19.0,2.0,9.0,7.0,13.0,3.0,9.0,1.0,2.0,0.0,1.0,2.88,3.4,2.4,3.0,3.52,2.44,,,,,,,,2022/2023
I1,2023-05-20,Atalanta,Verona,3.0,1.0,H,13.0,10.0,5.0,2.0,9.0,11.0,6.0,3.0,1.0,3.0,0.0,0.0,1.53,4.2,6.0,1.59,4.26,5.97,,,,,,,,2022/2023
I1,2023-05-20,Milan,Sampdoria,5.0,1.0,H,19.0,6.0,9.0,3.0,9.0,10.0,7.0,2.0,1.0,3.0,0.0,0.0,1.17,7.5,17.0,1.19,7.22,16.72,,,,,,,,2022/2023
I1,2023-05-21,Napoli,Inter Milan,3.0,1.0,H,22.0,6.0,9.0,2.0,10.0,14.0,4.0,1.0,1.0,2.0,0.0,1.0,2.9,3.3,2.45,2.83,3.36,2.66,,,,,,,,2022/2023
I1,2023-05-21,Udinese,Lazio,0.0,1.0,A,12.0,14.0,2.0,4.0,15.0,9.0,3.0,8.0,3.0,1.0,0.0,0.0,3.8,3.4,2.0,3.85,3.64,2.02,,,,,,,,2022/2023
I1,2023-05-21,Lecce,Spezia,0.0,0.0,D,6.0,14.0,1.0,0.0,15.0,16.0,2.0,5.0,2.0,3.0,0.0,0.0,2.2,3.1,3.6,2.26,3.25,3.6,,,,,,,,2022/2023
I1,2023-05-21,Torino,Fiorentina,1.0,1.0,D,10.0,8.0,4.0,1.0,9.0,11.0,3.0,3.0,1.0,2.0,0.0,0.0,1.95,3.4,4.2,2.0,3.48,4.13,,,,,,,,2022/2023
I1,2023-05-22,Roma,Salernitana,2.0,2.0,D,22.0,8.0,5.0,3.0,9.0,14.0,6.0,4.0,1.0,4.0,0.0,0.0,1.45,4.2,7.5,1.5,4.24,7.8,,,,,,,,2022/2023
I1,2023-05-22,Empoli,Juventus,4.0,1.0,H,14.0,19.0,7.0,4.0,20.0,19.0,3.0,7.0,2.0,2.0,0.0,0.0,5.5,3.75,1.65,5.26,3.95,1.7,,,,,,,,2022/2023
I1,2023-05-26,Sampdoria,Sassuolo,2.0,2.0,D,17.0,22.0,3.0,8.0,14.0,10.0,8.0,4.0,1.0,2.0,0.0,0.0,3.8,4.1,1.83,4.04,4.03,1.88,,,,,,,,2022/2023
I1,2023-05-27,Salernitana,Udinese,3.0,2.0,H,11.0,10.0,3.0,4.0,12.0,22.0,2.0,1.0,3.0,3.0,0.0,1.0,2.7,3.5,2.55,2.78,3.55,2.59,,,,,,,,2022/2023
I1,2023-05-27,Spezia,Torino,0.0,4.0,A,8.0,11.0,1.0,4.0,14.0,13.0,5.0,2.0,2.0,2.0,0.0,0.0,2.38,3.25,3.1,2.45,3.34,3.14,,,,,,,,2022/2023
I1,2023-05-27,Fiorentina,Roma,2.0,1.0,H,15.0,8.0,5.0,4.0,11.0,12.0,7.0,4.0,5.0,3.0,0.0,0.0,2.05,3.5,3.6,2.08,3.51,3.82,,,,,,,,2022/2023
I1,2023-05-27,Inter Milan,Atalanta,3.0,2.0,H,20.0,11.0,11.0,3.0,8.0,18.0,9.0,7.0,0.0,1.0,0.0,0.0,1.83,3.8,4.0,1.86,3.91,4.24,,,,,,,,2022/2023
I1,2023-05-28,Verona,Empoli,1.0,1.0,D,13.0,13.0,4.0,3.0,14.0,10.0,3.0,3.0,4.0,0.0,0.0,0.0,1.7,3.8,5.0,1.71,3.98,5.13,,,,,,,,2022/2023
I1,2023-05-28,Bologna,Napoli,2.0,2.0,D,18.0,11.0,6.0,8.0,17.0,10.0,4.0,4.0,1.0,3.0,0.0,0.0,3.4,3.3,2.2,3.51,3.49,2.19,,,,,,,,2022/2023
I1,2023-05-28,Monza,Lecce,0.0,1.0,A,5.0,9.0,1.0,1.0,11.0,20.0,1.0,3.0,2.0,3.0,0.0,0.0,2.45,3.3,2.9,2.51,3.31,3.06,,,,,,,,2022/2023
I1,2023-05-28,Lazio,Cremonese,3.0,2.0,H,12.0,11.0,8.0,5.0,15.0,8.0,4.0,3.0,2.0,2.0,1.0,0.0,1.22,6.5,12.0,1.22,6.8,14.12,,,,,,,,2022/2023
I1,2023-05-28,Juventus,Milan,0.0,1.0,A,16.0,9.0,3.0,3.0,12.0,10.0,4.0,5.0,1.0,2.0,0.0,0.0,2.3,3.4,3.1,2.41,3.48,3.08,,,,,,,,2022/2023
I1,2023-06-02,Sassuolo,Fiorentina,1.0,3.0,A,5.0,15.0,2.0,7.0,7.0,15.0,2.0,4.0,4.0,4.0,2.0,0.0,2.6,3.75,2.5,2.58,3.9,2.61,,,,,,,,2022/2023
I1,2023-06-03,Torino,Inter Milan,0.0,1.0,A,17.0,14.0,5.0,4.0,6.0,7.0,6.0,4.0,1.0,2.0,0.0,0.0,2.3,3.5,3.0,2.41,3.4,3.09,,,,,,,,2022/2023
I1,2023-06-03,Cremonese,Salernitana,2.0,0.0,H,12.0,11.0,4.0,1.0,15.0,12.0,4.0,6.0,1.0,2.0,0.0,0.0,2.6,3.6,2.5,2.65,3.68,2.6,,,,,,,,2022/2023
I1,2023-06-03,Empoli,Lazio,0.0,2.0,A,7.0,21.0,1.0,11.0,7.0,10.0,6.0,7.0,3.0,2.0,1.0,0.0,3.25,3.75,2.1,3.48,3.72,2.09,,,,,,,,2022/2023
I1,2023-06-04,Napoli,Sampdoria,2.0,0.0,H,21.0,6.0,9.0,4.0,7.0,7.0,11.0,0.0,0.0,1.0,0.0,0.0,1.18,7.0,13.0,1.19,7.59,13.69,,,,,,,,2022/2023
I1,2023-06-04,Atalanta,Monza,5.0,2.0,H,20.0,8.0,10.0,4.0,13.0,8.0,5.0,1.0,1.0,2.0,0.0,1.0,1.57,4.5,5.0,1.6,4.49,5.24,,,,,,,,2022/2023
I1,2023-06-04,Lecce,Bologna,2.0,3.0,A,20.0,11.0,7.0,7.0,11.0,9.0,7.0,2.0,1.0,3.0,0.0,0.0,2.75,3.5,2.45,2.8,3.41,2.61,,,,,,,,2022/2023
I1,2023-06-04,Milan,Verona,3.0,1.0,H,14.0,6.0,5.0,1.0,5.0,18.0,7.0,1.0,1.0,4.0,0.0,0.0,1.73,4.0,4.5,1.8,3.82,4.58,,,,,,,,2022/2023
I1,2023-06-04,Roma,Spezia,2.0,1.0,H,19.0,8.0,5.0,2.0,14.0,17.0,6.0,2.0,2.0,8.0,0.0,1.0,1.95,3.6,3.8,1.99,3.74,3.77,,,,,,,,2022/2023
I1,2023-06-04,Udinese,Juventus,0.0,1.0,A,13.0,20.0,3.0,5.0,9.0,11.0,6.0,14.0,2.0,2.0,0.0,0.0,3.8,3.5,1.95,3.86,3.7,1.98,,,,,,,,2022/2023
I1,2023-08-19,Frosinone,Napoli,1.0,3.0,A,4.0,19.0,1.0,8.0,14.0,17.0,4.0,6.0,3.0,3.0,0.0,0.0,8.5,5.0,1.36,8.85,5.25,1.37,,,,,,,,2023/2024
I1,2023-08-19,Empoli,Verona,0.0,1.0,A,10.0,10.0,4.0,4.0,17.0,18.0,2.0,4.0,2.0,2.0,0.0,0.0,2.25,3.2,3.3,2.3,3.3,3.44,,,,,,,,2023/2024
I1,2023-08-19,Inter Milan,Monza,2.0,0.0,H,22.0,12.0,3.0,2.0,8.0,13.0,8.0,3.0,1.0,1.0,0.0,0.0,1.4,5.0,7.0,1.39,5.1,8.76,,,,,,,,2023/2024
I1,2023-08-19,Genoa,Fiorentina,1.0,4.0,A,4.0,9.0,2.0,5.0,14.0,13.0,3.0,4.0,2.0,3.0,0.0,0.0,3.4,3.25,2.2,3.54,3.36,2.23,,,,,,,,2023/2024
I1,2023-08-20,Sassuolo,Atalanta,0.0,2.0,A,11.0,16.0,3.0,6.0,9.0,13.0,7.0,7.0,0.0,0.0,0.0,0.0,3.5,3.4,2.1,3.39,3.63,2.18,,,,,,,,2023/2024
I1,2023-08-20,Roma,Salernitana,2.0,2.0,D,13.0,3.0,3.0,2.0,12.0,9.0,9.0,1.0,0.0,4.0,0.0,0.0,1.53,4.0,6.5,1.53,4.18,7.16,,,,,,,,2023/2024
I1,2023-08-20,Udinese,Juventus,0.0,3.0,A,18.0,9.0,5.0,4.0,12.0,10.0,7.0,3.0,1.0,3.0,0.0,0.0,4.33,3.6,1.83,4.64,3.66,1.85,,,,,,,,2023/2024
I1,2023-08-20,Lecce,Lazio,2.0,1.0,H,23.0,10.0,7.0,4.0,12.0,16.0,5.0,2.0,3.0,2.0,0.0,0.0,3.6,3.3,2.1,3.87,3.31,2.14,,,,,,,,2023/2024
I1,2023-08-21,Torino,Cagliari,0.0,0.0,D,11.0,8.0,2.0,2.0,8.0,12.0,8.0,3.0,1.0,1.0,0.0,0.0,1.67,3.75,5.25,1.67,3.86,5.78,,,,,,,,2023/2024
I1,2023-08-21,Bologna,Milan,0.0,2.0,A,17.0,10.0,5.0,6.0,10.0,4.0,3.0,6.0,2.0,2.0,0.0,0.0,4.0,3.4,1.95,4.02,3.52,2.01,,,,,,,,2023/2024
I1,2023-08-26,Frosinone,Atalanta,2.0,1.0,H,13.0,18.0,5.0,6.0,10.0,10.0,3.0,7.0,1.0,2.0,0.0,0.0,5.0,4.0,1.67,5.04,4.16,1.69,,,,,,,,2023/2024
I1,2023-08-26,Monza,Empoli,2.0,0.0,H,20.0,18.0,5.0,6.0,14.0,7.0,6.0,5.0,1.0,2.0,0.0,0.0,1.91,3.5,4.2,1.95,3.59,4.18,,,,,,,,2023/2024
I1,2023-08-26,Milan,Torino,4.0,1.0,H,17.0,8.0,7.0,1.0,13.0,16.0,2.0,1.0,2.0,3.0,0.0,0.0,1.65,3.8,5.0,1.69,3.8,5.71,,,,,,,,2023/2024
I1,2023-08-26,Verona,Roma,2.0,1.0,H,5.0,23.0,3.0,7.0,17.0,12.0,1.0,12.0,1.0,3.0,1.0,0.0,4.33,3.5,1.83,4.83,3.49,1.87,,,,,,,,2023/2024
I1,2023-08-27,Juventus,Bologna,1.0,1.0,D,14.0,9.0,3.0,4.0,14.0,13.0,5.0,1.0,2.0,1.0,0.0,0.0,1.5,4.5,6.0,1.51,4.42,7.08,,,,,,,,2023/2024
I1,2023-08-27,Fiorentina,Lecce,2.0,2.0,D,9.0,6.0,4.0,2.0,13.0,12.0,3.0,3.0,1.0,3.0,0.0,0.0,1.57,4.2,5.75,1.64,4.0,5.86,,,,,,,,2023/2024
I1,2023-08-27,Napoli,Sassuolo,2.0,0.0,H,25.0,6.0,5.0,1.0,9.0,10.0,12.0,4.0,0.0,1.0,0.0,1.0,1.33,5.5,8.5,1.34,5.87,8.45,,,,,,,,2023/2024
I1,2023-08-27,Lazio,Genoa,0.0,1.0,A,16.0,5.0,2.0,3.0,9.0,16.0,15.0,1.0,4.0,2.0,0.0,0.0,1.55,4.0,6.0,1.61,4.23,5.75,,,,,,,,2023/2024
I1,2023-08-28,Salernitana,Udinese,1.0,1.0,D,9.0,14.0,4.0,6.0,12.0,19.0,7.0,5.0,4.0,4.0,0.0,0.0,2.7,3.2,2.63,2.8,3.34,2.69,,,,,,,,2023/2024
I1,2023-08-28,Cagliari,Inter Milan,0.0,2.0,A,12.0,17.0,2.0,3.0,9.0,10.0,4.0,7.0,1.0,1.0,0.0,0.0,7.5,4.5,1.44,6.7,5.01,1.47,,,,,,,,2023/2024
I1,2023-09-01,Sassuolo,Verona,3.0,1.0,H,16.0,11.0,7.0,3.0,8.0,13.0,10.0,1.0,1.0,3.0,0.0,0.0,2.0,3.6,3.75,2.04,3.66,3.84,,,,,,,,2023/2024
I1,2023-09-01,Roma,Milan,1.0,2.0,A,13.0,9.0,2.0,4.0,14.0,15.0,3.0,5.0,2.0,4.0,0.0,1.0,2.8,3.1,2.63,2.88,3.2,2.76,,,,,,,,2023/2024
I1,2023-09-02,Atalanta,Monza,3.0,0.0,H,18.0,8.0,8.0,2.0,11.0,9.0,7.0,3.0,0.0,3.0,0.0,0.0,1.62,4.0,5.25,1.64,4.27,5.32,,,,,,,,2023/2024
I1,2023-09-02,Napoli,Lazio,1.0,2.0,A,22.0,6.0,4.0,2.0,8.0,9.0,7.0,2.0,1.0,2.0,0.0,0.0,1.62,4.0,5.5,1.62,4.19,5.73,,,,,,,,2023/2024
I1,2023-09-02,Bologna,Cagliari,2.0,1.0,H,16.0,7.0,7.0,1.0,9.0,13.0,5.0,2.0,1.0,2.0,0.0,0.0,1.7,3.75,5.0,1.75,3.63,5.47,,,,,,,,2023/2024
I1,2023-09-02,Udinese,Frosinone,0.0,0.0,D,12.0,12.0,6.0,2.0,14.0,9.0,3.0,5.0,2.0,2.0,0.0,0.0,1.8,3.6,4.5,1.82,3.72,4.74,,,,,,,,2023/2024
I1,2023-09-03,Torino,Genoa,1.0,0.0,H,10.0,7.0,3.0,2.0,13.0,7.0,4.0,0.0,2.0,5.0,0.0,0.0,2.0,3.3,4.0,2.09,3.31,4.03,,,,,,,,2023/2024
I1,2023-09-03,Inter Milan,Fiorentina,4.0,0.0,H,21.0,6.0,11.0,2.0,13.0,12.0,1.0,1.0,1.0,1.0,0.0,0.0,1.65,3.8,5.25,1.66,4.16,5.29,,,,,,,,2023/2024
I1,2023-09-03,Lecce,Salernitana,2.0,0.0,H,20.0,11.0,6.0,4.0,17.0,15.0,6.0,5.0,3.0,3.0,0.0,0.0,2.0,3.3,4.0,2.06,3.4,4.0,,,,,,,,2023/2024
I1,2023-09-03,Empoli,Juventus,0.0,2.0,A,7.0,18.0,0.0,5.0,14.0,13.0,3.0,7.0,3.0,3.0,0.0,0.0,5.25,3.8,1.67,5.43,3.98,1.68,,,,,,,,2023/2024
I1,2023-09-16,Juventus,Lazio,3.0,1.0,H,17.0,16.0,7.0,5.0,13.0,13.0,7.0,9.0,5.0,1.0,0.0,0.0,1.91,3.4,4.33,1.94,3.47,4.41,,,,,,,,2023/2024
I1,2023-09-16,Inter Milan,Milan,5.0,1.0,H,14.0,9.0,7.0,2.0,16.0,13.0,5.0,0.0,2.0,2.0,0.0,0.0,2.15,3.5,3.4,2.15,3.57,3.53,,,,,,,,2023/2024
I1,2023-09-16,Genoa,Napoli,2.0,2.0,D,8.0,12.0,3.0,4.0,14.0,8.0,3.0,1.0,3.0,2.0,0.0,0.0,5.5,3.8,1.67,5.41,4.1,1.66,,,,,,,,2023/2024
I1,2023-09-17,Fiorentina,Atalanta,3.0,2.0,H,15.0,11.0,8.0,4.0,8.0,14.0,3.0,4.0,1.0,2.0,0.0,0.0,2.38,3.5,2.88,2.54,3.55,2.84,,,,,,,,2023/2024
I1,2023-09-17,Roma,Empoli,7.0,0.0,H,14.0,8.0,9.0,2.0,15.0,5.0,2.0,6.0,2.0,2.0,0.0,0.0,1.44,4.5,7.5,1.43,4.66,8.61,,,,,,,,2023/2024
I1,2023-09-17,Cagliari,Udinese,0.0,0.0,D,10.0,11.0,1.0,1.0,12.0,11.0,4.0,6.0,2.0,1.0,1.0,0.0,2.88,3.3,2.5,2.9,3.27,2.65,,,,,,,,2023/2024
I1,2023-09-17,Frosinone,Sassuolo,4.0,2.0,H,16.0,18.0,6.0,7.0,10.0,9.0,5.0,6.0,4.0,2.0,0.0,0.0,2.8,3.4,2.5,2.83,3.52,2.57,,,,,,,,2023/2024
I1,2023-09-17,Monza,Lecce,1.0,1.0,D,25.0,4.0,6.0,3.0,17.0,11.0,10.0,1.0,6.0,1.0,1.0,1.0,2.1,3.4,3.5,2.13,3.5,3.66,,,,,,,,2023/2024
I1,2023-09-18,Salernitana,Torino,0.0,3.0,A,14.0,11.0,4.0,3.0,12.0,16.0,1.0,2.0,2.0,2.0,0.0,0.0,3.6,3.25,2.2,3.73,3.27,2.2,,,,,,,,2023/2024
I1,2023-09-18,Verona,Bologna,0.0,0.0,D,9.0,11.0,1.0,4.0,18.0,10.0,3.0,4.0,4.0,2.0,0.0,0.0,3.1,3.3,2.38,3.15,3.39,2.41,,,,,,,,2023/2024
I1,2023-09-22,Salernitana,Frosinone,1.0,1.0,D,19.0,9.0,6.0,3.0,12.0,12.0,8.0,6.0,2.0,2.0,0.0,0.0,2.5,3.2,2.9,2.59,3.3,3.01,,,,,,,,2023/2024
I1,2023-09-22,Lecce,Genoa,1.0,0.0,H,18.0,8.0,3.0,1.0,12.0,10.0,4.0,3.0,1.0,3.0,0.0,1.0,2.45,3.2,3.1,2.49,3.22,3.23,,,,,,,,2023/2024
I1,2023-09-23,Milan,Verona,1.0,0.0,H,9.0,10.0,4.0,2.0,13.0,9.0,2.0,3.0,4.0,2.0,0.0,0.0,1.36,4.75,9.0,1.39,4.95,9.16,,,,,,,,2023/2024
I1,2023-09-23,Sassuolo,Juventus,4.0,2.0,H,18.0,15.0,7.0,2.0,13.0,8.0,6.0,3.0,4.0,2.0,0.0,0.0,4.0,4.0,1.8,4.35,4.03,1.81,,,,,,,,2023/2024
I1,2023-09-23,Lazio,Monza,1.0,1.0,D,8.0,16.0,1.0,4.0,13.0,7.0,1.0,3.0,2.0,2.0,0.0,0.0,1.8,3.8,4.2,1.8,3.94,4.52,,,,,,,,2023/2024
I1,2023-09-24,Empoli,Inter Milan,0.0,1.0,A,7.0,23.0,1.0,6.0,15.0,11.0,3.0,6.0,2.0,2.0,0.0,0.0,9.0,5.25,1.33,9.73,5.6,1.33,,,,,,,,2023/2024
I1,2023-09-24,Torino,Roma,1.0,1.0,D,13.0,11.0,4.0,3.0,4.0,5.0,7.0,1.0,0.0,2.0,0.0,0.0,3.1,2.9,2.6,3.09,3.1,2.62,,,,,,,,2023/2024
I1,2023-09-24,Atalanta,Cagliari,2.0,0.0,H,10.0,11.0,6.0,1.0,6.0,11.0,7.0,7.0,1.0,2.0,0.0,0.0,1.4,5.0,8.0,1.41,5.11,7.79,,,,,,,,2023/2024
I1,2023-09-24,Bologna,Napoli,0.0,0.0,D,5.0,12.0,2.0,4.0,16.0,12.0,5.0,5.0,4.0,5.0,0.0,0.0,3.75,3.6,1.91,3.72,3.66,2.06,,,,,,,,2023/2024
I1,2023-09-24,Udinese,Fiorentina,0.0,2.0,A,20.0,6.0,8.0,2.0,13.0,11.0,10.0,3.0,0.0,1.0,0.0,0.0,3.2,3.5,2.25,3.17,3.45,2.37,,,,,,,,2023/2024
I1,2023-09-26,Juventus,Lecce,1.0,0.0,H,14.0,2.0,5.0,0.0,14.0,15.0,5.0,1.0,2.0,5.0,0.0,1.0,1.5,4.2,7.0,1.52,4.31,7.27,,,,,,,,2023/2024
I1,2023-09-27,Cagliari,Milan,1.0,3.0,A,16.0,17.0,6.0,6.0,13.0,6.0,3.0,5.0,3.0,1.0,0.0,0.0,5.25,3.8,1.67,5.46,3.96,1.68,,,,,,,,2023/2024
I1,2023-09-27,Empoli,Salernitana,1.0,0.0,H,13.0,14.0,6.0,2.0,18.0,13.0,10.0,2.0,2.0,1.0,0.0,0.0,2.3,3.3,3.2,2.41,3.22,3.31,,,,,,,,2023/2024
I1,2023-09-27,Verona,Atalanta,0.0,1.0,A,11.0,8.0,2.0,2.0,10.0,25.0,4.0,1.0,2.0,3.0,0.0,0.0,4.2,3.75,1.83,4.63,3.78,1.82,,,,,,,,2023/2024
I1,2023-09-27,Inter Milan,Sassuolo,1.0,2.0,A,13.0,13.0,3.0,6.0,10.0,8.0,8.0,6.0,0.0,1.0,0.0,0.0,1.33,5.5,8.0,1.32,5.99,9.3,,,,,,,,2023/2024
I1,2023-09-27,Lazio,Torino,2.0,0.0,H,6.0,7.0,3.0,2.0,12.0,13.0,4.0,2.0,1.0,4.0,0.0,0.0,2.15,3.25,3.5,2.17,3.37,3.7,,,,,,,,2023/2024
I1,2023-09-27,Napoli,Udinese,4.0,1.0,H,23.0,13.0,10.0,3.0,11.0,10.0,8.0,4.0,1.0,1.0,0.0,0.0,1.36,5.0,8.5,1.39,5.16,8.46,,,,,,,,2023/2024
I1,2023-09-28,Genoa,Roma,4.0,1.0,H,8.0,13.0,4.0,3.0,7.0,12.0,1.0,7.0,4.0,3.0,0.0,0.0,3.8,3.25,2.05,3.85,3.31,2.14,,,,,,,,2023/2024
I1,2023-09-28,Frosinone,Fiorentina,1.0,1.0,D,11.0,19.0,3.0,6.0,6.0,11.0,8.0,10.0,3.0,3.0,0.0,0.0,3.75,3.6,1.95,3.78,3.67,2.03,,,,,,,,2023/2024
I1,2023-09-28,Monza,Bologna,0.0,0.0,D,12.0,7.0,3.0,5.0,9.0,13.0,7.0,5.0,5.0,3.0,0.0,1.0,2.38,3.3,3.0,2.49,3.35,3.06,,,,,,,,2023/2024
I1,2023-09-30,Lecce,Napoli,0.0,4.0,A,9.0,15.0,4.0,6.0,11.0,11.0,3.0,7.0,3.0,2.0,0.0,0.0,4.75,3.8,1.75,4.84,3.9,1.76,,,,,,,,2023/2024
I1,2023-09-30,Milan,Lazio,2.0,0.0,H,14.0,13.0,7.0,4.0,15.0,5.0,7.0,1.0,3.0,2.0,0.0,0.0,1.73,3.6,5.0,1.78,3.72,5.04,,,,,,,,2023/2024
I1,2023-09-30,Salernitana,Inter Milan,0.0,4.0,A,12.0,16.0,3.0,6.0,12.0,10.0,3.0,3.0,2.0,1.0,0.0,0.0,8.0,4.75,1.4,8.16,4.81,1.43,,,,,,,,2023/2024
I1,2023-10-01,Bologna,Empoli,3.0,0.0,H,21.0,12.0,9.0,4.0,11.0,16.0,2.0,6.0,2.0,4.0,0.0,0.0,1.62,4.0,5.5,1.66,3.97,5.17,,,,,,,,2023/2024
I1,2023-10-01,Udinese,Genoa,2.0,2.0,D,11.0,8.0,2.0,4.0,12.0,12.0,5.0,0.0,2.0,2.0,1.0,0.0,2.38,3.1,3.2,2.38,3.07,3.35,,,,,,,,2023/2024
I1,2023-10-01,Atalanta,Juventus,0.0,0.0,D,15.0,5.0,2.0,3.0,13.0,7.0,5.0,2.0,1.0,2.0,0.0,0.0,2.5,3.4,2.8,2.53,3.48,2.77,,,,,,,,2023/2024
I1,2023-10-01,Roma,Frosinone,2.0,0.0,H,11.0,8.0,5.0,0.0,12.0,11.0,7.0,3.0,1.0,2.0,0.0,0.0,1.44,4.2,8.0,1.45,4.36,7.55,,,,,,,,2023/2024
I1,2023-10-02,Sassuolo,Monza,0.0,1.0,A,19.0,13.0,7.0,4.0,8.0,10.0,7.0,4.0,0.0,0.0,0.0,0.0,2.25,3.75,2.88,2.16,3.87,3.04,,,,,,,,2023/2024
I1,2023-10-02,Torino,Verona,0.0,0.0,D,8.0,5.0,2.0,2.0,6.0,11.0,10.0,1.0,1.0,1.0,0.0,0.0,1.85,3.5,4.33,1.83,3.37,4.73,,,,,,,,2023/2024
I1,2023-10-02,Fiorentina,Cagliari,3.0,0.0,H,14.0,6.0,2.0,4.0,10.0,10.0,4.0,2.0,1.0,1.0,0.0,0.0,1.5,4.2,7.0,1.48,4.17,6.98,,,,,,,,2023/2024
I1,2023-10-06,Empoli,Udinese,0.0,0.0,D,18.0,11.0,3.0,1.0,11.0,15.0,5.0,7.0,1.0,2.0,0.0,0.0,3.1,3.25,2.38,3.24,3.31,2.43,,,,,,,,2023/2024
I1,2023-10-06,Lecce,Sassuolo,1.0,1.0,D,13.0,14.0,4.0,1.0,9.0,15.0,5.0,3.0,2.0,3.0,0.0,0.0,2.55,3.4,2.7,2.6,3.56,2.8,,,,,,,,2023/2024
I1,2023-10-07,Inter Milan,Bologna,2.0,2.0,D,14.0,8.0,5.0,3.0,11.0,9.0,7.0,7.0,2.0,3.0,0.0,0.0,1.36,5.5,7.5,1.4,5.17,8.08,,,,,,,,2023/2024
I1,2023-10-07,Juventus,Torino,2.0,0.0,H,17.0,10.0,6.0,1.0,10.0,8.0,7.0,3.0,1.0,1.0,0.0,0.0,1.91,3.3,4.33,1.94,3.39,4.58,,,,,,,,2023/2024
I1,2023-10-07,Genoa,Milan,0.0,1.0,A,7.0,12.0,1.0,3.0,10.0,13.0,3.0,2.0,3.0,5.0,1.0,1.0,4.2,3.5,1.91,4.24,3.57,1.95,,,,,,,,2023/2024
I1,2023-10-08,Monza,Salernitana,3.0,0.0,H,16.0,8.0,7.0,5.0,8.0,16.0,7.0,7.0,1.0,2.0,0.0,0.0,1.7,3.8,5.0,1.68,3.97,5.48,,,,,,,,2023/2024
I1,2023-10-08,Frosinone,Verona,2.0,1.0,H,11.0,16.0,2.0,4.0,9.0,12.0,2.0,4.0,1.0,4.0,0.0,0.0,2.35,3.3,3.1,2.45,3.22,3.23,,,,,,,,2023/2024
I1,2023-10-08,Lazio,Atalanta,3.0,2.0,H,12.0,12.0,4.0,4.0,7.0,10.0,4.0,6.0,1.0,1.0,0.0,0.0,2.7,3.3,2.63,2.93,3.26,2.63,,,,,,,,2023/2024
I1,2023-10-08,Cagliari,Roma,1.0,4.0,A,16.0,11.0,2.0,5.0,15.0,13.0,4.0,3.0,2.0,3.0,0.0,0.0,4.75,3.3,1.83,4.96,3.46,1.85,,,,,,,,2023/2024
I1,2023-10-08,Napoli,Fiorentina,1.0,3.0,A,16.0,12.0,4.0,3.0,4.0,14.0,6.0,4.0,2.0,4.0,0.0,0.0,1.6,4.2,5.5,1.62,4.26,5.6,,,,,,,,2023/2024
I1,2023-10-21,Verona,Napoli,1.0,3.0,A,15.0,22.0,9.0,10.0,12.0,9.0,5.0,8.0,3.0,2.0,0.0,0.0,5.5,3.75,1.65,5.71,3.96,1.66,,,,,,,,2023/2024
I1,2023-10-21,Torino,Inter Milan,0.0,3.0,A,7.0,14.0,3.0,4.0,13.0,8.0,2.0,4.0,1.0,2.0,0.0,0.0,5.5,3.6,1.7,5.39,3.72,1.74,,,,,,,,2023/2024
I1,2023-10-21,Sassuolo,Lazio,0.0,2.0,A,9.0,18.0,2.0,6.0,6.0,10.0,5.0,7.0,1.0,5.0,0.0,0.0,2.7,3.5,2.5,2.71,3.72,2.57,,,,,,,,2023/2024
I1,2023-10-22,Salernitana,Cagliari,2.0,2.0,D,13.0,13.0,2.0,6.0,11.0,12.0,8.0,5.0,3.0,4.0,0.0,0.0,2.2,3.2,3.5,2.35,3.18,3.46,,,,,,,,2023/2024
I1,2023-10-22,Bologna,Frosinone,2.0,1.0,H,12.0,12.0,6.0,5.0,10.0,14.0,4.0,5.0,2.0,2.0,0.0,1.0,1.73,3.75,5.0,1.76,3.86,4.95,,,,,,,,2023/2024
I1,2023-10-22,Milan,Juventus,0.0,1.0,A,7.0,14.0,1.0,4.0,12.0,16.0,6.0,3.0,1.0,4.0,1.0,0.0,2.25,3.4,3.2,2.32,3.29,3.42,,,,,,,,2023/2024
I1,2023-10-22,Atalanta,Genoa,2.0,0.0,H,13.0,15.0,8.0,4.0,17.0,9.0,8.0,4.0,4.0,2.0,0.0,0.0,1.55,3.8,6.5,1.56,4.19,6.61,,,,,,,,2023/2024
I1,2023-10-22,Roma,Monza,1.0,0.0,H,21.0,11.0,4.0,4.0,11.0,11.0,8.0,5.0,2.0,4.0,0.0,1.0,1.7,3.6,5.25,1.74,3.87,5.08,,,,,,,,2023/2024
I1,2023-10-23,Udinese,Lecce,1.0,1.0,D,12.0,12.0,6.0,1.0,11.0,15.0,2.0,7.0,3.0,5.0,0.0,0.0,2.2,3.3,3.4,2.21,3.19,3.81,,,,,,,,2023/2024
I1,2023-10-23,Fiorentina,Empoli,0.0,2.0,A,19.0,7.0,7.0,3.0,13.0,17.0,13.0,3.0,1.0,3.0,0.0,0.0,1.44,4.33,8.0,1.43,4.89,7.67,,,,,,,,2023/2024
I1,2023-10-27,Genoa,Salernitana,1.0,0.0,H,8.0,7.0,4.0,2.0,11.0,19.0,7.0,0.0,3.0,4.0,0.0,0.0,1.73,3.6,5.25,1.76,3.72,5.17,,,,,,,,2023/2024
I1,2023-10-28,Sassuolo,Bologna,1.0,1.0,D,17.0,9.0,6.0,5.0,11.0,10.0,6.0,2.0,1.0,4.0,0.0,0.0,2.6,3.4,2.63,2.76,3.41,2.69,,,,,,,,2023/2024
I1,2023-10-28,Lecce,Torino,0.0,1.0,A,11.0,10.0,6.0,2.0,17.0,19.0,3.0,0.0,3.0,5.0,0.0,0.0,2.75,3.0,2.8,2.8,3.03,2.94,,,,,,,,2023/2024
I1,2023-10-28,Juventus,Verona,1.0,0.0,H,30.0,7.0,6.0,1.0,13.0,8.0,5.0,1.0,3.0,2.0,0.0,0.0,1.36,5.0,8.0,1.36,5.17,9.54,,,,,,,,2023/2024
I1,2023-10-29,Cagliari,Frosinone,4.0,3.0,H,24.0,10.0,6.0,6.0,8.0,7.0,5.0,7.0,1.0,4.0,0.0,0.0,2.3,3.3,3.2,2.37,3.42,3.2,,,,,,,,2023/2024
I1,2023-10-29,Monza,Udinese,1.0,1.0,D,10.0,10.0,4.0,3.0,15.0,11.0,10.0,3.0,2.0,1.0,0.0,0.0,2.0,3.6,3.6,2.14,3.54,3.58,,,,,,,,2023/2024
I1,2023-10-29,Inter Milan,Roma,1.0,0.0,H,19.0,3.0,3.0,1.0,14.0,9.0,8.0,0.0,3.0,4.0,0.0,0.0,1.62,4.0,5.5,1.65,4.0,5.78,,,,,,,,2023/2024
I1,2023-10-29,Napoli,Milan,2.0,2.0,D,17.0,20.0,4.0,6.0,14.0,10.0,6.0,4.0,4.0,3.0,1.0,0.0,2.2,3.4,3.3,2.3,3.37,3.38,,,,,,,,2023/2024
I1,2023-10-30,Empoli,Atalanta,0.0,3.0,A,9.0,18.0,2.0,6.0,10.0,13.0,3.0,6.0,4.0,0.0,0.0,0.0,5.25,3.75,1.67,5.03,4.08,1.7,,,,,,,,2023/2024
I1,2023-10-30,Lazio,Fiorentina,1.0,0.0,H,11.0,9.0,4.0,5.0,12.0,17.0,0.0,4.0,3.0,3.0,0.0,0.0,2.25,3.25,3.25,2.31,3.48,3.24,,,,,,,,2023/2024
I1,2023-11-03,Bologna,Lazio,1.0,0.0,H,6.0,11.0,2.0,1.0,12.0,8.0,2.0,6.0,2.0,5.0,0.0,0.0,2.63,3.2,2.75,2.76,3.17,2.86,,,,,,,,2023/2024
I1,2023-11-04,Salernitana,Napoli,0.0,2.0,A,10.0,21.0,3.0,8.0,15.0,10.0,8.0,9.0,1.0,1.0,0.0,0.0,7.0,4.75,1.44,7.02,4.99,1.44,,,,,,,,2023/2024
I1,2023-11-04,Atalanta,Inter Milan,1.0,2.0,A,14.0,10.0,4.0,4.0,13.0,9.0,6.0,1.0,4.0,1.0,1.0,0.0,3.3,3.5,2.15,3.46,3.47,2.19,,,,,,,,2023/2024
I1,2023-11-04,Milan,Udinese,0.0,1.0,A,14.0,12.0,5.0,2.0,13.0,14.0,11.0,5.0,1.0,2.0,0.0,0.0,1.45,4.5,7.0,1.46,4.66,7.3,,,,,,,,2023/2024
I1,2023-11-05,Roma,Lecce,2.0,1.0,H,15.0,15.0,5.0,4.0,18.0,11.0,5.0,2.0,3.0,5.0,0.0,0.0,1.57,3.8,6.5,1.57,3.99,6.63,,,,,,,,2023/2024
I1,2023-11-05,Fiorentina,Juventus,0.0,1.0,A,25.0,4.0,4.0,3.0,12.0,21.0,9.0,2.0,1.0,3.0,0.0,0.0,2.9,3.2,2.55,2.92,3.3,2.58,,,,,,,,2023/2024
I1,2023-11-05,Verona,Monza,1.0,3.0,A,16.0,12.0,5.0,6.0,6.0,12.0,2.0,6.0,1.0,2.0,0.0,0.0,3.2,3.25,2.3,3.22,3.29,2.39,,,,,,,,2023/2024
I1,2023-11-05,Cagliari,Genoa,2.0,1.0,H,12.0,8.0,4.0,2.0,14.0,11.0,1.0,1.0,4.0,2.0,0.0,0.0,2.7,3.2,2.7,2.8,3.18,2.77,,,,,,,,2023/2024
I1,2023-11-06,Frosinone,Empoli,2.0,1.0,H,17.0,10.0,5.0,2.0,7.0,9.0,9.0,2.0,3.0,2.0,0.0,0.0,2.0,3.6,3.6,2.13,3.58,3.52,,,,,,,,2023/2024
I1,2023-11-06,Torino,Sassuolo,2.0,1.0,H,21.0,5.0,9.0,2.0,9.0,6.0,9.0,2.0,1.0,1.0,0.0,0.0,2.15,3.4,3.4,2.19,3.39,3.54,,,,,,,,2023/2024
I1,2023-11-10,Sassuolo,Salernitana,2.0,2.0,D,29.0,9.0,9.0,2.0,12.0,14.0,11.0,0.0,2.0,1.0,0.0,0.0,1.65,4.2,4.75,1.7,4.17,4.92,,,,,,,,2023/2024
I1,2023-11-10,Genoa,Verona,1.0,0.0,H,16.0,7.0,6.0,1.0,9.0,16.0,6.0,7.0,1.0,4.0,0.0,0.0,1.91,3.3,4.33,1.93,3.32,4.74,,,,,,,,2023/2024
I1,2023-11-11,Lecce,Milan,2.0,2.0,D,14.0,10.0,5.0,6.0,12.0,16.0,3.0,1.0,4.0,6.0,0.0,1.0,5.0,3.6,1.75,5.21,3.74,1.74,,,,,,,,2023/2024
I1,2023-11-11,Juventus,Cagliari,2.0,1.0,H,18.0,11.0,4.0,2.0,14.0,8.0,12.0,4.0,3.0,1.0,0.0,0.0,1.36,5.0,8.0,1.38,5.01,8.82,,,,,,,,2023/2024
I1,2023-11-11,Monza,Torino,1.0,1.0,D,12.0,12.0,5.0,5.0,11.0,11.0,3.0,1.0,2.0,2.0,0.0,0.0,2.5,3.1,3.0,2.51,3.17,3.13,,,,,,,,2023/2024
I1,2023-11-12,Napoli,Empoli,0.0,1.0,A,18.0,8.0,7.0,3.0,11.0,13.0,8.0,3.0,1.0,1.0,0.0,0.0,1.22,7.0,11.0,1.22,7.07,11.78,,,,,,,,2023/2024
I1,2023-11-12,Fiorentina,Bologna,2.0,1.0,H,12.0,11.0,4.0,4.0,19.0,15.0,0.0,3.0,2.0,2.0,0.0,0.0,2.0,3.4,3.8,2.09,3.51,3.69,,,,,,,,2023/2024
I1,2023-11-12,Udinese,Atalanta,1.0,1.0,D,13.0,8.0,4.0,2.0,13.0,13.0,7.0,7.0,2.0,3.0,0.0,0.0,3.75,3.5,2.0,3.8,3.53,2.05,,,,,,,,2023/2024
I1,2023-11-12,Lazio,Roma,0.0,0.0,D,7.0,8.0,2.0,1.0,12.0,13.0,4.0,1.0,3.0,4.0,0.0,0.0,3.0,3.0,2.63,3.0,3.16,2.61,,,,,,,,2023/2024
I1,2023-11-12,Inter Milan,Frosinone,2.0,0.0,H,21.0,12.0,6.0,3.0,7.0,16.0,9.0,4.0,0.0,1.0,0.0,0.0,1.18,8.0,13.0,1.19,7.86,13.84,,,,,,,,2023/2024
I1,2023-11-25,Milan,Fiorentina,1.0,0.0,H,9.0,20.0,6.0,4.0,9.0,10.0,3.0,11.0,1.0,2.0,0.0,0.0,2.1,3.3,3.5,2.15,3.46,3.59,,,,,,,,2023/2024
I1,2023-11-25,Salernitana,Lazio,2.0,1.0,H,13.0,13.0,6.0,2.0,11.0,12.0,4.0,9.0,5.0,3.0,0.0,0.0,4.75,3.75,1.75,4.82,3.69,1.79,,,,,,,,2023/2024
I1,2023-11-25,Atalanta,Napoli,1.0,2.0,A,16.0,11.0,5.0,4.0,15.0,9.0,5.0,4.0,2.0,2.0,0.0,0.0,2.7,3.4,2.63,2.72,3.42,2.68,,,,,,,,2023/2024
I1,2023-11-26,Cagliari,Monza,1.0,1.0,D,17.0,12.0,6.0,4.0,10.0,15.0,10.0,11.0,1.0,2.0,0.0,0.0,2.88,3.25,2.5,2.9,3.25,2.63,,,,,,,,2023/2024
I1,2023-11-26,Empoli,Sassuolo,3.0,4.0,A,11.0,17.0,9.0,9.0,20.0,15.0,6.0,5.0,4.0,2.0,0.0,0.0,2.75,3.6,2.4,2.8,3.6,2.51,,,,,,,,2023/2024
I1,2023-11-26,Frosinone,Genoa,2.0,1.0,H,9.0,13.0,5.0,3.0,5.0,14.0,4.0,2.0,2.0,4.0,0.0,0.0,2.5,3.25,2.88,2.52,3.2,3.09,,,,,,,,2023/2024
I1,2023-11-26,Roma,Udinese,3.0,1.0,H,12.0,6.0,5.0,2.0,8.0,15.0,7.0,1.0,1.0,3.0,0.0,0.0,1.62,3.8,5.75,1.63,3.89,5.99,,,,,,,,2023/2024
I1,2023-11-26,Juventus,Inter Milan,1.0,1.0,D,4.0,8.0,1.0,4.0,12.0,13.0,1.0,0.0,2.0,1.0,0.0,0.0,3.3,3.25,2.25,3.5,3.21,2.29,,,,,,,,2023/2024
I1,2023-11-27,Verona,Lecce,2.0,2.0,D,19.0,14.0,11.0,5.0,15.0,17.0,4.0,2.0,1.0,2.0,0.0,0.0,2.75,3.0,2.88,2.76,3.0,2.97,,,,,,,,2023/2024
I1,2023-11-27,Bologna,Torino,2.0,0.0,H,13.0,9.0,2.0,3.0,16.0,15.0,3.0,2.0,3.0,4.0,0.0,0.0,2.3,3.25,3.2,2.39,3.16,3.34,,,,,,,,2023/2024
I1,2023-12-01,Monza,Juventus,1.0,2.0,A,16.0,18.0,1.0,7.0,12.0,8.0,7.0,3.0,1.0,2.0,0.0,0.0,4.2,3.3,1.95,4.12,3.42,2.03,,,,,,,,2023/2024
I1,2023-12-02,Genoa,Empoli,1.0,1.0,D,21.0,9.0,1.0,1.0,15.0,19.0,5.0,3.0,3.0,1.0,0.0,0.0,1.91,3.6,3.8,1.98,3.37,4.28,,,,,,,,2023/2024
I1,2023-12-02,Lazio,Cagliari,1.0,0.0,H,10.0,9.0,5.0,2.0,11.0,12.0,4.0,3.0,0.0,2.0,0.0,1.0,1.62,4.0,5.25,1.65,4.02,5.56,,,,,,,,2023/2024
I1,2023-12-02,Milan,Frosinone,3.0,1.0,H,10.0,15.0,3.0,3.0,11.0,6.0,6.0,7.0,1.0,1.0,0.0,0.0,1.44,4.5,7.5,1.45,4.85,6.94,,,,,,,,2023/2024
I1,2023-12-03,Udinese,Verona,3.0,3.0,D,12.0,13.0,6.0,4.0,16.0,13.0,5.0,3.0,2.0,5.0,0.0,0.0,1.7,3.6,5.25,1.72,3.69,5.38,,,,,,,,2023/2024
I1,2023-12-03,Fiorentina,Salernitana,3.0,0.0,H,22.0,11.0,9.0,1.0,13.0,12.0,3.0,2.0,1.0,0.0,0.0,0.0,1.45,4.75,7.0,1.45,4.79,7.14,,,,,,,,2023/2024
I1,2023-12-03,Napoli,Inter Milan,0.0,3.0,A,15.0,11.0,4.0,4.0,2.0,13.0,6.0,4.0,2.0,2.0,0.0,0.0,2.8,3.5,2.4,2.95,3.51,2.44,,,,,,,,2023/2024
I1,2023-12-03,Sassuolo,Roma,1.0,2.0,A,8.0,15.0,2.0,7.0,10.0,11.0,1.0,11.0,4.0,1.0,1.0,0.0,3.8,3.75,1.91,3.91,3.75,1.95,,,,,,,,2023/2024
I1,2023-12-03,Lecce,Bologna,1.0,1.0,D,14.0,11.0,4.0,4.0,12.0,18.0,6.0,3.0,3.0,2.0,0.0,0.0,3.0,3.2,2.45,3.16,3.09,2.55,,,,,,,,2023/2024
I1,2023-12-04,Torino,Atalanta,3.0,0.0,H,9.0,10.0,5.0,4.0,12.0,14.0,4.0,3.0,2.0,2.0,0.0,0.0,2.9,3.2,2.45,3.14,3.18,2.5,,,,,,,,2023/2024
I1,2023-12-08,Juventus,Napoli,1.0,0.0,H,11.0,13.0,2.0,1.0,11.0,12.0,3.0,6.0,2.0,4.0,0.0,0.0,2.25,3.25,3.25,2.31,3.32,3.4,,,,,,,,2023/2024
I1,2023-12-09,Verona,Lazio,1.0,1.0,D,5.0,14.0,1.0,5.0,16.0,11.0,1.0,7.0,2.0,4.0,1.0,0.0,4.2,3.4,1.95,4.04,3.45,2.01,,,,,,,,2023/2024
I1,2023-12-09,Atalanta,Milan,3.0,2.0,H,19.0,14.0,7.0,4.0,11.0,11.0,6.0,4.0,1.0,5.0,0.0,1.0,2.5,3.2,3.0,2.61,3.29,2.89,,,,,,,,2023/2024
I1,2023-12-09,Inter Milan,Udinese,4.0,0.0,H,17.0,11.0,8.0,1.0,9.0,6.0,6.0,1.0,0.0,1.0,0.0,0.0,1.29,6.5,9.0,1.27,6.14,10.46,,,,,,,,2023/2024
I1,2023-12-10,Frosinone,Torino,0.0,0.0,D,11.0,16.0,5.0,3.0,13.0,17.0,3.0,8.0,3.0,3.0,0.0,0.0,3.4,3.2,2.25,3.53,3.29,2.24,,,,,,,,2023/2024
I1,2023-12-10,Monza,Genoa,1.0,0.0,H,6.0,16.0,3.0,1.0,11.0,13.0,2.0,3.0,1.0,2.0,0.0,0.0,2.15,3.1,3.75,2.21,3.2,3.72,,,,,,,,2023/2024
I1,2023-12-10,Salernitana,Bologna,1.0,2.0,A,9.0,10.0,2.0,5.0,20.0,15.0,5.0,1.0,7.0,2.0,0.0,0.0,3.75,3.3,2.05,3.87,3.29,2.12,,,,,,,,2023/2024
I1,2023-12-10,Roma,Fiorentina,1.0,1.0,D,4.0,14.0,1.0,8.0,14.0,14.0,1.0,6.0,5.0,3.0,2.0,1.0,2.1,3.3,3.5,2.16,3.33,3.71,,,,,,,,2023/2024
I1,2023-12-11,Empoli,Lecce,1.0,1.0,D,18.0,14.0,6.0,5.0,14.0,18.0,8.0,3.0,2.0,2.0,0.0,0.0,2.55,3.2,3.0,2.57,3.26,2.97,,,,,,,,2023/2024
I1,2023-12-11,Cagliari,Sassuolo,2.0,1.0,H,18.0,8.0,6.0,4.0,15.0,15.0,10.0,4.0,1.0,7.0,0.0,1.0,2.3,3.5,3.0,2.35,3.56,3.06,,,,,,,,2023/2024
I1,2023-12-15,Genoa,Juventus,1.0,1.0,D,11.0,11.0,3.0,4.0,14.0,12.0,6.0,8.0,2.0,3.0,0.0,0.0,4.75,3.2,1.91,4.97,3.23,1.93,,,,,,,,2023/2024
I1,2023-12-16,Lecce,Frosinone,2.0,1.0,H,18.0,11.0,6.0,5.0,8.0,14.0,5.0,4.0,1.0,4.0,0.0,0.0,2.15,3.3,3.5,2.18,3.39,3.56,,,,,,,,2023/2024
I1,2023-12-16,Napoli,Cagliari,2.0,1.0,H,21.0,9.0,5.0,3.0,9.0,10.0,5.0,3.0,5.0,3.0,0.0,0.0,1.33,5.0,9.5,1.33,5.63,9.17,,,,,,,,2023/2024
I1,2023-12-16,Torino,Empoli,1.0,0.0,H,10.0,7.0,3.0,2.0,15.0,10.0,6.0,4.0,4.0,2.0,0.0,0.0,1.6,3.8,6.0,1.61,3.96,6.07,,,,,,,,2023/2024
I1,2023-12-17,Udinese,Sassuolo,2.0,2.0,D,9.0,21.0,7.0,7.0,13.0,6.0,1.0,13.0,3.0,1.0,1.0,0.0,2.25,3.5,3.1,2.27,3.6,3.17,,,,,,,,2023/2024
I1,2023-12-17,Bologna,Roma,2.0,0.0,H,8.0,8.0,2.0,3.0,16.0,16.0,0.0,4.0,4.0,4.0,0.0,0.0,2.38,3.0,3.25,2.46,3.05,3.35,,,,,,,,2023/2024
I1,2023-12-17,Milan,Monza,3.0,0.0,H,17.0,21.0,9.0,4.0,8.0,8.0,4.0,5.0,1.0,2.0,0.0,0.0,1.62,4.33,5.0,1.63,4.18,5.41,,,,,,,,2023/2024
I1,2023-12-17,Fiorentina,Verona,1.0,0.0,H,5.0,19.0,3.0,7.0,11.0,12.0,1.0,6.0,3.0,1.0,0.0,0.0,1.4,5.0,7.0,1.43,4.83,7.67,,,,,,,,2023/2024
I1,2023-12-17,Lazio,Inter Milan,0.0,2.0,A,13.0,12.0,4.0,4.0,13.0,15.0,8.0,7.0,1.0,2.0,1.0,0.0,4.75,3.8,1.73,4.91,3.73,1.78,,,,,,,,2023/2024
I1,2023-12-18,Atalanta,Salernitana,4.0,1.0,H,20.0,10.0,11.0,3.0,9.0,11.0,10.0,7.0,1.0,2.0,0.0,0.0,1.3,5.5,10.0,1.3,5.82,9.99,,,,,,,,2023/2024
I1,2023-12-22,Empoli,Lazio,0.0,2.0,A,21.0,14.0,7.0,7.0,6.0,17.0,8.0,9.0,3.0,2.0,0.0,0.0,4.2,3.4,1.91,4.27,3.46,1.98,,,,,,,,2023/2024
I1,2023-12-22,Sassuolo,Genoa,1.0,2.0,A,12.0,14.0,3.0,5.0,11.0,9.0,3.0,6.0,2.0,1.0,0.0,0.0,2.25,3.3,3.25,2.3,3.44,3.3,,,,,,,,2023/2024
I1,2023-12-22,Monza,Fiorentina,0.0,1.0,A,7.0,14.0,2.0,5.0,12.0,16.0,1.0,4.0,3.0,4.0,0.0,0.0,2.88,3.2,2.55,2.96,3.26,2.61,,,,,,,,2023/2024
I1,2023-12-22,Salernitana,Milan,2.0,2.0,D,19.0,21.0,7.0,9.0,16.0,11.0,6.0,6.0,3.0,1.0,1.0,0.0,8.0,4.5,1.44,7.4,4.98,1.44,,,,,,,,2023/2024
I1,2023-12-23,Torino,Udinese,1.0,1.0,D,14.0,10.0,4.0,4.0,10.0,11.0,8.0,2.0,2.0,2.0,0.0,0.0,1.75,3.5,5.0,1.78,3.57,5.16,,,,,,,,2023/2024
I1,2023-12-23,Frosinone,Juventus,1.0,2.0,A,10.0,13.0,3.0,3.0,6.0,12.0,8.0,8.0,0.0,2.0,0.0,0.0,6.0,3.75,1.62,5.87,3.76,1.67,,,,,,,,2023/2024
I1,2023-12-23,Bologna,Atalanta,1.0,0.0,H,9.0,12.0,1.0,2.0,10.0,14.0,2.0,3.0,2.0,4.0,0.0,0.0,2.7,3.2,2.75,2.78,3.1,2.85,,,,,,,,2023/2024
I1,2023-12-23,Verona,Cagliari,2.0,0.0,H,13.0,12.0,5.0,3.0,8.0,19.0,11.0,7.0,3.0,4.0,0.0,1.0,2.38,3.25,3.1,2.4,3.29,3.2,,,,,,,,2023/2024
I1,2023-12-23,Roma,Napoli,2.0,0.0,H,17.0,7.0,4.0,2.0,19.0,12.0,4.0,0.0,7.0,4.0,0.0,2.0,3.0,3.1,2.5,3.05,3.17,2.57,,,,,,,,2023/2024
I1,2023-12-23,Inter Milan,Lecce,2.0,0.0,H,20.0,11.0,8.0,5.0,8.0,14.0,16.0,2.0,1.0,3.0,0.0,1.0,1.22,7.0,11.0,1.23,6.54,12.85,,,,,,,,2023/2024
I1,2023-12-29,Fiorentina,Torino,1.0,0.0,H,12.0,6.0,3.0,3.0,11.0,15.0,4.0,2.0,4.0,2.0,0.0,0.0,2.1,3.2,3.6,2.19,3.22,3.74,,,,,,,,2023/2024
I1,2023-12-29,Napoli,Monza,0.0,0.0,D,25.0,8.0,9.0,3.0,10.0,21.0,10.0,1.0,4.0,4.0,0.0,0.0,1.62,4.0,5.5,1.62,4.18,5.52,,,,,,,,2023/2024
I1,2023-12-29,Genoa,Inter Milan,1.0,1.0,D,13.0,16.0,4.0,6.0,13.0,15.0,8.0,2.0,2.0,2.0,0.0,0.0,5.5,3.8,1.65,5.92,3.67,1.68,,,,,,,,2023/2024
I1,2023-12-29,Lazio,Frosinone,3.0,1.0,H,13.0,11.0,5.0,2.0,18.0,15.0,6.0,2.0,3.0,2.0,0.0,0.0,1.67,3.8,5.25,1.67,3.93,5.5,,,,,,,,2023/2024
I1,2023-12-30,Atalanta,Lecce,1.0,0.0,H,17.0,15.0,4.0,2.0,10.0,16.0,5.0,6.0,2.0,2.0,0.0,0.0,1.4,4.6,8.0,1.44,4.61,7.93,,,,,,,,2023/2024
I1,2023-12-30,Cagliari,Empoli,0.0,0.0,D,15.0,5.0,3.0,1.0,18.0,18.0,8.0,6.0,1.0,3.0,0.0,0.0,2.05,3.4,3.6,2.09,3.49,3.7,,,,,,,,2023/2024
I1,2023-12-30,Udinese,Bologna,3.0,0.0,H,15.0,14.0,7.0,5.0,15.0,14.0,7.0,7.0,2.0,5.0,0.0,0.0,3.5,3.1,2.25,3.64,3.12,2.28,,,,,,,,2023/2024
I1,2023-12-30,Milan,Sassuolo,1.0,0.0,H,20.0,12.0,2.0,6.0,8.0,7.0,6.0,5.0,0.0,1.0,0.0,0.0,1.45,4.75,6.5,1.45,4.99,6.64,,,,,,,,2023/2024
I1,2023-12-30,Verona,Salernitana,0.0,1.0,A,11.0,9.0,0.0,3.0,14.0,13.0,7.0,6.0,2.0,2.0,0.0,0.0,1.91,3.4,4.2,1.96,3.47,4.22,,,,,,,,2023/2024
I1,2023-12-30,Juventus,Roma,1.0,0.0,H,13.0,11.0,4.0,2.0,15.0,14.0,2.0,2.0,1.0,1.0,0.0,0.0,2.05,3.0,4.2,2.12,3.1,4.18,,,,,,,,2023/2024
I1,2024-01-05,Bologna,Genoa,1.0,1.0,D,21.0,3.0,8.0,1.0,8.0,10.0,11.0,2.0,3.0,3.0,0.0,0.0,2.05,3.0,4.33,2.09,3.09,4.29,,,,,,,,2023/2024
I1,2024-01-06,Inter Milan,Verona,2.0,1.0,H,15.0,8.0,6.0,3.0,16.0,15.0,7.0,0.0,0.0,2.0,0.0,1.0,1.17,8.0,13.0,1.17,7.94,16.21,,,,,,,,2023/2024
I1,2024-01-06,Frosinone,Monza,2.0,3.0,A,10.0,7.0,5.0,2.0,11.0,16.0,5.0,1.0,3.0,5.0,0.0,0.0,2.63,3.3,2.7,2.71,3.36,2.73,,,,,,,,2023/2024
I1,2024-01-06,Lecce,Cagliari,1.0,1.0,D,15.0,14.0,2.0,2.0,20.0,14.0,7.0,6.0,1.0,1.0,0.0,0.0,2.2,3.25,3.4,2.24,3.31,3.51,,,,,,,,2023/2024
I1,2024-01-06,Sassuolo,Fiorentina,1.0,0.0,H,7.0,9.0,1.0,3.0,10.0,14.0,1.0,8.0,3.0,2.0,0.0,0.0,3.25,3.5,2.15,3.37,3.49,2.22,,,,,,,,2023/2024
I1,2024-01-07,Salernitana,Juventus,1.0,2.0,A,8.0,18.0,3.0,3.0,9.0,15.0,2.0,8.0,3.0,5.0,1.0,0.0,7.5,4.5,1.4,8.77,4.78,1.4,,,,,,,,2023/2024
I1,2024-01-07,Roma,Atalanta,1.0,1.0,D,16.0,8.0,6.0,2.0,14.0,14.0,6.0,5.0,1.0,6.0,0.0,0.0,2.4,3.2,3.1,2.42,3.18,3.27,,,,,,,,2023/2024
I1,2024-01-07,Empoli,Milan,0.0,3.0,A,17.0,13.0,2.0,6.0,9.0,13.0,6.0,6.0,1.0,2.0,0.0,0.0,5.25,3.8,1.67,5.3,4.13,1.65,,,,,,,,2023/2024
I1,2024-01-07,Torino,Napoli,3.0,0.0,H,10.0,10.0,6.0,3.0,7.0,10.0,2.0,5.0,0.0,2.0,0.0,1.0,2.9,3.2,2.5,2.98,3.19,2.61,,,,,,,,2023/2024
I1,2024-01-07,Udinese,Lazio,1.0,2.0,A,13.0,7.0,2.0,2.0,16.0,22.0,4.0,4.0,5.0,3.0,0.0,0.0,3.5,3.2,2.2,3.62,3.25,2.22,,,,,,,,2023/2024
I1,2024-01-13,Napoli,Salernitana,2.0,1.0,H,20.0,6.0,7.0,2.0,15.0,10.0,8.0,3.0,3.0,2.0,0.0,0.0,1.33,5.0,8.5,1.32,5.65,9.39,,,,,,,,2023/2024
I1,2024-01-13,Genoa,Torino,0.0,0.0,D,11.0,6.0,6.0,0.0,11.0,11.0,8.0,4.0,3.0,2.0,0.0,0.0,2.9,3.0,2.63,3.06,2.95,2.72,,,,,,,,2023/2024
I1,2024-01-13,Monza,Inter Milan,1.0,5.0,A,9.0,20.0,2.0,7.0,6.0,12.0,4.0,5.0,2.0,2.0,0.0,0.0,7.0,4.0,1.5,6.57,4.57,1.5,,,,,,,,2023/2024
I1,2024-01-13,Verona,Empoli,2.0,1.0,H,12.0,14.0,7.0,1.0,20.0,17.0,5.0,9.0,4.0,3.0,1.0,0.0,2.15,3.25,3.5,2.26,3.2,3.58,,,,,,,,2023/2024
I1,2024-01-14,Lazio,Lecce,1.0,0.0,H,8.0,11.0,2.0,3.0,14.0,12.0,2.0,5.0,4.0,4.0,0.0,0.0,1.65,3.6,5.75,1.68,3.8,5.67,,,,,,,,2023/2024
I1,2024-01-14,Cagliari,Bologna,2.0,1.0,H,4.0,11.0,2.0,4.0,12.0,8.0,2.0,5.0,3.0,2.0,0.0,0.0,3.0,3.1,2.5,3.12,3.11,2.55,,,,,,,,2023/2024
I1,2024-01-14,Fiorentina,Udinese,2.0,2.0,D,10.0,12.0,3.0,6.0,14.0,13.0,4.0,4.0,1.0,1.0,0.0,0.0,1.67,3.75,5.5,1.67,3.89,5.57,,,,,,,,2023/2024
I1,2024-01-14,Milan,Roma,3.0,1.0,H,17.0,12.0,5.0,5.0,12.0,9.0,2.0,5.0,2.0,3.0,0.0,0.0,2.2,3.2,3.5,2.19,3.21,3.76,,,,,,,,2023/2024
I1,2024-01-15,Atalanta,Frosinone,5.0,0.0,H,21.0,8.0,9.0,5.0,11.0,8.0,8.0,2.0,0.0,1.0,0.0,0.0,1.44,4.5,7.5,1.45,4.86,7.03,,,,,,,,2023/2024
I1,2024-01-16,Juventus,Sassuolo,3.0,0.0,H,12.0,8.0,5.0,4.0,9.0,9.0,5.0,2.0,0.0,2.0,0.0,0.0,1.4,4.2,8.5,1.39,4.96,8.54,,,,,,,,2023/2024
I1,2024-01-20,Roma,Verona,2.0,1.0,H,9.0,12.0,2.0,3.0,14.0,12.0,1.0,2.0,2.0,2.0,0.0,0.0,1.44,4.2,8.5,1.46,4.34,8.03,,,,,,,,2023/2024
I1,2024-01-20,Udinese,Milan,2.0,3.0,A,11.0,15.0,6.0,7.0,12.0,9.0,5.0,7.0,6.0,1.0,0.0,0.0,4.0,3.8,1.85,4.19,3.71,1.9,,,,,,,,2023/2024
I1,2024-01-21,Empoli,Monza,3.0,0.0,H,9.0,15.0,5.0,5.0,15.0,10.0,1.0,7.0,1.0,3.0,0.0,0.0,2.8,3.3,2.55,2.87,3.39,2.57,,,,,,,,2023/2024
I1,2024-01-21,Frosinone,Cagliari,3.0,1.0,H,17.0,9.0,7.0,4.0,11.0,18.0,8.0,4.0,3.0,5.0,0.0,0.0,2.4,3.4,2.9,2.38,3.5,3.05,,,,,,,,2023/2024
I1,2024-01-21,Lecce,Juventus,0.0,3.0,A,12.0,15.0,3.0,8.0,8.0,12.0,5.0,5.0,1.0,1.0,0.0,0.0,6.0,3.5,1.65,6.23,3.69,1.65,,,,,,,,2023/2024
I1,2024-01-21,Salernitana,Genoa,1.0,2.0,A,11.0,5.0,2.0,5.0,7.0,15.0,5.0,5.0,0.0,5.0,0.0,0.0,3.6,3.2,2.15,3.73,3.24,2.19,,,,,,,,2023/2024
I1,2024-01-26,Cagliari,Torino,1.0,2.0,A,25.0,16.0,10.0,6.0,12.0,12.0,8.0,2.0,2.0,4.0,0.0,0.0,3.5,3.2,2.2,3.62,3.2,2.25,,,,,,,,2023/2024
I1,2024-01-27,Atalanta,Udinese,2.0,0.0,H,14.0,13.0,11.0,5.0,8.0,11.0,4.0,4.0,2.0,1.0,0.0,0.0,1.5,4.5,6.0,1.51,4.52,6.55,,,,,,,,2023/2024
I1,2024-01-27,Juventus,Empoli,1.0,1.0,D,9.0,16.0,3.0,5.0,11.0,6.0,6.0,7.0,1.0,1.0,1.0,0.0,1.29,5.5,10.0,1.29,5.55,11.88,,,,,,,,2023/2024
I1,2024-01-27,Milan,Bologna,2.0,2.0,D,14.0,15.0,4.0,4.0,16.0,12.0,4.0,1.0,5.0,3.0,0.0,0.0,1.67,3.75,5.25,1.7,3.93,5.11,,,,,,,,2023/2024
I1,2024-01-28,Genoa,Lecce,2.0,1.0,H,19.0,19.0,7.0,5.0,12.0,17.0,3.0,8.0,0.0,2.0,0.0,0.0,2.1,3.1,4.0,2.1,3.13,4.2,,,,,,,,2023/2024
I1,2024-01-28,Monza,Sassuolo,1.0,0.0,H,12.0,14.0,1.0,3.0,8.0,13.0,4.0,5.0,1.0,3.0,0.0,0.0,2.25,3.4,3.2,2.36,3.49,3.09,,,,,,,,2023/2024
I1,2024-01-28,Verona,Frosinone,1.0,1.0,D,15.0,11.0,5.0,6.0,17.0,12.0,1.0,9.0,2.0,2.0,0.0,0.0,2.45,3.3,2.9,2.44,3.44,3.01,,,,,,,,2023/2024
I1,2024-01-28,Lazio,Napoli,0.0,0.0,D,10.0,5.0,1.0,0.0,11.0,11.0,4.0,3.0,3.0,2.0,0.0,0.0,2.25,3.3,3.3,2.3,3.18,3.52,,,,,,,,2023/2024
I1,2024-01-28,Fiorentina,Inter Milan,0.0,1.0,A,14.0,8.0,4.0,4.0,6.0,12.0,7.0,6.0,2.0,3.0,0.0,0.0,4.2,3.6,1.85,4.13,3.69,1.92,,,,,,,,2023/2024
I1,2024-01-29,Salernitana,Roma,1.0,2.0,A,15.0,5.0,7.0,2.0,12.0,12.0,5.0,1.0,2.0,3.0,0.0,0.0,5.25,3.8,1.67,5.79,3.91,1.64,,,,,,,,2023/2024
I1,2024-02-02,Lecce,Fiorentina,3.0,2.0,H,16.0,10.0,8.0,3.0,13.0,14.0,1.0,3.0,3.0,3.0,0.0,0.0,3.75,3.2,2.1,3.81,3.31,2.16,,,,,,,,2023/2024
I1,2024-02-03,Empoli,Genoa,0.0,0.0,D,15.0,10.0,4.0,2.0,11.0,12.0,6.0,6.0,2.0,3.0,0.0,1.0,3.0,3.0,2.6,3.04,3.05,2.65,,,,,,,,2023/2024
I1,2024-02-03,Udinese,Monza,0.0,0.0,D,21.0,3.0,6.0,2.0,12.0,13.0,7.0,4.0,3.0,2.0,0.0,0.0,2.25,3.3,3.3,2.3,3.29,3.4,,,,,,,,2023/2024
I1,2024-02-03,Frosinone,Milan,2.0,3.0,A,7.0,13.0,4.0,5.0,10.0,13.0,2.0,4.0,1.0,3.0,0.0,0.0,5.0,4.2,1.62,4.96,4.32,1.65,,,,,,,,2023/2024
I1,2024-02-03,Bologna,Sassuolo,4.0,2.0,H,19.0,12.0,4.0,4.0,12.0,10.0,7.0,4.0,1.0,3.0,0.0,0.0,1.7,3.75,5.0,1.74,3.79,5.04,,,,,,,,2023/2024
I1,2024-02-04,Torino,Salernitana,0.0,0.0,D,13.0,3.0,1.0,1.0,11.0,8.0,10.0,1.0,2.0,1.0,0.0,0.0,1.5,4.0,7.5,1.52,4.22,7.02,,,,,,,,2023/2024
I1,2024-02-04,Napoli,Verona,2.0,1.0,H,19.0,12.0,8.0,2.0,11.0,14.0,9.0,2.0,3.0,2.0,0.0,0.0,1.4,4.5,8.5,1.4,4.82,8.48,,,,,,,,2023/2024
I1,2024-02-04,Atalanta,Lazio,3.0,1.0,H,19.0,7.0,5.0,1.0,13.0,14.0,6.0,1.0,2.0,3.0,0.0,0.0,2.05,3.4,3.75,2.12,3.32,3.83,,,,,,,,2023/2024
I1,2024-02-04,Inter Milan,Juventus,1.0,0.0,H,15.0,12.0,3.0,1.0,8.0,8.0,6.0,4.0,2.0,2.0,0.0,0.0,1.8,3.5,4.75,1.83,3.59,4.77,,,,,,,,2023/2024
I1,2024-02-05,Roma,Cagliari,4.0,0.0,H,20.0,12.0,6.0,3.0,8.0,12.0,7.0,5.0,1.0,1.0,0.0,0.0,1.44,4.33,7.5,1.48,4.54,7.13,,,,,,,,2023/2024
I1,2024-02-09,Salernitana,Empoli,1.0,3.0,A,13.0,17.0,4.0,3.0,10.0,17.0,4.0,8.0,3.0,2.0,0.0,0.0,2.38,3.2,3.2,2.44,3.18,3.3,,,,,,,,2023/2024
I1,2024-02-10,Cagliari,Lazio,1.0,3.0,A,13.0,12.0,6.0,5.0,6.0,9.0,7.0,8.0,1.0,3.0,0.0,0.0,3.5,3.3,2.15,3.65,3.26,2.21,,,,,,,,2023/2024
I1,2024-02-10,Roma,Inter Milan,2.0,4.0,A,8.0,10.0,3.0,6.0,9.0,14.0,3.0,8.0,2.0,0.0,0.0,0.0,4.2,3.5,1.91,4.49,3.52,1.89,,,,,,,,2023/2024
I1,2024-02-10,Sassuolo,Torino,1.0,1.0,D,11.0,13.0,4.0,2.0,12.0,11.0,5.0,4.0,1.0,3.0,0.0,0.0,3.4,3.3,2.2,3.4,3.36,2.26,,,,,,,,2023/2024
I1,2024-02-11,Monza,Verona,0.0,0.0,D,11.0,10.0,1.0,1.0,19.0,15.0,5.0,2.0,1.0,2.0,0.0,0.0,2.05,3.4,3.75,2.14,3.24,3.88,,,,,,,,2023/2024
I1,2024-02-11,Fiorentina,Frosinone,5.0,1.0,H,18.0,11.0,7.0,3.0,16.0,8.0,2.0,5.0,3.0,1.0,0.0,0.0,1.5,4.33,6.5,1.54,4.46,6.13,,,,,,,,2023/2024
I1,2024-02-11,Genoa,Atalanta,1.0,4.0,A,15.0,14.0,6.0,9.0,8.0,13.0,7.0,4.0,3.0,4.0,0.0,0.0,3.75,3.3,2.05,3.93,3.29,2.1,,,,,,,,2023/2024
I1,2024-02-11,Milan,Napoli,1.0,0.0,H,10.0,12.0,6.0,2.0,9.0,12.0,1.0,2.0,1.0,1.0,0.0,0.0,1.95,3.6,3.8,1.95,3.74,3.94,,,,,,,,2023/2024
I1,2024-02-11,Bologna,Lecce,4.0,0.0,H,16.0,14.0,6.0,3.0,10.0,13.0,4.0,3.0,1.0,2.0,0.0,0.0,1.73,3.6,5.25,1.71,3.66,5.62,,,,,,,,2023/2024
I1,2024-02-12,Juventus,Udinese,0.0,1.0,A,14.0,8.0,6.0,1.0,15.0,10.0,8.0,4.0,3.0,3.0,0.0,0.0,1.44,4.5,8.0,1.43,4.54,8.56,,,,,,,,2023/2024
I1,2024-02-14,Bologna,Fiorentina,2.0,0.0,H,18.0,12.0,7.0,3.0,11.0,8.0,2.0,3.0,2.0,3.0,0.0,0.0,2.3,3.2,3.2,2.41,3.2,3.28,,,,,,,,2023/2024
I1,2024-02-16,Torino,Lecce,2.0,0.0,H,12.0,8.0,4.0,4.0,16.0,11.0,5.0,5.0,1.0,4.0,0.0,1.0,1.8,3.4,4.75,1.83,3.47,5.08,,,,,,,,2023/2024
I1,2024-02-16,Inter Milan,Salernitana,4.0,0.0,H,26.0,1.0,10.0,0.0,9.0,9.0,18.0,0.0,0.0,1.0,0.0,0.0,1.14,8.5,15.0,1.15,9.0,17.0,,,,,,,,2023/2024
I1,2024-02-17,Napoli,Genoa,1.0,1.0,D,25.0,6.0,7.0,4.0,9.0,13.0,7.0,2.0,3.0,2.0,0.0,0.0,1.6,3.75,6.0,1.64,3.84,6.02,,,,,,,,2023/2024
I1,2024-02-17,Verona,Juventus,2.0,2.0,D,14.0,18.0,9.0,4.0,8.0,10.0,5.0,4.0,0.0,0.0,0.0,0.0,5.75,3.5,1.67,5.84,3.64,1.69,,,,,,,,2023/2024
I1,2024-02-17,Atalanta,Sassuolo,3.0,0.0,H,28.0,12.0,13.0,4.0,10.0,9.0,11.0,5.0,0.0,0.0,0.0,0.0,1.36,5.5,8.0,1.36,5.58,8.03,,,,,,,,2023/2024
I1,2024-02-18,Empoli,Fiorentina,1.0,1.0,D,5.0,9.0,4.0,4.0,15.0,14.0,0.0,3.0,3.0,2.0,0.0,0.0,3.75,3.3,2.05,3.65,3.38,2.16,,,,,,,,2023/2024
I1,2024-02-18,Frosinone,Roma,0.0,3.0,A,25.0,13.0,7.0,5.0,10.0,16.0,10.0,2.0,0.0,3.0,0.0,0.0,3.8,3.75,1.91,3.88,3.83,1.93,,,,,,,,2023/2024
I1,2024-02-18,Lazio,Bologna,1.0,2.0,A,12.0,11.0,7.0,3.0,5.0,11.0,8.0,3.0,2.0,3.0,0.0,0.0,2.3,3.1,3.4,2.39,3.12,3.4,,,,,,,,2023/2024
I1,2024-02-18,Monza,Milan,4.0,2.0,H,12.0,16.0,6.0,6.0,11.0,10.0,7.0,3.0,4.0,1.0,0.0,1.0,4.75,3.5,1.8,4.63,3.78,1.8,,,,,,,,2023/2024
I1,2024-02-18,Udinese,Cagliari,1.0,1.0,D,17.0,5.0,3.0,2.0,14.0,10.0,3.0,4.0,3.0,2.0,0.0,0.0,1.91,3.6,4.0,1.85,3.65,4.48,,,,,,,,2023/2024
I1,2024-02-22,Torino,Lazio,0.0,2.0,A,24.0,7.0,4.0,4.0,11.0,7.0,7.0,4.0,3.0,2.0,0.0,1.0,2.4,2.9,3.25,2.51,2.97,3.36,,,,,,,,2023/2024
I1,2024-02-23,Bologna,Verona,2.0,0.0,H,12.0,7.0,3.0,3.0,12.0,15.0,11.0,1.0,2.0,2.0,0.0,0.0,1.55,3.8,7.0,1.59,3.9,6.83,,,,,,,,2023/2024
I1,2024-02-24,Sassuolo,Empoli,2.0,3.0,A,19.0,14.0,5.0,6.0,12.0,14.0,4.0,1.0,1.0,3.0,0.0,0.0,2.2,3.4,3.3,2.28,3.35,3.37,,,,,,,,2023/2024
I1,2024-02-24,Salernitana,Monza,0.0,2.0,A,11.0,17.0,3.0,7.0,6.0,13.0,7.0,11.0,2.0,2.0,0.0,0.0,3.0,3.1,2.5,2.99,3.27,2.55,,,,,,,,2023/2024
I1,2024-02-24,Genoa,Udinese,2.0,0.0,H,19.0,5.0,4.0,1.0,9.0,17.0,8.0,3.0,1.0,4.0,0.0,1.0,2.25,3.0,3.6,2.38,2.92,3.69,,,,,,,,2023/2024
I1,2024-02-25,Juventus,Frosinone,3.0,2.0,H,22.0,7.0,5.0,3.0,12.0,6.0,8.0,3.0,2.0,2.0,0.0,0.0,1.3,5.5,10.0,1.32,5.62,9.58,,,,,,,,2023/2024
I1,2024-02-25,Cagliari,Napoli,1.0,1.0,D,8.0,9.0,3.0,4.0,12.0,12.0,4.0,3.0,4.0,1.0,0.0,0.0,4.2,3.75,1.83,4.31,3.73,1.87,,,,,,,,2023/2024
I1,2024-02-25,Lecce,Inter Milan,0.0,4.0,A,14.0,11.0,2.0,7.0,13.0,6.0,7.0,10.0,1.0,2.0,0.0,0.0,7.0,4.5,1.44,7.69,4.77,1.43,,,,,,,,2023/2024
I1,2024-02-25,Milan,Atalanta,1.0,1.0,D,20.0,8.0,7.0,3.0,12.0,16.0,5.0,3.0,1.0,4.0,0.0,0.0,2.38,3.4,3.0,2.41,3.51,3.01,,,,,,,,2023/2024
I1,2024-02-26,Roma,Torino,3.0,2.0,H,6.0,14.0,3.0,6.0,12.0,16.0,0.0,4.0,2.0,2.0,0.0,0.0,1.91,3.25,4.5,1.98,3.29,4.43,,,,,,,,2023/2024
I1,2024-02-26,Fiorentina,Lazio,2.0,1.0,H,22.0,5.0,7.0,1.0,15.0,12.0,13.0,2.0,0.0,2.0,0.0,0.0,2.25,3.1,3.5,2.32,3.19,3.46,,,,,,,,2023/2024
I1,2024-02-28,Sassuolo,Napoli,1.0,6.0,A,5.0,27.0,2.0,9.0,3.0,5.0,5.0,10.0,0.0,0.0,0.0,0.0,4.0,3.8,1.8,4.33,4.01,1.8,,,,,,,,2023/2024
I1,2024-02-28,Inter Milan,Atalanta,4.0,0.0,H,15.0,6.0,7.0,1.0,10.0,15.0,4.0,1.0,2.0,6.0,0.0,0.0,1.62,4.0,5.5,1.63,4.14,5.47,,,,,,,,2023/2024
I1,2024-03-01,Lazio,Milan,0.0,1.0,A,11.0,14.0,3.0,5.0,17.0,19.0,2.0,5.0,5.0,6.0,3.0,0.0,3.5,3.2,2.2,3.67,3.3,2.21,,,,,,,,2023/2024
I1,2024-03-02,Udinese,Salernitana,1.0,1.0,D,18.0,17.0,5.0,1.0,13.0,13.0,5.0,6.0,6.0,1.0,1.0,0.0,1.65,3.8,5.75,1.68,3.83,5.56,,,,,,,,2023/2024
I1,2024-03-02,Monza,Roma,1.0,4.0,A,16.0,12.0,5.0,6.0,11.0,18.0,6.0,3.0,1.0,4.0,0.0,0.0,3.75,3.4,2.05,3.72,3.55,2.07,,,,,,,,2023/2024
I1,2024-03-02,Torino,Fiorentina,0.0,0.0,D,8.0,14.0,2.0,3.0,13.0,13.0,4.0,5.0,2.0,4.0,1.0,0.0,2.63,3.0,2.9,2.75,3.06,2.92,,,,,,,,2023/2024
I1,2024-03-03,Verona,Sassuolo,1.0,0.0,H,10.0,13.0,5.0,2.0,23.0,10.0,2.0,10.0,4.0,2.0,0.0,0.0,2.2,3.4,3.25,2.31,3.46,3.21,,,,,,,,2023/2024
I1,2024-03-03,Empoli,Cagliari,0.0,1.0,A,16.0,8.0,3.0,4.0,11.0,15.0,9.0,2.0,0.0,3.0,0.0,0.0,2.15,3.25,3.6,2.16,3.34,3.69,,,,,,,,2023/2024
I1,2024-03-03,Frosinone,Lecce,1.0,1.0,D,15.0,11.0,7.0,4.0,11.0,10.0,12.0,8.0,1.0,1.0,0.0,0.0,2.25,3.3,3.3,2.33,3.38,3.25,,,,,,,,2023/2024
I1,2024-03-03,Atalanta,Bologna,1.0,2.0,A,11.0,11.0,2.0,6.0,11.0,12.0,6.0,2.0,3.0,2.0,0.0,0.0,1.91,3.4,4.2,1.98,3.51,4.09,,,,,,,,2023/2024
I1,2024-03-03,Napoli,Juventus,2.0,1.0,H,14.0,18.0,7.0,4.0,6.0,16.0,2.0,1.0,1.0,4.0,0.0,0.0,2.38,3.1,3.3,2.43,3.14,3.3,,,,,,,,2023/2024
I1,2024-03-04,Inter Milan,Genoa,2.0,1.0,H,16.0,10.0,5.0,2.0,5.0,17.0,4.0,5.0,2.0,3.0,0.0,0.0,1.3,5.75,9.5,1.27,5.96,11.92,,,,,,,,2023/2024
I1,2024-03-08,Napoli,Torino,1.0,1.0,D,22.0,11.0,8.0,2.0,9.0,13.0,13.0,7.0,2.0,2.0,0.0,0.0,1.75,3.6,5.0,1.78,3.65,5.14,,,,,,,,2023/2024
I1,2024-03-09,Sassuolo,Frosinone,1.0,0.0,H,10.0,11.0,4.0,1.0,14.0,9.0,1.0,2.0,3.0,1.0,0.0,0.0,2.2,3.6,3.1,2.27,3.67,3.11,,,,,,,,2023/2024
I1,2024-03-09,Cagliari,Salernitana,4.0,2.0,H,12.0,12.0,7.0,5.0,16.0,11.0,5.0,4.0,1.0,2.0,0.0,0.0,1.83,3.6,4.33,1.85,3.66,4.52,,,,,,,,2023/2024
I1,2024-03-09,Genoa,Monza,2.0,3.0,A,22.0,9.0,6.0,5.0,11.0,10.0,10.0,1.0,1.0,1.0,0.0,0.0,2.15,3.2,3.5,2.18,3.11,3.94,,,,,,,,2023/2024
I1,2024-03-09,Bologna,Inter Milan,0.0,1.0,A,19.0,5.0,3.0,4.0,17.0,12.0,7.0,2.0,2.0,1.0,0.0,0.0,3.5,3.3,2.15,3.51,3.32,2.24,,,,,,,,2023/2024
I1,2024-03-10,Lecce,Verona,0.0,1.0,A,15.0,13.0,3.0,4.0,15.0,19.0,11.0,6.0,3.0,3.0,0.0,1.0,2.2,3.25,3.4,2.34,3.09,3.55,,,,,,,,2023/2024
I1,2024-03-10,Milan,Empoli,1.0,0.0,H,15.0,5.0,5.0,2.0,18.0,13.0,11.0,4.0,1.0,4.0,0.0,0.0,1.44,5.0,6.5,1.45,4.74,7.19,,,,,,,,2023/2024
I1,2024-03-10,Juventus,Atalanta,2.0,2.0,D,18.0,7.0,5.0,3.0,12.0,10.0,4.0,3.0,0.0,1.0,0.0,0.0,2.2,3.3,3.3,2.32,3.27,3.37,,,,,,,,2023/2024
I1,2024-03-10,Fiorentina,Roma,2.0,2.0,D,15.0,10.0,5.0,5.0,10.0,15.0,8.0,2.0,2.0,5.0,0.0,0.0,2.55,3.3,2.75,2.69,3.27,2.81,,,,,,,,2023/2024
I1,2024-03-11,Lazio,Udinese,1.0,2.0,A,18.0,14.0,6.0,5.0,9.0,15.0,9.0,5.0,3.0,6.0,0.0,1.0,1.91,3.5,4.0,1.95,3.38,4.42,,,,,,,,2023/2024
I1,2024-03-15,Empoli,Bologna,0.0,1.0,A,10.0,20.0,1.0,9.0,19.0,12.0,7.0,6.0,4.0,0.0,0.0,0.0,4.0,3.2,2.0,4.04,3.28,2.08,,,,,,,,2023/2024
I1,2024-03-16,Monza,Cagliari,1.0,0.0,H,15.0,10.0,3.0,0.0,11.0,9.0,3.0,7.0,2.0,1.0,0.0,0.0,2.05,3.5,3.6,2.09,3.46,3.75,,,,,,,,2023/2024
I1,2024-03-16,Udinese,Torino,0.0,2.0,A,12.0,12.0,1.0,5.0,11.0,17.0,3.0,4.0,3.0,2.0,0.0,0.0,2.8,2.9,2.8,2.94,2.96,2.82,,,,,,,,2023/2024
I1,2024-03-16,Salernitana,Lecce,0.0,1.0,A,15.0,17.0,6.0,4.0,9.0,18.0,7.0,1.0,4.0,3.0,0.0,0.0,2.9,3.2,2.5,3.02,3.19,2.57,,,,,,,,2023/2024
I1,2024-03-16,Frosinone,Lazio,2.0,3.0,A,14.0,22.0,5.0,7.0,10.0,15.0,9.0,4.0,1.0,3.0,0.0,0.0,3.5,3.4,2.15,3.41,3.61,2.16,,,,,,,,2023/2024
I1,2024-03-17,Juventus,Genoa,0.0,0.0,D,17.0,5.0,2.0,2.0,11.0,11.0,12.0,2.0,4.0,1.0,1.0,0.0,1.5,4.0,7.0,1.52,4.08,7.37,,,,,,,,2023/2024
I1,2024-03-17,Verona,Milan,1.0,3.0,A,15.0,18.0,4.0,6.0,9.0,8.0,3.0,5.0,1.0,3.0,0.0,0.0,5.25,3.75,1.7,5.2,3.81,1.72,,,,,,,,2023/2024
I1,2024-03-17,Roma,Sassuolo,1.0,0.0,H,10.0,8.0,4.0,2.0,11.0,10.0,4.0,7.0,2.0,1.0,0.0,0.0,1.36,4.75,8.0,1.4,5.15,7.67,,,,,,,,2023/2024
I1,2024-03-17,Inter Milan,Napoli,1.0,1.0,D,19.0,11.0,6.0,3.0,19.0,6.0,5.0,7.0,2.0,1.0,0.0,0.0,1.57,4.0,6.0,1.57,4.33,5.89,,,,,,,,2023/2024
I1,2024-03-30,Napoli,Atalanta,0.0,3.0,A,20.0,12.0,6.0,6.0,6.0,13.0,7.0,5.0,2.0,2.0,0.0,0.0,2.1,3.6,3.4,2.13,3.61,3.48,,,,,,,,2023/2024
I1,2024-03-30,Genoa,Frosinone,1.0,1.0,D,9.0,15.0,3.0,3.0,16.0,11.0,3.0,8.0,2.0,1.0,0.0,0.0,1.95,3.6,3.8,1.95,3.56,4.14,,,,,,,,2023/2024
I1,2024-03-30,Torino,Monza,1.0,0.0,H,15.0,9.0,6.0,2.0,9.0,11.0,7.0,2.0,0.0,3.0,0.0,1.0,1.83,3.4,4.75,1.85,3.49,4.8,,,,,,,,2023/2024
I1,2024-03-30,Lazio,Juventus,1.0,0.0,H,16.0,9.0,4.0,3.0,12.0,10.0,7.0,2.0,1.0,2.0,0.0,0.0,3.1,3.1,2.45,3.23,3.09,2.5,,,,,,,,2023/2024
I1,2024-03-30,Fiorentina,Milan,1.0,2.0,A,17.0,14.0,7.0,10.0,8.0,12.0,7.0,5.0,2.0,3.0,0.0,0.0,2.88,3.3,2.5,2.89,3.34,2.58,,,,,,,,2023/2024
I1,2024-04-01,Bologna,Salernitana,3.0,0.0,H,14.0,8.0,3.0,2.0,11.0,12.0,5.0,3.0,0.0,3.0,0.0,0.0,1.3,5.5,10.0,1.3,5.59,11.37,,,,,,,,2023/2024
I1,2024-04-01,Inter Milan,Empoli,2.0,0.0,H,19.0,14.0,7.0,3.0,14.0,16.0,8.0,6.0,0.0,2.0,0.0,0.0,1.22,7.0,12.0,1.2,7.59,13.3,,,,,,,,2023/2024
I1,2024-04-01,Cagliari,Verona,1.0,1.0,D,11.0,8.0,2.0,5.0,11.0,16.0,7.0,2.0,0.0,2.0,0.0,0.0,2.15,3.2,3.6,2.2,3.19,3.76,,,,,,,,2023/2024
I1,2024-04-01,Lecce,Roma,0.0,0.0,D,27.0,10.0,6.0,3.0,9.0,12.0,8.0,4.0,3.0,2.0,0.0,0.0,4.5,3.5,1.83,4.45,3.45,1.92,,,,,,,,2023/2024
I1,2024-04-01,Sassuolo,Udinese,1.0,1.0,D,14.0,12.0,5.0,3.0,7.0,10.0,10.0,1.0,1.0,2.0,0.0,0.0,2.75,3.25,2.6,2.93,3.24,2.61,,,,,,,,2023/2024
I1,2024-04-05,Salernitana,Sassuolo,2.0,2.0,D,5.0,16.0,2.0,5.0,10.0,13.0,4.0,9.0,4.0,3.0,0.0,0.0,3.25,3.5,2.2,3.33,3.51,2.26,,,,,,,,2023/2024
I1,2024-04-06,Milan,Lecce,3.0,0.0,H,16.0,12.0,8.0,7.0,8.0,8.0,5.0,1.0,1.0,1.0,0.0,1.0,1.36,4.75,8.5,1.38,5.19,8.25,,,,,,,,2023/2024
I1,2024-04-06,Roma,Lazio,1.0,0.0,H,15.0,11.0,3.0,1.0,14.0,15.0,3.0,6.0,6.0,3.0,0.0,0.0,2.2,3.1,3.6,2.25,3.09,3.76,,,,,,,,2023/2024
I1,2024-04-06,Empoli,Torino,3.0,2.0,H,4.0,19.0,3.0,5.0,13.0,13.0,1.0,7.0,2.0,1.0,0.0,0.0,3.5,3.2,2.25,3.59,3.12,2.3,,,,,,,,2023/2024
I1,2024-04-07,Frosinone,Bologna,0.0,0.0,D,12.0,13.0,5.0,5.0,10.0,14.0,5.0,2.0,1.0,3.0,0.0,0.0,4.2,3.5,1.91,4.32,3.59,1.9,,,,,,,,2023/2024
I1,2024-04-07,Monza,Napoli,2.0,4.0,A,7.0,19.0,2.0,8.0,10.0,8.0,1.0,6.0,3.0,1.0,0.0,0.0,4.0,3.8,1.85,4.32,3.75,1.86,,,,,,,,2023/2024
I1,2024-04-07,Cagliari,Atalanta,2.0,1.0,H,11.0,7.0,3.0,2.0,16.0,19.0,4.0,4.0,3.0,3.0,0.0,0.0,4.75,3.8,1.73,4.86,3.98,1.72,,,,,,,,2023/2024
I1,2024-04-07,Verona,Genoa,1.0,2.0,A,12.0,11.0,3.0,5.0,14.0,15.0,5.0,3.0,3.0,1.0,0.0,0.0,2.75,3.0,2.8,2.74,2.97,3.02,,,,,,,,2023/2024
I1,2024-04-07,Juventus,Fiorentina,1.0,0.0,H,7.0,13.0,2.0,2.0,16.0,8.0,5.0,6.0,2.0,1.0,0.0,0.0,1.83,3.4,4.75,1.87,3.5,4.64,,,,,,,,2023/2024
I1,2024-04-08,Udinese,Inter Milan,1.0,2.0,A,3.0,23.0,1.0,6.0,11.0,11.0,0.0,8.0,1.0,2.0,0.0,0.0,6.5,4.5,1.5,7.1,4.53,1.48,,,,,,,,2023/2024
I1,2024-04-12,Lazio,Salernitana,4.0,1.0,H,17.0,8.0,6.0,5.0,15.0,10.0,9.0,0.0,0.0,1.0,0.0,0.0,1.33,5.0,9.5,1.35,5.28,9.85,,,,,,,,2023/2024
I1,2024-04-13,Torino,Juventus,0.0,0.0,D,13.0,8.0,2.0,3.0,18.0,11.0,6.0,2.0,3.0,2.0,1.0,0.0,3.75,3.0,2.2,3.87,3.06,2.23,,,,,,,,2023/2024
I1,2024-04-13,Bologna,Monza,0.0,0.0,D,17.0,4.0,7.0,0.0,13.0,19.0,10.0,0.0,4.0,4.0,0.0,0.0,1.55,4.0,6.5,1.54,4.13,6.8,,,,,,,,2023/2024
I1,2024-04-13,Lecce,Empoli,1.0,0.0,H,14.0,3.0,7.0,0.0,18.0,15.0,10.0,3.0,1.0,0.0,0.0,0.0,2.25,3.1,3.6,2.28,3.06,3.71,,,,,,,,2023/2024
I1,2024-04-14,Napoli,Frosinone,2.0,2.0,D,20.0,13.0,9.0,6.0,11.0,14.0,6.0,2.0,3.0,1.0,1.0,0.0,1.33,5.5,8.0,1.35,5.56,8.42,,,,,,,,2023/2024
I1,2024-04-14,Sassuolo,Milan,3.0,3.0,D,10.0,23.0,5.0,7.0,12.0,9.0,2.0,6.0,3.0,1.0,0.0,0.0,4.5,3.8,1.75,4.43,3.94,1.8,,,,,,,,2023/2024
I1,2024-04-14,Inter Milan,Cagliari,2.0,2.0,D,12.0,11.0,7.0,6.0,5.0,10.0,7.0,0.0,0.0,2.0,0.0,0.0,1.18,8.0,12.0,1.18,8.14,14.02,,,,,,,,2023/2024
I1,2024-04-15,Fiorentina,Genoa,1.0,1.0,D,20.0,7.0,3.0,3.0,8.0,19.0,6.0,2.0,1.0,2.0,0.0,0.0,1.85,3.5,4.33,1.92,3.49,4.42,,,,,,,,2023/2024
I1,2024-04-15,Atalanta,Verona,2.0,2.0,D,16.0,13.0,9.0,5.0,6.0,10.0,5.0,4.0,0.0,2.0,0.0,0.0,1.45,4.5,7.0,1.47,4.72,6.93,,,,,,,,2023/2024
I1,2024-04-19,Genoa,Lazio,0.0,1.0,A,8.0,13.0,2.0,1.0,7.0,13.0,2.0,9.0,1.0,2.0,0.0,0.0,3.1,3.1,2.45,3.24,3.16,2.49,,,,,,,,2023/2024
I1,2024-04-19,Cagliari,Juventus,2.0,2.0,D,9.0,11.0,4.0,3.0,16.0,15.0,4.0,3.0,2.0,3.0,0.0,0.0,5.0,3.5,1.75,5.16,3.58,1.79,,,,,,,,2023/2024
I1,2024-04-20,Empoli,Napoli,1.0,0.0,H,7.0,9.0,1.0,1.0,14.0,12.0,2.0,8.0,2.0,2.0,0.0,0.0,4.75,4.0,1.7,5.1,4.06,1.68,,,,,,,,2023/2024
I1,2024-04-20,Verona,Udinese,1.0,0.0,H,16.0,18.0,4.0,1.0,18.0,12.0,10.0,6.0,2.0,2.0,0.0,0.0,2.55,3.1,3.0,2.63,3.05,3.08,,,,,,,,2023/2024
I1,2024-04-21,Sassuolo,Lecce,0.0,3.0,A,10.0,14.0,3.0,8.0,10.0,13.0,9.0,4.0,1.0,0.0,0.0,0.0,2.3,3.3,3.2,2.34,3.37,3.24,,,,,,,,2023/2024
I1,2024-04-21,Torino,Frosinone,0.0,0.0,D,13.0,12.0,2.0,3.0,10.0,17.0,6.0,4.0,2.0,2.0,0.0,0.0,1.67,3.8,5.25,1.67,3.94,5.4,,,,,,,,2023/2024
I1,2024-04-21,Salernitana,Fiorentina,0.0,2.0,A,5.0,12.0,1.0,7.0,13.0,11.0,2.0,5.0,2.0,4.0,0.0,0.0,5.0,4.0,1.67,5.17,4.04,1.68,,,,,,,,2023/2024
I1,2024-04-21,Monza,Atalanta,1.0,2.0,A,17.0,12.0,2.0,6.0,8.0,13.0,2.0,8.0,3.0,2.0,0.0,0.0,4.0,3.8,1.85,4.09,3.68,1.93,,,,,,,,2023/2024
I1,2024-04-22,Roma,Bologna,1.0,3.0,A,14.0,11.0,5.0,3.0,8.0,12.0,8.0,2.0,5.0,2.0,0.0,0.0,2.4,3.1,3.2,2.41,3.16,3.31,,,,,,,,2023/2024
I1,2024-04-22,Milan,Inter Milan,1.0,2.0,A,15.0,11.0,6.0,3.0,19.0,10.0,5.0,3.0,3.0,2.0,2.0,1.0,3.75,3.6,2.0,3.96,3.68,1.96,,,,,,,,2023/2024
I1,2024-04-25,Udinese,Roma,1.0,2.0,A,9.0,19.0,3.0,5.0,15.0,10.0,5.0,8.0,3.0,2.0,0.0,0.0,3.3,3.4,2.15,3.44,3.25,2.3,,,,,,,,2023/2024
I1,2024-04-26,Frosinone,Salernitana,3.0,0.0,H,11.0,17.0,4.0,2.0,13.0,10.0,7.0,3.0,2.0,2.0,0.0,0.0,1.4,4.75,7.5,1.42,5.12,7.63,,,,,,,,2023/2024
I1,2024-04-27,Lecce,Monza,1.0,1.0,D,12.0,9.0,4.0,1.0,13.0,18.0,0.0,5.0,2.0,3.0,0.0,0.0,2.0,3.25,4.0,2.06,3.27,4.12,,,,,,,,2023/2024
I1,2024-04-27,Juventus,Milan,0.0,0.0,D,18.0,9.0,7.0,0.0,10.0,4.0,9.0,4.0,0.0,1.0,0.0,0.0,2.1,3.3,3.6,2.09,3.46,3.74,,,,,,,,2023/2024
I1,2024-04-27,Lazio,Verona,1.0,0.0,H,17.0,7.0,5.0,1.0,13.0,18.0,4.0,2.0,4.0,4.0,0.0,0.0,1.62,3.8,6.0,1.66,3.96,5.53,,,,,,,,2023/2024
I1,2024-04-28,Inter Milan,Torino,2.0,0.0,H,17.0,11.0,5.0,3.0,6.0,8.0,5.0,4.0,0.0,0.0,0.0,1.0,1.53,3.8,7.0,1.54,4.12,6.94,,,,,,,,2023/2024
I1,2024-04-28,Bologna,Udinese,1.0,1.0,D,15.0,11.0,4.0,4.0,11.0,21.0,10.0,3.0,3.0,7.0,1.0,0.0,1.6,3.8,6.0,1.62,3.85,6.27,,,,,,,,2023/2024
I1,2024-04-28,Atalanta,Empoli,2.0,0.0,H,17.0,11.0,5.0,2.0,19.0,14.0,8.0,1.0,1.0,2.0,0.0,0.0,1.44,4.5,7.5,1.45,4.77,7.14,,,,,,,,2023/2024
I1,2024-04-28,Napoli,Roma,2.0,2.0,D,27.0,10.0,9.0,4.0,11.0,5.0,9.0,2.0,2.0,0.0,0.0,0.0,1.95,3.6,4.0,2.0,3.67,3.83,,,,,,,,2023/2024
I1,2024-04-28,Fiorentina,Sassuolo,5.0,1.0,H,22.0,7.0,10.0,2.0,9.0,9.0,10.0,2.0,2.0,2.0,0.0,0.0,1.7,3.8,5.0,1.74,3.98,4.8,,,,,,,,2023/2024
I1,2024-04-29,Genoa,Cagliari,3.0,0.0,H,12.0,12.0,5.0,1.0,12.0,14.0,2.0,4.0,0.0,2.0,0.0,0.0,2.25,3.1,3.5,2.33,3.11,3.53,,,,,,,,2023/2024
I1,2024-05-03,Torino,Bologna,0.0,0.0,D,8.0,5.0,1.0,1.0,14.0,11.0,2.0,4.0,2.0,2.0,0.0,0.0,2.88,2.8,2.88,2.86,3.01,2.9,,,,,,,,2023/2024
I1,2024-05-04,Monza,Lazio,2.0,2.0,D,17.0,9.0,7.0,5.0,8.0,13.0,5.0,4.0,1.0,7.0,0.0,0.0,4.33,3.75,1.83,4.51,3.65,1.85,,,,,,,,2023/2024
I1,2024-05-04,Sassuolo,Inter Milan,1.0,0.0,H,6.0,14.0,2.0,1.0,10.0,10.0,2.0,5.0,1.0,1.0,0.0,0.0,6.0,4.5,1.5,6.04,4.79,1.51,,,,,,,,2023/2024
I1,2024-05-05,Cagliari,Lecce,1.0,1.0,D,9.0,16.0,3.0,3.0,9.0,15.0,3.0,10.0,4.0,4.0,1.0,0.0,2.15,3.2,3.75,2.2,3.18,3.77,,,,,,,,2023/2024
I1,2024-05-05,Empoli,Frosinone,0.0,0.0,D,7.0,17.0,1.0,5.0,15.0,11.0,3.0,8.0,2.0,3.0,0.0,0.0,2.38,3.3,3.1,2.43,3.26,3.17,,,,,,,,2023/2024
I1,2024-05-05,Verona,Fiorentina,2.0,1.0,H,9.0,13.0,4.0,4.0,12.0,11.0,1.0,2.0,2.0,1.0,0.0,0.0,3.1,3.3,2.3,3.2,3.26,2.42,,,,,,,,2023/2024
I1,2024-05-05,Milan,Genoa,3.0,3.0,D,26.0,6.0,7.0,2.0,8.0,10.0,7.0,1.0,1.0,1.0,0.0,0.0,1.45,4.5,6.5,1.49,4.59,6.64,,,,,,,,2023/2024
I1,2024-05-05,Roma,Juventus,1.0,1.0,D,19.0,16.0,5.0,6.0,7.0,11.0,9.0,6.0,1.0,2.0,0.0,0.0,2.88,3.1,2.7,2.88,3.12,2.74,,,,,,,,2023/2024
I1,2024-05-06,Salernitana,Atalanta,1.0,2.0,A,9.0,17.0,2.0,4.0,12.0,10.0,1.0,7.0,1.0,0.0,0.0,0.0,7.5,5.5,1.36,8.73,5.45,1.35,,,,,,,,2023/2024
I1,2024-05-06,Udinese,Napoli,1.0,1.0,D,10.0,12.0,2.0,4.0,13.0,10.0,7.0,5.0,0.0,0.0,0.0,0.0,3.75,3.6,1.95,3.74,3.73,2.0,,,,,,,,2023/2024
I1,2024-05-10,Frosinone,Inter Milan,0.0,5.0,A,17.0,14.0,8.0,5.0,4.0,8.0,8.0,4.0,0.0,0.0,0.0,0.0,4.5,4.0,1.73,4.6,4.06,1.76,,,,,,,,2023/2024
I1,2024-05-11,Napoli,Bologna,0.0,2.0,A,16.0,11.0,6.0,4.0,15.0,12.0,9.0,3.0,2.0,1.0,0.0,0.0,2.1,3.4,3.5,2.14,3.45,3.42,,,,,,,,2023/2024
I1,2024-05-11,Milan,Cagliari,5.0,1.0,H,17.0,13.0,10.0,7.0,11.0,9.0,6.0,3.0,2.0,1.0,0.0,0.0,1.4,5.25,6.5,1.41,4.95,6.91,,,,,,,,2023/2024
I1,2024-05-12,Lazio,Empoli,2.0,0.0,H,11.0,16.0,5.0,3.0,18.0,15.0,7.0,7.0,3.0,1.0,0.0,0.0,1.57,4.0,5.75,1.58,3.95,5.8,,,,,,,,2023/2024
I1,2024-05-12,Genoa,Sassuolo,2.0,1.0,H,8.0,12.0,2.0,4.0,13.0,10.0,3.0,7.0,1.0,2.0,0.0,0.0,2.2,3.5,3.2,2.21,3.44,3.26,,,,,,,,2023/2024
I1,2024-05-12,Verona,Torino,1.0,2.0,A,13.0,6.0,5.0,2.0,19.0,15.0,7.0,4.0,3.0,2.0,1.0,0.0,3.0,3.0,2.55,3.07,3.01,2.56,,,,,,,,2023/2024
I1,2024-05-12,Juventus,Salernitana,1.0,1.0,D,25.0,13.0,6.0,4.0,15.0,12.0,9.0,4.0,2.0,5.0,0.0,0.0,1.14,8.5,17.0,1.13,8.5,17.59,,,,,,,,2023/2024
I1,2024-05-12,Atalanta,Roma,2.0,1.0,H,24.0,9.0,7.0,6.0,11.0,11.0,6.0,1.0,1.0,1.0,0.0,0.0,2.0,3.6,3.6,1.97,3.56,3.8,,,,,,,,2023/2024
I1,2024-05-13,Lecce,Udinese,0.0,2.0,A,9.0,16.0,2.0,3.0,12.0,11.0,8.0,2.0,2.0,1.0,0.0,0.0,2.63,3.1,2.8,2.65,2.93,2.93,,,,,,,,2023/2024
I1,2024-05-13,Fiorentina,Monza,2.0,1.0,H,15.0,5.0,8.0,2.0,9.0,14.0,6.0,1.0,1.0,1.0,0.0,0.0,1.55,4.2,5.75,1.55,4.3,5.58,,,,,,,,2023/2024
I1,2024-05-17,Fiorentina,Napoli,2.0,2.0,D,14.0,15.0,5.0,3.0,16.0,14.0,5.0,3.0,1.0,2.0,0.0,0.0,2.25,3.4,3.1,2.33,3.58,3.13,,,,,,,,2023/2024
I1,2024-05-18,Lecce,Atalanta,0.0,2.0,A,11.0,19.0,3.0,9.0,7.0,20.0,2.0,5.0,0.0,4.0,0.0,0.0,4.5,3.8,1.75,4.68,3.83,1.76,,,,,,,,2023/2024
I1,2024-05-18,Torino,Milan,3.0,1.0,H,11.0,16.0,5.0,4.0,15.0,14.0,3.0,8.0,1.0,1.0,0.0,0.0,2.8,3.2,2.6,2.85,3.21,2.66,,,,,,,,2023/2024
I1,2024-05-19,Sassuolo,Cagliari,0.0,2.0,A,7.0,13.0,0.0,3.0,14.0,9.0,5.0,6.0,4.0,2.0,1.0,0.0,2.35,3.3,3.1,2.38,3.47,3.07,,,,,,,,2023/2024
I1,2024-05-19,Monza,Frosinone,0.0,1.0,A,14.0,16.0,2.0,5.0,14.0,13.0,3.0,4.0,1.0,2.0,0.0,0.0,3.0,3.4,2.3,3.0,3.63,2.36,,,,,,,,2023/2024
I1,2024-05-19,Udinese,Empoli,1.0,1.0,D,8.0,4.0,2.0,1.0,14.0,18.0,5.0,5.0,1.0,7.0,0.0,1.0,2.0,3.4,3.8,2.06,3.34,4.02,,,,,,,,2023/2024
I1,2024-05-19,Inter Milan,Lazio,1.0,1.0,D,19.0,8.0,7.0,3.0,10.0,15.0,8.0,0.0,0.0,1.0,0.0,0.0,1.62,4.0,5.0,1.68,4.28,4.85,,,,,,,,2023/2024
I1,2024-05-19,Roma,Genoa,1.0,0.0,H,21.0,11.0,6.0,4.0,10.0,10.0,6.0,3.0,3.0,0.0,1.0,0.0,1.48,4.2,7.0,1.49,4.5,6.93,,,,,,,,2023/2024
I1,2024-05-20,Salernitana,Verona,1.0,2.0,A,9.0,17.0,1.0,5.0,14.0,19.0,4.0,6.0,3.0,2.0,0.0,0.0,5.0,3.8,1.7,5.1,3.98,1.69,,,,,,,,2023/2024
I1,2024-05-20,Bologna,Juventus,3.0,3.0,D,10.0,11.0,5.0,4.0,8.0,21.0,3.0,2.0,1.0,5.0,0.0,0.0,2.45,3.1,3.1,2.48,3.1,3.26,,,,,,,,2023/2024
I1,2024-05-23,Cagliari,Fiorentina,2.0,3.0,A,14.0,11.0,6.0,5.0,13.0,14.0,4.0,5.0,2.0,4.0,0.0,0.0,4.2,3.75,1.8,4.42,3.85,1.84,,,,,,,,2023/2024
I1,2024-05-24,Genoa,Bologna,2.0,0.0,H,14.0,11.0,3.0,1.0,11.0,11.0,3.0,6.0,1.0,2.0,0.0,0.0,3.4,3.4,2.15,3.52,3.33,2.2,,,,,,,,2023/2024
I1,2024-05-25,Juventus,Monza,2.0,0.0,H,12.0,12.0,4.0,4.0,15.0,13.0,3.0,4.0,1.0,3.0,0.0,1.0,1.33,5.5,8.5,1.33,5.57,8.68,,,,,,,,2023/2024
I1,2024-05-25,Milan,Salernitana,3.0,3.0,D,23.0,14.0,11.0,6.0,6.0,9.0,13.0,3.0,0.0,1.0,0.0,0.0,1.18,8.0,12.0,1.17,8.69,13.1,,,,,,,,2023/2024
I1,2024-05-26,Atalanta,Torino,3.0,0.0,H,18.0,8.0,7.0,1.0,18.0,10.0,2.0,5.0,1.0,1.0,0.0,0.0,3.3,3.5,2.1,3.54,3.44,2.14,,,,,,,,2023/2024
I1,2024-05-26,Napoli,Lecce,0.0,0.0,D,24.0,10.0,5.0,0.0,10.0,17.0,4.0,1.0,0.0,0.0,0.0,0.0,1.42,5.0,6.25,1.43,4.95,6.9,,,,,,,,2023/2024
I1,2024-05-26,Empoli,Roma,2.0,1.0,H,17.0,15.0,7.0,3.0,18.0,12.0,4.0,5.0,4.0,1.0,0.0,0.0,1.95,3.6,3.6,1.99,3.8,3.64,,,,,,,,2023/2024
I1,2024-05-26,Frosinone,Udinese,0.0,1.0,A,21.0,10.0,5.0,5.0,6.0,13.0,11.0,1.0,0.0,2.0,0.0,0.0,2.38,3.25,3.0,2.46,3.11,3.22,,,,,,,,2023/2024
I1,2024-05-26,Lazio,Sassuolo,1.0,1.0,D,8.0,8.0,6.0,3.0,15.0,11.0,5.0,3.0,3.0,1.0,0.0,0.0,1.36,5.25,7.5,1.36,5.44,7.98,,,,,,,,2023/2024
I1,2024-05-26,Verona,Inter Milan,2.0,2.0,D,18.0,15.0,8.0,11.0,17.0,8.0,9.0,3.0,1.0,1.0,0.0,0.0,5.5,4.0,1.53,5.69,4.47,1.55,,,,,,,,2023/2024
I1,2024-06-02,Atalanta,Fiorentina,2.0,3.0,A,12.0,8.0,3.0,4.0,5.0,9.0,4.0,4.0,0.0,2.0,0.0,0.0,1.48,4.75,6.0,1.47,4.86,6.26,,,,,,,,2023/2024
