Div,Date,HomeTeam,AwayTeam,FTHG,FTAG,FTR,HS,AS,HST,AST,HF,AF,HC,AC,HY,AY,HR,AR,B365H,B365D,B365A,PSH,PSD,PSA,BbMxH,BbMxD,BbMxA,BbAvH,BbAvD,BbAvA,Bb1X2,Season
D1,2014-08-22,Bayern Munich,Wolfsburg,2,1,H,17,9,10,4,5,9,9,3,0,2,0,0,1.25,6.0,10.0,1.28,6.47,12.0,1.3,7.0,13.0,1.25,6.2,10.87,49.0,2014/2015
D1,2014-08-23,Dortmund,Leverkusen,0,2,A,11,11,4,2,13,28,8,4,1,2,0,0,1.57,4.33,5.0,1.63,4.39,5.56,1.7,4.4,6.0,1.59,4.11,5.47,50.0,2014/2015
D1,2014-08-23,Ein Frankfurt,Freiburg,1,0,H,10,13,3,7,17,22,6,5,1,3,0,0,2.05,3.4,3.6,2.04,3.63,3.93,2.11,3.65,3.95,2.01,3.45,3.68,49.0,2014/2015
D1,2014-08-23,FC Koln,Hamburg,0,0,D,10,19,3,4,23,16,3,6,2,2,0,0,2.0,3.5,3.6,2.04,3.67,3.89,2.21,3.7,3.95,2.01,3.5,3.62,49.0,2014/2015
D1,2014-08-23,Hannover,Schalke 04,2,1,H,8,12,3,5,12,15,2,4,2,1,0,0,2.9,3.5,2.3,3.15,3.58,2.37,3.21,3.62,2.44,3.01,3.42,2.33,49.0,2014/2015
D1,2014-08-23,Hertha,Werder Bremen,2,2,D,19,9,5,5,17,18,9,5,1,2,0,0,1.95,3.5,3.75,1.97,3.67,4.16,2.02,3.8,4.2,1.96,3.5,3.85,49.0,2014/2015
D1,2014-08-23,Hoffenheim,Augsburg,2,0,H,10,12,3,2,19,15,7,3,2,3,0,0,1.91,3.6,3.8,1.96,3.83,4.02,2.05,3.95,4.02,1.95,3.61,3.78,50.0,2014/2015
D1,2014-08-24,M'gladbach,Stuttgart,1,1,D,19,7,6,3,8,16,6,3,2,1,0,0,1.95,3.5,3.75,1.94,3.73,4.22,2.0,3.8,4.22,1.93,3.55,3.92,49.0,2014/2015
D1,2014-08-24,Paderborn,Mainz,2,2,D,10,14,3,4,16,14,4,3,2,2,0,0,3.1,3.4,2.25,3.15,3.43,2.43,3.2,3.5,2.51,2.97,3.35,2.37,50.0,2014/2015
D1,2014-08-29,Augsburg,Dortmund,2,3,A,12,22,3,9,9,12,3,6,2,3,0,0,4.5,3.75,1.73,5.11,4.0,1.74,6.0,4.2,1.78,5.03,3.86,1.68,49.0,2014/2015
D1,2014-08-30,Schalke 04,Bayern Munich,1,1,D,8,10,4,4,15,15,1,3,4,1,0,0,6.0,4.75,1.44,7.07,4.77,1.5,7.7,4.9,1.55,6.58,4.49,1.47,49.0,2014/2015
D1,2014-08-30,Leverkusen,Hertha,4,2,H,21,3,7,1,11,20,5,6,0,1,0,0,1.44,4.5,6.5,1.45,4.86,8.15,1.5,4.92,8.4,1.44,4.46,7.32,49.0,2014/2015
D1,2014-08-30,Hamburg,Paderborn,0,3,A,13,15,4,7,16,16,8,3,0,0,0,0,1.67,3.8,5.0,1.76,3.96,5.04,1.79,4.0,5.25,1.73,3.75,4.79,49.0,2014/2015
D1,2014-08-30,Wolfsburg,Ein Frankfurt,2,2,D,14,9,11,4,19,11,4,3,3,1,0,0,1.57,4.33,5.0,1.62,4.34,5.84,1.75,4.34,5.9,1.62,4.01,5.37,49.0,2014/2015
D1,2014-08-30,Werder Bremen,Hoffenheim,1,1,D,15,12,1,1,20,13,6,6,3,0,0,0,3.2,3.5,2.15,3.35,3.74,2.2,3.35,3.8,2.3,3.23,3.53,2.16,49.0,2014/2015
D1,2014-08-30,Stuttgart,FC Koln,0,2,A,14,10,5,4,11,11,7,4,1,2,0,0,2.0,3.5,3.6,1.98,3.65,4.14,2.1,3.7,4.25,1.98,3.46,3.85,49.0,2014/2015
D1,2014-08-31,Freiburg,M'gladbach,0,0,D,17,9,4,3,11,13,4,5,1,2,0,0,2.88,3.4,2.38,3.06,3.55,2.43,3.2,3.6,2.44,2.99,3.35,2.33,48.0,2014/2015
D1,2014-08-31,Mainz,Hannover,0,0,D,14,11,2,6,12,14,4,2,0,1,0,0,2.2,3.3,3.3,2.18,3.61,3.52,2.3,3.65,3.6,2.14,3.44,3.31,49.0,2014/2015
D1,2014-09-12,Leverkusen,Werder Bremen,3,3,D,26,8,9,5,14,20,6,4,4,2,0,0,1.3,5.5,9.0,1.37,5.47,9.29,1.4,5.7,10.0,1.34,5.24,8.82,45.0,2014/2015
D1,2014-09-13,Bayern Munich,Stuttgart,2,0,H,14,7,8,0,16,18,2,4,1,2,0,0,1.17,7.5,15.0,1.17,8.95,19.5,1.22,9.23,20.61,1.16,7.87,15.72,45.0,2014/2015
D1,2014-09-13,Hertha,Mainz,1,3,A,17,7,3,6,21,20,4,1,3,3,0,0,2.25,3.3,3.2,2.29,3.42,3.45,2.35,3.5,3.45,2.25,3.32,3.24,45.0,2014/2015
D1,2014-09-13,Dortmund,Freiburg,3,1,H,15,4,6,3,10,14,3,5,1,4,0,0,1.25,6.0,10.0,1.28,6.5,11.6,1.33,6.54,12.76,1.27,5.81,10.68,45.0,2014/2015
D1,2014-09-13,Paderborn,FC Koln,0,0,D,8,4,4,1,13,18,5,1,0,2,0,0,2.9,3.2,2.45,3.1,3.35,2.5,3.15,3.4,2.61,2.96,3.27,2.43,45.0,2014/2015
D1,2014-09-13,M'gladbach,Schalke 04,4,1,H,23,11,9,6,15,13,8,2,2,3,0,0,2.4,3.4,2.8,2.42,3.58,3.06,2.5,3.6,3.13,2.39,3.37,2.94,44.0,2014/2015
D1,2014-09-13,Hoffenheim,Wolfsburg,1,1,D,15,22,6,5,17,17,4,7,1,0,0,1,2.4,3.5,2.75,2.47,3.72,2.88,2.5,3.71,3.1,2.4,3.48,2.86,45.0,2014/2015
D1,2014-09-14,Ein Frankfurt,Augsburg,0,1,A,14,17,5,7,14,21,5,6,3,4,0,0,2.25,3.3,3.2,2.29,3.52,3.34,2.37,3.52,3.5,2.26,3.38,3.16,45.0,2014/2015
D1,2014-09-14,Hannover,Hamburg,2,0,H,11,11,4,0,18,16,4,2,3,3,0,0,2.2,3.4,3.2,2.19,3.6,3.5,2.25,3.65,3.55,2.15,3.43,3.36,45.0,2014/2015
D1,2014-09-19,Freiburg,Hertha,2,2,D,15,7,5,2,16,26,7,6,0,4,0,1,2.5,3.3,2.8,2.56,3.41,2.97,2.63,3.45,3.0,2.51,3.31,2.84,47.0,2014/2015
D1,2014-09-20,Augsburg,Werder Bremen,4,2,H,19,13,7,6,13,20,6,5,1,4,0,0,1.91,3.6,3.8,1.86,3.84,4.48,2.01,3.85,4.48,1.87,3.63,4.12,47.0,2014/2015
D1,2014-09-20,Mainz,Dortmund,2,0,H,8,20,5,4,17,18,1,7,2,1,0,0,5.0,4.33,1.57,5.65,4.3,1.64,6.0,4.4,1.65,5.42,4.08,1.6,47.0,2014/2015
D1,2014-09-20,Hamburg,Bayern Munich,0,0,D,4,15,0,3,22,11,3,9,4,2,0,0,10.0,6.0,1.25,11.8,6.25,1.29,12.5,6.5,1.34,10.65,5.83,1.27,47.0,2014/2015
D1,2014-09-20,Stuttgart,Hoffenheim,0,2,A,17,10,2,4,17,21,9,4,0,2,0,0,2.5,3.4,2.7,2.63,3.62,2.75,2.71,3.65,2.88,2.58,3.4,2.68,47.0,2014/2015
D1,2014-09-20,Schalke 04,Ein Frankfurt,2,2,D,8,15,3,4,15,15,1,3,1,2,2,1,1.73,3.8,4.5,1.75,4.07,4.91,1.81,4.2,5.2,1.74,3.84,4.59,47.0,2014/2015
D1,2014-09-20,Paderborn,Hannover,2,0,H,17,14,4,2,11,13,7,5,1,0,0,0,2.8,3.25,2.5,3.0,3.51,2.49,3.1,3.51,2.51,2.89,3.35,2.44,47.0,2014/2015
D1,2014-09-21,FC Koln,M'gladbach,0,0,D,10,9,7,1,15,13,4,3,2,2,0,0,2.75,3.3,2.5,2.97,3.41,2.56,3.0,3.45,2.6,2.83,3.27,2.51,44.0,2014/2015
D1,2014-09-21,Wolfsburg,Leverkusen,4,1,H,17,12,9,1,9,12,8,3,1,1,0,1,2.8,3.5,2.4,2.9,3.68,2.48,3.0,3.75,2.55,2.76,3.52,2.45,45.0,2014/2015
D1,2014-09-23,Ein Frankfurt,Mainz,2,2,D,16,5,8,5,16,24,9,3,3,3,0,0,2.38,3.3,2.9,2.33,3.58,3.21,2.53,3.53,3.2,2.4,3.35,2.96,44.0,2014/2015
D1,2014-09-23,Hoffenheim,Freiburg,3,3,D,18,6,8,4,20,14,4,3,3,3,0,1,1.62,4.0,5.25,1.71,4.18,5.07,1.75,4.33,5.4,1.67,3.93,5.02,44.0,2014/2015
D1,2014-09-23,Bayern Munich,Paderborn,4,0,H,25,6,9,2,8,7,9,3,0,0,0,0,1.11,9.0,21.0,1.14,10.33,23.41,1.15,10.5,30.0,1.12,8.89,22.6,44.0,2014/2015
D1,2014-09-23,Werder Bremen,Schalke 04,0,3,A,12,11,4,4,17,15,6,5,4,3,0,0,2.8,3.4,2.4,2.9,3.63,2.5,3.1,3.65,2.5,2.91,3.45,2.38,44.0,2014/2015
D1,2014-09-24,Hannover,FC Koln,1,0,H,9,9,4,3,9,11,2,6,0,2,0,0,2.15,3.4,3.25,2.29,3.42,3.42,2.33,3.5,3.5,2.22,3.33,3.29,44.0,2014/2015
D1,2014-09-24,Leverkusen,Augsburg,1,0,H,17,11,3,4,13,13,6,7,3,2,0,0,1.57,4.2,5.25,1.59,4.52,5.92,1.63,4.55,6.5,1.55,4.27,5.79,44.0,2014/2015
D1,2014-09-24,Dortmund,Stuttgart,2,2,D,25,10,9,5,11,10,5,4,2,2,0,0,1.36,5.0,7.5,1.36,5.55,9.69,1.41,5.8,9.8,1.35,5.07,8.53,44.0,2014/2015
D1,2014-09-24,M'gladbach,Hamburg,1,0,H,20,14,9,1,19,17,9,9,1,1,0,0,1.65,4.0,4.75,1.73,4.02,5.15,1.77,4.1,5.3,1.7,3.83,4.88,43.0,2014/2015
D1,2014-09-24,Hertha,Wolfsburg,1,0,H,3,13,3,3,15,10,6,5,3,2,0,0,3.0,3.5,2.25,3.24,3.61,2.31,3.3,3.6,2.41,3.09,3.37,2.29,44.0,2014/2015
D1,2014-09-26,Mainz,Hoffenheim,0,0,D,10,13,3,3,13,25,5,4,1,2,0,0,2.4,3.4,2.8,2.4,3.59,3.08,2.5,3.65,3.1,2.38,3.45,2.92,46.0,2014/2015
D1,2014-09-27,FC Koln,Bayern Munich,0,2,A,8,21,3,8,6,6,2,11,0,0,0,0,7.5,5.0,1.36,9.92,5.12,1.38,10.72,5.4,1.45,9.2,4.87,1.35,46.0,2014/2015
D1,2014-09-27,Freiburg,Leverkusen,0,0,D,8,16,3,8,21,24,5,3,2,4,1,1,4.2,3.75,1.8,4.5,3.95,1.83,4.7,3.96,1.9,4.3,3.71,1.81,46.0,2014/2015
D1,2014-09-27,Paderborn,M'gladbach,1,2,A,24,11,8,4,9,18,9,0,1,1,0,0,3.3,3.5,2.1,3.69,3.52,2.15,3.7,3.6,2.31,3.42,3.42,2.13,45.0,2014/2015
D1,2014-09-27,Schalke 04,Dortmund,2,1,H,11,17,6,5,15,15,3,9,1,1,0,0,3.4,3.6,2.05,3.68,3.83,2.05,3.8,3.9,2.2,3.6,3.6,2.01,46.0,2014/2015
D1,2014-09-27,Stuttgart,Hannover,1,0,H,12,12,6,4,16,16,8,1,3,2,0,0,1.95,3.5,3.6,2.08,3.67,3.74,2.2,3.75,3.86,2.05,3.49,3.57,46.0,2014/2015
D1,2014-09-27,Wolfsburg,Werder Bremen,2,1,H,18,8,8,3,11,12,8,5,0,0,0,0,1.5,4.33,6.0,1.52,4.71,6.64,1.56,4.7,6.9,1.52,4.3,6.12,45.0,2014/2015
D1,2014-09-28,Augsburg,Hertha,1,0,H,8,10,3,3,18,20,3,9,2,4,0,0,2.05,3.5,3.4,2.04,3.57,3.99,2.1,3.6,4.05,2.03,3.43,3.69,46.0,2014/2015
D1,2014-09-28,Hamburg,Ein Frankfurt,1,2,A,14,7,6,4,21,18,8,3,2,2,0,0,2.05,3.5,3.4,2.24,3.67,3.32,2.28,3.62,3.6,2.17,3.47,3.27,46.0,2014/2015
D1,2014-10-03,Hertha,Stuttgart,3,2,H,12,9,9,2,18,15,3,7,2,2,0,0,2.25,3.4,3.1,2.29,3.42,3.43,2.4,3.5,3.6,2.25,3.33,3.26,44.0,2014/2015
D1,2014-10-04,Bayern Munich,Hannover,4,0,H,23,6,9,3,4,11,11,1,0,0,0,0,1.13,8.5,17.0,1.15,10.0,21.3,1.17,10.06,25.0,1.14,8.02,19.7,43.0,2014/2015
D1,2014-10-04,Dortmund,Hamburg,0,1,A,17,10,3,5,10,19,8,4,2,4,0,0,1.33,5.25,8.0,1.37,5.58,9.12,1.38,5.6,9.16,1.35,5.05,8.44,44.0,2014/2015
D1,2014-10-04,Ein Frankfurt,FC Koln,3,2,H,19,12,8,7,10,15,6,2,1,1,0,0,2.3,3.2,3.2,2.42,3.34,3.25,2.45,3.4,3.25,2.33,3.3,3.07,44.0,2014/2015
D1,2014-10-04,Hoffenheim,Schalke 04,2,1,H,20,13,8,3,18,16,5,3,3,4,0,1,2.3,3.6,2.88,2.32,3.74,3.11,2.4,3.74,3.15,2.3,3.49,2.98,44.0,2014/2015
D1,2014-10-04,Leverkusen,Paderborn,2,2,D,21,8,10,5,25,18,9,2,3,3,0,1,1.33,5.25,8.0,1.35,5.65,9.93,1.4,5.65,9.93,1.34,5.14,8.72,44.0,2014/2015
D1,2014-10-04,Werder Bremen,Freiburg,1,1,D,18,7,7,3,13,14,10,5,0,1,0,0,2.38,3.4,2.88,2.39,3.58,3.1,2.44,3.6,3.2,2.34,3.41,2.97,44.0,2014/2015
D1,2014-10-05,M'gladbach,Mainz,1,1,D,18,8,10,2,12,12,2,3,0,3,0,0,1.85,3.6,4.0,1.85,3.77,4.64,1.91,3.85,4.54,1.86,3.59,4.16,42.0,2014/2015
D1,2014-10-05,Wolfsburg,Augsburg,1,0,H,15,7,4,1,15,13,4,1,0,2,0,0,1.7,3.8,4.75,1.79,3.85,4.93,1.81,3.9,5.2,1.74,3.73,4.7,43.0,2014/2015
D1,2014-10-18,FC Koln,Dortmund,2,1,H,5,16,2,3,11,14,3,6,1,3,0,0,5.0,4.0,1.62,6.11,4.24,1.61,6.05,4.25,1.67,5.5,3.92,1.62,45.0,2014/2015
D1,2014-10-18,Stuttgart,Leverkusen,3,3,D,13,17,6,6,14,19,6,7,3,2,0,0,3.4,3.5,2.05,3.67,3.68,2.1,3.75,3.7,2.2,3.51,3.5,2.06,45.0,2014/2015
D1,2014-10-18,Hannover,M'gladbach,0,3,A,11,10,4,4,15,16,7,2,1,1,0,0,3.1,3.4,2.25,3.26,3.53,2.32,3.35,3.6,2.5,3.1,3.37,2.3,44.0,2014/2015
D1,2014-10-18,Bayern Munich,Werder Bremen,6,0,H,19,0,6,0,10,12,10,0,0,1,0,0,1.1,11.0,17.0,1.12,11.7,25.0,1.13,13.0,32.0,1.1,10.24,22.93,45.0,2014/2015
D1,2014-10-18,Schalke 04,Hertha,2,0,H,7,15,3,4,21,21,0,5,1,1,0,0,1.67,3.8,5.0,1.74,3.98,5.18,1.8,4.01,5.2,1.73,3.72,4.81,45.0,2014/2015
D1,2014-10-18,Freiburg,Wolfsburg,1,2,A,14,15,7,8,11,18,6,2,1,1,0,0,3.5,3.5,2.0,3.8,3.59,2.06,3.9,3.7,2.2,3.62,3.48,2.03,45.0,2014/2015
D1,2014-10-18,Mainz,Augsburg,2,1,H,8,15,6,6,15,14,4,6,3,2,0,0,2.3,3.4,3.0,2.44,3.31,3.24,2.44,3.42,3.25,2.35,3.29,3.08,45.0,2014/2015
D1,2014-10-19,Hamburg,Hoffenheim,1,1,D,17,9,6,4,16,24,5,2,1,3,0,0,2.4,3.4,2.8,2.6,3.6,2.79,2.62,3.65,2.9,2.51,3.4,2.75,45.0,2014/2015
D1,2014-10-19,Paderborn,Ein Frankfurt,3,1,H,14,11,5,3,10,13,3,4,0,1,0,0,2.5,3.4,2.7,2.6,3.54,2.75,2.66,3.55,2.84,2.56,3.36,2.72,45.0,2014/2015
D1,2014-10-24,Werder Bremen,FC Koln,0,1,A,11,10,4,4,19,12,8,1,3,0,0,0,2.55,3.4,2.63,2.7,3.46,2.78,2.9,3.5,2.75,2.69,3.34,2.63,44.0,2014/2015
D1,2014-10-25,Augsburg,Freiburg,2,0,H,15,10,4,3,17,13,2,5,3,1,0,0,1.83,3.6,4.2,1.93,3.66,4.37,1.95,3.75,4.5,1.88,3.51,4.19,44.0,2014/2015
D1,2014-10-25,Dortmund,Hannover,0,1,A,17,7,4,3,13,18,14,1,3,4,0,1,1.22,6.5,11.0,1.24,7.21,13.85,1.29,7.13,13.57,1.24,6.11,12.21,44.0,2014/2015
D1,2014-10-25,Ein Frankfurt,Stuttgart,4,5,A,21,20,13,10,17,18,3,9,5,3,1,0,2.25,3.4,3.0,2.38,3.65,3.07,2.5,3.75,3.13,2.33,3.46,2.96,44.0,2014/2015
D1,2014-10-25,Hertha,Hamburg,3,0,H,15,10,6,3,15,21,4,1,0,2,0,0,2.2,3.4,3.2,2.28,3.43,3.45,2.3,3.45,3.45,2.25,3.33,3.23,44.0,2014/2015
D1,2014-10-25,Hoffenheim,Paderborn,1,0,H,19,11,5,1,14,15,6,4,2,3,0,0,1.62,4.33,4.75,1.69,4.22,5.23,1.7,4.33,5.6,1.64,4.01,5.16,44.0,2014/2015
D1,2014-10-25,Leverkusen,Schalke 04,1,0,H,24,4,7,1,8,17,8,3,1,4,1,0,1.67,4.1,4.5,1.76,4.15,4.71,1.85,4.2,4.95,1.73,3.88,4.61,44.0,2014/2015
D1,2014-10-26,M'gladbach,Bayern Munich,0,0,D,11,20,5,5,8,11,4,10,1,3,0,0,8.0,4.75,1.36,8.82,4.98,1.42,8.81,5.1,1.5,7.94,4.55,1.41,43.0,2014/2015
D1,2014-10-26,Wolfsburg,Mainz,3,0,H,24,16,12,4,16,15,10,3,1,3,0,0,1.67,3.8,5.0,1.66,4.21,5.58,1.75,4.21,5.58,1.66,3.86,5.17,44.0,2014/2015
D1,2014-10-31,Schalke 04,Augsburg,1,0,H,13,20,7,5,10,16,4,2,2,2,0,0,1.91,3.6,3.8,1.98,3.69,4.09,2.04,3.8,4.2,1.94,3.56,3.91,45.0,2014/2015
D1,2014-11-01,Bayern Munich,Dortmund,2,1,H,25,10,14,4,13,5,9,2,1,2,0,0,1.44,4.5,6.5,1.5,4.78,7.05,1.55,4.9,7.0,1.48,4.5,6.4,45.0,2014/2015
D1,2014-11-01,Stuttgart,Wolfsburg,0,4,A,13,15,4,6,13,11,4,6,1,0,0,0,3.3,3.5,2.1,3.35,3.71,2.21,3.35,3.75,2.4,3.18,3.49,2.2,45.0,2014/2015
D1,2014-11-01,Hamburg,Leverkusen,1,0,H,5,11,1,2,29,25,1,3,6,3,0,0,3.4,3.5,2.05,3.82,3.73,2.04,3.85,3.8,2.15,3.6,3.55,2.02,45.0,2014/2015
D1,2014-11-01,Mainz,Werder Bremen,1,2,A,21,9,3,7,17,15,8,1,4,3,0,0,1.73,4.0,4.33,1.82,3.95,4.59,1.87,4.0,5.0,1.79,3.75,4.41,45.0,2014/2015
D1,2014-11-01,Hannover,Ein Frankfurt,1,0,H,14,6,3,4,13,20,10,4,2,2,0,0,2.25,3.4,3.1,2.31,3.63,3.21,2.38,3.75,3.3,2.3,3.49,3.01,45.0,2014/2015
D1,2014-11-02,M'gladbach,Hoffenheim,3,1,H,13,15,7,3,15,12,6,3,1,1,0,0,1.95,3.5,3.75,2.01,3.71,3.95,2.05,3.75,4.0,1.98,3.53,3.72,44.0,2014/2015
D1,2014-11-02,Paderborn,Hertha,3,1,H,18,10,6,4,14,27,6,1,0,2,0,0,2.5,3.5,2.63,2.62,3.49,2.84,2.7,3.5,2.9,2.61,3.35,2.69,45.0,2014/2015
D1,2014-11-02,FC Koln,Freiburg,0,1,A,10,8,3,3,5,12,5,2,1,3,0,0,1.91,3.6,3.8,1.94,3.6,4.39,1.95,3.7,4.6,1.89,3.47,4.15,45.0,2014/2015
D1,2014-11-07,Hertha,Hannover,0,2,A,7,12,1,5,24,22,4,7,3,2,0,0,2.05,3.4,3.5,2.11,3.57,3.75,2.16,3.58,3.8,2.07,3.41,3.64,43.0,2014/2015
D1,2014-11-08,Augsburg,Paderborn,3,0,H,11,16,4,3,16,13,3,6,2,3,0,0,1.73,3.8,4.5,1.79,3.81,5.04,1.85,3.82,5.0,1.78,3.63,4.66,43.0,2014/2015
D1,2014-11-08,Ein Frankfurt,Bayern Munich,0,4,A,6,19,2,9,21,15,4,8,2,1,0,0,13.0,7.0,1.18,14.15,7.05,1.24,15.5,7.6,1.26,13.06,6.77,1.21,43.0,2014/2015
D1,2014-11-08,Freiburg,Schalke 04,2,0,H,19,11,9,4,13,13,3,1,1,3,0,0,2.63,3.5,2.5,2.84,3.43,2.66,2.9,3.5,2.68,2.78,3.34,2.54,43.0,2014/2015
D1,2014-11-08,Hoffenheim,FC Koln,3,4,A,22,11,6,7,15,12,7,4,1,2,0,0,1.8,3.8,4.0,1.85,3.74,4.67,1.9,3.85,4.75,1.82,3.64,4.38,43.0,2014/2015
D1,2014-11-08,Leverkusen,Mainz,0,0,D,24,6,6,1,17,20,13,0,1,3,0,0,1.5,4.33,6.0,1.5,4.75,6.92,1.55,4.76,7.04,1.5,4.39,6.39,43.0,2014/2015
D1,2014-11-08,Werder Bremen,Stuttgart,2,0,H,12,8,4,1,13,13,4,4,1,1,0,0,2.63,3.3,2.63,2.63,3.73,2.68,2.7,3.78,2.8,2.6,3.45,2.64,42.0,2014/2015
D1,2014-11-09,Dortmund,M'gladbach,1,0,H,22,1,6,0,7,11,7,0,3,2,0,0,1.57,4.33,5.0,1.61,4.44,5.75,1.7,4.45,5.8,1.6,4.19,5.3,42.0,2014/2015
D1,2014-11-09,Wolfsburg,Hamburg,2,0,H,13,10,5,2,12,14,2,1,2,3,0,0,1.57,4.2,5.25,1.63,4.33,5.71,1.7,4.33,6.0,1.61,4.03,5.42,43.0,2014/2015
D1,2014-11-22,Bayern Munich,Hoffenheim,4,0,H,17,11,9,5,16,17,9,5,2,2,0,1,1.14,8.0,15.0,1.17,9.04,17.4,1.19,9.1,19.0,1.15,8.14,15.62,46.0,2014/2015
D1,2014-11-22,FC Koln,Hertha,1,2,A,12,10,2,6,11,14,3,5,0,3,0,0,2.1,3.3,3.5,2.22,3.37,3.65,2.25,3.5,3.75,2.16,3.29,3.48,46.0,2014/2015
D1,2014-11-22,Hannover,Leverkusen,1,3,A,10,20,5,4,16,16,2,3,3,1,0,0,3.8,3.6,1.91,4.17,3.73,1.95,4.17,3.73,2.1,3.86,3.52,1.96,46.0,2014/2015
D1,2014-11-22,Mainz,Freiburg,2,2,D,11,10,2,3,15,13,9,3,0,1,0,0,2.15,3.3,3.4,2.17,3.49,3.66,2.2,3.6,3.66,2.12,3.36,3.49,46.0,2014/2015
D1,2014-11-22,M'gladbach,Ein Frankfurt,1,3,A,9,25,3,13,10,16,8,11,1,3,1,0,1.36,5.0,7.5,1.4,5.34,8.39,1.52,5.34,8.39,1.41,4.81,7.34,45.0,2014/2015
D1,2014-11-22,Paderborn,Dortmund,2,2,D,8,13,4,5,15,11,1,6,3,1,0,0,7.0,4.75,1.4,7.65,5.07,1.44,8.0,5.08,1.48,7.03,4.74,1.43,46.0,2014/2015
D1,2014-11-22,Schalke 04,Wolfsburg,3,2,H,9,17,6,2,10,16,2,7,1,1,0,0,3.0,3.4,2.3,3.21,3.61,2.27,3.21,3.6,2.5,3.03,3.43,2.31,46.0,2014/2015
D1,2014-11-23,Hamburg,Werder Bremen,2,0,H,14,12,5,7,24,20,6,5,4,3,0,1,1.91,3.6,3.75,1.9,3.81,4.32,2.1,3.85,4.33,1.91,3.56,3.98,46.0,2014/2015
D1,2014-11-23,Stuttgart,Augsburg,0,1,A,9,17,1,6,14,23,6,3,2,3,1,0,2.38,3.5,2.8,2.53,3.49,2.96,2.6,3.55,3.0,2.46,3.35,2.86,46.0,2014/2015
D1,2014-11-28,Freiburg,Stuttgart,1,4,A,16,18,6,9,12,13,9,7,2,1,1,0,2.25,3.4,3.1,2.43,3.55,3.06,2.43,3.55,3.3,2.34,3.4,3.04,45.0,2014/2015
D1,2014-11-29,Augsburg,Hamburg,3,1,H,13,9,8,3,13,23,4,4,1,4,0,0,2.0,3.5,3.75,2.03,3.54,4.08,2.06,3.8,4.1,1.99,3.43,3.83,45.0,2014/2015
D1,2014-11-29,Hertha,Bayern Munich,0,1,A,4,15,1,5,17,8,2,3,1,0,0,0,15.0,7.5,1.18,18.1,8.0,1.19,19.0,8.0,1.22,15.59,7.09,1.18,45.0,2014/2015
D1,2014-11-29,Hoffenheim,Hannover,4,3,H,16,13,7,5,14,28,5,3,1,4,0,0,1.7,4.0,4.75,1.75,4.09,4.93,1.85,4.2,5.21,1.72,3.86,4.7,44.0,2014/2015
D1,2014-11-29,Leverkusen,FC Koln,5,1,H,25,5,10,1,15,9,7,3,1,2,0,0,1.5,4.33,6.5,1.53,4.45,7.08,1.6,4.55,7.5,1.5,4.26,6.49,45.0,2014/2015
D1,2014-11-29,Schalke 04,Mainz,4,1,H,14,22,9,10,16,12,2,5,2,1,0,0,1.95,3.7,3.75,1.95,3.7,4.21,1.99,3.8,4.33,1.93,3.56,3.93,45.0,2014/2015
D1,2014-11-29,Werder Bremen,Paderborn,4,0,H,24,15,13,4,18,18,9,6,2,1,0,0,2.2,3.5,3.25,2.28,3.6,3.29,2.3,3.65,3.5,2.2,3.44,3.24,45.0,2014/2015
D1,2014-11-30,Ein Frankfurt,Dortmund,2,0,H,11,17,3,6,15,22,1,8,2,2,0,0,5.0,4.33,1.62,5.42,4.45,1.64,5.7,4.45,1.67,5.11,4.24,1.61,45.0,2014/2015
D1,2014-11-30,Wolfsburg,M'gladbach,1,0,H,23,10,12,2,13,12,9,5,0,2,0,0,1.91,3.75,3.8,1.93,3.82,4.18,2.0,3.9,4.25,1.91,3.62,3.93,44.0,2014/2015
D1,2014-12-05,Dortmund,Hoffenheim,1,0,H,19,6,6,1,20,12,8,3,1,4,0,0,1.5,4.6,6.0,1.52,4.87,6.4,1.6,5.1,7.0,1.51,4.56,5.99,45.0,2014/2015
D1,2014-12-06,Hannover,Wolfsburg,1,3,A,16,15,6,7,14,18,11,9,2,1,0,0,3.8,3.6,1.95,4.12,3.86,1.93,4.2,3.9,2.0,3.91,3.61,1.92,45.0,2014/2015
D1,2014-12-06,FC Koln,Augsburg,1,2,A,12,14,4,4,10,13,5,9,0,1,0,0,2.88,3.2,2.55,2.97,3.25,2.66,2.98,3.3,2.72,2.82,3.19,2.6,45.0,2014/2015
D1,2014-12-06,Bayern Munich,Leverkusen,1,0,H,9,3,3,1,11,26,8,3,0,3,0,0,1.25,6.0,12.0,1.28,6.78,10.93,1.29,6.72,13.0,1.26,6.04,11.01,45.0,2014/2015
D1,2014-12-06,Stuttgart,Schalke 04,0,4,A,13,13,3,6,14,13,4,6,0,0,0,0,2.25,3.4,3.25,2.24,3.65,3.34,2.3,3.66,3.4,2.21,3.45,3.2,45.0,2014/2015
D1,2014-12-06,Paderborn,Freiburg,1,1,D,24,4,8,2,15,26,6,1,2,4,0,0,2.38,3.3,3.1,2.44,3.55,3.04,2.45,3.6,3.13,2.38,3.37,2.96,45.0,2014/2015
D1,2014-12-06,M'gladbach,Hertha,3,2,H,13,11,10,3,17,17,4,3,2,3,0,0,1.67,3.8,5.25,1.73,3.91,5.37,1.73,3.95,5.9,1.67,3.75,5.3,43.0,2014/2015
D1,2014-12-07,Ein Frankfurt,Werder Bremen,5,2,H,22,10,13,4,17,12,9,2,2,2,0,0,2.05,3.6,3.5,2.01,3.85,3.8,2.05,3.9,3.85,1.99,3.58,3.64,45.0,2014/2015
D1,2014-12-07,Hamburg,Mainz,2,1,H,18,15,8,4,19,18,6,6,1,0,0,0,2.1,3.4,3.6,2.12,3.58,3.72,2.18,3.6,3.85,2.09,3.43,3.53,45.0,2014/2015
D1,2014-12-12,Hoffenheim,Ein Frankfurt,3,2,H,20,19,8,7,16,19,4,6,3,2,0,0,1.85,3.9,4.0,1.86,4.05,4.23,1.91,4.2,4.29,1.84,3.87,4.0,45.0,2014/2015
D1,2014-12-13,Hertha,Dortmund,1,0,H,5,18,3,5,9,9,2,9,2,1,0,0,5.5,4.0,1.62,5.88,4.08,1.65,6.07,4.2,1.67,5.64,3.94,1.61,44.0,2014/2015
D1,2014-12-13,Augsburg,Bayern Munich,0,4,A,6,26,3,9,17,13,1,7,0,0,0,0,9.5,5.75,1.3,9.79,5.42,1.36,11.0,5.75,1.36,9.47,5.14,1.33,43.0,2014/2015
D1,2014-12-13,Freiburg,Hamburg,0,0,D,10,10,4,1,19,9,4,2,2,2,0,0,2.4,3.3,3.0,2.42,3.43,3.17,2.5,3.5,3.17,2.39,3.33,2.97,44.0,2014/2015
D1,2014-12-13,Schalke 04,FC Koln,1,2,A,15,6,3,5,13,7,2,1,1,1,0,0,1.8,3.7,4.5,1.88,3.78,4.49,1.88,3.8,4.9,1.8,3.64,4.44,44.0,2014/2015
D1,2014-12-13,Werder Bremen,Hannover,3,3,D,19,12,7,7,19,25,10,10,3,3,0,0,2.45,3.4,2.88,2.54,3.51,2.93,2.54,3.6,2.98,2.44,3.37,2.86,45.0,2014/2015
D1,2014-12-13,Mainz,Stuttgart,1,1,D,22,8,6,2,19,15,4,5,2,2,0,0,2.38,3.4,3.0,2.38,3.6,3.09,2.4,3.65,3.2,2.31,3.42,3.03,45.0,2014/2015
D1,2014-12-14,Leverkusen,M'gladbach,1,1,D,22,7,5,3,17,12,5,6,4,1,0,0,1.67,4.0,5.0,1.7,4.08,5.31,1.8,4.1,5.31,1.69,3.86,4.88,44.0,2014/2015
D1,2014-12-14,Wolfsburg,Paderborn,1,1,D,21,6,8,3,15,17,11,1,4,2,0,0,1.36,5.25,8.0,1.41,5.41,7.88,1.44,5.41,8.5,1.39,5.0,7.4,45.0,2014/2015
D1,2014-12-16,Hamburg,Stuttgart,0,1,A,8,16,2,6,9,11,6,5,1,2,0,1,2.1,3.4,3.6,2.16,3.54,3.64,2.2,3.6,3.75,2.14,3.39,3.46,44.0,2014/2015
D1,2014-12-16,Hannover,Augsburg,2,0,H,10,10,3,5,18,17,8,5,0,3,0,0,2.3,3.3,3.1,2.44,3.46,3.11,2.7,3.46,3.25,2.41,3.3,2.99,44.0,2014/2015
D1,2014-12-16,Bayern Munich,Freiburg,2,0,H,31,2,13,0,5,3,10,1,1,1,0,0,1.08,11.0,29.0,1.09,13.5,32.0,1.1,15.0,40.77,1.08,11.74,28.82,46.0,2014/2015
D1,2014-12-16,FC Koln,Mainz,0,0,D,11,13,1,1,13,14,9,3,2,4,0,0,2.25,3.4,3.2,2.36,3.41,3.3,2.4,3.41,3.4,2.32,3.3,3.16,44.0,2014/2015
D1,2014-12-17,Dortmund,Wolfsburg,2,2,D,17,10,6,4,12,10,4,5,1,0,0,0,1.85,3.75,4.2,1.93,3.98,3.98,1.98,3.98,4.2,1.89,3.69,3.95,44.0,2014/2015
D1,2014-12-17,Ein Frankfurt,Hertha,4,4,D,16,8,7,5,14,19,5,4,3,2,0,0,2.05,3.5,3.6,2.09,3.7,3.73,2.2,3.75,3.73,2.09,3.49,3.45,44.0,2014/2015
D1,2014-12-17,Hoffenheim,Leverkusen,0,1,A,9,18,7,9,16,19,1,10,1,3,0,0,3.25,3.75,2.1,3.24,3.83,2.22,3.4,3.85,2.3,3.27,3.5,2.16,44.0,2014/2015
D1,2014-12-17,M'gladbach,Werder Bremen,4,1,H,9,9,6,4,13,18,2,1,1,1,0,1,1.44,4.75,7.0,1.47,4.96,7.17,1.55,5.0,7.4,1.46,4.54,6.65,43.0,2014/2015
D1,2014-12-17,Paderborn,Schalke 04,1,2,A,21,16,4,8,9,22,5,7,0,3,0,0,2.75,3.5,2.5,2.83,3.56,2.58,2.9,3.6,2.61,2.77,3.39,2.5,44.0,2014/2015
D1,2014-12-19,Mainz,Bayern Munich,1,2,A,5,12,3,5,16,17,4,10,2,0,0,0,15.0,7.0,1.2,16.6,7.38,1.21,19.0,7.7,1.25,14.83,6.78,1.2,46.0,2014/2015
D1,2014-12-20,Schalke 04,Hamburg,0,0,D,17,15,8,6,11,15,6,4,1,2,0,0,1.8,3.6,4.5,1.81,3.84,4.85,1.87,4.0,4.8,1.8,3.65,4.44,45.0,2014/2015
D1,2014-12-20,Augsburg,M'gladbach,2,1,H,18,14,6,7,15,11,4,7,3,2,0,0,2.5,3.4,2.8,2.64,3.41,2.87,2.68,3.5,3.0,2.56,3.29,2.79,44.0,2014/2015
D1,2014-12-20,Leverkusen,Ein Frankfurt,1,1,D,16,9,3,5,18,20,4,1,3,2,0,0,1.44,4.75,7.0,1.47,5.05,7.06,1.55,5.1,7.31,1.45,4.67,6.67,45.0,2014/2015
D1,2014-12-20,Werder Bremen,Dortmund,2,1,H,12,14,3,5,12,9,2,6,0,0,0,0,6.5,4.33,1.5,5.95,4.64,1.57,6.5,4.65,1.6,5.89,4.26,1.54,45.0,2014/2015
D1,2014-12-20,Wolfsburg,FC Koln,2,1,H,14,10,3,4,5,9,4,4,0,0,0,0,1.5,4.2,7.0,1.5,4.58,7.34,1.55,4.8,7.4,1.49,4.21,6.82,45.0,2014/2015
D1,2014-12-20,Stuttgart,Paderborn,0,0,D,11,17,3,5,16,20,5,5,1,3,0,0,1.85,3.8,4.0,1.88,3.9,4.33,1.92,4.0,4.6,1.86,3.71,4.06,45.0,2014/2015
D1,2014-12-21,Freiburg,Hannover,2,2,D,11,17,6,8,12,14,6,5,3,3,0,0,2.45,3.4,2.88,2.55,3.5,2.92,2.6,3.55,3.0,2.44,3.36,2.86,45.0,2014/2015
D1,2014-12-21,Hertha,Hoffenheim,0,5,A,8,15,1,8,17,17,2,9,3,1,0,0,2.5,3.4,2.8,2.6,3.51,2.85,2.6,3.55,2.94,2.53,3.36,2.78,45.0,2014/2015
D1,2015-01-30,Wolfsburg,Bayern Munich,4,1,H,13,16,6,7,13,15,1,5,2,2,0,0,6.5,4.33,1.5,6.94,4.65,1.51,7.0,4.66,1.62,6.34,4.43,1.5,49.0,2014/2015
D1,2015-01-31,Leverkusen,Dortmund,0,0,D,7,10,3,2,20,17,4,3,1,2,0,0,2.5,3.4,2.8,2.47,3.51,3.03,2.52,3.55,3.2,2.43,3.36,2.89,49.0,2014/2015
D1,2015-01-31,Freiburg,Ein Frankfurt,4,1,H,15,12,8,6,11,14,3,5,3,3,0,0,2.63,3.5,2.63,2.69,3.66,2.67,2.8,3.69,2.75,2.62,3.42,2.63,49.0,2014/2015
D1,2015-01-31,Hamburg,FC Koln,0,2,A,10,15,3,6,17,11,3,3,3,1,0,0,2.2,3.3,3.4,2.26,3.26,3.69,2.3,3.45,3.69,2.22,3.22,3.42,49.0,2014/2015
D1,2015-01-31,Schalke 04,Hannover,1,0,H,15,13,5,1,15,15,5,7,2,3,1,0,1.95,3.5,4.0,2.08,3.71,3.67,2.1,3.8,4.15,1.99,3.55,3.72,49.0,2014/2015
D1,2015-01-31,Stuttgart,M'gladbach,0,1,A,12,10,1,2,13,13,4,8,3,2,0,0,3.0,3.4,2.38,3.0,3.51,2.49,3.1,3.51,2.5,2.89,3.37,2.42,48.0,2014/2015
D1,2015-01-31,Mainz,Paderborn,5,0,H,21,10,8,2,14,17,9,4,0,1,0,0,2.05,3.5,3.6,2.07,3.6,3.85,2.1,3.7,4.0,2.02,3.46,3.7,49.0,2014/2015
D1,2015-02-01,Augsburg,Hoffenheim,3,1,H,15,13,7,5,20,28,4,7,2,3,0,0,2.4,3.4,2.9,2.42,3.47,3.14,2.48,3.5,3.2,2.38,3.32,2.95,49.0,2014/2015
D1,2015-02-01,Werder Bremen,Hertha,2,0,H,19,3,8,0,16,26,6,3,4,3,0,0,2.38,3.4,3.0,2.39,3.53,3.14,2.45,3.55,3.2,2.36,3.35,2.98,49.0,2014/2015
D1,2015-02-03,Bayern Munich,Schalke 04,1,1,D,10,8,2,5,13,19,5,1,3,1,1,0,1.13,9.0,19.0,1.15,9.8,20.89,1.2,9.8,22.0,1.14,8.61,18.74,50.0,2014/2015
D1,2015-02-03,Ein Frankfurt,Wolfsburg,1,1,D,12,9,4,2,20,16,1,6,2,2,0,0,3.8,4.0,1.85,4.05,4.12,1.88,4.3,4.3,1.95,3.92,3.92,1.85,50.0,2014/2015
D1,2015-02-03,Hannover,Mainz,1,1,D,9,17,5,7,15,15,7,4,1,1,0,0,2.25,3.4,3.25,2.33,3.57,3.2,2.35,3.6,3.4,2.27,3.43,3.14,50.0,2014/2015
D1,2015-02-03,M'gladbach,Freiburg,1,0,H,11,15,6,5,15,14,4,4,1,2,0,0,1.53,4.33,6.0,1.57,4.41,6.38,1.59,4.7,7.0,1.54,4.24,6.03,49.0,2014/2015
D1,2015-02-04,Dortmund,Augsburg,0,1,A,15,8,6,3,12,11,4,1,0,1,0,1,1.44,4.5,7.5,1.46,4.66,8.27,1.5,4.8,8.47,1.44,4.46,7.36,50.0,2014/2015
D1,2015-02-04,Paderborn,Hamburg,0,3,A,13,12,3,4,11,18,5,5,1,2,0,0,2.5,3.3,2.88,2.57,3.49,2.9,2.63,3.5,3.05,2.49,3.33,2.84,50.0,2014/2015
D1,2015-02-04,FC Koln,Stuttgart,0,0,D,5,7,0,4,10,10,2,4,2,0,0,0,2.25,3.4,3.2,2.23,3.49,3.5,2.4,3.49,3.55,2.22,3.32,3.3,49.0,2014/2015
D1,2015-02-04,Hoffenheim,Werder Bremen,1,2,A,13,10,5,6,13,30,7,1,1,4,0,0,1.67,4.2,4.75,1.7,4.39,4.92,1.8,4.38,5.0,1.68,4.1,4.61,50.0,2014/2015
D1,2015-02-04,Hertha,Leverkusen,0,1,A,2,9,0,3,14,16,4,2,2,2,1,0,5.5,3.75,1.67,5.49,3.88,1.72,5.8,4.0,1.8,5.14,3.71,1.7,50.0,2014/2015
D1,2015-02-06,Schalke 04,M'gladbach,1,0,H,10,8,4,1,17,15,5,3,1,0,0,0,2.6,3.3,2.75,2.68,3.45,2.8,2.7,3.6,2.88,2.59,3.36,2.72,49.0,2014/2015
D1,2015-02-07,Freiburg,Dortmund,0,3,A,7,22,1,12,11,12,3,5,1,2,0,0,5.5,4.0,1.62,5.96,4.25,1.62,6.05,4.35,1.7,5.53,4.05,1.59,50.0,2014/2015
D1,2015-02-07,Hamburg,Hannover,2,1,H,6,21,3,7,21,11,3,10,1,0,0,0,2.3,3.3,3.2,2.37,3.38,3.31,2.38,3.42,3.35,2.29,3.29,3.19,50.0,2014/2015
D1,2015-02-07,FC Koln,Paderborn,0,0,D,17,9,5,3,13,15,9,4,1,2,0,0,1.95,3.5,4.0,1.95,3.58,4.37,1.97,3.65,4.45,1.91,3.46,4.13,50.0,2014/2015
D1,2015-02-07,Stuttgart,Bayern Munich,0,2,A,4,8,0,4,26,21,4,1,1,1,0,0,13.0,7.0,1.2,15.5,6.92,1.23,16.41,7.2,1.3,13.38,6.44,1.21,50.0,2014/2015
D1,2015-02-07,Wolfsburg,Hoffenheim,3,0,H,9,16,5,4,20,16,2,4,2,1,0,0,1.57,4.33,5.5,1.6,4.52,5.82,1.62,4.6,5.84,1.57,4.25,5.42,50.0,2014/2015
D1,2015-02-07,Mainz,Hertha,0,2,A,12,11,4,3,15,15,4,2,2,3,1,1,1.91,3.6,4.0,1.92,3.6,4.55,2.1,3.65,4.55,1.89,3.49,4.18,50.0,2014/2015
D1,2015-02-08,Augsburg,Ein Frankfurt,2,2,D,11,16,6,5,20,20,3,3,3,3,0,0,1.91,3.8,3.8,1.99,3.78,3.95,1.99,3.89,4.25,1.92,3.66,3.85,50.0,2014/2015
D1,2015-02-08,Werder Bremen,Leverkusen,2,1,H,7,13,4,2,14,16,4,7,1,3,0,0,4.2,3.75,1.85,4.49,3.84,1.86,4.55,4.0,1.91,4.21,3.68,1.84,50.0,2014/2015
D1,2015-02-13,Dortmund,Mainz,4,2,H,21,6,10,3,15,13,7,3,0,1,0,0,1.33,5.25,9.5,1.33,5.85,10.33,1.42,5.9,10.5,1.32,5.39,9.39,49.0,2014/2015
D1,2015-02-14,Hoffenheim,Stuttgart,2,1,H,21,7,6,3,24,21,10,2,3,3,0,0,1.95,3.7,3.8,1.97,3.75,4.06,2.05,3.8,4.1,1.94,3.62,3.81,48.0,2014/2015
D1,2015-02-14,Ein Frankfurt,Schalke 04,1,0,H,8,8,2,6,21,12,5,7,5,1,0,0,2.3,3.6,3.0,2.32,3.64,3.18,2.5,3.75,3.17,2.29,3.49,3.02,48.0,2014/2015
D1,2015-02-14,Bayern Munich,Hamburg,8,0,H,25,7,14,2,3,16,3,0,0,1,0,0,1.09,11.0,26.0,1.1,12.55,33.6,1.15,13.17,36.0,1.09,10.3,28.03,48.0,2014/2015
D1,2015-02-14,Leverkusen,Wolfsburg,4,5,A,15,13,7,9,23,12,5,1,4,1,1,0,2.3,3.5,3.0,2.42,3.59,3.05,2.5,3.65,3.15,2.34,3.42,2.99,48.0,2014/2015
D1,2015-02-14,Werder Bremen,Augsburg,3,2,H,19,16,9,4,21,15,5,10,2,2,0,0,2.6,3.4,2.7,2.63,3.49,2.83,2.7,3.5,2.92,2.57,3.35,2.72,48.0,2014/2015
D1,2015-02-14,M'gladbach,FC Koln,1,0,H,19,14,8,1,10,12,10,1,2,4,0,0,1.73,3.6,5.25,1.78,3.73,5.3,1.78,4.0,5.5,1.72,3.6,5.12,47.0,2014/2015
D1,2015-02-15,Hannover,Paderborn,1,2,A,10,11,2,5,16,12,7,1,3,1,0,0,1.85,3.6,4.33,1.83,3.82,4.7,1.9,3.85,4.75,1.82,3.61,4.37,48.0,2014/2015
D1,2015-02-15,Hertha,Freiburg,0,2,A,11,8,6,3,20,15,2,1,2,2,0,0,2.15,3.4,3.5,2.18,3.42,3.72,2.2,3.5,3.8,2.13,3.34,3.51,49.0,2014/2015
D1,2015-02-20,Stuttgart,Dortmund,2,3,A,7,13,2,9,13,12,2,5,1,2,0,0,6.0,4.0,1.57,5.95,4.2,1.63,6.4,4.21,1.7,5.78,3.99,1.6,50.0,2014/2015
D1,2015-02-21,Mainz,Ein Frankfurt,3,1,H,13,8,6,1,14,18,6,1,2,3,0,1,2.4,3.5,2.9,2.36,3.65,3.1,2.5,3.66,3.2,2.35,3.46,2.94,49.0,2014/2015
D1,2015-02-21,Paderborn,Bayern Munich,0,6,A,13,17,3,9,10,13,4,4,0,0,1,0,17.0,7.5,1.17,22.3,8.4,1.17,23.0,9.0,1.2,18.19,7.33,1.16,49.0,2014/2015
D1,2015-02-21,Augsburg,Leverkusen,2,2,D,16,18,7,12,13,16,5,4,0,3,0,0,3.1,3.4,2.3,3.34,3.5,2.3,3.4,3.55,2.4,3.21,3.35,2.25,49.0,2014/2015
D1,2015-02-21,FC Koln,Hannover,1,1,D,16,7,7,5,13,20,3,5,2,3,0,1,2.3,3.2,3.3,2.39,3.27,3.38,2.4,3.4,3.4,2.31,3.19,3.24,48.0,2014/2015
D1,2015-02-21,Freiburg,Hoffenheim,1,1,D,10,14,5,5,20,22,4,1,2,3,1,0,3.1,3.5,2.25,3.36,3.64,2.23,3.36,3.7,2.6,3.11,3.47,2.25,49.0,2014/2015
D1,2015-02-21,Schalke 04,Werder Bremen,1,1,D,24,14,5,4,13,12,7,1,1,2,0,0,2.05,3.5,3.6,2.05,3.67,3.84,2.1,3.75,3.95,2.01,3.52,3.66,49.0,2014/2015
D1,2015-02-22,Hamburg,M'gladbach,1,1,D,13,12,3,2,14,11,4,5,3,3,0,0,3.1,3.4,2.3,3.4,3.35,2.34,3.45,3.4,2.5,3.16,3.28,2.32,48.0,2014/2015
D1,2015-02-22,Wolfsburg,Hertha,2,1,H,17,3,5,2,10,14,6,3,1,2,0,0,1.33,5.25,9.0,1.34,5.59,10.78,1.4,5.7,11.0,1.33,5.14,9.59,48.0,2014/2015
D1,2015-02-27,Bayern Munich,FC Koln,4,1,H,23,9,9,4,5,11,14,5,0,1,0,0,1.1,10.0,26.0,1.13,10.2,27.5,1.13,11.0,35.0,1.11,9.7,25.77,45.0,2014/2015
D1,2015-02-28,Dortmund,Schalke 04,3,0,H,31,3,13,0,13,13,9,5,2,2,0,0,1.5,4.33,6.5,1.5,4.72,7.0,1.6,4.67,7.5,1.49,4.38,6.59,45.0,2014/2015
D1,2015-02-28,Ein Frankfurt,Hamburg,2,1,H,19,9,6,5,18,27,4,3,2,3,0,1,2.0,3.6,3.6,1.99,3.81,3.92,2.1,3.81,3.92,2.0,3.56,3.68,46.0,2014/2015
D1,2015-02-28,Hannover,Stuttgart,1,1,D,16,9,5,1,20,16,8,4,2,2,1,1,2.1,3.5,3.4,2.23,3.48,3.53,2.25,3.57,3.55,2.18,3.4,3.32,46.0,2014/2015
D1,2015-02-28,Hertha,Augsburg,1,0,H,9,11,4,3,22,17,4,5,3,4,0,0,2.8,3.4,2.5,3.06,3.29,2.57,3.06,3.5,2.6,2.88,3.25,2.51,46.0,2014/2015
D1,2015-02-28,Hoffenheim,Mainz,2,0,H,16,19,5,4,12,12,6,9,3,0,0,0,2.0,3.6,3.6,2.03,3.81,3.77,2.1,3.9,4.0,1.97,3.61,3.72,46.0,2014/2015
D1,2015-02-28,Leverkusen,Freiburg,1,0,H,11,3,4,2,15,13,3,2,1,2,0,0,1.36,4.75,9.0,1.37,5.32,9.63,1.4,5.5,9.7,1.36,4.96,8.72,46.0,2014/2015
D1,2015-03-01,M'gladbach,Paderborn,2,0,H,19,17,7,3,8,15,10,8,0,2,0,0,1.57,4.2,5.75,1.58,4.24,6.56,1.65,4.25,6.6,1.58,4.03,5.91,45.0,2014/2015
D1,2015-03-01,Werder Bremen,Wolfsburg,3,5,A,10,13,5,6,21,15,6,3,2,1,0,0,3.6,3.75,1.91,3.72,3.95,2.01,3.95,3.95,2.1,3.64,3.67,1.97,46.0,2014/2015
D1,2015-03-06,Stuttgart,Hertha,0,0,D,14,7,3,2,16,14,8,2,2,2,0,1,2.1,3.3,3.6,2.16,3.35,3.87,2.2,3.6,3.9,2.11,3.29,3.67,46.0,2014/2015
D1,2015-03-07,Hamburg,Dortmund,0,0,D,4,12,2,2,23,12,1,7,5,2,0,0,6.0,4.33,1.53,7.03,4.41,1.54,7.2,4.41,1.6,6.32,4.11,1.53,45.0,2014/2015
D1,2015-03-07,Freiburg,Werder Bremen,0,1,A,14,16,5,4,16,20,6,5,2,1,0,0,2.6,3.4,2.7,2.59,3.54,2.84,2.7,3.56,3.0,2.55,3.38,2.72,45.0,2014/2015
D1,2015-03-07,Augsburg,Wolfsburg,1,0,H,12,10,6,2,10,14,4,5,1,1,0,0,3.5,3.5,2.1,3.41,3.67,2.2,3.65,3.8,2.2,3.38,3.49,2.11,45.0,2014/2015
D1,2015-03-07,Schalke 04,Hoffenheim,3,1,H,14,18,5,7,15,19,3,4,1,1,0,0,2.25,3.4,3.2,2.35,3.52,3.22,2.4,3.6,3.3,2.27,3.4,3.11,45.0,2014/2015
D1,2015-03-07,Mainz,M'gladbach,2,2,D,23,6,7,3,6,12,7,4,1,2,0,0,2.6,3.3,2.75,2.71,3.35,2.84,2.75,3.4,3.0,2.63,3.27,2.72,45.0,2014/2015
D1,2015-03-07,Hannover,Bayern Munich,1,3,A,4,13,1,3,12,7,2,3,1,3,0,0,13.0,6.5,1.22,15.17,6.93,1.24,15.17,7.2,1.26,12.81,6.26,1.23,45.0,2014/2015
D1,2015-03-08,FC Koln,Ein Frankfurt,4,2,H,9,12,6,5,18,15,4,10,2,2,1,0,2.4,3.3,3.0,2.51,3.44,3.02,2.52,3.5,3.2,2.42,3.33,2.93,45.0,2014/2015
D1,2015-03-08,Paderborn,Leverkusen,0,3,A,9,11,2,6,15,17,9,8,1,1,0,0,5.0,3.8,1.7,5.36,4.08,1.7,5.7,4.2,1.74,4.96,3.84,1.68,46.0,2014/2015
D1,2015-03-13,Leverkusen,Stuttgart,4,0,H,11,9,5,5,25,8,3,4,3,3,0,0,1.44,4.33,7.5,1.46,4.71,8.25,1.6,4.75,8.5,1.45,4.38,7.51,47.0,2014/2015
D1,2015-03-14,Dortmund,FC Koln,0,0,D,10,7,5,2,14,8,5,2,2,0,0,0,1.33,5.0,10.0,1.36,5.37,10.08,1.4,5.38,11.0,1.34,4.97,9.56,46.0,2014/2015
D1,2015-03-14,Ein Frankfurt,Paderborn,4,0,H,11,8,6,3,13,24,9,3,2,6,0,0,1.73,3.8,4.75,1.73,4.24,4.85,1.77,4.25,5.1,1.71,3.91,4.69,45.0,2014/2015
D1,2015-03-14,Augsburg,Mainz,0,2,A,13,12,2,7,23,13,4,2,0,0,0,0,1.95,3.5,4.0,2.0,3.64,4.08,2.05,3.75,4.15,1.95,3.47,3.92,45.0,2014/2015
D1,2015-03-14,Hoffenheim,Hamburg,3,0,H,20,10,7,2,19,18,9,6,1,2,0,1,1.75,3.75,4.75,1.76,4.01,4.91,1.9,4.05,5.0,1.76,3.74,4.61,45.0,2014/2015
D1,2015-03-14,Werder Bremen,Bayern Munich,0,4,A,6,13,3,7,20,16,3,3,3,3,0,0,10.0,5.75,1.29,10.55,5.81,1.33,11.02,6.0,1.4,9.69,5.46,1.31,45.0,2014/2015
D1,2015-03-14,Hertha,Schalke 04,2,2,D,13,12,6,6,18,16,3,5,3,2,0,0,2.75,3.25,2.63,2.96,3.31,2.64,3.15,3.5,2.7,2.81,3.23,2.57,45.0,2014/2015
D1,2015-03-15,M'gladbach,Hannover,2,0,H,23,7,8,1,14,15,2,5,1,0,0,0,1.75,3.75,4.75,1.74,3.83,5.42,1.85,3.85,5.6,1.73,3.67,4.9,45.0,2014/2015
D1,2015-03-15,Wolfsburg,Freiburg,3,0,H,25,16,8,5,9,14,5,5,0,1,0,0,1.33,5.25,9.0,1.39,5.4,8.6,1.4,6.0,10.5,1.36,5.05,8.53,46.0,2014/2015
D1,2015-03-20,Hamburg,Hertha,0,1,A,13,9,4,3,21,21,4,6,2,1,1,0,2.38,3.25,3.1,2.38,3.24,3.44,2.41,3.4,3.45,2.33,3.16,3.25,48.0,2014/2015
D1,2015-03-21,FC Koln,Werder Bremen,1,1,D,14,11,2,6,14,22,8,6,2,2,0,0,2.2,3.4,3.3,2.29,3.45,3.41,2.32,3.5,3.51,2.21,3.35,3.29,48.0,2014/2015
D1,2015-03-21,Freiburg,Augsburg,2,0,H,15,17,8,6,16,12,4,6,1,0,0,0,3.0,3.4,2.38,3.12,3.38,2.48,3.2,3.4,2.5,2.96,3.27,2.43,48.0,2014/2015
D1,2015-03-21,Hannover,Dortmund,2,3,A,15,13,5,6,13,21,8,4,1,1,1,0,5.0,4.2,1.62,5.38,4.03,1.7,6.0,4.2,1.7,5.25,3.99,1.63,48.0,2014/2015
D1,2015-03-21,Paderborn,Hoffenheim,0,0,D,15,8,7,2,19,19,9,4,0,2,0,1,3.75,3.5,2.0,3.79,3.77,2.04,4.0,3.82,2.1,3.74,3.61,1.96,48.0,2014/2015
D1,2015-03-21,Schalke 04,Leverkusen,0,1,A,13,16,5,7,17,17,4,9,2,4,0,0,3.0,3.5,2.3,3.08,3.57,2.4,3.2,3.7,2.8,2.99,3.41,2.34,48.0,2014/2015
D1,2015-03-21,Stuttgart,Ein Frankfurt,3,1,H,9,11,5,5,17,11,2,9,2,2,0,0,2.5,3.4,2.8,2.49,3.64,2.91,2.54,3.7,3.4,2.42,3.47,2.83,48.0,2014/2015
D1,2015-03-22,Bayern Munich,M'gladbach,0,2,A,16,4,8,4,15,9,4,2,0,2,0,0,1.17,7.5,17.0,1.19,7.85,18.0,1.25,7.9,18.31,1.18,7.05,16.03,45.0,2014/2015
D1,2015-03-22,Mainz,Wolfsburg,1,1,D,22,8,1,3,11,17,8,4,0,2,0,0,3.25,3.6,2.15,3.36,3.7,2.21,3.45,3.7,2.3,3.22,3.52,2.17,46.0,2014/2015
D1,2015-04-04,Freiburg,FC Koln,1,0,H,11,19,4,6,8,16,5,7,3,2,0,0,2.6,3.2,2.8,2.71,3.21,2.95,2.75,3.3,2.98,2.62,3.13,2.83,49.0,2014/2015
D1,2015-04-04,Ein Frankfurt,Hannover,2,2,D,13,15,7,6,17,24,4,9,2,3,0,0,2.0,3.75,3.5,2.03,3.79,3.8,2.1,3.8,3.9,1.99,3.65,3.62,49.0,2014/2015
D1,2015-04-04,Werder Bremen,Mainz,0,0,D,15,15,5,3,23,16,3,2,4,2,0,0,2.5,3.4,2.8,2.43,3.6,3.02,2.5,3.6,3.06,2.41,3.42,2.88,49.0,2014/2015
D1,2015-04-04,Dortmund,Bayern Munich,0,1,A,15,7,2,2,16,19,2,1,2,3,0,0,3.3,3.5,2.15,3.54,3.57,2.18,3.62,3.65,2.25,3.39,3.44,2.13,49.0,2014/2015
D1,2015-04-04,Leverkusen,Hamburg,4,0,H,25,4,9,1,10,17,7,2,3,2,0,0,1.36,5.0,8.5,1.37,5.24,9.96,1.4,5.4,10.5,1.35,4.93,9.08,49.0,2014/2015
D1,2015-04-04,Wolfsburg,Stuttgart,3,1,H,23,13,9,5,14,16,8,7,1,2,0,0,1.44,4.75,7.0,1.46,4.99,7.44,1.5,5.0,7.52,1.45,4.62,6.75,49.0,2014/2015
D1,2015-04-04,Hoffenheim,M'gladbach,1,4,A,22,12,6,7,14,9,5,3,3,2,0,0,2.7,3.5,2.6,2.8,3.45,2.68,2.8,3.5,2.8,2.65,3.34,2.65,48.0,2014/2015
D1,2015-04-05,Augsburg,Schalke 04,0,0,D,21,18,3,3,22,23,4,4,3,3,0,0,2.4,3.3,3.0,2.49,3.43,3.07,2.51,3.5,3.1,2.43,3.3,2.94,49.0,2014/2015
D1,2015-04-05,Hertha,Paderborn,2,0,H,13,8,5,2,18,19,3,2,1,4,0,0,1.95,3.5,4.0,2.01,3.43,4.35,2.01,3.6,4.55,1.95,3.36,4.09,49.0,2014/2015
D1,2015-04-10,Hannover,Hertha,1,1,D,11,9,5,3,18,10,10,2,3,1,0,0,1.95,3.3,4.2,1.99,3.49,4.31,2.15,3.5,4.34,1.99,3.35,3.99,48.0,2014/2015
D1,2015-04-11,Mainz,Leverkusen,2,3,A,8,9,2,5,17,22,4,2,1,2,0,0,3.3,3.4,2.2,3.46,3.55,2.23,3.64,3.61,2.3,3.34,3.42,2.16,49.0,2014/2015
D1,2015-04-11,Hamburg,Wolfsburg,0,2,A,5,15,0,8,17,10,3,5,3,1,1,0,4.33,3.75,1.8,4.82,3.95,1.79,4.82,4.0,1.85,4.44,3.75,1.78,49.0,2014/2015
D1,2015-04-11,Bayern Munich,Ein Frankfurt,3,0,H,19,4,10,1,14,18,3,0,1,3,0,0,1.17,7.5,17.0,1.2,7.9,16.6,1.22,8.21,18.0,1.18,7.16,15.01,47.0,2014/2015
D1,2015-04-11,M'gladbach,Dortmund,3,1,H,12,17,7,3,10,6,6,6,1,0,0,0,2.8,3.4,2.5,3.02,3.48,2.5,3.02,3.5,2.6,2.88,3.34,2.45,48.0,2014/2015
D1,2015-04-11,Schalke 04,Freiburg,0,0,D,21,10,6,3,15,20,8,6,2,3,0,0,1.67,3.75,5.5,1.72,3.92,5.4,1.73,4.2,5.5,1.69,3.79,5.09,49.0,2014/2015
D1,2015-04-11,Paderborn,Augsburg,2,1,H,14,16,4,5,14,21,6,7,1,2,0,0,3.1,3.4,2.3,3.38,3.39,2.34,3.38,3.5,2.4,3.15,3.3,2.31,49.0,2014/2015
D1,2015-04-12,FC Koln,Hoffenheim,3,2,H,18,24,6,8,15,21,3,3,4,2,1,0,2.4,3.3,3.0,2.5,3.41,3.06,2.52,3.6,3.3,2.42,3.29,2.96,49.0,2014/2015
D1,2015-04-12,Stuttgart,Werder Bremen,3,2,H,15,12,3,3,13,14,9,3,1,3,1,0,2.15,3.5,3.3,2.19,3.65,3.46,2.2,3.68,3.6,2.12,3.5,3.35,49.0,2014/2015
D1,2015-04-17,Ein Frankfurt,M'gladbach,0,0,D,17,11,5,4,17,13,8,5,3,2,0,0,4.2,3.75,1.85,4.07,4.02,1.9,4.45,4.15,2.1,3.95,3.75,1.87,47.0,2014/2015
D1,2015-04-18,Hertha,FC Koln,0,0,D,10,7,4,2,9,14,8,11,0,1,0,0,2.5,3.1,3.1,2.57,3.12,3.22,2.7,3.2,3.34,2.51,3.05,3.03,49.0,2014/2015
D1,2015-04-18,Hoffenheim,Bayern Munich,0,2,A,8,20,1,5,16,21,1,10,3,3,0,0,5.5,4.2,1.6,5.56,4.39,1.63,5.6,4.4,1.8,5.2,4.12,1.62,49.0,2014/2015
D1,2015-04-18,Augsburg,Stuttgart,2,1,H,12,16,4,7,21,16,2,6,2,4,0,0,2.2,3.4,3.3,2.23,3.56,3.44,2.25,3.57,3.5,2.17,3.38,3.35,49.0,2014/2015
D1,2015-04-18,Dortmund,Paderborn,3,0,H,21,2,8,0,14,7,5,3,1,0,0,0,1.22,6.5,13.0,1.27,6.51,12.78,1.29,7.0,15.0,1.24,6.16,12.46,49.0,2014/2015
D1,2015-04-18,Freiburg,Mainz,2,3,A,25,12,10,5,15,9,10,5,1,1,0,0,2.8,3.3,2.6,2.93,3.36,2.62,2.94,3.4,2.66,2.81,3.26,2.55,49.0,2014/2015
D1,2015-04-18,Leverkusen,Hannover,4,0,H,25,5,10,1,14,23,11,0,1,3,0,0,1.36,5.25,8.0,1.37,5.35,9.87,1.38,5.6,10.25,1.34,5.03,9.11,49.0,2014/2015
D1,2015-04-19,Werder Bremen,Hamburg,1,0,H,11,8,5,2,12,22,3,0,1,3,0,1,2.0,3.5,3.8,2.0,3.72,3.96,2.05,3.74,3.96,1.98,3.53,3.73,49.0,2014/2015
D1,2015-04-19,Wolfsburg,Schalke 04,1,1,D,26,7,9,2,17,19,7,1,2,2,0,0,1.7,3.8,5.0,1.77,4.06,4.82,1.77,4.1,5.1,1.72,3.85,4.69,49.0,2014/2015
D1,2015-04-24,Mainz,Schalke 04,2,0,H,11,18,3,2,10,11,4,6,0,2,0,0,2.45,3.3,2.9,2.49,3.58,2.94,2.58,3.59,3.2,2.43,3.39,2.9,45.0,2014/2015
D1,2015-04-25,Bayern Munich,Hertha,1,0,H,16,8,7,3,13,7,5,2,0,1,0,0,1.17,7.5,17.0,1.16,8.4,23.8,1.17,9.1,26.0,1.15,7.46,20.38,46.0,2014/2015
D1,2015-04-25,Dortmund,Ein Frankfurt,2,0,H,12,11,4,0,22,12,2,2,3,3,0,0,1.33,5.25,9.0,1.33,5.99,10.09,1.4,6.1,11.0,1.32,5.39,9.24,45.0,2014/2015
D1,2015-04-25,FC Koln,Leverkusen,1,1,D,14,9,4,5,14,16,5,4,2,3,0,0,4.75,3.8,1.75,5.4,3.85,1.74,5.6,3.85,1.85,4.95,3.67,1.73,45.0,2014/2015
D1,2015-04-25,Hamburg,Augsburg,3,2,H,15,14,8,3,15,20,2,4,3,1,0,0,2.7,3.4,2.6,2.78,3.4,2.73,2.79,3.5,2.9,2.68,3.27,2.68,45.0,2014/2015
D1,2015-04-25,Hannover,Hoffenheim,1,2,A,12,13,5,4,24,19,2,6,5,2,0,0,2.4,3.5,2.88,2.44,3.62,2.99,2.5,3.62,3.1,2.4,3.46,2.88,45.0,2014/2015
D1,2015-04-25,Stuttgart,Freiburg,2,2,D,11,14,3,7,17,16,4,6,3,2,1,0,1.91,3.6,4.0,1.94,3.65,4.32,1.95,3.72,4.45,1.9,3.52,4.13,45.0,2014/2015
D1,2015-04-26,M'gladbach,Wolfsburg,1,0,H,19,9,5,0,9,14,4,5,2,2,0,0,2.4,3.5,2.88,2.35,3.58,3.18,2.4,3.64,3.2,2.33,3.43,3.03,45.0,2014/2015
D1,2015-04-26,Paderborn,Werder Bremen,2,2,D,20,13,8,6,22,28,14,6,1,1,1,0,2.7,3.4,2.6,2.72,3.62,2.67,2.72,3.65,2.72,2.64,3.42,2.62,46.0,2014/2015
D1,2015-05-02,Leverkusen,Bayern Munich,2,0,H,20,9,8,5,26,15,12,4,1,4,0,0,2.38,3.3,3.1,2.39,3.5,3.16,2.4,3.5,3.5,2.33,3.32,3.09,47.0,2014/2015
D1,2015-05-02,Augsburg,FC Koln,0,0,D,16,6,3,1,11,16,8,5,0,0,0,0,2.1,3.4,3.6,2.16,3.44,3.72,2.2,3.6,3.84,2.13,3.35,3.52,47.0,2014/2015
D1,2015-05-02,Hoffenheim,Dortmund,1,1,D,15,11,4,3,15,19,8,5,1,3,0,0,4.0,4.0,1.83,4.39,4.04,1.84,4.39,4.1,1.9,4.08,3.85,1.82,47.0,2014/2015
D1,2015-05-02,Werder Bremen,Ein Frankfurt,1,0,H,16,14,8,5,22,15,10,5,2,2,0,0,2.05,3.75,3.4,2.13,3.86,3.44,2.2,3.9,3.7,2.09,3.67,3.31,47.0,2014/2015
D1,2015-05-02,Schalke 04,Stuttgart,3,2,H,20,15,6,7,14,14,5,4,1,0,0,0,1.91,3.6,4.0,1.97,3.73,4.09,2.1,3.8,4.2,1.94,3.6,3.84,47.0,2014/2015
D1,2015-05-02,Wolfsburg,Hannover,2,2,D,20,15,4,9,9,16,5,5,1,1,0,0,1.4,4.75,8.0,1.42,5.13,8.13,1.45,5.5,8.5,1.4,4.81,7.63,47.0,2014/2015
D1,2015-05-02,Freiburg,Paderborn,1,2,A,15,14,5,6,10,13,8,6,1,3,0,0,1.91,3.6,4.0,1.96,3.71,4.15,2.0,3.8,4.25,1.94,3.57,3.88,47.0,2014/2015
D1,2015-05-03,Hertha,M'gladbach,1,2,A,10,18,3,7,15,10,3,3,2,3,0,0,5.0,3.6,1.75,5.05,3.65,1.83,5.19,3.76,1.9,4.79,3.52,1.78,46.0,2014/2015
D1,2015-05-03,Mainz,Hamburg,1,2,A,9,13,5,5,12,13,8,2,4,2,1,0,1.73,3.8,4.75,1.81,3.96,4.67,1.9,4.05,5.0,1.75,3.77,4.6,47.0,2014/2015
D1,2015-05-08,Hamburg,Freiburg,1,1,D,16,15,8,7,16,16,5,6,0,1,0,0,2.2,3.4,3.3,2.25,3.53,3.42,2.3,3.6,3.48,2.19,3.39,3.3,45.0,2014/2015
D1,2015-05-09,Dortmund,Hertha,2,0,H,15,2,4,0,16,11,7,3,2,3,0,0,1.29,5.5,11.0,1.32,5.74,11.37,1.35,6.0,12.0,1.29,5.35,10.64,46.0,2014/2015
D1,2015-05-09,Ein Frankfurt,Hoffenheim,3,1,H,13,8,4,5,21,25,1,1,3,3,0,0,2.8,3.6,2.4,2.82,3.74,2.51,2.87,3.83,2.6,2.74,3.59,2.42,46.0,2014/2015
D1,2015-05-09,Bayern Munich,Augsburg,0,1,A,16,12,4,4,14,16,4,5,2,1,1,0,1.53,4.33,6.0,1.52,4.49,7.18,1.55,4.48,7.35,1.5,4.17,6.66,46.0,2014/2015
D1,2015-05-09,M'gladbach,Leverkusen,3,0,H,10,19,7,2,15,15,6,10,2,3,0,0,2.5,3.4,2.8,2.57,3.47,2.91,2.6,3.5,2.92,2.5,3.33,2.82,45.0,2014/2015
D1,2015-05-09,Stuttgart,Mainz,2,0,H,18,7,7,2,16,19,7,2,2,1,0,0,2.0,3.5,3.8,2.03,3.89,3.71,2.1,3.89,3.8,2.0,3.61,3.59,46.0,2014/2015
D1,2015-05-09,Hannover,Werder Bremen,1,1,D,12,9,3,3,16,19,8,1,4,1,0,0,2.0,3.6,3.6,2.04,3.83,3.73,2.08,3.85,3.72,2.0,3.64,3.54,46.0,2014/2015
D1,2015-05-10,FC Koln,Schalke 04,2,0,H,13,5,6,1,10,16,5,6,1,2,0,0,2.75,3.3,2.6,2.9,3.23,2.75,2.9,3.34,2.76,2.76,3.2,2.63,46.0,2014/2015
D1,2015-05-10,Paderborn,Wolfsburg,1,3,A,16,10,4,5,9,18,11,3,0,3,0,0,4.75,4.2,1.67,5.49,4.23,1.66,5.5,4.5,1.7,4.95,4.02,1.65,46.0,2014/2015
D1,2015-05-16,Leverkusen,Hoffenheim,2,0,H,13,16,4,5,20,14,4,9,2,0,0,0,1.4,5.0,7.5,1.43,5.28,7.48,1.5,5.3,7.9,1.42,4.83,7.01,43.0,2014/2015
D1,2015-05-16,Augsburg,Hannover,1,2,A,8,8,2,3,20,18,3,4,1,4,2,1,2.3,3.4,3.1,2.26,3.58,3.37,2.3,3.6,3.4,2.22,3.45,3.15,44.0,2014/2015
D1,2015-05-16,Freiburg,Bayern Munich,2,1,H,9,17,3,6,16,15,2,10,1,0,0,0,7.0,4.2,1.5,7.15,4.66,1.5,7.17,4.67,1.6,6.39,4.35,1.49,43.0,2014/2015
D1,2015-05-16,Hertha,Ein Frankfurt,0,0,D,9,1,2,0,20,26,4,4,3,5,0,0,2.0,3.5,3.75,2.05,3.65,3.87,2.05,3.8,4.2,1.98,3.54,3.74,33.0,2014/2015
D1,2015-05-16,Mainz,FC Koln,2,0,H,18,12,6,4,15,14,2,5,1,3,0,0,2.1,3.4,3.6,2.14,3.6,3.61,2.2,3.6,3.9,2.11,3.43,3.47,44.0,2014/2015
D1,2015-05-16,Stuttgart,Hamburg,2,1,H,22,7,11,1,10,21,9,2,1,5,0,0,1.75,3.8,4.75,1.76,4.06,4.84,1.9,4.2,5.0,1.73,3.82,4.6,39.0,2014/2015
D1,2015-05-16,Werder Bremen,M'gladbach,0,2,A,19,14,3,4,13,7,5,4,0,1,0,0,4.33,4.0,1.75,4.6,4.09,1.79,4.8,4.1,1.9,4.26,3.87,1.78,43.0,2014/2015
D1,2015-05-16,Wolfsburg,Dortmund,2,1,H,12,17,8,3,11,11,6,5,4,2,0,0,2.63,3.5,2.6,2.68,3.66,2.66,2.7,3.68,2.9,2.58,3.51,2.61,44.0,2014/2015
D1,2015-05-16,Schalke 04,Paderborn,1,0,H,18,22,2,4,14,14,10,9,3,2,0,0,1.62,4.2,5.25,1.63,4.41,5.53,1.65,4.41,6.0,1.6,4.14,5.26,44.0,2014/2015
D1,2015-05-23,Ein Frankfurt,Leverkusen,2,1,H,8,19,3,7,20,14,3,8,2,0,0,0,4.5,4.33,1.67,4.84,4.32,1.72,4.85,4.5,1.75,4.5,4.07,1.7,43.0,2014/2015
D1,2015-05-23,Bayern Munich,Mainz,2,0,H,20,7,7,5,11,11,5,3,0,0,0,0,1.2,7.0,13.0,1.25,7.27,12.4,1.27,7.4,13.0,1.22,6.69,11.48,43.0,2014/2015
D1,2015-05-23,Dortmund,Werder Bremen,3,2,H,22,7,8,4,11,3,9,1,0,0,0,0,1.29,5.75,10.0,1.3,6.47,10.09,1.31,6.6,10.25,1.28,6.01,9.38,43.0,2014/2015
D1,2015-05-23,FC Koln,Wolfsburg,2,2,D,12,15,3,5,14,11,4,8,0,0,0,0,3.8,3.8,1.91,4.17,3.85,1.93,4.2,3.93,1.95,3.9,3.71,1.88,43.0,2014/2015
D1,2015-05-23,Hamburg,Schalke 04,2,0,H,11,11,4,4,16,18,3,6,1,2,0,0,2.4,3.6,2.8,2.41,3.83,2.89,2.41,4.0,3.2,2.33,3.59,2.85,43.0,2014/2015
D1,2015-05-23,Hannover,Freiburg,2,1,H,11,9,6,5,16,15,3,5,3,2,0,0,1.95,3.6,3.8,1.96,3.63,4.26,2.15,3.64,4.4,1.93,3.43,4.03,43.0,2014/2015
D1,2015-05-23,M'gladbach,Augsburg,1,3,A,10,15,3,4,13,17,1,6,4,2,1,0,1.55,4.5,5.5,1.56,4.59,6.14,1.6,4.6,6.5,1.54,4.34,5.72,42.0,2014/2015
D1,2015-05-23,Paderborn,Stuttgart,1,2,A,15,18,5,3,12,18,2,8,2,2,0,0,3.4,3.8,2.05,3.27,4.07,2.14,3.6,4.2,2.15,3.23,3.81,2.06,43.0,2014/2015
D1,2015-05-23,Hoffenheim,Hertha,2,1,H,16,4,5,1,14,18,1,2,2,2,0,0,1.91,3.75,3.9,1.99,3.91,3.82,2.0,3.91,3.95,1.96,3.6,3.72,43.0,2014/2015
D1,2015-08-14,Bayern Munich,Hamburg,5,0,H,23,5,9,1,10,12,7,0,2,2,0,0,1.08,11.0,29.0,1.09,12.87,35.46,1.15,13.0,40.0,1.08,10.6,29.37,43.0,2015/2016
D1,2015-08-15,Augsburg,Hertha,0,1,A,20,11,3,4,20,22,7,4,1,2,1,1,2.0,3.4,3.9,2.04,3.43,4.2,2.1,3.5,4.2,2.0,3.34,3.9,43.0,2015/2016
D1,2015-08-15,Darmstadt,Hannover,2,2,D,11,14,4,5,21,22,5,9,1,2,0,0,2.5,3.3,2.9,2.56,3.35,3.02,2.65,3.4,3.02,2.49,3.25,2.87,43.0,2015/2016
D1,2015-08-15,Dortmund,M'gladbach,4,0,H,17,5,7,1,13,14,3,5,0,1,0,0,1.73,3.75,5.0,1.73,4.0,5.21,1.8,4.0,5.21,1.71,3.78,4.83,42.0,2015/2016
D1,2015-08-15,Leverkusen,Hoffenheim,2,1,H,25,6,9,2,12,18,13,5,1,0,0,0,1.5,4.33,6.5,1.52,4.7,6.76,1.57,4.8,7.0,1.49,4.42,6.24,43.0,2015/2016
D1,2015-08-15,Mainz,Ingolstadt,0,1,A,9,14,3,5,20,15,6,2,2,3,0,0,2.05,3.4,3.75,2.03,3.54,4.08,2.1,3.6,4.08,2.0,3.41,3.8,43.0,2015/2016
D1,2015-08-15,Werder Bremen,Schalke 04,0,3,A,15,16,2,5,7,16,5,6,0,2,0,0,3.0,3.4,2.38,3.1,3.62,2.37,3.3,3.62,2.4,3.01,3.42,2.31,43.0,2015/2016
D1,2015-08-16,Stuttgart,FC Koln,1,3,A,28,9,8,5,13,8,13,3,3,2,0,0,2.05,3.3,3.8,2.06,3.54,3.96,2.15,3.6,3.96,2.03,3.38,3.7,43.0,2015/2016
D1,2015-08-16,Wolfsburg,Ein Frankfurt,2,1,H,5,13,3,6,14,19,7,3,1,1,0,0,1.44,4.75,7.0,1.48,5.0,6.95,1.5,5.0,7.0,1.46,4.62,6.54,43.0,2015/2016
D1,2015-08-21,Hertha,Werder Bremen,1,1,D,10,9,2,3,11,16,6,2,0,1,0,0,2.05,3.5,3.6,2.11,3.49,3.86,2.15,3.6,3.86,2.07,3.41,3.6,38.0,2015/2016
D1,2015-08-22,Hoffenheim,Bayern Munich,1,2,A,2,5,1,2,7,2,1,2,0,0,0,0,9.5,6.0,1.25,10.19,6.23,1.31,11.0,6.5,1.33,9.77,5.73,1.29,40.0,2015/2016
D1,2015-08-22,Schalke 04,Darmstadt,1,1,D,21,9,5,3,16,18,6,6,1,2,0,0,1.44,4.5,7.5,1.45,4.91,7.93,1.45,5.0,9.0,1.42,4.59,7.54,40.0,2015/2016
D1,2015-08-22,Ein Frankfurt,Augsburg,1,1,D,11,14,3,4,17,21,7,4,2,3,0,0,2.25,3.4,3.25,2.23,3.55,3.44,2.25,3.65,3.7,2.18,3.43,3.26,40.0,2015/2016
D1,2015-08-22,FC Koln,Wolfsburg,1,1,D,9,15,6,7,15,11,2,4,2,1,0,0,4.2,3.8,1.83,4.4,3.77,1.89,4.4,3.9,1.91,4.13,3.63,1.86,40.0,2015/2016
D1,2015-08-22,Hamburg,Stuttgart,3,2,H,14,12,5,4,18,22,0,5,3,3,0,1,2.88,3.5,2.4,2.99,3.52,2.49,3.01,3.6,2.6,2.85,3.4,2.43,40.0,2015/2016
D1,2015-08-22,Hannover,Leverkusen,0,1,A,6,11,3,4,15,21,3,8,0,0,0,0,4.2,3.75,1.83,4.65,3.88,1.83,4.65,4.0,1.9,4.35,3.68,1.8,40.0,2015/2016
D1,2015-08-23,Ingolstadt,Dortmund,0,4,A,3,18,2,8,18,16,1,4,2,3,0,0,7.0,4.5,1.45,7.27,4.61,1.5,8.0,5.0,1.5,7.08,4.38,1.46,40.0,2015/2016
D1,2015-08-23,M'gladbach,Mainz,1,2,A,15,13,6,4,12,12,3,0,2,1,0,0,1.67,4.0,5.0,1.71,4.04,5.36,1.73,4.2,5.36,1.68,3.84,4.98,39.0,2015/2016
D1,2015-08-28,Wolfsburg,Schalke 04,3,0,H,9,12,5,1,12,16,2,3,1,2,0,0,2.0,3.8,3.5,2.02,3.8,3.81,2.1,3.8,3.83,2.0,3.63,3.6,37.0,2015/2016
D1,2015-08-29,Augsburg,Ingolstadt,0,1,A,10,16,2,3,22,16,3,4,3,3,0,0,2.0,3.4,3.8,2.01,3.47,4.28,2.05,3.47,4.35,1.97,3.35,3.96,37.0,2015/2016
D1,2015-08-29,Bayern Munich,Leverkusen,3,0,H,14,10,6,4,12,14,7,5,2,3,0,0,1.33,5.25,9.0,1.35,5.57,10.19,1.35,6.0,10.5,1.31,5.28,9.39,37.0,2015/2016
D1,2015-08-29,Darmstadt,Hoffenheim,0,0,D,5,15,1,2,13,16,4,6,3,2,0,0,3.0,3.3,2.4,3.03,3.49,2.48,3.25,3.5,2.5,2.91,3.36,2.4,37.0,2015/2016
D1,2015-08-29,FC Koln,Hamburg,2,1,H,6,17,3,7,17,9,3,8,3,2,0,1,1.83,3.5,4.5,1.83,3.7,4.93,1.9,3.8,4.93,1.81,3.58,4.43,37.0,2015/2016
D1,2015-08-29,Mainz,Hannover,3,0,H,18,11,6,4,9,13,8,5,0,2,0,0,2.0,3.5,3.8,2.03,3.61,3.99,2.04,3.65,4.33,1.97,3.47,3.8,37.0,2015/2016
D1,2015-08-29,Stuttgart,Ein Frankfurt,1,4,A,15,6,4,4,19,17,6,1,3,3,1,0,1.95,3.6,3.8,1.96,3.91,3.93,2.0,3.91,4.0,1.93,3.68,3.74,37.0,2015/2016
D1,2015-08-30,Dortmund,Hertha,3,1,H,15,4,6,4,16,12,5,1,0,2,0,0,1.2,6.5,17.0,1.24,7.06,14.5,1.25,7.06,17.0,1.21,6.27,13.39,37.0,2015/2016
D1,2015-08-30,Werder Bremen,M'gladbach,2,1,H,22,9,6,5,17,18,5,6,3,1,0,1,3.2,3.4,2.25,3.36,3.6,2.25,3.36,3.7,2.3,3.19,3.46,2.2,36.0,2015/2016
D1,2015-09-11,M'gladbach,Hamburg,0,3,A,13,10,2,4,17,19,5,2,2,1,0,0,1.67,4.0,5.0,1.68,4.08,5.56,1.7,4.1,5.62,1.66,3.92,5.22,36.0,2015/2016
D1,2015-09-12,Bayern Munich,Augsburg,2,1,H,27,4,10,1,10,10,9,0,0,1,0,0,1.13,9.5,19.0,1.14,9.75,23.5,1.14,9.86,28.0,1.12,8.86,21.91,35.0,2015/2016
D1,2015-09-12,Ein Frankfurt,FC Koln,6,2,H,18,13,11,7,14,14,5,2,2,1,0,0,2.3,3.3,3.2,2.34,3.52,3.24,2.38,3.6,3.26,2.3,3.39,3.08,35.0,2015/2016
D1,2015-09-12,Hannover,Dortmund,2,4,A,5,17,3,6,15,16,2,4,3,1,0,0,7.5,4.5,1.44,7.68,4.76,1.47,7.8,5.0,1.47,7.08,4.55,1.44,35.0,2015/2016
D1,2015-09-12,Hertha,Stuttgart,2,1,H,9,11,4,3,18,21,5,7,0,3,0,0,2.5,3.4,2.8,2.54,3.52,2.92,2.55,3.55,2.95,2.46,3.41,2.79,35.0,2015/2016
D1,2015-09-12,Ingolstadt,Wolfsburg,0,0,D,5,17,1,3,10,15,2,5,2,3,0,0,4.0,3.6,1.91,4.29,3.73,1.93,4.35,3.8,1.95,4.02,3.6,1.89,34.0,2015/2016
D1,2015-09-12,Leverkusen,Darmstadt,0,1,A,16,5,4,3,13,17,10,4,3,1,0,0,1.25,6.0,13.0,1.28,6.13,13.15,1.3,6.25,13.98,1.25,5.73,12.42,35.0,2015/2016
D1,2015-09-13,Hoffenheim,Werder Bremen,1,3,A,10,16,5,6,13,22,7,3,2,4,0,0,1.95,3.75,3.75,1.97,3.88,3.92,2.0,3.9,3.92,1.93,3.7,3.74,36.0,2015/2016
D1,2015-09-13,Schalke 04,Mainz,2,1,H,24,15,7,4,18,20,5,7,1,3,0,0,1.85,3.75,4.2,1.88,3.82,4.38,1.9,3.82,4.65,1.84,3.65,4.2,36.0,2015/2016
D1,2015-09-18,Mainz,Hoffenheim,3,1,H,12,13,4,4,13,15,6,8,1,2,0,0,2.15,3.5,3.3,2.22,3.68,3.36,2.25,3.75,3.43,2.18,3.52,3.26,38.0,2015/2016
D1,2015-09-19,Hamburg,Ein Frankfurt,0,0,D,11,7,2,4,11,17,5,11,0,4,0,0,2.5,3.5,2.75,2.58,3.63,2.8,2.61,3.75,2.86,2.48,3.49,2.73,39.0,2015/2016
D1,2015-09-19,FC Koln,M'gladbach,1,0,H,11,9,5,2,10,16,2,2,0,3,0,0,2.4,3.3,3.0,2.45,3.47,3.09,2.55,3.55,3.17,2.38,3.35,2.97,38.0,2015/2016
D1,2015-09-19,Wolfsburg,Hertha,2,0,H,14,9,4,4,16,9,7,5,1,2,0,0,1.5,4.33,6.5,1.51,4.54,7.32,1.53,4.56,7.5,1.48,4.28,6.83,39.0,2015/2016
D1,2015-09-19,Werder Bremen,Ingolstadt,0,1,A,13,13,4,4,24,19,8,5,3,4,1,0,2.05,3.5,3.6,2.06,3.61,3.88,2.1,3.65,3.89,2.04,3.44,3.66,39.0,2015/2016
D1,2015-09-19,Darmstadt,Bayern Munich,0,3,A,5,18,2,6,10,8,1,5,2,1,0,0,19.0,7.0,1.17,18.7,7.5,1.2,24.0,8.0,1.2,18.31,6.92,1.17,39.0,2015/2016
D1,2015-09-20,Augsburg,Hannover,2,0,H,17,16,8,2,12,15,6,6,1,4,0,0,2.0,3.5,3.75,2.02,3.59,4.05,2.05,3.59,4.05,1.99,3.45,3.82,39.0,2015/2016
D1,2015-09-20,Dortmund,Leverkusen,3,0,H,22,8,10,3,10,17,3,1,1,3,0,0,1.73,4.0,4.5,1.77,4.1,4.74,1.8,4.2,5.0,1.74,3.84,4.6,39.0,2015/2016
D1,2015-09-20,Stuttgart,Schalke 04,0,1,A,26,10,9,6,11,18,6,5,3,3,0,0,2.63,3.5,2.6,2.67,3.68,2.67,2.72,3.68,2.67,2.62,3.5,2.57,39.0,2015/2016
D1,2015-09-22,Bayern Munich,Wolfsburg,5,1,H,17,7,12,2,11,12,5,1,1,2,0,0,1.25,6.0,12.0,1.3,6.0,12.12,1.35,6.75,13.0,1.27,5.79,11.05,38.0,2015/2016
D1,2015-09-22,Darmstadt,Werder Bremen,2,1,H,9,12,3,4,20,19,5,1,3,1,0,1,2.63,3.25,2.8,2.64,3.44,2.85,2.75,3.5,2.86,2.61,3.26,2.74,38.0,2015/2016
D1,2015-09-22,Hertha,FC Koln,2,0,H,17,13,8,7,12,14,6,1,1,1,0,0,2.38,3.25,3.1,2.4,3.31,3.31,2.45,3.4,3.31,2.36,3.23,3.12,38.0,2015/2016
D1,2015-09-22,Ingolstadt,Hamburg,0,1,A,12,8,1,3,15,16,8,5,2,1,0,0,2.3,3.3,3.25,2.31,3.34,3.45,2.35,3.4,3.45,2.28,3.25,3.25,38.0,2015/2016
D1,2015-09-23,Hannover,Stuttgart,1,3,A,8,19,3,12,15,17,3,7,3,3,0,0,2.88,3.5,2.4,2.97,3.59,2.47,3.1,3.6,2.5,2.85,3.45,2.4,39.0,2015/2016
D1,2015-09-23,Hoffenheim,Dortmund,1,1,D,10,14,5,4,15,13,5,4,2,1,0,0,7.0,4.75,1.44,7.69,5.02,1.45,7.75,5.02,1.5,6.84,4.63,1.44,39.0,2015/2016
D1,2015-09-23,Leverkusen,Mainz,1,0,H,20,3,6,2,16,13,11,3,3,0,0,0,1.53,4.33,6.0,1.56,4.47,6.36,1.6,4.47,6.5,1.56,4.15,5.89,38.0,2015/2016
D1,2015-09-23,M'gladbach,Augsburg,4,2,H,21,13,12,4,20,21,6,2,2,5,0,0,2.15,3.4,3.4,2.18,3.5,3.62,2.2,3.5,3.62,2.15,3.34,3.4,39.0,2015/2016
D1,2015-09-23,Schalke 04,Ein Frankfurt,2,0,H,13,18,7,6,9,17,5,7,2,2,0,0,1.83,3.8,4.2,1.85,4.03,4.31,1.87,4.2,4.5,1.8,3.83,4.15,39.0,2015/2016
D1,2015-09-25,FC Koln,Ingolstadt,1,1,D,15,16,4,5,14,16,8,4,2,3,0,0,2.05,3.3,3.8,2.07,3.37,4.16,2.1,3.4,4.2,2.03,3.28,3.91,40.0,2015/2016
D1,2015-09-26,Augsburg,Hoffenheim,1,3,A,26,11,9,5,8,9,7,3,1,4,0,0,2.25,3.5,3.1,2.26,3.6,3.33,2.3,3.62,3.35,2.22,3.45,3.15,39.0,2015/2016
D1,2015-09-26,Hamburg,Schalke 04,0,1,A,13,10,4,5,14,14,4,4,1,3,0,0,2.88,3.5,2.4,2.88,3.56,2.55,2.9,3.6,2.6,2.8,3.39,2.48,39.0,2015/2016
D1,2015-09-26,Mainz,Bayern Munich,0,3,A,6,17,1,9,17,11,3,4,1,1,0,0,12.0,6.0,1.25,13.31,6.32,1.27,13.5,6.36,1.29,12.03,5.82,1.25,38.0,2015/2016
D1,2015-09-26,Stuttgart,M'gladbach,1,3,A,22,9,6,5,15,15,12,3,4,1,0,0,2.1,3.5,3.4,2.08,3.8,3.62,2.2,3.8,3.67,2.08,3.58,3.39,39.0,2015/2016
D1,2015-09-26,Werder Bremen,Leverkusen,0,3,A,9,17,0,7,12,15,2,6,1,2,0,0,3.8,3.6,1.95,4.21,3.8,1.93,4.22,3.8,2.1,3.87,3.58,1.93,39.0,2015/2016
D1,2015-09-26,Wolfsburg,Hannover,1,1,D,22,8,9,3,11,9,9,0,2,2,0,0,1.4,4.75,8.0,1.44,4.95,8.02,1.47,5.0,8.5,1.41,4.62,7.56,38.0,2015/2016
D1,2015-09-27,Dortmund,Darmstadt,2,2,D,16,4,4,3,16,13,8,0,0,2,0,0,1.14,8.5,17.0,1.15,9.5,22.4,1.16,9.75,26.0,1.13,8.2,20.09,39.0,2015/2016
D1,2015-09-27,Ein Frankfurt,Hertha,1,1,D,11,14,2,6,11,14,7,3,2,1,0,0,1.95,3.5,4.0,2.01,3.75,3.91,2.05,3.81,4.0,1.96,3.55,3.77,39.0,2015/2016
D1,2015-10-02,Darmstadt,Mainz,2,3,A,14,14,4,7,12,20,2,6,1,2,0,0,3.1,3.25,2.4,3.21,3.39,2.42,3.21,3.4,2.6,3.05,3.24,2.4,42.0,2015/2016
D1,2015-10-03,Hannover,Werder Bremen,1,0,H,12,19,5,6,17,11,7,6,4,1,0,0,2.6,3.4,2.7,2.66,3.55,2.76,2.66,3.6,2.8,2.57,3.38,2.68,42.0,2015/2016
D1,2015-10-03,Hertha,Hamburg,3,0,H,13,8,6,2,13,15,4,5,1,1,0,0,2.2,3.2,3.5,2.17,3.38,3.8,2.2,3.44,3.83,2.14,3.26,3.52,41.0,2015/2016
D1,2015-10-03,Hoffenheim,Stuttgart,2,2,D,11,18,4,7,12,15,6,5,3,1,0,0,2.45,3.75,2.65,2.5,3.8,2.8,2.52,3.82,2.82,2.44,3.6,2.71,42.0,2015/2016
D1,2015-10-03,Ingolstadt,Ein Frankfurt,2,0,H,14,12,4,2,11,11,4,3,1,2,0,0,2.5,3.25,2.9,2.59,3.39,2.95,2.62,3.5,2.96,2.52,3.29,2.8,42.0,2015/2016
D1,2015-10-03,M'gladbach,Wolfsburg,2,0,H,10,10,3,3,15,14,3,1,2,3,0,0,2.6,3.4,2.7,2.77,3.55,2.65,2.84,3.57,2.75,2.68,3.35,2.61,42.0,2015/2016
D1,2015-10-04,Leverkusen,Augsburg,1,1,D,22,3,8,0,13,22,9,1,2,3,0,0,1.4,4.75,8.0,1.4,5.05,9.21,1.41,5.13,9.21,1.38,4.71,8.29,42.0,2015/2016
D1,2015-10-04,Schalke 04,FC Koln,0,3,A,17,12,7,4,15,12,3,2,2,2,0,0,1.73,3.8,4.8,1.75,4.02,4.99,1.8,4.02,5.03,1.74,3.77,4.61,42.0,2015/2016
D1,2015-10-04,Bayern Munich,Dortmund,5,1,H,14,10,9,4,14,8,4,4,3,1,0,0,1.5,4.33,6.5,1.54,4.56,6.6,1.6,4.6,6.6,1.51,4.34,6.16,42.0,2015/2016
D1,2015-10-16,Mainz,Dortmund,0,2,A,11,16,5,6,14,16,8,4,2,1,0,0,5.75,4.75,1.5,6.74,4.85,1.5,6.8,4.88,1.55,6.12,4.56,1.5,43.0,2015/2016
D1,2015-10-17,Augsburg,Darmstadt,0,2,A,20,12,3,5,13,17,2,4,2,3,0,0,1.8,3.5,4.75,1.83,3.69,4.91,1.85,3.75,4.94,1.81,3.52,4.59,43.0,2015/2016
D1,2015-10-17,Ein Frankfurt,M'gladbach,1,5,A,7,16,2,6,18,14,1,1,4,3,0,0,2.45,3.4,2.88,2.4,3.58,3.08,2.55,3.6,3.1,2.39,3.41,2.9,43.0,2015/2016
D1,2015-10-17,Hamburg,Leverkusen,0,0,D,8,10,3,3,22,20,3,5,6,2,0,0,4.75,3.5,1.8,4.49,3.84,1.86,4.9,3.9,1.85,4.53,3.6,1.8,42.0,2015/2016
D1,2015-10-17,Schalke 04,Hertha,2,1,H,19,9,9,5,18,16,7,6,3,4,0,1,1.75,3.75,4.75,1.84,3.87,4.58,1.84,3.92,4.8,1.79,3.67,4.48,43.0,2015/2016
D1,2015-10-17,Werder Bremen,Bayern Munich,0,1,A,8,13,2,4,15,12,2,3,2,2,0,0,17.0,7.0,1.18,15.0,7.38,1.22,17.0,7.5,1.22,13.69,6.73,1.2,43.0,2015/2016
D1,2015-10-17,Wolfsburg,Hoffenheim,4,2,H,16,7,9,3,14,12,5,4,4,0,0,0,1.62,4.33,5.0,1.65,4.38,5.45,1.67,4.4,5.51,1.63,4.1,5.14,43.0,2015/2016
D1,2015-10-18,FC Koln,Hannover,0,1,A,16,8,5,4,14,17,12,3,3,2,0,0,1.95,3.5,4.0,1.96,3.58,4.34,2.0,3.65,4.34,1.92,3.47,4.04,43.0,2015/2016
D1,2015-10-18,Stuttgart,Ingolstadt,1,0,H,12,11,4,6,18,9,6,5,3,1,1,0,1.8,3.75,4.33,1.79,3.96,4.76,1.83,4.0,4.9,1.77,3.74,4.49,43.0,2015/2016
D1,2015-10-23,Hoffenheim,Hamburg,0,1,A,12,20,3,5,24,23,1,5,2,4,1,0,2.1,3.6,3.4,2.13,3.67,3.59,2.13,3.68,3.8,2.07,3.52,3.5,43.0,2015/2016
D1,2015-10-24,Bayern Munich,FC Koln,4,0,H,26,4,14,2,8,4,10,0,1,1,0,0,1.1,9.0,29.0,1.12,11.5,27.0,1.15,12.0,35.0,1.1,9.62,25.09,42.0,2015/2016
D1,2015-10-24,Darmstadt,Wolfsburg,0,1,A,9,19,3,6,14,16,5,3,2,1,0,0,4.75,3.75,1.75,4.62,3.75,1.86,4.75,3.81,1.9,4.41,3.57,1.82,42.0,2015/2016
D1,2015-10-24,Hannover,Ein Frankfurt,1,2,A,10,5,4,4,13,14,3,2,1,4,0,0,2.5,3.4,2.8,2.58,3.54,2.85,2.62,3.6,2.91,2.49,3.4,2.78,42.0,2015/2016
D1,2015-10-24,Ingolstadt,Hertha,0,1,A,18,5,3,1,12,12,8,2,2,3,0,0,2.4,3.2,3.1,2.53,3.25,3.15,2.53,3.32,3.21,2.47,3.16,2.98,42.0,2015/2016
D1,2015-10-24,Leverkusen,Stuttgart,4,3,H,19,12,6,6,16,13,5,3,2,4,0,0,1.57,4.33,5.5,1.58,4.58,5.95,1.62,4.6,6.04,1.57,4.22,5.56,42.0,2015/2016
D1,2015-10-24,Mainz,Werder Bremen,1,3,A,16,14,5,8,19,17,4,4,2,1,0,0,2.05,3.5,3.6,2.08,3.75,3.66,2.08,3.85,3.75,2.03,3.57,3.53,42.0,2015/2016
D1,2015-10-25,Dortmund,Augsburg,5,1,H,19,4,9,3,8,13,6,4,0,2,0,0,1.2,7.0,13.0,1.2,8.05,16.0,1.25,8.07,17.0,1.19,7.01,13.71,42.0,2015/2016
D1,2015-10-25,M'gladbach,Schalke 04,3,1,H,16,13,10,5,17,19,3,6,2,3,0,1,2.15,3.5,3.3,2.22,3.64,3.39,2.3,3.65,3.43,2.17,3.44,3.27,42.0,2015/2016
D1,2015-10-30,Ein Frankfurt,Bayern Munich,0,0,D,8,10,2,2,13,15,5,5,4,2,0,0,15.0,8.0,1.17,19.24,8.52,1.18,19.24,8.75,1.22,16.14,7.57,1.17,46.0,2015/2016
D1,2015-10-31,Hertha,M'gladbach,1,4,A,14,11,6,7,10,13,5,4,2,1,0,0,3.0,3.3,2.4,2.94,3.38,2.6,3.0,3.5,2.6,2.85,3.3,2.48,46.0,2015/2016
D1,2015-10-31,Augsburg,Mainz,3,3,D,25,10,10,6,11,16,11,4,3,3,0,0,2.3,3.4,3.1,2.33,3.53,3.25,2.5,3.6,3.27,2.31,3.39,3.04,47.0,2015/2016
D1,2015-10-31,FC Koln,Hoffenheim,0,0,D,13,10,4,4,12,15,5,5,2,1,0,0,2.05,3.5,3.4,2.13,3.59,3.67,2.2,3.61,3.73,2.1,3.44,3.45,47.0,2015/2016
D1,2015-10-31,Werder Bremen,Dortmund,1,3,A,8,11,2,6,17,15,1,9,3,0,0,0,7.5,5.0,1.4,8.4,5.33,1.4,8.4,5.4,1.43,7.49,4.95,1.39,47.0,2015/2016
D1,2015-10-31,Wolfsburg,Leverkusen,2,1,H,13,15,5,6,17,16,5,5,0,2,0,0,2.63,3.4,2.7,2.64,3.55,2.78,2.65,3.65,2.83,2.58,3.41,2.67,47.0,2015/2016
D1,2015-10-31,Schalke 04,Ingolstadt,1,1,D,18,7,3,2,17,18,3,3,1,2,0,0,1.8,3.5,4.75,1.83,3.67,5.0,1.87,3.85,5.0,1.81,3.57,4.52,47.0,2015/2016
D1,2015-11-01,Hamburg,Hannover,1,2,A,17,5,4,2,12,15,5,3,0,0,0,0,2.0,3.3,4.0,2.01,3.47,4.26,2.05,3.6,4.35,1.97,3.36,3.98,47.0,2015/2016
D1,2015-11-01,Stuttgart,Darmstadt,2,0,H,18,17,3,5,21,18,7,5,3,2,0,0,1.67,4.0,5.0,1.68,4.11,5.45,1.75,4.2,5.56,1.65,3.93,5.11,47.0,2015/2016
D1,2015-11-06,Hannover,Hertha,1,3,A,7,12,2,4,19,9,2,2,2,3,0,0,2.63,3.3,2.7,2.78,3.29,2.81,2.81,3.4,2.84,2.7,3.18,2.71,41.0,2015/2016
D1,2015-11-07,Darmstadt,Hamburg,1,1,D,15,8,3,3,14,18,3,2,4,2,0,0,2.75,3.0,2.8,2.77,3.18,2.9,2.85,3.3,2.9,2.7,3.12,2.74,42.0,2015/2016
D1,2015-11-07,Bayern Munich,Stuttgart,4,0,H,33,5,14,2,8,15,7,3,0,0,0,0,1.1,11.0,21.0,1.12,12.4,22.4,1.13,12.46,34.0,1.11,9.96,22.2,42.0,2015/2016
D1,2015-11-07,Hoffenheim,Ein Frankfurt,0,0,D,8,17,2,9,11,13,1,3,1,3,0,0,2.1,3.6,3.4,2.2,3.71,3.38,2.2,3.77,3.5,2.14,3.5,3.3,42.0,2015/2016
D1,2015-11-07,Leverkusen,FC Koln,1,2,A,12,17,4,8,18,12,6,9,1,2,1,0,1.5,4.33,6.5,1.51,4.72,6.89,1.53,4.75,7.0,1.48,4.42,6.54,42.0,2015/2016
D1,2015-11-07,M'gladbach,Ingolstadt,0,0,D,11,14,5,2,17,17,4,3,1,6,1,0,1.62,3.8,6.0,1.68,4.03,5.6,1.69,4.1,6.0,1.64,3.83,5.36,42.0,2015/2016
D1,2015-11-07,Mainz,Wolfsburg,2,0,H,12,8,5,0,24,22,4,3,2,3,0,1,3.3,3.6,2.15,3.46,3.72,2.16,3.46,3.72,2.25,3.25,3.51,2.15,42.0,2015/2016
D1,2015-11-08,Augsburg,Werder Bremen,1,2,A,18,15,6,4,13,20,7,4,1,4,0,0,2.2,3.4,3.3,2.19,3.59,3.51,2.25,3.6,3.51,2.18,3.45,3.25,42.0,2015/2016
D1,2015-11-08,Dortmund,Schalke 04,3,2,H,14,9,7,3,10,16,5,3,3,4,0,0,1.3,6.0,8.5,1.35,5.97,9.0,1.4,6.0,10.0,1.31,5.6,8.73,42.0,2015/2016
D1,2015-11-20,Hamburg,Dortmund,3,1,H,7,21,2,7,17,9,2,7,0,1,0,0,8.5,5.0,1.36,8.55,5.27,1.4,9.0,5.5,1.42,8.01,5.06,1.37,43.0,2015/2016
D1,2015-11-21,M'gladbach,Hannover,2,1,H,21,14,9,8,10,11,12,4,1,1,0,0,1.5,4.2,7.0,1.5,4.5,7.62,1.55,4.54,7.75,1.49,4.24,6.74,42.0,2015/2016
D1,2015-11-21,FC Koln,Mainz,0,0,D,14,7,3,1,14,11,6,1,1,1,0,0,2.15,3.5,3.3,2.21,3.56,3.5,2.25,3.58,3.56,2.15,3.42,3.36,43.0,2015/2016
D1,2015-11-21,Ein Frankfurt,Leverkusen,1,3,A,9,17,1,11,15,19,3,8,2,1,0,0,3.8,3.6,1.95,3.87,3.75,2.02,3.9,3.8,2.1,3.73,3.59,1.97,43.0,2015/2016
D1,2015-11-21,Schalke 04,Bayern Munich,1,3,A,5,24,1,8,12,10,4,6,2,0,0,0,13.0,6.5,1.22,12.9,6.61,1.26,13.0,6.63,1.29,11.47,6.12,1.25,43.0,2015/2016
D1,2015-11-21,Wolfsburg,Werder Bremen,6,0,H,21,9,12,2,12,8,7,3,0,2,0,0,1.57,4.0,5.75,1.66,4.26,5.45,1.67,4.33,5.75,1.62,4.09,5.23,43.0,2015/2016
D1,2015-11-21,Stuttgart,Augsburg,0,4,A,18,13,5,6,8,16,6,4,2,1,0,0,1.95,3.8,3.6,1.96,3.95,3.89,2.01,4.0,4.0,1.93,3.74,3.74,43.0,2015/2016
D1,2015-11-22,Hertha,Hoffenheim,1,0,H,1,7,0,0,26,16,2,3,2,1,0,0,2.0,3.5,3.8,2.06,3.56,3.93,2.1,3.6,4.0,2.02,3.42,3.72,43.0,2015/2016
D1,2015-11-22,Ingolstadt,Darmstadt,3,1,H,16,8,6,2,19,25,5,5,2,3,0,0,2.05,3.25,4.0,2.08,3.33,4.2,2.2,3.4,4.2,2.05,3.22,3.87,43.0,2015/2016
D1,2015-11-27,Darmstadt,FC Koln,0,0,D,9,12,1,2,16,12,4,7,2,1,0,0,2.9,3.1,2.6,3.07,3.24,2.59,3.07,3.25,2.63,2.94,3.13,2.55,48.0,2015/2016
D1,2015-11-28,Mainz,Ein Frankfurt,2,1,H,14,15,8,5,23,17,3,7,4,2,0,1,2.2,3.5,3.2,2.26,3.61,3.33,2.26,3.65,3.37,2.21,3.46,3.17,49.0,2015/2016
D1,2015-11-28,Werder Bremen,Hamburg,1,3,A,14,13,3,6,21,18,6,3,2,1,0,0,2.25,3.4,3.2,2.33,3.48,3.29,2.4,3.5,3.29,2.3,3.36,3.1,49.0,2015/2016
D1,2015-11-28,Bayern Munich,Hertha,2,0,H,24,4,9,1,14,13,9,1,0,3,0,0,1.08,11.0,26.0,1.1,13.0,31.0,1.1,13.33,41.0,1.08,10.51,30.64,49.0,2015/2016
D1,2015-11-28,Hannover,Ingolstadt,4,0,H,8,11,4,5,21,14,3,4,3,3,0,0,2.6,3.2,2.8,2.75,3.22,2.89,2.75,3.3,2.96,2.66,3.11,2.79,47.0,2015/2016
D1,2015-11-28,Hoffenheim,M'gladbach,3,3,D,18,16,6,8,10,14,8,6,2,1,0,0,3.1,3.5,2.25,3.17,3.54,2.37,3.2,3.56,2.37,3.06,3.42,2.29,49.0,2015/2016
D1,2015-11-29,Leverkusen,Schalke 04,1,1,D,18,8,6,3,9,11,9,5,1,2,0,0,1.62,4.2,5.25,1.66,4.19,5.55,1.7,4.2,5.55,1.64,3.97,5.15,49.0,2015/2016
D1,2015-11-29,Augsburg,Wolfsburg,0,0,D,13,17,4,3,20,11,4,7,3,2,0,1,3.3,3.4,2.2,3.37,3.59,2.25,3.37,3.6,2.3,3.24,3.42,2.2,49.0,2015/2016
D1,2015-11-29,Dortmund,Stuttgart,4,1,H,14,8,9,3,10,13,5,4,1,0,0,0,1.2,7.5,12.0,1.23,7.68,12.78,1.25,7.68,13.0,1.22,6.91,11.51,50.0,2015/2016
D1,2015-12-04,Schalke 04,Hannover,3,1,H,26,7,8,1,8,13,6,4,1,1,0,0,1.6,4.0,5.75,1.61,4.32,5.92,1.65,4.33,6.0,1.59,4.1,5.61,46.0,2015/2016
D1,2015-12-05,FC Koln,Augsburg,0,1,A,22,22,8,8,17,18,7,6,2,4,0,0,2.2,3.3,3.4,2.26,3.4,3.53,2.4,3.45,3.53,2.22,3.3,3.31,46.0,2015/2016
D1,2015-12-05,Hamburg,Mainz,1,3,A,20,11,7,6,19,18,2,3,2,1,0,0,2.25,3.4,3.2,2.38,3.48,3.2,2.4,3.6,3.3,2.31,3.35,3.09,46.0,2015/2016
D1,2015-12-05,Hertha,Leverkusen,2,1,H,10,8,4,2,18,15,8,2,1,3,0,1,3.75,3.4,2.05,3.91,3.53,2.08,3.91,3.6,2.2,3.66,3.39,2.05,46.0,2015/2016
D1,2015-12-05,Ingolstadt,Hoffenheim,1,1,D,9,7,2,2,11,18,2,1,2,1,0,0,2.25,3.3,3.3,2.39,3.32,3.33,2.45,3.4,3.33,2.34,3.24,3.13,46.0,2015/2016
D1,2015-12-05,M'gladbach,Bayern Munich,3,1,H,13,22,6,6,13,12,3,9,1,2,0,0,9.0,5.25,1.33,9.55,5.59,1.36,10.0,5.75,1.4,8.71,5.19,1.34,46.0,2015/2016
D1,2015-12-05,Wolfsburg,Dortmund,1,2,A,22,14,8,6,14,14,9,5,3,2,0,0,4.0,4.33,1.75,4.24,4.22,1.83,4.25,4.33,1.85,4.05,4.01,1.79,46.0,2015/2016
D1,2015-12-06,Ein Frankfurt,Darmstadt,0,1,A,15,19,3,4,19,9,10,7,4,3,0,0,1.91,3.4,4.33,1.95,3.51,4.48,2.0,3.57,4.5,1.91,3.41,4.2,46.0,2015/2016
D1,2015-12-06,Stuttgart,Werder Bremen,1,1,D,12,7,4,2,18,16,4,5,2,2,0,0,1.95,3.75,3.75,1.97,3.87,3.93,2.1,3.9,4.0,1.94,3.67,3.72,46.0,2015/2016
D1,2015-12-11,Mainz,Stuttgart,0,0,D,6,11,4,2,11,12,5,2,1,1,0,0,2.05,3.6,3.5,2.08,3.77,3.65,2.1,3.8,3.66,2.06,3.58,3.45,48.0,2015/2016
D1,2015-12-12,Bayern Munich,Ingolstadt,2,0,H,14,9,8,4,14,22,4,4,2,1,0,0,1.07,13.0,29.0,1.09,13.0,37.0,1.1,13.13,60.0,1.08,10.86,35.2,48.0,2015/2016
D1,2015-12-12,Darmstadt,Hertha,0,4,A,10,9,3,5,18,12,4,3,4,1,0,0,3.1,3.1,2.5,3.17,3.18,2.56,3.2,3.3,2.61,3.03,3.07,2.5,48.0,2015/2016
D1,2015-12-12,Hoffenheim,Hannover,1,0,H,14,19,5,2,18,19,3,10,1,3,0,0,1.8,3.5,4.5,1.88,3.73,4.5,2.0,3.8,4.5,1.86,3.57,4.21,46.0,2015/2016
D1,2015-12-12,Leverkusen,M'gladbach,5,0,H,14,6,6,2,13,19,4,2,0,2,0,0,1.95,3.75,3.75,1.99,3.92,3.81,2.1,3.98,3.85,1.96,3.69,3.65,48.0,2015/2016
D1,2015-12-12,Werder Bremen,FC Koln,1,1,D,10,12,6,3,17,9,6,4,3,2,0,0,2.5,3.3,2.88,2.51,3.47,3.01,2.55,3.5,3.05,2.47,3.32,2.86,48.0,2015/2016
D1,2015-12-12,Wolfsburg,Hamburg,1,1,D,19,5,9,4,11,21,10,4,1,4,0,0,1.57,4.2,5.75,1.58,4.44,6.2,1.6,4.44,6.25,1.56,4.14,5.84,48.0,2015/2016
D1,2015-12-13,Augsburg,Schalke 04,2,1,H,22,15,6,5,17,12,6,5,2,1,0,0,2.63,3.5,2.63,2.74,3.51,2.7,2.8,3.6,2.75,2.64,3.38,2.62,48.0,2015/2016
D1,2015-12-13,Dortmund,Ein Frankfurt,4,1,H,24,3,11,2,4,3,14,1,0,0,0,1,1.17,8.0,15.0,1.18,9.0,16.0,1.2,9.0,19.0,1.17,7.78,14.75,48.0,2015/2016
D1,2015-12-18,Schalke 04,Hoffenheim,1,0,H,16,18,3,1,14,11,3,1,1,2,0,0,1.67,4.0,5.0,1.69,4.19,5.22,1.8,4.22,5.25,1.68,3.93,4.98,48.0,2015/2016
D1,2015-12-19,Ein Frankfurt,Werder Bremen,2,1,H,16,11,6,4,14,20,6,3,3,5,0,0,2.25,3.4,3.2,2.22,3.63,3.4,2.3,3.63,3.47,2.21,3.46,3.19,48.0,2015/2016
D1,2015-12-19,FC Koln,Dortmund,2,1,H,14,14,6,3,10,15,6,6,3,1,0,0,7.0,4.75,1.44,6.82,4.72,1.51,7.5,4.82,1.51,6.59,4.53,1.47,48.0,2015/2016
D1,2015-12-19,Hamburg,Augsburg,0,1,A,14,17,2,7,13,14,4,6,0,2,0,0,2.4,3.3,3.0,2.38,3.38,3.29,2.44,3.44,3.29,2.36,3.29,3.05,48.0,2015/2016
D1,2015-12-19,Hannover,Bayern Munich,0,1,A,6,20,1,11,10,10,5,5,0,0,0,0,15.0,6.5,1.2,17.1,7.29,1.21,17.3,7.3,1.25,14.15,6.48,1.21,47.0,2015/2016
D1,2015-12-19,Ingolstadt,Leverkusen,0,1,A,11,9,3,2,12,18,6,3,2,3,0,0,4.75,3.5,1.8,4.87,3.68,1.84,4.88,3.75,1.9,4.53,3.58,1.8,47.0,2015/2016
D1,2015-12-19,Stuttgart,Wolfsburg,3,1,H,9,17,6,7,7,10,1,3,1,1,1,0,3.5,3.6,2.0,3.53,3.71,2.14,3.55,3.75,2.2,3.36,3.55,2.11,47.0,2015/2016
D1,2015-12-20,Hertha,Mainz,2,0,H,7,5,5,0,14,12,6,2,0,0,0,0,2.15,3.4,3.4,2.17,3.44,3.72,2.2,3.5,3.77,2.13,3.34,3.47,46.0,2015/2016
D1,2015-12-20,M'gladbach,Darmstadt,3,2,H,13,15,5,6,12,20,1,5,1,4,1,0,1.5,4.33,6.5,1.54,4.46,6.82,1.54,4.5,7.25,1.5,4.22,6.54,47.0,2015/2016
D1,2016-01-22,Hamburg,Bayern Munich,1,2,A,7,20,1,5,21,11,2,7,4,2,0,0,13.0,6.5,1.22,16.2,7.3,1.22,16.2,7.5,1.3,13.5,6.55,1.21,44.0,2015/2016
D1,2016-01-23,FC Koln,Stuttgart,1,3,A,15,16,4,8,9,13,8,5,0,1,0,0,2.15,3.5,3.3,2.23,3.53,3.47,2.3,3.53,3.47,2.19,3.4,3.29,44.0,2015/2016
D1,2016-01-23,Hannover,Darmstadt,1,2,A,13,13,5,5,13,21,6,4,2,5,0,0,2.3,3.3,3.2,2.26,3.37,3.56,2.31,3.4,3.56,2.24,3.26,3.31,44.0,2015/2016
D1,2016-01-23,Hertha,Augsburg,0,0,D,12,11,2,5,15,19,6,2,2,3,0,0,2.2,3.3,3.4,2.23,3.36,3.64,2.3,3.4,3.64,2.21,3.26,3.39,44.0,2015/2016
D1,2016-01-23,Hoffenheim,Leverkusen,1,1,D,5,17,3,8,16,15,2,9,2,2,0,0,4.33,3.8,1.8,4.77,4.03,1.78,4.77,4.1,1.9,4.36,3.85,1.77,44.0,2015/2016
D1,2016-01-23,Ingolstadt,Mainz,1,0,H,9,7,4,4,21,16,3,1,2,2,0,0,2.4,3.2,3.1,2.45,3.22,3.32,2.6,3.25,3.32,2.43,3.14,3.08,44.0,2015/2016
D1,2016-01-23,M'gladbach,Dortmund,1,3,A,10,12,3,4,12,10,3,1,1,1,0,0,4.5,4.2,1.7,5.0,4.38,1.69,5.0,4.38,1.8,4.65,4.12,1.68,44.0,2015/2016
D1,2016-01-24,Ein Frankfurt,Wolfsburg,3,2,H,12,18,6,11,13,20,3,3,2,0,0,0,3.6,3.5,2.05,3.7,3.72,2.08,3.71,3.72,2.1,3.49,3.55,2.05,44.0,2015/2016
D1,2016-01-24,Schalke 04,Werder Bremen,1,3,A,20,17,4,6,14,13,13,1,1,3,0,0,1.67,4.0,5.0,1.68,4.19,5.37,1.75,4.2,5.5,1.66,3.96,5.02,44.0,2015/2016
D1,2016-01-29,Mainz,M'gladbach,1,0,H,13,12,2,7,13,11,8,4,0,2,0,0,2.6,3.4,2.7,2.57,3.59,2.84,2.73,3.72,2.84,2.55,3.43,2.71,45.0,2015/2016
D1,2016-01-30,Augsburg,Ein Frankfurt,0,0,D,7,13,2,6,18,8,4,2,2,2,0,0,1.95,3.6,4.0,2.04,3.67,3.88,2.1,3.8,4.0,2.01,3.5,3.66,45.0,2015/2016
D1,2016-01-30,Darmstadt,Schalke 04,0,2,A,6,11,2,7,13,20,2,9,3,2,0,0,3.4,3.4,2.15,3.54,3.5,2.21,3.54,3.59,2.3,3.34,3.36,2.18,44.0,2015/2016
D1,2016-01-30,Dortmund,Ingolstadt,2,0,H,11,5,6,3,15,18,4,1,4,2,0,0,1.17,7.0,19.0,1.17,8.3,21.5,1.22,8.3,23.0,1.16,7.26,18.61,45.0,2015/2016
D1,2016-01-30,Leverkusen,Hannover,3,0,H,14,7,6,2,10,21,6,6,0,3,0,0,1.25,6.0,12.0,1.3,5.93,11.92,1.35,6.0,12.06,1.29,5.61,10.27,45.0,2015/2016
D1,2016-01-30,Stuttgart,Hamburg,2,1,H,24,13,11,5,12,14,10,4,1,3,0,0,1.95,3.6,3.8,1.98,3.77,4.0,2.1,3.84,4.02,1.96,3.58,3.78,45.0,2015/2016
D1,2016-01-30,Werder Bremen,Hertha,3,3,D,16,12,6,4,19,16,6,6,3,3,0,0,2.5,3.3,2.8,2.65,3.4,2.87,2.7,3.47,2.91,2.57,3.27,2.78,45.0,2015/2016
D1,2016-01-31,Bayern Munich,Hoffenheim,2,0,H,29,5,9,2,11,11,10,2,1,1,0,0,1.08,13.0,21.0,1.11,12.3,28.0,1.13,13.0,31.0,1.1,10.12,24.12,44.0,2015/2016
D1,2016-01-31,Wolfsburg,FC Koln,1,1,D,17,11,4,4,11,11,5,5,3,1,0,0,1.57,4.0,5.75,1.63,4.2,5.95,1.67,4.28,5.95,1.62,3.98,5.37,45.0,2015/2016
D1,2016-02-05,M'gladbach,Werder Bremen,5,1,H,17,15,9,4,14,12,2,7,1,2,0,0,1.7,4.0,4.5,1.78,4.2,4.57,1.85,4.3,4.69,1.75,4.02,4.35,43.0,2015/2016
D1,2016-02-06,Hertha,Dortmund,0,0,D,10,9,4,2,11,16,3,3,0,2,0,0,6.5,4.33,1.5,6.82,4.43,1.54,7.0,4.5,1.56,6.35,4.24,1.51,43.0,2015/2016
D1,2016-02-06,Hannover,Mainz,0,1,A,9,14,2,2,20,14,3,4,1,2,0,0,2.75,3.3,2.6,2.81,3.46,2.67,2.81,3.56,2.71,2.71,3.31,2.61,43.0,2015/2016
D1,2016-02-06,Ein Frankfurt,Stuttgart,2,4,A,17,16,7,9,9,15,2,7,1,1,1,1,2.7,3.6,2.5,2.74,3.65,2.62,2.78,3.88,2.63,2.65,3.53,2.54,43.0,2015/2016
D1,2016-02-06,Ingolstadt,Augsburg,2,1,H,24,7,4,2,17,22,8,3,2,3,0,0,2.5,3.1,3.1,2.48,3.16,3.33,2.55,3.3,3.37,2.45,3.07,3.11,43.0,2015/2016
D1,2016-02-06,Schalke 04,Wolfsburg,3,0,H,15,14,3,2,15,14,6,6,2,3,0,0,2.45,3.5,2.8,2.46,3.55,3.01,2.46,3.77,3.1,2.39,3.43,2.9,43.0,2015/2016
D1,2016-02-06,Leverkusen,Bayern Munich,0,0,D,6,9,2,1,17,11,6,8,0,0,0,1,5.25,4.2,1.6,5.77,4.32,1.63,5.77,4.42,1.67,5.34,4.09,1.61,43.0,2015/2016
D1,2016-02-07,Hamburg,FC Koln,1,1,D,5,20,4,6,17,5,4,10,5,2,0,0,2.5,3.2,3.0,2.58,3.25,3.08,2.6,3.36,3.17,2.49,3.18,2.94,43.0,2015/2016
D1,2016-02-07,Hoffenheim,Darmstadt,0,2,A,12,11,1,5,17,15,8,7,1,3,0,0,2.0,3.3,4.0,2.05,3.48,4.08,2.07,3.55,4.4,1.99,3.36,3.92,43.0,2015/2016
D1,2016-02-12,Mainz,Schalke 04,2,1,H,11,14,4,3,7,17,5,7,3,1,0,0,2.9,3.4,2.45,3.04,3.47,2.48,3.08,3.61,2.6,2.92,3.36,2.43,43.0,2015/2016
D1,2016-02-13,Darmstadt,Leverkusen,1,2,A,12,14,6,3,20,16,3,6,6,3,0,0,4.75,3.75,1.75,5.13,3.79,1.78,5.18,3.85,1.82,4.81,3.66,1.75,43.0,2015/2016
D1,2016-02-13,Dortmund,Hannover,1,0,H,14,4,7,1,13,9,10,3,1,1,0,0,1.14,8.5,17.0,1.14,10.0,21.5,1.15,10.02,26.0,1.13,8.64,19.58,41.0,2015/2016
D1,2016-02-13,FC Koln,Ein Frankfurt,3,1,H,11,14,7,4,16,18,4,8,2,6,0,0,1.91,3.8,3.8,1.91,3.77,4.33,2.1,3.88,4.33,1.91,3.63,3.93,43.0,2015/2016
D1,2016-02-13,Stuttgart,Hertha,2,0,H,15,7,6,3,12,12,10,1,3,3,0,0,2.1,3.5,3.5,2.11,3.63,3.68,2.2,3.72,3.71,2.09,3.47,3.48,43.0,2015/2016
D1,2016-02-13,Werder Bremen,Hoffenheim,1,1,D,17,11,10,4,13,19,6,2,1,3,0,1,2.2,3.5,3.25,2.21,3.67,3.39,2.21,3.86,3.44,2.17,3.51,3.26,43.0,2015/2016
D1,2016-02-13,Wolfsburg,Ingolstadt,2,0,H,8,11,5,2,19,17,6,7,0,0,0,0,1.73,3.6,5.25,1.75,3.73,5.52,1.76,3.8,5.57,1.71,3.64,5.11,42.0,2015/2016
D1,2016-02-14,Augsburg,Bayern Munich,1,3,A,7,24,2,10,11,9,2,5,0,1,0,0,13.0,6.0,1.22,13.83,6.38,1.26,15.0,6.5,1.33,12.33,5.85,1.25,43.0,2015/2016
D1,2016-02-14,Hamburg,M'gladbach,3,2,H,17,10,9,4,15,9,3,6,3,1,0,0,3.3,3.6,2.1,3.47,3.63,2.19,3.58,3.77,2.3,3.28,3.49,2.16,42.0,2015/2016
D1,2016-02-19,Ein Frankfurt,Hamburg,0,0,D,8,10,2,1,12,20,3,3,2,3,0,0,2.25,3.5,3.0,2.35,3.58,3.17,2.4,3.69,3.17,2.31,3.43,3.06,46.0,2015/2016
D1,2016-02-20,Bayern Munich,Darmstadt,3,1,H,36,6,13,5,10,13,18,0,2,0,0,0,1.08,12.0,26.0,1.08,14.9,41.0,1.1,14.9,56.0,1.07,11.91,35.69,46.0,2015/2016
D1,2016-02-20,Hertha,Wolfsburg,1,1,D,9,13,5,6,17,16,3,5,3,2,0,0,2.75,3.3,2.6,2.89,3.35,2.66,2.89,3.4,2.7,2.79,3.24,2.59,46.0,2015/2016
D1,2016-02-20,Hoffenheim,Mainz,3,2,H,13,13,4,6,8,14,6,2,1,2,0,0,2.4,3.4,2.9,2.48,3.46,3.05,2.6,3.55,3.05,2.43,3.35,2.91,46.0,2015/2016
D1,2016-02-20,Ingolstadt,Werder Bremen,2,0,H,9,12,4,2,15,23,0,4,2,2,0,0,2.1,3.3,3.6,2.16,3.44,3.75,2.3,3.5,3.78,2.12,3.35,3.54,46.0,2015/2016
D1,2016-02-20,M'gladbach,FC Koln,1,0,H,16,12,5,6,18,21,4,4,2,3,0,0,1.91,3.6,4.0,1.99,3.69,4.05,2.01,3.87,4.17,1.95,3.57,3.82,46.0,2015/2016
D1,2016-02-21,Schalke 04,Stuttgart,1,1,D,15,19,5,8,16,16,4,13,3,1,0,0,2.15,3.75,3.1,2.18,3.77,3.36,2.2,3.99,3.6,2.13,3.62,3.24,45.0,2015/2016
D1,2016-02-21,Hannover,Augsburg,0,1,A,16,11,6,6,12,15,5,2,2,2,0,0,2.63,3.3,2.75,2.73,3.35,2.81,2.75,3.46,2.85,2.66,3.24,2.7,45.0,2015/2016
D1,2016-02-21,Leverkusen,Dortmund,0,1,A,9,7,2,2,20,10,8,1,5,1,0,0,3.4,3.5,2.1,3.31,3.58,2.28,3.4,3.67,2.32,3.25,3.44,2.19,45.0,2015/2016
D1,2016-02-26,FC Koln,Hertha,0,1,A,15,10,3,3,15,10,2,8,2,2,0,0,2.1,3.3,3.75,2.09,3.38,4.06,2.13,3.38,4.06,2.07,3.26,3.78,46.0,2015/2016
D1,2016-02-27,Hamburg,Ingolstadt,1,1,D,7,12,2,3,17,12,2,5,3,5,0,0,2.4,3.0,3.3,2.51,3.18,3.23,2.52,3.2,3.3,2.43,3.1,3.1,47.0,2015/2016
D1,2016-02-27,Stuttgart,Hannover,1,2,A,22,12,10,8,18,11,17,1,1,3,0,0,1.53,4.0,6.5,1.57,4.57,6.01,1.58,4.57,6.5,1.55,4.23,5.78,47.0,2015/2016
D1,2016-02-27,Werder Bremen,Darmstadt,2,2,D,16,8,7,3,24,23,4,2,3,3,0,0,2.1,3.4,3.6,2.14,3.55,3.68,2.18,3.55,3.75,2.09,3.39,3.53,47.0,2015/2016
D1,2016-02-27,Wolfsburg,Bayern Munich,0,2,A,12,14,8,4,7,10,1,7,0,1,0,0,9.0,4.5,1.4,8.3,4.91,1.44,9.0,4.91,1.55,7.62,4.59,1.42,47.0,2015/2016
D1,2016-02-28,Dortmund,Hoffenheim,3,1,H,26,9,9,4,9,10,11,7,0,0,0,1,1.18,7.0,17.0,1.21,7.85,15.0,1.21,8.1,17.0,1.19,6.95,13.69,43.0,2015/2016
D1,2016-02-28,Ein Frankfurt,Schalke 04,0,0,D,11,7,5,2,13,12,5,3,1,2,0,0,3.2,3.4,2.25,3.25,3.63,2.29,3.3,3.67,2.3,3.11,3.5,2.24,43.0,2015/2016
D1,2016-02-28,Augsburg,M'gladbach,2,2,D,24,10,4,7,17,8,2,5,0,0,0,0,2.7,3.4,2.6,2.84,3.56,2.59,2.84,3.57,2.65,2.7,3.41,2.54,45.0,2015/2016
D1,2016-02-28,Mainz,Leverkusen,3,1,H,14,12,7,4,16,18,1,12,1,1,0,0,3.75,3.5,2.0,3.96,3.52,2.07,3.96,3.6,2.2,3.73,3.44,2.01,44.0,2015/2016
D1,2016-03-01,Hannover,Wolfsburg,0,4,A,6,23,2,11,5,8,1,7,2,1,0,0,4.2,3.75,1.85,3.81,3.75,2.04,4.6,3.8,2.04,3.88,3.62,1.94,47.0,2015/2016
D1,2016-03-01,Ingolstadt,FC Koln,1,1,D,14,8,3,3,13,19,7,2,2,1,0,0,2.5,3.1,3.0,2.61,3.06,3.22,2.61,3.15,3.23,2.53,3.0,3.08,47.0,2015/2016
D1,2016-03-02,Hoffenheim,Augsburg,2,1,H,14,14,7,3,9,15,7,6,2,4,0,0,2.25,3.4,3.3,2.3,3.62,3.22,2.4,3.62,3.3,2.28,3.45,3.05,47.0,2015/2016
D1,2016-03-02,Bayern Munich,Mainz,1,2,A,16,5,6,3,11,11,11,0,1,2,0,0,1.13,9.0,21.0,1.14,9.9,22.0,1.15,10.0,26.0,1.12,8.75,20.75,47.0,2015/2016
D1,2016-03-02,Hertha,Ein Frankfurt,2,0,H,11,11,6,3,17,14,2,3,3,2,0,0,1.85,3.6,4.33,1.92,3.6,4.54,1.93,3.63,4.75,1.86,3.5,4.34,47.0,2015/2016
D1,2016-03-02,M'gladbach,Stuttgart,4,0,H,14,9,6,3,9,14,2,4,1,2,0,0,2.05,3.8,3.4,2.1,4.01,3.41,2.1,4.07,3.47,2.05,3.81,3.26,47.0,2015/2016
D1,2016-03-02,Leverkusen,Werder Bremen,1,4,A,16,11,6,4,15,8,9,6,1,1,0,0,1.44,4.75,7.0,1.47,4.97,7.33,1.51,5.0,7.35,1.45,4.63,6.77,47.0,2015/2016
D1,2016-03-02,Schalke 04,Hamburg,3,2,H,26,8,9,4,14,18,8,6,2,0,0,1,1.85,3.6,4.33,1.92,3.7,4.4,1.92,3.75,4.6,1.86,3.56,4.25,47.0,2015/2016
D1,2016-03-02,Darmstadt,Dortmund,0,2,A,5,13,1,7,12,16,2,4,0,1,0,0,8.0,4.75,1.4,8.39,4.98,1.43,8.68,5.0,1.44,7.87,4.72,1.4,47.0,2015/2016
D1,2016-03-05,Augsburg,Leverkusen,3,3,D,10,20,5,5,10,14,0,5,2,1,1,0,2.9,3.3,2.5,3.01,3.42,2.53,3.09,3.42,2.55,2.9,3.27,2.48,46.0,2015/2016
D1,2016-03-05,Dortmund,Bayern Munich,0,0,D,11,17,3,4,10,12,2,6,1,1,0,0,3.1,3.4,2.3,3.29,3.61,2.28,3.3,3.7,2.32,3.18,3.42,2.25,46.0,2015/2016
D1,2016-03-05,Wolfsburg,M'gladbach,2,1,H,11,14,3,5,15,13,1,3,2,3,0,0,1.95,3.75,3.6,2.02,3.85,3.79,2.2,3.99,3.79,2.01,3.64,3.55,46.0,2015/2016
D1,2016-03-05,Ein Frankfurt,Ingolstadt,1,1,D,21,12,3,6,20,23,8,2,5,4,0,1,2.5,3.2,3.0,2.67,3.2,3.0,2.67,3.3,3.01,2.56,3.13,2.9,46.0,2015/2016
D1,2016-03-05,Stuttgart,Hoffenheim,5,1,H,21,13,11,4,17,8,11,1,1,2,0,0,1.91,3.6,4.0,1.9,4.02,4.08,2.0,4.2,4.08,1.88,3.83,3.85,46.0,2015/2016
D1,2016-03-05,Werder Bremen,Hannover,4,1,H,14,15,5,5,16,14,4,4,2,2,0,0,1.73,3.8,4.75,1.76,4.06,4.84,1.8,4.1,4.85,1.73,3.85,4.63,46.0,2015/2016
D1,2016-03-05,FC Koln,Schalke 04,1,3,A,17,18,9,4,13,15,7,5,1,0,0,0,2.4,3.2,3.1,2.53,3.4,3.02,2.65,3.42,3.1,2.47,3.27,2.92,46.0,2015/2016
D1,2016-03-06,Hamburg,Hertha,2,0,H,14,3,5,1,12,9,3,2,4,1,0,0,2.88,3.1,2.63,3.03,3.2,2.65,3.03,3.3,2.7,2.88,3.12,2.58,44.0,2015/2016
D1,2016-03-06,Mainz,Darmstadt,0,0,D,11,15,4,3,17,18,3,1,0,5,1,0,1.75,3.6,5.0,1.78,3.77,5.18,1.83,3.77,5.25,1.77,3.56,4.84,45.0,2015/2016
D1,2016-03-11,Hertha,Schalke 04,2,0,H,16,15,5,4,15,14,5,5,2,1,0,0,2.4,3.2,3.0,2.54,3.3,3.08,2.6,3.35,3.08,2.49,3.22,2.94,45.0,2015/2016
D1,2016-03-12,Hoffenheim,Wolfsburg,1,0,H,11,15,2,9,8,18,3,5,1,1,0,0,3.4,3.6,2.1,3.55,3.78,2.11,3.55,3.9,2.13,3.35,3.65,2.07,45.0,2015/2016
D1,2016-03-12,Ingolstadt,Stuttgart,3,3,D,22,16,8,6,13,20,3,7,2,3,0,0,3.0,3.2,2.5,2.87,3.41,2.64,3.0,3.46,2.64,2.81,3.28,2.54,45.0,2015/2016
D1,2016-03-12,Bayern Munich,Werder Bremen,5,0,H,20,2,13,1,8,8,11,4,1,3,0,0,1.13,9.0,21.0,1.14,10.3,21.5,1.15,10.3,26.0,1.13,8.82,19.71,45.0,2015/2016
D1,2016-03-12,Darmstadt,Augsburg,2,2,D,11,16,6,5,14,17,3,8,2,1,0,0,2.8,3.1,2.7,2.86,3.31,2.71,2.88,3.31,2.75,2.75,3.18,2.65,45.0,2015/2016
D1,2016-03-12,Hannover,FC Koln,0,2,A,17,12,2,5,17,11,9,1,1,1,0,0,3.5,3.3,2.15,3.65,3.53,2.16,3.65,3.53,2.4,3.43,3.38,2.14,45.0,2015/2016
D1,2016-03-12,M'gladbach,Ein Frankfurt,3,0,H,16,4,8,0,8,20,1,1,1,3,0,0,1.57,4.33,5.5,1.56,4.68,5.98,1.6,4.68,6.25,1.55,4.4,5.46,45.0,2015/2016
D1,2016-03-13,Dortmund,Mainz,2,0,H,22,4,10,0,8,14,8,2,0,0,0,0,1.36,5.0,8.5,1.34,5.74,10.28,1.36,5.75,10.5,1.32,5.26,9.57,44.0,2015/2016
D1,2016-03-13,Leverkusen,Hamburg,1,0,H,14,10,4,5,18,17,5,7,4,2,1,0,1.67,3.75,5.5,1.64,4.21,5.82,1.7,4.21,5.82,1.62,3.96,5.34,45.0,2015/2016
D1,2016-03-18,Schalke 04,M'gladbach,2,1,H,6,22,3,8,11,10,2,5,1,0,0,0,2.45,3.5,2.8,2.59,3.47,2.89,2.6,3.76,2.91,2.47,3.41,2.82,47.0,2015/2016
D1,2016-03-19,Ein Frankfurt,Hannover,1,0,H,11,8,5,3,16,20,13,3,1,3,0,0,1.85,3.6,4.33,1.86,3.73,4.65,1.91,3.75,4.65,1.84,3.57,4.32,46.0,2015/2016
D1,2016-03-19,FC Koln,Bayern Munich,0,1,A,6,6,2,3,21,13,0,5,1,1,0,0,11.0,5.0,1.29,10.85,5.92,1.32,13.0,5.92,1.33,10.75,5.52,1.28,46.0,2015/2016
D1,2016-03-19,Hamburg,Hoffenheim,1,3,A,24,14,11,9,12,18,10,3,3,1,0,0,2.25,3.4,3.2,2.29,3.51,3.35,2.3,3.56,3.36,2.22,3.4,3.2,46.0,2015/2016
D1,2016-03-19,Hertha,Ingolstadt,2,1,H,7,9,2,2,14,22,3,6,2,3,0,0,2.05,3.2,4.0,2.13,3.23,4.16,2.15,3.45,4.25,2.05,3.17,3.96,47.0,2015/2016
D1,2016-03-19,Werder Bremen,Mainz,1,1,D,11,10,3,2,7,19,1,5,2,2,0,0,2.38,3.4,3.0,2.38,3.55,3.14,2.5,3.61,3.14,2.35,3.42,2.96,46.0,2015/2016
D1,2016-03-19,Wolfsburg,Darmstadt,1,1,D,20,11,5,1,14,16,8,1,1,1,0,0,1.44,4.33,8.0,1.45,4.72,8.46,1.47,4.72,8.5,1.43,4.41,7.61,46.0,2015/2016
D1,2016-03-20,Augsburg,Dortmund,1,3,A,7,13,4,5,16,6,2,3,4,1,0,0,6.5,4.33,1.5,7.5,4.68,1.49,7.5,4.68,1.53,6.82,4.34,1.47,45.0,2015/2016
D1,2016-03-20,Stuttgart,Leverkusen,0,2,A,14,15,5,9,16,21,2,9,3,3,0,0,2.3,3.5,2.9,2.32,3.78,3.08,2.41,3.91,3.25,2.3,3.56,2.93,46.0,2015/2016
D1,2016-04-01,Leverkusen,Wolfsburg,3,0,H,12,10,5,5,13,19,6,2,0,4,0,0,2.0,3.2,4.0,2.05,3.67,3.87,2.08,3.67,4.0,2.01,3.5,3.74,44.0,2015/2016
D1,2016-04-02,Bayern Munich,Ein Frankfurt,1,0,H,21,4,10,0,16,16,5,1,2,5,0,0,1.13,9.0,21.0,1.1,12.6,30.0,1.13,12.6,30.0,1.09,10.12,25.1,44.0,2015/2016
D1,2016-04-02,Darmstadt,Stuttgart,2,2,D,15,9,6,3,14,18,6,3,4,1,0,0,3.4,3.3,2.2,3.23,3.57,2.32,3.4,3.6,2.4,3.11,3.42,2.27,43.0,2015/2016
D1,2016-04-02,Dortmund,Werder Bremen,3,2,H,23,9,8,3,13,6,11,2,1,3,0,0,1.2,7.0,13.0,1.22,7.5,14.5,1.25,7.79,15.5,1.2,6.78,13.36,44.0,2015/2016
D1,2016-04-02,Hannover,Hamburg,0,3,A,16,9,8,4,15,12,5,4,1,1,0,0,3.1,3.25,2.38,3.14,3.41,2.45,3.18,3.41,2.48,3.01,3.28,2.39,43.0,2015/2016
D1,2016-04-02,Ingolstadt,Schalke 04,3,0,H,12,9,4,2,12,23,5,6,1,5,0,0,2.75,3.0,2.7,2.77,3.35,2.77,2.85,3.35,2.78,2.73,3.2,2.66,43.0,2015/2016
D1,2016-04-02,Mainz,Augsburg,4,2,H,19,14,7,5,19,12,4,3,1,2,0,0,2.1,3.4,3.6,2.1,3.51,3.86,2.15,3.51,3.89,2.08,3.37,3.6,44.0,2015/2016
D1,2016-04-03,Hoffenheim,FC Koln,1,1,D,15,9,5,1,11,11,4,8,2,1,0,0,2.38,3.3,3.1,2.47,3.52,3.02,2.5,3.56,3.1,2.39,3.37,2.94,43.0,2015/2016
D1,2016-04-03,M'gladbach,Hertha,5,0,H,17,7,8,2,15,11,7,6,1,2,0,0,1.83,3.6,4.33,1.88,3.68,4.59,1.9,3.81,4.64,1.85,3.57,4.3,44.0,2015/2016
D1,2016-04-08,Hertha,Hannover,2,2,D,13,11,8,3,10,21,7,4,3,4,0,0,1.5,4.2,7.0,1.52,4.42,7.23,1.53,4.6,7.5,1.5,4.12,6.84,47.0,2015/2016
D1,2016-04-09,Ein Frankfurt,Hoffenheim,0,2,A,12,8,3,6,22,21,8,4,3,4,0,0,2.3,3.25,3.1,2.44,3.58,3.02,2.45,3.6,3.1,2.38,3.42,2.91,48.0,2015/2016
D1,2016-04-09,Hamburg,Darmstadt,1,2,A,9,9,3,4,15,19,5,1,3,2,0,0,2.05,3.4,3.6,2.15,3.33,3.93,2.15,3.4,4.05,2.09,3.25,3.7,47.0,2015/2016
D1,2016-04-09,Ingolstadt,M'gladbach,1,0,H,15,7,4,3,7,11,5,3,1,1,0,0,3.2,3.4,2.2,3.43,3.46,2.28,3.43,3.51,2.3,3.26,3.35,2.23,47.0,2015/2016
D1,2016-04-09,Stuttgart,Bayern Munich,1,3,A,9,13,2,6,8,15,7,4,1,3,0,0,6.0,4.33,1.5,6.84,4.82,1.5,7.0,4.82,1.57,6.23,4.53,1.48,47.0,2015/2016
D1,2016-04-09,Werder Bremen,Augsburg,1,2,A,17,4,4,3,16,18,10,0,2,5,0,0,2.05,3.4,3.5,2.19,3.7,3.41,2.2,3.7,3.5,2.13,3.5,3.32,47.0,2015/2016
D1,2016-04-09,Wolfsburg,Mainz,1,1,D,16,17,3,9,11,13,7,12,2,2,1,0,2.2,3.4,3.25,2.16,3.63,3.56,2.3,3.7,3.56,2.14,3.48,3.31,47.0,2015/2016
D1,2016-04-10,FC Koln,Leverkusen,0,2,A,18,12,9,6,10,12,8,8,1,2,1,1,3.1,3.25,2.3,3.27,3.4,2.38,3.35,3.5,2.4,3.14,3.29,2.3,45.0,2015/2016
D1,2016-04-10,Schalke 04,Dortmund,2,2,D,10,16,2,5,22,13,1,9,5,3,0,0,4.2,4.0,1.73,4.82,4.17,1.75,4.82,4.2,1.8,4.42,3.94,1.73,46.0,2015/2016
D1,2016-04-15,Hannover,M'gladbach,2,0,H,12,8,8,2,22,11,5,3,2,0,0,0,5.5,4.0,1.62,5.36,4.26,1.67,5.5,4.33,1.76,5.03,4.08,1.65,46.0,2015/2016
D1,2016-04-16,Darmstadt,Ingolstadt,2,0,H,6,8,3,3,20,22,2,4,2,3,0,0,2.55,3.2,2.88,2.66,3.19,3.02,2.66,3.3,3.03,2.57,3.13,2.88,47.0,2015/2016
D1,2016-04-16,Bayern Munich,Schalke 04,3,0,H,14,7,7,4,10,7,6,2,0,0,0,0,1.18,7.5,15.0,1.2,8.05,16.0,1.22,8.05,17.5,1.18,7.15,14.94,47.0,2015/2016
D1,2016-04-16,Augsburg,Stuttgart,1,0,H,13,10,6,4,14,12,4,8,2,0,0,0,2.45,3.6,2.75,2.59,3.68,2.76,2.6,3.75,2.9,2.47,3.55,2.71,44.0,2015/2016
D1,2016-04-16,Hoffenheim,Hertha,2,1,H,17,10,7,2,10,16,3,5,2,0,0,0,2.38,3.4,3.0,2.4,3.42,3.21,2.5,3.43,3.21,2.38,3.28,3.02,47.0,2015/2016
D1,2016-04-16,Werder Bremen,Wolfsburg,3,2,H,21,8,9,3,16,15,7,1,1,5,0,0,2.5,3.5,2.75,2.48,3.77,2.84,2.55,3.77,2.88,2.43,3.52,2.8,47.0,2015/2016
D1,2016-04-16,Leverkusen,Ein Frankfurt,3,0,H,12,9,6,6,15,21,3,2,4,3,0,0,1.36,5.25,8.0,1.41,5.18,8.56,1.41,5.29,8.77,1.37,4.93,8.21,46.0,2015/2016
D1,2016-04-17,Dortmund,Hamburg,3,0,H,14,5,5,1,6,16,10,0,0,0,0,1,1.33,5.25,9.0,1.35,5.74,9.29,1.36,5.75,9.59,1.32,5.35,8.74,44.0,2015/2016
D1,2016-04-17,Mainz,FC Koln,2,3,A,18,12,7,4,12,11,6,7,1,2,0,0,2.1,3.4,3.6,2.13,3.47,3.81,2.13,3.5,3.81,2.09,3.35,3.58,46.0,2015/2016
D1,2016-04-22,Hamburg,Werder Bremen,2,1,H,12,21,7,10,22,11,5,4,3,4,0,0,2.6,3.5,2.63,2.68,3.52,2.76,2.68,3.6,2.82,2.58,3.43,2.69,45.0,2015/2016
D1,2016-04-23,Schalke 04,Leverkusen,2,3,A,20,16,8,6,19,16,6,4,3,3,0,0,3.0,3.3,2.4,3.09,3.66,2.36,3.09,3.7,2.6,2.95,3.42,2.36,45.0,2015/2016
D1,2016-04-23,Stuttgart,Dortmund,0,3,A,8,16,1,9,19,10,3,4,0,1,0,0,4.75,4.2,1.65,4.89,4.27,1.72,5.0,4.3,1.81,4.58,4.05,1.7,44.0,2015/2016
D1,2016-04-23,FC Koln,Darmstadt,4,1,H,15,15,9,2,15,17,3,6,2,2,0,0,1.95,3.3,4.33,2.01,3.42,4.34,2.01,3.46,4.35,1.96,3.32,4.12,44.0,2015/2016
D1,2016-04-23,Hertha,Bayern Munich,0,2,A,9,6,0,6,9,17,1,3,0,4,0,0,9.0,4.5,1.4,8.71,4.91,1.43,9.0,4.91,1.52,8.08,4.52,1.41,44.0,2015/2016
D1,2016-04-23,Ingolstadt,Hannover,2,2,D,8,14,3,4,10,13,2,7,2,2,1,0,1.91,3.4,4.33,1.89,3.74,4.45,1.91,3.76,4.45,1.86,3.54,4.26,44.0,2015/2016
D1,2016-04-23,Wolfsburg,Augsburg,0,2,A,19,8,7,4,7,19,6,1,0,2,0,0,1.8,3.75,4.33,1.81,3.95,4.69,1.9,4.06,4.69,1.78,3.82,4.32,44.0,2015/2016
D1,2016-04-24,Ein Frankfurt,Mainz,2,1,H,8,7,4,4,22,23,5,2,4,4,0,0,2.88,3.3,2.5,2.88,3.56,2.55,2.9,3.56,2.55,2.82,3.32,2.49,45.0,2015/2016
D1,2016-04-24,M'gladbach,Hoffenheim,3,1,H,24,14,11,8,14,11,12,3,1,2,0,0,1.62,4.2,5.25,1.66,4.44,5.22,1.66,4.6,5.5,1.61,4.21,5.1,44.0,2015/2016
D1,2016-04-29,Augsburg,FC Koln,0,0,D,13,8,1,1,9,14,5,5,3,2,0,1,2.45,3.25,3.0,2.56,3.47,2.94,2.63,3.5,3.1,2.47,3.33,2.88,46.0,2015/2016
D1,2016-04-30,Bayern Munich,M'gladbach,1,1,D,9,8,4,2,10,13,7,5,2,1,0,0,1.4,5.0,7.5,1.44,5.2,7.54,1.45,5.25,7.54,1.42,4.92,6.81,46.0,2015/2016
D1,2016-04-30,Darmstadt,Ein Frankfurt,1,2,A,11,12,6,4,13,12,4,8,2,2,0,0,2.5,3.2,3.0,2.56,3.41,2.97,2.56,3.5,3.0,2.48,3.27,2.89,46.0,2015/2016
D1,2016-04-30,Dortmund,Wolfsburg,5,1,H,20,6,10,4,8,13,7,6,2,0,0,0,1.36,5.0,8.5,1.37,5.53,8.97,1.4,5.55,9.0,1.35,5.22,8.3,46.0,2015/2016
D1,2016-04-30,Hannover,Schalke 04,1,3,A,21,10,2,7,15,17,9,3,0,0,0,0,3.8,4.0,1.85,4.12,4.05,1.88,4.5,4.1,1.91,4.01,3.85,1.83,46.0,2015/2016
D1,2016-04-30,Hoffenheim,Ingolstadt,2,1,H,10,16,6,8,17,21,2,7,3,4,0,0,1.8,3.6,4.6,1.86,3.79,4.56,1.9,3.8,4.75,1.82,3.61,4.42,46.0,2015/2016
D1,2016-04-30,Leverkusen,Hertha,2,1,H,18,9,8,3,14,20,6,4,1,6,0,0,1.62,3.75,6.0,1.63,4.2,5.95,1.67,4.2,6.0,1.61,3.98,5.54,46.0,2015/2016
D1,2016-04-30,Mainz,Hamburg,0,0,D,12,7,4,4,19,29,6,4,0,3,0,0,1.8,3.75,4.33,1.76,3.99,4.95,1.9,4.0,5.0,1.76,3.79,4.53,46.0,2015/2016
D1,2016-05-02,Werder Bremen,Stuttgart,6,2,H,16,13,9,4,12,15,3,5,1,1,0,0,2.05,3.6,3.5,2.11,3.96,3.41,2.2,4.0,3.5,2.06,3.75,3.29,45.0,2015/2016
D1,2016-05-07,Ein Frankfurt,Dortmund,1,0,H,6,13,4,2,20,12,3,5,5,3,0,0,7.0,4.75,1.45,7.06,4.98,1.48,7.75,5.05,1.53,6.81,4.69,1.44,46.0,2015/2016
D1,2016-05-07,FC Koln,Werder Bremen,0,0,D,9,13,4,1,20,20,8,7,3,2,0,0,2.8,3.75,2.38,2.94,3.81,2.39,2.94,3.9,2.45,2.79,3.66,2.37,46.0,2015/2016
D1,2016-05-07,Hamburg,Wolfsburg,0,1,A,5,11,0,6,18,10,5,4,0,0,0,0,2.7,3.4,2.63,2.75,3.48,2.7,2.76,3.51,2.75,2.67,3.31,2.65,45.0,2015/2016
D1,2016-05-07,Stuttgart,Mainz,1,3,A,8,19,3,11,11,17,6,9,3,2,0,0,2.1,3.8,3.2,2.16,3.99,3.26,2.16,4.02,3.5,2.09,3.8,3.19,46.0,2015/2016
D1,2016-05-07,Hannover,Hoffenheim,1,0,H,15,15,4,4,20,20,3,5,3,2,0,0,3.4,3.75,2.05,3.42,3.88,2.13,3.8,3.88,2.15,3.4,3.68,2.04,46.0,2015/2016
D1,2016-05-07,Ingolstadt,Bayern Munich,1,2,A,16,12,4,6,17,15,4,3,2,3,0,0,15.0,7.0,1.18,16.77,6.86,1.23,17.5,7.0,1.29,14.49,6.57,1.2,45.0,2015/2016
D1,2016-05-07,M'gladbach,Leverkusen,2,1,H,14,17,6,8,16,9,6,3,2,2,0,0,1.91,3.8,3.8,1.89,3.94,4.2,1.95,4.0,4.2,1.88,3.74,3.9,46.0,2015/2016
D1,2016-05-07,Schalke 04,Augsburg,1,1,D,20,5,5,2,10,17,9,2,1,5,0,0,1.7,4.2,4.5,1.72,4.28,4.85,1.74,4.31,4.9,1.7,4.06,4.59,46.0,2015/2016
D1,2016-05-07,Hertha,Darmstadt,1,2,A,17,7,4,3,18,22,10,1,3,1,0,1,1.75,3.6,5.0,1.83,3.84,4.71,1.83,3.84,5.0,1.78,3.67,4.54,46.0,2015/2016
D1,2016-05-14,Bayern Munich,Hannover,3,1,H,20,20,11,5,10,13,11,5,0,1,0,0,1.08,11.0,26.0,1.1,14.3,25.04,1.15,14.3,29.0,1.09,10.76,22.59,49.0,2015/2016
D1,2016-05-14,Darmstadt,M'gladbach,0,2,A,9,21,0,3,12,13,3,6,3,0,0,0,3.5,3.75,2.0,3.81,3.8,2.02,3.81,3.9,2.06,3.64,3.69,1.97,49.0,2015/2016
D1,2016-05-14,Hoffenheim,Schalke 04,1,4,A,14,12,4,8,15,11,7,2,1,1,0,0,3.2,3.8,2.05,3.09,4.06,2.22,3.2,4.06,2.25,3.06,3.8,2.16,49.0,2015/2016
D1,2016-05-14,Dortmund,FC Koln,2,2,D,13,6,5,5,7,6,2,1,1,0,0,0,1.29,5.75,8.0,1.31,6.46,10.01,1.33,6.5,10.01,1.3,5.82,8.98,49.0,2015/2016
D1,2016-05-14,Werder Bremen,Ein Frankfurt,1,0,H,14,4,3,2,17,12,6,4,4,2,0,0,2.0,3.75,3.5,1.99,3.83,3.89,2.1,3.83,3.89,1.97,3.65,3.66,49.0,2015/2016
D1,2016-05-14,Leverkusen,Ingolstadt,3,2,H,10,21,6,5,17,12,2,4,1,1,0,0,1.5,4.33,6.5,1.56,4.82,5.88,1.55,4.82,6.75,1.51,4.45,6.03,49.0,2015/2016
D1,2016-05-14,Wolfsburg,Stuttgart,3,1,H,17,13,7,6,8,12,7,9,2,2,0,0,2.3,4.0,2.75,2.34,4.1,2.86,2.5,4.1,2.89,2.3,3.87,2.78,49.0,2015/2016
D1,2016-05-14,Mainz,Hertha,0,0,D,7,11,3,5,12,20,2,2,3,3,0,1,2.05,3.6,3.5,2.09,3.65,3.73,2.1,3.68,3.9,2.06,3.51,3.53,49.0,2015/2016
D1,2016-05-14,Augsburg,Hamburg,1,3,A,12,13,7,6,12,24,2,4,3,3,0,0,2.0,3.5,3.8,2.02,3.7,3.94,2.05,3.76,3.94,1.99,3.55,3.71,49.0,2015/2016
D1,2016-08-26,Bayern Munich,Werder Bremen,6,0,H,27,4,14,2,7,8,8,1,0,1,0,0,1.1,10.0,23.0,1.11,12.2,27.0,1.16,12.2,30.0,1.1,10.0,24.26,53.0,2016/2017
D1,2016-08-27,Augsburg,Wolfsburg,0,2,A,13,12,2,6,15,17,2,3,1,2,0,0,2.8,3.25,2.6,2.85,3.43,2.64,2.88,3.43,2.64,2.76,3.3,2.57,52.0,2016/2017
D1,2016-08-27,Dortmund,Mainz,2,1,H,17,12,8,4,3,20,7,2,0,3,0,0,1.36,5.0,8.5,1.37,5.41,9.49,1.41,5.41,9.49,1.35,5.04,8.53,52.0,2016/2017
D1,2016-08-27,Ein Frankfurt,Schalke 04,1,0,H,11,11,4,3,11,15,7,5,2,2,1,0,3.4,3.3,2.2,3.39,3.64,2.22,3.4,3.64,2.3,3.28,3.43,2.19,52.0,2016/2017
D1,2016-08-27,FC Koln,Darmstadt,2,0,H,21,12,8,3,11,15,6,5,3,3,0,0,1.8,3.5,4.75,1.78,3.72,5.31,1.84,3.72,5.34,1.77,3.54,4.92,52.0,2016/2017
D1,2016-08-27,Hamburg,Ingolstadt,1,1,D,8,13,1,5,17,15,4,5,2,2,0,0,2.2,3.2,3.5,2.22,3.27,3.79,2.25,3.3,3.79,2.19,3.21,3.5,53.0,2016/2017
D1,2016-08-27,M'gladbach,Leverkusen,2,1,H,14,12,9,6,11,16,7,3,3,3,0,0,2.3,3.4,3.1,2.31,3.62,3.23,2.5,3.62,3.23,2.29,3.44,3.07,53.0,2016/2017
D1,2016-08-28,Hertha,Freiburg,2,1,H,15,8,5,2,10,10,5,2,0,3,0,0,2.15,3.3,3.5,2.16,3.38,3.84,2.25,3.38,4.0,2.14,3.24,3.61,51.0,2016/2017
D1,2016-08-28,Hoffenheim,RB Leipzig,2,2,D,11,23,5,9,12,14,2,9,2,4,0,0,2.5,3.25,2.9,2.58,3.43,2.94,2.61,3.49,3.0,2.5,3.31,2.85,52.0,2016/2017
D1,2016-09-09,Schalke 04,Bayern Munich,0,2,A,9,18,2,2,13,12,2,7,2,4,0,0,10.0,5.5,1.3,10.84,5.89,1.32,11.0,6.05,1.36,10.22,5.5,1.3,54.0,2016/2017
D1,2016-09-10,Ingolstadt,Hertha,0,2,A,12,7,5,6,13,20,6,1,3,1,0,0,2.4,3.1,3.2,2.51,3.14,3.29,2.52,3.25,3.33,2.44,3.09,3.14,55.0,2016/2017
D1,2016-09-10,Freiburg,M'gladbach,3,1,H,17,5,7,2,17,11,3,4,2,2,0,0,3.6,3.6,2.0,3.78,3.77,2.04,3.8,3.9,2.1,3.58,3.63,2.01,55.0,2016/2017
D1,2016-09-10,Darmstadt,Ein Frankfurt,1,0,H,8,14,1,3,16,13,1,4,1,2,0,0,3.0,3.3,2.4,3.21,3.39,2.42,3.21,3.45,2.5,3.03,3.29,2.39,55.0,2016/2017
D1,2016-09-10,Leverkusen,Hamburg,3,1,H,15,6,5,2,13,20,4,1,2,1,0,0,1.45,4.5,7.0,1.49,4.65,7.53,1.55,4.76,7.53,1.48,4.38,6.83,55.0,2016/2017
D1,2016-09-10,Wolfsburg,FC Koln,0,0,D,18,16,4,9,13,14,8,4,2,3,0,0,1.85,3.75,4.2,1.93,3.8,4.22,1.94,3.95,4.5,1.89,3.67,4.05,54.0,2016/2017
D1,2016-09-10,RB Leipzig,Dortmund,1,0,H,10,8,4,1,16,10,5,7,2,2,0,0,5.25,4.2,1.62,5.49,4.36,1.65,6.0,4.47,1.67,5.22,4.16,1.62,54.0,2016/2017
D1,2016-09-11,Mainz,Hoffenheim,4,4,D,12,20,6,5,19,16,8,5,1,3,1,0,2.0,3.5,3.75,2.03,3.69,3.9,2.1,3.8,3.9,2.01,3.58,3.65,55.0,2016/2017
D1,2016-09-11,Werder Bremen,Augsburg,1,2,A,10,18,1,5,14,28,0,4,2,3,0,0,2.3,3.4,3.1,2.37,3.57,3.14,2.4,3.65,3.17,2.31,3.44,3.04,55.0,2016/2017
D1,2016-09-16,FC Koln,Freiburg,3,0,H,9,17,3,8,12,10,4,6,1,1,0,0,1.8,3.6,4.5,1.82,3.77,4.88,1.98,3.84,4.88,1.83,3.65,4.43,56.0,2016/2017
D1,2016-09-17,Ein Frankfurt,Leverkusen,2,1,H,17,7,8,3,22,14,1,3,3,0,0,0,4.0,3.5,1.95,4.01,3.66,2.01,4.1,3.75,2.05,3.86,3.52,1.97,55.0,2016/2017
D1,2016-09-17,Bayern Munich,Ingolstadt,3,1,H,10,13,5,5,18,17,5,5,1,2,0,0,1.07,12.0,34.0,1.09,12.8,36.89,1.15,13.5,42.68,1.08,11.01,33.93,54.0,2016/2017
D1,2016-09-17,Dortmund,Darmstadt,6,0,H,22,5,14,1,8,16,12,2,0,4,0,1,1.13,9.0,21.0,1.14,9.9,23.5,1.19,10.5,29.0,1.13,8.78,21.25,54.0,2016/2017
D1,2016-09-17,Hoffenheim,Wolfsburg,0,0,D,20,20,5,9,17,18,3,11,2,1,0,0,3.1,3.6,2.25,3.02,3.63,2.42,3.1,3.73,2.42,2.96,3.53,2.33,54.0,2016/2017
D1,2016-09-17,M'gladbach,Werder Bremen,4,1,H,15,9,7,5,9,19,10,4,0,3,0,1,1.44,4.5,7.5,1.48,5.0,6.96,1.53,5.04,7.5,1.47,4.62,6.45,54.0,2016/2017
D1,2016-09-17,Hamburg,RB Leipzig,0,4,A,14,12,2,6,17,13,8,3,5,1,0,0,2.75,3.25,2.63,2.79,3.31,2.79,2.81,3.35,2.83,2.72,3.22,2.68,53.0,2016/2017
D1,2016-09-18,Augsburg,Mainz,1,3,A,12,11,5,6,15,16,2,7,1,2,0,1,2.38,3.4,3.0,2.42,3.47,3.13,2.44,3.52,3.3,2.35,3.35,3.05,54.0,2016/2017
D1,2016-09-18,Hertha,Schalke 04,2,0,H,8,11,2,4,12,17,4,6,1,1,0,0,2.5,3.4,2.8,2.66,3.31,2.92,2.7,3.43,2.99,2.58,3.25,2.81,53.0,2016/2017
D1,2016-09-20,Darmstadt,Hoffenheim,1,1,D,12,15,3,4,16,18,2,6,1,1,0,0,3.5,3.5,2.1,3.62,3.7,2.11,3.62,3.7,2.17,3.46,3.53,2.1,56.0,2016/2017
D1,2016-09-20,Freiburg,Hamburg,1,0,H,19,7,4,0,17,17,7,0,1,0,0,0,2.3,3.4,3.1,2.34,3.52,3.24,2.4,3.57,3.26,2.3,3.41,3.13,56.0,2016/2017
D1,2016-09-20,Ingolstadt,Ein Frankfurt,0,2,A,13,9,3,5,20,19,6,4,0,1,0,0,2.25,3.25,3.4,2.24,3.36,3.63,2.4,3.38,3.7,2.22,3.26,3.43,56.0,2016/2017
D1,2016-09-20,Wolfsburg,Dortmund,1,5,A,15,10,9,9,15,12,2,3,2,0,0,0,4.75,3.75,1.75,4.71,4.1,1.78,4.75,4.2,1.85,4.43,3.9,1.77,56.0,2016/2017
D1,2016-09-21,Bayern Munich,Hertha,3,0,H,16,2,7,2,9,9,6,2,1,0,0,0,1.14,9.0,17.0,1.16,8.63,25.3,1.2,9.0,25.3,1.15,7.87,21.23,55.0,2016/2017
D1,2016-09-21,Werder Bremen,Mainz,1,2,A,13,13,7,6,15,14,3,14,2,2,0,0,3.0,3.5,2.3,3.01,3.66,2.41,3.09,3.73,2.5,2.94,3.51,2.35,53.0,2016/2017
D1,2016-09-21,Leverkusen,Augsburg,0,0,D,14,5,6,2,14,16,6,3,0,2,0,0,1.45,4.5,7.0,1.49,4.65,7.47,1.55,4.74,7.47,1.49,4.38,6.69,55.0,2016/2017
D1,2016-09-21,Schalke 04,FC Koln,1,3,A,18,9,8,5,17,9,8,4,2,1,0,0,2.1,3.4,3.6,2.13,3.58,3.68,2.18,3.62,3.7,2.11,3.44,3.5,54.0,2016/2017
D1,2016-09-21,RB Leipzig,M'gladbach,1,1,D,9,3,5,1,15,16,5,2,1,2,0,0,2.38,3.5,3.0,2.54,3.6,2.87,2.54,3.74,3.0,2.46,3.43,2.83,54.0,2016/2017
D1,2016-09-23,Dortmund,Freiburg,3,1,H,24,9,5,5,8,27,15,3,2,3,0,0,1.18,7.5,15.0,1.21,7.51,16.23,1.25,8.26,16.23,1.2,7.17,13.83,55.0,2016/2017
D1,2016-09-24,Augsburg,Darmstadt,1,0,H,19,4,6,0,7,14,3,5,2,1,0,1,1.67,3.75,5.5,1.66,3.95,6.05,1.7,4.04,6.05,1.65,3.81,5.6,54.0,2016/2017
D1,2016-09-24,Ein Frankfurt,Hertha,3,3,D,11,6,4,4,15,13,4,1,4,2,0,0,2.25,3.2,3.4,2.41,3.27,3.34,2.45,3.4,3.4,2.37,3.18,3.2,54.0,2016/2017
D1,2016-09-24,Hamburg,Bayern Munich,0,1,A,7,17,1,8,17,12,3,5,2,3,0,0,13.0,7.0,1.2,16.3,7.19,1.22,17.0,7.19,1.28,14.17,6.47,1.22,54.0,2016/2017
D1,2016-09-24,Mainz,Leverkusen,2,3,A,9,16,5,6,12,14,6,1,3,2,0,0,3.0,3.3,2.4,2.97,3.65,2.44,3.1,3.65,2.52,2.92,3.43,2.41,54.0,2016/2017
D1,2016-09-24,M'gladbach,Ingolstadt,2,0,H,7,8,5,2,24,14,1,3,2,3,0,0,1.8,3.6,4.75,1.83,3.81,4.71,1.86,3.9,5.0,1.81,3.65,4.55,54.0,2016/2017
D1,2016-09-24,Werder Bremen,Wolfsburg,2,1,H,16,11,4,3,17,14,6,2,1,3,0,0,3.9,3.75,1.91,4.1,3.9,1.93,4.1,3.92,2.0,3.89,3.69,1.92,54.0,2016/2017
D1,2016-09-25,FC Koln,RB Leipzig,1,1,D,10,12,2,2,10,16,1,6,1,2,0,0,2.3,3.3,3.2,2.36,3.43,3.28,2.5,3.5,3.3,2.31,3.34,3.16,52.0,2016/2017
D1,2016-09-25,Hoffenheim,Schalke 04,2,1,H,14,12,2,5,11,14,2,6,1,1,0,0,2.7,3.4,2.6,2.75,3.73,2.57,2.76,3.82,2.65,2.68,3.56,2.53,54.0,2016/2017
D1,2016-09-30,RB Leipzig,Augsburg,2,1,H,17,6,10,2,15,12,6,3,0,3,0,0,1.65,3.75,5.75,1.71,3.84,5.66,1.8,3.9,5.75,1.71,3.67,5.33,54.0,2016/2017
D1,2016-10-01,Bayern Munich,FC Koln,1,1,D,27,5,3,2,4,12,10,3,1,2,0,0,1.17,7.0,19.0,1.17,8.49,21.06,1.23,8.95,23.0,1.16,7.52,18.83,54.0,2016/2017
D1,2016-10-01,Darmstadt,Werder Bremen,2,2,D,9,14,2,7,18,21,5,10,2,1,0,0,3.1,3.4,2.3,3.15,3.53,2.39,3.15,3.55,2.6,2.98,3.37,2.39,54.0,2016/2017
D1,2016-10-01,Freiburg,Ein Frankfurt,1,0,H,11,14,3,3,12,13,9,4,4,3,0,0,2.3,3.3,3.2,2.4,3.47,3.16,2.45,3.5,3.25,2.34,3.34,3.11,54.0,2016/2017
D1,2016-10-01,Hertha,Hamburg,2,0,H,14,16,5,3,11,20,7,3,2,6,0,0,2.0,3.25,4.2,2.0,3.4,4.41,2.06,3.51,4.52,1.98,3.35,4.05,54.0,2016/2017
D1,2016-10-01,Ingolstadt,Hoffenheim,1,2,A,18,21,5,9,22,22,8,5,1,2,0,0,2.05,3.4,3.75,2.02,3.64,4.0,2.25,3.64,4.0,2.04,3.47,3.69,54.0,2016/2017
D1,2016-10-01,Leverkusen,Dortmund,2,0,H,11,10,6,4,21,7,1,9,5,1,0,0,3.8,3.6,1.95,3.7,3.84,2.04,3.8,3.93,2.1,3.57,3.67,2.01,54.0,2016/2017
D1,2016-10-02,Schalke 04,M'gladbach,4,0,H,15,12,8,4,11,10,3,5,0,0,0,0,2.2,3.4,3.3,2.3,3.57,3.28,2.6,3.63,3.3,2.3,3.44,3.1,54.0,2016/2017
D1,2016-10-02,Wolfsburg,Mainz,0,0,D,19,8,3,2,10,7,11,3,0,0,0,0,1.85,3.6,4.33,1.8,4.04,4.61,1.9,4.05,4.61,1.82,3.8,4.26,54.0,2016/2017
D1,2016-10-14,Dortmund,Hertha,1,1,D,15,9,6,2,13,22,5,0,1,5,1,1,1.33,5.25,9.0,1.39,5.47,8.55,1.45,5.55,10.0,1.36,5.26,8.28,47.0,2016/2017
D1,2016-10-15,Augsburg,Schalke 04,1,1,D,11,12,5,3,14,16,6,4,2,3,0,0,3.1,3.4,2.3,3.27,3.42,2.37,3.3,3.5,2.45,3.12,3.32,2.34,48.0,2016/2017
D1,2016-10-15,Ein Frankfurt,Bayern Munich,2,2,D,13,14,4,5,18,11,2,6,2,4,1,0,13.0,6.0,1.25,14.07,6.08,1.27,14.07,6.4,1.31,12.34,5.82,1.26,48.0,2016/2017
D1,2016-10-15,FC Koln,Ingolstadt,2,1,H,15,9,3,1,27,24,5,3,3,3,0,0,1.8,3.5,4.75,1.79,3.6,5.39,1.83,3.65,5.39,1.79,3.53,4.86,48.0,2016/2017
D1,2016-10-15,Hoffenheim,Freiburg,2,1,H,14,13,4,6,18,15,8,5,2,3,0,0,2.05,3.6,3.5,2.15,3.73,3.48,2.23,3.88,3.54,2.11,3.6,3.36,48.0,2016/2017
D1,2016-10-15,M'gladbach,Hamburg,0,0,D,22,5,4,0,10,16,10,3,2,4,0,1,1.67,3.8,5.25,1.68,4.19,5.37,1.74,4.19,5.5,1.68,3.93,5.04,48.0,2016/2017
D1,2016-10-15,Werder Bremen,Leverkusen,2,1,H,11,13,5,6,10,15,0,2,2,2,0,0,4.75,4.2,1.67,4.63,4.22,1.76,5.0,4.22,1.78,4.61,3.96,1.73,48.0,2016/2017
D1,2016-10-16,Mainz,Darmstadt,2,1,H,13,12,5,4,19,19,7,7,3,1,0,0,1.5,4.0,7.5,1.54,4.38,7.1,1.56,4.45,7.5,1.51,4.21,6.71,48.0,2016/2017
D1,2016-10-16,Wolfsburg,RB Leipzig,0,1,A,10,13,2,6,21,18,7,4,2,1,0,0,2.4,3.3,3.0,2.47,3.43,3.09,2.48,3.47,3.15,2.4,3.33,2.98,47.0,2016/2017
D1,2016-10-21,Hamburg,Ein Frankfurt,0,3,A,3,13,0,4,16,9,0,2,0,4,1,0,2.45,3.25,3.0,2.57,3.36,3.01,2.57,3.4,3.1,2.47,3.27,2.98,55.0,2016/2017
D1,2016-10-22,Freiburg,Augsburg,2,1,H,12,14,5,6,7,10,0,1,1,0,0,0,2.1,3.3,3.7,2.2,3.33,3.79,2.25,3.41,3.79,2.16,3.29,3.53,54.0,2016/2017
D1,2016-10-22,Bayern Munich,M'gladbach,2,0,H,17,3,5,0,4,11,8,1,0,1,0,0,1.2,7.5,12.0,1.22,7.52,15.35,1.28,7.79,16.5,1.2,6.88,13.62,54.0,2016/2017
D1,2016-10-22,Darmstadt,Wolfsburg,3,1,H,9,9,5,1,17,14,1,4,0,2,0,1,4.5,3.6,1.8,4.83,3.77,1.83,4.83,3.77,1.9,4.52,3.6,1.81,54.0,2016/2017
D1,2016-10-22,Ingolstadt,Dortmund,3,3,D,12,24,7,10,19,13,2,8,0,1,0,0,6.0,4.2,1.53,5.96,4.47,1.59,6.5,4.5,1.61,5.89,4.23,1.56,54.0,2016/2017
D1,2016-10-22,Leverkusen,Hoffenheim,0,3,A,6,14,1,8,6,17,5,3,0,1,1,0,1.5,4.33,6.0,1.54,4.82,6.17,1.56,4.87,6.7,1.51,4.57,5.95,54.0,2016/2017
D1,2016-10-22,Hertha,FC Koln,2,1,H,13,10,7,2,8,16,4,5,2,1,0,0,2.5,3.2,3.0,2.66,3.24,2.98,2.75,3.27,3.02,2.59,3.12,2.9,53.0,2016/2017
D1,2016-10-23,RB Leipzig,Werder Bremen,3,1,H,22,7,6,3,18,10,6,5,4,3,0,0,1.5,4.0,7.0,1.53,4.6,6.79,1.6,4.7,7.0,1.51,4.37,6.25,53.0,2016/2017
D1,2016-10-23,Schalke 04,Mainz,3,0,H,11,10,5,4,16,16,3,3,2,3,0,0,1.95,3.6,3.8,1.97,3.76,4.06,2.03,3.8,4.06,1.97,3.6,3.76,54.0,2016/2017
D1,2016-10-28,M'gladbach,Ein Frankfurt,0,0,D,7,6,2,1,19,15,3,6,1,2,0,0,1.85,3.5,4.5,1.88,3.64,4.7,1.95,3.79,4.75,1.85,3.57,4.43,55.0,2016/2017
D1,2016-10-29,Darmstadt,RB Leipzig,0,2,A,4,11,0,4,13,16,2,6,4,2,0,0,6.0,3.8,1.62,5.89,4.01,1.67,6.06,4.02,1.75,5.81,3.81,1.63,54.0,2016/2017
D1,2016-10-29,Augsburg,Bayern Munich,1,3,A,7,16,3,8,14,6,4,10,2,0,0,0,15.0,6.5,1.2,16.12,6.65,1.24,16.5,6.75,1.3,13.95,6.17,1.23,55.0,2016/2017
D1,2016-10-29,Dortmund,Schalke 04,0,0,D,9,8,1,2,14,21,1,4,4,4,0,0,1.57,4.33,5.5,1.59,4.46,6.04,1.65,4.61,6.4,1.57,4.28,5.64,55.0,2016/2017
D1,2016-10-29,Mainz,Ingolstadt,2,0,H,17,5,8,2,14,8,5,0,1,0,0,1,2.1,3.3,3.75,2.13,3.45,3.84,2.17,3.51,3.87,2.1,3.36,3.64,53.0,2016/2017
D1,2016-10-29,Wolfsburg,Leverkusen,1,2,A,6,18,2,6,15,17,1,4,1,3,0,0,2.7,3.4,2.6,2.87,3.57,2.56,2.9,3.59,2.6,2.78,3.41,2.52,55.0,2016/2017
D1,2016-10-29,Werder Bremen,Freiburg,1,3,A,14,13,4,5,25,23,4,4,1,3,0,0,2.3,3.5,3.0,2.35,3.58,3.16,2.44,3.6,3.2,2.32,3.44,3.04,54.0,2016/2017
D1,2016-10-30,FC Koln,Hamburg,3,0,H,18,9,6,2,16,17,7,4,3,1,0,1,1.57,3.8,6.5,1.62,4.19,6.12,1.7,4.27,6.5,1.59,4.03,5.81,55.0,2016/2017
D1,2016-10-30,Hoffenheim,Hertha,1,0,H,24,5,7,2,10,20,7,3,0,4,0,0,2.25,3.4,3.2,2.29,3.6,3.28,2.38,3.6,3.35,2.27,3.44,3.15,55.0,2016/2017
D1,2016-11-04,Hertha,M'gladbach,3,0,H,12,11,6,2,14,16,4,1,2,2,0,1,2.5,3.2,3.0,2.54,3.33,3.06,2.61,3.33,3.1,2.51,3.2,2.98,50.0,2016/2017
D1,2016-11-05,Freiburg,Wolfsburg,0,3,A,12,13,2,5,10,19,6,9,3,2,1,0,2.6,3.3,2.75,2.69,3.37,2.84,2.75,3.5,2.85,2.64,3.3,2.72,51.0,2016/2017
D1,2016-11-05,Ein Frankfurt,FC Koln,1,0,H,8,6,1,1,20,10,4,5,3,3,0,0,2.6,3.1,2.9,2.7,3.2,2.96,2.7,3.3,2.96,2.61,3.15,2.86,51.0,2016/2017
D1,2016-11-05,Bayern Munich,Hoffenheim,1,1,D,21,5,5,3,7,25,8,1,0,2,0,0,1.17,8.0,15.0,1.21,8.08,13.85,1.26,8.65,15.0,1.2,7.31,12.84,51.0,2016/2017
D1,2016-11-05,Hamburg,Dortmund,2,5,A,14,10,6,6,13,15,5,3,2,0,0,0,8.0,4.25,1.45,7.3,4.82,1.48,8.0,4.85,1.57,6.97,4.55,1.46,51.0,2016/2017
D1,2016-11-05,Leverkusen,Darmstadt,3,2,H,12,6,4,3,10,10,6,5,0,1,0,0,1.25,5.75,13.0,1.28,6.28,12.44,1.36,6.4,14.5,1.26,5.82,12.04,51.0,2016/2017
D1,2016-11-05,Ingolstadt,Augsburg,0,2,A,14,13,5,5,15,14,3,6,2,1,1,0,2.1,3.3,3.75,2.14,3.45,3.81,2.3,3.45,3.85,2.13,3.28,3.64,51.0,2016/2017
D1,2016-11-06,RB Leipzig,Mainz,3,1,H,15,11,5,3,13,12,3,6,0,3,0,0,1.57,3.8,6.5,1.61,4.24,6.21,1.72,4.3,6.5,1.58,4.02,5.98,50.0,2016/2017
D1,2016-11-06,Schalke 04,Werder Bremen,3,1,H,24,8,6,5,13,14,3,6,2,3,0,0,1.53,4.33,6.0,1.61,4.41,5.88,1.65,4.5,6.2,1.59,4.2,5.56,49.0,2016/2017
D1,2016-11-18,Leverkusen,RB Leipzig,2,3,A,12,11,6,4,13,15,6,9,1,3,0,0,2.3,3.4,3.1,2.41,3.43,3.19,2.45,3.57,3.3,2.35,3.34,3.13,51.0,2016/2017
D1,2016-11-19,Mainz,Freiburg,4,2,H,11,24,6,11,21,21,3,5,4,3,0,0,2.1,3.5,3.5,2.15,3.55,3.66,2.21,3.75,3.8,2.15,3.4,3.46,51.0,2016/2017
D1,2016-11-19,M'gladbach,FC Koln,1,2,A,20,11,8,4,7,22,7,3,1,5,0,0,2.2,3.3,3.4,2.23,3.38,3.61,2.3,3.5,3.6,2.2,3.29,3.43,50.0,2016/2017
D1,2016-11-19,Augsburg,Hertha,0,0,D,9,10,3,4,14,16,4,3,3,1,0,0,2.7,3.2,2.75,2.76,3.16,2.93,2.81,3.3,3.0,2.7,3.09,2.83,51.0,2016/2017
D1,2016-11-19,Darmstadt,Ingolstadt,0,1,A,18,15,4,7,19,15,8,11,1,4,0,0,3.0,3.1,2.55,3.08,3.27,2.57,3.12,3.3,2.75,2.98,3.13,2.53,51.0,2016/2017
D1,2016-11-19,Dortmund,Bayern Munich,1,0,H,11,18,4,3,14,14,3,9,3,2,0,0,3.4,3.6,2.1,3.5,3.65,2.17,3.6,3.75,2.3,3.42,3.49,2.14,51.0,2016/2017
D1,2016-11-19,Wolfsburg,Schalke 04,0,1,A,8,19,0,4,17,16,3,5,2,2,0,0,2.4,3.5,2.9,2.55,3.44,2.96,2.61,3.57,3.0,2.49,3.34,2.88,51.0,2016/2017
D1,2016-11-20,Hoffenheim,Hamburg,2,2,D,18,14,5,4,12,25,8,6,1,2,0,0,1.62,4.0,5.5,1.61,4.34,5.92,1.68,4.47,5.92,1.59,4.2,5.46,51.0,2016/2017
D1,2016-11-20,Werder Bremen,Ein Frankfurt,1,2,A,14,19,4,9,23,18,3,6,1,2,0,0,2.7,3.5,2.55,2.87,3.5,2.6,2.9,3.64,2.65,2.76,3.38,2.56,51.0,2016/2017
D1,2016-11-25,Freiburg,RB Leipzig,1,4,A,9,16,3,7,10,16,4,5,2,3,0,0,3.8,3.6,1.95,4.05,3.69,1.99,4.05,3.8,2.06,3.85,3.6,1.96,48.0,2016/2017
D1,2016-11-26,Bayern Munich,Leverkusen,2,1,H,13,13,8,4,8,11,6,3,0,0,0,0,1.29,6.0,10.0,1.32,5.85,10.9,1.37,6.1,12.0,1.3,5.62,10.16,48.0,2016/2017
D1,2016-11-26,Ein Frankfurt,Dortmund,2,1,H,12,12,4,5,18,13,4,5,4,3,0,0,4.75,4.2,1.65,5.11,4.15,1.71,5.2,4.2,1.74,4.86,4.02,1.68,48.0,2016/2017
D1,2016-11-26,FC Koln,Augsburg,0,0,D,18,13,5,2,13,15,3,5,2,3,0,0,1.75,3.5,5.25,1.79,3.63,5.4,1.82,3.7,5.4,1.77,3.52,5.01,48.0,2016/2017
D1,2016-11-26,Hamburg,Werder Bremen,2,2,D,17,12,7,4,17,12,5,3,2,3,0,0,2.38,3.4,3.0,2.46,3.54,3.02,2.5,3.56,3.15,2.38,3.41,2.97,48.0,2016/2017
D1,2016-11-26,Ingolstadt,Wolfsburg,1,1,D,20,11,5,3,12,19,4,5,2,1,0,0,2.9,3.3,2.5,2.97,3.31,2.63,3.15,3.31,2.65,2.91,3.18,2.55,48.0,2016/2017
D1,2016-11-26,M'gladbach,Hoffenheim,1,1,D,16,15,8,4,8,17,2,6,0,2,0,0,2.0,3.6,3.75,2.03,3.76,3.81,2.2,3.84,3.81,2.02,3.61,3.62,48.0,2016/2017
D1,2016-11-27,Hertha,Mainz,2,1,H,16,9,5,4,12,23,5,3,1,0,1,1,2.0,3.5,3.8,2.02,3.5,4.18,2.06,3.5,4.25,2.0,3.39,3.91,48.0,2016/2017
D1,2016-11-27,Schalke 04,Darmstadt,3,1,H,20,9,7,2,8,13,5,6,0,2,0,0,1.33,5.0,10.0,1.37,5.07,10.52,1.4,5.35,10.52,1.35,4.9,9.56,48.0,2016/2017
D1,2016-12-02,Mainz,Bayern Munich,1,3,A,9,15,3,6,12,13,1,5,3,2,0,0,10.0,5.75,1.29,12.14,6.34,1.28,12.14,6.5,1.33,10.65,5.89,1.28,45.0,2016/2017
D1,2016-12-03,Leverkusen,Freiburg,1,1,D,13,10,6,2,10,10,4,3,0,1,0,0,1.5,4.2,7.0,1.52,4.74,6.69,1.56,4.74,7.0,1.5,4.36,6.47,45.0,2016/2017
D1,2016-12-03,Hoffenheim,FC Koln,4,0,H,10,10,6,1,14,11,3,4,1,1,0,0,2.1,3.4,3.6,2.15,3.61,3.61,2.21,3.65,3.65,2.12,3.47,3.48,45.0,2016/2017
D1,2016-12-03,Dortmund,M'gladbach,4,1,H,15,3,7,1,10,10,9,3,1,1,0,0,1.5,4.5,6.5,1.53,4.7,6.43,1.55,4.85,7.0,1.5,4.48,6.39,45.0,2016/2017
D1,2016-12-03,Wolfsburg,Hertha,2,3,A,6,18,4,8,21,9,0,2,3,2,1,0,2.1,3.2,3.8,2.15,3.41,3.81,2.3,3.45,3.81,2.13,3.31,3.61,45.0,2016/2017
D1,2016-12-03,Werder Bremen,Ingolstadt,2,1,H,14,15,5,5,18,16,3,4,0,3,0,0,2.5,3.3,2.9,2.45,3.49,3.08,2.53,3.5,3.25,2.41,3.36,2.96,45.0,2016/2017
D1,2016-12-03,RB Leipzig,Schalke 04,2,1,H,14,11,5,5,16,20,8,5,1,5,0,0,2.0,3.3,4.0,2.06,3.53,3.99,2.09,3.65,4.1,2.01,3.44,3.82,45.0,2016/2017
D1,2016-12-04,Augsburg,Ein Frankfurt,1,1,D,14,7,5,4,11,13,5,2,3,2,0,0,2.8,3.0,2.75,2.87,3.09,2.87,2.9,3.3,2.9,2.8,3.01,2.77,46.0,2016/2017
D1,2016-12-04,Darmstadt,Hamburg,0,2,A,10,21,2,5,16,24,1,4,2,4,0,0,2.7,3.1,2.8,2.78,3.29,2.8,2.8,3.35,2.9,2.72,3.17,2.73,46.0,2016/2017
D1,2016-12-09,Ein Frankfurt,Hoffenheim,0,0,D,15,3,3,0,28,17,11,2,4,3,1,0,2.4,3.3,3.0,2.54,3.45,2.98,2.56,3.5,3.1,2.44,3.33,2.97,49.0,2016/2017
D1,2016-12-10,FC Koln,Dortmund,1,1,D,7,11,2,4,26,18,1,6,2,3,1,0,5.5,4.33,1.57,5.51,4.39,1.64,5.6,4.5,1.7,5.31,4.19,1.61,49.0,2016/2017
D1,2016-12-10,Freiburg,Darmstadt,1,0,H,12,16,2,4,11,9,6,5,3,4,0,0,1.67,3.75,5.5,1.69,3.91,5.78,1.76,3.91,5.78,1.69,3.75,5.27,49.0,2016/2017
D1,2016-12-10,Bayern Munich,Wolfsburg,5,0,H,19,6,10,3,13,4,10,2,1,0,0,0,1.17,7.5,17.0,1.16,9.2,21.65,1.18,9.51,23.77,1.15,8.13,19.0,49.0,2016/2017
D1,2016-12-10,Hertha,Werder Bremen,0,1,A,11,13,4,6,17,14,5,1,0,3,0,0,1.73,3.75,5.0,1.77,3.96,4.94,1.8,4.0,5.1,1.74,3.78,4.75,49.0,2016/2017
D1,2016-12-10,Ingolstadt,RB Leipzig,1,0,H,4,13,1,3,19,16,3,4,1,4,1,0,4.33,3.75,1.8,4.85,3.72,1.83,5.0,3.75,1.85,4.62,3.63,1.8,49.0,2016/2017
D1,2016-12-10,Hamburg,Augsburg,1,0,H,11,11,5,2,16,16,3,5,1,3,1,1,2.3,3.2,3.25,2.38,3.31,3.35,2.5,3.4,3.4,2.32,3.26,3.23,49.0,2016/2017
D1,2016-12-11,M'gladbach,Mainz,1,0,H,9,12,3,4,13,15,4,1,2,0,0,1,1.67,4.0,5.0,1.74,4.0,5.16,1.85,4.06,5.35,1.71,3.85,4.86,46.0,2016/2017
D1,2016-12-11,Schalke 04,Leverkusen,0,1,A,11,13,0,2,10,15,4,3,3,3,1,0,2.3,3.3,3.2,2.36,3.46,3.25,2.36,3.52,3.3,2.31,3.35,3.15,48.0,2016/2017
D1,2016-12-16,Hoffenheim,Dortmund,2,2,D,13,14,5,4,22,18,2,4,5,1,0,1,3.8,4.0,1.85,3.8,4.05,1.96,4.3,4.1,2.04,3.74,3.92,1.91,48.0,2016/2017
D1,2016-12-17,Augsburg,M'gladbach,1,0,H,8,8,1,3,16,12,3,0,0,0,0,0,3.2,3.1,2.4,3.09,3.33,2.53,3.2,3.4,2.6,3.03,3.24,2.44,48.0,2016/2017
D1,2016-12-17,Wolfsburg,Ein Frankfurt,1,0,H,15,7,3,1,17,18,4,2,3,4,0,0,2.5,3.2,3.0,2.59,3.31,3.01,2.67,3.32,3.1,2.5,3.21,2.95,47.0,2016/2017
D1,2016-12-17,Werder Bremen,FC Koln,1,1,D,10,14,5,5,17,17,4,5,1,4,0,0,2.6,3.4,2.7,2.74,3.43,2.75,2.76,3.52,2.78,2.65,3.33,2.7,48.0,2016/2017
D1,2016-12-17,Schalke 04,Freiburg,1,1,D,17,6,2,2,12,9,9,1,1,0,0,0,1.67,4.0,5.0,1.71,4.04,5.3,1.77,4.15,5.5,1.67,3.9,5.16,46.0,2016/2017
D1,2016-12-17,RB Leipzig,Hertha,2,0,H,16,3,8,0,10,14,9,1,1,3,0,0,1.62,3.8,6.0,1.62,4.09,6.31,1.8,4.09,6.4,1.63,3.83,5.77,48.0,2016/2017
D1,2016-12-17,Mainz,Hamburg,3,1,H,19,10,8,3,12,15,6,6,2,3,0,0,1.91,3.6,4.0,1.96,3.73,4.16,2.02,3.77,4.2,1.93,3.61,3.95,48.0,2016/2017
D1,2016-12-18,Darmstadt,Bayern Munich,0,1,A,10,13,2,2,18,11,3,1,1,2,0,0,19.0,8.0,1.14,28.01,10.32,1.13,28.01,10.32,1.17,22.86,8.77,1.13,47.0,2016/2017
D1,2016-12-18,Leverkusen,Ingolstadt,1,2,A,5,17,3,7,17,16,1,4,1,2,1,0,1.55,4.0,6.25,1.59,4.25,6.01,1.63,4.3,6.6,1.57,4.02,6.14,48.0,2016/2017
D1,2016-12-20,Dortmund,Augsburg,1,1,D,23,8,8,3,10,19,6,2,1,2,0,0,1.3,5.5,10.0,1.33,5.64,11.17,1.38,5.8,11.17,1.32,5.42,9.65,51.0,2016/2017
D1,2016-12-20,Ein Frankfurt,Mainz,3,0,H,9,11,4,6,14,9,6,6,3,0,0,1,2.0,3.4,3.9,2.14,3.35,3.92,2.18,3.4,4.0,2.08,3.3,3.78,50.0,2016/2017
D1,2016-12-20,Hamburg,Schalke 04,2,1,H,11,6,7,3,13,11,4,5,2,4,0,0,3.3,3.25,2.3,3.34,3.35,2.37,3.34,3.42,2.4,3.21,3.3,2.32,50.0,2016/2017
D1,2016-12-20,M'gladbach,Wolfsburg,1,2,A,20,18,4,7,18,18,5,6,1,2,0,0,1.95,3.5,4.0,2.02,3.6,4.08,2.03,3.62,4.5,1.97,3.49,3.97,50.0,2016/2017
D1,2016-12-21,Bayern Munich,RB Leipzig,3,0,H,24,5,11,2,13,13,9,4,1,1,0,1,1.36,5.25,8.0,1.41,5.12,8.74,1.55,5.25,8.74,1.4,4.84,7.78,51.0,2016/2017
D1,2016-12-21,Hertha,Darmstadt,2,0,H,15,5,5,0,13,15,6,4,1,3,0,0,1.57,3.9,6.25,1.63,3.93,6.65,1.68,4.06,6.65,1.6,3.81,6.17,50.0,2016/2017
D1,2016-12-21,Ingolstadt,Freiburg,1,2,A,17,11,6,5,17,12,6,3,4,2,0,0,2.1,3.3,3.75,2.16,3.45,3.75,2.25,3.5,3.75,2.12,3.35,3.6,50.0,2016/2017
D1,2016-12-21,Hoffenheim,Werder Bremen,1,1,D,12,10,3,3,11,19,5,9,2,2,0,0,1.62,4.0,5.5,1.71,4.12,5.19,1.71,4.33,5.5,1.66,4.06,5.0,50.0,2016/2017
D1,2016-12-21,FC Koln,Leverkusen,1,1,D,11,18,2,6,7,16,4,5,0,0,0,0,2.75,3.3,2.6,2.93,3.4,2.6,3.0,3.4,2.72,2.84,3.27,2.55,50.0,2016/2017
D1,2017-01-20,Freiburg,Bayern Munich,1,2,A,11,13,3,5,8,7,1,11,2,2,0,0,13.0,6.5,1.22,14.1,6.73,1.25,15.5,7.13,1.3,13.39,6.44,1.23,49.0,2016/2017
D1,2017-01-21,Augsburg,Hoffenheim,0,2,A,9,13,2,3,18,14,4,4,2,4,0,0,2.8,3.3,2.6,2.93,3.33,2.65,2.93,3.41,2.75,2.82,3.26,2.6,49.0,2016/2017
D1,2017-01-21,Darmstadt,M'gladbach,0,0,D,8,14,2,4,12,16,4,6,1,1,0,0,4.0,3.6,1.91,4.27,3.59,1.97,4.35,3.62,2.0,4.17,3.48,1.93,48.0,2016/2017
D1,2017-01-21,RB Leipzig,Ein Frankfurt,3,0,H,17,4,7,3,8,15,3,3,1,2,0,1,1.62,3.8,6.0,1.68,3.86,6.02,1.75,3.92,6.02,1.66,3.73,5.73,49.0,2016/2017
D1,2017-01-21,Schalke 04,Ingolstadt,1,0,H,15,14,5,3,11,16,7,3,1,0,0,0,1.8,3.6,4.75,1.81,3.66,5.16,1.86,3.7,5.16,1.81,3.51,4.81,48.0,2016/2017
D1,2017-01-21,Werder Bremen,Dortmund,1,2,A,9,22,5,8,16,12,3,5,3,1,1,0,6.0,4.33,1.53,5.7,4.72,1.58,6.1,4.75,1.6,5.65,4.45,1.55,49.0,2016/2017
D1,2017-01-21,Wolfsburg,Hamburg,1,0,H,11,11,3,1,15,23,5,3,2,1,0,1,1.85,3.6,4.33,1.88,3.66,4.63,2.0,3.75,4.63,1.89,3.54,4.27,49.0,2016/2017
D1,2017-01-22,Leverkusen,Hertha,3,1,H,16,7,9,3,14,15,7,3,0,2,0,0,1.67,3.7,5.5,1.71,3.75,5.86,1.75,3.82,5.88,1.69,3.67,5.5,49.0,2016/2017
D1,2017-01-22,Mainz,FC Koln,0,0,D,12,9,5,3,12,10,5,5,1,1,0,0,2.4,3.3,3.0,2.54,3.39,3.02,2.6,3.39,3.02,2.51,3.27,2.92,48.0,2016/2017
D1,2017-01-27,Schalke 04,Ein Frankfurt,0,1,A,12,8,2,1,18,17,3,2,2,1,0,0,1.73,3.6,5.25,1.71,3.73,5.91,1.85,3.74,6.0,1.73,3.58,5.39,50.0,2016/2017
D1,2017-01-28,RB Leipzig,Hoffenheim,2,1,H,14,5,5,2,17,16,7,4,3,3,0,1,1.73,3.75,4.8,1.74,3.92,5.3,1.81,3.97,5.3,1.74,3.72,4.94,49.0,2016/2017
D1,2017-01-28,Werder Bremen,Bayern Munich,1,2,A,11,13,4,4,17,16,2,7,4,1,0,0,15.0,6.5,1.2,16.73,7.67,1.2,18.5,7.8,1.22,15.01,6.96,1.2,49.0,2016/2017
D1,2017-01-28,Darmstadt,FC Koln,1,6,A,10,14,4,7,24,20,3,4,2,4,0,0,3.6,3.3,2.15,3.89,3.33,2.16,3.89,3.42,2.25,3.67,3.24,2.15,49.0,2016/2017
D1,2017-01-28,Ingolstadt,Hamburg,3,1,H,15,11,7,3,13,18,1,6,0,2,0,0,2.2,3.2,3.6,2.19,3.37,3.75,2.26,3.37,3.8,2.17,3.25,3.62,49.0,2016/2017
D1,2017-01-28,Leverkusen,M'gladbach,2,3,A,13,12,4,7,12,8,9,5,0,0,0,0,1.85,3.6,4.33,1.88,3.72,4.56,1.93,3.82,4.66,1.85,3.63,4.34,49.0,2016/2017
D1,2017-01-28,Wolfsburg,Augsburg,1,2,A,11,12,5,5,13,17,5,6,2,2,0,0,1.95,3.5,4.0,1.95,3.52,4.45,2.01,3.6,4.5,1.93,3.44,4.19,49.0,2016/2017
D1,2017-01-29,Freiburg,Hertha,2,1,H,11,11,4,2,11,8,6,4,0,2,0,0,2.5,3.25,2.9,2.49,3.29,3.19,2.6,3.4,3.19,2.44,3.21,3.05,48.0,2016/2017
D1,2017-01-29,Mainz,Dortmund,1,1,D,9,13,1,4,13,13,2,4,2,1,0,0,5.25,4.2,1.62,5.46,4.35,1.65,5.6,4.36,1.7,5.26,4.11,1.63,48.0,2016/2017
D1,2017-02-03,Hamburg,Leverkusen,1,0,H,11,5,3,0,13,23,4,3,0,3,0,0,3.1,3.3,2.35,3.3,3.49,2.32,3.33,3.5,2.4,3.18,3.35,2.32,47.0,2016/2017
D1,2017-02-04,Bayern Munich,Schalke 04,1,1,D,12,7,4,3,14,15,8,3,1,1,0,0,1.2,7.5,13.0,1.23,6.93,15.52,1.25,7.5,15.85,1.21,6.68,13.95,43.0,2016/2017
D1,2017-02-04,Dortmund,RB Leipzig,1,0,H,14,2,4,1,15,17,5,2,1,3,0,0,1.67,3.8,5.25,1.69,4.16,5.26,1.8,4.16,5.3,1.69,3.98,4.93,48.0,2016/2017
D1,2017-02-04,FC Koln,Wolfsburg,1,0,H,12,12,2,2,14,21,6,6,4,3,0,0,2.05,3.4,3.75,2.11,3.53,3.82,2.3,3.53,3.92,2.08,3.41,3.69,47.0,2016/2017
D1,2017-02-04,Hertha,Ingolstadt,1,0,H,8,13,2,4,15,20,1,3,2,2,0,0,2.15,3.1,3.8,2.11,3.28,4.14,2.17,3.4,4.14,2.09,3.22,3.89,47.0,2016/2017
D1,2017-02-04,Hoffenheim,Mainz,4,0,H,22,13,7,2,14,13,3,6,2,2,0,0,1.8,3.8,4.33,1.88,3.86,4.33,1.96,4.0,4.38,1.86,3.74,4.18,47.0,2016/2017
D1,2017-02-04,M'gladbach,Freiburg,3,0,H,11,14,3,4,9,10,3,8,1,1,0,0,1.73,3.8,4.75,1.79,3.89,4.86,1.86,3.92,4.86,1.78,3.76,4.6,47.0,2016/2017
D1,2017-02-05,Augsburg,Werder Bremen,3,2,H,15,19,7,4,13,12,2,4,3,2,0,0,2.1,3.5,3.5,2.2,3.49,3.58,2.25,3.53,3.6,2.16,3.41,3.45,47.0,2016/2017
D1,2017-02-05,Ein Frankfurt,Darmstadt,2,0,H,15,4,6,0,7,16,8,2,2,4,0,0,1.55,3.8,7.0,1.62,4.0,6.59,1.66,4.02,7.0,1.58,3.88,6.38,47.0,2016/2017
D1,2017-02-10,Mainz,Augsburg,2,0,H,8,10,4,6,10,15,6,2,1,3,0,0,2.1,3.25,3.8,2.1,3.31,4.16,2.16,3.4,4.2,2.09,3.24,3.92,39.0,2016/2017
D1,2017-02-11,Darmstadt,Dortmund,2,1,H,15,14,7,4,10,20,0,12,2,2,0,0,9.0,5.0,1.36,8.85,5.12,1.4,9.0,5.25,1.42,8.25,4.89,1.39,39.0,2016/2017
D1,2017-02-11,Ingolstadt,Bayern Munich,0,2,A,8,17,0,5,15,14,2,4,2,1,0,0,8.5,5.0,1.36,10.29,5.27,1.36,10.29,5.5,1.4,9.3,5.03,1.35,39.0,2016/2017
D1,2017-02-11,Leverkusen,Ein Frankfurt,3,0,H,17,9,7,3,10,10,7,6,2,1,0,0,1.91,3.5,4.2,1.88,3.64,4.65,1.93,3.7,4.66,1.87,3.52,4.41,40.0,2016/2017
D1,2017-02-11,RB Leipzig,Hamburg,0,3,A,15,11,0,5,10,17,3,6,2,2,0,0,1.5,4.2,7.0,1.49,4.52,7.74,1.56,4.55,7.74,1.5,4.29,6.94,39.0,2016/2017
D1,2017-02-11,Schalke 04,Hertha,2,0,H,14,5,3,2,20,17,2,2,1,2,0,0,1.85,3.5,4.5,1.85,3.57,5.03,2.0,3.6,5.03,1.84,3.47,4.68,39.0,2016/2017
D1,2017-02-11,Werder Bremen,M'gladbach,0,1,A,16,12,6,3,16,17,9,3,2,2,0,0,2.88,3.5,2.4,2.95,3.64,2.46,2.96,3.67,2.54,2.89,3.49,2.43,39.0,2016/2017
D1,2017-02-12,Freiburg,FC Koln,2,1,H,12,12,6,5,17,15,7,1,1,1,0,0,2.7,3.1,2.8,2.7,3.27,2.9,2.79,3.32,2.9,2.67,3.18,2.81,39.0,2016/2017
D1,2017-02-12,Wolfsburg,Hoffenheim,2,1,H,13,14,7,7,16,18,4,5,3,2,0,0,2.5,3.4,2.8,2.57,3.5,2.9,2.62,3.51,3.15,2.5,3.39,2.85,39.0,2016/2017
D1,2017-02-17,Augsburg,Leverkusen,1,3,A,12,20,4,10,12,14,2,4,3,1,0,0,3.25,3.25,2.25,3.44,3.33,2.33,3.44,3.4,2.4,3.25,3.26,2.31,43.0,2016/2017
D1,2017-02-18,Dortmund,Wolfsburg,3,0,H,24,6,10,3,17,15,9,2,2,1,0,0,1.44,4.5,7.5,1.47,4.65,8.07,1.48,5.0,8.07,1.44,4.6,7.29,43.0,2016/2017
D1,2017-02-18,Ein Frankfurt,Ingolstadt,0,2,A,15,14,6,11,16,12,4,5,4,0,1,1,2.05,3.1,4.2,2.19,3.17,4.04,2.19,3.4,4.2,2.12,3.14,3.87,43.0,2016/2017
D1,2017-02-18,Hamburg,Freiburg,2,2,D,6,12,4,3,15,9,7,5,3,2,0,0,2.05,3.4,3.75,2.06,3.5,3.99,2.12,3.52,3.99,2.04,3.42,3.72,43.0,2016/2017
D1,2017-02-18,Hertha,Bayern Munich,1,1,D,11,16,2,7,19,10,3,4,2,3,0,0,10.0,4.33,1.36,10.15,4.8,1.4,10.15,4.85,1.45,8.96,4.54,1.39,43.0,2016/2017
D1,2017-02-18,Hoffenheim,Darmstadt,2,0,H,14,7,5,4,12,19,4,2,3,4,0,0,1.45,4.5,7.5,1.47,4.84,7.41,1.55,4.84,7.69,1.46,4.57,6.91,43.0,2016/2017
D1,2017-02-18,Mainz,Werder Bremen,0,2,A,13,8,5,4,14,10,7,6,3,4,0,0,1.95,3.5,4.0,1.99,3.72,4.02,2.06,3.73,4.1,1.97,3.55,3.83,43.0,2016/2017
D1,2017-02-19,FC Koln,Schalke 04,1,1,D,9,12,4,4,12,14,5,0,2,3,0,0,2.5,3.1,3.1,2.62,3.28,3.0,2.63,3.3,3.1,2.53,3.19,2.93,41.0,2016/2017
D1,2017-02-19,M'gladbach,RB Leipzig,1,2,A,12,9,3,5,18,17,8,3,4,3,0,0,2.6,3.2,2.8,2.69,3.28,2.91,2.7,3.4,2.95,2.61,3.21,2.8,42.0,2016/2017
D1,2017-02-24,Wolfsburg,Werder Bremen,1,2,A,27,7,6,3,13,15,13,1,1,3,0,0,1.91,3.5,4.2,1.94,3.8,4.14,2.0,3.8,4.2,1.92,3.67,3.99,48.0,2016/2017
D1,2017-02-25,Freiburg,Dortmund,0,3,A,7,27,3,10,8,10,5,3,1,0,0,0,5.75,4.2,1.57,5.6,4.54,1.61,5.83,4.55,1.63,5.46,4.3,1.58,48.0,2016/2017
D1,2017-02-25,Darmstadt,Augsburg,1,2,A,5,18,2,3,17,16,1,1,1,0,0,0,2.8,3.25,2.6,2.98,3.18,2.7,3.0,3.28,2.72,2.87,3.1,2.64,47.0,2016/2017
D1,2017-02-25,Bayern Munich,Hamburg,8,0,H,18,5,12,1,16,11,4,4,0,1,0,0,1.14,8.5,19.0,1.17,8.52,21.03,1.18,8.75,22.78,1.15,7.8,18.99,46.0,2016/2017
D1,2017-02-25,RB Leipzig,FC Koln,3,1,H,13,5,5,1,15,10,3,0,1,4,0,0,1.67,3.75,5.5,1.7,3.83,5.85,1.73,3.88,5.85,1.68,3.75,5.44,47.0,2016/2017
D1,2017-02-25,Leverkusen,Mainz,0,2,A,12,11,3,5,20,17,9,8,1,3,0,0,1.73,3.8,4.75,1.74,3.97,5.16,1.78,4.04,5.16,1.72,3.84,4.83,47.0,2016/2017
D1,2017-02-25,Hertha,Ein Frankfurt,2,0,H,6,8,4,2,11,16,3,6,2,2,0,1,2.05,3.2,4.0,2.12,3.25,4.16,2.15,3.4,4.16,2.1,3.19,3.89,47.0,2016/2017
D1,2017-02-26,Ingolstadt,M'gladbach,0,2,A,14,10,3,4,11,14,6,4,2,0,0,0,2.7,3.1,2.8,2.77,3.19,2.89,2.8,3.28,2.9,2.7,3.1,2.8,46.0,2016/2017
D1,2017-02-26,Schalke 04,Hoffenheim,1,1,D,7,14,2,4,20,13,6,3,0,2,0,0,2.05,3.4,3.8,2.07,3.63,3.82,2.11,3.72,3.82,2.04,3.52,3.66,47.0,2016/2017
D1,2017-03-03,Augsburg,RB Leipzig,2,2,D,7,12,2,5,15,15,1,6,4,2,0,0,4.2,3.5,1.91,4.34,3.6,1.95,4.46,3.6,1.99,4.2,3.48,1.93,46.0,2016/2017
D1,2017-03-04,Hoffenheim,Ingolstadt,5,2,H,17,8,12,4,19,21,3,6,2,2,0,0,1.75,3.75,4.75,1.76,3.75,5.35,1.82,3.8,5.45,1.76,3.64,4.94,45.0,2016/2017
D1,2017-03-04,Dortmund,Leverkusen,6,2,H,20,12,12,3,8,20,7,3,0,6,0,0,1.5,4.33,6.5,1.5,4.74,6.95,1.6,4.8,7.0,1.5,4.46,6.52,45.0,2016/2017
D1,2017-03-04,FC Koln,Bayern Munich,0,3,A,6,20,2,8,11,9,2,9,0,2,0,0,8.5,4.75,1.4,8.57,4.78,1.44,8.92,4.9,1.45,8.06,4.64,1.42,45.0,2016/2017
D1,2017-03-04,M'gladbach,Schalke 04,4,2,H,19,7,7,2,6,16,3,2,0,4,0,0,2.3,3.3,3.2,2.36,3.33,3.39,2.42,3.42,3.4,2.29,3.29,3.25,46.0,2016/2017
D1,2017-03-04,Werder Bremen,Darmstadt,2,0,H,9,15,4,3,10,17,2,7,1,1,0,0,1.67,4.0,5.0,1.71,4.0,5.34,1.73,4.03,5.5,1.68,3.9,5.11,45.0,2016/2017
D1,2017-03-04,Mainz,Wolfsburg,1,1,D,10,7,2,5,15,12,4,6,0,0,0,0,2.25,3.4,3.2,2.29,3.45,3.4,2.37,3.5,3.5,2.27,3.35,3.25,45.0,2016/2017
D1,2017-03-05,Ein Frankfurt,Freiburg,1,2,A,15,10,3,3,13,14,12,1,2,1,0,0,2.1,3.5,3.5,2.14,3.4,3.85,2.18,3.5,3.85,2.12,3.32,3.64,43.0,2016/2017
D1,2017-03-05,Hamburg,Hertha,1,0,H,9,8,3,1,14,11,5,2,1,2,0,0,2.45,3.2,3.0,2.56,3.16,3.19,2.6,3.28,3.19,2.53,3.13,3.0,44.0,2016/2017
D1,2017-03-10,Leverkusen,Werder Bremen,1,1,D,12,11,7,3,12,12,4,3,0,2,1,0,1.5,4.33,6.5,1.54,4.56,6.62,1.6,4.56,6.62,1.53,4.39,6.02,44.0,2016/2017
D1,2017-03-11,Darmstadt,Mainz,2,1,H,11,13,5,6,16,17,5,11,3,2,1,1,3.5,3.25,2.2,3.63,3.44,2.2,3.63,3.44,2.3,3.42,3.31,2.21,42.0,2016/2017
D1,2017-03-11,Freiburg,Hoffenheim,1,1,D,6,23,4,7,12,11,6,6,2,2,0,0,3.0,3.4,2.38,3.15,3.63,2.34,3.15,3.63,2.5,3.04,3.44,2.33,42.0,2016/2017
D1,2017-03-11,Bayern Munich,Ein Frankfurt,3,0,H,16,10,7,4,11,8,3,2,2,3,0,0,1.13,9.0,21.0,1.13,10.15,27.15,1.15,10.4,29.0,1.12,9.05,24.69,43.0,2016/2017
D1,2017-03-11,Hertha,Dortmund,2,1,H,16,18,4,2,7,15,4,8,2,4,0,0,5.25,4.0,1.65,5.54,3.91,1.71,5.7,4.0,1.77,5.24,3.83,1.68,43.0,2016/2017
D1,2017-03-11,Ingolstadt,FC Koln,2,2,D,26,7,9,2,13,24,11,0,4,3,0,0,2.5,3.1,3.1,2.56,3.16,3.19,2.64,3.3,3.2,2.52,3.1,3.04,42.0,2016/2017
D1,2017-03-11,RB Leipzig,Wolfsburg,0,1,A,11,15,6,5,16,17,7,3,3,4,0,0,1.62,3.8,6.0,1.62,4.18,6.07,1.67,4.3,6.07,1.6,4.01,5.66,43.0,2016/2017
D1,2017-03-12,Hamburg,M'gladbach,2,1,H,17,7,6,3,8,18,8,4,1,2,0,0,2.75,3.3,2.6,2.92,3.3,2.67,2.92,3.4,2.7,2.8,3.24,2.62,43.0,2016/2017
D1,2017-03-12,Schalke 04,Augsburg,3,0,H,25,9,7,3,20,10,7,4,3,0,0,0,1.75,3.5,5.25,1.76,3.7,5.48,1.8,3.75,5.5,1.74,3.6,5.08,43.0,2016/2017
D1,2017-03-17,Dortmund,Ingolstadt,1,0,H,10,14,2,2,12,23,4,2,1,3,0,0,1.3,5.5,10.5,1.3,5.9,12.36,1.33,6.15,12.75,1.29,5.58,11.02,45.0,2016/2017
D1,2017-03-18,FC Koln,Hertha,4,2,H,7,8,6,6,12,12,2,9,2,3,0,0,2.38,3.2,3.2,2.42,3.2,3.39,2.47,3.3,3.39,2.38,3.17,3.21,45.0,2016/2017
D1,2017-03-18,Augsburg,Freiburg,1,1,D,15,7,3,3,16,21,3,1,2,2,0,0,2.4,3.3,3.0,2.4,3.34,3.29,2.48,3.34,3.29,2.39,3.25,3.1,45.0,2016/2017
D1,2017-03-18,Ein Frankfurt,Hamburg,0,0,D,7,5,1,0,19,24,4,7,1,1,0,0,2.2,3.2,3.5,2.26,3.34,3.59,2.33,3.37,3.59,2.25,3.25,3.39,45.0,2016/2017
D1,2017-03-18,Werder Bremen,RB Leipzig,3,0,H,9,7,4,2,11,18,4,5,2,1,0,0,3.5,3.6,2.05,3.8,3.69,2.06,3.8,3.75,2.12,3.64,3.54,2.03,45.0,2016/2017
D1,2017-03-18,Wolfsburg,Darmstadt,1,0,H,18,6,4,1,15,14,6,4,2,3,0,0,1.5,4.0,7.5,1.53,4.39,7.25,1.58,4.45,7.5,1.53,4.17,6.54,45.0,2016/2017
D1,2017-03-18,Hoffenheim,Leverkusen,1,0,H,13,16,4,7,12,14,2,7,1,1,0,0,2.15,3.6,3.3,2.2,3.73,3.4,2.35,3.75,3.55,2.15,3.58,3.29,45.0,2016/2017
D1,2017-03-19,Mainz,Schalke 04,0,1,A,18,9,5,5,10,15,10,4,2,4,0,0,2.63,3.5,2.63,2.78,3.34,2.77,2.78,3.5,2.8,2.68,3.3,2.69,45.0,2016/2017
D1,2017-03-19,M'gladbach,Bayern Munich,0,1,A,14,18,1,6,5,11,5,4,0,2,0,0,8.0,4.75,1.4,7.95,4.95,1.44,8.0,5.0,1.45,7.67,4.71,1.42,44.0,2016/2017
D1,2017-03-31,Hertha,Hoffenheim,1,3,A,5,28,3,8,18,13,0,8,2,1,1,0,2.9,3.1,2.6,3.02,3.28,2.6,3.05,3.4,2.82,2.84,3.22,2.61,45.0,2016/2017
D1,2017-04-01,Freiburg,Werder Bremen,2,5,A,13,11,4,7,9,14,5,5,2,1,0,0,2.25,3.5,3.2,2.27,3.52,3.39,2.4,3.57,3.39,2.25,3.44,3.21,44.0,2016/2017
D1,2017-04-01,Bayern Munich,Augsburg,6,0,H,21,6,8,2,6,9,5,1,0,2,0,0,1.1,10.0,26.0,1.12,11.11,28.07,1.13,11.51,31.0,1.1,9.94,25.76,44.0,2016/2017
D1,2017-04-01,Ein Frankfurt,M'gladbach,0,0,D,15,6,4,1,13,12,10,1,4,2,0,1,2.5,3.3,2.9,2.61,3.25,3.03,2.7,3.32,3.03,2.57,3.22,2.87,44.0,2016/2017
D1,2017-04-01,RB Leipzig,Darmstadt,4,0,H,25,11,10,1,12,15,10,4,1,2,0,1,1.36,5.0,9.0,1.37,5.15,10.39,1.4,5.5,10.5,1.35,4.97,9.45,45.0,2016/2017
D1,2017-04-01,Schalke 04,Dortmund,1,1,D,9,7,3,2,13,17,9,4,1,2,0,0,3.75,3.6,2.0,3.85,3.85,2.0,3.92,3.85,2.1,3.72,3.63,1.99,44.0,2016/2017
D1,2017-04-01,Hamburg,FC Koln,2,1,H,14,7,4,1,19,13,5,1,2,3,0,0,2.38,3.2,3.2,2.4,3.25,3.37,2.5,3.35,3.42,2.34,3.21,3.23,44.0,2016/2017
D1,2017-04-02,Ingolstadt,Mainz,2,1,H,12,10,5,1,25,26,4,4,4,3,0,0,2.1,3.3,3.8,2.23,3.34,3.67,2.35,3.4,3.8,2.17,3.26,3.54,43.0,2016/2017
D1,2017-04-02,Leverkusen,Wolfsburg,3,3,D,8,18,5,9,18,14,2,10,1,2,0,0,1.8,3.75,4.5,1.85,3.8,4.63,1.87,3.82,4.67,1.82,3.67,4.39,44.0,2016/2017
D1,2017-04-04,Dortmund,Hamburg,3,0,H,17,16,10,6,6,12,6,4,1,3,0,0,1.29,5.75,10.0,1.3,6.18,11.49,1.34,6.25,11.51,1.29,5.81,10.11,45.0,2016/2017
D1,2017-04-04,FC Koln,Ein Frankfurt,1,0,H,5,11,1,2,11,20,0,5,0,2,0,0,2.35,3.2,3.2,2.42,3.26,3.33,2.42,3.35,3.71,2.33,3.17,3.3,45.0,2016/2017
D1,2017-04-04,Hoffenheim,Bayern Munich,1,0,H,14,21,4,6,17,12,7,9,0,1,0,0,6.0,4.6,1.5,6.49,4.59,1.54,6.5,4.76,1.6,5.92,4.48,1.53,45.0,2016/2017
D1,2017-04-04,Werder Bremen,Schalke 04,3,0,H,11,14,6,3,9,19,4,3,0,2,0,0,3.0,3.5,2.3,3.1,3.53,2.41,3.2,3.6,2.5,3.04,3.41,2.36,45.0,2016/2017
D1,2017-04-05,Augsburg,Ingolstadt,2,3,A,13,13,5,6,16,13,3,5,3,2,0,0,2.7,3.1,2.8,2.79,3.15,2.91,2.77,3.3,2.94,2.67,3.1,2.83,42.0,2016/2017
D1,2017-04-05,Wolfsburg,Freiburg,0,1,A,17,16,4,5,12,16,6,3,0,1,0,0,1.73,3.75,5.0,1.75,3.87,5.27,1.82,3.9,5.27,1.74,3.71,4.92,43.0,2016/2017
D1,2017-04-05,Darmstadt,Leverkusen,0,2,A,13,14,2,7,11,13,3,8,0,2,0,0,5.0,3.8,1.7,5.04,4.11,1.73,5.4,4.11,1.76,4.88,3.9,1.7,44.0,2016/2017
D1,2017-04-05,M'gladbach,Hertha,1,0,H,22,12,7,2,12,12,8,4,1,1,0,0,1.83,3.5,4.5,1.82,3.61,5.19,1.88,3.62,5.19,1.8,3.47,4.82,44.0,2016/2017
D1,2017-04-05,Mainz,RB Leipzig,2,3,A,18,15,3,7,16,20,8,3,6,4,1,0,3.4,3.4,2.15,3.5,3.45,2.25,3.53,3.5,2.27,3.36,3.37,2.19,44.0,2016/2017
D1,2017-04-07,Ein Frankfurt,Werder Bremen,2,2,D,16,8,7,4,19,8,4,1,2,2,0,0,2.0,3.5,3.8,2.07,3.62,3.83,2.2,3.72,3.9,2.03,3.51,3.72,45.0,2016/2017
D1,2017-04-08,FC Koln,M'gladbach,2,3,A,9,16,2,7,17,10,5,6,2,2,0,0,2.63,3.2,2.8,2.69,3.2,2.98,2.7,3.4,2.98,2.62,3.19,2.83,44.0,2016/2017
D1,2017-04-08,Bayern Munich,Dortmund,4,1,H,18,9,6,3,14,10,6,3,2,3,0,0,1.62,4.0,5.5,1.63,4.32,5.71,1.7,4.32,5.76,1.63,4.0,5.38,45.0,2016/2017
D1,2017-04-08,Freiburg,Mainz,1,0,H,7,9,3,3,12,14,1,6,0,3,0,0,2.38,3.4,3.0,2.48,3.42,3.08,2.5,3.5,3.15,2.41,3.3,3.02,43.0,2016/2017
D1,2017-04-08,Hamburg,Hoffenheim,2,1,H,12,12,6,4,22,22,8,4,4,4,0,0,3.5,3.5,2.1,3.44,3.59,2.22,3.65,3.62,2.3,3.41,3.46,2.15,44.0,2016/2017
D1,2017-04-08,Schalke 04,Wolfsburg,4,1,H,12,18,7,1,17,10,5,1,1,2,0,0,2.0,3.5,3.75,2.1,3.58,3.78,2.12,3.6,3.87,2.05,3.46,3.66,43.0,2016/2017
D1,2017-04-08,RB Leipzig,Leverkusen,1,0,H,14,14,5,3,13,12,8,2,0,1,1,0,1.91,3.6,4.0,1.97,3.74,4.07,2.05,3.77,4.16,1.96,3.57,3.86,44.0,2016/2017
D1,2017-04-09,Hertha,Augsburg,2,0,H,18,5,8,0,17,20,7,0,1,2,0,0,1.75,3.5,5.25,1.83,3.53,5.22,1.85,3.6,5.5,1.79,3.45,5.02,43.0,2016/2017
D1,2017-04-09,Ingolstadt,Darmstadt,3,2,H,23,10,10,5,12,11,5,2,1,0,1,1,1.5,4.0,7.5,1.56,4.16,7.3,1.57,4.3,7.7,1.52,4.03,6.92,42.0,2016/2017
D1,2017-04-15,Hoffenheim,M'gladbach,5,3,H,16,10,9,4,6,20,5,1,2,4,0,0,2.0,3.5,3.6,2.01,3.78,3.93,2.1,3.78,3.93,2.01,3.56,3.67,43.0,2016/2017
D1,2017-04-15,Dortmund,Ein Frankfurt,3,1,H,15,9,7,2,12,23,4,1,0,0,0,0,1.44,4.33,7.0,1.47,4.78,7.81,1.48,4.85,8.25,1.44,4.51,7.41,44.0,2016/2017
D1,2017-04-15,RB Leipzig,Freiburg,4,0,H,13,11,6,2,19,13,6,0,1,2,0,0,1.44,4.33,7.0,1.46,4.73,8.22,1.48,4.9,8.55,1.43,4.45,7.62,42.0,2016/2017
D1,2017-04-15,Augsburg,FC Koln,2,1,H,7,12,6,0,19,17,2,8,2,3,2,0,2.8,3.2,2.55,2.92,3.23,2.72,2.94,3.3,2.74,2.82,3.17,2.62,42.0,2016/2017
D1,2017-04-15,Mainz,Hertha,1,0,H,17,6,3,2,10,18,7,3,1,3,0,0,2.25,3.2,3.3,2.27,3.27,3.65,2.31,3.4,3.65,2.25,3.21,3.39,44.0,2016/2017
D1,2017-04-15,Wolfsburg,Ingolstadt,3,0,H,9,6,6,3,14,17,2,4,2,3,0,0,2.0,3.3,3.75,2.08,3.51,3.94,2.12,3.51,4.0,2.04,3.37,3.75,43.0,2016/2017
D1,2017-04-15,Leverkusen,Bayern Munich,0,0,D,9,21,2,6,9,12,1,4,1,0,1,0,4.75,4.2,1.62,5.16,4.31,1.68,5.16,4.33,1.73,4.77,4.08,1.67,42.0,2016/2017
D1,2017-04-16,Darmstadt,Schalke 04,2,1,H,11,26,5,8,24,14,2,9,5,3,0,1,5.75,3.8,1.6,5.64,4.07,1.68,6.2,4.07,1.7,5.25,3.9,1.66,41.0,2016/2017
D1,2017-04-16,Werder Bremen,Hamburg,2,1,H,13,6,5,4,13,15,4,3,3,1,0,0,2.25,3.4,3.1,2.28,3.61,3.28,2.31,3.61,3.4,2.25,3.43,3.17,42.0,2016/2017
D1,2017-04-21,FC Koln,Hoffenheim,1,1,D,12,11,6,6,9,11,6,4,2,0,0,0,3.0,3.4,2.38,3.02,3.6,2.43,3.1,3.6,2.45,2.97,3.46,2.37,42.0,2016/2017
D1,2017-04-22,Hertha,Wolfsburg,1,0,H,14,10,5,2,10,18,5,2,3,5,0,0,2.5,3.3,2.9,2.55,3.39,3.0,2.6,3.4,3.15,2.47,3.28,2.92,42.0,2016/2017
D1,2017-04-22,Ingolstadt,Werder Bremen,2,4,A,15,9,5,5,16,11,9,2,3,2,0,0,2.2,3.5,3.2,2.29,3.66,3.22,2.34,3.66,3.4,2.25,3.47,3.16,43.0,2016/2017
D1,2017-04-22,Bayern Munich,Mainz,2,2,D,19,10,6,5,5,6,14,2,1,1,0,0,1.18,7.0,17.0,1.2,7.72,17.53,1.21,7.95,19.0,1.18,7.11,16.02,42.0,2016/2017
D1,2017-04-22,Ein Frankfurt,Augsburg,3,1,H,20,10,7,4,14,8,4,2,2,1,0,0,1.75,3.6,5.0,1.76,3.75,5.41,1.85,3.77,5.41,1.74,3.59,5.04,42.0,2016/2017
D1,2017-04-22,Hamburg,Darmstadt,1,2,A,13,9,6,4,14,18,9,6,3,2,0,0,1.4,4.75,8.0,1.45,4.9,8.0,1.46,4.94,8.5,1.42,4.64,7.7,42.0,2016/2017
D1,2017-04-22,M'gladbach,Dortmund,2,3,A,7,12,3,6,8,13,2,4,2,3,0,0,3.5,3.7,2.05,3.59,3.94,2.05,3.7,3.94,2.11,3.49,3.7,2.03,43.0,2016/2017
D1,2017-04-23,Freiburg,Leverkusen,2,1,H,11,11,5,4,7,13,5,5,2,2,0,0,3.4,3.6,2.1,3.63,3.65,2.12,3.63,3.69,2.3,3.41,3.49,2.12,42.0,2016/2017
D1,2017-04-23,Schalke 04,RB Leipzig,1,1,D,11,9,1,1,18,21,5,5,3,2,0,0,3.0,3.5,2.3,3.09,3.55,2.41,3.1,3.55,2.6,2.96,3.41,2.38,42.0,2016/2017
D1,2017-04-28,Leverkusen,Schalke 04,1,4,A,13,12,4,8,15,10,2,3,3,0,0,0,2.1,3.5,3.5,2.13,3.57,3.63,2.2,3.63,3.63,2.12,3.48,3.44,43.0,2016/2017
D1,2017-04-29,Darmstadt,Freiburg,3,0,H,14,9,4,4,16,15,7,6,2,0,0,0,3.3,3.3,2.25,3.36,3.48,2.3,3.4,3.5,2.31,3.22,3.39,2.23,42.0,2016/2017
D1,2017-04-29,Dortmund,FC Koln,0,0,D,23,5,4,0,8,13,9,0,2,2,0,0,1.29,5.75,10.0,1.29,6.43,11.03,1.32,6.43,11.03,1.28,5.9,10.09,41.0,2016/2017
D1,2017-04-29,Mainz,M'gladbach,1,2,A,17,13,8,5,9,15,8,3,1,1,0,0,2.2,3.4,3.3,2.19,3.62,3.48,2.3,3.68,3.48,2.17,3.47,3.29,43.0,2016/2017
D1,2017-04-29,RB Leipzig,Ingolstadt,0,0,D,15,6,3,0,14,16,5,3,3,4,0,1,1.45,4.5,7.0,1.48,4.69,7.66,1.55,4.7,7.66,1.47,4.45,6.67,43.0,2016/2017
D1,2017-04-29,Werder Bremen,Hertha,2,0,H,9,10,4,2,9,17,2,2,1,1,0,0,2.05,3.5,3.6,1.98,3.66,4.14,2.08,3.66,4.14,1.99,3.5,3.77,43.0,2016/2017
D1,2017-04-29,Wolfsburg,Bayern Munich,0,6,A,7,17,3,9,12,10,4,4,0,0,1,0,8.0,4.75,1.4,8.78,5.01,1.41,9.0,5.05,1.45,8.03,4.86,1.39,41.0,2016/2017
D1,2017-04-30,Augsburg,Hamburg,4,0,H,17,9,9,4,9,16,4,4,1,4,0,0,2.5,3.3,2.9,2.58,3.35,2.95,2.59,3.4,3.0,2.5,3.25,2.86,42.0,2016/2017
D1,2017-04-30,Hoffenheim,Ein Frankfurt,1,0,H,8,4,1,2,22,18,3,4,0,3,0,0,1.57,4.0,6.0,1.56,4.46,6.43,1.62,4.46,6.43,1.56,4.17,5.74,42.0,2016/2017
D1,2017-05-05,FC Koln,Werder Bremen,4,3,H,16,11,9,4,9,10,5,1,0,2,0,0,2.55,3.5,2.7,2.6,3.65,2.77,2.65,3.75,2.88,2.53,3.51,2.72,42.0,2016/2017
D1,2017-05-06,Ein Frankfurt,Wolfsburg,0,2,A,7,7,2,3,12,14,2,4,1,2,0,0,2.6,3.4,2.7,2.67,3.48,2.79,2.7,3.5,2.8,2.62,3.32,2.73,42.0,2016/2017
D1,2017-05-06,Dortmund,Hoffenheim,2,1,H,11,10,4,5,17,11,6,2,4,2,0,0,1.5,4.75,5.75,1.47,5.11,6.88,1.55,5.11,6.88,1.49,4.83,5.85,42.0,2016/2017
D1,2017-05-06,Bayern Munich,Darmstadt,1,0,H,23,13,8,3,10,7,13,7,1,1,0,0,1.07,13.0,26.0,1.08,13.0,48.75,1.1,15.0,48.75,1.07,12.18,34.19,43.0,2016/2017
D1,2017-05-06,M'gladbach,Augsburg,1,1,D,18,11,5,4,8,15,3,5,2,2,0,0,1.73,3.8,4.75,1.76,4.03,4.87,1.77,4.03,5.0,1.72,3.84,4.75,42.0,2016/2017
D1,2017-05-06,Ingolstadt,Leverkusen,1,1,D,10,12,2,6,13,12,7,6,1,3,0,0,2.38,3.5,2.9,2.46,3.61,2.98,2.57,3.66,2.98,2.44,3.48,2.84,42.0,2016/2017
D1,2017-05-06,Hertha,RB Leipzig,1,4,A,6,14,1,8,15,15,3,8,3,3,0,0,3.5,3.5,2.1,3.66,3.48,2.18,3.66,3.5,2.3,3.47,3.36,2.16,42.0,2016/2017
D1,2017-05-07,Freiburg,Schalke 04,2,0,H,13,14,5,3,14,13,2,4,0,2,0,0,3.3,3.5,2.15,3.55,3.71,2.14,3.55,3.71,2.3,3.38,3.51,2.13,42.0,2016/2017
D1,2017-05-07,Hamburg,Mainz,0,0,D,6,13,2,6,16,17,5,3,2,1,0,0,2.38,3.4,3.0,2.44,3.55,3.04,2.44,3.55,3.25,2.36,3.39,3.02,41.0,2016/2017
D1,2017-05-13,Augsburg,Dortmund,1,1,D,5,15,3,5,17,7,2,3,2,1,0,0,6.0,4.6,1.5,6.22,4.86,1.53,6.5,4.91,1.6,6.06,4.6,1.5,44.0,2016/2017
D1,2017-05-13,Freiburg,Ingolstadt,1,1,D,11,23,4,9,18,27,4,3,2,3,0,0,2.38,3.5,2.9,2.37,3.68,3.06,2.45,3.76,3.06,2.35,3.51,2.94,44.0,2016/2017
D1,2017-05-13,Mainz,Ein Frankfurt,4,2,H,21,6,8,4,16,22,7,0,4,4,0,0,1.7,3.8,5.0,1.75,3.91,5.22,1.77,4.0,5.3,1.72,3.8,4.88,44.0,2016/2017
D1,2017-05-13,Leverkusen,FC Koln,2,2,D,27,7,9,4,12,12,7,3,0,2,0,0,2.1,3.5,3.5,2.19,3.71,3.4,2.3,3.71,3.55,2.14,3.52,3.35,43.0,2016/2017
D1,2017-05-13,Schalke 04,Hamburg,1,1,D,12,18,1,4,14,15,5,7,3,1,0,0,2.05,3.75,3.5,2.03,3.82,3.76,2.1,3.82,3.8,2.02,3.61,3.6,44.0,2016/2017
D1,2017-05-13,RB Leipzig,Bayern Munich,4,5,A,11,20,6,9,19,11,2,6,1,5,0,0,3.75,3.7,1.95,3.81,3.92,1.99,4.0,3.92,2.1,3.76,3.73,1.94,44.0,2016/2017
D1,2017-05-13,Wolfsburg,M'gladbach,1,1,D,11,14,6,6,12,12,3,7,3,1,0,0,1.95,3.6,4.0,2.02,3.9,3.74,2.05,3.9,4.05,1.97,3.7,3.68,44.0,2016/2017
D1,2017-05-13,Werder Bremen,Hoffenheim,3,5,A,16,16,7,9,10,14,10,4,1,1,0,0,2.63,3.6,2.55,2.63,3.89,2.61,2.7,3.9,2.63,2.6,3.69,2.54,43.0,2016/2017
D1,2017-05-13,Darmstadt,Hertha,0,2,A,11,16,2,5,17,14,4,6,3,0,0,0,3.5,3.4,2.15,3.62,3.55,2.16,3.62,3.55,2.22,3.44,3.39,2.15,44.0,2016/2017
D1,2017-05-20,Bayern Munich,Freiburg,4,1,H,33,19,11,8,10,10,15,7,1,0,0,0,1.17,8.0,15.0,1.2,8.7,14.3,1.22,8.7,15.5,1.18,7.81,13.65,42.0,2016/2017
D1,2017-05-20,Dortmund,Werder Bremen,4,3,H,28,11,11,5,15,17,9,3,4,3,0,0,1.2,7.5,12.0,1.23,8.38,11.81,1.23,8.38,13.0,1.2,7.57,11.32,42.0,2016/2017
D1,2017-05-20,Ein Frankfurt,RB Leipzig,2,2,D,16,7,3,5,12,17,4,3,1,2,0,0,4.0,3.6,1.91,3.86,3.93,1.97,4.0,3.93,2.0,3.76,3.73,1.93,42.0,2016/2017
D1,2017-05-20,FC Koln,Mainz,2,0,H,16,5,4,0,14,17,7,5,2,1,0,0,1.62,4.0,5.5,1.66,4.24,5.47,1.66,4.33,5.8,1.62,4.11,5.33,41.0,2016/2017
D1,2017-05-20,Hamburg,Wolfsburg,2,1,H,6,12,3,5,12,18,2,8,4,3,0,0,2.6,3.4,2.7,2.72,3.5,2.72,2.72,3.51,2.9,2.62,3.33,2.69,42.0,2016/2017
D1,2017-05-20,Hertha,Leverkusen,2,6,A,14,16,5,11,17,13,3,6,3,1,0,0,2.05,3.4,3.8,2.02,3.66,3.96,2.08,3.66,4.1,2.02,3.47,3.73,42.0,2016/2017
D1,2017-05-20,Hoffenheim,Augsburg,0,0,D,19,8,9,2,10,13,5,4,2,1,0,0,1.36,5.0,8.5,1.39,5.68,8.06,1.4,5.75,8.5,1.35,5.38,7.89,40.0,2016/2017
D1,2017-05-20,Ingolstadt,Schalke 04,1,1,D,18,9,8,3,9,11,6,6,1,1,0,1,2.63,3.5,2.6,2.68,3.77,2.62,2.7,3.77,2.68,2.62,3.52,2.57,42.0,2016/2017
D1,2017-05-20,M'gladbach,Darmstadt,2,2,D,18,13,10,4,6,8,5,3,1,0,0,0,1.33,5.5,8.5,1.35,5.86,9.02,1.37,5.86,9.7,1.34,5.4,8.51,42.0,2016/2017
D1,2017-08-18,Bayern Munich,Leverkusen,3,1,H,13,19,8,4,13,17,4,5,1,2,0,0,1.25,6.0,12.0,1.26,6.75,12.3,1.3,6.89,13.5,1.25,6.24,11.47,34.0,2017/2018
D1,2017-08-19,Hoffenheim,Werder Bremen,1,0,H,14,11,3,2,17,15,6,4,1,3,0,0,1.75,4.0,4.33,1.81,4.12,4.38,1.85,4.15,4.4,1.79,3.92,4.22,35.0,2017/2018
D1,2017-08-19,Hertha,Stuttgart,2,0,H,10,9,3,2,18,12,5,1,2,1,0,0,2.0,3.4,3.9,2.07,3.58,3.82,2.12,3.59,3.9,2.05,3.43,3.65,35.0,2017/2018
D1,2017-08-19,Hamburg,Augsburg,1,0,H,11,13,5,1,18,16,3,7,4,3,0,0,2.1,3.4,3.6,2.19,3.35,3.7,2.2,3.4,3.75,2.14,3.28,3.54,35.0,2017/2018
D1,2017-08-19,Mainz,Hannover,0,1,A,14,6,6,2,18,14,13,1,3,5,0,0,2.0,3.4,4.0,1.99,3.53,4.2,2.1,3.53,4.21,1.99,3.4,3.92,35.0,2017/2018
D1,2017-08-19,Wolfsburg,Dortmund,0,3,A,9,13,0,5,7,15,3,5,0,0,0,0,3.8,4.0,1.85,4.24,4.12,1.83,4.25,4.12,1.88,4.03,3.89,1.83,35.0,2017/2018
D1,2017-08-19,Schalke 04,RB Leipzig,2,0,H,11,12,5,3,22,18,4,5,2,2,0,0,2.8,3.4,2.5,2.91,3.43,2.57,2.91,3.5,2.7,2.78,3.34,2.54,35.0,2017/2018
D1,2017-08-20,Freiburg,Ein Frankfurt,0,0,D,7,15,1,2,8,17,3,7,1,2,0,0,2.45,3.25,3.0,2.56,3.3,3.02,2.56,3.4,3.05,2.48,3.22,2.93,35.0,2017/2018
D1,2017-08-20,M'gladbach,FC Koln,1,0,H,22,13,8,2,12,11,5,3,3,2,0,0,1.91,3.5,4.1,1.94,3.65,4.32,2.1,3.75,4.32,1.94,3.47,3.96,34.0,2017/2018
D1,2017-08-25,FC Koln,Hamburg,1,3,A,20,12,6,4,9,9,6,7,2,2,0,1,1.95,3.4,4.0,2.03,3.52,4.12,2.06,3.52,4.22,2.0,3.38,3.97,34.0,2017/2018
D1,2017-08-26,Ein Frankfurt,Wolfsburg,0,1,A,12,7,6,3,18,19,7,2,3,1,0,0,2.3,3.25,3.3,2.29,3.45,3.4,2.35,3.45,3.4,2.27,3.29,3.25,33.0,2017/2018
D1,2017-08-26,Dortmund,Hertha,2,0,H,18,7,8,4,12,9,4,4,1,1,0,0,1.36,5.0,7.5,1.38,5.35,9.23,1.4,5.45,9.23,1.37,5.06,8.1,33.0,2017/2018
D1,2017-08-26,Augsburg,M'gladbach,2,2,D,24,15,9,3,13,12,10,0,2,2,0,0,3.25,3.4,2.25,3.46,3.44,2.27,3.46,3.44,2.31,3.28,3.29,2.25,33.0,2017/2018
D1,2017-08-26,Leverkusen,Hoffenheim,2,2,D,16,6,3,4,16,11,6,1,2,2,0,0,2.05,3.6,3.6,2.08,3.87,3.55,2.2,3.87,3.6,2.06,3.62,3.44,31.0,2017/2018
D1,2017-08-26,Werder Bremen,Bayern Munich,0,2,A,4,19,1,8,9,10,2,8,1,1,0,0,11.0,6.5,1.25,13.18,6.83,1.25,13.18,7.15,1.27,11.29,6.47,1.24,34.0,2017/2018
D1,2017-08-26,Stuttgart,Mainz,1,0,H,17,13,4,6,12,18,5,6,2,1,0,0,2.3,3.4,3.1,2.32,3.56,3.25,2.4,3.56,3.25,2.29,3.38,3.1,33.0,2017/2018
D1,2017-08-27,Hannover,Schalke 04,1,0,H,11,8,3,1,17,17,2,6,1,2,0,0,3.3,3.4,2.2,3.44,3.53,2.24,3.48,3.6,2.25,3.27,3.44,2.2,33.0,2017/2018
D1,2017-08-27,RB Leipzig,Freiburg,4,1,H,29,7,11,2,11,13,8,2,2,0,0,1,1.36,5.0,8.5,1.36,5.25,10.44,1.45,5.25,10.44,1.35,4.96,9.07,34.0,2017/2018
D1,2017-09-08,Hamburg,RB Leipzig,0,2,A,9,19,2,4,14,11,4,14,1,1,0,0,4.0,3.6,1.91,3.88,3.76,2.01,4.1,3.76,2.05,3.84,3.59,1.96,32.0,2017/2018
D1,2017-09-09,Mainz,Leverkusen,3,1,H,14,13,5,2,16,15,1,3,2,2,0,0,3.0,3.4,2.38,3.0,3.55,2.44,3.0,3.55,2.65,2.91,3.44,2.4,32.0,2017/2018
D1,2017-09-09,M'gladbach,Ein Frankfurt,0,1,A,15,12,3,6,17,17,13,5,3,2,0,0,1.83,3.6,4.5,1.9,3.75,4.4,1.91,3.75,4.52,1.86,3.59,4.26,32.0,2017/2018
D1,2017-09-09,Augsburg,FC Koln,3,0,H,10,13,4,3,15,13,6,9,0,0,0,0,2.38,3.3,3.1,2.36,3.41,3.3,2.5,3.41,3.3,2.39,3.27,3.08,31.0,2017/2018
D1,2017-09-09,Freiburg,Dortmund,0,0,D,5,27,2,3,10,11,0,7,0,0,1,0,7.5,5.0,1.4,7.81,4.99,1.45,8.0,5.17,1.5,7.26,4.85,1.42,32.0,2017/2018
D1,2017-09-09,Hoffenheim,Bayern Munich,2,0,H,6,23,3,6,15,9,2,4,3,1,0,0,7.0,4.5,1.45,6.87,4.94,1.49,7.19,5.15,1.53,6.51,4.73,1.46,32.0,2017/2018
D1,2017-09-09,Wolfsburg,Hannover,1,1,D,17,7,6,2,13,20,3,1,0,1,0,0,1.83,3.6,4.5,1.84,3.69,4.86,2.0,3.69,4.86,1.85,3.54,4.4,32.0,2017/2018
D1,2017-09-10,Hertha,Werder Bremen,1,1,D,8,10,4,5,9,12,5,7,1,0,0,0,1.91,3.6,4.0,2.04,3.62,3.96,2.05,3.62,4.0,1.98,3.49,3.84,32.0,2017/2018
D1,2017-09-10,Schalke 04,Stuttgart,3,1,H,12,11,4,2,15,19,2,1,1,1,0,0,1.7,3.75,5.0,1.72,3.98,5.27,1.8,4.0,5.27,1.72,3.82,4.78,32.0,2017/2018
D1,2017-09-15,Hannover,Hamburg,2,0,H,17,12,4,3,17,16,4,7,1,0,0,0,1.95,3.5,4.0,2.0,3.51,4.22,2.2,3.58,4.22,1.97,3.45,3.96,35.0,2017/2018
D1,2017-09-16,Bayern Munich,Mainz,4,0,H,28,11,14,4,9,5,10,5,2,2,0,0,1.13,10.0,19.0,1.17,8.92,18.75,1.18,10.0,21.0,1.15,8.49,17.51,34.0,2017/2018
D1,2017-09-16,Ein Frankfurt,Augsburg,1,2,A,23,11,8,3,13,13,4,4,2,3,0,0,1.85,3.5,4.5,1.88,3.59,4.77,1.91,3.59,4.77,1.86,3.43,4.49,35.0,2017/2018
D1,2017-09-16,RB Leipzig,M'gladbach,2,2,D,10,10,3,3,13,12,3,2,1,1,1,0,1.67,3.8,5.5,1.7,4.08,5.36,1.71,4.2,5.5,1.67,3.97,4.99,35.0,2017/2018
D1,2017-09-16,Stuttgart,Wolfsburg,1,0,H,8,8,4,1,14,19,2,3,2,3,0,0,2.3,3.5,3.0,2.49,3.46,3.03,2.5,3.5,3.05,2.41,3.37,2.95,35.0,2017/2018
D1,2017-09-16,Werder Bremen,Schalke 04,1,2,A,16,11,2,4,15,17,6,5,2,2,0,0,2.8,3.5,2.5,2.81,3.51,2.63,2.81,3.57,2.75,2.71,3.4,2.58,35.0,2017/2018
D1,2017-09-17,Leverkusen,Freiburg,4,0,H,22,4,9,1,4,13,5,4,0,2,0,0,1.45,4.5,7.0,1.49,4.75,7.21,1.55,4.8,7.4,1.46,4.55,6.85,35.0,2017/2018
D1,2017-09-17,Dortmund,FC Koln,5,0,H,22,6,8,2,11,12,8,5,0,3,0,0,1.22,6.0,13.0,1.26,6.77,12.92,1.29,7.0,13.55,1.25,6.13,11.83,33.0,2017/2018
D1,2017-09-17,Hoffenheim,Hertha,1,1,D,8,9,2,4,15,20,5,2,2,2,0,0,1.67,3.8,5.5,1.74,3.99,5.19,1.75,4.0,5.5,1.71,3.82,4.89,35.0,2017/2018
D1,2017-09-19,Augsburg,RB Leipzig,1,0,H,11,14,4,3,15,17,3,2,2,2,0,0,3.5,3.5,2.1,3.68,3.56,2.14,3.68,3.6,2.2,3.49,3.46,2.11,34.0,2017/2018
D1,2017-09-19,M'gladbach,Stuttgart,2,0,H,9,11,3,4,9,8,4,1,0,1,0,0,1.7,3.8,5.0,1.68,4.18,5.22,1.73,4.18,5.25,1.68,3.95,4.95,34.0,2017/2018
D1,2017-09-19,Schalke 04,Bayern Munich,0,3,A,11,12,4,8,13,11,2,6,1,1,0,0,7.0,4.75,1.44,7.31,4.89,1.47,7.4,5.05,1.5,6.88,4.74,1.44,34.0,2017/2018
D1,2017-09-19,Wolfsburg,Werder Bremen,1,1,D,13,11,4,4,10,18,3,4,1,2,0,0,2.05,3.5,3.6,2.07,3.62,3.85,2.11,3.62,3.85,2.04,3.49,3.65,34.0,2017/2018
D1,2017-09-20,Hamburg,Dortmund,0,3,A,6,17,2,7,15,14,4,3,3,0,0,0,7.0,4.75,1.44,7.08,4.96,1.48,7.5,5.0,1.5,6.91,4.74,1.44,36.0,2017/2018
D1,2017-09-20,Hertha,Leverkusen,2,1,H,5,12,3,5,12,25,3,6,1,2,0,0,3.3,3.4,2.2,3.45,3.57,2.22,3.46,3.55,2.4,3.22,3.41,2.23,36.0,2017/2018
D1,2017-09-20,FC Koln,Ein Frankfurt,0,1,A,17,8,8,4,20,20,4,5,2,1,0,0,2.88,3.1,2.63,2.95,3.24,2.68,2.95,3.3,2.7,2.83,3.15,2.62,36.0,2017/2018
D1,2017-09-20,Freiburg,Hannover,1,1,D,23,14,5,3,17,19,5,3,2,4,0,0,2.8,3.25,2.6,2.92,3.28,2.68,2.93,3.31,2.75,2.79,3.21,2.62,36.0,2017/2018
D1,2017-09-20,Mainz,Hoffenheim,2,3,A,20,18,6,6,9,13,5,11,3,3,0,0,2.7,3.4,2.6,2.73,3.69,2.61,2.85,3.69,2.65,2.67,3.46,2.57,35.0,2017/2018
D1,2017-09-22,Bayern Munich,Wolfsburg,2,2,D,19,8,3,3,9,11,7,3,1,2,0,0,1.14,8.5,19.0,1.14,10.65,22.14,1.15,10.65,26.0,1.13,9.14,19.97,37.0,2017/2018
D1,2017-09-23,Dortmund,M'gladbach,6,1,H,18,8,9,5,2,6,7,0,0,1,0,0,1.44,4.75,7.0,1.44,5.3,7.33,1.45,5.3,7.33,1.42,4.96,6.87,37.0,2017/2018
D1,2017-09-23,Hoffenheim,Schalke 04,2,0,H,12,17,6,3,16,15,0,5,3,2,0,0,2.2,3.5,3.25,2.21,3.64,3.4,2.27,3.64,3.4,2.21,3.47,3.21,37.0,2017/2018
D1,2017-09-23,Mainz,Hertha,1,0,H,8,4,3,1,22,22,4,1,3,3,0,1,2.2,3.3,3.4,2.26,3.36,3.58,2.5,3.4,3.6,2.19,3.26,3.46,37.0,2017/2018
D1,2017-09-23,RB Leipzig,Ein Frankfurt,2,1,H,17,9,5,3,9,16,2,4,1,2,0,0,1.7,3.8,5.0,1.72,3.98,5.3,1.74,4.0,5.5,1.69,3.83,5.04,37.0,2017/2018
D1,2017-09-23,Stuttgart,Augsburg,0,0,D,15,9,2,2,7,14,5,3,1,2,0,0,2.1,3.4,3.6,2.15,3.48,3.73,2.3,3.6,3.73,2.11,3.44,3.49,37.0,2017/2018
D1,2017-09-23,Werder Bremen,Freiburg,0,0,D,17,13,6,6,15,9,4,5,2,1,0,0,1.7,4.0,4.75,1.79,4.07,4.61,1.79,4.1,4.75,1.74,3.94,4.51,37.0,2017/2018
D1,2017-09-24,Hannover,FC Koln,0,0,D,14,6,1,1,17,17,6,7,4,2,0,0,1.95,3.6,3.8,2.01,3.54,4.16,2.1,3.6,4.16,1.97,3.42,3.95,36.0,2017/2018
D1,2017-09-24,Leverkusen,Hamburg,3,0,H,17,12,6,2,17,18,6,3,2,2,0,0,1.36,5.0,8.5,1.42,5.19,8.03,1.45,5.25,8.5,1.39,4.96,7.83,37.0,2017/2018
D1,2017-09-29,Schalke 04,Leverkusen,1,1,D,14,10,5,6,19,16,7,4,2,3,0,0,2.3,3.4,3.1,2.45,3.6,2.99,2.51,3.6,3.1,2.42,3.42,2.87,38.0,2017/2018
D1,2017-09-30,Hamburg,Werder Bremen,0,0,D,17,8,6,3,13,27,6,7,1,3,0,0,2.7,3.2,2.75,2.72,3.45,2.76,2.75,3.5,2.76,2.64,3.32,2.65,38.0,2017/2018
D1,2017-09-30,Ein Frankfurt,Stuttgart,2,1,H,10,13,6,5,10,17,3,6,1,1,1,0,1.95,3.5,4.0,1.96,3.62,4.26,2.0,3.7,4.3,1.93,3.47,4.01,38.0,2017/2018
D1,2017-09-30,Wolfsburg,Mainz,1,1,D,6,10,2,3,7,13,5,6,4,4,1,0,2.1,3.4,3.6,2.11,3.49,3.87,2.15,3.5,3.87,2.07,3.36,3.61,36.0,2017/2018
D1,2017-09-30,M'gladbach,Hannover,2,1,H,23,15,8,2,12,13,8,7,1,1,0,0,1.73,3.6,5.25,1.75,4.0,5.06,1.76,4.0,5.25,1.72,3.77,4.77,38.0,2017/2018
D1,2017-09-30,Augsburg,Dortmund,1,2,A,10,14,5,8,23,12,5,5,4,1,0,0,7.5,4.5,1.44,6.8,4.73,1.51,7.5,4.75,1.51,6.68,4.45,1.47,37.0,2017/2018
D1,2017-10-01,FC Koln,RB Leipzig,1,2,A,16,23,6,10,9,13,9,7,0,2,0,0,3.8,3.5,2.0,3.84,3.65,2.04,3.85,3.65,2.1,3.67,3.49,2.0,37.0,2017/2018
D1,2017-10-01,Freiburg,Hoffenheim,3,2,H,15,15,6,6,13,17,9,7,2,3,0,0,3.6,3.5,2.05,3.56,3.73,2.11,3.8,3.75,2.11,3.5,3.56,2.04,36.0,2017/2018
D1,2017-10-01,Hertha,Bayern Munich,2,2,D,10,15,5,5,14,11,1,9,0,2,0,0,8.5,5.0,1.36,9.1,5.09,1.4,9.5,5.09,1.45,8.43,4.74,1.38,37.0,2017/2018
D1,2017-10-13,Stuttgart,FC Koln,2,1,H,22,17,7,3,12,13,5,4,2,3,0,0,1.83,3.6,4.33,1.9,3.66,4.52,2.2,3.75,4.55,1.88,3.55,4.22,34.0,2017/2018
D1,2017-10-14,Hannover,Ein Frankfurt,1,2,A,10,12,2,4,15,16,6,5,3,3,0,0,2.38,3.2,3.1,2.53,3.26,3.15,2.6,3.3,3.2,2.45,3.17,3.05,32.0,2017/2018
D1,2017-10-14,Bayern Munich,Freiburg,5,0,H,22,6,10,2,5,7,9,1,0,0,0,0,1.08,13.0,21.0,1.1,14.43,24.5,1.12,15.5,34.0,1.08,11.91,25.54,33.0,2017/2018
D1,2017-10-14,Dortmund,RB Leipzig,2,3,A,15,7,8,6,16,19,3,2,2,5,1,1,1.5,4.5,6.5,1.55,4.67,6.26,1.6,4.75,6.5,1.52,4.47,5.9,33.0,2017/2018
D1,2017-10-14,Hoffenheim,Augsburg,2,2,D,22,13,7,5,5,11,6,3,1,0,0,0,1.8,3.75,4.5,1.88,3.87,4.37,1.9,3.9,4.8,1.81,3.73,4.32,33.0,2017/2018
D1,2017-10-14,Mainz,Hamburg,3,2,H,14,9,4,2,14,17,4,2,1,1,0,0,1.7,3.75,5.25,1.75,3.83,5.38,1.8,3.9,5.5,1.73,3.69,4.99,33.0,2017/2018
D1,2017-10-14,Hertha,Schalke 04,0,2,A,2,10,0,6,12,20,1,5,1,2,1,0,2.5,3.3,2.9,2.68,3.2,2.99,2.7,3.3,3.0,2.59,3.17,2.87,33.0,2017/2018
D1,2017-10-15,Leverkusen,Wolfsburg,2,2,D,17,11,10,4,16,13,11,2,2,2,0,0,1.53,4.33,6.0,1.6,4.41,5.91,1.7,4.5,6.3,1.56,4.23,5.67,33.0,2017/2018
D1,2017-10-15,Werder Bremen,M'gladbach,0,2,A,18,16,5,8,11,10,5,5,1,0,0,0,2.63,3.5,2.6,2.76,3.69,2.59,2.9,3.75,2.65,2.67,3.5,2.53,33.0,2017/2018
D1,2017-10-20,Schalke 04,Mainz,2,0,H,14,4,5,2,17,15,5,1,3,0,0,0,1.8,3.7,4.5,1.82,3.8,4.82,1.85,3.85,4.85,1.79,3.62,4.64,33.0,2017/2018
D1,2017-10-21,Ein Frankfurt,Dortmund,2,2,D,14,20,7,7,14,10,4,4,2,3,0,0,5.0,3.75,1.72,4.97,4.01,1.76,5.25,4.01,1.77,4.86,3.8,1.72,35.0,2017/2018
D1,2017-10-21,Hamburg,Bayern Munich,0,1,A,7,21,3,4,9,9,7,7,1,2,1,0,19.0,7.0,1.16,18.45,8.52,1.18,21.0,8.53,1.2,17.08,7.5,1.17,35.0,2017/2018
D1,2017-10-21,Augsburg,Hannover,1,2,A,15,11,5,6,11,9,11,2,1,2,0,0,2.04,3.5,3.6,2.06,3.53,3.98,2.1,3.6,4.0,2.02,3.42,3.74,35.0,2017/2018
D1,2017-10-21,M'gladbach,Leverkusen,1,5,A,19,13,3,6,12,11,4,4,3,0,0,0,2.45,3.39,2.87,2.56,3.78,2.75,2.56,3.78,3.15,2.45,3.56,2.75,34.0,2017/2018
D1,2017-10-21,RB Leipzig,Stuttgart,1,0,H,15,11,3,2,10,18,3,5,0,1,0,0,1.53,4.0,7.0,1.54,4.5,6.69,1.57,4.55,7.0,1.52,4.27,6.26,35.0,2017/2018
D1,2017-10-22,FC Koln,Werder Bremen,0,0,D,18,13,8,2,16,20,3,6,3,3,0,0,2.39,3.29,3.0,2.49,3.45,3.04,2.55,3.5,3.1,2.42,3.34,2.93,33.0,2017/2018
D1,2017-10-22,Freiburg,Hertha,1,1,D,20,11,8,3,20,15,6,1,4,3,0,0,2.54,3.29,2.79,2.67,3.25,2.96,2.75,3.3,2.96,2.62,3.16,2.81,35.0,2017/2018
D1,2017-10-22,Wolfsburg,Hoffenheim,1,1,D,14,14,6,5,12,24,8,4,1,3,0,0,2.5,3.39,2.79,2.52,3.68,2.85,2.55,3.75,2.9,2.46,3.48,2.78,32.0,2017/2018
D1,2017-10-27,Mainz,Ein Frankfurt,1,1,D,7,8,3,3,15,21,5,5,0,2,0,0,2.79,3.2,2.54,2.95,3.41,2.58,3.0,3.5,2.7,2.83,3.32,2.53,34.0,2017/2018
D1,2017-10-28,Hertha,Hamburg,2,1,H,8,12,3,4,14,13,9,11,0,0,0,0,1.9,3.39,4.33,2.0,3.43,4.38,2.0,3.5,4.6,1.92,3.34,4.23,34.0,2017/2018
D1,2017-10-28,Hannover,Dortmund,4,2,H,13,10,7,4,17,9,5,6,2,0,0,1,5.5,4.2,1.57,5.6,4.57,1.61,6.0,4.6,1.65,5.39,4.29,1.58,34.0,2017/2018
D1,2017-10-28,Bayern Munich,RB Leipzig,2,0,H,23,3,7,1,7,9,11,1,1,0,0,1,1.33,5.5,8.5,1.36,5.8,8.77,1.5,6.0,8.79,1.34,5.48,8.0,34.0,2017/2018
D1,2017-10-28,Hoffenheim,M'gladbach,1,3,A,16,16,5,6,14,13,5,5,2,1,0,0,2.04,3.6,3.5,2.14,3.9,3.37,2.2,3.9,3.5,2.08,3.68,3.3,34.0,2017/2018
D1,2017-10-28,Schalke 04,Wolfsburg,1,1,D,14,7,7,2,18,12,4,2,0,0,0,0,1.75,3.6,5.0,1.76,3.81,5.24,1.8,3.85,5.3,1.74,3.66,4.9,34.0,2017/2018
D1,2017-10-28,Leverkusen,FC Koln,2,1,H,17,9,5,2,14,13,8,10,3,2,0,0,1.33,5.25,9.0,1.35,5.84,9.04,1.4,5.84,9.25,1.35,5.26,8.25,33.0,2017/2018
D1,2017-10-29,Stuttgart,Freiburg,3,0,H,18,6,6,0,13,10,6,0,3,0,0,1,1.83,3.5,4.5,1.92,3.68,4.39,1.95,3.8,4.75,1.86,3.62,4.24,33.0,2017/2018
D1,2017-10-29,Werder Bremen,Augsburg,0,3,A,16,18,3,6,15,11,7,3,2,0,0,0,2.29,3.29,3.2,2.47,3.47,3.06,2.6,3.5,3.25,2.38,3.34,2.99,33.0,2017/2018
D1,2017-11-03,Ein Frankfurt,Werder Bremen,2,1,H,16,13,5,7,11,13,7,8,0,0,0,0,1.75,3.75,4.75,1.77,3.91,5.02,1.85,4.0,5.05,1.77,3.78,4.59,35.0,2017/2018
D1,2017-11-04,Freiburg,Schalke 04,0,1,A,13,8,2,3,14,12,6,1,1,1,0,0,3.79,3.29,2.04,3.92,3.51,2.08,3.95,3.6,2.2,3.69,3.39,2.06,35.0,2017/2018
D1,2017-11-04,Dortmund,Bayern Munich,1,3,A,15,10,4,5,12,16,4,3,2,2,0,0,3.29,3.79,2.04,3.4,3.99,2.1,3.5,4.0,2.2,3.36,3.8,2.04,35.0,2017/2018
D1,2017-11-04,Augsburg,Leverkusen,1,1,D,14,11,4,3,13,15,6,3,3,2,0,0,3.5,3.6,2.04,3.37,3.88,2.15,3.5,3.88,2.2,3.32,3.66,2.1,35.0,2017/2018
D1,2017-11-04,Hamburg,Stuttgart,3,1,H,21,3,12,2,14,10,11,3,2,2,0,1,2.45,3.39,2.87,2.56,3.36,3.01,2.6,3.4,3.05,2.47,3.27,2.93,35.0,2017/2018
D1,2017-11-04,RB Leipzig,Hannover,2,1,H,18,12,6,4,11,16,2,3,1,4,0,0,1.44,4.5,7.5,1.5,4.79,6.9,1.53,4.79,7.5,1.48,4.46,6.62,35.0,2017/2018
D1,2017-11-04,M'gladbach,Mainz,1,1,D,10,20,3,7,5,14,9,9,1,0,0,0,1.61,4.0,5.5,1.66,4.2,5.6,1.67,4.2,5.66,1.64,3.99,5.24,34.0,2017/2018
D1,2017-11-05,FC Koln,Hoffenheim,0,3,A,12,22,4,8,17,14,7,6,0,0,0,0,2.87,3.39,2.45,2.86,3.65,2.52,2.95,3.75,2.65,2.81,3.48,2.44,34.0,2017/2018
D1,2017-11-05,Wolfsburg,Hertha,3,3,D,20,10,8,6,14,19,4,2,1,1,0,0,2.0,3.39,4.0,2.05,3.34,4.29,2.15,3.4,4.3,2.02,3.29,3.94,35.0,2017/2018
D1,2017-11-17,Stuttgart,Dortmund,2,1,H,9,13,4,7,16,12,5,4,2,0,0,0,4.2,3.89,1.8,4.3,4.05,1.85,4.45,4.35,1.87,4.18,3.92,1.81,35.0,2017/2018
D1,2017-11-18,Leverkusen,RB Leipzig,2,2,D,13,12,3,3,14,13,2,1,5,2,1,0,2.29,3.5,3.0,2.32,3.84,3.04,2.4,3.84,3.1,2.28,3.63,2.98,35.0,2017/2018
D1,2017-11-18,Mainz,FC Koln,1,0,H,12,11,3,0,12,15,0,3,0,2,1,0,2.04,3.39,3.79,2.04,3.6,3.96,2.1,3.65,3.96,2.01,3.46,3.76,33.0,2017/2018
D1,2017-11-18,Bayern Munich,Augsburg,3,0,H,16,8,6,3,13,16,6,3,0,3,0,0,1.16,8.0,15.0,1.16,9.1,20.53,1.18,9.5,24.0,1.15,8.29,17.22,35.0,2017/2018
D1,2017-11-18,Hertha,M'gladbach,2,4,A,16,8,8,5,15,12,8,2,2,1,0,0,2.89,3.25,2.5,2.98,3.51,2.5,3.0,3.51,2.65,2.89,3.35,2.46,35.0,2017/2018
D1,2017-11-18,Hoffenheim,Ein Frankfurt,1,1,D,13,5,6,3,14,19,4,3,0,2,0,0,2.2,3.39,3.39,2.2,3.66,3.42,2.25,3.7,3.45,2.18,3.53,3.23,35.0,2017/2018
D1,2017-11-18,Wolfsburg,Freiburg,3,1,H,15,12,7,7,8,8,1,3,1,2,0,0,1.61,3.75,6.0,1.65,4.12,5.93,1.67,4.12,6.0,1.63,3.91,5.56,35.0,2017/2018
D1,2017-11-19,Schalke 04,Hamburg,2,0,H,12,7,4,1,16,19,7,6,3,3,0,0,1.57,3.79,6.5,1.6,4.09,6.55,1.62,4.2,6.7,1.58,3.9,6.18,35.0,2017/2018
D1,2017-11-19,Werder Bremen,Hannover,4,0,H,16,13,7,7,14,16,3,2,0,1,0,0,2.2,3.39,3.29,2.25,3.64,3.31,2.35,3.65,3.36,2.22,3.45,3.19,35.0,2017/2018
D1,2017-11-24,Hannover,Stuttgart,1,1,D,15,13,4,4,14,16,4,5,1,5,0,0,2.29,3.39,3.1,2.34,3.5,3.25,2.4,3.5,3.28,2.32,3.35,3.13,35.0,2017/2018
D1,2017-11-25,Ein Frankfurt,Leverkusen,0,1,A,12,13,3,4,18,14,9,2,4,3,0,0,2.62,3.5,2.62,2.71,3.64,2.65,2.75,3.64,2.7,2.66,3.44,2.59,35.0,2017/2018
D1,2017-11-25,Dortmund,Schalke 04,4,4,D,11,12,6,7,17,19,3,5,5,5,1,0,1.72,4.2,4.33,1.78,4.15,4.62,1.9,4.2,4.7,1.76,3.97,4.35,35.0,2017/2018
D1,2017-11-25,Augsburg,Wolfsburg,2,1,H,23,4,8,3,7,12,6,1,1,2,0,1,2.37,3.29,3.1,2.37,3.37,3.33,2.5,3.42,3.33,2.35,3.27,3.12,35.0,2017/2018
D1,2017-11-25,Freiburg,Mainz,2,1,H,15,17,5,5,16,15,2,5,3,2,0,0,2.75,3.29,2.6,2.81,3.4,2.7,2.85,3.4,2.75,2.75,3.26,2.63,34.0,2017/2018
D1,2017-11-25,RB Leipzig,Werder Bremen,2,0,H,14,9,6,3,9,10,8,8,0,1,0,0,1.5,4.33,6.5,1.51,4.87,6.57,1.53,4.87,6.6,1.49,4.55,6.16,35.0,2017/2018
D1,2017-11-25,M'gladbach,Bayern Munich,2,1,H,6,21,2,7,12,9,2,5,1,1,0,0,5.75,4.75,1.5,6.0,4.61,1.57,6.05,5.0,1.57,5.64,4.57,1.53,35.0,2017/2018
D1,2017-11-26,FC Koln,Hertha,0,2,A,15,10,2,7,15,8,3,4,2,0,0,0,2.5,3.2,3.0,2.66,3.24,2.99,2.66,3.3,3.05,2.52,3.18,2.93,35.0,2017/2018
D1,2017-11-26,Hamburg,Hoffenheim,3,0,H,18,13,7,2,16,23,7,8,0,3,0,0,2.79,3.39,2.5,2.98,3.56,2.48,3.0,3.6,2.57,2.85,3.41,2.45,34.0,2017/2018
D1,2017-12-01,Freiburg,Hamburg,0,0,D,20,10,2,3,13,19,7,5,2,3,0,0,2.5,3.25,2.89,2.53,3.31,3.1,2.55,3.35,3.15,2.48,3.21,2.98,34.0,2017/2018
D1,2017-12-02,Bayern Munich,Hannover,3,1,H,29,8,12,4,12,8,9,3,2,2,0,0,1.14,9.0,17.0,1.15,10.1,19.62,1.16,10.1,21.0,1.14,8.44,17.98,33.0,2017/2018
D1,2017-12-02,Hoffenheim,RB Leipzig,4,0,H,10,11,8,5,14,10,0,7,2,0,0,0,3.29,3.6,2.1,3.31,3.74,2.22,3.4,3.75,2.3,3.2,3.57,2.18,34.0,2017/2018
D1,2017-12-02,Leverkusen,Dortmund,1,1,D,15,9,9,3,8,19,7,4,1,3,1,0,2.25,3.6,3.0,2.33,3.9,2.99,2.4,3.9,3.1,2.3,3.67,2.91,34.0,2017/2018
D1,2017-12-02,Mainz,Augsburg,1,3,A,16,10,5,4,17,13,4,3,4,1,0,0,2.6,3.25,2.79,2.69,3.44,2.8,2.7,3.44,3.05,2.56,3.26,2.81,34.0,2017/2018
D1,2017-12-02,Schalke 04,FC Koln,2,2,D,23,7,10,4,14,18,7,4,0,2,0,1,1.44,4.33,8.0,1.43,4.78,8.86,1.45,4.78,8.86,1.42,4.47,7.98,33.0,2017/2018
D1,2017-12-02,Werder Bremen,Stuttgart,1,0,H,15,12,6,4,13,17,5,8,2,1,0,0,2.29,3.39,3.1,2.36,3.64,3.11,2.4,3.64,3.2,2.32,3.42,3.04,34.0,2017/2018
D1,2017-12-03,Hertha,Ein Frankfurt,1,2,A,15,7,5,5,15,13,4,2,1,3,0,0,2.7,3.25,2.7,2.79,3.28,2.81,2.8,3.4,2.85,2.7,3.2,2.7,34.0,2017/2018
D1,2017-12-03,Wolfsburg,M'gladbach,3,0,H,13,16,6,9,7,15,6,5,0,2,0,0,2.62,3.39,2.62,2.62,3.65,2.74,2.65,3.65,2.8,2.57,3.46,2.66,34.0,2017/2018
D1,2017-12-08,Stuttgart,Leverkusen,0,2,A,9,18,5,4,12,12,8,5,1,1,0,0,3.2,3.5,2.25,3.17,3.63,2.33,3.3,3.7,2.36,3.14,3.51,2.26,37.0,2017/2018
D1,2017-12-09,Dortmund,Werder Bremen,1,2,A,11,9,5,4,8,6,4,2,0,0,0,0,1.39,5.25,7.0,1.43,5.54,7.27,1.45,5.54,7.5,1.41,5.2,6.73,37.0,2017/2018
D1,2017-12-09,Ein Frankfurt,Bayern Munich,0,1,A,12,6,3,1,16,12,5,5,2,3,0,0,7.0,4.75,1.44,7.19,4.98,1.47,7.5,4.98,1.55,6.83,4.68,1.45,37.0,2017/2018
D1,2017-12-09,Hamburg,Wolfsburg,0,0,D,12,3,3,0,15,12,6,2,2,2,0,0,2.5,3.29,2.87,2.61,3.42,2.9,2.65,3.45,2.95,2.54,3.3,2.83,37.0,2017/2018
D1,2017-12-09,M'gladbach,Schalke 04,1,1,D,13,13,5,6,12,7,8,10,1,2,0,0,2.25,3.39,3.2,2.3,3.62,3.25,2.35,3.65,3.4,2.24,3.49,3.19,37.0,2017/2018
D1,2017-12-09,RB Leipzig,Mainz,2,2,D,12,13,7,9,16,17,6,4,2,3,0,0,1.39,4.75,8.0,1.41,5.02,8.76,1.45,5.02,8.88,1.4,4.78,7.96,36.0,2017/2018
D1,2017-12-10,Augsburg,Hertha,1,1,D,15,8,3,4,11,9,11,3,2,2,0,0,1.95,3.29,4.0,1.98,3.49,4.37,2.0,3.6,4.37,1.94,3.41,4.16,37.0,2017/2018
D1,2017-12-10,FC Koln,Freiburg,3,4,A,6,25,3,11,20,14,4,9,3,3,0,0,2.25,3.25,3.2,2.33,3.39,3.37,2.35,3.5,3.4,2.26,3.35,3.25,37.0,2017/2018
D1,2017-12-10,Hannover,Hoffenheim,2,0,H,12,9,3,5,12,15,2,1,2,5,0,0,2.7,3.39,2.5,2.89,3.64,2.51,2.94,3.64,2.65,2.8,3.45,2.49,36.0,2017/2018
D1,2017-12-12,Hamburg,Ein Frankfurt,1,2,A,21,10,6,6,6,26,9,3,0,4,0,0,2.6,3.2,2.79,2.76,3.18,2.91,2.76,3.3,2.95,2.66,3.15,2.84,37.0,2017/2018
D1,2017-12-12,Freiburg,M'gladbach,1,0,H,24,5,5,3,7,12,5,3,0,2,0,0,3.39,3.39,2.14,3.45,3.7,2.17,3.55,3.7,2.23,3.37,3.52,2.14,37.0,2017/2018
D1,2017-12-12,Wolfsburg,RB Leipzig,1,1,D,13,14,5,5,8,16,6,9,2,4,0,1,3.0,3.6,2.29,3.1,3.53,2.42,3.16,3.6,2.5,3.01,3.45,2.35,37.0,2017/2018
D1,2017-12-12,Mainz,Dortmund,0,2,A,13,15,0,6,14,6,2,6,0,0,0,0,5.0,4.0,1.61,5.24,4.3,1.68,5.33,4.33,1.75,4.97,4.07,1.67,37.0,2017/2018
D1,2017-12-13,Bayern Munich,FC Koln,1,0,H,26,7,8,1,7,12,13,1,0,0,0,0,1.08,12.0,26.0,1.09,14.26,33.36,1.1,14.3,43.75,1.08,11.64,29.03,36.0,2017/2018
D1,2017-12-13,Hertha,Hannover,3,1,H,15,20,9,6,10,12,5,8,2,3,0,0,2.0,3.29,4.0,2.0,3.54,4.23,2.1,3.55,4.25,1.98,3.4,3.99,37.0,2017/2018
D1,2017-12-13,Hoffenheim,Stuttgart,1,0,H,11,9,3,3,12,15,0,3,1,1,0,0,1.9,3.6,4.0,1.91,3.84,4.23,1.95,3.85,4.4,1.88,3.66,4.11,37.0,2017/2018
D1,2017-12-13,Leverkusen,Werder Bremen,1,0,H,15,6,7,2,10,24,5,1,0,3,0,0,1.44,4.75,7.0,1.48,5.03,6.86,1.55,5.03,7.18,1.47,4.62,6.59,37.0,2017/2018
D1,2017-12-13,Schalke 04,Augsburg,3,2,H,8,15,5,7,11,17,2,3,3,2,0,0,1.83,3.6,4.5,1.91,3.65,4.49,1.93,3.75,4.6,1.86,3.57,4.37,37.0,2017/2018
D1,2017-12-15,M'gladbach,Hamburg,3,1,H,13,8,5,3,7,16,9,4,0,3,0,0,1.8,3.6,4.5,1.82,3.83,4.76,1.87,3.9,4.8,1.81,3.69,4.51,34.0,2017/2018
D1,2017-12-16,Dortmund,Hoffenheim,2,1,H,18,12,3,5,7,13,6,4,0,0,0,0,1.5,4.33,6.5,1.51,4.92,6.4,1.53,4.92,7.0,1.49,4.56,6.08,33.0,2017/2018
D1,2017-12-16,Ein Frankfurt,Schalke 04,2,2,D,6,15,2,5,21,20,4,6,4,2,0,0,2.5,3.1,3.1,2.56,3.28,3.08,2.65,3.3,3.1,2.52,3.17,2.95,34.0,2017/2018
D1,2017-12-16,Augsburg,Freiburg,3,3,D,17,9,8,6,6,14,11,4,1,3,0,0,1.75,3.6,5.0,1.78,3.83,5.05,1.8,3.9,5.06,1.76,3.69,4.77,34.0,2017/2018
D1,2017-12-16,FC Koln,Wolfsburg,1,0,H,18,8,7,5,8,13,5,4,2,1,0,0,3.6,3.5,2.04,3.73,3.48,2.15,3.8,3.5,2.2,3.56,3.39,2.11,34.0,2017/2018
D1,2017-12-16,Stuttgart,Bayern Munich,0,1,A,10,17,4,7,18,14,9,7,2,2,0,0,10.0,5.0,1.33,10.3,5.5,1.35,10.5,5.5,1.38,9.45,5.15,1.33,34.0,2017/2018
D1,2017-12-16,Werder Bremen,Mainz,2,2,D,14,9,7,3,13,22,8,5,2,3,0,0,1.95,3.5,4.0,1.95,3.69,4.22,2.0,3.69,4.22,1.94,3.51,3.99,33.0,2017/2018
D1,2017-12-17,Hannover,Leverkusen,4,4,D,18,20,7,10,9,16,6,5,0,1,0,0,4.33,3.79,1.8,4.48,3.99,1.83,4.48,3.99,2.1,4.12,3.74,1.85,34.0,2017/2018
D1,2017-12-17,RB Leipzig,Hertha,2,3,A,22,7,7,5,13,11,6,1,1,3,0,1,1.57,3.79,6.0,1.6,4.24,6.24,1.65,4.33,6.24,1.59,3.97,5.76,34.0,2017/2018
D1,2018-01-12,Leverkusen,Bayern Munich,1,3,A,12,16,1,6,11,11,6,6,2,2,0,0,4.2,3.79,1.83,4.04,3.88,1.94,4.2,3.9,2.0,3.9,3.77,1.89,35.0,2017/2018
D1,2018-01-13,Augsburg,Hamburg,1,0,H,15,9,5,6,5,12,6,4,1,1,0,0,1.95,3.39,4.2,1.94,3.6,4.42,2.0,3.62,4.5,1.91,3.48,4.17,36.0,2017/2018
D1,2018-01-13,Hannover,Mainz,3,2,H,25,11,9,5,13,16,8,8,0,2,0,0,2.2,3.39,3.29,2.25,3.57,3.39,2.27,3.57,3.5,2.2,3.41,3.3,34.0,2017/2018
D1,2018-01-13,Ein Frankfurt,Freiburg,1,1,D,15,2,4,1,14,18,9,2,0,0,0,0,1.85,3.5,4.5,1.85,3.73,4.73,1.9,3.73,4.75,1.84,3.56,4.39,35.0,2017/2018
D1,2018-01-13,Werder Bremen,Hoffenheim,1,1,D,16,11,3,2,14,18,6,8,1,3,0,0,2.6,3.39,2.75,2.55,3.66,2.82,2.67,3.66,2.83,2.56,3.46,2.7,34.0,2017/2018
D1,2018-01-13,Stuttgart,Hertha,1,0,H,7,10,2,1,8,9,4,4,1,0,0,0,2.14,3.29,3.6,2.14,3.44,3.81,2.3,3.44,3.81,2.14,3.29,3.6,35.0,2017/2018
D1,2018-01-13,RB Leipzig,Schalke 04,3,1,H,15,10,9,6,16,19,4,4,2,2,0,0,2.1,3.39,3.6,2.18,3.59,3.54,2.2,3.6,3.8,2.14,3.45,3.43,35.0,2017/2018
D1,2018-01-14,Dortmund,Wolfsburg,0,0,D,19,10,1,4,10,11,6,7,1,1,0,0,1.39,5.0,7.5,1.42,5.22,7.94,1.45,5.22,8.0,1.42,4.87,7.02,35.0,2017/2018
D1,2018-01-14,FC Koln,M'gladbach,2,1,H,11,16,3,6,17,14,3,3,2,3,0,0,3.29,3.5,2.14,3.33,3.65,2.24,3.33,3.65,2.3,3.18,3.48,2.21,35.0,2017/2018
D1,2018-01-19,Hertha,Dortmund,1,1,D,9,11,2,4,15,11,3,5,3,1,0,0,3.29,3.39,2.2,3.46,3.46,2.24,3.55,3.5,2.32,3.34,3.37,2.22,36.0,2017/2018
D1,2018-01-20,Freiburg,RB Leipzig,2,1,H,9,12,4,3,12,12,6,6,0,0,0,0,3.5,3.5,2.1,3.53,3.62,2.15,3.58,3.62,2.18,3.43,3.49,2.12,36.0,2017/2018
D1,2018-01-20,Hamburg,FC Koln,0,2,A,13,9,3,2,21,13,9,3,3,3,0,0,2.2,3.29,3.39,2.24,3.34,3.58,2.27,3.4,3.58,2.2,3.29,3.43,35.0,2017/2018
D1,2018-01-20,Hoffenheim,Leverkusen,1,4,A,13,13,3,6,18,16,4,1,2,1,0,0,2.87,3.6,2.37,2.94,3.68,2.42,3.05,3.75,2.46,2.87,3.55,2.38,36.0,2017/2018
D1,2018-01-20,Mainz,Stuttgart,3,2,H,21,8,12,5,9,8,7,3,2,4,0,0,2.6,3.2,2.87,2.58,3.34,2.96,2.63,3.38,3.0,2.54,3.24,2.87,36.0,2017/2018
D1,2018-01-20,M'gladbach,Augsburg,2,0,H,16,16,6,3,9,11,8,5,0,1,0,0,2.1,3.6,3.39,2.11,3.69,3.57,2.12,3.7,3.8,2.07,3.55,3.5,36.0,2017/2018
D1,2018-01-20,Wolfsburg,Ein Frankfurt,1,3,A,13,18,4,6,12,19,4,3,4,2,1,0,2.2,3.2,3.6,2.26,3.39,3.49,2.3,3.4,3.6,2.22,3.31,3.35,36.0,2017/2018
D1,2018-01-21,Bayern Munich,Werder Bremen,4,2,H,15,10,7,4,7,20,4,7,0,2,0,0,1.12,10.0,17.0,1.14,10.46,20.15,1.15,10.46,23.0,1.13,9.15,18.81,36.0,2017/2018
D1,2018-01-21,Schalke 04,Hannover,1,1,D,5,11,2,4,19,13,1,2,2,1,0,0,1.57,3.79,6.5,1.58,4.33,6.23,1.65,4.33,6.5,1.57,4.12,5.82,36.0,2017/2018
D1,2018-01-26,Ein Frankfurt,M'gladbach,2,0,H,9,14,2,2,14,14,4,4,5,2,0,0,2.45,3.39,2.89,2.57,3.42,2.91,2.6,3.5,3.05,2.48,3.35,2.87,36.0,2017/2018
D1,2018-01-27,Bayern Munich,Hoffenheim,5,2,H,22,6,11,4,8,19,3,4,0,2,0,0,1.19,7.0,13.0,1.22,7.61,13.5,1.25,7.8,15.0,1.21,7.07,12.54,35.0,2017/2018
D1,2018-01-27,Dortmund,Freiburg,2,2,D,12,4,4,3,11,12,5,2,1,0,0,0,1.39,5.0,7.5,1.4,5.19,8.52,1.45,5.25,8.52,1.39,4.97,7.53,36.0,2017/2018
D1,2018-01-27,FC Koln,Augsburg,1,1,D,12,11,5,3,12,16,6,6,3,3,0,0,2.79,3.25,2.6,2.85,3.36,2.65,2.9,3.36,2.75,2.77,3.25,2.62,36.0,2017/2018
D1,2018-01-27,RB Leipzig,Hamburg,1,1,D,14,8,5,2,14,19,3,3,0,2,0,0,1.5,4.2,7.0,1.47,4.54,7.88,1.53,4.54,8.0,1.48,4.32,6.97,36.0,2017/2018
D1,2018-01-27,Stuttgart,Schalke 04,0,2,A,11,18,2,7,15,11,4,6,2,1,0,0,2.89,3.25,2.5,2.96,3.34,2.58,2.97,3.4,2.63,2.87,3.25,2.53,36.0,2017/2018
D1,2018-01-27,Werder Bremen,Hertha,0,0,D,18,5,7,2,13,20,2,2,3,2,0,0,2.2,3.39,3.29,2.22,3.45,3.51,2.27,3.45,3.51,2.21,3.36,3.34,36.0,2017/2018
D1,2018-01-28,Hannover,Wolfsburg,0,1,A,15,7,3,2,15,15,7,0,2,3,0,0,2.29,3.39,3.1,2.27,3.57,3.29,2.6,3.57,3.3,2.28,3.4,3.15,36.0,2017/2018
D1,2018-01-28,Leverkusen,Mainz,2,0,H,12,4,3,1,10,14,13,0,1,2,0,0,1.39,5.0,7.5,1.44,5.04,7.5,1.48,5.1,8.0,1.43,4.79,7.0,35.0,2017/2018
D1,2018-02-02,FC Koln,Dortmund,2,3,A,16,17,5,7,13,16,5,2,2,1,0,0,5.0,3.79,1.7,5.35,3.85,1.72,5.44,3.9,2.0,4.91,3.76,1.73,38.0,2017/2018
D1,2018-02-03,Mainz,Bayern Munich,0,2,A,16,13,4,6,10,15,3,5,0,3,0,0,10.0,5.25,1.3,10.24,5.81,1.32,11.0,5.9,1.35,9.57,5.52,1.31,38.0,2017/2018
D1,2018-02-03,Hertha,Hoffenheim,1,1,D,6,17,3,4,13,13,0,5,0,2,0,0,2.62,3.29,2.75,2.72,3.37,2.77,2.77,3.5,2.95,2.63,3.32,2.72,37.0,2017/2018
D1,2018-02-03,Freiburg,Leverkusen,0,0,D,11,15,5,3,19,11,2,4,7,1,0,0,4.0,3.79,1.85,4.17,3.96,1.88,4.33,3.96,1.94,3.97,3.78,1.87,38.0,2017/2018
D1,2018-02-03,M'gladbach,RB Leipzig,0,1,A,10,16,3,6,13,10,1,7,2,2,0,0,2.5,3.39,2.79,2.64,3.61,2.7,2.68,3.61,2.8,2.55,3.48,2.7,38.0,2017/2018
D1,2018-02-03,Wolfsburg,Stuttgart,1,1,D,15,13,5,2,12,10,3,6,0,2,0,0,2.25,3.29,3.29,2.27,3.36,3.49,2.34,3.44,3.6,2.24,3.31,3.32,38.0,2017/2018
D1,2018-02-03,Schalke 04,Werder Bremen,1,2,A,15,12,6,7,15,16,3,2,3,1,1,0,1.75,3.79,4.75,1.79,3.8,4.9,1.84,3.9,5.3,1.78,3.72,4.6,38.0,2017/2018
D1,2018-02-04,Augsburg,Ein Frankfurt,3,0,H,15,8,7,2,12,11,1,2,1,1,0,0,2.35,3.29,3.1,2.41,3.32,3.23,2.5,3.37,3.25,2.38,3.23,3.12,38.0,2017/2018
D1,2018-02-04,Hamburg,Hannover,1,1,D,16,14,3,7,14,18,8,3,2,1,1,0,2.25,3.29,3.29,2.34,3.3,3.39,2.42,3.41,3.4,2.3,3.26,3.24,38.0,2017/2018
D1,2018-02-09,RB Leipzig,Augsburg,2,0,H,23,12,9,2,12,17,6,7,0,2,0,0,1.7,3.79,5.0,1.76,3.91,4.92,1.81,3.94,5.08,1.75,3.76,4.7,39.0,2017/2018
D1,2018-02-10,Hoffenheim,Mainz,4,2,H,24,6,9,2,13,19,5,2,4,3,0,0,1.61,4.0,5.25,1.63,4.22,5.75,1.8,4.3,5.75,1.65,4.04,5.07,38.0,2017/2018
D1,2018-02-10,Leverkusen,Hertha,0,2,A,15,9,6,4,18,16,9,4,2,2,0,0,1.53,4.33,6.0,1.56,4.58,6.12,1.59,4.6,6.5,1.53,4.36,5.97,39.0,2017/2018
D1,2018-02-10,Bayern Munich,Schalke 04,2,1,H,13,9,5,3,15,15,4,3,2,2,0,0,1.28,6.0,9.5,1.28,6.28,11.7,1.32,6.28,12.0,1.28,5.78,10.6,39.0,2017/2018
D1,2018-02-10,Dortmund,Hamburg,2,0,H,10,8,3,2,13,12,2,4,0,1,0,0,1.33,5.25,9.0,1.35,5.52,9.68,1.4,5.52,10.0,1.34,5.16,8.88,39.0,2017/2018
D1,2018-02-10,Ein Frankfurt,FC Koln,4,2,H,13,8,8,4,19,18,4,1,2,1,0,0,1.9,3.5,4.2,1.92,3.62,4.39,1.96,3.7,4.5,1.89,3.52,4.23,39.0,2017/2018
D1,2018-02-10,Hannover,Freiburg,2,1,H,13,12,6,4,13,7,3,4,0,2,0,0,2.1,3.5,3.5,2.09,3.53,3.81,2.2,3.6,3.83,2.08,3.44,3.59,39.0,2017/2018
D1,2018-02-11,Stuttgart,M'gladbach,1,0,H,7,12,2,4,11,11,1,8,1,0,0,0,2.5,3.39,2.79,2.61,3.44,2.85,2.61,3.5,2.95,2.51,3.38,2.79,39.0,2017/2018
D1,2018-02-11,Werder Bremen,Wolfsburg,3,1,H,12,13,5,5,16,11,6,8,1,5,0,0,2.14,3.39,3.39,2.1,3.54,3.75,2.16,3.56,3.85,2.1,3.41,3.57,39.0,2017/2018
D1,2018-02-16,Hertha,Mainz,0,2,A,9,13,1,7,15,16,6,4,0,3,0,0,2.0,3.39,4.0,2.03,3.43,4.15,2.1,3.55,4.25,2.02,3.4,3.9,34.0,2017/2018
D1,2018-02-17,FC Koln,Hannover,1,1,D,5,15,1,7,15,18,5,4,2,3,0,0,2.29,3.39,3.1,2.28,3.59,3.25,2.4,3.63,3.25,2.28,3.47,3.11,37.0,2017/2018
D1,2018-02-17,Freiburg,Werder Bremen,1,0,H,7,9,3,3,13,16,0,5,2,2,0,0,2.5,3.29,2.89,2.54,3.43,2.94,2.61,3.45,3.0,2.52,3.33,2.84,37.0,2017/2018
D1,2018-02-17,Hamburg,Leverkusen,1,2,A,11,16,3,5,15,9,4,3,2,2,0,0,3.79,3.5,2.0,3.94,3.65,2.01,4.1,3.65,2.07,3.85,3.49,1.99,37.0,2017/2018
D1,2018-02-17,Schalke 04,Hoffenheim,2,1,H,9,12,6,4,18,18,4,3,2,6,0,0,2.1,3.5,3.5,2.12,3.59,3.63,2.15,3.65,3.8,2.08,3.51,3.55,36.0,2017/2018
D1,2018-02-17,Wolfsburg,Bayern Munich,1,2,A,3,18,1,5,14,15,4,8,4,3,0,0,8.5,5.0,1.36,8.75,5.08,1.4,9.7,5.25,1.44,8.35,4.95,1.38,37.0,2017/2018
D1,2018-02-18,Augsburg,Stuttgart,0,1,A,8,16,2,6,16,16,4,7,4,1,0,0,2.04,3.39,3.75,2.0,3.59,4.05,2.07,3.6,4.05,2.0,3.45,3.83,37.0,2017/2018
D1,2018-02-18,M'gladbach,Dortmund,0,1,A,28,8,11,2,15,16,6,5,3,3,0,0,3.0,3.6,2.29,3.05,3.76,2.32,3.5,3.76,2.36,3.04,3.58,2.27,37.0,2017/2018
D1,2018-02-19,Ein Frankfurt,RB Leipzig,2,1,H,12,10,3,2,18,13,7,5,6,2,0,0,2.5,3.39,2.79,2.52,3.52,2.91,2.85,3.52,2.94,2.53,3.35,2.79,36.0,2017/2018
D1,2018-02-23,Mainz,Wolfsburg,1,1,D,13,8,4,2,12,13,2,3,0,0,0,0,2.14,3.39,3.5,2.21,3.38,3.61,2.4,3.41,3.68,2.21,3.3,3.45,36.0,2017/2018
D1,2018-02-24,Hoffenheim,Freiburg,1,1,D,12,7,4,3,12,19,4,2,1,1,0,0,1.66,4.2,4.75,1.69,4.08,5.25,1.75,4.2,5.4,1.68,4.0,4.96,38.0,2017/2018
D1,2018-02-24,Hannover,M'gladbach,0,1,A,20,15,5,4,14,11,10,6,2,1,0,0,2.62,3.39,2.7,2.61,3.49,2.81,2.72,3.55,2.85,2.6,3.38,2.71,38.0,2017/2018
D1,2018-02-24,Werder Bremen,Hamburg,1,0,H,14,6,3,1,16,15,11,2,1,1,0,0,1.83,3.6,4.5,1.79,3.63,5.18,1.86,3.7,5.26,1.8,3.55,4.7,38.0,2017/2018
D1,2018-02-24,Stuttgart,Ein Frankfurt,1,0,H,13,7,5,0,16,15,4,3,2,2,0,0,2.37,3.2,3.25,2.44,3.29,3.21,2.65,3.35,3.27,2.42,3.21,3.09,38.0,2017/2018
D1,2018-02-24,Bayern Munich,Hertha,0,0,D,19,5,6,3,11,12,9,2,0,0,0,0,1.16,7.5,17.0,1.18,8.05,18.7,1.2,8.5,22.85,1.16,7.73,17.49,38.0,2017/2018
D1,2018-02-25,Leverkusen,Schalke 04,0,2,A,9,10,5,6,15,18,7,3,4,4,1,0,1.9,3.6,4.0,1.96,3.77,4.0,2.0,3.81,4.2,1.91,3.65,3.95,38.0,2017/2018
D1,2018-02-25,RB Leipzig,FC Koln,1,2,A,15,14,3,5,12,10,3,7,1,1,0,0,1.55,4.0,6.5,1.54,4.48,6.59,1.59,4.53,7.0,1.53,4.26,6.19,37.0,2017/2018
D1,2018-02-26,Dortmund,Augsburg,1,1,D,9,13,2,6,8,15,3,3,0,3,0,0,1.44,4.5,7.0,1.48,4.57,7.62,1.53,4.7,7.7,1.48,4.42,6.68,37.0,2017/2018
D1,2018-03-02,M'gladbach,Werder Bremen,2,2,D,10,17,5,6,13,20,5,6,2,3,0,0,1.95,3.5,4.0,2.02,3.64,3.91,2.07,3.7,4.0,1.99,3.55,3.79,35.0,2017/2018
D1,2018-03-03,Ein Frankfurt,Hannover,1,0,H,13,7,7,2,21,16,5,1,3,2,0,0,1.75,3.6,5.0,1.76,3.84,5.11,1.85,3.85,5.2,1.76,3.69,4.84,37.0,2017/2018
D1,2018-03-03,Hamburg,Mainz,0,0,D,18,5,6,2,15,14,11,1,4,5,0,1,2.25,3.29,3.39,2.26,3.31,3.57,2.4,3.35,3.6,2.28,3.21,3.39,36.0,2017/2018
D1,2018-03-03,Augsburg,Hoffenheim,0,2,A,8,17,2,6,11,18,8,5,0,2,0,0,2.89,3.39,2.45,3.0,3.41,2.51,3.08,3.45,3.0,2.87,3.33,2.51,36.0,2017/2018
D1,2018-03-03,Schalke 04,Hertha,1,0,H,7,11,4,3,16,16,2,6,0,1,0,0,1.66,3.6,6.0,1.65,3.83,6.31,1.75,3.9,6.31,1.66,3.73,5.65,37.0,2017/2018
D1,2018-03-03,Wolfsburg,Leverkusen,1,2,A,7,17,2,4,28,9,3,2,7,1,1,0,3.29,3.39,2.2,3.4,3.59,2.21,3.5,3.6,2.3,3.34,3.46,2.18,37.0,2017/2018
D1,2018-03-03,RB Leipzig,Dortmund,1,1,D,11,4,3,2,15,12,2,3,0,4,0,0,2.39,3.5,2.87,2.45,3.62,2.93,2.52,3.7,3.05,2.44,3.53,2.84,36.0,2017/2018
D1,2018-03-04,FC Koln,Stuttgart,2,3,A,12,9,4,4,13,13,3,3,1,3,0,0,2.45,3.25,3.0,2.45,3.38,3.11,2.53,3.45,3.11,2.43,3.3,2.99,37.0,2017/2018
D1,2018-03-04,Freiburg,Bayern Munich,0,4,A,5,17,1,4,8,8,4,5,1,0,0,0,10.0,5.5,1.3,9.72,5.38,1.36,11.0,5.9,1.37,9.55,5.37,1.32,37.0,2017/2018
D1,2018-03-09,Mainz,Schalke 04,0,1,A,16,6,4,2,12,17,5,6,2,2,0,0,3.6,3.29,2.1,3.79,3.43,2.13,3.8,3.5,2.21,3.62,3.34,2.13,39.0,2017/2018
D1,2018-03-10,Bayern Munich,Hamburg,6,0,H,18,1,7,0,4,9,11,1,1,2,0,0,1.12,9.0,21.0,1.14,9.68,22.5,1.16,10.5,29.0,1.13,8.95,21.82,40.0,2017/2018
D1,2018-03-10,Hannover,Augsburg,1,3,A,17,17,5,8,13,16,3,6,2,2,0,0,2.14,3.39,3.39,2.26,3.39,3.48,2.33,3.45,3.5,2.24,3.32,3.32,39.0,2017/2018
D1,2018-03-10,Hertha,Freiburg,0,0,D,12,5,4,0,7,14,5,4,1,0,0,0,2.1,3.25,3.79,2.14,3.34,3.86,2.18,3.4,4.0,2.11,3.26,3.73,39.0,2017/2018
D1,2018-03-10,Hoffenheim,Wolfsburg,3,0,H,17,6,6,1,7,7,11,4,1,1,0,0,1.66,4.0,5.0,1.72,3.92,5.24,1.77,4.0,5.24,1.71,3.84,4.88,39.0,2017/2018
D1,2018-03-10,Leverkusen,M'gladbach,2,0,H,17,9,7,2,12,15,3,5,0,3,0,0,1.7,3.89,5.0,1.68,4.12,5.3,1.8,4.2,5.3,1.7,3.97,4.79,40.0,2017/2018
D1,2018-03-11,Dortmund,Ein Frankfurt,3,2,H,13,10,4,3,17,10,5,8,3,3,0,0,1.75,3.6,5.0,1.78,3.98,4.69,1.84,4.0,5.0,1.76,3.81,4.58,39.0,2017/2018
D1,2018-03-11,Stuttgart,RB Leipzig,0,0,D,12,8,2,3,16,12,3,5,0,2,0,0,2.62,3.39,2.62,2.71,3.37,2.78,2.85,3.45,2.8,2.71,3.32,2.65,39.0,2017/2018
D1,2018-03-12,Werder Bremen,FC Koln,3,1,H,13,8,6,2,14,12,7,3,0,3,0,0,1.83,3.75,4.2,1.82,3.91,4.58,1.88,3.95,4.7,1.82,3.74,4.32,37.0,2017/2018
D1,2018-03-16,Freiburg,Stuttgart,1,2,A,7,10,2,5,10,9,1,3,2,1,0,0,2.62,3.2,2.79,2.71,3.16,2.94,2.79,3.22,3.05,2.67,3.07,2.89,38.0,2017/2018
D1,2018-03-17,Augsburg,Werder Bremen,1,3,A,15,20,6,12,13,15,8,7,2,1,0,0,2.5,3.1,3.1,2.42,3.41,3.14,2.51,3.46,3.15,2.4,3.3,3.04,41.0,2017/2018
D1,2018-03-17,Wolfsburg,Schalke 04,0,1,A,17,10,3,2,12,18,5,2,0,1,0,0,3.5,3.25,2.2,3.75,3.34,2.18,3.76,3.4,2.22,3.59,3.27,2.16,41.0,2017/2018
D1,2018-03-17,Ein Frankfurt,Mainz,3,0,H,15,13,6,1,9,9,4,6,0,1,0,0,1.61,3.79,6.0,1.65,3.91,6.07,1.7,4.0,6.07,1.65,3.81,5.65,40.0,2017/2018
D1,2018-03-17,M'gladbach,Hoffenheim,3,3,D,23,13,7,6,11,15,9,3,0,1,0,0,2.75,3.39,2.54,2.74,3.57,2.63,2.86,3.7,2.7,2.71,3.48,2.55,40.0,2017/2018
D1,2018-03-17,Hamburg,Hertha,1,2,A,9,16,3,9,12,14,1,6,1,3,0,0,2.54,3.0,3.0,2.63,3.11,3.09,2.72,3.3,3.15,2.58,3.07,2.99,41.0,2017/2018
D1,2018-03-18,Dortmund,Hannover,1,0,H,25,8,9,4,14,10,12,2,2,1,0,0,1.44,4.75,7.0,1.43,5.07,7.74,1.48,5.25,7.9,1.43,4.82,7.14,41.0,2017/2018
D1,2018-03-18,FC Koln,Leverkusen,2,0,H,7,10,3,3,15,7,2,2,3,1,0,1,5.0,3.75,1.72,4.56,3.98,1.81,5.0,4.1,1.83,4.43,3.87,1.77,40.0,2017/2018
D1,2018-03-18,RB Leipzig,Bayern Munich,2,1,H,16,9,6,2,16,14,3,6,3,4,0,0,5.0,4.33,1.6,5.71,4.29,1.62,6.0,4.45,1.7,5.39,4.2,1.6,41.0,2017/2018
D1,2018-03-31,Hertha,Wolfsburg,0,0,D,9,9,2,1,15,12,4,5,1,3,0,1,2.04,3.29,3.6,2.13,3.31,3.95,2.21,3.38,3.95,2.12,3.24,3.7,39.0,2017/2018
D1,2018-03-31,Bayern Munich,Dortmund,6,0,H,17,9,9,3,4,7,2,1,1,1,0,0,1.36,5.0,8.0,1.37,5.59,8.52,1.5,5.59,9.02,1.38,5.1,7.71,39.0,2017/2018
D1,2018-03-31,Leverkusen,Augsburg,0,0,D,18,7,2,2,4,10,5,1,0,2,0,0,1.44,4.5,6.5,1.51,4.59,6.91,1.56,4.59,7.16,1.51,4.37,6.36,38.0,2017/2018
D1,2018-03-31,Hannover,RB Leipzig,2,3,A,13,15,3,5,16,16,6,3,3,4,0,0,3.89,3.6,1.95,3.93,3.72,1.99,3.98,3.8,2.06,3.74,3.6,1.98,39.0,2017/2018
D1,2018-03-31,Schalke 04,Freiburg,2,0,H,16,6,7,0,19,16,2,2,2,2,0,1,1.55,3.79,6.5,1.56,4.03,7.29,1.63,4.2,7.29,1.57,3.86,6.5,39.0,2017/2018
D1,2018-03-31,Stuttgart,Hamburg,1,1,D,11,8,4,6,15,12,3,7,1,1,0,0,1.72,3.6,4.75,1.79,3.65,5.15,1.85,3.72,5.15,1.78,3.55,4.85,39.0,2017/2018
D1,2018-03-31,Hoffenheim,FC Koln,6,0,H,18,4,11,1,13,10,4,8,1,0,0,0,1.53,4.5,5.75,1.56,4.77,5.76,1.59,4.9,6.0,1.54,4.51,5.65,38.0,2017/2018
D1,2018-04-01,Mainz,M'gladbach,0,0,D,14,11,5,2,14,8,7,6,0,1,0,0,2.45,3.39,2.75,2.68,3.4,2.8,2.69,3.44,2.88,2.57,3.32,2.76,39.0,2017/2018
D1,2018-04-01,Werder Bremen,Ein Frankfurt,2,1,H,11,11,6,6,16,9,6,3,2,0,0,0,2.37,3.25,3.0,2.46,3.36,3.11,2.5,3.4,3.25,2.39,3.27,3.04,39.0,2017/2018
D1,2018-04-06,Hannover,Werder Bremen,2,1,H,10,14,6,4,16,20,4,2,1,2,0,0,2.89,3.5,2.37,3.08,3.61,2.36,3.18,3.68,2.5,3.0,3.48,2.35,39.0,2017/2018
D1,2018-04-07,Freiburg,Wolfsburg,0,2,A,13,11,1,2,16,14,9,3,0,1,0,0,2.5,3.1,3.1,2.53,3.19,3.16,2.6,3.25,3.21,2.49,3.1,3.09,40.0,2017/2018
D1,2018-04-07,Hamburg,Schalke 04,3,2,H,18,7,7,4,16,15,8,1,2,2,0,0,4.33,3.39,1.9,4.57,3.36,1.97,4.57,3.5,2.03,4.22,3.32,1.96,40.0,2017/2018
D1,2018-04-07,Augsburg,Bayern Munich,1,4,A,7,12,1,7,19,8,1,6,3,1,0,0,6.5,4.33,1.5,6.73,4.46,1.51,6.76,4.5,1.57,6.3,4.31,1.52,40.0,2017/2018
D1,2018-04-07,FC Koln,Mainz,1,1,D,15,12,8,4,13,19,8,3,4,5,0,1,2.0,3.5,3.75,2.14,3.59,3.59,2.2,3.65,3.75,2.1,3.48,3.49,39.0,2017/2018
D1,2018-04-07,M'gladbach,Hertha,2,1,H,10,13,3,6,13,20,4,5,1,2,0,0,1.7,3.5,5.75,1.76,3.77,5.24,2.0,3.88,5.75,1.81,3.6,4.63,40.0,2017/2018
D1,2018-04-08,Dortmund,Stuttgart,3,0,H,18,12,12,6,12,15,5,7,1,4,0,0,1.61,4.0,5.5,1.59,4.19,6.3,1.67,4.33,6.3,1.61,4.05,5.62,40.0,2017/2018
D1,2018-04-08,Ein Frankfurt,Hoffenheim,1,1,D,15,10,5,3,13,8,8,3,0,2,0,0,2.39,3.39,3.0,2.55,3.5,2.88,2.63,3.6,3.0,2.51,3.41,2.81,39.0,2017/2018
D1,2018-04-09,RB Leipzig,Leverkusen,1,4,A,19,13,4,7,8,7,8,9,0,0,0,0,2.29,3.5,3.0,2.32,3.57,3.18,2.39,3.66,3.18,2.29,3.54,3.02,36.0,2017/2018
D1,2018-04-13,Wolfsburg,Augsburg,0,0,D,17,9,4,2,18,17,7,5,2,4,1,1,2.14,3.29,3.6,2.21,3.37,3.63,2.25,3.44,3.86,2.16,3.3,3.55,40.0,2017/2018
D1,2018-04-14,Bayern Munich,M'gladbach,5,1,H,20,4,11,1,9,9,6,0,2,1,0,0,1.33,5.75,8.0,1.38,5.53,8.31,1.4,5.75,9.0,1.35,5.4,8.0,41.0,2017/2018
D1,2018-04-14,Hertha,FC Koln,2,1,H,13,13,6,2,13,11,6,8,1,3,0,0,1.95,3.6,3.79,1.98,3.65,4.08,2.1,3.75,4.08,1.99,3.54,3.8,40.0,2017/2018
D1,2018-04-14,Hoffenheim,Hamburg,2,0,H,21,13,6,5,8,10,7,8,1,2,0,0,1.5,4.33,6.5,1.5,4.76,6.74,1.55,4.78,6.93,1.49,4.51,6.4,41.0,2017/2018
D1,2018-04-14,Leverkusen,Ein Frankfurt,4,1,H,11,7,6,1,15,8,2,2,3,4,0,0,1.8,3.79,4.33,1.76,3.89,4.99,1.85,3.89,4.99,1.78,3.71,4.58,41.0,2017/2018
D1,2018-04-14,Stuttgart,Hannover,1,1,D,12,9,5,3,12,11,10,4,1,2,0,0,1.9,3.6,4.0,1.95,3.64,4.19,2.0,3.7,4.5,1.91,3.54,4.13,41.0,2017/2018
D1,2018-04-15,Schalke 04,Dortmund,2,0,H,12,12,3,5,8,9,4,6,1,1,0,0,2.54,3.39,2.7,2.68,3.45,2.77,2.74,3.52,2.81,2.63,3.36,2.7,41.0,2017/2018
D1,2018-04-15,Werder Bremen,RB Leipzig,1,1,D,16,10,6,4,17,13,5,2,2,1,0,0,2.79,3.5,2.45,2.82,3.62,2.54,2.91,3.65,2.6,2.77,3.49,2.48,41.0,2017/2018
D1,2018-04-16,Mainz,Freiburg,2,0,H,14,11,3,0,16,10,4,4,1,2,0,0,2.29,3.29,3.2,2.34,3.21,3.49,2.39,3.31,3.49,2.29,3.19,3.29,41.0,2017/2018
D1,2018-04-20,M'gladbach,Wolfsburg,3,0,H,16,7,6,2,18,16,8,5,0,2,0,0,1.8,3.79,4.5,1.83,3.75,4.67,2.0,3.82,4.74,1.82,3.67,4.41,40.0,2017/2018
D1,2018-04-21,Dortmund,Leverkusen,4,0,H,17,10,9,2,11,14,7,6,0,0,0,0,2.29,3.5,3.0,2.35,3.71,3.03,2.41,3.75,3.15,2.31,3.56,2.97,39.0,2017/2018
D1,2018-04-21,Ein Frankfurt,Hertha,0,3,A,13,4,3,3,9,16,5,0,1,1,1,0,1.95,3.39,4.2,1.93,3.6,4.38,2.0,3.6,4.5,1.92,3.44,4.19,39.0,2017/2018
D1,2018-04-21,Hamburg,Freiburg,1,0,H,11,11,5,4,12,15,10,4,3,3,0,1,2.04,3.39,3.75,2.05,3.45,4.06,2.12,3.49,4.06,2.06,3.31,3.81,39.0,2017/2018
D1,2018-04-21,Hannover,Bayern Munich,0,3,A,6,14,2,8,11,19,2,7,1,0,0,0,6.25,4.59,1.44,6.15,4.92,1.52,6.64,4.92,1.57,5.88,4.58,1.51,41.0,2017/2018
D1,2018-04-21,RB Leipzig,Hoffenheim,2,5,A,14,12,8,7,7,20,8,4,0,2,1,0,2.04,3.75,3.39,2.06,4.12,3.37,2.11,4.12,5.0,2.02,3.88,3.37,40.0,2017/2018
D1,2018-04-21,Stuttgart,Werder Bremen,2,0,H,11,9,5,3,8,18,3,5,1,2,0,0,2.39,3.29,3.0,2.45,3.43,3.07,2.58,3.5,3.15,2.42,3.33,2.97,39.0,2017/2018
D1,2018-04-22,Augsburg,Mainz,2,0,H,15,7,6,3,16,18,4,5,4,1,0,0,2.2,3.29,3.39,2.32,3.28,3.45,2.37,3.4,3.53,2.24,3.24,3.35,38.0,2017/2018
D1,2018-04-22,FC Koln,Schalke 04,2,2,D,11,21,3,7,9,22,5,7,0,0,0,0,3.75,3.5,2.0,3.9,3.69,2.01,4.1,3.9,2.06,3.79,3.55,1.98,39.0,2017/2018
D1,2018-04-27,Hoffenheim,Hannover,3,1,H,16,13,6,4,21,11,7,4,3,1,0,0,1.28,6.0,9.5,1.3,6.43,9.91,1.32,6.5,10.6,1.29,5.99,9.58,41.0,2017/2018
D1,2018-04-28,Hertha,Augsburg,2,2,D,8,12,5,3,9,14,6,3,0,2,0,1,2.04,3.25,3.79,2.09,3.58,3.74,2.17,3.58,3.8,2.09,3.39,3.6,42.0,2017/2018
D1,2018-04-28,Freiburg,FC Koln,3,2,H,12,13,6,3,16,13,2,5,2,4,0,0,2.1,3.39,3.6,2.15,3.56,3.58,2.2,3.63,3.7,2.11,3.42,3.54,41.0,2017/2018
D1,2018-04-28,Bayern Munich,Ein Frankfurt,4,1,H,12,12,6,3,6,9,1,2,0,0,0,0,1.6,4.33,5.25,1.62,4.25,5.84,1.7,4.33,5.84,1.63,4.13,5.19,41.0,2017/2018
D1,2018-04-28,Leverkusen,Stuttgart,0,1,A,24,4,7,1,13,12,6,2,2,0,0,0,1.39,4.75,8.0,1.43,4.98,8.07,1.45,5.09,8.3,1.41,4.78,7.5,42.0,2017/2018
D1,2018-04-28,Wolfsburg,Hamburg,1,3,A,10,14,1,5,14,17,2,6,3,2,0,0,2.2,3.39,3.29,2.26,3.38,3.48,2.32,3.5,3.6,2.23,3.28,3.38,42.0,2017/2018
D1,2018-04-28,Schalke 04,M'gladbach,1,1,D,10,10,4,4,11,11,1,1,2,4,1,0,1.85,3.6,4.2,1.88,3.73,4.49,1.91,3.82,4.49,1.86,3.65,4.21,42.0,2017/2018
D1,2018-04-29,Mainz,RB Leipzig,3,0,H,16,6,9,1,24,9,7,8,2,4,0,1,3.75,3.39,2.04,3.66,3.65,2.1,3.75,3.65,2.2,3.46,3.51,2.1,41.0,2017/2018
D1,2018-04-29,Werder Bremen,Dortmund,1,1,D,19,17,6,6,8,9,7,5,1,2,0,0,3.79,3.75,1.9,3.76,3.86,2.0,3.82,3.9,2.04,3.66,3.74,1.96,42.0,2017/2018
D1,2018-05-05,Hannover,Hertha,3,1,H,11,16,5,2,11,15,4,6,2,4,0,0,2.7,3.39,2.62,2.78,3.41,2.69,2.83,3.45,2.77,2.69,3.32,2.64,42.0,2017/2018
D1,2018-05-05,Augsburg,Schalke 04,1,2,A,12,15,5,7,13,9,4,4,2,3,0,0,3.6,3.29,2.1,3.77,3.38,2.16,3.77,3.43,2.24,3.52,3.32,2.14,42.0,2017/2018
D1,2018-05-05,Dortmund,Mainz,1,2,A,12,7,4,5,16,17,4,2,3,3,0,0,1.3,5.5,10.0,1.33,5.96,9.6,1.35,5.96,10.5,1.32,5.5,9.17,41.0,2017/2018
D1,2018-05-05,Ein Frankfurt,Hamburg,3,0,H,14,14,10,4,14,5,3,7,2,0,0,0,1.95,3.5,4.0,1.98,3.98,3.71,2.02,4.0,4.0,1.94,3.77,3.71,39.0,2017/2018
D1,2018-05-05,M'gladbach,Freiburg,3,1,H,18,18,5,6,6,8,7,3,0,3,0,0,1.8,3.6,4.75,1.87,3.8,4.4,1.91,3.85,4.75,1.84,3.69,4.27,42.0,2017/2018
D1,2018-05-05,RB Leipzig,Wolfsburg,4,1,H,13,10,7,5,11,10,2,5,0,1,0,0,1.61,4.0,5.5,1.65,4.24,5.53,1.7,4.33,5.6,1.63,4.1,5.12,42.0,2017/2018
D1,2018-05-05,Stuttgart,Hoffenheim,2,0,H,5,21,2,7,15,10,1,9,6,1,1,0,3.1,3.75,2.14,3.21,3.8,2.22,3.5,3.9,2.27,3.13,3.67,2.15,41.0,2017/2018
D1,2018-05-05,Werder Bremen,Leverkusen,0,0,D,3,9,0,1,14,18,3,1,3,5,0,0,3.79,4.0,1.85,3.74,4.29,1.91,4.0,4.29,1.94,3.75,3.98,1.87,42.0,2017/2018
D1,2018-05-05,FC Koln,Bayern Munich,1,3,A,10,16,3,9,11,8,4,7,1,0,0,0,11.0,6.5,1.25,10.73,6.8,1.27,11.4,7.0,1.35,10.04,6.44,1.26,42.0,2017/2018
D1,2018-05-12,Hamburg,M'gladbach,2,1,H,17,8,8,3,10,7,8,3,3,1,1,0,2.29,3.5,3.0,2.35,3.95,2.89,2.39,3.95,3.0,2.29,3.71,2.9,41.0,2017/2018
D1,2018-05-12,Bayern Munich,Stuttgart,1,4,A,18,7,8,7,10,8,10,0,1,0,0,0,1.16,8.0,15.0,1.17,8.03,13.43,1.23,8.8,15.5,1.18,7.71,13.01,41.0,2017/2018
D1,2018-05-12,Freiburg,Augsburg,2,0,H,12,5,3,2,13,17,5,4,1,2,0,0,1.95,3.39,4.0,2.07,3.42,4.0,2.11,3.6,4.3,2.0,3.4,3.85,41.0,2017/2018
D1,2018-05-12,Wolfsburg,FC Koln,4,1,H,16,6,8,1,12,17,5,10,2,3,0,0,1.64,4.0,5.25,1.65,4.31,5.34,1.7,4.36,5.5,1.64,4.11,4.98,40.0,2017/2018
D1,2018-05-12,Hertha,RB Leipzig,2,6,A,8,17,4,10,12,11,3,6,1,1,0,0,4.2,3.75,1.85,4.1,4.05,1.87,4.5,4.2,1.9,3.99,3.92,1.83,41.0,2017/2018
D1,2018-05-12,Mainz,Werder Bremen,1,2,A,13,14,1,3,10,6,3,7,0,1,0,0,2.29,3.6,3.0,2.34,3.85,2.96,2.41,3.9,3.05,2.32,3.67,2.89,41.0,2017/2018
D1,2018-05-12,Schalke 04,Ein Frankfurt,1,0,H,11,6,5,2,10,12,4,3,0,2,0,0,2.29,3.5,3.0,2.44,3.51,3.02,2.52,3.6,3.09,2.41,3.43,2.89,41.0,2017/2018
D1,2018-05-12,Leverkusen,Hannover,3,2,H,27,11,8,4,9,11,5,2,2,2,0,0,1.19,7.0,13.0,1.24,7.48,11.4,1.26,8.0,15.0,1.22,6.99,11.44,41.0,2017/2018
D1,2018-05-12,Hoffenheim,Dortmund,3,1,H,12,10,8,4,4,7,2,3,0,0,0,0,2.2,3.79,3.0,2.21,4.16,3.02,2.4,4.25,3.13,2.18,3.97,2.95,41.0,2017/2018
D1,2018-08-24,Bayern Munich,Hoffenheim,3,1,H,16,8,5,5,2,21,7,2,1,4,0,0,1.2,7.5,12.0,1.2,7.86,14.9,1.3,8.08,15.0,1.2,7.37,13.26,40.0,2018/2019
D1,2018-08-25,Fortuna Dusseldorf,Augsburg,1,2,A,9,14,5,7,11,10,7,5,1,0,0,0,2.37,3.25,3.0,2.51,3.32,3.06,2.65,3.36,3.13,2.47,3.24,2.97,41.0,2018/2019
D1,2018-08-25,Freiburg,Ein Frankfurt,0,2,A,22,10,6,2,7,12,6,4,1,2,0,0,2.3,3.3,3.25,2.34,3.4,3.28,2.45,3.4,3.31,2.34,3.25,3.19,41.0,2018/2019
D1,2018-08-25,Hertha,Nurnberg,1,0,H,10,12,3,3,13,10,8,4,2,2,0,0,2.04,3.4,3.75,2.05,3.43,4.06,2.1,3.49,4.06,2.04,3.37,3.83,40.0,2018/2019
D1,2018-08-25,M'gladbach,Leverkusen,2,0,H,17,13,7,3,10,10,9,5,1,2,0,0,2.8,3.5,2.45,2.89,3.69,2.47,2.96,3.72,2.52,2.82,3.55,2.42,41.0,2018/2019
D1,2018-08-25,Werder Bremen,Hannover,1,1,D,15,13,3,4,5,6,4,3,0,0,0,0,1.85,3.6,4.0,1.93,3.79,4.1,1.97,3.85,4.12,1.9,3.68,3.95,41.0,2018/2019
D1,2018-08-25,Wolfsburg,Schalke 04,2,1,H,11,9,7,4,16,11,7,2,5,3,0,1,3.1,3.3,2.37,3.36,3.25,2.37,3.39,3.35,2.5,3.19,3.21,2.36,41.0,2018/2019
D1,2018-08-26,Dortmund,RB Leipzig,4,1,H,10,10,5,7,8,11,7,9,2,2,0,0,1.72,3.8,4.75,1.79,4.05,4.57,1.81,4.13,4.75,1.76,3.92,4.45,41.0,2018/2019
D1,2018-08-26,Mainz,Stuttgart,1,0,H,8,12,3,3,15,6,6,3,1,2,0,0,2.7,3.25,2.7,2.92,3.22,2.67,2.92,3.31,2.8,2.76,3.18,2.67,41.0,2018/2019
D1,2018-08-31,Hannover,Dortmund,0,0,D,7,8,0,3,11,5,4,1,0,0,0,0,5.5,4.33,1.57,5.44,4.25,1.65,5.65,4.5,1.65,5.34,4.26,1.6,36.0,2018/2019
D1,2018-09-01,Augsburg,M'gladbach,1,1,D,18,7,7,2,12,12,9,4,1,2,0,0,2.62,3.4,2.7,2.64,3.41,2.83,2.78,3.45,2.87,2.63,3.34,2.73,38.0,2018/2019
D1,2018-09-01,Ein Frankfurt,Werder Bremen,1,2,A,5,11,1,6,6,11,8,3,1,2,1,0,2.4,3.5,2.9,2.47,3.47,2.97,2.52,3.5,3.15,2.42,3.4,2.94,37.0,2018/2019
D1,2018-09-01,Hoffenheim,Freiburg,3,1,H,20,9,7,4,13,14,6,4,1,2,0,0,1.55,4.0,6.5,1.6,4.19,6.14,1.63,4.33,6.5,1.59,4.12,5.71,39.0,2018/2019
D1,2018-09-01,Leverkusen,Wolfsburg,1,3,A,16,12,3,5,13,13,5,3,3,3,0,0,1.61,4.33,5.0,1.64,4.27,5.47,1.7,4.33,5.5,1.64,4.11,5.12,39.0,2018/2019
D1,2018-09-01,Nurnberg,Mainz,1,1,D,19,6,4,1,10,11,5,1,2,2,0,0,2.37,3.3,3.1,2.37,3.23,3.39,2.42,3.31,3.39,2.35,3.2,3.23,37.0,2018/2019
D1,2018-09-01,Stuttgart,Bayern Munich,0,3,A,4,20,0,6,3,5,0,12,0,0,0,0,11.0,5.5,1.28,10.3,5.96,1.31,11.6,6.0,1.32,10.38,5.58,1.29,39.0,2018/2019
D1,2018-09-02,RB Leipzig,Fortuna Dusseldorf,1,1,D,23,14,7,8,11,15,3,3,1,4,0,0,1.4,4.75,8.0,1.41,4.92,8.87,1.45,5.07,9.0,1.4,4.8,7.96,39.0,2018/2019
D1,2018-09-02,Schalke 04,Hertha,0,2,A,16,5,4,3,16,15,9,0,1,1,1,0,1.75,3.6,5.0,1.79,3.53,5.53,1.84,3.7,5.53,1.77,3.48,5.01,38.0,2018/2019
D1,2018-09-14,Dortmund,Ein Frankfurt,3,1,H,10,5,6,2,11,11,7,1,0,1,0,0,1.4,5.0,7.5,1.44,4.77,8.02,1.46,5.0,8.47,1.42,4.74,7.62,39.0,2018/2019
D1,2018-09-15,Fortuna Dusseldorf,Hoffenheim,2,1,H,8,18,4,5,10,19,0,9,1,2,0,0,4.0,3.6,1.9,4.06,3.92,1.89,4.06,3.92,2.0,3.86,3.75,1.92,38.0,2018/2019
D1,2018-09-15,Mainz,Augsburg,2,1,H,22,13,7,4,9,16,5,4,1,2,0,0,2.54,3.25,2.87,2.73,3.2,2.85,2.79,3.25,2.91,2.67,3.15,2.83,38.0,2018/2019
D1,2018-09-15,Bayern Munich,Leverkusen,3,1,H,18,3,5,1,4,12,9,1,0,1,0,1,1.2,7.0,13.0,1.23,6.86,13.74,1.27,7.0,14.0,1.23,6.61,12.24,39.0,2018/2019
D1,2018-09-15,RB Leipzig,Hannover,3,2,H,15,16,6,8,12,12,4,12,4,4,0,0,1.53,4.33,5.5,1.56,4.42,6.17,1.6,4.6,6.5,1.55,4.35,5.82,39.0,2018/2019
D1,2018-09-15,Wolfsburg,Hertha,2,2,D,15,9,6,5,10,13,7,2,1,2,0,0,2.1,3.25,3.75,2.12,3.22,4.05,2.18,3.4,4.1,2.1,3.2,3.87,39.0,2018/2019
D1,2018-09-15,M'gladbach,Schalke 04,2,1,H,15,15,4,6,5,12,6,6,0,4,0,0,2.37,3.4,3.0,2.51,3.34,3.05,2.55,3.45,3.15,2.44,3.33,2.96,39.0,2018/2019
D1,2018-09-16,Freiburg,Stuttgart,3,3,D,12,11,5,6,13,11,5,8,3,4,1,0,2.62,3.25,2.75,2.76,3.17,2.87,2.84,3.25,2.9,2.72,3.11,2.79,39.0,2018/2019
D1,2018-09-16,Werder Bremen,Nurnberg,1,1,D,14,11,2,2,17,5,4,7,2,0,0,0,1.66,4.0,5.0,1.68,4.05,5.39,1.71,4.13,5.5,1.66,3.98,5.12,38.0,2018/2019
D1,2018-09-21,Stuttgart,Fortuna Dusseldorf,0,0,D,10,19,1,7,8,19,2,9,0,2,0,0,1.72,3.6,5.25,1.78,3.84,4.81,1.8,3.9,5.25,1.76,3.74,4.71,39.0,2018/2019
D1,2018-09-22,Augsburg,Werder Bremen,2,3,A,21,12,7,7,10,11,7,4,2,2,0,0,2.5,3.25,2.9,2.53,3.48,2.89,2.55,3.5,3.0,2.47,3.38,2.88,39.0,2018/2019
D1,2018-09-22,Wolfsburg,Freiburg,1,3,A,17,12,9,8,12,17,7,7,0,3,0,0,1.72,3.6,5.25,1.75,3.73,5.26,1.77,3.9,5.4,1.73,3.7,5.06,39.0,2018/2019
D1,2018-09-22,Schalke 04,Bayern Munich,0,2,A,10,14,2,7,12,11,0,8,2,1,0,0,8.0,4.5,1.4,8.56,4.94,1.41,9.08,5.0,1.45,8.13,4.8,1.39,39.0,2018/2019
D1,2018-09-22,Nurnberg,Hannover,2,0,H,14,9,6,3,16,7,9,3,3,1,0,1,2.5,3.25,2.9,2.48,3.37,3.03,2.6,3.43,3.05,2.46,3.33,2.93,39.0,2018/2019
D1,2018-09-22,Hoffenheim,Dortmund,1,1,D,17,8,5,2,12,10,4,4,2,1,0,1,2.62,3.75,2.4,2.72,3.73,2.54,2.85,3.82,2.6,2.69,3.67,2.49,39.0,2018/2019
D1,2018-09-22,Hertha,M'gladbach,4,2,H,16,17,7,4,9,13,8,7,2,2,0,0,2.37,3.3,3.1,2.51,3.39,2.97,2.62,3.45,3.1,2.49,3.32,2.91,39.0,2018/2019
D1,2018-09-23,Ein Frankfurt,RB Leipzig,1,1,D,8,9,5,2,14,8,4,2,1,1,0,0,2.9,3.4,2.35,3.14,3.56,2.32,3.15,3.6,2.4,3.04,3.46,2.32,39.0,2018/2019
D1,2018-09-23,Leverkusen,Mainz,1,0,H,18,12,5,5,12,13,7,4,2,2,0,0,1.57,4.33,5.5,1.6,4.17,6.11,1.7,4.35,6.11,1.59,4.17,5.53,37.0,2018/2019
D1,2018-09-25,Bayern Munich,Augsburg,1,1,D,16,12,8,4,6,15,8,4,3,2,0,0,1.1,10.0,23.0,1.12,10.15,24.78,1.13,11.45,31.0,1.11,9.78,23.28,39.0,2018/2019
D1,2018-09-25,Freiburg,Schalke 04,1,0,H,15,15,4,3,12,11,3,3,2,4,0,0,3.5,3.2,2.14,3.55,3.2,2.32,3.55,3.3,2.4,3.42,3.23,2.25,39.0,2018/2019
D1,2018-09-25,Hannover,Hoffenheim,1,3,A,17,17,8,9,12,13,8,5,2,2,0,0,3.5,3.6,2.04,3.57,3.97,2.02,3.57,4.0,2.1,3.42,3.83,2.03,38.0,2018/2019
D1,2018-09-25,Werder Bremen,Hertha,3,1,H,14,12,6,2,13,9,2,3,1,3,0,0,2.0,3.5,3.8,2.12,3.5,3.74,2.15,3.61,3.82,2.08,3.49,3.6,39.0,2018/2019
D1,2018-09-26,Dortmund,Nurnberg,7,0,H,19,4,10,1,6,10,4,5,0,2,0,0,1.3,5.5,10.0,1.31,5.59,11.6,1.33,5.8,11.75,1.3,5.52,10.19,38.0,2018/2019
D1,2018-09-26,Fortuna Dusseldorf,Leverkusen,1,2,A,16,6,4,3,6,12,7,5,2,2,0,0,3.75,3.75,1.95,4.04,3.87,1.91,4.1,3.95,2.0,3.9,3.75,1.91,39.0,2018/2019
D1,2018-09-26,Mainz,Wolfsburg,0,0,D,11,12,2,4,13,15,5,11,1,2,0,0,2.6,3.25,2.8,2.61,3.26,2.95,2.65,3.4,2.95,2.58,3.25,2.83,38.0,2018/2019
D1,2018-09-26,M'gladbach,Ein Frankfurt,3,1,H,21,12,9,2,7,11,9,6,0,0,0,0,1.75,3.8,4.75,1.77,3.86,4.86,1.8,4.0,4.9,1.76,3.82,4.59,38.0,2018/2019
D1,2018-09-26,RB Leipzig,Stuttgart,2,0,H,18,9,8,0,11,8,4,2,2,3,0,0,1.72,3.8,4.75,1.71,4.19,4.82,1.8,4.21,5.0,1.72,3.95,4.65,39.0,2018/2019
D1,2018-09-28,Hertha,Bayern Munich,2,0,H,6,25,4,5,14,10,1,14,3,1,0,0,10.0,5.75,1.28,10.39,6.05,1.29,11.0,6.1,1.4,9.86,5.71,1.3,36.0,2018/2019
D1,2018-09-29,Hoffenheim,RB Leipzig,1,2,A,13,18,6,7,4,14,4,8,1,3,0,0,2.04,3.75,3.4,2.05,4.02,3.46,2.15,4.05,3.46,2.06,3.81,3.33,35.0,2018/2019
D1,2018-09-29,Leverkusen,Dortmund,2,4,A,14,16,6,10,11,12,6,8,1,1,0,0,2.8,3.5,2.4,2.86,3.62,2.51,2.86,3.68,2.55,2.8,3.53,2.45,36.0,2018/2019
D1,2018-09-29,Nurnberg,Fortuna Dusseldorf,3,0,H,10,13,6,4,10,9,4,4,0,2,0,0,2.14,3.4,3.4,2.11,3.55,3.7,2.15,3.58,3.7,2.1,3.44,3.57,38.0,2018/2019
D1,2018-09-29,Schalke 04,Mainz,1,0,H,15,15,2,5,22,21,4,5,2,2,0,0,1.64,3.75,5.5,1.67,3.79,6.01,1.75,4.0,6.01,1.66,3.8,5.5,35.0,2018/2019
D1,2018-09-29,Stuttgart,Werder Bremen,2,1,H,18,14,5,3,15,14,6,8,3,4,0,1,2.7,3.25,2.7,2.76,3.4,2.72,2.85,3.45,2.72,2.72,3.35,2.62,36.0,2018/2019
D1,2018-09-29,Wolfsburg,M'gladbach,2,2,D,13,10,3,3,6,14,6,3,2,2,0,0,2.3,3.4,3.1,2.4,3.49,3.11,2.45,3.54,3.11,2.37,3.44,2.97,38.0,2018/2019
D1,2018-09-30,Augsburg,Freiburg,4,1,H,21,13,10,6,12,8,5,3,0,1,0,0,1.9,3.4,4.33,1.92,3.47,4.62,2.0,3.5,4.62,1.92,3.4,4.29,37.0,2018/2019
D1,2018-09-30,Ein Frankfurt,Hannover,4,1,H,15,4,7,1,16,11,3,4,1,2,0,0,1.9,3.6,4.0,2.02,3.59,3.96,2.05,3.67,4.0,1.98,3.54,3.82,35.0,2018/2019
D1,2018-10-05,Werder Bremen,Wolfsburg,2,0,H,15,10,5,4,12,13,7,5,1,2,0,0,1.95,3.5,4.0,2.0,3.68,3.93,2.1,3.68,4.15,2.01,3.54,3.79,35.0,2018/2019
D1,2018-10-06,Bayern Munich,M'gladbach,0,3,A,14,7,3,3,7,4,1,3,2,2,0,0,1.2,7.0,13.0,1.2,7.61,14.6,1.25,7.8,15.72,1.21,7.12,12.78,35.0,2018/2019
D1,2018-10-06,Dortmund,Augsburg,4,3,H,20,12,8,6,5,29,9,6,1,7,0,0,1.44,4.75,7.0,1.48,4.72,7.01,1.5,4.8,7.37,1.46,4.62,6.77,35.0,2018/2019
D1,2018-10-06,Fortuna Dusseldorf,Schalke 04,0,2,A,9,15,3,5,17,15,4,6,3,1,0,0,3.6,3.4,2.1,3.57,3.53,2.17,3.71,3.6,2.17,3.54,3.48,2.1,35.0,2018/2019
D1,2018-10-06,Hannover,Stuttgart,3,1,H,15,11,6,5,16,11,5,7,1,2,0,0,2.5,3.3,2.87,2.48,3.43,3.02,2.5,3.45,3.1,2.43,3.36,2.95,35.0,2018/2019
D1,2018-10-06,Mainz,Hertha,0,0,D,23,11,3,1,12,9,5,6,0,2,0,0,2.7,3.2,2.7,2.84,3.35,2.68,2.84,3.35,2.73,2.75,3.26,2.65,35.0,2018/2019
D1,2018-10-07,Freiburg,Leverkusen,0,0,D,7,14,1,0,11,12,3,4,3,1,0,0,3.4,3.4,2.14,3.4,3.6,2.2,3.46,3.63,2.25,3.31,3.49,2.17,35.0,2018/2019
D1,2018-10-07,Hoffenheim,Ein Frankfurt,1,2,A,20,6,4,4,15,16,6,0,2,4,0,1,1.72,3.8,4.75,1.76,4.16,4.53,1.8,4.21,4.8,1.74,3.99,4.49,35.0,2018/2019
D1,2018-10-07,RB Leipzig,Nurnberg,6,0,H,18,3,8,0,11,12,6,1,0,1,0,1,1.44,4.75,7.0,1.44,4.9,7.38,1.46,5.03,7.9,1.44,4.77,6.89,34.0,2018/2019
D1,2018-10-19,Ein Frankfurt,Fortuna Dusseldorf,7,1,H,21,10,13,5,13,12,5,1,0,2,0,0,1.61,3.8,5.75,1.65,4.09,5.64,1.75,4.1,5.87,1.65,3.92,5.35,38.0,2018/2019
D1,2018-10-20,Augsburg,RB Leipzig,0,0,D,6,15,0,3,20,24,2,2,2,5,0,0,3.0,3.5,2.3,3.1,3.65,2.33,3.25,3.75,2.35,3.03,3.58,2.28,38.0,2018/2019
D1,2018-10-20,Leverkusen,Hannover,2,2,D,19,9,7,7,14,18,9,5,1,5,0,1,1.5,4.33,6.5,1.56,4.43,6.08,1.58,4.55,6.5,1.55,4.32,5.9,38.0,2018/2019
D1,2018-10-20,Nurnberg,Hoffenheim,1,3,A,7,20,2,12,8,9,1,7,4,2,0,0,3.75,3.8,1.9,3.98,4.07,1.88,3.98,4.1,2.0,3.83,3.94,1.88,37.0,2018/2019
D1,2018-10-20,Schalke 04,Werder Bremen,0,2,A,14,8,4,3,13,9,3,1,1,4,0,0,2.04,3.4,3.75,2.1,3.51,3.79,2.15,3.55,3.81,2.07,3.42,3.68,38.0,2018/2019
D1,2018-10-20,Stuttgart,Dortmund,0,4,A,13,12,5,4,7,5,10,2,0,0,0,0,4.2,3.75,1.83,4.29,3.9,1.86,4.5,4.0,1.87,4.21,3.8,1.83,38.0,2018/2019
D1,2018-10-20,Wolfsburg,Bayern Munich,1,3,A,8,13,1,11,9,12,2,9,2,4,0,1,8.5,5.0,1.36,8.92,5.33,1.36,9.32,5.57,1.45,8.47,5.16,1.36,38.0,2018/2019
D1,2018-10-21,Hertha,Freiburg,1,1,D,13,8,5,3,12,14,8,3,2,0,0,0,1.85,3.6,4.33,1.86,3.59,4.74,1.9,3.65,4.8,1.85,3.53,4.46,38.0,2018/2019
D1,2018-10-21,M'gladbach,Mainz,4,0,H,16,13,8,4,4,10,4,6,0,2,0,0,1.61,4.33,5.0,1.63,4.4,5.32,1.65,4.5,5.6,1.61,4.27,5.2,37.0,2018/2019
D1,2018-10-26,Freiburg,M'gladbach,3,1,H,13,11,7,2,9,12,3,10,1,1,0,0,3.5,3.6,2.0,3.62,3.66,2.1,3.7,3.8,2.2,3.5,3.59,2.07,34.0,2018/2019
D1,2018-10-27,Hannover,Augsburg,1,2,A,17,9,4,4,15,16,5,4,2,3,0,0,2.6,3.3,2.75,2.63,3.53,2.77,2.65,3.6,2.85,2.58,3.39,2.75,37.0,2018/2019
D1,2018-10-27,Dortmund,Hertha,2,2,D,19,10,5,4,7,15,8,2,2,3,0,0,1.4,4.75,8.0,1.43,4.96,7.49,1.45,5.25,8.0,1.43,4.86,7.14,37.0,2018/2019
D1,2018-10-27,Hoffenheim,Stuttgart,4,0,H,22,6,10,0,11,9,6,3,1,1,0,1,1.57,4.33,5.5,1.59,4.57,5.51,1.65,4.7,5.55,1.58,4.42,5.27,37.0,2018/2019
D1,2018-10-27,Mainz,Bayern Munich,1,2,A,6,21,1,5,13,6,2,7,3,1,0,0,11.0,6.5,1.25,12.18,6.38,1.26,13.0,6.75,1.3,11.87,6.16,1.25,37.0,2018/2019
D1,2018-10-27,Fortuna Dusseldorf,Wolfsburg,0,3,A,8,18,1,6,12,11,4,9,3,6,0,0,3.0,3.4,2.37,3.18,3.52,2.34,3.2,3.55,2.45,3.07,3.39,2.34,37.0,2018/2019
D1,2018-10-28,Nurnberg,Ein Frankfurt,1,1,D,10,10,3,2,11,13,8,6,2,3,0,0,3.3,3.5,2.14,3.46,3.57,2.19,3.5,3.6,2.25,3.35,3.48,2.15,37.0,2018/2019
D1,2018-10-28,RB Leipzig,Schalke 04,0,0,D,15,6,2,0,11,13,7,4,3,2,0,0,1.75,3.6,4.75,1.85,3.8,4.45,2.0,3.85,4.75,1.83,3.71,4.29,37.0,2018/2019
D1,2018-10-28,Werder Bremen,Leverkusen,2,6,A,14,17,6,10,9,8,6,6,2,2,0,0,2.3,3.4,3.1,2.3,3.7,3.13,2.35,3.75,3.15,2.27,3.57,3.04,36.0,2018/2019
D1,2018-11-02,Stuttgart,Ein Frankfurt,0,3,A,10,15,0,7,4,10,1,3,1,2,0,0,3.0,3.5,2.3,3.03,3.57,2.41,3.13,3.6,2.55,2.96,3.47,2.39,32.0,2018/2019
D1,2018-11-03,Bayern Munich,Freiburg,1,1,D,24,10,6,1,9,8,14,2,1,1,0,0,1.11,10.0,21.0,1.1,10.87,29.23,1.12,12.0,34.0,1.1,10.41,24.69,36.0,2018/2019
D1,2018-11-03,Augsburg,Nurnberg,2,2,D,17,13,4,5,16,11,6,6,3,3,0,0,1.6,3.8,6.0,1.61,4.2,5.85,1.7,4.4,6.0,1.6,4.18,5.59,35.0,2018/2019
D1,2018-11-03,Hertha,RB Leipzig,0,3,A,12,25,5,11,6,11,3,7,2,1,0,0,3.2,3.4,2.25,3.32,3.59,2.24,3.35,3.65,2.5,3.22,3.45,2.24,36.0,2018/2019
D1,2018-11-03,Leverkusen,Hoffenheim,1,4,A,21,10,9,4,6,17,6,7,0,2,0,0,2.1,4.0,3.1,2.23,3.9,3.12,2.25,4.0,3.35,2.17,3.82,3.1,34.0,2018/2019
D1,2018-11-03,Wolfsburg,Dortmund,0,1,A,13,12,3,1,6,9,6,14,0,2,0,0,3.8,3.8,1.9,3.85,3.84,1.97,4.0,3.9,2.0,3.8,3.76,1.94,36.0,2018/2019
D1,2018-11-03,Schalke 04,Hannover,3,1,H,16,20,6,6,10,10,7,7,2,3,0,0,1.61,3.8,6.0,1.67,3.88,5.84,1.69,4.05,6.31,1.64,3.83,5.63,36.0,2018/2019
D1,2018-11-04,Mainz,Werder Bremen,2,1,H,13,14,6,4,7,8,3,6,0,2,0,0,3.0,3.4,2.37,3.04,3.5,2.44,3.15,3.5,2.5,2.98,3.4,2.39,36.0,2018/2019
D1,2018-11-04,M'gladbach,Fortuna Dusseldorf,3,0,H,21,13,7,6,15,8,10,4,1,2,0,0,1.36,4.75,8.0,1.37,5.33,8.5,1.4,5.5,8.7,1.38,5.11,8.05,36.0,2018/2019
D1,2018-11-09,Hannover,Wolfsburg,2,1,H,10,19,4,9,14,8,3,5,4,2,0,0,2.9,3.3,2.37,3.02,3.47,2.46,3.05,3.53,2.6,2.95,3.38,2.45,37.0,2018/2019
D1,2018-11-10,Freiburg,Mainz,1,3,A,15,12,4,9,19,10,3,4,1,2,0,0,2.0,3.4,3.75,2.12,3.44,3.82,2.16,3.5,3.82,2.1,3.38,3.64,36.0,2018/2019
D1,2018-11-10,Fortuna Dusseldorf,Hertha,4,1,H,20,11,9,5,15,15,2,6,1,3,0,1,3.6,3.4,2.1,3.47,3.53,2.2,3.6,3.6,2.2,3.41,3.47,2.15,37.0,2018/2019
D1,2018-11-10,Dortmund,Bayern Munich,3,2,H,11,9,5,3,4,8,0,6,3,3,0,0,3.1,3.8,2.1,3.38,3.87,2.12,3.4,4.0,2.4,3.23,3.81,2.11,37.0,2018/2019
D1,2018-11-10,Hoffenheim,Augsburg,2,1,H,18,22,7,7,14,6,6,6,1,1,0,0,1.61,4.33,5.0,1.67,4.42,4.93,1.7,4.6,5.21,1.65,4.29,4.83,37.0,2018/2019
D1,2018-11-10,Werder Bremen,M'gladbach,1,3,A,20,16,5,6,7,2,9,5,0,0,0,0,2.4,3.5,2.75,2.39,3.77,2.93,2.5,3.8,2.93,2.39,3.62,2.84,37.0,2018/2019
D1,2018-11-10,Nurnberg,Stuttgart,0,2,A,10,13,3,4,14,10,3,9,1,0,0,0,2.4,3.25,3.1,2.48,3.4,3.05,2.5,3.55,3.1,2.44,3.36,2.96,37.0,2018/2019
D1,2018-11-11,Ein Frankfurt,Schalke 04,3,0,H,14,5,4,1,7,13,10,4,0,2,0,0,2.2,3.3,3.4,2.27,3.45,3.4,2.4,3.46,3.4,2.27,3.35,3.26,37.0,2018/2019
D1,2018-11-11,RB Leipzig,Leverkusen,3,0,H,14,7,7,2,12,12,4,3,0,1,0,0,1.8,4.0,4.0,1.83,4.2,4.09,1.9,4.2,4.1,1.85,3.98,3.92,37.0,2018/2019
D1,2018-11-23,Leverkusen,Stuttgart,2,0,H,17,10,4,2,13,8,6,9,3,3,0,0,1.5,4.5,6.0,1.51,4.65,6.44,1.57,4.75,6.5,1.52,4.44,6.07,37.0,2018/2019
D1,2018-11-24,Mainz,Dortmund,1,2,A,15,11,7,7,9,11,6,5,2,1,0,0,5.5,4.0,1.6,5.64,4.29,1.61,5.75,4.4,1.65,5.38,4.14,1.61,37.0,2018/2019
D1,2018-11-24,Schalke 04,Nurnberg,5,2,H,20,12,10,6,7,12,7,2,1,2,0,1,1.53,4.0,7.0,1.52,4.09,7.83,1.55,4.25,7.83,1.52,4.0,7.24,36.0,2018/2019
D1,2018-11-24,Augsburg,Ein Frankfurt,1,3,A,25,15,10,7,3,12,8,5,1,2,0,0,2.62,3.5,2.62,2.74,3.71,2.56,2.75,3.75,2.65,2.64,3.58,2.56,37.0,2018/2019
D1,2018-11-24,Bayern Munich,Fortuna Dusseldorf,3,3,D,17,9,5,5,4,7,9,2,0,1,0,0,1.08,11.0,26.0,1.1,12.83,22.69,1.11,13.5,31.0,1.09,11.66,24.2,37.0,2018/2019
D1,2018-11-24,Hertha,Hoffenheim,3,3,D,23,13,8,6,9,13,8,5,1,2,0,0,3.4,3.75,2.04,3.42,3.86,2.1,3.45,4.0,2.2,3.29,3.77,2.09,36.0,2018/2019
D1,2018-11-24,Wolfsburg,RB Leipzig,1,0,H,5,10,3,4,10,13,2,9,1,2,0,0,3.5,3.5,2.1,3.62,3.68,2.09,3.65,3.7,2.2,3.48,3.56,2.09,37.0,2018/2019
D1,2018-11-25,Freiburg,Werder Bremen,1,1,D,23,19,9,8,6,10,6,3,0,2,0,0,2.87,3.3,2.5,2.81,3.48,2.62,2.9,3.55,2.62,2.78,3.4,2.53,37.0,2018/2019
D1,2018-11-25,M'gladbach,Hannover,4,1,H,20,5,6,3,8,10,5,5,1,1,0,0,1.44,4.5,7.0,1.46,4.93,6.95,1.5,5.0,7.2,1.45,4.71,6.68,37.0,2018/2019
D1,2018-11-30,Fortuna Dusseldorf,Mainz,0,1,A,20,15,7,3,8,7,12,5,1,1,0,0,2.7,3.3,2.6,2.76,3.51,2.65,2.8,3.55,2.7,2.7,3.39,2.62,33.0,2018/2019
D1,2018-12-01,Dortmund,Freiburg,2,0,H,11,5,4,1,6,11,2,3,1,1,0,0,1.28,5.5,11.0,1.31,5.64,10.51,1.32,6.0,11.5,1.3,5.57,10.35,37.0,2018/2019
D1,2018-12-01,Hannover,Hertha,0,2,A,10,14,2,8,9,14,3,6,2,3,0,0,2.7,3.4,2.6,2.71,3.53,2.68,2.8,3.6,2.75,2.66,3.44,2.63,37.0,2018/2019
D1,2018-12-01,Hoffenheim,Schalke 04,1,1,D,20,13,7,5,11,13,4,10,3,3,0,0,1.8,3.8,4.33,1.81,4.13,4.3,1.95,4.15,4.4,1.82,3.94,4.1,37.0,2018/2019
D1,2018-12-01,Stuttgart,Augsburg,1,0,H,13,17,3,4,11,10,3,8,4,2,0,0,2.6,3.3,2.75,2.69,3.49,2.73,2.75,3.55,2.8,2.6,3.4,2.72,37.0,2018/2019
D1,2018-12-01,Werder Bremen,Bayern Munich,1,2,A,9,16,3,5,13,8,3,10,3,2,1,0,7.0,5.25,1.4,7.53,5.06,1.42,8.0,5.35,1.45,7.38,5.01,1.4,37.0,2018/2019
D1,2018-12-02,Ein Frankfurt,Wolfsburg,1,2,A,13,10,2,3,10,9,9,3,3,7,0,0,1.8,4.0,4.1,1.87,3.7,4.51,1.87,4.0,4.8,1.82,3.69,4.42,37.0,2018/2019
D1,2018-12-02,RB Leipzig,M'gladbach,2,0,H,14,7,6,4,9,9,5,4,2,2,0,0,1.9,3.75,3.75,1.9,4.07,3.91,2.0,4.2,4.05,1.89,3.93,3.78,37.0,2018/2019
D1,2018-12-03,Nurnberg,Leverkusen,1,1,D,11,20,4,6,14,10,3,6,3,2,0,0,4.2,4.0,1.8,4.46,4.02,1.8,4.6,4.15,1.85,4.34,3.92,1.78,36.0,2018/2019
D1,2018-12-07,Werder Bremen,Fortuna Dusseldorf,3,1,H,22,12,9,3,13,18,6,4,3,4,0,0,1.72,4.0,4.5,1.75,3.91,5.01,1.78,4.05,5.02,1.73,3.9,4.7,37.0,2018/2019
D1,2018-12-08,Hertha,Ein Frankfurt,1,0,H,7,18,4,4,15,14,5,9,1,0,0,0,2.45,3.3,2.9,2.65,3.54,2.74,2.7,3.65,2.9,2.57,3.49,2.69,37.0,2018/2019
D1,2018-12-08,Freiburg,RB Leipzig,3,0,H,12,15,9,4,9,16,3,12,1,2,0,0,4.0,4.0,1.83,4.07,3.89,1.91,4.4,4.0,1.92,4.04,3.83,1.87,37.0,2018/2019
D1,2018-12-08,Bayern Munich,Nurnberg,3,0,H,20,4,8,1,9,6,11,1,1,0,0,0,1.08,11.0,34.0,1.09,11.83,32.32,1.11,13.0,41.0,1.09,11.27,29.87,36.0,2018/2019
D1,2018-12-08,Wolfsburg,Hoffenheim,2,2,D,10,19,3,6,9,9,6,4,1,2,0,0,3.0,3.6,2.3,3.04,3.81,2.31,3.1,3.81,2.4,2.97,3.66,2.29,36.0,2018/2019
D1,2018-12-08,Schalke 04,Dortmund,1,2,A,6,10,3,3,12,9,3,1,4,3,0,0,3.3,3.4,2.2,3.42,3.49,2.24,3.45,3.6,2.25,3.34,3.48,2.18,37.0,2018/2019
D1,2018-12-08,Leverkusen,Augsburg,1,0,H,21,13,7,1,11,17,4,2,1,2,0,0,1.66,4.0,5.0,1.71,4.3,4.72,1.71,4.45,5.0,1.67,4.22,4.71,37.0,2018/2019
D1,2018-12-09,Mainz,Hannover,1,1,D,28,11,5,3,12,9,9,1,4,3,0,1,1.9,3.6,4.0,1.99,3.51,4.16,2.01,3.7,4.16,1.96,3.54,3.93,37.0,2018/2019
D1,2018-12-09,M'gladbach,Stuttgart,3,0,H,23,7,7,2,7,12,7,4,2,4,0,1,1.44,4.33,7.0,1.51,4.42,6.96,1.54,4.7,7.27,1.49,4.42,6.65,37.0,2018/2019
D1,2018-12-14,Nurnberg,Wolfsburg,0,2,A,11,10,0,4,13,13,6,3,2,1,0,0,3.6,3.5,2.04,3.76,3.51,2.1,3.9,3.59,2.15,3.64,3.44,2.09,36.0,2018/2019
D1,2018-12-15,Augsburg,Schalke 04,1,1,D,17,15,9,5,17,8,6,7,2,1,0,0,2.5,3.25,2.9,2.57,3.41,2.92,2.65,3.45,2.93,2.53,3.32,2.84,36.0,2018/2019
D1,2018-12-15,Fortuna Dusseldorf,Freiburg,2,0,H,20,6,8,2,13,9,4,1,2,1,0,0,2.75,3.3,2.6,2.84,3.39,2.65,2.85,3.5,2.7,2.75,3.34,2.61,36.0,2018/2019
D1,2018-12-15,Dortmund,Werder Bremen,2,1,H,16,9,9,5,11,14,4,10,1,4,0,0,1.36,5.25,8.0,1.39,5.42,7.85,1.43,5.5,8.2,1.39,5.12,7.49,36.0,2018/2019
D1,2018-12-15,Stuttgart,Hertha,2,1,H,9,15,4,3,11,13,5,5,1,3,0,0,2.7,3.4,2.62,2.83,3.46,2.62,2.83,3.55,2.7,2.73,3.39,2.6,36.0,2018/2019
D1,2018-12-15,Hoffenheim,M'gladbach,0,0,D,27,5,6,1,9,10,6,2,0,2,0,0,1.9,4.0,3.6,1.96,4.31,3.51,2.2,4.35,3.6,1.95,4.11,3.43,36.0,2018/2019
D1,2018-12-15,Hannover,Bayern Munich,0,4,A,3,32,0,14,9,5,0,14,1,0,0,0,11.0,7.0,1.22,11.28,6.59,1.26,12.75,7.25,1.28,11.12,6.61,1.24,36.0,2018/2019
D1,2018-12-16,Ein Frankfurt,Leverkusen,2,1,H,17,12,7,6,9,8,10,7,6,2,0,0,2.4,3.5,2.87,2.38,3.71,2.99,2.4,3.75,3.0,2.35,3.58,2.91,36.0,2018/2019
D1,2018-12-16,RB Leipzig,Mainz,4,1,H,17,11,7,5,9,13,6,2,3,3,0,0,1.4,4.75,7.5,1.44,4.83,7.53,1.5,5.1,7.8,1.43,4.8,7.07,35.0,2018/2019
D1,2018-12-18,Fortuna Dusseldorf,Dortmund,2,1,H,8,11,3,3,8,13,2,2,1,2,0,0,7.0,4.5,1.44,7.12,4.63,1.48,7.26,4.8,1.5,6.79,4.56,1.46,36.0,2018/2019
D1,2018-12-18,Hertha,Augsburg,2,2,D,17,8,7,2,17,13,3,2,1,0,0,0,2.3,3.4,3.1,2.31,3.46,3.3,2.32,3.55,3.3,2.27,3.41,3.2,36.0,2018/2019
D1,2018-12-18,M'gladbach,Nurnberg,2,0,H,17,7,7,2,5,19,6,7,2,3,0,0,1.36,5.5,7.0,1.39,5.16,8.49,1.39,5.75,8.55,1.37,5.23,7.87,35.0,2018/2019
D1,2018-12-18,Wolfsburg,Stuttgart,2,0,H,16,11,5,1,10,17,4,8,1,2,0,0,1.66,3.75,5.5,1.72,3.74,5.55,1.75,3.9,5.8,1.7,3.68,5.33,36.0,2018/2019
D1,2018-12-19,Bayern Munich,RB Leipzig,1,0,H,10,8,4,2,9,20,5,5,2,2,1,1,1.36,5.25,8.0,1.38,5.36,8.21,1.45,5.55,8.75,1.37,5.16,7.93,35.0,2018/2019
D1,2018-12-19,Freiburg,Hannover,1,1,D,14,18,7,3,13,14,5,2,0,2,0,0,1.85,3.6,4.0,1.93,3.83,4.03,1.98,3.85,4.05,1.92,3.65,3.9,36.0,2018/2019
D1,2018-12-19,Mainz,Ein Frankfurt,2,2,D,17,12,6,4,13,15,3,2,3,3,0,0,3.2,3.5,2.2,3.3,3.62,2.24,3.31,3.65,2.35,3.19,3.52,2.22,36.0,2018/2019
D1,2018-12-19,Schalke 04,Leverkusen,1,2,A,18,8,4,5,14,19,7,1,4,4,0,0,2.4,3.5,2.9,2.56,3.45,2.91,2.56,3.5,2.96,2.48,3.37,2.86,36.0,2018/2019
D1,2018-12-19,Werder Bremen,Hoffenheim,1,1,D,26,14,5,4,7,13,6,3,0,1,0,0,3.1,4.2,2.04,3.26,4.07,2.11,3.35,4.15,2.12,3.21,3.98,2.06,35.0,2018/2019
D1,2018-12-21,Dortmund,M'gladbach,2,1,H,12,3,4,2,5,12,4,2,0,1,0,0,1.5,4.5,5.75,1.56,4.65,5.67,1.6,4.8,5.9,1.55,4.52,5.55,36.0,2018/2019
D1,2018-12-22,Ein Frankfurt,Bayern Munich,0,3,A,10,9,3,7,9,4,3,4,2,1,0,0,5.75,4.75,1.5,5.97,4.67,1.54,6.3,5.1,1.56,5.73,4.66,1.52,35.0,2018/2019
D1,2018-12-22,RB Leipzig,Werder Bremen,3,2,H,11,15,5,6,15,9,4,4,2,0,0,0,1.44,4.5,7.0,1.5,4.93,6.16,1.52,5.0,7.0,1.49,4.69,6.17,36.0,2018/2019
D1,2018-12-22,Hannover,Fortuna Dusseldorf,0,1,A,17,13,3,6,14,19,4,6,2,3,0,0,2.2,3.4,3.3,2.24,3.6,3.31,2.35,3.6,3.31,2.24,3.46,3.21,36.0,2018/2019
D1,2018-12-22,Nurnberg,Freiburg,0,1,A,16,7,3,3,16,16,12,3,2,3,0,0,2.62,3.3,2.7,2.76,3.32,2.77,2.77,3.4,2.8,2.67,3.28,2.72,36.0,2018/2019
D1,2018-12-22,Leverkusen,Hertha,3,1,H,15,13,7,8,3,12,4,5,0,1,0,0,1.72,4.0,4.5,1.7,4.31,4.79,1.75,4.35,4.9,1.7,4.14,4.65,36.0,2018/2019
D1,2018-12-22,Stuttgart,Schalke 04,1,3,A,17,15,5,6,9,17,2,5,3,5,0,0,3.2,3.3,2.3,3.27,3.26,2.42,3.3,3.4,2.5,3.16,3.24,2.38,36.0,2018/2019
D1,2018-12-23,Augsburg,Wolfsburg,2,3,A,10,16,4,5,12,11,3,4,2,3,0,0,2.6,3.3,2.75,2.64,3.28,2.93,2.7,3.4,2.93,2.58,3.26,2.83,35.0,2018/2019
D1,2018-12-23,Hoffenheim,Mainz,1,1,D,28,12,7,5,11,10,9,2,1,0,0,0,1.44,4.5,6.5,1.52,4.77,6.13,1.55,5.2,7.0,1.49,4.69,6.11,34.0,2018/2019
D1,2019-01-18,Hoffenheim,Bayern Munich,1,3,A,13,21,5,9,13,9,2,6,3,2,0,0,6.0,5.0,1.44,6.52,4.94,1.48,6.8,5.2,1.6,6.32,4.88,1.47,36.0,2018/2019
D1,2019-01-19,Augsburg,Fortuna Dusseldorf,1,2,A,13,11,6,3,13,9,5,3,3,1,0,0,1.9,3.6,4.0,1.91,3.76,4.21,2.0,3.85,4.33,1.9,3.66,4.07,36.0,2018/2019
D1,2019-01-19,Ein Frankfurt,Freiburg,3,1,H,9,21,4,7,13,8,5,5,2,1,0,0,1.65,4.0,5.25,1.66,4.01,5.59,1.7,4.2,5.6,1.65,3.99,5.3,36.0,2018/2019
D1,2019-01-19,Hannover,Werder Bremen,0,1,A,10,23,1,13,17,19,7,8,3,1,0,0,3.25,3.6,2.15,3.29,3.68,2.22,3.3,3.75,2.4,3.15,3.6,2.22,36.0,2018/2019
D1,2019-01-19,Leverkusen,M'gladbach,0,1,A,22,7,10,3,9,14,10,3,1,2,0,0,2.0,3.7,3.6,1.98,3.99,3.67,2.1,4.05,3.7,1.99,3.84,3.53,36.0,2018/2019
D1,2019-01-19,RB Leipzig,Dortmund,0,1,A,12,8,5,4,12,9,6,7,3,2,0,0,2.5,3.5,2.75,2.54,3.55,2.86,2.6,3.65,2.9,2.51,3.47,2.78,36.0,2018/2019
D1,2019-01-19,Stuttgart,Mainz,2,3,A,28,14,8,4,9,16,13,8,2,2,0,0,2.4,3.3,2.9,2.52,3.35,3.04,2.54,3.45,3.3,2.43,3.29,3.02,36.0,2018/2019
D1,2019-01-20,Nurnberg,Hertha,1,3,A,14,16,3,8,13,9,4,4,2,1,0,0,3.5,3.4,2.1,3.53,3.47,2.2,3.53,3.5,2.3,3.35,3.37,2.21,36.0,2018/2019
D1,2019-01-20,Schalke 04,Wolfsburg,2,1,H,20,12,5,5,11,5,4,6,1,0,0,0,2.2,3.3,3.4,2.27,3.19,3.7,2.28,3.3,3.75,2.2,3.17,3.62,36.0,2018/2019
D1,2019-01-25,Hertha,Schalke 04,2,2,D,11,14,4,7,15,10,3,6,2,1,0,0,2.5,3.25,2.87,2.65,3.3,2.91,2.7,3.3,2.95,2.61,3.21,2.84,37.0,2018/2019
D1,2019-01-26,Dortmund,Hannover,5,1,H,18,11,9,3,7,10,6,3,1,1,0,0,1.16,7.5,15.0,1.17,8.22,16.2,1.19,8.8,19.0,1.17,7.85,15.64,37.0,2018/2019
D1,2019-01-26,Freiburg,Hoffenheim,2,4,A,20,16,8,11,17,14,6,1,0,2,0,0,3.5,4.0,1.95,3.71,3.95,1.98,3.71,4.05,2.1,3.57,3.85,1.98,37.0,2018/2019
D1,2019-01-26,Mainz,Nurnberg,2,1,H,20,8,4,3,12,16,5,5,3,1,0,0,1.66,3.8,5.25,1.69,3.94,5.4,1.73,4.05,5.47,1.69,3.85,5.14,37.0,2018/2019
D1,2019-01-26,M'gladbach,Augsburg,2,0,H,14,4,6,1,9,15,4,0,2,4,0,0,1.66,4.0,5.0,1.63,4.16,5.64,1.67,4.25,5.77,1.63,4.06,5.38,37.0,2018/2019
D1,2019-01-26,Werder Bremen,Ein Frankfurt,2,2,D,18,8,9,4,11,10,8,3,4,2,0,0,2.55,3.5,2.7,2.6,3.72,2.69,2.65,3.8,2.78,2.53,3.62,2.67,37.0,2018/2019
D1,2019-01-26,Wolfsburg,Leverkusen,0,3,A,10,23,4,14,10,14,5,6,5,3,0,0,2.62,3.5,2.6,2.73,3.62,2.62,2.76,3.62,2.7,2.7,3.49,2.57,37.0,2018/2019
D1,2019-01-27,Bayern Munich,Stuttgart,4,1,H,19,7,6,2,9,9,8,1,1,1,0,0,1.08,13.0,21.0,1.11,11.23,23.85,1.11,13.0,34.0,1.09,11.03,25.11,37.0,2018/2019
D1,2019-01-27,Fortuna Dusseldorf,RB Leipzig,0,4,A,10,12,0,9,11,11,8,2,1,0,0,0,4.0,3.6,1.9,4.05,3.75,1.95,4.2,3.8,1.97,3.99,3.63,1.92,37.0,2018/2019
D1,2019-02-01,Hannover,RB Leipzig,0,3,A,5,19,1,8,14,17,0,7,2,2,0,0,5.5,4.33,1.53,5.83,4.51,1.57,6.6,4.75,1.59,5.78,4.41,1.55,35.0,2018/2019
D1,2019-02-02,Ein Frankfurt,Dortmund,1,1,D,12,13,7,4,15,6,6,4,2,2,0,0,3.3,3.6,2.15,3.32,3.72,2.19,3.4,3.82,2.25,3.2,3.66,2.17,35.0,2018/2019
D1,2019-02-02,Hertha,Wolfsburg,0,1,A,11,8,4,4,19,12,3,7,3,1,0,0,2.3,3.3,3.25,2.35,3.5,3.19,2.5,3.5,3.25,2.31,3.38,3.13,34.0,2018/2019
D1,2019-02-02,Hoffenheim,Fortuna Dusseldorf,1,1,D,12,8,4,6,22,12,5,5,3,4,0,0,1.44,4.5,6.5,1.45,4.99,7.07,1.5,5.25,7.35,1.43,4.96,6.84,35.0,2018/2019
D1,2019-02-02,Leverkusen,Bayern Munich,3,1,H,11,17,4,6,13,13,7,4,3,2,0,0,5.5,4.5,1.55,5.73,4.29,1.61,5.8,4.6,1.61,5.4,4.37,1.58,35.0,2018/2019
D1,2019-02-02,Nurnberg,Werder Bremen,1,1,D,11,10,2,3,17,17,3,7,4,1,0,0,3.75,3.6,2.0,3.73,3.83,2.01,3.8,3.9,2.03,3.65,3.72,1.98,35.0,2018/2019
D1,2019-02-02,Schalke 04,M'gladbach,0,2,A,9,16,1,9,9,8,1,6,1,2,1,0,2.4,3.4,3.0,2.46,3.48,3.01,2.48,3.5,3.05,2.41,3.37,2.96,35.0,2018/2019
D1,2019-02-03,Augsburg,Mainz,3,0,H,19,6,8,0,18,10,7,3,0,1,0,0,2.1,3.5,3.4,2.18,3.63,3.43,2.3,3.65,3.43,2.2,3.48,3.26,35.0,2018/2019
D1,2019-02-03,Stuttgart,Freiburg,2,2,D,17,16,4,4,8,9,7,8,5,0,1,0,2.15,3.4,3.4,2.3,3.33,3.44,2.3,3.5,3.5,2.23,3.35,3.31,35.0,2018/2019
D1,2019-02-08,Mainz,Leverkusen,1,5,A,15,18,2,7,13,5,4,4,3,1,0,0,3.8,3.8,1.9,3.9,3.93,1.93,3.9,4.0,2.0,3.76,3.84,1.93,34.0,2018/2019
D1,2019-02-09,Freiburg,Wolfsburg,3,3,D,10,15,4,4,15,10,9,2,3,2,0,0,2.87,3.4,2.45,2.85,3.31,2.7,2.87,3.42,2.7,2.8,3.28,2.61,35.0,2018/2019
D1,2019-02-09,Dortmund,Hoffenheim,3,3,D,16,14,7,6,7,14,7,8,0,3,0,0,1.66,4.2,4.75,1.76,4.1,4.62,1.77,4.45,4.8,1.73,4.14,4.44,35.0,2018/2019
D1,2019-02-09,Bayern Munich,Schalke 04,3,1,H,17,7,4,5,8,9,7,2,1,2,0,0,1.2,7.0,13.0,1.23,6.48,14.28,1.25,7.0,15.25,1.23,6.53,12.87,34.0,2018/2019
D1,2019-02-09,RB Leipzig,Ein Frankfurt,0,0,D,14,6,1,2,9,10,7,4,4,2,0,0,1.83,4.0,4.0,1.83,3.93,4.42,1.87,4.05,4.45,1.83,3.87,4.18,35.0,2018/2019
D1,2019-02-09,M'gladbach,Hertha,0,3,A,13,11,4,4,7,11,5,5,0,2,0,0,1.57,4.2,5.5,1.61,4.32,5.63,1.65,4.32,5.8,1.61,4.14,5.45,35.0,2018/2019
D1,2019-02-09,Hannover,Nurnberg,2,0,H,18,9,8,1,16,16,4,4,2,2,0,1,2.2,3.4,3.25,2.31,3.35,3.4,2.4,3.4,3.4,2.29,3.28,3.28,35.0,2018/2019
D1,2019-02-10,Fortuna Dusseldorf,Stuttgart,3,0,H,15,15,6,2,18,8,5,4,3,4,0,1,2.1,3.5,3.5,2.21,3.4,3.6,2.21,3.55,3.75,2.14,3.4,3.49,35.0,2018/2019
D1,2019-02-10,Werder Bremen,Augsburg,4,0,H,11,13,5,3,5,12,3,2,0,1,0,0,1.72,3.8,4.5,1.75,4.18,4.64,1.85,4.18,4.7,1.76,3.98,4.41,35.0,2018/2019
D1,2019-02-15,Augsburg,Bayern Munich,2,3,A,8,17,2,8,13,12,1,9,1,2,0,0,15.0,6.0,1.2,12.19,7.4,1.22,15.0,7.5,1.3,12.45,6.81,1.22,32.0,2018/2019
D1,2019-02-16,Hertha,Werder Bremen,1,1,D,11,8,2,2,16,11,4,3,3,3,0,0,2.4,3.5,2.9,2.46,3.49,3.01,2.46,3.65,3.1,2.4,3.48,2.91,32.0,2018/2019
D1,2019-02-16,Wolfsburg,Mainz,3,0,H,16,12,6,4,6,11,4,7,1,1,0,0,1.72,4.0,4.5,1.72,4.3,4.66,1.8,4.3,4.8,1.73,3.98,4.59,31.0,2018/2019
D1,2019-02-16,Hoffenheim,Hannover,3,0,H,26,5,11,1,15,6,10,6,0,1,0,0,1.3,6.0,8.5,1.32,5.73,9.93,1.35,6.0,10.5,1.31,5.7,9.08,32.0,2018/2019
D1,2019-02-16,Stuttgart,RB Leipzig,1,3,A,7,7,3,4,18,11,5,4,1,1,0,0,5.25,4.0,1.65,4.96,4.24,1.69,5.3,4.4,1.7,4.89,4.1,1.67,32.0,2018/2019
D1,2019-02-16,Schalke 04,Freiburg,0,0,D,15,12,2,3,10,13,4,9,0,4,1,1,1.7,3.75,5.25,1.79,3.65,5.13,1.79,3.9,5.25,1.75,3.67,4.98,31.0,2018/2019
D1,2019-02-17,Ein Frankfurt,M'gladbach,1,1,D,12,14,3,5,12,8,8,7,3,1,0,0,2.3,3.6,3.0,2.32,3.71,3.08,2.4,3.75,3.08,2.33,3.58,2.95,32.0,2018/2019
D1,2019-02-17,Leverkusen,Fortuna Dusseldorf,2,0,H,13,3,7,0,6,11,5,4,1,3,0,0,1.44,4.75,6.5,1.43,4.87,7.85,1.5,5.05,7.85,1.44,4.77,7.07,32.0,2018/2019
D1,2019-02-18,Nurnberg,Dortmund,0,0,D,7,17,2,6,8,9,3,11,1,1,0,0,7.5,5.0,1.4,7.68,4.83,1.44,8.3,5.25,1.46,7.4,4.82,1.42,32.0,2018/2019
D1,2019-02-22,Werder Bremen,Stuttgart,1,1,D,15,8,4,3,7,9,4,2,1,3,0,0,1.53,4.33,5.75,1.6,4.39,5.62,1.62,4.5,5.97,1.58,4.28,5.56,35.0,2018/2019
D1,2019-02-23,Bayern Munich,Hertha,1,0,H,12,9,4,2,12,6,11,3,2,0,0,1,1.18,7.0,17.0,1.21,7.0,15.65,1.23,7.35,17.0,1.2,6.91,14.29,35.0,2018/2019
D1,2019-02-23,M'gladbach,Wolfsburg,0,3,A,15,5,5,3,14,11,12,1,2,1,0,0,1.75,3.8,4.75,1.81,3.73,4.86,1.85,3.8,4.86,1.8,3.65,4.59,34.0,2018/2019
D1,2019-02-23,Fortuna Dusseldorf,Nurnberg,2,1,H,19,5,7,2,14,7,7,3,3,4,0,1,1.72,3.75,5.0,1.75,3.92,4.96,1.82,4.05,5.25,1.75,3.75,4.8,35.0,2018/2019
D1,2019-02-23,Mainz,Schalke 04,3,0,H,21,10,6,3,10,15,1,3,4,2,0,0,2.8,3.4,2.5,2.9,3.39,2.6,2.95,3.45,2.6,2.84,3.33,2.53,35.0,2018/2019
D1,2019-02-23,Freiburg,Augsburg,5,1,H,19,14,11,4,13,16,8,1,0,3,0,1,2.15,3.5,3.3,2.2,3.52,3.49,2.25,3.55,3.5,2.18,3.42,3.38,35.0,2018/2019
D1,2019-02-24,Dortmund,Leverkusen,3,2,H,9,13,4,4,10,9,3,8,1,2,0,0,1.8,4.2,4.0,1.85,4.06,4.14,1.9,4.2,4.2,1.85,3.95,3.95,35.0,2018/2019
D1,2019-02-24,Hannover,Ein Frankfurt,0,3,A,11,14,3,8,11,12,3,5,1,1,0,0,4.75,3.75,1.75,4.48,4.07,1.79,4.75,4.07,1.82,4.38,3.86,1.78,35.0,2018/2019
D1,2019-02-25,RB Leipzig,Hoffenheim,1,1,D,15,7,4,4,16,21,6,4,0,1,0,0,1.8,4.0,4.0,1.83,4.24,4.11,1.9,4.3,4.14,1.82,4.06,3.96,35.0,2018/2019
D1,2019-03-01,Augsburg,Dortmund,2,1,H,9,18,4,8,15,11,1,4,1,2,0,0,5.75,4.5,1.53,6.26,4.43,1.55,6.5,4.52,1.59,5.99,4.32,1.55,34.0,2018/2019
D1,2019-03-02,M'gladbach,Bayern Munich,1,5,A,11,19,2,14,6,11,1,9,2,2,0,0,5.5,4.5,1.57,5.22,4.37,1.64,5.5,4.5,1.65,5.13,4.28,1.61,34.0,2018/2019
D1,2019-03-02,Nurnberg,RB Leipzig,0,1,A,7,12,1,5,8,17,5,8,2,3,0,0,6.5,4.33,1.5,6.58,4.47,1.53,7.0,4.6,1.57,6.56,4.34,1.51,34.0,2018/2019
D1,2019-03-02,Ein Frankfurt,Hoffenheim,3,2,H,18,20,10,7,8,16,4,3,0,3,0,1,2.37,3.75,2.8,2.33,3.9,2.94,2.37,4.0,2.96,2.31,3.78,2.87,34.0,2018/2019
D1,2019-03-02,Hertha,Mainz,2,1,H,11,13,4,1,13,10,4,1,0,2,0,0,1.85,3.6,4.33,1.86,3.69,4.54,1.87,3.8,4.6,1.84,3.63,4.4,34.0,2018/2019
D1,2019-03-02,Leverkusen,Freiburg,2,0,H,17,8,5,3,11,7,7,2,0,0,0,0,1.44,4.5,7.5,1.45,4.94,7.12,1.5,5.05,7.55,1.44,4.8,7.0,34.0,2018/2019
D1,2019-03-02,Schalke 04,Fortuna Dusseldorf,0,4,A,7,13,2,5,16,16,1,1,4,2,0,0,1.83,3.75,4.2,1.89,3.6,4.52,1.91,3.8,4.55,1.86,3.63,4.33,34.0,2018/2019
D1,2019-03-03,Stuttgart,Hannover,5,1,H,14,3,8,1,15,16,7,0,2,2,0,0,1.72,4.0,4.5,1.72,3.95,5.14,1.75,4.3,5.14,1.72,3.96,4.69,34.0,2018/2019
D1,2019-03-03,Wolfsburg,Werder Bremen,1,1,D,13,12,5,3,8,22,6,4,0,2,0,0,2.15,3.5,3.3,2.18,3.61,3.46,2.23,3.65,3.47,2.16,3.53,3.35,34.0,2018/2019
D1,2019-03-08,Werder Bremen,Schalke 04,4,2,H,20,14,7,8,17,10,4,5,2,1,0,0,2.05,3.5,3.6,2.16,3.38,3.73,2.16,3.55,3.8,2.09,3.41,3.65,31.0,2018/2019
D1,2019-03-09,Bayern Munich,Wolfsburg,6,0,H,22,4,12,1,9,6,7,2,0,1,0,0,1.25,6.5,10.0,1.24,6.7,12.61,1.28,7.0,14.25,1.24,6.36,11.85,34.0,2018/2019
D1,2019-03-09,Dortmund,Stuttgart,3,1,H,18,7,8,1,6,10,7,1,3,3,0,0,1.28,5.5,11.0,1.33,5.77,9.17,1.35,5.9,11.0,1.32,5.5,9.19,34.0,2018/2019
D1,2019-03-09,Freiburg,Hertha,2,1,H,10,16,4,6,10,14,3,6,1,3,0,0,2.55,3.25,2.87,2.63,3.35,2.89,2.7,3.37,2.9,2.61,3.26,2.82,34.0,2018/2019
D1,2019-03-09,Mainz,M'gladbach,0,1,A,15,11,2,4,12,4,2,6,2,0,0,0,3.3,3.4,2.2,3.24,3.58,2.28,3.3,3.6,2.35,3.13,3.48,2.27,34.0,2018/2019
D1,2019-03-09,RB Leipzig,Augsburg,0,0,D,17,5,4,3,13,9,7,4,1,1,0,0,1.36,5.0,8.5,1.36,5.4,8.96,1.42,5.5,10.0,1.36,5.15,8.72,34.0,2018/2019
D1,2019-03-10,Hannover,Leverkusen,2,3,A,11,15,5,5,14,15,6,6,3,1,0,0,8.5,5.75,1.3,8.15,5.29,1.39,9.0,5.75,1.4,8.08,5.32,1.36,34.0,2018/2019
D1,2019-03-10,Hoffenheim,Nurnberg,2,1,H,18,11,6,5,10,7,8,3,3,2,0,0,1.25,5.75,12.0,1.29,5.96,11.21,1.3,6.35,12.25,1.27,5.92,10.77,34.0,2018/2019
D1,2019-03-11,Fortuna Dusseldorf,Ein Frankfurt,0,3,A,7,15,3,6,9,14,1,5,1,2,0,0,2.75,3.4,2.55,2.73,3.74,2.55,2.81,3.74,2.57,2.72,3.57,2.51,33.0,2018/2019
D1,2019-03-15,M'gladbach,Freiburg,1,1,D,13,10,2,2,10,13,10,6,0,3,0,0,1.53,3.9,6.25,1.57,4.29,6.14,1.6,4.35,6.3,1.57,4.14,5.85,31.0,2018/2019
D1,2019-03-16,Schalke 04,RB Leipzig,0,1,A,14,15,3,4,12,16,0,6,1,1,0,0,3.75,3.6,2.0,4.02,3.52,2.03,4.02,3.6,2.05,3.85,3.44,2.01,31.0,2018/2019
D1,2019-03-16,Hertha,Dortmund,2,3,A,7,25,4,8,10,5,4,10,3,3,2,0,4.2,3.75,1.85,4.11,3.67,1.96,4.2,3.9,1.97,3.97,3.67,1.91,34.0,2018/2019
D1,2019-03-16,Wolfsburg,Fortuna Dusseldorf,5,2,H,19,18,10,6,15,9,7,5,1,1,0,0,1.75,3.75,4.75,1.81,3.8,4.7,1.88,3.9,4.75,1.8,3.71,4.46,30.0,2018/2019
D1,2019-03-16,Stuttgart,Hoffenheim,1,1,D,13,21,2,8,10,15,4,9,4,2,0,0,3.7,4.0,1.85,3.84,4.03,1.93,4.0,4.11,1.95,3.76,3.93,1.9,34.0,2018/2019
D1,2019-03-16,Augsburg,Hannover,3,1,H,22,13,10,4,11,10,2,3,1,4,0,0,1.61,4.33,5.0,1.68,3.92,5.55,1.7,4.5,5.55,1.64,4.11,5.18,31.0,2018/2019
D1,2019-03-17,Ein Frankfurt,Nurnberg,1,0,H,24,9,4,3,4,13,8,3,0,2,0,0,1.4,5.0,7.5,1.4,4.87,8.69,1.45,5.15,8.69,1.4,4.82,7.91,34.0,2018/2019
D1,2019-03-17,Leverkusen,Werder Bremen,1,3,A,15,10,2,5,8,11,10,3,3,2,0,0,1.6,4.2,5.25,1.63,4.46,5.18,1.65,4.6,5.5,1.61,4.34,5.11,34.0,2018/2019
D1,2019-03-17,Bayern Munich,Mainz,6,0,H,22,7,11,1,7,5,13,2,1,0,0,0,1.12,9.0,17.0,1.13,9.23,23.1,1.15,10.0,27.0,1.13,8.94,21.65,34.0,2018/2019
D1,2019-03-29,Hoffenheim,Leverkusen,4,1,H,13,18,5,6,8,6,4,7,2,2,0,0,2.37,3.8,2.7,2.45,3.96,2.75,2.46,4.1,2.87,2.38,3.86,2.74,34.0,2018/2019
D1,2019-03-30,Fortuna Dusseldorf,M'gladbach,3,1,H,8,13,4,6,14,13,1,2,2,3,0,0,3.0,3.5,2.3,3.22,3.5,2.33,3.22,3.6,2.4,3.06,3.48,2.32,34.0,2018/2019
D1,2019-03-30,Dortmund,Wolfsburg,2,0,H,11,7,5,3,11,13,5,4,0,3,0,0,1.5,4.33,6.5,1.51,4.56,6.72,1.53,4.7,7.25,1.5,4.49,6.44,33.0,2018/2019
D1,2019-03-30,Freiburg,Bayern Munich,1,1,D,12,26,5,8,8,9,1,7,3,1,0,0,12.0,6.5,1.22,11.52,6.25,1.27,14.25,6.9,1.28,11.55,6.29,1.25,34.0,2018/2019
D1,2019-03-30,Nurnberg,Augsburg,3,0,H,12,14,4,3,8,12,4,4,1,3,0,0,2.87,3.3,2.5,3.03,3.23,2.6,3.03,3.35,2.65,2.92,3.25,2.53,34.0,2018/2019
D1,2019-03-30,Werder Bremen,Mainz,3,1,H,8,12,4,5,11,9,7,8,0,1,0,0,1.61,4.33,5.0,1.65,4.11,5.63,1.68,4.35,5.63,1.64,4.08,5.25,34.0,2018/2019
D1,2019-03-30,RB Leipzig,Hertha,5,0,H,21,6,9,0,7,6,6,3,1,1,0,0,1.5,4.33,6.5,1.53,4.23,7.01,1.55,4.55,7.15,1.51,4.3,6.57,34.0,2018/2019
D1,2019-03-31,Ein Frankfurt,Stuttgart,3,0,H,11,10,5,3,13,10,5,5,2,1,0,0,1.44,5.0,6.5,1.47,4.7,7.1,1.5,5.2,7.25,1.46,4.78,6.59,34.0,2018/2019
D1,2019-03-31,Hannover,Schalke 04,0,1,A,15,6,3,3,16,17,8,2,1,1,0,0,4.5,3.6,1.8,4.66,3.62,1.86,4.75,3.85,1.87,4.42,3.68,1.82,33.0,2018/2019
D1,2019-04-05,Mainz,Freiburg,5,0,H,9,17,5,5,17,7,2,7,3,1,0,0,2.2,3.3,3.4,2.23,3.51,3.42,2.28,3.55,3.57,2.2,3.42,3.35,32.0,2018/2019
D1,2019-04-06,Leverkusen,RB Leipzig,2,4,A,11,8,4,4,10,12,6,2,2,1,0,0,2.3,3.75,2.9,2.34,3.72,3.03,2.4,3.8,3.05,2.33,3.63,2.92,35.0,2018/2019
D1,2019-04-06,Hertha,Fortuna Dusseldorf,1,2,A,13,13,3,7,18,11,2,6,2,1,0,0,1.9,3.6,4.0,1.95,3.61,4.22,2.0,3.8,4.22,1.93,3.58,4.02,35.0,2018/2019
D1,2019-04-06,Bayern Munich,Dortmund,5,0,H,22,5,10,1,9,12,11,1,1,2,0,0,1.53,4.75,5.25,1.53,4.72,6.02,1.65,5.0,6.02,1.53,4.67,5.62,35.0,2018/2019
D1,2019-04-06,Schalke 04,Ein Frankfurt,1,2,A,6,16,4,5,16,8,3,6,5,1,1,0,3.3,3.5,2.15,3.48,3.48,2.22,3.48,3.6,2.26,3.29,3.43,2.22,35.0,2018/2019
D1,2019-04-06,Wolfsburg,Hannover,3,1,H,13,11,5,4,9,11,9,2,1,2,0,0,1.33,5.5,8.5,1.37,5.19,9.11,1.41,5.5,9.11,1.37,5.14,8.29,35.0,2018/2019
D1,2019-04-06,Stuttgart,Nurnberg,1,1,D,14,19,4,6,8,11,12,5,1,3,0,0,1.8,3.75,4.5,1.82,3.65,4.91,1.85,3.82,4.91,1.8,3.64,4.61,35.0,2018/2019
D1,2019-04-07,Augsburg,Hoffenheim,0,4,A,8,18,0,9,9,10,4,3,1,1,0,0,3.6,4.33,1.83,3.73,4.27,1.91,3.85,4.35,1.91,3.69,4.15,1.87,35.0,2018/2019
D1,2019-04-07,M'gladbach,Werder Bremen,1,1,D,15,12,3,6,7,6,7,1,2,2,0,0,2.05,3.6,3.4,2.1,3.68,3.6,2.25,3.75,3.61,2.09,3.6,3.44,35.0,2018/2019
D1,2019-04-12,Nurnberg,Schalke 04,1,1,D,17,16,6,2,12,13,11,9,1,2,0,0,3.4,3.25,2.25,3.39,3.38,2.3,3.52,3.4,2.37,3.32,3.27,2.29,35.0,2018/2019
D1,2019-04-13,Stuttgart,Leverkusen,0,1,A,13,18,5,5,13,11,7,6,1,0,1,0,4.2,4.2,1.75,4.31,4.01,1.83,4.4,4.25,1.83,4.23,3.99,1.79,35.0,2018/2019
D1,2019-04-13,Werder Bremen,Freiburg,2,1,H,17,9,7,5,18,7,7,3,1,3,0,0,1.6,4.0,5.75,1.6,4.25,5.96,1.63,4.38,6.0,1.59,4.18,5.63,35.0,2018/2019
D1,2019-04-13,Dortmund,Mainz,2,1,H,11,17,7,9,10,6,4,4,0,1,0,0,1.3,5.75,9.5,1.31,5.73,10.65,1.33,6.45,11.5,1.3,5.69,9.98,35.0,2018/2019
D1,2019-04-13,Hannover,M'gladbach,0,1,A,12,18,5,9,10,8,3,12,0,0,0,0,5.25,4.33,1.6,5.38,4.17,1.66,5.75,4.45,1.66,5.25,4.2,1.62,34.0,2018/2019
D1,2019-04-13,RB Leipzig,Wolfsburg,2,0,H,21,6,10,2,19,12,9,3,1,1,0,0,1.57,4.2,5.75,1.6,4.22,5.94,1.62,4.45,6.2,1.58,4.2,5.75,35.0,2018/2019
D1,2019-04-14,Hoffenheim,Hertha,2,0,H,30,5,7,2,8,16,9,3,1,0,0,0,1.4,5.0,6.5,1.46,5.1,6.57,1.47,5.35,7.25,1.44,5.04,6.59,35.0,2018/2019
D1,2019-04-14,Ein Frankfurt,Augsburg,1,3,A,17,18,4,6,17,9,8,2,3,1,1,0,1.45,4.5,6.5,1.53,4.56,6.34,1.55,4.8,6.62,1.51,4.57,6.18,35.0,2018/2019
D1,2019-04-14,Fortuna Dusseldorf,Bayern Munich,1,4,A,7,21,2,10,11,8,2,6,1,0,0,0,12.0,7.5,1.18,12.39,6.96,1.23,14.25,7.6,1.25,12.35,6.96,1.22,35.0,2018/2019
D1,2019-04-20,Augsburg,Stuttgart,6,0,H,24,14,13,4,13,6,9,4,0,0,0,0,2.05,3.5,3.6,2.1,3.46,3.84,2.1,3.73,3.84,2.05,3.52,3.59,34.0,2018/2019
D1,2019-04-20,Bayern Munich,Werder Bremen,1,0,H,28,3,7,0,10,12,14,3,0,2,0,1,1.14,8.0,19.0,1.17,8.49,16.08,1.22,9.25,19.0,1.16,8.33,15.58,34.0,2018/2019
D1,2019-04-20,Leverkusen,Nurnberg,2,0,H,20,5,9,1,11,7,11,1,0,0,0,0,1.3,5.75,9.5,1.31,5.78,10.44,1.35,6.1,10.5,1.3,5.67,9.45,35.0,2018/2019
D1,2019-04-20,Mainz,Fortuna Dusseldorf,3,1,H,21,17,5,7,10,14,3,7,0,3,0,0,2.1,3.6,3.4,2.11,3.73,3.53,2.15,3.8,3.55,2.09,3.62,3.41,35.0,2018/2019
D1,2019-04-20,M'gladbach,RB Leipzig,1,2,A,14,14,4,4,13,14,2,4,0,2,0,0,3.0,3.75,2.25,3.12,3.64,2.33,3.15,3.75,2.4,3.01,3.53,2.31,35.0,2018/2019
D1,2019-04-20,Schalke 04,Hoffenheim,2,5,A,15,11,5,6,13,15,6,1,2,3,0,0,3.6,4.0,1.9,3.71,4.18,1.93,3.83,4.18,2.05,3.66,3.97,1.91,34.0,2018/2019
D1,2019-04-21,Freiburg,Dortmund,0,4,A,9,10,2,6,10,6,5,3,2,0,0,0,6.0,4.33,1.53,6.06,4.37,1.57,6.2,4.62,1.6,5.79,4.37,1.55,35.0,2018/2019
D1,2019-04-21,Hertha,Hannover,0,0,D,16,13,3,5,13,9,5,8,4,1,0,0,1.53,4.33,6.0,1.58,4.48,5.74,1.6,4.9,6.55,1.56,4.4,5.65,35.0,2018/2019
D1,2019-04-22,Wolfsburg,Ein Frankfurt,1,1,D,21,12,8,3,10,8,13,6,2,3,0,0,2.55,3.6,2.55,2.7,3.57,2.67,2.7,3.7,2.8,2.6,3.5,2.64,34.0,2018/2019
D1,2019-04-26,Augsburg,Leverkusen,1,4,A,8,13,2,7,11,8,3,3,1,0,0,0,4.5,4.33,1.66,4.66,4.35,1.71,4.66,4.45,1.75,4.46,4.25,1.7,35.0,2018/2019
D1,2019-04-27,Dortmund,Schalke 04,2,4,A,8,8,2,4,9,18,2,4,0,6,2,0,1.3,5.5,9.0,1.33,5.54,10.11,1.34,5.85,10.5,1.32,5.45,9.47,35.0,2018/2019
D1,2019-04-27,Ein Frankfurt,Hertha,0,0,D,10,10,4,3,13,15,2,4,0,5,0,1,1.4,4.75,7.0,1.41,5.44,7.09,1.45,5.44,7.5,1.41,5.11,6.98,34.0,2018/2019
D1,2019-04-27,Fortuna Dusseldorf,Werder Bremen,4,1,H,13,18,6,9,10,13,4,9,1,3,0,0,3.2,3.4,2.2,3.1,3.71,2.31,3.2,3.8,2.38,2.97,3.63,2.3,34.0,2018/2019
D1,2019-04-27,Hannover,Mainz,1,0,H,7,23,3,4,10,14,4,7,2,1,0,0,3.0,3.4,2.3,3.0,3.72,2.36,3.05,3.72,2.4,2.93,3.57,2.34,35.0,2018/2019
D1,2019-04-27,RB Leipzig,Freiburg,2,1,H,15,14,4,8,15,15,5,4,3,5,0,0,1.25,5.5,12.0,1.25,6.43,12.42,1.27,6.6,13.75,1.25,6.11,12.15,34.0,2018/2019
D1,2019-04-27,Stuttgart,M'gladbach,1,0,H,13,17,6,4,18,8,2,7,2,1,0,0,3.5,3.5,2.05,3.63,3.77,2.06,3.65,3.85,2.1,3.55,3.66,2.03,34.0,2018/2019
D1,2019-04-28,Hoffenheim,Wolfsburg,1,4,A,19,22,7,10,13,9,9,3,2,2,0,0,1.45,4.75,6.0,1.5,5.25,5.72,1.55,5.35,6.1,1.48,5.04,5.65,34.0,2018/2019
D1,2019-04-28,Nurnberg,Bayern Munich,1,1,D,9,18,4,6,11,8,5,5,1,2,0,0,15.0,8.0,1.14,16.89,9.13,1.16,23.0,10.0,1.16,17.53,8.87,1.14,35.0,2018/2019
D1,2019-05-03,Mainz,RB Leipzig,3,3,D,14,15,6,5,14,12,6,4,1,1,0,0,4.5,4.2,1.7,4.67,4.21,1.74,4.7,4.25,1.75,4.48,4.07,1.73,32.0,2018/2019
D1,2019-05-04,M'gladbach,Hoffenheim,2,2,D,10,26,5,9,10,18,2,7,2,4,0,0,2.7,4.0,2.3,2.7,4.03,2.46,2.85,4.05,2.46,2.72,3.9,2.37,35.0,2018/2019
D1,2019-05-04,Bayern Munich,Hannover,3,1,H,27,2,14,1,9,5,11,0,0,3,0,1,1.03,21.0,34.0,,,,1.05,25.0,76.0,1.04,17.52,45.03,31.0,2018/2019
D1,2019-05-04,Werder Bremen,Dortmund,2,2,D,14,21,4,8,17,7,4,8,2,1,0,0,3.25,3.75,2.05,3.17,4.0,2.17,3.3,4.0,2.2,3.15,3.82,2.14,34.0,2018/2019
D1,2019-05-04,Wolfsburg,Nurnberg,2,0,H,10,12,4,3,8,12,4,5,0,0,0,0,1.57,4.33,5.5,1.6,4.31,5.76,1.62,4.45,6.25,1.59,4.16,5.68,34.0,2018/2019
D1,2019-05-04,Hertha,Stuttgart,3,1,H,11,14,6,1,13,17,2,5,1,1,0,0,2.2,3.6,3.1,2.33,3.7,3.07,2.42,3.75,3.1,2.32,3.55,2.98,34.0,2018/2019
D1,2019-05-05,Freiburg,Fortuna Dusseldorf,1,1,D,9,16,3,3,12,11,5,4,2,3,1,0,2.1,3.75,3.2,2.22,3.8,3.22,2.22,3.85,3.5,2.15,3.64,3.23,34.0,2018/2019
D1,2019-05-05,Leverkusen,Ein Frankfurt,6,1,H,17,4,11,2,3,11,1,4,0,3,0,0,1.61,4.5,5.0,1.67,4.42,4.92,1.75,4.6,5.05,1.65,4.33,4.75,34.0,2018/2019
D1,2019-05-05,Schalke 04,Augsburg,0,0,D,14,7,3,3,4,7,7,4,1,0,0,0,1.8,3.8,4.33,1.85,3.77,4.5,1.87,3.95,4.6,1.8,3.76,4.41,34.0,2018/2019
D1,2019-05-11,Hannover,Freiburg,3,0,H,18,5,6,1,15,12,5,3,0,2,0,0,2.62,3.75,2.5,2.68,3.81,2.57,2.8,3.9,2.57,2.63,3.75,2.5,34.0,2018/2019
D1,2019-05-11,Hoffenheim,Werder Bremen,0,1,A,19,11,3,6,16,10,1,4,3,4,0,0,1.44,5.25,6.0,1.49,5.45,5.66,1.5,5.6,6.0,1.47,5.29,5.54,34.0,2018/2019
D1,2019-05-11,Augsburg,Hertha,3,4,A,5,24,3,8,11,4,1,9,0,1,0,0,2.4,3.6,2.8,2.41,3.72,2.93,2.45,3.85,3.0,2.39,3.63,2.85,34.0,2018/2019
D1,2019-05-11,Dortmund,Fortuna Dusseldorf,3,2,H,15,8,5,3,11,12,2,4,1,0,0,1,1.3,6.0,8.5,1.32,6.28,8.6,1.33,6.5,9.6,1.3,6.11,8.75,34.0,2018/2019
D1,2019-05-11,Leverkusen,Schalke 04,1,1,D,18,8,5,3,10,10,4,4,2,1,0,0,1.33,5.75,8.0,1.37,5.66,8.01,1.38,5.9,8.75,1.34,5.57,8.08,34.0,2018/2019
D1,2019-05-11,Nurnberg,M'gladbach,0,4,A,12,16,2,5,4,14,1,5,0,2,0,0,3.8,4.0,1.85,3.84,3.95,1.95,3.9,4.1,1.95,3.77,3.88,1.9,35.0,2018/2019
D1,2019-05-11,RB Leipzig,Bayern Munich,0,0,D,10,11,3,5,11,9,1,6,0,2,0,0,5.0,4.0,1.66,4.67,4.27,1.72,5.0,4.45,1.75,4.61,4.22,1.69,34.0,2018/2019
D1,2019-05-11,Stuttgart,Wolfsburg,3,0,H,11,8,4,2,14,10,4,3,1,2,0,0,3.2,3.5,2.2,3.19,3.8,2.22,3.21,3.85,2.3,3.11,3.7,2.2,34.0,2018/2019
D1,2019-05-12,Ein Frankfurt,Mainz,0,2,A,13,15,4,4,10,20,9,6,1,1,0,0,1.6,4.2,5.25,1.61,4.55,5.26,1.65,4.8,5.5,1.6,4.47,5.04,34.0,2018/2019
D1,2019-05-18,Bayern Munich,Ein Frankfurt,5,1,H,23,6,14,2,7,13,5,3,2,2,0,0,1.25,6.5,10.0,1.27,6.22,11.22,1.3,6.65,12.0,1.26,6.1,10.91,38.0,2018/2019
D1,2019-05-18,Fortuna Dusseldorf,Hannover,2,1,H,15,14,7,3,13,9,2,7,2,1,0,0,1.55,4.2,6.0,1.6,4.65,5.27,1.61,4.8,6.0,1.58,4.54,5.16,39.0,2018/2019
D1,2019-05-18,Hertha,Leverkusen,1,5,A,9,13,4,8,10,14,4,3,1,1,0,0,7.0,4.5,1.44,5.91,5.23,1.49,7.0,5.37,1.5,5.95,5.05,1.47,37.0,2018/2019
D1,2019-05-18,M'gladbach,Dortmund,0,2,A,7,12,0,3,8,6,2,2,1,1,0,0,2.9,4.0,2.2,2.9,4.22,2.25,2.95,4.3,2.28,2.86,4.08,2.21,39.0,2018/2019
D1,2019-05-18,Freiburg,Nurnberg,5,1,H,18,14,8,5,15,9,4,2,2,1,0,0,1.75,4.0,4.33,1.79,4.15,4.39,1.8,4.35,4.4,1.76,4.14,4.21,38.0,2018/2019
D1,2019-05-18,Wolfsburg,Augsburg,8,1,H,18,12,10,4,5,11,6,5,0,2,0,0,1.4,4.75,8.0,1.41,5.48,7.1,1.45,5.5,8.0,1.42,5.25,6.69,38.0,2018/2019
D1,2019-05-18,Schalke 04,Stuttgart,0,0,D,12,16,3,8,10,8,7,5,0,1,0,0,1.61,4.2,5.25,1.63,4.37,5.32,1.67,4.5,5.42,1.62,4.31,5.04,38.0,2018/2019
D1,2019-05-18,Werder Bremen,RB Leipzig,2,1,H,6,10,3,3,16,12,3,9,2,2,0,0,2.5,4.0,2.5,2.64,3.92,2.55,2.7,4.0,2.6,2.6,3.85,2.48,37.0,2018/2019
D1,2019-05-18,Mainz,Hoffenheim,4,2,H,22,19,12,7,17,9,8,5,2,4,0,1,4.2,4.75,1.65,4.26,4.81,1.71,4.35,5.0,1.71,4.17,4.77,1.67,38.0,2018/2019
D1,2020-09-18,Bayern Munich,Schalke 04,8,0,H,22,5,12,1,11,12,9,2,1,2,0,0,1.1,11.0,21.0,1.1,12.11,27.06,,,,,,,,2020/2021
D1,2020-09-19,Union Berlin,Augsburg,1,3,A,13,9,3,5,9,9,8,1,2,0,0,0,2.3,3.3,3.2,2.37,3.25,3.29,,,,,,,,2020/2021
D1,2020-09-19,Werder Bremen,Hertha,1,4,A,17,13,7,6,13,17,7,4,2,0,0,0,2.6,3.5,2.62,2.64,3.5,2.72,,,,,,,,2020/2021
D1,2020-09-19,Ein Frankfurt,Bielefeld,1,1,D,18,14,6,4,14,13,14,3,2,2,0,0,1.61,4.2,5.25,1.67,4.21,5.08,,,,,,,,2020/2021
D1,2020-09-19,FC Koln,Hoffenheim,2,3,A,13,13,6,7,12,13,1,6,0,0,0,0,2.6,3.5,2.6,2.62,3.67,2.63,,,,,,,,2020/2021
D1,2020-09-19,Stuttgart,Freiburg,2,3,A,22,7,7,6,12,16,7,2,2,2,0,0,2.25,3.5,3.1,2.33,3.51,3.14,,,,,,,,2020/2021
D1,2020-09-19,Dortmund,M'gladbach,3,0,H,9,8,4,2,10,9,1,3,1,1,0,0,1.6,4.33,5.0,1.64,4.42,5.03,,,,,,,,2020/2021
D1,2020-09-20,RB Leipzig,Mainz,3,1,H,23,8,10,1,5,11,7,5,1,2,0,0,1.33,5.75,8.0,1.37,5.49,7.98,,,,,,,,2020/2021
D1,2020-09-20,Wolfsburg,Leverkusen,0,0,D,9,6,1,2,13,12,4,4,1,2,0,0,2.87,3.5,2.37,2.96,3.42,2.48,,,,,,,,2020/2021
D1,2020-09-25,Hertha,Ein Frankfurt,1,3,A,12,10,6,3,13,16,4,3,3,4,0,0,2.25,3.75,2.9,2.33,3.83,3.01,,,,,,,,2020/2021
D1,2020-09-26,Augsburg,Dortmund,2,0,H,6,16,4,7,7,8,3,11,3,4,0,0,7.0,4.75,1.44,7.52,4.95,1.45,,,,,,,,2020/2021
D1,2020-09-26,M'gladbach,Union Berlin,1,1,D,14,15,5,2,11,15,7,5,1,2,0,0,1.44,4.5,7.5,1.44,4.8,7.96,,,,,,,,2020/2021
D1,2020-09-26,Bielefeld,FC Koln,1,0,H,7,12,3,2,12,15,4,7,3,3,0,0,2.62,3.5,2.6,2.79,3.62,2.59,,,,,,,,2020/2021
D1,2020-09-26,Mainz,Stuttgart,1,4,A,11,15,3,7,10,17,3,9,2,4,1,1,2.37,3.5,2.9,2.51,3.63,2.87,,,,,,,,2020/2021
D1,2020-09-26,Leverkusen,RB Leipzig,1,1,D,11,7,4,2,16,10,4,1,1,3,0,0,3.0,3.5,2.3,3.18,3.79,2.25,,,,,,,,2020/2021
D1,2020-09-26,Schalke 04,Werder Bremen,1,3,A,17,17,4,8,20,14,8,3,7,2,1,0,2.5,3.4,2.8,2.62,3.49,2.82,,,,,,,,2020/2021
D1,2020-09-27,Hoffenheim,Bayern Munich,4,1,H,17,14,8,2,15,11,3,5,3,2,0,0,11.0,7.5,1.2,10.77,6.89,1.24,,,,,,,,2020/2021
D1,2020-09-27,Freiburg,Wolfsburg,1,1,D,21,8,7,2,10,13,9,1,0,3,0,0,3.2,3.3,2.3,3.09,3.55,2.34,,,,,,,,2020/2021
D1,2020-10-02,Union Berlin,Mainz,4,0,H,13,5,7,0,13,11,4,2,1,4,0,0,2.05,3.6,3.4,2.18,3.73,3.4,,,,,,,,2020/2021
D1,2020-10-03,Dortmund,Freiburg,4,0,H,16,6,7,2,8,12,3,2,1,1,0,0,1.28,6.0,9.0,1.31,5.71,9.75,,,,,,,,2020/2021
D1,2020-10-03,Ein Frankfurt,Hoffenheim,2,1,H,16,11,6,4,12,8,5,7,2,3,0,0,2.37,3.7,2.8,2.42,3.61,2.91,,,,,,,,2020/2021
D1,2020-10-03,FC Koln,M'gladbach,1,3,A,8,17,3,11,16,12,4,10,3,3,0,0,3.8,4.0,1.85,3.96,3.91,1.91,,,,,,,,2020/2021
D1,2020-10-03,Stuttgart,Leverkusen,1,1,D,11,15,2,7,8,17,7,12,3,2,0,0,3.8,3.8,1.85,3.74,3.95,1.96,,,,,,,,2020/2021
D1,2020-10-03,Werder Bremen,Bielefeld,1,0,H,7,10,2,5,12,16,2,1,2,2,0,0,2.15,3.5,3.3,2.15,3.67,3.37,,,,,,,,2020/2021
D1,2020-10-03,RB Leipzig,Schalke 04,4,0,H,21,4,7,1,13,10,8,1,1,3,0,0,1.25,6.5,10.0,1.26,6.13,11.29,,,,,,,,2020/2021
D1,2020-10-04,Wolfsburg,Augsburg,0,0,D,17,9,6,1,7,13,12,2,0,1,0,0,2.0,3.6,3.7,2.05,3.64,3.7,,,,,,,,2020/2021
D1,2020-10-04,Bayern Munich,Hertha,4,3,H,22,9,9,5,13,19,6,1,3,3,0,0,1.16,8.0,15.0,1.16,8.29,17.01,,,,,,,,2020/2021
D1,2020-10-17,Hoffenheim,Dortmund,0,1,A,8,15,3,5,13,11,4,6,1,1,0,0,4.0,4.33,1.75,4.17,4.52,1.78,,,,,,,,2020/2021
D1,2020-10-17,Augsburg,RB Leipzig,0,2,A,6,15,2,6,9,13,5,8,0,1,0,0,5.75,4.5,1.53,6.16,4.61,1.55,,,,,,,,2020/2021
D1,2020-10-17,Hertha,Stuttgart,0,2,A,16,7,4,2,14,10,6,4,2,2,0,0,2.05,3.8,3.3,2.1,3.88,3.46,,,,,,,,2020/2021
D1,2020-10-17,Bielefeld,Bayern Munich,1,4,A,11,16,5,10,6,6,6,10,1,0,0,1,13.0,8.5,1.16,15.18,7.9,1.19,,,,,,,,2020/2021
D1,2020-10-17,Mainz,Leverkusen,0,1,A,5,9,0,4,12,6,6,2,3,1,0,0,5.5,4.33,1.57,5.49,4.35,1.63,,,,,,,,2020/2021
D1,2020-10-17,M'gladbach,Wolfsburg,1,1,D,13,14,2,5,14,13,5,4,2,2,0,0,1.85,3.8,4.0,1.89,3.91,4.19,,,,,,,,2020/2021
D1,2020-10-17,Freiburg,Werder Bremen,1,1,D,19,14,4,4,10,14,4,4,3,3,0,0,2.25,3.5,3.1,2.29,3.63,3.23,,,,,,,,2020/2021
D1,2020-10-18,FC Koln,Ein Frankfurt,1,1,D,9,16,5,4,19,18,2,8,3,2,0,0,3.2,3.8,2.1,3.28,3.95,2.15,,,,,,,,2020/2021
D1,2020-10-18,Schalke 04,Union Berlin,1,1,D,8,13,4,7,7,13,5,7,3,1,0,0,2.75,3.25,2.6,2.95,3.29,2.64,,,,,,,,2020/2021
D1,2020-10-23,Stuttgart,FC Koln,1,1,D,9,14,4,4,11,13,3,5,2,5,0,0,1.85,3.8,3.8,1.93,4.04,3.87,,,,,,,,2020/2021
D1,2020-10-24,Mainz,M'gladbach,2,3,A,15,21,7,12,18,11,3,7,5,3,0,0,4.75,4.33,1.61,4.96,4.24,1.7,,,,,,,,2020/2021
D1,2020-10-24,Union Berlin,Freiburg,1,1,D,22,8,7,4,9,14,4,2,1,4,0,0,2.3,3.3,3.1,2.3,3.47,3.33,,,,,,,,2020/2021
D1,2020-10-24,Bayern Munich,Ein Frankfurt,5,0,H,20,9,10,2,11,12,10,2,3,0,0,0,1.16,7.5,9.0,1.23,7.32,11.69,,,,,,,,2020/2021
D1,2020-10-24,Dortmund,Schalke 04,3,0,H,17,3,7,0,5,15,7,2,0,1,0,0,1.16,6.5,12.0,1.22,6.84,13.92,,,,,,,,2020/2021
D1,2020-10-24,RB Leipzig,Hertha,2,1,H,29,11,8,3,10,20,7,3,1,4,0,1,1.4,4.5,7.0,1.51,4.9,6.38,,,,,,,,2020/2021
D1,2020-10-25,Wolfsburg,Bielefeld,2,1,H,14,8,4,1,12,10,4,3,2,1,0,0,1.65,3.75,5.25,1.69,4.01,5.39,,,,,,,,2020/2021
D1,2020-10-25,Werder Bremen,Hoffenheim,1,1,D,5,15,2,6,10,20,1,4,2,2,0,0,3.0,3.75,2.2,3.08,3.84,2.29,,,,,,,,2020/2021
D1,2020-10-26,Leverkusen,Augsburg,3,1,H,15,7,7,3,14,8,3,3,1,2,0,0,1.6,4.2,5.25,1.66,4.18,5.42,,,,,,,,2020/2021
D1,2020-10-30,Schalke 04,Stuttgart,1,1,D,9,19,2,5,11,14,3,4,2,2,0,0,3.1,3.6,2.15,3.23,3.67,2.27,,,,,,,,2020/2021
D1,2020-10-31,Augsburg,Mainz,3,1,H,14,8,7,4,12,10,4,1,5,1,0,0,2.0,3.75,3.5,2.09,3.71,3.64,,,,,,,,2020/2021
D1,2020-10-31,Bielefeld,Dortmund,0,2,A,5,21,2,10,12,13,0,12,1,1,0,0,7.5,5.0,1.4,7.79,5.12,1.42,,,,,,,,2020/2021
D1,2020-10-31,Ein Frankfurt,Werder Bremen,1,1,D,14,9,5,4,12,14,5,3,1,3,0,0,1.72,4.0,4.5,1.76,4.3,4.47,,,,,,,,2020/2021
D1,2020-10-31,FC Koln,Bayern Munich,1,2,A,9,7,2,5,12,13,5,1,1,2,0,0,12.0,8.0,1.18,13.36,7.81,1.18,,,,,,,,2020/2021
D1,2020-10-31,M'gladbach,RB Leipzig,1,0,H,5,15,4,3,13,17,2,4,2,4,0,0,3.0,3.6,2.25,3.02,3.73,2.36,,,,,,,,2020/2021
D1,2020-11-01,Freiburg,Leverkusen,2,4,A,8,18,5,7,10,11,4,6,2,2,0,0,3.8,3.5,1.95,3.85,3.64,2.05,,,,,,,,2020/2021
D1,2020-11-01,Hertha,Wolfsburg,1,1,D,18,11,5,4,8,15,8,6,3,1,0,0,2.62,3.5,2.55,2.66,3.54,2.75,,,,,,,,2020/2021
D1,2020-11-02,Hoffenheim,Union Berlin,1,3,A,10,9,5,6,19,13,3,6,1,2,1,0,1.85,4.0,3.8,1.89,3.91,4.18,,,,,,,,2020/2021
D1,2020-11-06,Werder Bremen,FC Koln,1,1,D,18,8,4,1,20,20,1,3,2,2,0,0,2.37,3.6,2.87,2.48,3.59,2.93,,,,,,,,2020/2021
D1,2020-11-07,Augsburg,Hertha,0,3,A,10,12,2,6,12,10,2,6,3,0,0,0,2.9,3.5,2.3,2.98,3.64,2.42,,,,,,,,2020/2021
D1,2020-11-07,Mainz,Schalke 04,2,2,D,14,22,7,3,19,13,4,9,1,1,0,0,2.1,3.4,3.4,2.23,3.59,3.38,,,,,,,,2020/2021
D1,2020-11-07,RB Leipzig,Freiburg,3,0,H,15,8,7,3,14,14,3,4,2,3,0,0,1.36,4.75,9.0,1.36,5.36,9.54,,,,,,,,2020/2021
D1,2020-11-07,Stuttgart,Ein Frankfurt,2,2,D,16,15,5,8,14,16,10,8,2,4,0,0,2.55,3.6,2.5,2.76,3.77,2.53,,,,,,,,2020/2021
D1,2020-11-07,Union Berlin,Bielefeld,5,0,H,9,5,8,1,17,9,5,1,0,1,0,0,1.83,3.75,4.2,1.83,3.9,4.52,,,,,,,,2020/2021
D1,2020-11-07,Dortmund,Bayern Munich,2,3,A,15,16,5,8,15,7,4,3,2,2,0,0,4.0,4.33,1.75,3.96,4.28,1.86,,,,,,,,2020/2021
D1,2020-11-08,Wolfsburg,Hoffenheim,2,1,H,14,17,8,5,15,14,3,7,1,3,0,0,2.1,3.6,3.25,2.13,3.82,3.43,,,,,,,,2020/2021
D1,2020-11-08,Leverkusen,M'gladbach,4,3,H,15,15,5,6,15,12,6,2,4,2,0,0,2.2,3.5,3.0,2.42,3.68,2.96,,,,,,,,2020/2021
D1,2020-11-21,Bayern Munich,Werder Bremen,1,1,D,15,9,3,4,10,10,7,3,1,3,0,0,1.1,10.0,23.0,1.11,9.97,19.26,,,,,,,,2020/2021
D1,2020-11-21,Bielefeld,Leverkusen,1,2,A,1,10,1,4,6,10,0,10,0,1,0,0,5.75,4.6,1.5,6.08,4.4,1.58,,,,,,,,2020/2021
D1,2020-11-21,Hoffenheim,Stuttgart,3,3,D,13,20,8,9,15,18,3,4,3,2,0,0,2.3,3.75,2.8,2.37,3.8,2.78,,,,,,,,2020/2021
D1,2020-11-21,M'gladbach,Augsburg,1,1,D,15,10,6,5,7,12,2,1,1,4,0,1,1.5,4.5,6.0,1.51,4.82,6.35,,,,,,,,2020/2021
D1,2020-11-21,Schalke 04,Wolfsburg,0,2,A,13,19,6,8,12,11,6,4,0,1,0,0,3.8,3.6,1.95,3.99,3.66,2.0,,,,,,,,2020/2021
D1,2020-11-21,Ein Frankfurt,RB Leipzig,1,1,D,8,10,3,3,18,12,5,6,3,2,0,0,3.8,4.0,1.85,3.9,4.01,1.93,,,,,,,,2020/2021
D1,2020-11-21,Hertha,Dortmund,2,5,A,9,15,3,8,12,17,4,3,1,1,0,0,4.5,4.33,1.65,5.09,4.48,1.65,,,,,,,,2020/2021
D1,2020-11-22,Freiburg,Mainz,1,3,A,19,22,6,8,6,12,9,4,0,1,0,0,2.05,3.6,3.4,2.1,3.7,3.62,,,,,,,,2020/2021
D1,2020-11-22,FC Koln,Union Berlin,1,2,A,10,10,4,3,12,15,5,4,1,2,0,0,2.7,3.4,2.6,2.78,3.41,2.71,,,,,,,,2020/2021
D1,2020-11-27,Wolfsburg,Werder Bremen,5,3,H,12,5,6,4,12,12,0,5,2,3,0,1,1.8,3.6,4.33,1.93,3.65,4.29,,,,,,,,2020/2021
D1,2020-11-28,RB Leipzig,Bielefeld,2,1,H,15,13,7,3,13,15,6,7,2,2,0,0,1.2,7.0,13.0,1.23,6.8,13.45,,,,,,,,2020/2021
D1,2020-11-28,Dortmund,FC Koln,1,2,A,14,7,4,5,11,10,6,2,1,2,0,0,1.2,7.0,13.0,1.25,6.54,12.17,,,,,,,,2020/2021
D1,2020-11-28,Augsburg,Freiburg,1,1,D,10,10,2,5,15,8,4,1,3,1,0,0,2.37,3.5,2.9,2.48,3.5,3.0,,,,,,,,2020/2021
D1,2020-11-28,M'gladbach,Schalke 04,4,1,H,19,13,9,2,8,14,5,4,2,3,0,0,1.33,5.25,9.0,1.36,5.58,8.94,,,,,,,,2020/2021
D1,2020-11-28,Union Berlin,Ein Frankfurt,3,3,D,15,12,7,5,12,16,4,5,2,3,0,0,2.5,3.4,2.7,2.54,3.69,2.8,,,,,,,,2020/2021
D1,2020-11-28,Stuttgart,Bayern Munich,1,3,A,15,14,4,6,11,13,4,3,0,0,0,0,9.0,6.25,1.28,8.98,6.32,1.31,,,,,,,,2020/2021
D1,2020-11-29,Leverkusen,Hertha,0,0,D,14,5,2,3,16,19,6,1,2,1,0,0,1.72,4.0,4.5,1.82,3.93,4.55,,,,,,,,2020/2021
D1,2020-11-29,Mainz,Hoffenheim,1,1,D,10,9,4,5,16,10,11,5,0,0,0,1,3.25,3.8,2.05,3.45,3.91,2.09,,,,,,,,2020/2021
D1,2020-12-04,Hertha,Union Berlin,3,1,H,10,4,7,1,15,9,9,2,1,3,0,1,2.5,3.5,2.75,2.64,3.48,2.81,,,,,,,,2020/2021
D1,2020-12-05,FC Koln,Wolfsburg,2,2,D,6,16,3,6,12,11,3,8,0,1,0,0,3.6,3.6,2.0,3.69,3.6,2.11,,,,,,,,2020/2021
D1,2020-12-05,Bielefeld,Mainz,2,1,H,11,15,5,5,16,18,2,3,3,2,0,0,2.87,3.5,2.4,2.92,3.51,2.54,,,,,,,,2020/2021
D1,2020-12-05,Freiburg,M'gladbach,2,2,D,22,11,7,4,12,19,5,5,1,2,0,0,3.6,3.75,1.95,3.78,3.76,2.03,,,,,,,,2020/2021
D1,2020-12-05,Bayern Munich,RB Leipzig,3,3,D,10,8,6,4,5,8,10,2,0,1,0,0,1.36,5.75,7.0,1.42,5.32,7.38,,,,,,,,2020/2021
D1,2020-12-05,Ein Frankfurt,Dortmund,1,1,D,9,16,1,5,14,6,6,5,6,1,0,0,3.5,4.0,1.95,3.61,4.26,1.95,,,,,,,,2020/2021
D1,2020-12-06,Werder Bremen,Stuttgart,1,2,A,14,11,4,7,10,15,2,4,4,4,0,0,2.8,3.5,2.45,2.8,3.7,2.53,,,,,,,,2020/2021
D1,2020-12-06,Schalke 04,Leverkusen,0,3,A,13,24,4,9,17,11,2,8,2,3,0,0,6.5,4.33,1.5,6.37,4.58,1.54,,,,,,,,2020/2021
D1,2020-12-07,Hoffenheim,Augsburg,3,1,H,10,13,7,3,15,9,4,3,0,1,0,0,1.83,4.2,3.8,1.87,4.01,4.19,,,,,,,,2020/2021
D1,2020-12-11,Wolfsburg,Ein Frankfurt,2,1,H,16,7,8,4,10,12,8,1,5,2,0,0,2.3,3.6,2.8,2.4,3.74,2.96,,,,,,,,2020/2021
D1,2020-12-12,Mainz,FC Koln,0,1,A,15,9,4,6,15,11,5,3,4,4,0,1,2.37,3.6,2.87,2.47,3.68,2.9,,,,,,,,2020/2021
D1,2020-12-12,Dortmund,Stuttgart,1,5,A,12,18,4,10,11,13,8,2,2,3,0,0,1.5,4.5,6.0,1.52,4.75,6.45,,,,,,,,2020/2021
D1,2020-12-12,Freiburg,Bielefeld,2,0,H,16,5,7,1,16,13,5,4,3,0,0,0,1.75,3.8,4.5,1.79,4.04,4.56,,,,,,,,2020/2021
D1,2020-12-12,RB Leipzig,Werder Bremen,2,0,H,15,7,7,2,17,12,1,6,3,1,0,0,1.36,5.0,8.5,1.37,5.37,9.21,,,,,,,,2020/2021
D1,2020-12-12,Union Berlin,Bayern Munich,1,1,D,13,15,6,5,17,8,4,7,3,2,0,0,8.5,6.0,1.28,8.99,6.54,1.31,,,,,,,,2020/2021
D1,2020-12-12,M'gladbach,Hertha,1,1,D,17,9,4,3,9,18,13,2,3,2,0,0,1.9,4.0,3.6,1.93,3.81,4.1,,,,,,,,2020/2021
D1,2020-12-13,Augsburg,Schalke 04,2,2,D,8,15,4,4,17,13,2,3,3,4,1,0,1.9,3.75,3.8,1.94,3.68,4.2,,,,,,,,2020/2021
D1,2020-12-13,Leverkusen,Hoffenheim,4,1,H,13,11,8,4,12,13,6,5,3,6,0,2,1.75,4.33,4.0,1.8,4.36,4.18,,,,,,,,2020/2021
D1,2020-12-15,Ein Frankfurt,M'gladbach,3,3,D,11,8,4,4,18,15,4,5,6,4,1,0,2.62,3.8,2.45,2.7,3.87,2.54,,,,,,,,2020/2021
D1,2020-12-15,Hertha,Mainz,0,0,D,9,5,0,0,17,11,5,4,3,1,0,0,1.72,4.0,4.5,1.79,3.96,4.71,,,,,,,,2020/2021
D1,2020-12-15,Stuttgart,Union Berlin,2,2,D,13,15,6,6,15,14,2,3,3,3,0,0,2.05,3.6,3.4,2.19,3.65,3.42,,,,,,,,2020/2021
D1,2020-12-15,Werder Bremen,Dortmund,1,2,A,7,15,3,9,10,13,4,4,3,2,0,0,5.5,5.0,1.5,6.22,4.78,1.53,,,,,,,,2020/2021
D1,2020-12-16,Bielefeld,Augsburg,0,1,A,12,8,2,2,14,15,1,3,1,2,0,0,2.87,3.3,2.5,2.94,3.24,2.68,,,,,,,,2020/2021
D1,2020-12-16,Schalke 04,Freiburg,0,2,A,10,11,2,5,15,9,2,3,2,1,0,0,2.9,3.5,2.3,3.15,3.55,2.36,,,,,,,,2020/2021
D1,2020-12-16,FC Koln,Leverkusen,0,4,A,7,14,1,7,12,12,2,6,1,1,0,0,5.0,4.2,1.61,5.18,4.15,1.69,,,,,,,,2020/2021
D1,2020-12-16,Hoffenheim,RB Leipzig,0,1,A,7,4,3,3,16,14,5,5,2,0,0,0,4.5,4.5,1.6,4.56,4.58,1.7,,,,,,,,2020/2021
D1,2020-12-16,Bayern Munich,Wolfsburg,2,1,H,13,17,2,7,14,16,7,7,3,1,0,0,1.33,5.5,8.5,1.35,5.72,8.91,,,,,,,,2020/2021
D1,2020-12-18,Union Berlin,Dortmund,2,1,H,12,16,5,4,9,7,8,6,1,1,0,0,4.75,4.0,1.65,4.95,4.09,1.73,,,,,,,,2020/2021
D1,2020-12-19,Schalke 04,Bielefeld,0,1,A,11,8,5,3,17,19,1,6,6,5,0,0,2.15,3.4,3.4,2.26,3.44,3.45,,,,,,,,2020/2021
D1,2020-12-19,Leverkusen,Bayern Munich,1,2,A,8,14,3,3,13,6,5,7,1,1,0,0,4.0,4.2,1.83,4.07,4.23,1.85,,,,,,,,2020/2021
D1,2020-12-19,Augsburg,Ein Frankfurt,0,2,A,15,15,4,6,9,10,2,4,1,4,0,0,3.8,3.75,1.95,3.84,3.8,2.0,,,,,,,,2020/2021
D1,2020-12-19,Mainz,Werder Bremen,0,1,A,9,13,1,7,15,11,2,5,2,2,0,0,2.37,3.5,2.9,2.53,3.33,3.06,,,,,,,,2020/2021
D1,2020-12-19,M'gladbach,Hoffenheim,1,2,A,15,14,5,5,13,22,3,3,1,3,1,0,1.9,4.2,3.5,1.93,4.22,3.76,,,,,,,,2020/2021
D1,2020-12-19,RB Leipzig,FC Koln,0,0,D,14,4,6,1,11,8,8,2,1,0,0,0,1.28,5.75,9.5,1.32,5.7,10.62,,,,,,,,2020/2021
D1,2020-12-20,Freiburg,Hertha,4,1,H,17,10,9,3,9,16,7,3,0,0,0,0,2.5,3.5,2.7,2.67,3.54,2.74,,,,,,,,2020/2021
D1,2020-12-20,Wolfsburg,Stuttgart,1,0,H,13,9,4,1,15,7,4,6,2,3,0,0,2.25,3.6,3.0,2.3,3.76,3.1,,,,,,,,2020/2021
D1,2021-01-02,Hertha,Schalke 04,3,0,H,20,10,10,4,11,18,9,5,2,2,0,0,1.65,4.0,4.8,1.77,3.98,4.83,,,,,,,,2020/2021
D1,2021-01-02,Ein Frankfurt,Leverkusen,2,1,H,10,10,4,2,9,6,2,7,0,0,0,0,3.2,3.6,2.1,3.39,3.88,2.13,,,,,,,,2020/2021
D1,2021-01-02,Werder Bremen,Union Berlin,0,2,A,10,9,2,2,15,14,6,5,2,4,0,0,2.9,3.3,2.37,2.97,3.4,2.56,,,,,,,,2020/2021
D1,2021-01-02,Hoffenheim,Freiburg,1,3,A,13,7,6,4,14,22,8,3,2,2,0,0,2.0,3.8,3.3,2.1,3.83,3.5,,,,,,,,2020/2021
D1,2021-01-02,FC Koln,Augsburg,0,1,A,12,11,2,4,20,12,8,3,2,3,0,0,2.35,3.4,3.0,2.43,3.36,3.2,,,,,,,,2020/2021
D1,2021-01-02,Bielefeld,M'gladbach,0,1,A,7,22,0,7,8,7,3,14,2,1,0,0,5.75,4.33,1.53,5.95,4.25,1.61,,,,,,,,2020/2021
D1,2021-01-02,Stuttgart,RB Leipzig,0,1,A,10,22,1,9,10,10,3,6,2,1,0,0,3.8,4.0,1.8,4.03,4.17,1.87,,,,,,,,2020/2021
D1,2021-01-03,Dortmund,Wolfsburg,2,0,H,14,22,7,5,9,12,10,5,3,1,0,0,1.55,4.2,5.75,1.61,4.42,5.64,,,,,,,,2020/2021
D1,2021-01-03,Bayern Munich,Mainz,5,2,H,19,12,12,7,11,9,10,2,2,1,0,0,1.12,9.0,19.0,1.11,10.66,26.31,,,,,,,,2020/2021
D1,2021-01-08,M'gladbach,Bayern Munich,3,2,H,8,15,4,4,9,11,3,8,1,1,0,0,4.75,4.75,1.57,5.11,4.91,1.6,,,,,,,,2020/2021
D1,2021-01-09,Mainz,Ein Frankfurt,0,2,A,8,15,0,7,17,15,3,7,2,1,0,0,3.5,3.8,1.95,3.61,4.08,2.0,,,,,,,,2020/2021
D1,2021-01-09,Leverkusen,Werder Bremen,1,1,D,12,3,3,1,22,13,3,1,2,2,0,0,1.44,4.75,6.5,1.48,4.7,7.33,,,,,,,,2020/2021
D1,2021-01-09,Freiburg,FC Koln,5,0,H,12,5,6,2,14,10,1,3,0,0,0,0,1.9,3.6,3.8,1.98,3.72,4.03,,,,,,,,2020/2021
D1,2021-01-09,RB Leipzig,Dortmund,1,3,A,12,15,4,7,8,12,3,3,0,2,0,0,2.2,3.5,3.2,2.32,3.63,3.17,,,,,,,,2020/2021
D1,2021-01-09,Union Berlin,Wolfsburg,2,2,D,13,11,6,5,16,13,5,3,3,1,0,1,2.9,3.3,2.45,3.0,3.32,2.58,,,,,,,,2020/2021
D1,2021-01-09,Schalke 04,Hoffenheim,4,0,H,12,18,5,5,14,13,5,4,2,4,0,0,4.5,4.0,1.72,4.65,4.26,1.74,,,,,,,,2020/2021
D1,2021-01-10,Augsburg,Stuttgart,1,4,A,14,27,4,11,7,12,4,11,3,2,1,0,3.25,3.6,2.1,3.37,3.56,2.25,,,,,,,,2020/2021
D1,2021-01-10,Bielefeld,Hertha,1,0,H,12,10,2,6,8,18,8,3,1,1,0,0,4.0,3.75,1.85,4.26,3.73,1.92,,,,,,,,2020/2021
D1,2021-01-15,Union Berlin,Leverkusen,1,0,H,10,12,2,4,9,10,2,3,1,2,0,0,3.3,3.5,2.2,3.34,3.54,2.27,,,,,,,,2020/2021
D1,2021-01-16,Dortmund,Mainz,1,1,D,17,8,7,3,10,19,1,2,1,2,0,0,1.2,7.0,13.0,1.21,7.33,14.46,,,,,,,,2020/2021
D1,2021-01-16,FC Koln,Hertha,0,0,D,8,14,2,3,13,19,5,4,2,3,0,0,3.25,3.4,2.25,3.42,3.31,2.34,,,,,,,,2020/2021
D1,2021-01-16,Hoffenheim,Bielefeld,0,0,D,11,8,5,2,9,21,5,3,1,1,0,0,1.66,4.0,5.0,1.72,3.93,5.29,,,,,,,,2020/2021
D1,2021-01-16,Werder Bremen,Augsburg,2,0,H,10,6,5,2,10,18,4,4,0,1,0,0,2.15,3.3,3.5,2.25,3.37,3.55,,,,,,,,2020/2021
D1,2021-01-16,Wolfsburg,RB Leipzig,2,2,D,8,13,2,9,16,9,6,6,4,3,0,0,3.6,3.6,2.0,3.6,3.71,2.1,,,,,,,,2020/2021
D1,2021-01-16,Stuttgart,M'gladbach,2,2,D,19,8,7,5,11,20,5,2,2,3,0,0,3.0,3.5,2.3,2.92,3.9,2.36,,,,,,,,2020/2021
D1,2021-01-17,Bayern Munich,Freiburg,2,1,H,25,8,9,3,4,14,14,3,1,2,0,0,1.22,7.5,11.0,1.24,7.02,12.05,,,,,,,,2020/2021
D1,2021-01-17,Ein Frankfurt,Schalke 04,3,1,H,20,5,11,1,8,10,8,2,0,1,0,0,1.5,4.33,6.5,1.53,4.49,6.65,,,,,,,,2020/2021
D1,2021-01-19,Hertha,Hoffenheim,0,3,A,13,11,2,6,16,16,3,2,1,1,0,0,2.25,3.5,3.1,2.37,3.54,3.16,,,,,,,,2020/2021
D1,2021-01-19,M'gladbach,Werder Bremen,1,0,H,11,11,6,2,15,11,7,5,2,2,0,0,1.57,4.2,5.75,1.63,4.21,5.79,,,,,,,,2020/2021
D1,2021-01-19,Mainz,Wolfsburg,0,2,A,8,8,0,2,17,15,2,5,1,2,0,0,4.0,4.0,1.8,4.12,3.88,1.91,,,,,,,,2020/2021
D1,2021-01-19,Leverkusen,Dortmund,2,1,H,23,15,13,3,13,8,6,5,2,2,0,0,3.1,3.8,2.15,3.16,3.8,2.26,,,,,,,,2020/2021
D1,2021-01-20,Bielefeld,Stuttgart,3,0,H,9,11,3,3,9,9,2,6,1,0,0,0,4.33,3.9,1.75,4.52,3.87,1.83,,,,,,,,2020/2021
D1,2021-01-20,Augsburg,Bayern Munich,0,1,A,9,17,0,4,15,11,5,7,2,0,0,0,13.0,7.0,1.2,12.39,7.3,1.23,,,,,,,,2020/2021
D1,2021-01-20,RB Leipzig,Union Berlin,1,0,H,15,4,5,1,6,11,5,1,1,1,0,0,1.5,4.33,7.0,1.54,4.13,7.44,,,,,,,,2020/2021
D1,2021-01-20,Freiburg,Ein Frankfurt,2,2,D,11,17,4,4,10,15,4,5,3,3,0,0,2.9,3.5,2.37,2.96,3.58,2.47,,,,,,,,2020/2021
D1,2021-01-20,Schalke 04,FC Koln,1,2,A,15,12,8,4,7,11,5,8,2,1,0,0,2.55,3.3,2.75,2.72,3.35,2.81,,,,,,,,2020/2021
D1,2021-01-22,M'gladbach,Dortmund,4,2,H,10,16,7,7,9,9,3,7,1,0,0,0,3.3,3.75,2.1,3.39,3.84,2.14,,,,,,,,2020/2021
D1,2021-01-23,Augsburg,Union Berlin,2,1,H,8,9,4,5,13,21,2,3,3,1,0,0,3.75,3.4,2.05,3.78,3.42,2.15,,,,,,,,2020/2021
D1,2021-01-23,Bielefeld,Ein Frankfurt,1,5,A,8,15,4,8,14,22,0,8,2,2,0,0,4.75,3.8,1.75,4.72,3.83,1.81,,,,,,,,2020/2021
D1,2021-01-23,Freiburg,Stuttgart,2,1,H,9,27,4,11,20,12,3,5,2,0,0,0,2.62,3.75,2.5,2.73,3.82,2.54,,,,,,,,2020/2021
D1,2021-01-23,Leverkusen,Wolfsburg,0,1,A,10,8,4,4,13,7,6,2,1,1,0,0,2.05,3.6,3.5,2.1,3.7,3.62,,,,,,,,2020/2021
D1,2021-01-23,Mainz,RB Leipzig,3,2,H,10,12,4,5,13,16,3,9,2,4,0,0,7.5,5.0,1.36,8.45,4.92,1.42,,,,,,,,2020/2021
D1,2021-01-23,Hertha,Werder Bremen,1,4,A,18,7,10,5,16,12,7,1,2,3,0,0,2.1,3.5,3.6,2.16,3.53,3.61,,,,,,,,2020/2021
D1,2021-01-24,Schalke 04,Bayern Munich,0,4,A,14,32,4,14,5,9,3,7,1,1,0,0,16.0,8.5,1.14,13.21,8.27,1.2,,,,,,,,2020/2021
D1,2021-01-24,Hoffenheim,FC Koln,3,0,H,13,13,4,4,8,13,6,9,2,3,0,0,1.75,3.75,4.5,1.83,3.7,4.78,,,,,,,,2020/2021
D1,2021-01-29,Stuttgart,Mainz,2,0,H,9,10,3,2,9,20,2,4,1,4,0,0,1.61,4.0,5.0,1.68,4.23,5.18,,,,,,,,2020/2021
D1,2021-01-30,Bayern Munich,Hoffenheim,4,1,H,15,15,9,5,10,8,10,4,1,0,0,0,1.2,8.0,11.0,1.24,7.13,11.48,,,,,,,,2020/2021
D1,2021-01-30,Dortmund,Augsburg,3,1,H,14,5,5,1,12,11,10,1,0,1,0,0,1.25,6.5,9.0,1.26,6.5,11.9,,,,,,,,2020/2021
D1,2021-01-30,Ein Frankfurt,Hertha,3,1,H,17,11,8,4,17,14,4,7,1,4,0,0,1.75,3.8,4.5,1.83,3.82,4.68,,,,,,,,2020/2021
D1,2021-01-30,Union Berlin,M'gladbach,1,1,D,13,12,3,4,12,13,2,9,1,3,0,0,3.2,3.4,2.25,3.47,3.41,2.27,,,,,,,,2020/2021
D1,2021-01-30,Werder Bremen,Schalke 04,1,1,D,15,6,6,1,11,20,6,1,0,4,0,0,1.9,3.5,4.0,2.02,3.57,4.03,,,,,,,,2020/2021
D1,2021-01-30,RB Leipzig,Leverkusen,1,0,H,16,8,2,4,11,15,6,6,2,2,0,0,1.9,3.6,4.0,1.96,3.62,4.2,,,,,,,,2020/2021
D1,2021-01-31,FC Koln,Bielefeld,3,1,H,14,9,7,3,15,17,3,5,2,1,0,0,2.25,3.4,3.2,2.32,3.27,3.5,,,,,,,,2020/2021
D1,2021-01-31,Wolfsburg,Freiburg,3,0,H,12,9,6,2,13,10,5,10,0,0,0,0,1.85,3.8,4.0,1.88,3.82,4.39,,,,,,,,2020/2021
D1,2021-02-05,Hertha,Bayern Munich,0,1,A,11,17,7,7,12,15,3,11,2,1,0,0,7.0,5.75,1.36,7.39,5.66,1.4,,,,,,,,2020/2021
D1,2021-02-06,Augsburg,Wolfsburg,0,2,A,9,17,1,9,10,15,7,4,2,0,0,0,4.75,3.6,1.75,4.96,3.56,1.85,,,,,,,,2020/2021
D1,2021-02-06,Freiburg,Dortmund,2,1,H,6,16,3,5,12,12,1,1,1,2,0,0,5.25,4.33,1.57,5.47,4.33,1.64,,,,,,,,2020/2021
D1,2021-02-06,Leverkusen,Stuttgart,5,2,H,25,14,11,7,12,9,4,4,0,0,0,0,2.0,3.75,3.5,2.01,3.86,3.76,,,,,,,,2020/2021
D1,2021-02-06,Mainz,Union Berlin,1,0,H,9,10,5,3,12,11,3,1,2,5,0,1,3.3,3.4,2.2,3.36,3.45,2.3,,,,,,,,2020/2021
D1,2021-02-06,Schalke 04,RB Leipzig,0,3,A,3,24,1,10,14,16,1,7,2,1,0,0,9.0,5.75,1.3,10.09,5.47,1.34,,,,,,,,2020/2021
D1,2021-02-06,M'gladbach,FC Koln,1,2,A,10,7,2,3,17,11,4,1,4,2,0,0,1.45,4.5,6.5,1.48,4.65,7.4,,,,,,,,2020/2021
D1,2021-02-07,Hoffenheim,Ein Frankfurt,1,3,A,8,9,2,5,15,12,4,7,0,3,0,0,2.9,3.8,2.25,3.04,3.92,2.28,,,,,,,,2020/2021
D1,2021-02-12,RB Leipzig,Augsburg,2,1,H,16,4,6,2,23,15,3,4,3,5,0,0,1.22,6.5,11.0,1.28,6.11,12.45,,,,,,,,2020/2021
D1,2021-02-13,Dortmund,Hoffenheim,2,2,D,6,12,3,6,21,16,1,7,3,7,0,0,1.45,4.8,6.25,1.52,4.77,6.42,,,,,,,,2020/2021
D1,2021-02-13,Leverkusen,Mainz,2,2,D,11,19,5,6,13,17,2,2,5,1,0,0,1.4,5.0,6.5,1.47,4.84,7.29,,,,,,,,2020/2021
D1,2021-02-13,Stuttgart,Hertha,1,1,D,11,11,3,3,21,17,1,5,2,2,0,0,2.15,3.6,3.1,2.27,3.67,3.22,,,,,,,,2020/2021
D1,2021-02-13,Werder Bremen,Freiburg,0,0,D,12,8,4,2,4,20,4,1,0,2,0,0,2.8,3.3,2.45,2.99,3.37,2.56,,,,,,,,2020/2021
D1,2021-02-13,Union Berlin,Schalke 04,0,0,D,19,6,3,1,14,15,1,6,3,2,0,0,1.75,3.6,5.0,1.81,3.72,4.91,,,,,,,,2020/2021
D1,2021-02-14,Ein Frankfurt,FC Koln,2,0,H,17,6,7,1,14,4,7,2,3,1,0,0,1.45,4.5,7.0,1.5,4.61,7.12,,,,,,,,2020/2021
D1,2021-02-14,Wolfsburg,M'gladbach,0,0,D,18,12,6,4,10,11,9,6,1,3,0,0,2.37,3.5,2.9,2.57,3.56,2.84,,,,,,,,2020/2021
D1,2021-02-15,Bayern Munich,Bielefeld,3,3,D,19,7,11,3,7,13,5,2,1,1,0,0,1.1,9.0,21.0,1.17,8.68,15.81,,,,,,,,2020/2021
D1,2021-02-19,Bielefeld,Wolfsburg,0,3,A,7,11,2,6,10,14,3,8,0,2,0,0,5.5,3.75,1.65,5.61,3.84,1.7,,,,,,,,2020/2021
D1,2021-02-20,Freiburg,Union Berlin,0,1,A,9,15,1,4,15,14,2,4,2,2,0,0,2.4,3.2,3.1,2.52,3.23,3.17,,,,,,,,2020/2021
D1,2021-02-20,Ein Frankfurt,Bayern Munich,2,1,H,12,22,6,6,12,7,6,10,2,1,0,0,4.0,4.33,1.75,4.11,4.43,1.8,,,,,,,,2020/2021
D1,2021-02-20,M'gladbach,Mainz,1,2,A,12,8,3,6,10,16,4,4,1,1,0,0,1.61,4.0,5.25,1.68,4.04,5.51,,,,,,,,2020/2021
D1,2021-02-20,Schalke 04,Dortmund,0,4,A,13,9,2,6,9,13,4,2,2,2,0,0,9.0,5.75,1.3,9.94,5.61,1.34,,,,,,,,2020/2021
D1,2021-02-20,FC Koln,Stuttgart,0,1,A,9,9,0,3,15,10,0,6,2,1,0,0,3.5,3.6,2.05,3.58,3.7,2.12,,,,,,,,2020/2021
D1,2021-02-21,Augsburg,Leverkusen,1,1,D,6,10,3,3,16,13,1,4,2,4,0,0,5.5,4.0,1.61,5.5,4.04,1.68,,,,,,,,2020/2021
D1,2021-02-21,Hertha,RB Leipzig,0,3,A,8,14,4,7,10,8,3,4,1,1,0,0,5.25,3.9,1.65,5.3,4.07,1.69,,,,,,,,2020/2021
D1,2021-02-21,Hoffenheim,Werder Bremen,4,0,H,12,3,6,1,16,12,6,3,2,2,0,0,2.05,3.6,3.5,2.12,3.76,3.51,,,,,,,,2020/2021
D1,2021-02-26,Werder Bremen,Ein Frankfurt,2,1,H,9,13,5,4,9,15,2,8,4,3,0,0,4.33,3.8,1.75,4.53,3.86,1.83,,,,,,,,2020/2021
D1,2021-02-27,Bayern Munich,FC Koln,5,1,H,15,6,7,3,7,9,4,4,2,1,0,0,1.16,7.5,15.0,1.19,7.7,15.39,,,,,,,,2020/2021
D1,2021-02-27,RB Leipzig,M'gladbach,3,2,H,21,5,11,2,20,15,3,4,2,2,0,0,1.6,4.2,5.25,1.65,4.33,5.32,,,,,,,,2020/2021
D1,2021-02-27,Dortmund,Bielefeld,3,0,H,20,8,9,2,12,16,5,2,0,3,0,0,1.18,7.0,15.0,1.2,6.92,16.01,,,,,,,,2020/2021
D1,2021-02-27,Wolfsburg,Hertha,2,0,H,11,7,2,2,15,14,3,5,5,0,1,0,1.7,4.0,4.75,1.76,4.05,4.8,,,,,,,,2020/2021
D1,2021-02-27,Stuttgart,Schalke 04,5,1,H,19,11,10,5,15,18,11,9,2,3,0,0,1.45,4.5,6.5,1.51,4.67,6.67,,,,,,,,2020/2021
D1,2021-02-28,Union Berlin,Hoffenheim,1,1,D,4,15,1,4,13,12,3,4,0,2,0,0,2.37,3.5,2.9,2.44,3.42,3.12,,,,,,,,2020/2021
D1,2021-02-28,Mainz,Augsburg,0,1,A,10,8,5,3,9,7,5,3,1,2,0,0,2.0,3.6,3.6,2.14,3.66,3.55,,,,,,,,2020/2021
D1,2021-02-28,Leverkusen,Freiburg,1,2,A,21,6,5,3,12,11,8,3,2,3,0,0,1.8,3.6,4.5,1.9,3.58,4.61,,,,,,,,2020/2021
D1,2021-03-05,Schalke 04,Mainz,0,0,D,2,19,2,2,10,16,2,6,2,2,0,0,3.6,3.6,2.0,3.59,3.64,2.13,,,,,,,,2020/2021
D1,2021-03-06,Hoffenheim,Wolfsburg,2,1,H,9,17,4,5,13,15,2,6,2,4,0,1,2.9,3.4,2.4,3.0,3.6,2.43,,,,,,,,2020/2021
D1,2021-03-06,M'gladbach,Leverkusen,0,1,A,7,13,3,5,6,10,7,8,0,2,0,0,2.55,3.6,2.6,2.72,3.55,2.68,,,,,,,,2020/2021
D1,2021-03-06,Ein Frankfurt,Stuttgart,1,1,D,19,8,8,1,15,17,13,4,2,3,0,0,1.95,3.75,3.75,1.94,3.92,3.93,,,,,,,,2020/2021
D1,2021-03-06,Freiburg,RB Leipzig,0,3,A,5,13,1,8,10,13,1,2,1,1,0,0,5.0,4.0,1.66,5.33,4.11,1.68,,,,,,,,2020/2021
D1,2021-03-06,Hertha,Augsburg,2,1,H,17,7,7,4,15,13,6,1,2,3,0,0,1.9,3.5,4.1,2.01,3.6,4.03,,,,,,,,2020/2021
D1,2021-03-06,Bayern Munich,Dortmund,4,2,H,25,4,9,3,8,13,6,0,1,1,0,0,1.65,4.5,4.5,1.68,4.42,4.96,,,,,,,,2020/2021
D1,2021-03-07,FC Koln,Werder Bremen,1,1,D,16,11,4,5,13,10,9,3,2,0,0,0,2.9,3.25,2.5,3.08,3.14,2.64,,,,,,,,2020/2021
D1,2021-03-07,Bielefeld,Union Berlin,0,0,D,5,7,3,3,9,5,3,3,0,0,0,0,4.0,3.5,1.9,4.07,3.59,2.0,,,,,,,,2020/2021
D1,2021-03-10,Bielefeld,Werder Bremen,0,2,A,22,5,7,2,12,9,9,0,0,2,1,0,3.3,3.3,2.2,3.47,3.26,2.34,,,,,,,,2020/2021
D1,2021-03-12,Augsburg,M'gladbach,3,1,H,10,28,3,7,6,10,1,10,0,0,0,0,4.0,3.8,1.85,4.32,3.83,1.88,,,,,,,,2020/2021
D1,2021-03-13,Mainz,Freiburg,1,0,H,10,13,7,3,25,15,0,4,1,3,0,0,2.55,3.5,2.62,2.75,3.33,2.79,,,,,,,,2020/2021
D1,2021-03-13,Union Berlin,FC Koln,2,1,H,13,9,8,5,20,13,6,6,2,3,0,0,1.9,3.5,4.2,2.01,3.39,4.35,,,,,,,,2020/2021
D1,2021-03-13,Werder Bremen,Bayern Munich,1,3,A,9,22,4,6,5,9,3,8,1,0,0,0,10.0,6.5,1.25,10.86,6.35,1.28,,,,,,,,2020/2021
D1,2021-03-13,Wolfsburg,Schalke 04,5,0,H,16,7,7,2,12,8,3,8,0,1,0,0,1.33,5.25,9.0,1.38,4.98,10.21,,,,,,,,2020/2021
D1,2021-03-13,Dortmund,Hertha,2,0,H,14,4,4,0,6,11,7,0,1,1,0,1,1.5,4.5,6.0,1.52,4.64,6.48,,,,,,,,2020/2021
D1,2021-03-14,Leverkusen,Bielefeld,1,2,A,20,10,8,5,16,9,9,5,2,1,0,0,1.36,4.75,9.0,1.41,5.05,8.56,,,,,,,,2020/2021
D1,2021-03-14,RB Leipzig,Ein Frankfurt,1,1,D,14,5,8,2,14,21,4,3,2,3,0,0,1.8,3.8,4.2,1.84,3.89,4.46,,,,,,,,2020/2021
D1,2021-03-14,Stuttgart,Hoffenheim,2,0,H,7,16,4,5,14,9,4,4,0,2,0,0,2.45,3.6,2.7,2.53,3.86,2.71,,,,,,,,2020/2021
D1,2021-03-19,Bielefeld,RB Leipzig,0,1,A,5,20,0,8,10,12,1,7,2,1,0,0,9.0,4.75,1.33,9.51,5.13,1.38,,,,,,,,2020/2021
D1,2021-03-20,Bayern Munich,Stuttgart,4,0,H,15,12,7,4,10,12,1,3,1,2,1,0,1.2,7.0,11.0,1.25,7.04,10.99,,,,,,,,2020/2021
D1,2021-03-20,Ein Frankfurt,Union Berlin,5,2,H,9,24,5,8,9,10,2,4,1,2,0,0,1.85,4.0,3.8,1.89,3.81,4.31,,,,,,,,2020/2021
D1,2021-03-20,FC Koln,Dortmund,2,2,D,10,13,2,4,4,12,5,2,1,1,0,0,8.0,4.75,1.4,7.45,4.99,1.45,,,,,,,,2020/2021
D1,2021-03-20,Werder Bremen,Wolfsburg,1,2,A,11,16,4,5,15,15,3,9,3,1,0,0,4.5,3.6,1.8,4.45,3.78,1.87,,,,,,,,2020/2021
D1,2021-03-20,Schalke 04,M'gladbach,0,3,A,4,21,1,7,8,8,2,7,1,2,0,0,7.5,4.5,1.44,7.56,4.76,1.46,,,,,,,,2020/2021
D1,2021-03-21,Hoffenheim,Mainz,1,2,A,8,16,2,7,14,12,2,9,0,0,0,0,1.9,3.75,3.8,1.96,3.81,3.99,,,,,,,,2020/2021
D1,2021-03-21,Hertha,Leverkusen,3,0,H,13,9,10,1,10,20,4,8,0,2,0,0,3.4,3.6,2.05,3.62,3.6,2.13,,,,,,,,2020/2021
D1,2021-03-21,Freiburg,Augsburg,2,0,H,10,19,3,8,21,13,3,5,7,2,0,0,1.95,3.4,4.0,1.99,3.66,4.05,,,,,,,,2020/2021
D1,2021-04-03,Dortmund,Ein Frankfurt,1,2,A,20,15,7,3,9,12,10,2,0,3,0,0,1.72,4.2,4.2,1.83,4.01,4.38,,,,,,,,2020/2021
D1,2021-04-03,Mainz,Bielefeld,1,1,D,12,9,5,2,27,10,2,3,4,1,0,0,1.72,3.6,4.75,1.78,3.88,4.88,,,,,,,,2020/2021
D1,2021-04-03,Leverkusen,Schalke 04,2,1,H,6,4,2,2,13,9,5,4,1,0,0,0,1.22,6.5,12.0,1.23,6.69,14.31,,,,,,,,2020/2021
D1,2021-04-03,RB Leipzig,Bayern Munich,0,1,A,13,9,3,5,13,9,8,4,3,2,0,0,2.7,3.8,2.37,2.87,3.78,2.44,,,,,,,,2020/2021
D1,2021-04-03,Wolfsburg,FC Koln,1,0,H,13,10,6,1,18,11,5,4,2,1,0,0,1.5,4.33,6.0,1.54,4.32,6.89,,,,,,,,2020/2021
D1,2021-04-03,M'gladbach,Freiburg,2,1,H,19,7,5,4,11,14,0,3,1,3,0,0,1.75,4.0,4.1,1.85,3.98,4.27,,,,,,,,2020/2021
D1,2021-04-03,Augsburg,Hoffenheim,2,1,H,7,16,2,6,7,11,2,10,1,1,0,0,3.6,3.8,1.9,3.83,3.85,1.99,,,,,,,,2020/2021
D1,2021-04-04,Stuttgart,Werder Bremen,1,0,H,14,9,3,2,8,8,6,0,1,2,0,0,1.9,3.6,4.0,1.97,3.71,4.07,,,,,,,,2020/2021
D1,2021-04-04,Union Berlin,Hertha,1,1,D,11,4,3,1,13,12,2,3,2,4,0,0,2.4,3.3,2.87,2.56,3.32,3.03,,,,,,,,2020/2021
D1,2021-04-09,Bielefeld,Freiburg,1,0,H,14,10,4,2,8,10,4,2,3,2,0,0,2.87,3.3,2.45,2.98,3.27,2.63,,,,,,,,2020/2021
D1,2021-04-10,Ein Frankfurt,Wolfsburg,4,3,H,9,20,5,7,11,13,3,7,3,2,0,0,2.37,3.5,2.9,2.49,3.48,3.01,,,,,,,,2020/2021
D1,2021-04-10,Bayern Munich,Union Berlin,1,1,D,14,6,2,2,10,12,8,1,2,0,0,0,1.44,4.75,6.5,1.5,4.71,6.79,,,,,,,,2020/2021
D1,2021-04-10,Hertha,M'gladbach,2,2,D,24,7,8,4,12,17,11,3,2,1,0,1,3.2,3.5,2.2,3.25,3.55,2.31,,,,,,,,2020/2021
D1,2021-04-10,Stuttgart,Dortmund,2,3,A,13,18,3,7,13,11,3,8,4,2,0,0,4.0,3.8,1.83,4.01,4.1,1.88,,,,,,,,2020/2021
D1,2021-04-10,Werder Bremen,RB Leipzig,1,4,A,11,8,2,4,13,10,2,2,0,0,0,0,8.0,4.75,1.4,8.01,5.07,1.42,,,,,,,,2020/2021
D1,2021-04-11,Schalke 04,Augsburg,1,0,H,7,13,2,4,10,14,4,6,0,2,0,0,3.2,3.4,2.25,3.25,3.41,2.37,,,,,,,,2020/2021
D1,2021-04-11,FC Koln,Mainz,2,3,A,22,9,4,6,14,14,2,5,2,1,0,0,3.0,3.3,2.4,3.15,3.32,2.48,,,,,,,,2020/2021
D1,2021-04-12,Hoffenheim,Leverkusen,0,0,D,2,7,0,5,14,12,1,1,1,1,0,0,2.87,3.6,2.3,2.96,3.69,2.42,,,,,,,,2020/2021
D1,2021-04-16,RB Leipzig,Hoffenheim,0,0,D,14,6,2,0,14,13,4,1,0,2,0,0,1.36,5.25,7.5,1.41,5.11,8.16,,,,,,,,2020/2021
D1,2021-04-17,M'gladbach,Ein Frankfurt,4,0,H,19,16,4,5,11,10,7,8,2,4,0,0,2.5,3.6,2.6,2.56,3.86,2.69,,,,,,,,2020/2021
D1,2021-04-17,Freiburg,Schalke 04,4,0,H,13,4,8,2,15,12,3,4,2,1,0,0,1.65,4.2,4.75,1.74,3.98,5.07,,,,,,,,2020/2021
D1,2021-04-17,Augsburg,Bielefeld,0,0,D,9,8,3,1,10,9,7,3,4,1,0,0,2.45,3.3,2.9,2.62,3.25,3.0,,,,,,,,2020/2021
D1,2021-04-17,Union Berlin,Stuttgart,2,1,H,9,9,4,2,15,12,4,4,2,3,0,0,2.2,3.5,3.1,2.33,3.5,3.25,,,,,,,,2020/2021
D1,2021-04-17,Leverkusen,FC Koln,3,0,H,8,14,5,2,12,12,2,3,1,1,0,0,1.61,3.9,5.5,1.67,3.95,5.77,,,,,,,,2020/2021
D1,2021-04-17,Wolfsburg,Bayern Munich,2,3,A,7,14,3,9,16,8,6,5,2,1,0,0,3.5,4.0,1.9,3.93,4.02,1.93,,,,,,,,2020/2021
D1,2021-04-18,Dortmund,Werder Bremen,4,1,H,19,10,9,3,8,14,7,4,1,4,0,0,1.36,5.25,7.0,1.4,5.26,8.19,,,,,,,,2020/2021
D1,2021-04-20,FC Koln,RB Leipzig,2,1,H,5,23,3,6,9,16,0,8,2,3,0,0,8.0,4.75,1.4,7.99,4.85,1.44,,,,,,,,2020/2021
D1,2021-04-20,Bayern Munich,Leverkusen,2,0,H,26,6,9,3,6,14,7,3,0,0,0,0,1.4,5.0,7.0,1.47,4.98,6.84,,,,,,,,2020/2021
D1,2021-04-20,Bielefeld,Schalke 04,1,0,H,10,3,5,0,14,12,4,2,3,5,0,1,1.72,3.6,5.25,1.78,3.74,5.18,,,,,,,,2020/2021
D1,2021-04-20,Ein Frankfurt,Augsburg,2,0,H,12,14,4,4,18,8,7,5,3,1,0,0,1.44,4.75,7.0,1.46,5.1,6.93,,,,,,,,2020/2021
D1,2021-04-21,Hoffenheim,M'gladbach,3,2,H,19,5,6,3,9,5,5,4,3,0,0,0,3.1,3.75,2.15,3.16,3.79,2.26,,,,,,,,2020/2021
D1,2021-04-21,Dortmund,Union Berlin,2,0,H,21,6,11,2,12,10,4,3,2,1,0,0,1.5,4.33,6.5,1.56,4.53,6.07,,,,,,,,2020/2021
D1,2021-04-21,Werder Bremen,Mainz,0,1,A,18,13,4,5,7,13,10,4,1,2,0,0,3.1,3.25,2.37,3.2,3.39,2.41,,,,,,,,2020/2021
D1,2021-04-21,Stuttgart,Wolfsburg,1,3,A,11,13,4,4,12,11,4,1,3,0,0,0,3.4,3.8,2.0,3.46,3.94,2.08,,,,,,,,2020/2021
D1,2021-04-23,Augsburg,FC Koln,2,3,A,13,14,5,6,17,13,6,3,2,3,0,0,2.87,3.3,2.45,2.96,3.36,2.59,,,,,,,,2020/2021
D1,2021-04-24,Freiburg,Hoffenheim,1,1,D,15,16,7,4,10,12,6,5,1,2,0,0,2.7,3.5,2.45,2.85,3.55,2.57,,,,,,,,2020/2021
D1,2021-04-24,Mainz,Bayern Munich,2,1,H,8,17,4,4,12,15,2,3,3,4,0,0,9.0,5.5,1.3,8.83,5.83,1.34,,,,,,,,2020/2021
D1,2021-04-24,Union Berlin,Werder Bremen,3,1,H,17,9,6,5,10,8,11,2,0,0,0,0,1.85,3.4,4.5,1.94,3.52,4.44,,,,,,,,2020/2021
D1,2021-04-24,Wolfsburg,Dortmund,0,2,A,21,8,2,4,10,12,10,2,1,3,0,1,3.0,3.75,2.15,3.18,4.05,2.17,,,,,,,,2020/2021
D1,2021-04-24,Leverkusen,Ein Frankfurt,3,1,H,18,12,10,4,9,8,5,6,1,1,0,0,2.15,3.9,2.87,2.31,3.86,3.02,,,,,,,,2020/2021
D1,2021-04-25,RB Leipzig,Stuttgart,2,0,H,24,2,11,0,19,8,10,1,2,0,0,1,1.36,5.5,7.0,1.4,5.22,8.21,,,,,,,,2020/2021
D1,2021-04-25,M'gladbach,Bielefeld,5,0,H,20,10,12,5,11,8,4,1,1,1,0,0,1.6,4.2,5.25,1.64,3.9,6.29,,,,,,,,2020/2021
D1,2021-05-03,Mainz,Hertha,1,1,D,16,7,9,5,18,13,6,4,2,3,0,0,2.45,3.25,2.9,2.42,3.57,3.04,,,,,,,,2020/2021
D1,2021-05-06,Hertha,Freiburg,3,0,H,13,15,6,4,10,13,4,6,4,3,0,0,2.0,3.5,3.6,2.07,3.7,3.7,,,,,,,,2020/2021
D1,2021-05-07,Stuttgart,Augsburg,2,1,H,14,20,6,9,14,12,2,12,0,0,0,0,2.2,3.5,3.1,2.33,3.48,3.27,,,,,,,,2020/2021
D1,2021-05-08,Dortmund,RB Leipzig,3,2,H,15,14,4,7,8,13,7,7,1,1,0,0,2.15,3.75,3.1,2.31,3.67,3.15,,,,,,,,2020/2021
D1,2021-05-08,Hoffenheim,Schalke 04,4,2,H,20,6,12,3,11,12,9,3,1,2,0,0,1.2,7.0,13.0,1.23,6.67,13.38,,,,,,,,2020/2021
D1,2021-05-08,Werder Bremen,Leverkusen,0,0,D,13,14,2,4,9,14,4,6,3,2,1,0,4.33,3.75,1.8,4.44,3.96,1.83,,,,,,,,2020/2021
D1,2021-05-08,Wolfsburg,Union Berlin,3,0,H,17,9,8,1,9,9,4,3,1,0,0,0,1.75,3.75,4.75,1.78,3.9,4.86,,,,,,,,2020/2021
D1,2021-05-08,Bayern Munich,M'gladbach,6,0,H,22,14,7,2,3,9,5,3,0,2,1,0,1.33,5.75,7.5,1.38,5.61,8.02,,,,,,,,2020/2021
D1,2021-05-09,FC Koln,Freiburg,1,4,A,18,11,2,6,15,16,3,2,2,2,0,0,2.0,3.6,3.6,2.11,3.8,3.51,,,,,,,,2020/2021
D1,2021-05-09,Ein Frankfurt,Mainz,1,1,D,14,6,4,3,10,14,8,2,2,0,0,0,1.75,4.2,4.0,1.91,4.04,3.97,,,,,,,,2020/2021
D1,2021-05-09,Hertha,Bielefeld,0,0,D,11,12,4,5,13,9,4,3,3,4,0,0,1.83,3.6,4.33,1.88,3.83,4.31,,,,,,,,2020/2021
D1,2021-05-12,Schalke 04,Hertha,1,2,A,12,18,1,6,9,11,1,7,3,5,0,1,7.0,4.5,1.44,7.4,4.72,1.46,,,,,,,,2020/2021
D1,2021-05-15,Hertha,FC Koln,0,0,D,1,11,1,3,11,12,1,5,2,2,0,0,2.5,3.4,2.8,2.63,3.33,2.87,,,,,,,,2020/2021
D1,2021-05-15,Augsburg,Werder Bremen,2,0,H,15,16,7,5,12,17,5,5,3,3,1,1,2.45,3.25,3.0,2.62,3.24,2.96,,,,,,,,2020/2021
D1,2021-05-15,Freiburg,Bayern Munich,2,2,D,13,16,4,6,10,13,4,8,1,2,0,0,10.0,5.25,1.3,8.61,5.78,1.33,,,,,,,,2020/2021
D1,2021-05-15,M'gladbach,Stuttgart,1,2,A,9,11,4,7,14,14,2,1,2,4,0,0,1.6,4.5,4.75,1.65,4.69,4.77,,,,,,,,2020/2021
D1,2021-05-15,Leverkusen,Union Berlin,1,1,D,9,15,4,6,9,16,4,5,2,2,0,0,1.83,3.8,3.9,1.91,3.71,4.25,,,,,,,,2020/2021
D1,2021-05-15,Schalke 04,Ein Frankfurt,4,3,H,11,24,6,9,9,11,1,13,0,2,0,0,13.0,7.0,1.2,12.18,6.73,1.24,,,,,,,,2020/2021
D1,2021-05-15,Bielefeld,Hoffenheim,1,1,D,17,7,6,3,5,8,10,4,1,2,0,0,2.62,3.75,2.4,2.72,3.79,2.52,,,,,,,,2020/2021
D1,2021-05-16,Mainz,Dortmund,1,3,A,9,13,5,4,9,11,4,2,0,0,0,0,6.0,5.0,1.44,6.9,5.1,1.45,,,,,,,,2020/2021
D1,2021-05-16,RB Leipzig,Wolfsburg,2,2,D,14,12,4,4,13,15,11,3,3,3,0,0,2.1,3.5,3.4,2.26,3.45,3.36,,,,,,,,2020/2021
D1,2021-05-22,Ein Frankfurt,Freiburg,3,1,H,18,11,11,6,7,10,8,1,1,0,0,0,2.0,4.33,3.1,2.09,4.35,3.1,,,,,,,,2020/2021
D1,2021-05-22,Hoffenheim,Hertha,2,1,H,21,9,5,5,8,5,4,3,0,0,0,0,1.9,3.8,3.8,1.96,4.06,3.67,,,,,,,,2020/2021
D1,2021-05-22,Dortmund,Leverkusen,3,1,H,10,16,4,7,6,8,3,6,0,0,0,0,1.5,4.5,6.0,1.57,4.63,5.62,,,,,,,,2020/2021
D1,2021-05-22,FC Koln,Schalke 04,1,0,H,20,7,10,1,14,12,8,4,1,2,0,0,1.33,5.5,8.5,1.36,5.49,8.34,,,,,,,,2020/2021
D1,2021-05-22,Union Berlin,RB Leipzig,2,1,H,11,17,5,7,15,10,7,3,2,1,0,0,3.0,3.75,2.2,3.06,3.99,2.21,,,,,,,,2020/2021
D1,2021-05-22,Stuttgart,Bielefeld,0,2,A,11,11,0,3,12,11,3,6,1,0,0,0,2.37,3.75,2.75,2.42,4.02,2.73,,,,,,,,2020/2021
D1,2021-05-22,Werder Bremen,M'gladbach,2,4,A,16,15,8,8,19,12,3,5,1,2,0,0,2.7,4.0,2.37,2.69,4.11,2.41,,,,,,,,2020/2021
D1,2021-05-22,Wolfsburg,Mainz,2,3,A,16,14,5,8,12,19,7,7,3,3,0,0,1.6,4.2,5.25,1.68,4.35,4.91,,,,,,,,2020/2021
D1,2021-05-22,Bayern Munich,Augsburg,5,2,H,24,9,13,5,6,9,10,2,1,1,0,0,1.12,9.0,17.0,1.13,9.96,17.43,,,,,,,,2020/2021
D1,2021-08-13,M'gladbach,Bayern Munich,1,1,D,11,20,5,10,7,4,3,8,2,0,0,0,4.33,4.5,1.66,4.73,4.39,1.71,,,,,,,,2021/2022
D1,2021-08-14,Augsburg,Hoffenheim,0,4,A,7,15,0,8,8,9,6,5,1,2,0,0,3.2,3.75,2.1,3.2,3.83,2.23,,,,,,,,2021/2022
D1,2021-08-14,Bielefeld,Freiburg,0,0,D,10,14,4,6,13,10,4,9,3,4,0,0,2.8,3.4,2.5,3.04,3.33,2.54,,,,,,,,2021/2022
D1,2021-08-14,Stuttgart,Greuther Furth,5,1,H,30,8,15,4,11,8,9,2,0,1,0,0,1.83,4.0,4.0,1.9,3.93,4.13,,,,,,,,2021/2022
D1,2021-08-14,Union Berlin,Leverkusen,1,1,D,8,16,5,4,13,5,1,6,0,1,0,0,2.75,3.4,2.55,2.83,3.44,2.65,,,,,,,,2021/2022
D1,2021-08-14,Wolfsburg,Bochum,1,0,H,21,7,9,1,9,7,5,2,0,2,0,1,1.53,4.5,5.75,1.59,4.41,5.92,,,,,,,,2021/2022
D1,2021-08-14,Dortmund,Ein Frankfurt,5,2,H,12,12,7,3,5,14,7,3,0,0,0,0,1.4,5.5,6.5,1.45,5.24,6.8,,,,,,,,2021/2022
D1,2021-08-15,Mainz,RB Leipzig,1,0,H,7,15,2,2,10,8,5,11,1,2,0,0,8.0,5.5,1.33,8.09,5.66,1.38,,,,,,,,2021/2022
D1,2021-08-15,FC Koln,Hertha,3,1,H,15,11,5,5,18,14,4,5,4,2,0,0,2.55,3.4,2.75,2.62,3.41,2.88,,,,,,,,2021/2022
D1,2021-08-20,RB Leipzig,Stuttgart,4,0,H,26,11,11,5,10,11,6,2,0,3,0,0,1.36,5.25,7.0,1.43,5.07,7.61,,,,,,,,2021/2022
D1,2021-08-21,Freiburg,Dortmund,2,1,H,8,19,4,2,14,14,0,10,1,4,0,0,5.5,4.75,1.5,5.67,4.73,1.57,,,,,,,,2021/2022
D1,2021-08-21,Ein Frankfurt,Augsburg,0,0,D,20,4,5,0,8,10,6,1,3,3,0,0,1.57,4.5,5.25,1.65,4.48,5.16,,,,,,,,2021/2022
D1,2021-08-21,Bochum,Mainz,2,0,H,9,16,5,3,15,19,2,7,4,3,0,0,2.62,3.5,2.62,2.74,3.59,2.64,,,,,,,,2021/2022
D1,2021-08-21,Greuther Furth,Bielefeld,1,1,D,20,9,5,2,12,15,5,0,4,2,0,1,2.55,3.4,2.7,2.62,3.5,2.82,,,,,,,,2021/2022
D1,2021-08-21,Leverkusen,M'gladbach,4,0,H,13,11,6,6,9,11,7,3,4,2,0,0,2.2,3.75,3.0,2.39,3.71,3.0,,,,,,,,2021/2022
D1,2021-08-21,Hertha,Wolfsburg,1,2,A,12,12,4,3,12,21,4,4,1,2,0,0,3.0,3.4,2.37,3.21,3.51,2.35,,,,,,,,2021/2022
D1,2021-08-22,Hoffenheim,Union Berlin,2,2,D,7,11,3,8,8,11,6,5,1,3,0,1,2.0,3.6,3.6,2.06,3.7,3.75,,,,,,,,2021/2022
D1,2021-08-22,Bayern Munich,FC Koln,3,2,H,18,10,6,3,14,10,3,4,1,1,0,0,1.11,11.0,16.0,1.13,9.87,23.59,,,,,,,,2021/2022
D1,2021-08-27,Dortmund,Hoffenheim,3,2,H,23,9,13,5,9,12,4,7,2,3,0,0,1.4,5.5,6.5,1.47,5.3,6.5,,,,,,,,2021/2022
D1,2021-08-28,Augsburg,Leverkusen,1,4,A,13,13,4,5,12,10,4,4,0,1,0,0,4.75,3.8,1.72,5.08,3.9,1.75,,,,,,,,2021/2022
D1,2021-08-28,Bayern Munich,Hertha,5,0,H,17,8,6,3,4,5,8,3,0,0,0,0,1.14,9.0,15.0,1.19,7.84,15.93,,,,,,,,2021/2022
D1,2021-08-28,Stuttgart,Freiburg,2,3,A,17,14,7,7,10,14,8,5,2,1,0,0,2.15,3.6,3.2,2.28,3.54,3.32,,,,,,,,2021/2022
D1,2021-08-28,Mainz,Greuther Furth,3,0,H,17,8,9,1,21,14,7,4,2,2,0,0,1.66,4.0,5.0,1.74,4.04,5.01,,,,,,,,2021/2022
D1,2021-08-28,FC Koln,Bochum,2,1,H,21,10,5,1,11,21,5,5,2,1,0,0,1.83,3.75,4.2,1.89,3.83,4.28,,,,,,,,2021/2022
D1,2021-08-28,Bielefeld,Ein Frankfurt,1,1,D,14,12,5,3,13,17,4,4,0,3,0,0,3.3,3.6,2.1,3.52,3.7,2.13,,,,,,,,2021/2022
D1,2021-08-29,Union Berlin,M'gladbach,2,1,H,12,18,4,5,15,6,4,8,2,0,0,0,2.45,3.25,2.9,2.62,3.36,2.93,,,,,,,,2021/2022
D1,2021-08-29,Wolfsburg,RB Leipzig,1,0,H,8,12,2,2,13,18,7,7,4,2,0,0,3.6,3.5,2.05,3.57,3.61,2.15,,,,,,,,2021/2022
D1,2021-09-11,Union Berlin,Augsburg,0,0,D,15,13,6,6,10,12,6,4,1,2,0,0,1.7,3.75,5.0,1.74,4.09,4.89,,,,,,,,2021/2022
D1,2021-09-11,RB Leipzig,Bayern Munich,1,4,A,10,18,4,6,9,13,2,6,0,0,0,0,3.0,3.8,2.2,3.08,4.05,2.22,,,,,,,,2021/2022
D1,2021-09-11,Freiburg,FC Koln,1,1,D,10,15,3,5,14,12,4,2,1,3,0,1,2.2,3.6,3.1,2.15,3.82,3.37,,,,,,,,2021/2022
D1,2021-09-11,Greuther Furth,Wolfsburg,0,2,A,7,10,3,4,17,15,3,5,2,3,0,0,5.5,4.33,1.57,5.8,4.45,1.59,,,,,,,,2021/2022
D1,2021-09-11,Hoffenheim,Mainz,0,2,A,12,11,0,4,15,16,4,5,2,1,0,0,2.0,3.75,3.5,2.06,3.91,3.54,,,,,,,,2021/2022
D1,2021-09-11,Leverkusen,Dortmund,3,4,A,11,15,5,7,10,11,4,3,4,3,0,0,3.1,3.8,2.15,3.15,3.98,2.2,,,,,,,,2021/2022
D1,2021-09-12,Ein Frankfurt,Stuttgart,1,1,D,18,9,5,3,13,12,6,6,1,4,0,1,2.0,3.75,3.5,2.07,3.85,3.57,,,,,,,,2021/2022
D1,2021-09-12,Bochum,Hertha,1,3,A,19,5,5,4,9,17,7,2,0,3,0,0,2.8,3.4,2.5,2.8,3.42,2.68,,,,,,,,2021/2022
D1,2021-09-12,M'gladbach,Bielefeld,3,1,H,17,18,4,7,10,18,3,4,1,1,0,0,1.44,4.75,7.0,1.47,4.77,7.42,,,,,,,,2021/2022
D1,2021-09-17,Hertha,Greuther Furth,2,1,H,15,10,3,3,12,13,9,4,1,2,0,0,1.75,3.75,4.2,1.84,3.75,4.67,,,,,,,,2021/2022
D1,2021-09-18,Augsburg,M'gladbach,1,0,H,8,11,1,1,13,9,2,6,1,2,0,0,4.2,4.0,1.8,4.25,3.98,1.86,,,,,,,,2021/2022
D1,2021-09-18,Bayern Munich,Bochum,7,0,H,22,5,15,1,5,9,2,2,1,1,0,0,1.06,13.0,29.0,1.07,14.35,37.07,,,,,,,,2021/2022
D1,2021-09-18,Bielefeld,Hoffenheim,0,0,D,9,16,2,3,16,3,5,6,2,1,0,0,3.5,3.6,2.05,3.65,3.56,2.14,,,,,,,,2021/2022
D1,2021-09-18,Mainz,Freiburg,0,0,D,10,7,3,2,18,16,4,4,2,1,0,0,2.0,3.6,3.6,2.12,3.67,3.58,,,,,,,,2021/2022
D1,2021-09-18,FC Koln,RB Leipzig,1,1,D,14,18,6,9,12,6,4,10,3,1,0,0,4.5,4.0,1.72,4.5,3.98,1.82,,,,,,,,2021/2022
D1,2021-09-19,Dortmund,Union Berlin,4,2,H,13,9,4,6,10,12,3,6,2,3,0,0,1.36,5.25,8.0,1.38,5.41,8.51,,,,,,,,2021/2022
D1,2021-09-19,Wolfsburg,Ein Frankfurt,1,1,D,15,6,6,2,14,18,7,4,2,6,0,0,1.8,3.8,4.33,1.85,3.83,4.47,,,,,,,,2021/2022
D1,2021-09-19,Stuttgart,Leverkusen,1,3,A,18,7,8,4,11,11,2,6,2,3,0,1,3.3,3.75,2.1,3.29,3.82,2.19,,,,,,,,2021/2022
D1,2021-09-24,Greuther Furth,Bayern Munich,1,3,A,11,12,6,4,18,13,6,3,4,1,0,1,23.0,13.0,1.07,22.47,13.33,1.11,,,,,,,,2021/2022
D1,2021-09-25,Ein Frankfurt,FC Koln,1,1,D,10,15,3,2,11,19,7,6,2,3,0,0,2.0,3.75,3.5,2.08,3.89,3.5,,,,,,,,2021/2022
D1,2021-09-25,Hoffenheim,Wolfsburg,3,1,H,11,13,3,2,13,9,5,2,2,2,0,0,2.75,3.5,2.5,2.87,3.53,2.56,,,,,,,,2021/2022
D1,2021-09-25,Leverkusen,Mainz,1,0,H,16,14,9,5,11,12,6,3,4,3,0,0,1.72,4.0,4.5,1.77,4.07,4.7,,,,,,,,2021/2022
D1,2021-09-25,RB Leipzig,Hertha,6,0,H,18,5,11,3,8,19,2,1,1,3,0,0,1.3,5.5,10.0,1.36,5.37,9.56,,,,,,,,2021/2022
D1,2021-09-25,Union Berlin,Bielefeld,1,0,H,17,9,4,2,9,5,5,4,1,0,0,0,1.66,3.8,5.5,1.72,3.8,5.49,,,,,,,,2021/2022
D1,2021-09-25,M'gladbach,Dortmund,1,0,H,14,8,3,0,17,15,5,1,4,4,0,1,4.33,4.2,1.72,4.32,4.31,1.78,,,,,,,,2021/2022
D1,2021-09-26,Bochum,Stuttgart,0,0,D,14,8,4,3,15,12,7,2,2,5,0,0,3.0,3.5,2.3,3.15,3.62,2.33,,,,,,,,2021/2022
D1,2021-09-26,Freiburg,Augsburg,3,0,H,19,8,9,2,11,13,6,3,0,1,0,0,1.85,3.6,4.33,1.93,3.55,4.47,,,,,,,,2021/2022
D1,2021-10-01,FC Koln,Greuther Furth,3,1,H,18,7,8,3,16,18,8,1,1,1,0,0,1.4,5.0,7.0,1.46,4.89,7.3,,,,,,,,2021/2022
D1,2021-10-02,Stuttgart,Hoffenheim,3,1,H,12,13,6,4,14,12,9,4,0,1,0,0,2.62,3.75,2.45,2.72,3.99,2.48,,,,,,,,2021/2022
D1,2021-10-02,Hertha,Freiburg,1,2,A,12,9,3,4,17,15,4,9,3,0,0,0,2.9,3.4,2.4,2.92,3.4,2.6,,,,,,,,2021/2022
D1,2021-10-02,RB Leipzig,Bochum,3,0,H,15,9,9,2,10,16,2,3,1,1,0,0,1.2,7.0,12.0,1.23,6.96,14.09,,,,,,,,2021/2022
D1,2021-10-02,Wolfsburg,M'gladbach,1,3,A,10,19,5,11,17,10,4,6,7,3,1,0,2.1,3.6,3.4,2.21,3.61,3.42,,,,,,,,2021/2022
D1,2021-10-02,Dortmund,Augsburg,2,1,H,17,5,3,3,9,16,7,3,1,3,0,0,1.22,6.5,12.0,1.25,6.58,12.89,,,,,,,,2021/2022
D1,2021-10-03,Mainz,Union Berlin,1,2,A,11,15,4,3,15,6,2,5,2,4,1,0,2.05,3.5,3.6,2.13,3.38,3.87,,,,,,,,2021/2022
D1,2021-10-03,Bayern Munich,Ein Frankfurt,1,2,A,21,5,11,3,6,8,10,1,2,1,0,0,1.16,8.0,15.0,1.19,8.14,14.45,,,,,,,,2021/2022
D1,2021-10-03,Bielefeld,Leverkusen,0,4,A,10,19,3,7,13,7,2,4,4,1,0,0,5.0,4.0,1.61,5.24,4.08,1.7,,,,,,,,2021/2022
D1,2021-10-15,Hoffenheim,FC Koln,5,0,H,14,10,8,0,13,7,3,3,1,1,0,0,2.0,3.9,3.3,2.11,3.86,3.45,,,,,,,,2021/2022
D1,2021-10-16,Dortmund,Mainz,3,1,H,11,5,5,2,7,12,6,2,2,4,0,0,1.4,5.0,7.5,1.45,4.92,7.5,,,,,,,,2021/2022
D1,2021-10-16,Ein Frankfurt,Hertha,1,2,A,13,12,5,6,17,16,7,4,1,2,0,0,1.75,3.8,4.5,1.78,3.86,4.94,,,,,,,,2021/2022
D1,2021-10-16,Freiburg,RB Leipzig,1,1,D,15,13,2,4,10,17,8,5,0,4,0,0,4.0,4.0,1.85,4.06,3.86,1.93,,,,,,,,2021/2022
D1,2021-10-16,Greuther Furth,Bochum,0,1,A,12,9,3,2,16,16,4,3,2,4,0,0,2.37,3.5,2.9,2.45,3.56,3.01,,,,,,,,2021/2022
D1,2021-10-16,Union Berlin,Wolfsburg,2,0,H,6,13,3,4,7,16,3,3,3,1,0,0,2.7,3.25,2.7,2.75,3.25,2.85,,,,,,,,2021/2022
D1,2021-10-16,M'gladbach,Stuttgart,1,1,D,31,5,8,2,14,21,9,1,3,3,0,0,1.5,4.75,6.0,1.51,4.6,5.86,,,,,,,,2021/2022
D1,2021-10-17,Leverkusen,Bayern Munich,1,5,A,7,27,4,11,9,9,4,7,0,0,0,0,4.75,4.6,1.6,5.11,4.62,1.63,,,,,,,,2021/2022
D1,2021-10-17,Augsburg,Bielefeld,1,1,D,14,10,6,3,8,15,9,5,3,1,0,0,2.25,3.2,3.4,2.34,3.26,3.47,,,,,,,,2021/2022
D1,2021-10-22,Mainz,Augsburg,4,1,H,19,6,8,2,9,11,6,2,1,3,0,0,1.61,3.8,5.75,1.66,3.88,6.06,,,,,,,,2021/2022
D1,2021-10-23,Wolfsburg,Freiburg,0,2,A,17,11,4,4,17,15,7,1,3,0,0,0,2.1,3.3,3.6,2.19,3.37,3.7,,,,,,,,2021/2022
D1,2021-10-23,Hertha,M'gladbach,1,0,H,10,10,4,1,11,21,2,6,2,2,0,0,3.75,3.5,2.0,3.95,3.71,2.0,,,,,,,,2021/2022
D1,2021-10-23,Bayern Munich,Hoffenheim,4,0,H,15,9,7,2,4,18,4,2,0,4,0,0,1.14,9.0,15.0,1.19,8.15,14.52,,,,,,,,2021/2022
D1,2021-10-23,Bielefeld,Dortmund,1,3,A,13,14,6,7,13,9,7,2,1,0,0,0,6.0,4.5,1.5,6.82,4.6,1.51,,,,,,,,2021/2022
D1,2021-10-23,RB Leipzig,Greuther Furth,4,1,H,13,8,5,4,15,12,3,4,2,0,0,0,1.12,8.5,21.0,1.14,9.49,23.16,,,,,,,,2021/2022
D1,2021-10-24,FC Koln,Leverkusen,2,2,D,17,9,5,6,10,15,6,6,1,3,0,0,3.3,3.8,2.05,3.36,4.0,2.11,,,,,,,,2021/2022
D1,2021-10-24,Stuttgart,Union Berlin,1,1,D,8,11,2,3,16,13,1,2,3,1,1,0,2.37,3.5,2.9,2.56,3.46,2.92,,,,,,,,2021/2022
D1,2021-10-24,Bochum,Ein Frankfurt,2,0,H,19,14,7,6,9,11,4,7,0,2,0,0,3.2,3.5,2.2,3.26,3.62,2.27,,,,,,,,2021/2022
D1,2021-10-29,Hoffenheim,Hertha,2,0,H,14,5,3,2,15,9,9,4,2,1,0,1,1.66,4.0,4.75,1.74,4.05,4.97,,,,,,,,2021/2022
D1,2021-10-30,Bielefeld,Mainz,1,2,A,15,16,7,6,16,9,6,6,2,3,0,0,3.75,3.5,2.0,3.75,3.39,2.17,,,,,,,,2021/2022
D1,2021-10-30,Dortmund,FC Koln,2,0,H,7,19,4,6,10,11,4,3,2,3,0,0,1.45,5.0,6.0,1.52,4.91,6.13,,,,,,,,2021/2022
D1,2021-10-30,Freiburg,Greuther Furth,3,1,H,12,8,5,4,10,13,5,2,0,2,0,0,1.36,5.0,8.0,1.37,5.04,8.07,,,,,,,,2021/2022
D1,2021-10-30,Leverkusen,Wolfsburg,0,2,A,12,13,1,8,11,15,10,2,3,2,0,1,1.9,3.75,4.0,1.98,3.66,4.09,,,,,,,,2021/2022
D1,2021-10-30,Union Berlin,Bayern Munich,2,5,A,9,14,6,6,9,7,6,1,1,1,0,0,9.0,5.75,1.3,9.36,5.87,1.34,,,,,,,,2021/2022
D1,2021-10-30,Ein Frankfurt,RB Leipzig,1,1,D,12,15,3,7,11,9,5,5,1,1,0,0,4.2,4.0,1.75,4.22,4.14,1.83,,,,,,,,2021/2022
D1,2021-10-31,Augsburg,Stuttgart,4,1,H,20,12,12,3,15,12,7,5,3,4,0,0,3.0,3.3,2.4,3.03,3.26,2.59,,,,,,,,2021/2022
D1,2021-10-31,M'gladbach,Bochum,2,1,H,14,11,5,4,7,15,9,1,1,1,0,0,1.36,5.0,8.5,1.38,5.18,9.3,,,,,,,,2021/2022
D1,2021-11-05,Mainz,M'gladbach,1,1,D,19,11,8,5,15,8,9,1,3,3,0,0,2.62,3.6,2.55,2.74,3.61,2.63,,,,,,,,2021/2022
D1,2021-11-06,Bayern Munich,Freiburg,2,1,H,29,14,11,4,5,13,6,4,0,0,0,0,1.16,8.0,15.0,1.19,7.95,15.9,,,,,,,,2021/2022
D1,2021-11-06,Bochum,Hoffenheim,2,0,H,14,9,4,1,7,20,2,4,1,5,0,0,3.8,3.8,1.9,3.74,3.87,2.01,,,,,,,,2021/2022
D1,2021-11-06,Stuttgart,Bielefeld,0,1,A,9,15,4,2,11,11,8,4,0,3,0,0,1.8,3.8,4.33,1.93,3.62,4.33,,,,,,,,2021/2022
D1,2021-11-06,Wolfsburg,Augsburg,1,0,H,9,13,4,3,14,13,0,8,2,3,0,0,1.5,4.2,6.5,1.55,4.24,6.96,,,,,,,,2021/2022
D1,2021-11-06,RB Leipzig,Dortmund,2,1,H,15,9,7,3,12,18,5,6,3,5,0,0,1.9,3.8,3.8,2.04,3.8,3.7,,,,,,,,2021/2022
D1,2021-11-07,Hertha,Leverkusen,1,1,D,15,8,5,3,13,13,5,6,1,3,0,0,3.5,3.75,2.0,3.76,3.69,2.06,,,,,,,,2021/2022
D1,2021-11-07,FC Koln,Union Berlin,2,2,D,16,9,5,3,8,19,5,2,2,2,0,0,2.05,3.5,3.6,2.09,3.62,3.74,,,,,,,,2021/2022
D1,2021-11-07,Greuther Furth,Ein Frankfurt,1,2,A,20,14,2,4,12,17,6,3,4,1,0,0,3.75,3.75,1.95,3.88,3.87,1.97,,,,,,,,2021/2022
D1,2021-11-19,Augsburg,Bayern Munich,2,1,H,6,18,3,4,18,9,1,10,2,1,0,0,15.0,8.0,1.16,15.42,7.65,1.2,,,,,,,,2021/2022
D1,2021-11-20,Bielefeld,Wolfsburg,2,2,D,10,13,3,5,15,9,6,5,4,1,0,0,4.2,3.5,1.9,4.13,3.48,2.03,,,,,,,,2021/2022
D1,2021-11-20,Dortmund,Stuttgart,2,1,H,20,12,4,4,11,14,2,3,0,2,0,0,1.33,5.5,8.0,1.37,5.51,8.9,,,,,,,,2021/2022
D1,2021-11-20,Hoffenheim,RB Leipzig,2,0,H,24,4,8,0,17,18,7,2,2,2,0,0,4.0,4.33,1.75,4.11,4.36,1.81,,,,,,,,2021/2022
D1,2021-11-20,Leverkusen,Bochum,1,0,H,11,19,5,7,10,13,7,7,3,2,0,0,1.36,5.0,9.0,1.42,4.98,8.29,,,,,,,,2021/2022
D1,2021-11-20,M'gladbach,Greuther Furth,4,0,H,19,4,11,2,11,13,7,7,1,3,0,0,1.28,6.0,10.0,1.33,5.5,11.2,,,,,,,,2021/2022
D1,2021-11-20,Union Berlin,Hertha,2,0,H,16,6,5,3,17,13,7,6,1,1,0,0,2.0,3.5,3.8,2.02,3.45,4.21,,,,,,,,2021/2022
D1,2021-11-21,Freiburg,Ein Frankfurt,0,2,A,20,13,6,7,10,16,10,4,0,4,0,0,2.0,3.6,3.6,2.04,3.7,3.82,,,,,,,,2021/2022
D1,2021-11-21,Mainz,FC Koln,1,1,D,11,12,2,6,18,7,5,7,2,1,0,0,2.1,3.6,3.4,2.19,3.53,3.53,,,,,,,,2021/2022
D1,2021-11-26,Stuttgart,Mainz,2,1,H,8,18,3,5,7,17,5,6,2,2,0,0,2.9,3.3,2.45,2.95,3.4,2.57,,,,,,,,2021/2022
D1,2021-11-27,Greuther Furth,Hoffenheim,3,6,A,14,20,7,11,17,17,4,10,1,0,0,0,4.75,4.33,1.65,4.94,4.49,1.67,,,,,,,,2021/2022
D1,2021-11-27,Bochum,Freiburg,2,1,H,13,22,5,11,12,13,4,7,2,1,0,0,3.2,3.4,2.25,3.38,3.27,2.38,,,,,,,,2021/2022
D1,2021-11-27,FC Koln,M'gladbach,4,1,H,15,15,9,5,15,11,4,4,1,3,0,0,2.7,3.8,2.37,2.92,3.65,2.46,,,,,,,,2021/2022
D1,2021-11-27,Wolfsburg,Dortmund,1,3,A,15,16,7,8,9,11,7,7,4,1,0,0,2.9,3.5,2.37,3.02,3.53,2.45,,,,,,,,2021/2022
D1,2021-11-27,Bayern Munich,Bielefeld,1,0,H,23,8,9,0,8,13,13,4,1,1,0,0,1.07,12.0,27.0,1.09,12.18,28.87,,,,,,,,2021/2022
D1,2021-11-27,Hertha,Augsburg,1,1,D,10,20,4,7,11,14,5,6,2,3,0,0,2.05,3.25,3.8,2.22,3.23,3.81,,,,,,,,2021/2022
D1,2021-11-28,Ein Frankfurt,Union Berlin,2,1,H,17,7,4,4,4,7,7,2,0,4,0,0,2.3,3.5,3.0,2.39,3.59,3.08,,,,,,,,2021/2022
D1,2021-11-28,RB Leipzig,Leverkusen,1,3,A,14,11,3,4,10,9,7,2,1,3,0,0,1.85,4.0,3.8,1.85,4.07,4.22,,,,,,,,2021/2022
D1,2021-12-03,Union Berlin,RB Leipzig,2,1,H,14,11,5,2,12,8,5,7,1,1,0,0,3.5,3.7,2.0,3.6,3.53,2.17,,,,,,,,2021/2022
D1,2021-12-04,Bielefeld,FC Koln,1,1,D,18,9,5,3,14,10,7,1,1,1,0,0,3.4,3.5,2.1,3.57,3.49,2.2,,,,,,,,2021/2022
D1,2021-12-04,Augsburg,Bochum,2,3,A,16,12,7,6,9,6,13,6,0,2,0,0,2.3,3.4,3.1,2.38,3.35,3.28,,,,,,,,2021/2022
D1,2021-12-04,Hoffenheim,Ein Frankfurt,3,2,H,8,17,4,2,9,12,4,6,2,2,0,0,1.9,3.8,3.75,1.9,4.09,3.95,,,,,,,,2021/2022
D1,2021-12-04,Leverkusen,Greuther Furth,7,1,H,13,8,8,3,13,8,4,3,0,1,0,0,1.22,6.5,12.0,1.25,6.7,12.42,,,,,,,,2021/2022
D1,2021-12-04,Dortmund,Bayern Munich,2,3,A,11,16,4,6,10,10,4,6,2,2,0,0,4.0,4.33,1.75,4.04,4.37,1.83,,,,,,,,2021/2022
D1,2021-12-04,Mainz,Wolfsburg,3,0,H,12,16,5,0,18,10,6,5,1,1,0,0,2.5,3.3,2.87,2.54,3.37,3.02,,,,,,,,2021/2022
D1,2021-12-05,Stuttgart,Hertha,2,2,D,10,15,3,8,9,16,7,5,0,1,0,0,2.2,3.4,3.3,2.31,3.43,3.35,,,,,,,,2021/2022
D1,2021-12-05,M'gladbach,Freiburg,0,6,A,19,15,3,8,12,15,3,3,2,1,0,0,1.83,3.75,4.2,1.88,3.8,4.33,,,,,,,,2021/2022
D1,2021-12-10,FC Koln,Augsburg,0,2,A,14,12,4,4,12,15,9,4,2,4,0,0,1.65,4.0,5.0,1.72,3.93,5.28,,,,,,,,2021/2022
D1,2021-12-11,Freiburg,Hoffenheim,1,2,A,14,14,6,8,13,9,6,7,4,3,0,0,2.3,3.5,3.0,2.44,3.56,3.02,,,,,,,,2021/2022
D1,2021-12-11,Bochum,Dortmund,1,1,D,4,23,3,8,8,18,0,15,0,3,0,0,6.0,4.5,1.5,6.3,4.83,1.52,,,,,,,,2021/2022
D1,2021-12-11,Bayern Munich,Mainz,2,1,H,21,9,7,4,9,10,7,2,3,3,0,0,1.2,7.5,12.0,1.24,6.98,12.36,,,,,,,,2021/2022
D1,2021-12-11,Hertha,Bielefeld,2,0,H,18,9,9,1,10,15,6,4,1,1,0,0,2.0,3.3,4.0,2.09,3.31,4.15,,,,,,,,2021/2022
D1,2021-12-11,Wolfsburg,Stuttgart,0,2,A,19,12,3,3,17,9,5,3,2,2,0,0,1.8,3.75,4.33,1.88,3.69,4.49,,,,,,,,2021/2022
D1,2021-12-11,RB Leipzig,M'gladbach,4,1,H,19,12,10,4,20,15,6,0,3,2,0,0,1.75,4.2,4.2,1.74,4.39,4.49,,,,,,,,2021/2022
D1,2021-12-12,Greuther Furth,Union Berlin,1,0,H,5,14,3,4,12,6,3,7,3,0,0,0,4.75,4.0,1.7,4.89,4.01,1.75,,,,,,,,2021/2022
D1,2021-12-12,Ein Frankfurt,Leverkusen,5,2,H,15,11,7,4,11,11,7,4,0,3,0,0,3.2,3.8,2.1,3.42,3.84,2.13,,,,,,,,2021/2022
D1,2021-12-14,Stuttgart,Bayern Munich,0,5,A,13,25,1,12,7,7,1,3,1,1,0,0,9.0,6.0,1.28,9.74,6.72,1.29,,,,,,,,2021/2022
D1,2021-12-14,Bielefeld,Bochum,2,0,H,13,5,4,3,13,9,6,2,2,2,0,0,2.3,3.4,3.1,2.36,3.39,3.3,,,,,,,,2021/2022
D1,2021-12-14,Mainz,Hertha,4,0,H,21,7,11,1,10,14,4,1,0,2,0,0,1.9,3.5,4.2,1.96,3.51,4.37,,,,,,,,2021/2022
D1,2021-12-14,Wolfsburg,FC Koln,2,3,A,19,19,5,6,18,9,9,5,3,2,0,0,2.1,3.5,3.4,2.23,3.51,3.45,,,,,,,,2021/2022
D1,2021-12-15,M'gladbach,Ein Frankfurt,2,3,A,19,12,8,5,8,19,7,1,2,5,0,1,1.95,3.8,3.6,2.03,3.83,3.7,,,,,,,,2021/2022
D1,2021-12-15,Augsburg,RB Leipzig,1,1,D,9,13,2,4,14,7,6,8,2,0,0,0,6.5,4.75,1.45,6.4,4.8,1.51,,,,,,,,2021/2022
D1,2021-12-15,Dortmund,Greuther Furth,3,0,H,12,7,5,1,10,10,5,8,2,2,0,0,1.1,10.0,21.0,1.14,9.77,22.3,,,,,,,,2021/2022
D1,2021-12-15,Leverkusen,Hoffenheim,2,2,D,17,14,9,6,12,4,6,3,5,3,1,0,1.8,4.0,4.0,1.88,4.2,3.97,,,,,,,,2021/2022
D1,2021-12-15,Union Berlin,Freiburg,0,0,D,18,8,5,2,10,12,4,3,1,1,0,0,2.4,3.4,2.9,2.52,3.29,3.11,,,,,,,,2021/2022
D1,2021-12-17,Bayern Munich,Wolfsburg,4,0,H,24,7,9,2,10,4,5,3,0,0,0,0,1.18,8.0,13.0,1.2,8.0,14.0,,,,,,,,2021/2022
D1,2021-12-18,Bochum,Union Berlin,0,1,A,13,9,3,3,13,9,1,5,2,0,0,0,2.9,3.4,2.37,3.15,3.36,2.46,,,,,,,,2021/2022
D1,2021-12-18,Ein Frankfurt,Mainz,1,0,H,13,11,4,5,11,9,8,6,0,1,0,0,2.25,3.5,3.0,2.46,3.48,3.05,,,,,,,,2021/2022
D1,2021-12-18,Greuther Furth,Augsburg,0,0,D,4,14,1,5,8,13,6,5,2,3,0,0,2.9,3.4,2.37,3.07,3.48,2.45,,,,,,,,2021/2022
D1,2021-12-18,Hoffenheim,M'gladbach,1,1,D,21,11,8,5,6,9,15,3,2,2,0,0,1.95,3.8,3.5,2.05,4.08,3.46,,,,,,,,2021/2022
D1,2021-12-18,RB Leipzig,Bielefeld,0,2,A,15,4,4,4,6,16,10,1,0,2,0,1,1.2,7.0,13.0,1.21,6.91,16.02,,,,,,,,2021/2022
D1,2021-12-18,Hertha,Dortmund,3,2,H,14,9,5,3,4,19,1,5,0,1,0,0,5.25,4.33,1.57,5.54,4.46,1.61,,,,,,,,2021/2022
D1,2021-12-19,Freiburg,Leverkusen,2,1,H,14,6,6,4,6,8,4,8,2,3,0,0,2.75,3.5,2.45,2.69,3.7,2.63,,,,,,,,2021/2022
D1,2021-12-19,FC Koln,Stuttgart,1,0,H,8,6,2,2,17,13,2,1,3,1,0,0,1.9,3.9,3.6,1.97,4.09,3.69,,,,,,,,2021/2022
D1,2022-01-07,Bayern Munich,M'gladbach,1,2,A,19,9,8,3,18,11,6,6,0,1,0,0,1.33,5.75,8.0,1.37,6.03,7.56,,,,,,,,2021/2022
D1,2022-01-08,Freiburg,Bielefeld,2,2,D,18,15,6,5,6,5,7,12,2,1,0,0,1.6,4.0,5.75,1.64,4.21,5.61,,,,,,,,2021/2022
D1,2022-01-08,Greuther Furth,Stuttgart,0,0,D,10,18,3,3,8,12,1,5,0,1,0,0,3.75,3.6,1.95,3.81,3.7,2.04,,,,,,,,2021/2022
D1,2022-01-08,Hoffenheim,Augsburg,3,1,H,12,9,5,4,17,8,2,4,1,0,0,0,1.53,4.33,5.75,1.59,4.51,5.71,,,,,,,,2021/2022
D1,2022-01-08,Leverkusen,Union Berlin,2,2,D,17,17,8,7,8,11,11,5,1,2,0,0,1.8,3.8,4.2,1.86,3.84,4.41,,,,,,,,2021/2022
D1,2022-01-08,RB Leipzig,Mainz,4,1,H,16,2,8,1,6,10,6,1,0,2,0,1,1.8,3.75,4.33,1.81,3.92,4.66,,,,,,,,2021/2022
D1,2022-01-08,Ein Frankfurt,Dortmund,2,3,A,12,21,5,8,14,6,4,11,3,2,0,0,3.5,3.9,1.95,3.67,4.04,1.99,,,,,,,,2021/2022
D1,2022-01-09,Hertha,FC Koln,1,3,A,10,14,5,8,9,16,10,4,3,1,0,0,2.75,3.5,2.5,2.87,3.41,2.63,,,,,,,,2021/2022
D1,2022-01-09,Bochum,Wolfsburg,1,0,H,12,12,3,4,15,18,4,2,1,2,0,0,3.5,3.4,2.1,3.57,3.53,2.18,,,,,,,,2021/2022
D1,2022-01-14,Dortmund,Freiburg,5,1,H,20,4,8,4,8,8,9,2,2,0,0,0,1.44,5.0,5.75,1.48,5.18,6.4,,,,,,,,2021/2022
D1,2022-01-15,FC Koln,Bayern Munich,0,4,A,11,19,3,9,6,10,5,12,1,0,0,0,8.0,5.75,1.33,7.69,5.7,1.36,,,,,,,,2021/2022
D1,2022-01-15,Mainz,Bochum,1,0,H,20,12,5,3,19,14,7,3,3,3,0,0,1.65,3.75,5.5,1.66,3.7,6.03,,,,,,,,2021/2022
D1,2022-01-15,Stuttgart,RB Leipzig,0,2,A,16,7,10,3,12,13,5,1,3,1,0,0,6.0,4.0,1.57,5.46,4.5,1.58,,,,,,,,2021/2022
D1,2022-01-15,Union Berlin,Hoffenheim,2,1,H,6,12,3,5,10,11,0,8,0,3,0,0,2.87,3.5,2.4,2.88,3.48,2.51,,,,,,,,2021/2022
D1,2022-01-15,Wolfsburg,Hertha,0,0,D,7,6,3,2,12,12,3,2,1,1,0,0,1.95,3.6,3.8,1.97,3.58,4.03,,,,,,,,2021/2022
D1,2022-01-15,M'gladbach,Leverkusen,1,2,A,16,29,6,13,8,18,5,7,2,3,0,0,2.55,3.8,2.45,2.67,3.88,2.49,,,,,,,,2021/2022
D1,2022-01-16,Augsburg,Ein Frankfurt,1,1,D,12,14,5,4,12,14,4,3,3,3,0,0,3.3,3.5,2.15,3.67,3.54,2.09,,,,,,,,2021/2022
D1,2022-01-16,Bielefeld,Greuther Furth,2,2,D,13,6,5,3,16,6,3,5,4,1,0,0,1.95,3.6,4.0,2.01,3.42,4.09,,,,,,,,2021/2022
D1,2022-01-21,Ein Frankfurt,Bielefeld,0,2,A,17,8,7,5,7,10,10,1,4,2,0,0,1.75,3.75,4.75,1.8,3.54,5.07,,,,,,,,2021/2022
D1,2022-01-22,Hoffenheim,Dortmund,2,3,A,14,3,2,2,14,7,7,3,2,2,0,0,3.0,4.0,2.1,3.07,4.25,2.11,,,,,,,,2021/2022
D1,2022-01-22,Freiburg,Stuttgart,2,0,H,16,7,4,1,12,7,6,3,1,1,0,0,1.9,3.6,4.0,2.01,3.42,4.08,,,,,,,,2021/2022
D1,2022-01-22,Greuther Furth,Mainz,2,1,H,11,16,7,4,12,15,7,8,1,1,0,0,5.0,3.6,1.75,4.77,3.58,1.83,,,,,,,,2021/2022
D1,2022-01-22,M'gladbach,Union Berlin,1,2,A,12,6,5,3,11,19,4,1,1,2,0,0,2.15,3.6,3.2,2.32,3.36,3.29,,,,,,,,2021/2022
D1,2022-01-22,Bochum,FC Koln,2,2,D,17,7,7,3,11,12,1,5,0,3,0,0,3.2,3.4,2.25,3.39,3.33,2.28,,,,,,,,2021/2022
D1,2022-01-22,Leverkusen,Augsburg,5,1,H,22,14,12,5,8,7,9,5,1,2,0,0,1.44,4.5,7.0,1.45,4.5,7.86,,,,,,,,2021/2022
D1,2022-01-23,RB Leipzig,Wolfsburg,2,0,H,12,9,4,3,17,16,4,3,5,1,0,0,1.53,4.33,6.0,1.54,4.28,6.43,,,,,,,,2021/2022
D1,2022-01-23,Hertha,Bayern Munich,1,4,A,5,29,2,20,9,9,4,9,1,0,0,0,11.0,6.5,1.2,10.08,6.98,1.25,,,,,,,,2021/2022
D1,2022-02-04,Hertha,Bochum,1,1,D,13,9,2,4,14,22,4,7,3,1,0,0,2.15,3.6,3.25,2.22,3.5,3.5,,,,,,,,2021/2022
D1,2022-02-05,FC Koln,Freiburg,1,0,H,14,18,3,2,14,16,8,8,2,2,0,0,2.3,3.5,3.0,2.47,3.48,2.94,,,,,,,,2021/2022
D1,2022-02-05,Augsburg,Union Berlin,2,0,H,14,14,9,4,8,16,4,6,0,2,0,0,2.75,3.3,2.6,2.78,3.27,2.72,,,,,,,,2021/2022
D1,2022-02-05,Bielefeld,M'gladbach,1,1,D,10,22,5,4,15,10,5,11,3,3,0,0,3.4,3.6,2.1,3.47,3.41,2.21,,,,,,,,2021/2022
D1,2022-02-05,Bayern Munich,RB Leipzig,3,2,H,25,13,8,7,11,12,2,0,1,3,0,0,1.4,5.5,6.0,1.39,5.6,7.19,,,,,,,,2021/2022
D1,2022-02-05,Mainz,Hoffenheim,2,0,H,9,12,4,2,12,13,5,3,0,2,0,0,2.6,3.4,2.7,2.68,3.33,2.78,,,,,,,,2021/2022
D1,2022-02-05,Stuttgart,Ein Frankfurt,2,3,A,15,15,6,6,7,12,3,14,0,0,0,0,2.7,3.4,2.62,2.65,3.56,2.66,,,,,,,,2021/2022
D1,2022-02-06,Dortmund,Leverkusen,2,5,A,14,10,6,7,8,10,7,6,1,1,0,0,1.95,4.2,3.3,1.89,4.1,3.82,,,,,,,,2021/2022
D1,2022-02-06,Wolfsburg,Greuther Furth,4,1,H,11,8,6,4,11,13,2,3,1,2,0,0,1.57,3.8,6.0,1.59,4.06,6.15,,,,,,,,2021/2022
D1,2022-02-11,RB Leipzig,FC Koln,3,1,H,6,9,4,2,6,11,5,6,1,2,0,0,1.44,4.75,7.0,1.45,5.05,7.3,,,,,,,,2021/2022
D1,2022-02-12,Bochum,Bayern Munich,4,2,H,12,22,7,4,13,7,4,9,2,1,0,0,10.0,7.5,1.22,12.76,7.4,1.22,,,,,,,,2021/2022
D1,2022-02-12,Leverkusen,Stuttgart,4,2,H,20,8,6,5,10,6,10,0,3,2,0,0,1.4,4.75,7.0,1.43,5.16,7.5,,,,,,,,2021/2022
D1,2022-02-12,M'gladbach,Augsburg,3,2,H,14,14,5,8,8,12,3,2,2,2,0,0,1.65,4.33,4.75,1.69,4.36,4.93,,,,,,,,2021/2022
D1,2022-02-12,Greuther Furth,Hertha,2,1,H,19,24,10,8,11,12,8,8,2,4,0,0,3.0,3.25,2.45,3.06,3.38,2.51,,,,,,,,2021/2022
D1,2022-02-12,Freiburg,Mainz,1,1,D,16,20,5,5,14,15,7,3,0,2,0,0,2.15,3.3,3.5,2.18,3.43,3.67,,,,,,,,2021/2022
D1,2022-02-12,Ein Frankfurt,Wolfsburg,0,2,A,16,11,2,3,12,9,10,1,1,2,0,0,2.2,3.6,3.2,2.27,3.49,3.38,,,,,,,,2021/2022
D1,2022-02-13,Union Berlin,Dortmund,0,3,A,12,10,2,6,20,9,2,5,4,1,0,0,4.0,3.75,1.83,4.07,3.95,1.91,,,,,,,,2021/2022
D1,2022-02-13,Hoffenheim,Bielefeld,2,0,H,25,8,9,4,12,12,13,3,2,0,0,0,1.5,4.33,5.75,1.54,4.41,6.69,,,,,,,,2021/2022
D1,2022-02-18,Mainz,Leverkusen,3,2,H,17,8,5,6,15,13,6,2,2,2,0,0,3.1,3.75,2.15,3.32,3.69,2.22,,,,,,,,2021/2022
D1,2022-02-19,Wolfsburg,Hoffenheim,1,2,A,14,10,6,4,10,17,5,2,1,2,0,0,2.7,3.5,2.55,2.85,3.44,2.63,,,,,,,,2021/2022
D1,2022-02-19,FC Koln,Ein Frankfurt,1,0,H,13,10,8,2,9,16,5,6,1,2,0,0,2.25,3.5,3.1,2.34,3.65,3.11,,,,,,,,2021/2022
D1,2022-02-19,Augsburg,Freiburg,1,2,A,18,15,4,5,11,8,11,4,1,1,0,0,3.1,3.4,2.3,3.25,3.45,2.36,,,,,,,,2021/2022
D1,2022-02-19,Bielefeld,Union Berlin,1,0,H,11,11,3,4,6,15,6,4,0,2,0,0,3.0,3.25,2.45,3.15,3.29,2.5,,,,,,,,2021/2022
D1,2022-02-19,Stuttgart,Bochum,1,1,D,15,13,7,5,7,17,6,0,0,4,0,0,2.2,3.4,3.3,2.26,3.41,3.48,,,,,,,,2021/2022
D1,2022-02-20,Bayern Munich,Greuther Furth,4,1,H,22,8,8,3,15,17,6,4,2,1,0,0,1.07,13.0,26.0,1.08,13.41,30.68,,,,,,,,2021/2022
D1,2022-02-20,Dortmund,M'gladbach,6,0,H,16,8,10,5,17,11,5,5,2,1,0,0,1.6,4.2,5.25,1.67,4.34,5.16,,,,,,,,2021/2022
D1,2022-02-20,Hertha,RB Leipzig,1,6,A,8,16,4,10,10,8,3,10,2,3,1,0,6.5,4.2,1.53,6.47,4.37,1.56,,,,,,,,2021/2022
D1,2022-02-25,Hoffenheim,Stuttgart,2,1,H,19,13,7,4,14,13,9,3,3,2,0,0,1.5,4.5,5.75,1.55,4.61,6.09,,,,,,,,2021/2022
D1,2022-02-26,Freiburg,Hertha,3,0,H,16,17,5,2,13,10,6,6,1,2,0,0,1.55,4.33,5.5,1.58,4.35,6.14,,,,,,,,2021/2022
D1,2022-02-26,Greuther Furth,FC Koln,1,1,D,13,17,5,5,15,13,7,11,1,2,0,0,3.6,3.6,2.0,3.72,3.71,2.06,,,,,,,,2021/2022
D1,2022-02-26,Leverkusen,Bielefeld,3,0,H,21,8,9,3,8,10,6,3,0,1,0,0,1.36,5.25,8.0,1.38,5.06,9.47,,,,,,,,2021/2022
D1,2022-02-26,M'gladbach,Wolfsburg,2,2,D,23,6,11,3,12,14,7,4,2,4,0,1,2.0,3.4,3.75,2.11,3.58,3.72,,,,,,,,2021/2022
D1,2022-02-26,Union Berlin,Mainz,3,1,H,7,14,3,1,13,18,2,6,4,4,0,1,2.6,3.3,2.75,2.69,3.27,2.91,,,,,,,,2021/2022
D1,2022-02-26,Ein Frankfurt,Bayern Munich,0,1,A,7,20,2,9,16,3,2,8,1,2,0,0,6.0,5.0,1.44,6.94,5.09,1.46,,,,,,,,2021/2022
D1,2022-02-27,Bochum,RB Leipzig,0,1,A,13,6,2,1,15,9,5,0,1,1,0,0,5.0,4.0,1.65,5.66,4.01,1.67,,,,,,,,2021/2022
D1,2022-02-27,Augsburg,Dortmund,1,1,D,8,11,3,7,15,8,5,5,2,1,0,0,5.0,4.33,1.61,5.67,4.11,1.65,,,,,,,,2021/2022
D1,2022-03-04,Bielefeld,Augsburg,0,1,A,6,7,1,1,12,10,6,1,3,5,0,0,2.5,3.25,2.9,2.64,3.22,3.0,,,,,,,,2021/2022
D1,2022-03-05,Bayern Munich,Leverkusen,1,1,D,20,9,6,2,10,14,7,2,1,2,0,0,1.4,5.75,6.0,1.42,5.79,6.79,,,,,,,,2021/2022
D1,2022-03-05,Bochum,Greuther Furth,2,1,H,15,9,9,2,16,14,3,6,2,4,0,0,1.72,3.75,4.75,1.79,3.83,4.89,,,,,,,,2021/2022
D1,2022-03-05,Hertha,Ein Frankfurt,1,4,A,10,12,4,6,10,16,3,8,2,2,0,0,3.3,3.4,2.15,3.33,3.63,2.24,,,,,,,,2021/2022
D1,2022-03-05,RB Leipzig,Freiburg,1,1,D,14,4,5,3,8,15,4,1,1,0,0,0,1.61,4.2,5.25,1.64,4.3,5.49,,,,,,,,2021/2022
D1,2022-03-05,Wolfsburg,Union Berlin,1,0,H,9,17,3,5,12,15,6,10,0,1,0,0,2.2,3.2,3.5,2.3,3.29,3.54,,,,,,,,2021/2022
D1,2022-03-05,Stuttgart,M'gladbach,3,2,H,18,9,7,3,7,10,5,2,1,2,0,0,3.1,3.6,2.15,3.26,3.78,2.22,,,,,,,,2021/2022
D1,2022-03-06,FC Koln,Hoffenheim,0,1,A,10,13,3,3,9,12,4,1,1,4,0,0,2.62,3.6,2.55,2.75,3.56,2.65,,,,,,,,2021/2022
D1,2022-03-12,Freiburg,Wolfsburg,3,2,H,16,11,8,5,11,9,7,5,2,0,0,0,2.1,3.5,3.4,2.1,3.58,3.73,,,,,,,,2021/2022
D1,2022-03-12,Hoffenheim,Bayern Munich,1,1,D,9,18,6,8,12,9,3,8,4,1,0,0,4.75,4.75,1.55,4.94,5.05,1.6,,,,,,,,2021/2022
D1,2022-03-12,Union Berlin,Stuttgart,1,1,D,11,11,3,3,25,12,3,3,3,2,0,0,2.1,3.5,3.5,2.14,3.51,3.7,,,,,,,,2021/2022
D1,2022-03-12,M'gladbach,Hertha,2,0,H,12,12,5,3,7,17,3,6,3,0,0,0,1.57,4.33,5.25,1.61,4.48,5.51,,,,,,,,2021/2022
D1,2022-03-13,Dortmund,Bielefeld,1,0,H,20,11,3,4,6,10,4,5,1,1,0,0,1.28,6.0,10.0,1.27,6.21,11.7,,,,,,,,2021/2022
D1,2022-03-13,Leverkusen,FC Koln,0,1,A,15,6,3,3,13,19,7,0,2,2,0,0,1.61,4.2,5.25,1.63,4.36,5.48,,,,,,,,2021/2022
D1,2022-03-13,Greuther Furth,RB Leipzig,1,6,A,7,12,1,7,9,8,0,2,2,0,0,0,8.5,5.0,1.36,8.47,5.51,1.38,,,,,,,,2021/2022
D1,2022-03-13,Ein Frankfurt,Bochum,2,1,H,14,8,3,4,10,15,9,3,3,4,0,0,1.9,3.5,4.2,1.9,3.58,4.58,,,,,,,,2021/2022
D1,2022-03-16,Mainz,Dortmund,0,1,A,10,11,1,4,18,10,5,5,3,4,0,0,4.0,3.8,1.85,4.25,3.88,1.88,,,,,,,,2021/2022
D1,2022-03-18,Bochum,M'gladbach,0,2,A,15,8,7,5,12,10,7,3,2,1,0,0,2.8,3.6,2.37,2.91,3.64,2.48,,,,,,,,2021/2022
D1,2022-03-19,Greuther Furth,Freiburg,0,0,D,8,13,1,3,15,9,1,11,1,0,0,0,4.75,4.0,1.7,4.71,4.23,1.74,,,,,,,,2021/2022
D1,2022-03-19,Hertha,Hoffenheim,3,0,H,13,8,6,0,10,13,1,6,2,1,0,0,4.2,4.2,1.72,4.49,4.37,1.75,,,,,,,,2021/2022
D1,2022-03-19,Mainz,Bielefeld,4,0,H,14,6,6,0,10,14,6,1,1,0,0,0,1.6,3.75,6.0,1.63,3.82,6.62,,,,,,,,2021/2022
D1,2022-03-19,Stuttgart,Augsburg,3,2,H,24,10,9,4,13,17,8,0,2,3,0,0,2.0,3.6,3.6,2.07,3.54,3.88,,,,,,,,2021/2022
D1,2022-03-19,Bayern Munich,Union Berlin,4,0,H,16,9,7,4,8,7,3,2,2,1,0,0,1.16,8.0,13.0,1.18,7.91,17.32,,,,,,,,2021/2022
D1,2022-03-20,FC Koln,Dortmund,1,1,D,10,9,1,3,13,16,7,5,2,3,0,0,3.5,3.75,2.0,3.56,3.97,2.04,,,,,,,,2021/2022
D1,2022-03-20,RB Leipzig,Ein Frankfurt,0,0,D,14,5,7,0,6,21,3,2,1,5,0,0,1.44,4.5,7.5,1.43,5.14,7.53,,,,,,,,2021/2022
D1,2022-03-20,Wolfsburg,Leverkusen,0,2,A,18,17,4,7,6,13,7,7,2,3,0,0,3.0,3.4,2.3,3.06,3.55,2.41,,,,,,,,2021/2022
D1,2022-04-01,Union Berlin,FC Koln,1,0,H,13,6,5,1,17,11,2,4,3,3,0,0,2.25,3.3,3.3,2.35,3.24,3.47,,,,,,,,2021/2022
D1,2022-04-02,Bielefeld,Stuttgart,1,1,D,10,14,4,4,13,12,6,2,1,5,0,0,3.0,3.4,2.35,3.29,3.39,2.36,,,,,,,,2021/2022
D1,2022-04-02,Ein Frankfurt,Greuther Furth,0,0,D,20,4,6,2,10,14,9,0,1,0,0,0,1.44,4.75,6.5,1.45,4.94,7.5,,,,,,,,2021/2022
D1,2022-04-02,Freiburg,Bayern Munich,1,4,A,8,21,3,11,13,6,1,6,1,1,0,0,5.5,4.75,1.5,5.76,4.86,1.55,,,,,,,,2021/2022
D1,2022-04-02,Hoffenheim,Bochum,1,2,A,14,20,7,6,9,11,5,6,3,2,0,0,1.5,4.33,6.5,1.52,4.6,6.65,,,,,,,,2021/2022
D1,2022-04-02,Leverkusen,Hertha,2,1,H,18,7,7,4,13,11,3,3,0,1,0,0,1.4,5.25,6.0,1.44,5.16,7.32,,,,,,,,2021/2022
D1,2022-04-02,Dortmund,RB Leipzig,1,4,A,10,11,2,5,7,10,7,5,3,1,0,0,2.5,3.6,2.62,2.49,3.81,2.79,,,,,,,,2021/2022
D1,2022-04-03,Augsburg,Wolfsburg,3,0,H,13,17,5,5,15,11,3,5,1,0,0,0,2.8,3.4,2.5,3.12,3.31,2.5,,,,,,,,2021/2022
D1,2022-04-03,M'gladbach,Mainz,1,1,D,17,22,8,10,13,20,3,7,2,1,0,0,2.25,3.4,3.2,2.35,3.56,3.16,,,,,,,,2021/2022
D1,2022-04-06,Augsburg,Mainz,2,1,H,14,17,4,3,16,18,5,7,3,2,0,0,3.3,3.3,2.25,3.42,3.36,2.31,,,,,,,,2021/2022
D1,2022-04-08,Stuttgart,Dortmund,0,2,A,13,10,2,4,8,6,4,5,2,1,0,0,3.9,4.1,1.8,4.07,4.04,1.88,,,,,,,,2021/2022
D1,2022-04-09,Bayern Munich,Augsburg,1,0,H,13,6,4,1,10,22,3,3,1,2,0,0,1.11,10.0,19.0,1.13,10.04,22.66,,,,,,,,2021/2022
D1,2022-04-09,FC Koln,Mainz,3,2,H,13,9,5,6,19,23,8,5,2,2,0,0,2.45,3.4,2.9,2.56,3.37,3.0,,,,,,,,2021/2022
D1,2022-04-09,Greuther Furth,M'gladbach,0,2,A,10,18,1,7,12,8,3,5,1,0,0,0,4.75,4.0,1.7,5.04,4.13,1.71,,,,,,,,2021/2022
D1,2022-04-09,Wolfsburg,Bielefeld,4,0,H,11,6,6,3,11,13,3,2,0,1,0,0,1.66,3.8,5.25,1.68,3.98,5.59,,,,,,,,2021/2022
D1,2022-04-09,Hertha,Union Berlin,1,4,A,12,17,3,13,11,11,2,8,4,0,0,0,2.87,3.2,2.6,3.0,3.27,2.62,,,,,,,,2021/2022
D1,2022-04-10,Bochum,Leverkusen,0,0,D,11,9,2,2,10,9,2,3,0,0,0,0,4.0,4.2,1.8,4.17,4.18,1.83,,,,,,,,2021/2022
D1,2022-04-10,Ein Frankfurt,Freiburg,1,2,A,17,12,5,4,13,9,2,4,1,2,0,0,2.4,3.4,2.9,2.58,3.34,2.99,,,,,,,,2021/2022
D1,2022-04-10,RB Leipzig,Hoffenheim,3,0,H,11,4,4,0,11,15,2,1,1,2,0,0,1.5,4.75,6.0,1.51,4.95,6.16,,,,,,,,2021/2022
D1,2022-04-16,Augsburg,Hertha,0,1,A,13,11,2,1,14,17,1,7,4,4,0,0,1.9,3.5,4.2,1.96,3.61,4.21,,,,,,,,2021/2022
D1,2022-04-16,Dortmund,Wolfsburg,6,1,H,12,9,8,4,14,9,4,6,0,2,0,0,1.53,4.33,5.75,1.55,4.54,6.29,,,,,,,,2021/2022
D1,2022-04-16,Freiburg,Bochum,3,0,H,14,10,8,2,8,10,3,4,0,0,0,1,1.65,4.0,5.25,1.71,4.05,5.16,,,,,,,,2021/2022
D1,2022-04-16,Mainz,Stuttgart,0,0,D,9,6,0,3,17,12,5,3,0,1,0,0,2.05,3.5,3.6,2.03,3.61,3.96,,,,,,,,2021/2022
D1,2022-04-16,M'gladbach,FC Koln,1,3,A,18,17,4,6,15,19,5,5,3,2,0,0,2.05,3.6,3.5,2.03,3.86,3.7,,,,,,,,2021/2022
D1,2022-04-17,Bielefeld,Bayern Munich,0,3,A,8,24,3,9,11,11,5,4,1,2,0,0,13.0,7.5,1.18,15.91,7.72,1.19,,,,,,,,2021/2022
D1,2022-04-17,Hoffenheim,Greuther Furth,0,0,D,16,7,3,1,19,15,10,1,3,3,0,0,1.28,6.5,9.0,1.29,6.18,10.67,,,,,,,,2021/2022
D1,2022-04-17,Union Berlin,Ein Frankfurt,2,0,H,14,10,4,3,10,8,4,3,2,1,0,0,2.15,3.4,3.4,2.17,3.5,3.61,,,,,,,,2021/2022
D1,2022-04-17,Leverkusen,RB Leipzig,0,1,A,12,4,4,1,18,7,7,1,2,1,0,0,3.0,3.6,2.3,3.1,3.73,2.32,,,,,,,,2021/2022
D1,2022-04-22,Wolfsburg,Mainz,5,0,H,15,5,7,3,10,10,2,3,0,2,0,1,2.3,3.4,3.1,2.37,3.46,3.22,,,,,,,,2021/2022
D1,2022-04-23,Freiburg,M'gladbach,3,3,D,19,7,8,4,12,12,8,0,1,4,0,0,1.83,4.0,4.0,1.88,3.9,4.28,,,,,,,,2021/2022
D1,2022-04-23,FC Koln,Bielefeld,3,1,H,19,16,6,4,7,15,5,10,2,3,0,0,1.53,4.2,6.5,1.55,4.44,6.52,,,,,,,,2021/2022
D1,2022-04-23,Ein Frankfurt,Hoffenheim,2,2,D,17,11,7,4,10,9,9,7,1,3,0,0,2.55,3.6,2.62,2.6,3.73,2.71,,,,,,,,2021/2022
D1,2022-04-23,Bayern Munich,Dortmund,3,1,H,13,7,6,3,9,11,3,1,0,1,0,0,1.36,5.75,7.0,1.39,5.76,7.6,,,,,,,,2021/2022
D1,2022-04-23,RB Leipzig,Union Berlin,1,2,A,5,12,1,4,13,9,2,5,2,2,0,0,1.55,4.0,6.5,1.56,4.12,6.99,,,,,,,,2021/2022
D1,2022-04-23,Greuther Furth,Leverkusen,1,4,A,9,10,4,5,4,13,6,3,0,0,0,0,8.5,5.25,1.33,8.94,5.39,1.37,,,,,,,,2021/2022
D1,2022-04-24,Bochum,Augsburg,0,2,A,18,12,3,4,10,17,10,4,1,3,0,0,2.25,3.2,3.5,2.31,3.31,3.48,,,,,,,,2021/2022
D1,2022-04-24,Hertha,Stuttgart,2,0,H,7,12,2,5,10,8,4,6,1,1,0,0,3.1,3.3,2.3,3.18,3.34,2.45,,,,,,,,2021/2022
D1,2022-04-29,Union Berlin,Greuther Furth,1,1,D,6,7,3,2,14,14,2,4,2,2,0,0,1.28,5.25,13.0,1.27,5.76,15.2,,,,,,,,2021/2022
D1,2022-04-30,Augsburg,FC Koln,1,4,A,14,18,5,8,14,14,5,7,2,4,0,0,2.8,3.25,2.6,2.91,3.4,2.6,,,,,,,,2021/2022
D1,2022-04-30,Bielefeld,Hertha,1,1,D,6,9,1,5,14,14,2,6,3,1,0,0,2.62,3.2,2.8,2.74,3.29,2.84,,,,,,,,2021/2022
D1,2022-04-30,Dortmund,Bochum,3,4,A,19,12,10,5,14,18,10,3,4,3,0,0,1.36,5.25,7.5,1.37,5.52,8.58,,,,,,,,2021/2022
D1,2022-04-30,Mainz,Bayern Munich,3,1,H,24,4,7,1,11,11,7,8,0,4,0,0,5.75,4.5,1.53,5.87,4.83,1.54,,,,,,,,2021/2022
D1,2022-04-30,Stuttgart,Wolfsburg,1,1,D,18,15,5,5,9,11,7,9,3,2,0,0,2.05,3.5,3.6,2.07,3.72,3.69,,,,,,,,2021/2022
D1,2022-04-30,Hoffenheim,Freiburg,3,4,A,17,9,7,5,12,6,4,5,1,0,0,0,2.5,3.5,2.75,2.54,3.55,2.88,,,,,,,,2021/2022
D1,2022-05-02,Leverkusen,Ein Frankfurt,2,0,H,11,9,3,4,5,8,4,4,0,0,0,0,1.4,5.0,7.0,1.44,5.31,6.96,,,,,,,,2021/2022
D1,2022-05-02,M'gladbach,RB Leipzig,3,1,H,9,10,6,7,11,20,3,8,4,2,1,0,4.33,4.0,1.75,4.27,4.29,1.79,,,,,,,,2021/2022
D1,2022-05-06,Bochum,Bielefeld,2,1,H,16,14,9,5,9,12,6,2,0,0,0,0,2.15,3.6,3.2,2.23,3.63,3.36,,,,,,,,2021/2022
D1,2022-05-07,FC Koln,Wolfsburg,0,1,A,17,5,9,3,12,12,9,2,0,2,0,0,1.6,4.5,5.0,1.63,4.59,5.16,,,,,,,,2021/2022
D1,2022-05-07,Hertha,Mainz,1,2,A,10,13,1,6,19,18,3,8,3,1,0,0,2.55,3.4,2.7,2.54,3.47,2.94,,,,,,,,2021/2022
D1,2022-05-07,Freiburg,Union Berlin,1,4,A,18,13,4,5,12,14,4,6,1,2,0,0,1.9,3.6,4.0,1.97,3.66,4.12,,,,,,,,2021/2022
D1,2022-05-07,Hoffenheim,Leverkusen,2,4,A,12,15,5,8,14,10,6,7,1,0,0,0,3.2,4.0,2.05,3.31,4.18,2.08,,,,,,,,2021/2022
D1,2022-05-07,Greuther Furth,Dortmund,1,3,A,8,8,3,4,15,10,5,2,1,1,0,0,9.0,6.0,1.3,9.35,5.76,1.33,,,,,,,,2021/2022
D1,2022-05-08,Ein Frankfurt,M'gladbach,1,1,D,18,11,4,7,6,7,9,1,1,0,0,0,2.3,3.8,2.8,2.41,4.0,2.81,,,,,,,,2021/2022
D1,2022-05-08,Bayern Munich,Stuttgart,2,2,D,25,15,8,5,10,8,7,4,2,3,1,0,1.25,7.0,9.5,1.26,6.82,11.2,,,,,,,,2021/2022
D1,2022-05-08,RB Leipzig,Augsburg,4,0,H,14,6,8,1,8,16,5,1,1,2,0,0,1.25,6.0,12.0,1.27,6.35,11.78,,,,,,,,2021/2022
D1,2022-05-14,Leverkusen,Freiburg,2,1,H,11,13,5,2,6,12,6,9,2,3,0,0,2.4,3.8,2.62,2.4,4.08,2.73,,,,,,,,2021/2022
D1,2022-05-14,Augsburg,Greuther Furth,2,1,H,8,6,3,3,21,20,3,5,2,3,0,0,1.55,4.75,5.0,1.59,4.84,5.13,,,,,,,,2021/2022
D1,2022-05-14,Bielefeld,RB Leipzig,1,1,D,8,18,4,9,11,8,2,6,1,1,0,0,10.0,6.0,1.25,10.35,6.67,1.26,,,,,,,,2021/2022
D1,2022-05-14,M'gladbach,Hoffenheim,5,1,H,19,10,9,2,8,12,6,2,1,2,0,0,2.0,4.33,3.1,2.06,4.41,3.17,,,,,,,,2021/2022
D1,2022-05-14,Dortmund,Hertha,2,1,H,9,4,3,1,11,16,3,1,0,2,0,0,1.5,5.0,5.25,1.54,4.98,5.52,,,,,,,,2021/2022
D1,2022-05-14,Stuttgart,FC Koln,2,1,H,24,16,12,3,15,10,8,10,1,4,0,0,2.2,4.0,2.87,2.27,4.16,2.89,,,,,,,,2021/2022
D1,2022-05-14,Union Berlin,Bochum,3,2,H,17,5,11,3,12,7,1,3,3,2,0,0,1.4,5.0,7.0,1.41,5.26,7.59,,,,,,,,2021/2022
D1,2022-05-14,Wolfsburg,Bayern Munich,2,2,D,10,25,2,10,5,10,2,12,1,2,0,0,5.0,4.75,1.55,5.14,5.15,1.56,,,,,,,,2021/2022
D1,2022-05-14,Mainz,Ein Frankfurt,2,2,D,13,13,4,4,7,11,5,3,2,0,0,0,1.7,4.33,4.33,1.72,4.34,4.55,,,,,,,,2021/2022
D1,2022-08-05,Ein Frankfurt,Bayern Munich,1,6,A,8,23,2,10,10,11,5,6,2,0,0,0,6.0,5.0,1.5,5.84,5.13,1.52,,,,,,,,2022/2023
D1,2022-08-06,Union Berlin,Hertha,3,1,H,18,9,8,3,23,17,5,4,2,3,0,0,1.72,3.75,4.5,1.79,3.78,4.97,,,,,,,,2022/2023
D1,2022-08-06,Wolfsburg,Werder Bremen,2,2,D,13,10,3,5,11,14,2,5,2,2,0,0,1.85,3.8,3.8,1.93,3.7,4.29,,,,,,,,2022/2023
D1,2022-08-06,Augsburg,Freiburg,0,4,A,10,19,2,7,13,13,5,8,0,0,0,0,3.3,3.5,2.15,3.53,3.59,2.17,,,,,,,,2022/2023
D1,2022-08-06,Bochum,Mainz,1,2,A,16,13,3,6,11,16,3,5,2,3,0,0,3.2,3.4,2.2,3.34,3.43,2.32,,,,,,,,2022/2023
D1,2022-08-06,M'gladbach,Hoffenheim,3,1,H,18,2,8,1,18,12,4,2,1,4,0,1,2.05,4.2,3.0,2.15,4.22,3.12,,,,,,,,2022/2023
D1,2022-08-06,Dortmund,Leverkusen,1,0,H,13,8,4,3,14,13,3,3,2,4,0,1,2.0,4.2,3.2,2.08,4.22,3.28,,,,,,,,2022/2023
D1,2022-08-07,Stuttgart,RB Leipzig,1,1,D,11,27,2,9,14,9,1,9,2,1,0,0,4.5,3.8,1.75,4.44,4.12,1.8,,,,,,,,2022/2023
D1,2022-08-07,FC Koln,Schalke 04,3,1,H,30,6,10,2,8,10,9,1,0,1,0,1,1.7,4.0,4.5,1.75,4.28,4.58,,,,,,,,2022/2023
D1,2022-08-12,Freiburg,Dortmund,1,3,A,16,16,7,7,16,10,9,2,1,3,0,0,3.0,3.75,2.2,3.15,3.83,2.26,,,,,,,,2022/2023
D1,2022-08-13,Hertha,Ein Frankfurt,1,1,D,11,11,5,1,11,11,4,5,3,1,0,0,3.0,3.5,2.3,3.12,3.57,2.37,,,,,,,,2022/2023
D1,2022-08-13,Hoffenheim,Bochum,3,2,H,24,11,13,5,13,10,8,2,1,1,0,0,1.57,4.5,5.25,1.61,4.5,5.48,,,,,,,,2022/2023
D1,2022-08-13,Leverkusen,Augsburg,1,2,A,23,6,10,4,7,16,7,3,1,6,0,0,1.3,5.75,9.5,1.34,5.68,9.74,,,,,,,,2022/2023
D1,2022-08-13,RB Leipzig,FC Koln,2,2,D,9,12,5,3,8,18,2,7,1,4,1,0,1.44,4.75,7.0,1.44,4.91,7.76,,,,,,,,2022/2023
D1,2022-08-13,Werder Bremen,Stuttgart,2,2,D,5,14,3,7,6,10,2,5,4,2,0,0,2.25,3.6,3.0,2.36,3.62,3.1,,,,,,,,2022/2023
D1,2022-08-13,Schalke 04,M'gladbach,2,2,D,14,14,5,9,12,8,2,7,4,2,0,0,3.1,3.8,2.15,3.21,3.81,2.23,,,,,,,,2022/2023
D1,2022-08-14,Mainz,Union Berlin,0,0,D,10,10,5,2,9,14,4,4,1,0,0,0,2.2,3.25,3.4,2.3,3.23,3.6,,,,,,,,2022/2023
D1,2022-08-14,Bayern Munich,Wolfsburg,2,0,H,24,7,8,1,7,10,8,4,2,1,0,0,1.12,9.5,17.0,1.17,9.29,14.98,,,,,,,,2022/2023
D1,2022-08-19,M'gladbach,Hertha,1,0,H,11,18,6,5,7,11,5,5,1,2,0,1,1.5,4.5,6.0,1.54,4.87,5.83,,,,,,,,2022/2023
D1,2022-08-20,Augsburg,Mainz,1,2,A,6,14,2,7,13,19,3,3,2,2,0,0,3.5,3.5,2.1,3.66,3.58,2.13,,,,,,,,2022/2023
D1,2022-08-20,Dortmund,Werder Bremen,2,3,A,5,14,3,7,13,9,3,5,4,1,0,0,1.36,5.25,7.5,1.41,5.41,7.64,,,,,,,,2022/2023
D1,2022-08-20,Leverkusen,Hoffenheim,0,3,A,14,10,3,5,15,18,3,1,1,4,0,0,1.66,4.33,4.5,1.72,4.42,4.6,,,,,,,,2022/2023
D1,2022-08-20,Stuttgart,Freiburg,0,1,A,18,9,5,3,8,12,3,1,4,2,0,0,2.62,3.6,2.55,2.67,3.66,2.67,,,,,,,,2022/2023
D1,2022-08-20,Wolfsburg,Schalke 04,0,0,D,16,9,6,2,13,10,12,4,1,3,0,0,1.83,3.8,4.2,1.88,3.78,4.38,,,,,,,,2022/2023
D1,2022-08-20,Union Berlin,RB Leipzig,2,1,H,9,16,4,2,14,8,1,13,2,1,0,0,3.6,3.5,2.05,3.7,3.63,2.1,,,,,,,,2022/2023
D1,2022-08-21,Ein Frankfurt,FC Koln,1,1,D,10,6,3,2,15,11,5,9,0,1,0,0,1.95,3.75,3.6,2.06,3.84,3.61,,,,,,,,2022/2023
D1,2022-08-21,Bochum,Bayern Munich,0,7,A,13,22,7,12,10,6,5,5,1,0,0,0,13.0,8.0,1.18,13.39,8.03,1.2,,,,,,,,2022/2023
D1,2022-08-26,Freiburg,Bochum,1,0,H,28,15,12,5,15,13,2,5,2,2,0,0,1.5,4.5,6.0,1.53,4.81,6.12,,,,,,,,2022/2023
D1,2022-08-27,Hertha,Dortmund,0,1,A,12,24,3,7,8,9,6,10,1,0,0,0,4.5,4.33,1.66,4.55,4.62,1.7,,,,,,,,2022/2023
D1,2022-08-27,Hoffenheim,Augsburg,1,0,H,24,12,6,1,14,9,4,6,1,1,0,0,1.45,4.5,7.0,1.49,4.99,6.52,,,,,,,,2022/2023
D1,2022-08-27,Mainz,Leverkusen,0,3,A,17,7,3,5,10,12,3,4,1,6,0,2,2.75,3.75,2.37,2.75,3.82,2.52,,,,,,,,2022/2023
D1,2022-08-27,RB Leipzig,Wolfsburg,2,0,H,16,9,7,4,20,15,8,4,3,3,0,0,1.45,4.75,6.0,1.5,4.73,6.89,,,,,,,,2022/2023
D1,2022-08-27,Schalke 04,Union Berlin,1,6,A,12,12,4,7,9,11,8,2,1,0,0,0,3.1,3.4,2.3,3.16,3.48,2.39,,,,,,,,2022/2023
D1,2022-08-27,Bayern Munich,M'gladbach,1,1,D,35,5,20,3,14,7,14,1,4,2,0,0,1.18,8.0,12.0,1.2,8.4,13.14,,,,,,,,2022/2023
D1,2022-08-28,FC Koln,Stuttgart,0,0,D,6,13,2,5,14,12,6,8,2,2,0,1,2.05,3.75,3.4,2.16,3.67,3.48,,,,,,,,2022/2023
D1,2022-08-28,Werder Bremen,Ein Frankfurt,3,4,A,10,12,4,7,17,17,5,7,1,3,0,0,2.45,3.5,2.8,2.58,3.55,2.83,,,,,,,,2022/2023
D1,2022-09-02,Dortmund,Hoffenheim,1,0,H,16,7,5,2,14,15,5,8,3,4,0,0,1.61,4.5,4.75,1.69,4.66,4.59,,,,,,,,2022/2023
D1,2022-09-03,Stuttgart,Schalke 04,1,1,D,13,13,3,4,11,10,5,7,4,2,1,0,1.75,4.0,4.33,1.79,4.18,4.4,,,,,,,,2022/2023
D1,2022-09-03,Leverkusen,Freiburg,2,3,A,15,5,6,3,15,10,8,4,2,2,0,0,1.9,3.75,3.8,1.92,4.01,3.97,,,,,,,,2022/2023
D1,2022-09-03,Bochum,Werder Bremen,0,2,A,19,16,6,6,15,10,7,3,2,2,0,0,2.9,3.6,2.3,2.99,3.71,2.39,,,,,,,,2022/2023
D1,2022-09-03,Ein Frankfurt,RB Leipzig,4,0,H,14,5,9,0,14,10,4,3,1,1,0,0,3.5,3.75,2.0,3.68,3.78,2.06,,,,,,,,2022/2023
D1,2022-09-03,Wolfsburg,FC Koln,2,4,A,9,18,3,5,13,14,5,4,2,1,0,0,2.05,3.4,3.75,2.16,3.58,3.57,,,,,,,,2022/2023
D1,2022-09-03,Union Berlin,Bayern Munich,1,1,D,10,21,3,6,19,7,5,7,1,2,0,0,7.0,5.25,1.36,7.55,5.74,1.39,,,,,,,,2022/2023
D1,2022-09-04,Augsburg,Hertha,0,2,A,8,16,2,6,12,15,5,1,2,1,0,0,2.45,3.3,2.87,2.59,3.4,2.94,,,,,,,,2022/2023
D1,2022-09-04,M'gladbach,Mainz,0,1,A,13,12,3,5,8,15,4,8,1,4,1,0,2.2,3.8,3.0,2.29,3.73,3.16,,,,,,,,2022/2023
D1,2022-09-09,Werder Bremen,Augsburg,0,1,A,11,14,6,5,12,12,3,7,4,5,0,0,1.53,4.5,5.5,1.56,4.71,5.9,,,,,,,,2022/2023
D1,2022-09-10,Hertha,Leverkusen,2,2,D,17,11,6,5,15,16,3,5,3,1,0,0,3.6,4.0,1.9,3.76,4.11,1.94,,,,,,,,2022/2023
D1,2022-09-10,Bayern Munich,Stuttgart,2,2,D,18,8,7,3,11,9,3,0,2,5,0,0,1.14,8.0,17.0,1.17,8.98,16.13,,,,,,,,2022/2023
D1,2022-09-10,Ein Frankfurt,Wolfsburg,0,1,A,11,6,0,3,16,13,10,5,2,4,0,0,2.0,3.6,3.6,2.09,3.57,3.8,,,,,,,,2022/2023
D1,2022-09-10,RB Leipzig,Dortmund,3,0,H,14,4,5,0,12,6,5,8,2,1,0,0,2.3,3.9,2.75,2.39,3.94,2.86,,,,,,,,2022/2023
D1,2022-09-10,Schalke 04,Bochum,3,1,H,20,9,8,2,12,16,3,8,2,3,0,0,2.0,3.8,3.5,2.07,3.69,3.73,,,,,,,,2022/2023
D1,2022-09-10,Hoffenheim,Mainz,4,1,H,21,10,9,2,9,13,7,5,3,2,0,1,2.25,3.75,2.9,2.36,3.58,3.14,,,,,,,,2022/2023
D1,2022-09-11,FC Koln,Union Berlin,0,1,A,7,12,2,3,15,12,7,8,4,1,1,0,2.37,3.4,2.9,2.54,3.53,2.89,,,,,,,,2022/2023
D1,2022-09-11,Freiburg,M'gladbach,0,0,D,13,14,8,5,13,6,7,6,1,1,0,0,2.0,3.6,3.5,2.07,3.8,3.62,,,,,,,,2022/2023
D1,2022-09-16,Mainz,Hertha,1,1,D,12,4,2,2,12,10,4,3,3,5,0,0,1.72,4.0,4.33,1.79,4.0,4.64,,,,,,,,2022/2023
D1,2022-09-17,Dortmund,Schalke 04,1,0,H,19,3,7,0,12,14,11,2,3,2,0,0,1.36,5.0,8.0,1.41,5.61,7.33,,,,,,,,2022/2023
D1,2022-09-17,Leverkusen,Werder Bremen,1,1,D,19,19,7,7,5,14,9,6,2,3,0,0,1.61,4.33,5.0,1.67,4.6,4.83,,,,,,,,2022/2023
D1,2022-09-17,Augsburg,Bayern Munich,1,0,H,9,21,4,7,16,9,2,8,3,1,0,0,17.0,8.0,1.16,14.69,9.0,1.18,,,,,,,,2022/2023
D1,2022-09-17,Stuttgart,Ein Frankfurt,1,3,A,15,13,2,8,9,11,7,4,2,0,0,0,2.25,3.5,3.1,2.37,3.64,3.08,,,,,,,,2022/2023
D1,2022-09-17,M'gladbach,RB Leipzig,3,0,H,21,13,10,6,14,14,8,3,2,2,0,0,3.0,3.6,2.25,3.16,3.67,2.31,,,,,,,,2022/2023
D1,2022-09-18,Union Berlin,Wolfsburg,2,0,H,16,5,4,0,18,6,4,1,0,0,0,0,1.95,3.5,3.8,2.07,3.43,4.02,,,,,,,,2022/2023
D1,2022-09-18,Bochum,FC Koln,1,1,D,7,18,0,3,12,8,4,8,0,1,0,0,3.1,3.6,2.2,3.09,3.75,2.31,,,,,,,,2022/2023
D1,2022-09-18,Hoffenheim,Freiburg,0,0,D,10,14,3,4,15,9,5,3,1,2,0,0,2.15,3.6,3.2,2.24,3.71,3.27,,,,,,,,2022/2023
D1,2022-09-30,Bayern Munich,Leverkusen,4,0,H,20,10,10,5,10,6,6,2,0,0,0,0,1.36,6.0,7.0,1.41,6.02,6.71,,,,,,,,2022/2023
D1,2022-10-01,Ein Frankfurt,Union Berlin,2,0,H,14,14,4,5,4,11,4,7,3,4,1,0,2.25,3.4,3.2,2.31,3.52,3.27,,,,,,,,2022/2023
D1,2022-10-01,FC Koln,Dortmund,3,2,H,20,21,16,13,14,10,7,11,4,3,0,0,3.1,4.0,2.05,3.36,3.93,2.12,,,,,,,,2022/2023
D1,2022-10-01,Freiburg,Mainz,2,1,H,13,17,6,7,9,15,5,5,2,4,0,0,2.1,3.6,3.4,2.13,3.66,3.57,,,,,,,,2022/2023
D1,2022-10-01,RB Leipzig,Bochum,4,0,H,17,2,9,1,8,8,7,2,0,2,0,0,1.22,6.5,12.0,1.25,7.21,11.05,,,,,,,,2022/2023
D1,2022-10-01,Wolfsburg,Stuttgart,3,2,H,20,15,7,7,16,14,8,5,3,5,0,0,2.4,3.4,2.9,2.41,3.53,3.08,,,,,,,,2022/2023
D1,2022-10-01,Werder Bremen,M'gladbach,5,1,H,14,13,9,9,8,8,4,5,0,1,0,0,2.5,3.9,2.5,2.62,3.84,2.63,,,,,,,,2022/2023
D1,2022-10-02,Hertha,Hoffenheim,1,1,D,13,16,5,4,5,15,2,6,2,1,0,0,2.75,3.75,2.37,2.88,3.81,2.42,,,,,,,,2022/2023
D1,2022-10-02,Schalke 04,Augsburg,2,3,A,16,11,5,5,11,10,8,4,2,6,0,1,1.95,3.8,3.6,1.99,3.75,3.95,,,,,,,,2022/2023
D1,2022-10-07,Hoffenheim,Werder Bremen,1,2,A,16,8,6,3,12,18,3,3,3,3,0,0,1.95,3.8,3.5,2.05,4.02,3.48,,,,,,,,2022/2023
D1,2022-10-08,Augsburg,Wolfsburg,1,1,D,18,12,5,7,19,11,11,5,5,3,0,0,2.9,3.4,2.4,3.04,3.43,2.49,,,,,,,,2022/2023
D1,2022-10-08,Dortmund,Bayern Munich,2,2,D,13,9,6,3,8,11,7,4,3,6,0,1,4.33,4.75,1.65,4.53,4.88,1.67,,,,,,,,2022/2023
D1,2022-10-08,Bochum,Ein Frankfurt,3,0,H,11,11,6,2,12,10,9,4,2,1,0,0,3.75,3.8,1.9,4.01,4.01,1.91,,,,,,,,2022/2023
D1,2022-10-08,Mainz,RB Leipzig,1,1,D,9,12,3,3,12,12,4,2,1,1,0,0,3.0,3.6,2.3,3.07,3.66,2.36,,,,,,,,2022/2023
D1,2022-10-08,Leverkusen,Schalke 04,4,0,H,13,2,7,1,9,17,3,3,1,1,0,0,1.45,4.5,7.0,1.47,5.02,6.83,,,,,,,,2022/2023
D1,2022-10-09,M'gladbach,FC Koln,5,2,H,13,5,6,3,8,14,7,4,2,3,0,1,1.95,3.75,3.6,2.02,4.05,3.57,,,,,,,,2022/2023
D1,2022-10-09,Hertha,Freiburg,2,2,D,11,10,3,4,14,13,4,2,2,1,0,0,3.0,3.5,2.3,3.18,3.41,2.41,,,,,,,,2022/2023
D1,2022-10-09,Stuttgart,Union Berlin,0,1,A,9,7,3,4,12,10,2,5,3,3,1,0,2.55,3.1,2.9,2.65,3.25,2.97,,,,,,,,2022/2023
D1,2022-10-14,Schalke 04,Hoffenheim,0,3,A,14,18,2,7,12,8,4,5,2,2,0,0,3.6,3.8,1.95,3.72,3.87,2.02,,,,,,,,2022/2023
D1,2022-10-15,Wolfsburg,M'gladbach,2,2,D,16,10,4,5,13,11,7,6,3,3,0,0,2.62,3.5,2.6,2.69,3.66,2.65,,,,,,,,2022/2023
D1,2022-10-15,RB Leipzig,Hertha,3,2,H,14,16,5,5,17,9,8,4,2,3,0,0,1.4,5.0,7.0,1.43,5.03,7.84,,,,,,,,2022/2023
D1,2022-10-15,Ein Frankfurt,Leverkusen,5,1,H,20,5,11,2,10,9,7,1,0,4,0,1,2.75,3.6,2.45,2.84,3.62,2.54,,,,,,,,2022/2023
D1,2022-10-15,Stuttgart,Bochum,4,1,H,16,14,7,4,6,17,3,3,0,3,0,0,1.65,4.0,5.25,1.68,4.03,5.5,,,,,,,,2022/2023
D1,2022-10-15,Werder Bremen,Mainz,0,2,A,14,11,4,5,3,11,3,3,1,2,0,0,2.37,3.6,2.87,2.38,3.68,3.02,,,,,,,,2022/2023
D1,2022-10-16,Bayern Munich,Freiburg,5,0,H,18,6,8,0,8,9,5,5,0,2,0,0,1.25,6.5,9.0,1.29,6.13,10.79,,,,,,,,2022/2023
D1,2022-10-16,FC Koln,Augsburg,3,2,H,14,7,6,3,11,15,5,3,2,4,0,0,1.66,4.0,5.0,1.71,4.27,4.84,,,,,,,,2022/2023
D1,2022-10-16,Union Berlin,Dortmund,2,0,H,14,13,5,6,15,5,5,8,1,2,0,0,2.9,3.5,2.37,3.06,3.51,2.44,,,,,,,,2022/2023
D1,2022-10-21,Mainz,FC Koln,5,0,H,15,6,7,2,13,14,5,4,1,5,0,1,2.15,3.5,3.25,2.19,3.59,3.47,,,,,,,,2022/2023
D1,2022-10-22,Augsburg,RB Leipzig,3,3,D,11,19,3,8,15,11,3,6,7,1,1,0,5.5,4.33,1.57,5.75,4.4,1.6,,,,,,,,2022/2023
D1,2022-10-22,Dortmund,Stuttgart,5,0,H,19,10,10,1,7,8,9,2,1,0,0,0,1.53,4.75,5.5,1.57,4.44,6.06,,,,,,,,2022/2023
D1,2022-10-22,Freiburg,Werder Bremen,2,0,H,25,10,7,2,14,12,6,2,2,2,0,1,1.9,3.75,3.8,1.94,3.86,4.0,,,,,,,,2022/2023
D1,2022-10-22,Hoffenheim,Bayern Munich,0,2,A,7,23,3,10,12,8,7,5,3,2,0,0,5.5,5.0,1.5,5.89,4.97,1.53,,,,,,,,2022/2023
D1,2022-10-22,Leverkusen,Wolfsburg,2,2,D,13,9,5,3,19,5,3,3,3,1,0,0,1.7,4.2,4.5,1.74,4.31,4.6,,,,,,,,2022/2023
D1,2022-10-22,M'gladbach,Ein Frankfurt,1,3,A,8,16,3,5,9,20,3,2,3,2,0,0,2.3,3.75,2.87,2.42,3.77,2.9,,,,,,,,2022/2023
D1,2022-10-23,Bochum,Union Berlin,2,1,H,8,6,5,3,14,10,3,7,1,3,0,0,4.33,3.4,1.9,4.48,3.48,1.95,,,,,,,,2022/2023
D1,2022-10-23,Hertha,Schalke 04,2,1,H,11,9,4,2,14,14,5,6,5,1,0,0,1.75,3.75,4.75,1.78,3.99,4.71,,,,,,,,2022/2023
D1,2022-10-28,Werder Bremen,Hertha,1,0,H,15,9,4,1,14,11,4,5,2,3,0,0,2.0,3.8,3.4,2.06,3.99,3.49,,,,,,,,2022/2023
D1,2022-10-29,Bayern Munich,Mainz,6,2,H,25,13,12,5,10,11,8,5,1,1,0,0,1.25,6.5,11.0,1.27,6.7,10.23,,,,,,,,2022/2023
D1,2022-10-29,RB Leipzig,Leverkusen,2,0,H,10,4,6,1,9,7,3,3,3,3,0,0,1.8,4.0,4.1,1.83,4.12,4.27,,,,,,,,2022/2023
D1,2022-10-29,Stuttgart,Augsburg,2,1,H,31,12,8,6,7,12,10,3,1,2,0,0,1.8,3.8,4.33,1.81,3.98,4.51,,,,,,,,2022/2023
D1,2022-10-29,Wolfsburg,Bochum,4,0,H,22,10,7,3,7,17,7,2,1,1,0,0,1.65,4.2,4.75,1.72,4.24,4.85,,,,,,,,2022/2023
D1,2022-10-29,Ein Frankfurt,Dortmund,1,2,A,20,8,8,2,15,11,4,3,5,5,0,0,2.75,3.75,2.4,2.88,3.7,2.47,,,,,,,,2022/2023
D1,2022-10-30,Union Berlin,M'gladbach,2,1,H,14,7,5,3,17,6,6,5,3,2,0,0,2.05,3.4,3.8,2.06,3.53,3.95,,,,,,,,2022/2023
D1,2022-10-30,Schalke 04,Freiburg,0,2,A,12,19,3,9,20,7,4,8,3,2,0,0,4.0,3.75,1.9,4.13,3.75,1.94,,,,,,,,2022/2023
D1,2022-10-30,FC Koln,Hoffenheim,1,1,D,11,9,3,4,11,10,5,4,1,2,0,1,2.9,3.5,2.37,3.06,3.66,2.37,,,,,,,,2022/2023
D1,2022-11-04,M'gladbach,Stuttgart,3,1,H,11,13,6,4,13,16,3,5,2,1,0,0,2.15,3.75,3.1,2.26,3.81,3.16,,,,,,,,2022/2023
D1,2022-11-05,Augsburg,Ein Frankfurt,1,2,A,9,12,5,7,17,15,3,6,0,1,0,0,4.33,4.0,1.72,4.52,4.16,1.78,,,,,,,,2022/2023
D1,2022-11-05,Dortmund,Bochum,3,0,H,6,7,3,1,7,14,2,5,1,1,0,0,1.22,7.0,11.0,1.25,6.51,12.47,,,,,,,,2022/2023
D1,2022-11-05,Hertha,Bayern Munich,2,3,A,7,14,5,4,13,9,2,7,0,0,0,0,10.0,6.5,1.25,11.21,6.52,1.27,,,,,,,,2022/2023
D1,2022-11-05,Hoffenheim,RB Leipzig,1,3,A,11,17,3,8,9,9,6,3,4,2,0,0,2.9,3.75,2.25,3.06,3.75,2.33,,,,,,,,2022/2023
D1,2022-11-05,Mainz,Wolfsburg,0,3,A,16,10,3,3,15,6,9,4,1,1,0,0,2.0,3.75,3.5,2.07,3.68,3.72,,,,,,,,2022/2023
D1,2022-11-05,Werder Bremen,Schalke 04,2,1,H,11,19,5,3,11,12,3,3,3,2,0,0,1.65,4.33,4.5,1.66,4.42,5.11,,,,,,,,2022/2023
D1,2022-11-06,Leverkusen,Union Berlin,5,0,H,11,6,8,1,11,17,1,5,1,4,0,0,2.15,3.4,3.4,2.2,3.48,3.57,,,,,,,,2022/2023
D1,2022-11-06,Freiburg,FC Koln,2,0,H,13,6,5,2,9,10,5,3,0,1,0,0,1.7,4.0,4.75,1.72,4.06,5.1,,,,,,,,2022/2023
D1,2022-11-08,Wolfsburg,Dortmund,2,0,H,15,20,8,6,10,12,6,9,4,2,0,0,3.1,3.6,2.2,3.17,3.64,2.32,,,,,,,,2022/2023
D1,2022-11-08,Bayern Munich,Werder Bremen,6,1,H,21,4,10,1,9,8,8,4,0,0,0,0,1.14,9.5,15.0,1.16,8.84,17.46,,,,,,,,2022/2023
D1,2022-11-08,Bochum,M'gladbach,2,1,H,13,8,4,2,11,14,6,3,1,3,0,0,3.2,3.5,2.25,3.28,3.64,2.26,,,,,,,,2022/2023
D1,2022-11-08,Stuttgart,Hertha,2,1,H,16,11,7,4,9,15,8,5,3,2,0,0,1.95,3.8,3.75,1.97,3.76,3.99,,,,,,,,2022/2023
D1,2022-11-09,Ein Frankfurt,Hoffenheim,4,2,H,15,12,8,3,9,22,4,5,0,3,0,0,1.9,3.8,3.75,1.96,3.84,3.95,,,,,,,,2022/2023
D1,2022-11-09,FC Koln,Leverkusen,1,2,A,17,10,7,3,9,7,6,1,1,2,0,0,3.0,3.75,2.2,3.21,3.6,2.31,,,,,,,,2022/2023
D1,2022-11-09,RB Leipzig,Freiburg,3,1,H,18,4,8,2,9,21,6,2,1,4,0,0,1.72,4.0,4.5,1.8,4.2,4.36,,,,,,,,2022/2023
D1,2022-11-09,Union Berlin,Augsburg,2,2,D,18,7,6,2,7,10,6,3,1,4,0,0,1.55,4.2,6.0,1.57,4.21,6.65,,,,,,,,2022/2023
D1,2022-11-09,Schalke 04,Mainz,1,0,H,13,11,4,1,16,17,1,6,3,1,0,0,3.4,3.75,2.05,3.52,3.77,2.11,,,,,,,,2022/2023
D1,2022-11-11,M'gladbach,Dortmund,4,2,H,11,20,6,10,12,12,2,9,1,2,0,0,3.2,4.0,2.15,3.33,3.9,2.15,,,,,,,,2022/2023
D1,2022-11-12,Augsburg,Bochum,0,1,A,19,11,5,4,12,9,6,2,1,1,0,0,2.2,3.5,3.2,2.23,3.62,3.36,,,,,,,,2022/2023
D1,2022-11-12,Hertha,FC Koln,2,0,H,17,10,8,2,15,10,10,5,3,1,0,0,2.2,3.6,3.1,2.3,3.68,3.17,,,,,,,,2022/2023
D1,2022-11-12,Hoffenheim,Wolfsburg,1,2,A,22,6,8,3,15,11,7,1,0,3,0,0,2.25,3.75,3.1,2.28,3.77,3.14,,,,,,,,2022/2023
D1,2022-11-12,Leverkusen,Stuttgart,2,0,H,11,7,3,1,11,10,4,2,2,3,0,0,1.72,4.2,4.33,1.73,4.21,4.78,,,,,,,,2022/2023
D1,2022-11-12,Werder Bremen,RB Leipzig,1,2,A,7,14,5,3,14,8,0,4,1,2,0,0,3.6,4.0,1.9,3.7,4.12,1.96,,,,,,,,2022/2023
D1,2022-11-12,Schalke 04,Bayern Munich,0,2,A,6,22,2,6,7,4,4,5,0,0,0,0,15.0,7.5,1.16,17.47,8.34,1.17,,,,,,,,2022/2023
D1,2022-11-13,Mainz,Ein Frankfurt,1,1,D,19,10,6,3,12,8,5,2,2,2,0,0,2.75,3.5,2.45,2.84,3.76,2.47,,,,,,,,2022/2023
D1,2022-11-13,Freiburg,Union Berlin,4,1,H,7,4,5,2,13,9,2,1,0,1,0,1,2.0,3.3,4.0,2.06,3.32,4.25,,,,,,,,2022/2023
D1,2023-01-20,RB Leipzig,Bayern Munich,1,1,D,10,7,3,2,17,12,3,2,2,3,0,0,3.6,4.33,1.85,3.93,4.24,1.88,,,,,,,,2022/2023
D1,2023-01-21,Bochum,Hertha,3,1,H,10,10,3,2,13,13,1,6,1,1,0,0,2.38,3.5,2.9,2.44,3.61,2.98,,,,,,,,2022/2023
D1,2023-01-21,Ein Frankfurt,Schalke 04,3,0,H,11,18,3,4,14,10,5,4,2,3,0,0,1.36,5.0,8.5,1.4,5.34,8.09,,,,,,,,2022/2023
D1,2023-01-21,Stuttgart,Mainz,1,1,D,16,12,4,2,15,17,3,5,1,3,0,0,2.4,3.5,2.88,2.44,3.54,3.03,,,,,,,,2022/2023
D1,2023-01-21,Union Berlin,Hoffenheim,3,1,H,23,10,5,5,11,13,9,4,2,1,0,0,2.25,3.4,3.2,2.29,3.45,3.38,,,,,,,,2022/2023
D1,2023-01-21,Wolfsburg,Freiburg,6,0,H,13,9,11,1,11,12,0,5,1,2,0,0,2.55,3.4,2.75,2.58,3.49,2.87,,,,,,,,2022/2023
D1,2023-01-21,FC Koln,Werder Bremen,7,1,H,15,4,7,2,10,14,2,2,0,0,0,0,2.25,3.8,2.9,2.25,3.89,3.11,,,,,,,,2022/2023
D1,2023-01-22,Dortmund,Augsburg,4,3,H,27,14,10,4,6,9,7,3,1,4,0,0,1.3,6.0,8.0,1.35,5.88,8.74,,,,,,,,2022/2023
D1,2023-01-22,M'gladbach,Leverkusen,2,3,A,15,13,8,5,12,14,2,3,3,2,0,0,2.63,3.8,2.45,2.76,4.05,2.42,,,,,,,,2022/2023
D1,2023-01-24,Bayern Munich,FC Koln,1,1,D,22,2,7,1,7,10,9,4,0,1,0,0,1.2,7.5,12.0,1.23,7.6,12.0,,,,,,,,2022/2023
D1,2023-01-24,Schalke 04,RB Leipzig,1,6,A,9,21,1,14,16,13,1,6,1,1,0,0,5.75,4.33,1.53,5.91,4.41,1.59,,,,,,,,2022/2023
D1,2023-01-24,Hoffenheim,Stuttgart,2,2,D,13,8,5,4,12,4,6,4,1,3,0,1,2.1,3.5,3.4,2.19,3.63,3.44,,,,,,,,2022/2023
D1,2023-01-24,Hertha,Wolfsburg,0,5,A,8,15,2,7,20,13,6,4,2,0,0,0,3.0,3.4,2.3,3.12,3.53,2.39,,,,,,,,2022/2023
D1,2023-01-25,Mainz,Dortmund,1,2,A,12,12,4,6,15,7,2,3,2,0,0,0,2.9,3.6,2.3,3.0,3.72,2.38,,,,,,,,2022/2023
D1,2023-01-25,Augsburg,M'gladbach,1,0,H,14,7,4,2,15,15,3,2,1,2,0,0,3.0,3.6,2.25,3.14,3.65,2.33,,,,,,,,2022/2023
D1,2023-01-25,Freiburg,Ein Frankfurt,1,1,D,12,4,5,2,15,15,4,3,3,3,0,0,2.5,3.5,2.7,2.58,3.57,2.82,,,,,,,,2022/2023
D1,2023-01-25,Leverkusen,Bochum,2,0,H,11,9,4,2,15,14,3,4,2,4,0,0,1.4,5.25,6.5,1.45,4.98,7.28,,,,,,,,2022/2023
D1,2023-01-25,Werder Bremen,Union Berlin,1,2,A,8,11,3,5,11,17,5,7,0,0,0,0,2.8,3.2,2.63,2.94,3.33,2.62,,,,,,,,2022/2023
D1,2023-01-27,RB Leipzig,Stuttgart,2,1,H,9,10,4,3,8,6,3,6,0,0,0,0,1.33,5.0,9.0,1.38,5.27,9.19,,,,,,,,2022/2023
D1,2023-01-28,Hertha,Union Berlin,0,2,A,10,7,3,3,12,13,3,2,1,2,0,0,3.5,3.25,2.2,3.76,3.37,2.18,,,,,,,,2022/2023
D1,2023-01-28,Freiburg,Augsburg,3,1,H,15,16,9,4,14,9,3,7,3,3,0,0,1.5,4.5,6.25,1.52,4.65,6.55,,,,,,,,2022/2023
D1,2023-01-28,Hoffenheim,M'gladbach,1,4,A,15,10,5,5,23,10,4,3,2,1,0,0,2.0,3.9,3.4,2.11,3.99,3.37,,,,,,,,2022/2023
D1,2023-01-28,Mainz,Bochum,5,2,H,14,14,7,4,17,11,3,2,0,1,0,0,1.7,4.0,4.75,1.74,4.06,4.96,,,,,,,,2022/2023
D1,2023-01-28,Bayern Munich,Ein Frankfurt,1,1,D,14,7,6,1,6,4,7,6,3,1,0,0,1.33,6.0,7.5,1.35,6.36,7.74,,,,,,,,2022/2023
D1,2023-01-28,Werder Bremen,Wolfsburg,2,1,H,14,7,5,3,16,12,2,6,3,3,0,0,3.2,3.6,2.15,3.41,3.75,2.16,,,,,,,,2022/2023
D1,2023-01-29,Schalke 04,FC Koln,0,0,D,15,7,2,0,13,16,7,7,3,4,0,0,3.8,3.6,1.95,3.81,3.75,2.02,,,,,,,,2022/2023
D1,2023-01-29,Leverkusen,Dortmund,0,2,A,20,6,7,2,13,20,8,4,2,4,0,0,2.45,3.8,2.63,2.5,3.89,2.74,,,,,,,,2022/2023
D1,2023-02-03,Augsburg,Leverkusen,1,0,H,10,12,5,4,14,8,2,1,3,2,0,0,4.0,3.8,1.85,4.25,3.97,1.86,,,,,,,,2022/2023
D1,2023-02-04,Ein Frankfurt,Hertha,3,0,H,10,13,4,3,12,10,7,1,1,2,0,0,1.45,4.5,6.5,1.51,4.63,6.77,,,,,,,,2022/2023
D1,2023-02-04,Dortmund,Freiburg,5,1,H,24,6,8,3,13,14,14,0,3,4,0,1,1.67,4.0,5.0,1.71,4.18,4.99,,,,,,,,2022/2023
D1,2023-02-04,Bochum,Hoffenheim,5,2,H,17,10,11,4,13,15,6,6,2,3,0,0,2.75,3.5,2.5,2.8,3.64,2.56,,,,,,,,2022/2023
D1,2023-02-04,FC Koln,RB Leipzig,0,0,D,9,7,0,2,10,15,5,1,3,4,0,0,4.2,3.6,1.91,4.11,3.79,1.93,,,,,,,,2022/2023
D1,2023-02-04,M'gladbach,Schalke 04,0,0,D,17,18,4,5,9,15,9,5,2,3,0,0,1.53,4.5,5.75,1.56,4.73,5.78,,,,,,,,2022/2023
D1,2023-02-04,Union Berlin,Mainz,2,1,H,9,9,5,2,12,10,5,5,1,1,0,0,1.95,3.5,4.0,1.99,3.42,4.36,,,,,,,,2022/2023
D1,2023-02-05,Stuttgart,Werder Bremen,0,2,A,16,9,5,4,8,17,8,4,2,5,0,0,2.0,3.6,3.6,2.09,3.77,3.57,,,,,,,,2022/2023
D1,2023-02-05,Wolfsburg,Bayern Munich,2,4,A,19,9,5,4,10,9,7,4,2,6,0,1,5.25,4.5,1.57,5.28,4.64,1.61,,,,,,,,2022/2023
D1,2023-02-10,Schalke 04,Wolfsburg,0,0,D,17,8,5,2,10,20,9,3,1,4,0,0,3.6,3.8,1.95,3.92,3.78,1.99,,,,,,,,2022/2023
D1,2023-02-11,Mainz,Augsburg,3,1,H,13,11,7,3,12,6,4,12,1,1,0,0,1.8,4.0,4.2,1.87,3.9,4.3,,,,,,,,2022/2023
D1,2023-02-11,Werder Bremen,Dortmund,0,2,A,8,17,3,9,7,7,3,7,1,0,0,0,4.0,4.0,1.8,4.06,4.37,1.83,,,,,,,,2022/2023
D1,2023-02-11,Bayern Munich,Bochum,3,0,H,25,7,12,1,10,12,6,3,1,1,0,0,1.11,10.0,17.0,1.15,9.98,16.58,,,,,,,,2022/2023
D1,2023-02-11,Freiburg,Stuttgart,2,1,H,9,14,5,3,13,10,4,3,3,3,0,0,1.8,3.8,4.33,1.88,3.74,4.45,,,,,,,,2022/2023
D1,2023-02-11,Hoffenheim,Leverkusen,1,3,A,11,12,6,5,15,9,5,8,3,1,0,0,2.88,3.6,2.38,2.98,3.75,2.38,,,,,,,,2022/2023
D1,2023-02-11,RB Leipzig,Union Berlin,1,2,A,9,6,1,5,15,13,3,4,4,4,0,0,1.7,3.75,5.0,1.75,3.76,5.31,,,,,,,,2022/2023
D1,2023-02-12,Hertha,M'gladbach,4,1,H,17,7,7,3,12,11,4,6,1,1,0,0,2.88,3.5,2.4,2.9,3.68,2.47,,,,,,,,2022/2023
D1,2023-02-12,FC Koln,Ein Frankfurt,3,0,H,9,7,4,1,15,11,3,9,3,2,0,0,2.7,3.5,2.5,2.71,3.66,2.63,,,,,,,,2022/2023
D1,2023-02-17,Augsburg,Hoffenheim,1,0,H,16,8,3,2,13,14,6,1,3,3,0,0,2.7,3.5,2.6,2.73,3.65,2.62,,,,,,,,2022/2023
D1,2023-02-18,Bochum,Freiburg,0,2,A,15,15,6,5,15,10,5,5,4,2,1,0,3.1,3.5,2.25,3.15,3.56,2.36,,,,,,,,2022/2023
D1,2023-02-18,M'gladbach,Bayern Munich,3,2,H,17,13,7,4,9,9,4,0,0,1,0,1,7.0,5.75,1.36,7.11,5.81,1.4,,,,,,,,2022/2023
D1,2023-02-18,Stuttgart,FC Koln,3,0,H,18,11,7,4,10,12,3,6,3,4,0,0,2.45,3.4,2.88,2.48,3.53,2.97,,,,,,,,2022/2023
D1,2023-02-18,Wolfsburg,RB Leipzig,0,3,A,7,17,2,5,16,15,2,5,1,1,0,0,3.3,3.6,2.15,3.34,3.68,2.22,,,,,,,,2022/2023
D1,2023-02-18,Ein Frankfurt,Werder Bremen,2,0,H,11,3,6,0,15,9,5,2,1,1,0,0,1.62,4.2,5.25,1.63,4.46,5.31,,,,,,,,2022/2023
D1,2023-02-19,Leverkusen,Mainz,2,3,A,17,12,7,7,14,19,4,5,5,5,1,0,1.8,3.8,4.2,1.85,4.0,4.27,,,,,,,,2022/2023
D1,2023-02-19,Union Berlin,Schalke 04,0,0,D,9,6,4,2,13,19,6,4,2,1,0,0,1.6,3.8,6.0,1.61,3.97,6.65,,,,,,,,2022/2023
D1,2023-02-19,Dortmund,Hertha,4,1,H,12,15,5,8,8,15,3,4,1,2,0,0,1.33,5.5,8.5,1.36,5.89,8.41,,,,,,,,2022/2023
D1,2023-02-24,Mainz,M'gladbach,4,0,H,14,8,8,2,17,6,3,3,2,3,0,0,2.15,3.6,3.2,2.19,3.68,3.4,,,,,,,,2022/2023
D1,2023-02-25,FC Koln,Wolfsburg,0,2,A,11,6,5,4,9,16,10,2,1,2,0,0,2.3,3.5,3.0,2.4,3.6,3.06,,,,,,,,2022/2023
D1,2023-02-25,Hertha,Augsburg,2,0,H,11,9,3,2,16,19,1,6,1,3,0,0,2.1,3.6,3.25,2.16,3.73,3.43,,,,,,,,2022/2023
D1,2023-02-25,Hoffenheim,Dortmund,0,1,A,13,23,4,11,11,7,12,11,3,1,0,0,4.0,4.2,1.75,4.27,4.39,1.78,,,,,,,,2022/2023
D1,2023-02-25,RB Leipzig,Ein Frankfurt,2,1,H,10,8,5,4,11,11,2,6,2,3,0,0,1.7,4.0,4.6,1.73,4.25,4.74,,,,,,,,2022/2023
D1,2023-02-25,Werder Bremen,Bochum,3,0,H,12,9,6,2,16,16,2,0,3,2,0,0,2.0,3.8,3.6,2.04,3.78,3.72,,,,,,,,2022/2023
D1,2023-02-25,Schalke 04,Stuttgart,2,1,H,11,17,6,5,12,13,6,9,2,2,0,0,3.0,3.4,2.45,3.05,3.46,2.47,,,,,,,,2022/2023
D1,2023-02-26,Freiburg,Leverkusen,1,1,D,9,16,4,4,14,13,1,3,2,1,0,0,2.15,3.5,3.25,2.24,3.66,3.3,,,,,,,,2022/2023
D1,2023-02-26,Bayern Munich,Union Berlin,3,0,H,19,4,10,1,8,9,10,4,1,1,0,0,1.33,5.25,9.0,1.34,5.68,9.74,,,,,,,,2022/2023
D1,2023-03-03,Dortmund,RB Leipzig,2,1,H,8,14,3,6,8,20,4,6,2,5,0,0,2.2,3.5,3.2,2.23,3.71,3.23,,,,,,,,2022/2023
D1,2023-03-04,Augsburg,Werder Bremen,2,1,H,9,17,5,8,10,9,3,7,2,2,0,0,2.3,3.5,3.0,2.37,3.61,3.04,,,,,,,,2022/2023
D1,2023-03-04,Bochum,Schalke 04,0,2,A,6,9,4,5,17,11,4,4,2,1,0,0,2.3,3.4,3.1,2.44,3.48,3.03,,,,,,,,2022/2023
D1,2023-03-04,Mainz,Hoffenheim,1,0,H,16,15,6,4,12,15,11,3,1,4,0,0,1.91,3.6,4.0,1.93,3.85,3.97,,,,,,,,2022/2023
D1,2023-03-04,M'gladbach,Freiburg,0,0,D,10,8,4,3,11,15,6,5,5,2,1,0,2.4,3.6,2.8,2.52,3.57,2.86,,,,,,,,2022/2023
D1,2023-03-04,Union Berlin,FC Koln,0,0,D,8,12,2,4,9,10,5,4,1,0,0,0,1.91,3.4,4.33,1.93,3.45,4.56,,,,,,,,2022/2023
D1,2023-03-04,Stuttgart,Bayern Munich,1,2,A,11,13,4,6,6,12,3,6,0,0,0,0,7.0,5.25,1.4,6.29,5.0,1.49,,,,,,,,2022/2023
D1,2023-03-05,Leverkusen,Hertha,4,1,H,18,7,9,2,11,14,9,2,1,2,0,0,1.53,4.2,6.0,1.58,4.36,5.95,,,,,,,,2022/2023
D1,2023-03-05,Wolfsburg,Ein Frankfurt,2,2,D,13,10,8,2,11,16,4,5,3,3,0,0,2.45,3.5,2.8,2.49,3.57,2.9,,,,,,,,2022/2023
D1,2023-03-10,FC Koln,Bochum,0,2,A,11,9,5,3,9,14,10,1,2,2,0,0,1.73,3.75,4.75,1.78,3.87,4.92,,,,,,,,2022/2023
D1,2023-03-11,Hertha,Mainz,1,1,D,9,6,4,3,10,15,7,8,2,1,0,0,2.9,3.4,2.45,2.97,3.5,2.47,,,,,,,,2022/2023
D1,2023-03-11,Ein Frankfurt,Stuttgart,1,1,D,10,9,1,5,16,11,3,2,4,1,0,0,1.8,4.0,4.2,1.86,3.88,4.26,,,,,,,,2022/2023
D1,2023-03-11,Schalke 04,Dortmund,2,2,D,10,20,5,8,16,8,3,6,1,1,0,0,4.5,4.0,1.73,4.56,4.21,1.74,,,,,,,,2022/2023
D1,2023-03-11,RB Leipzig,M'gladbach,3,0,H,14,7,9,3,9,9,11,0,1,0,0,0,1.4,5.0,7.0,1.43,5.16,7.18,,,,,,,,2022/2023
D1,2023-03-11,Bayern Munich,Augsburg,5,3,H,24,13,9,6,8,10,8,5,2,1,0,0,1.13,9.0,19.0,1.14,10.07,16.64,,,,,,,,2022/2023
D1,2023-03-12,Freiburg,Hoffenheim,2,1,H,9,12,3,1,11,25,2,2,2,5,0,1,1.91,3.6,4.0,1.93,3.71,4.1,,,,,,,,2022/2023
D1,2023-03-12,Werder Bremen,Leverkusen,2,3,A,12,13,6,5,12,12,2,3,2,1,0,0,3.3,3.75,2.1,3.32,3.82,2.15,,,,,,,,2022/2023
D1,2023-03-12,Wolfsburg,Union Berlin,1,1,D,15,11,6,2,11,14,3,5,1,4,0,0,2.25,3.25,3.3,2.28,3.22,3.59,,,,,,,,2022/2023
D1,2023-03-17,M'gladbach,Werder Bremen,2,2,D,21,6,9,3,9,12,6,5,1,1,0,0,1.8,4.0,4.2,1.83,4.02,4.39,,,,,,,,2022/2023
D1,2023-03-18,Hoffenheim,Hertha,3,1,H,15,11,7,5,10,11,8,9,0,3,1,0,2.05,3.5,3.5,2.13,3.62,3.54,,,,,,,,2022/2023
D1,2023-03-18,Augsburg,Schalke 04,1,1,D,9,13,3,5,11,14,9,6,4,4,1,0,2.3,3.4,3.1,2.38,3.45,3.14,,,,,,,,2022/2023
D1,2023-03-18,Stuttgart,Wolfsburg,0,1,A,12,9,2,3,10,8,3,8,1,0,0,0,2.38,3.4,2.9,2.46,3.47,3.0,,,,,,,,2022/2023
D1,2023-03-18,Dortmund,FC Koln,6,1,H,11,11,8,5,7,10,1,6,1,0,0,0,1.45,4.75,6.5,1.47,4.99,6.61,,,,,,,,2022/2023
D1,2023-03-18,Bochum,RB Leipzig,1,0,H,8,21,2,8,10,8,2,7,2,3,0,0,5.5,4.33,1.55,5.93,4.45,1.57,,,,,,,,2022/2023
D1,2023-03-19,Union Berlin,Ein Frankfurt,2,0,H,14,19,3,4,19,15,3,7,3,2,0,0,2.38,3.2,3.2,2.44,3.22,3.25,,,,,,,,2022/2023
D1,2023-03-19,Leverkusen,Bayern Munich,2,1,H,12,11,6,6,10,11,5,3,2,3,0,0,5.25,4.5,1.55,4.73,5.04,1.61,,,,,,,,2022/2023
D1,2023-03-19,Mainz,Freiburg,1,1,D,10,11,6,5,18,10,3,5,2,3,0,0,2.1,3.5,3.3,2.17,3.51,3.55,,,,,,,,2022/2023
D1,2023-03-31,Ein Frankfurt,Bochum,1,1,D,18,8,7,2,14,13,15,2,3,2,0,0,1.5,4.33,6.5,1.52,4.55,6.59,,,,,,,,2022/2023
D1,2023-04-01,Freiburg,Hertha,1,1,D,16,10,8,3,7,11,2,2,1,1,0,0,1.62,4.0,5.5,1.69,3.98,5.33,,,,,,,,2022/2023
D1,2023-04-01,RB Leipzig,Mainz,0,3,A,12,19,3,7,13,20,3,4,3,3,0,0,1.53,4.5,5.5,1.56,4.52,5.98,,,,,,,,2022/2023
D1,2023-04-01,Schalke 04,Leverkusen,0,3,A,12,18,3,10,20,13,7,5,2,1,0,0,3.8,3.75,1.91,4.1,3.73,1.93,,,,,,,,2022/2023
D1,2023-04-01,Union Berlin,Stuttgart,3,0,H,13,17,5,8,11,12,3,5,1,1,0,0,2.05,3.2,3.9,2.12,3.28,3.98,,,,,,,,2022/2023
D1,2023-04-01,Wolfsburg,Augsburg,2,2,D,23,5,5,2,9,15,4,7,3,2,0,0,1.62,4.0,5.5,1.63,4.31,5.36,,,,,,,,2022/2023
D1,2023-04-01,Bayern Munich,Dortmund,4,2,H,16,10,9,4,11,7,6,2,1,1,0,0,1.45,5.0,6.0,1.51,5.26,5.62,,,,,,,,2022/2023
D1,2023-04-02,FC Koln,M'gladbach,0,0,D,12,8,5,2,18,8,11,1,3,3,0,0,2.25,3.6,3.0,2.23,3.71,3.24,,,,,,,,2022/2023
D1,2023-04-02,Werder Bremen,Hoffenheim,1,2,A,12,8,5,2,11,16,1,6,3,4,0,0,2.3,3.5,3.0,2.37,3.74,2.95,,,,,,,,2022/2023
D1,2023-04-08,Freiburg,Bayern Munich,0,1,A,10,23,2,8,10,14,2,6,2,2,0,0,6.5,5.0,1.45,6.54,5.11,1.46,,,,,,,,2022/2023
D1,2023-04-08,Augsburg,FC Koln,1,3,A,13,11,1,5,5,11,6,1,3,4,0,0,2.8,3.4,2.55,2.88,3.51,2.53,,,,,,,,2022/2023
D1,2023-04-08,Dortmund,Union Berlin,2,1,H,14,7,6,2,8,11,8,0,5,2,0,0,1.6,4.0,5.75,1.61,4.11,6.07,,,,,,,,2022/2023
D1,2023-04-08,Mainz,Werder Bremen,2,2,D,16,9,10,4,11,22,1,2,1,5,0,0,1.7,4.0,4.75,1.74,4.1,4.73,,,,,,,,2022/2023
D1,2023-04-08,Hertha,RB Leipzig,0,1,A,11,18,1,6,12,13,4,4,4,3,0,0,5.5,4.0,1.62,5.48,4.23,1.63,,,,,,,,2022/2023
D1,2023-04-08,Leverkusen,Ein Frankfurt,3,1,H,13,9,8,3,9,13,2,5,1,5,0,0,1.8,4.0,4.0,1.85,4.08,4.1,,,,,,,,2022/2023
D1,2023-04-09,M'gladbach,Wolfsburg,2,0,H,13,9,6,2,12,11,5,8,0,1,0,0,2.38,3.6,2.88,2.43,3.72,2.88,,,,,,,,2022/2023
D1,2023-04-09,Bochum,Stuttgart,2,3,A,11,14,5,7,12,8,7,4,3,3,0,0,3.1,3.5,2.25,3.09,3.53,2.38,,,,,,,,2022/2023
D1,2023-04-09,Hoffenheim,Schalke 04,2,0,H,15,10,4,3,14,13,9,8,3,0,0,0,1.91,3.8,3.8,1.95,3.94,3.81,,,,,,,,2022/2023
D1,2023-04-14,Schalke 04,Hertha,5,2,H,14,11,7,5,12,19,7,8,2,3,0,0,2.25,3.3,3.2,2.38,3.31,3.28,,,,,,,,2022/2023
D1,2023-04-15,Bayern Munich,Hoffenheim,1,1,D,22,4,7,3,7,10,13,4,2,1,0,0,1.22,7.5,11.0,1.22,7.89,10.9,,,,,,,,2022/2023
D1,2023-04-15,FC Koln,Mainz,1,1,D,12,5,4,1,10,15,3,3,3,2,0,0,2.55,3.4,2.7,2.68,3.43,2.76,,,,,,,,2022/2023
D1,2023-04-15,RB Leipzig,Augsburg,3,2,H,13,14,6,3,8,11,3,5,2,3,0,0,1.25,6.5,10.0,1.26,6.63,10.84,,,,,,,,2022/2023
D1,2023-04-15,Stuttgart,Dortmund,3,3,D,12,15,5,6,7,14,5,7,5,3,1,0,3.5,3.8,1.95,3.53,3.96,2.03,,,,,,,,2022/2023
D1,2023-04-15,Ein Frankfurt,M'gladbach,1,1,D,16,4,5,2,16,5,10,2,1,2,0,0,1.73,4.2,4.33,1.77,4.25,4.37,,,,,,,,2022/2023
D1,2023-04-16,Werder Bremen,Freiburg,1,2,A,13,6,5,3,13,12,5,2,2,3,0,0,2.7,3.5,2.55,2.71,3.58,2.64,,,,,,,,2022/2023
D1,2023-04-16,Union Berlin,Bochum,1,1,D,10,14,2,8,10,7,5,7,2,1,1,0,1.6,3.8,6.0,1.62,3.94,6.28,,,,,,,,2022/2023
D1,2023-04-16,Wolfsburg,Leverkusen,0,0,D,11,13,3,4,10,17,2,6,0,5,0,0,2.75,3.6,2.4,2.82,3.78,2.45,,,,,,,,2022/2023
D1,2023-04-21,Augsburg,Stuttgart,1,1,D,4,6,1,3,17,12,1,3,5,3,0,0,3.2,3.6,2.15,3.39,3.76,2.17,,,,,,,,2022/2023
D1,2023-04-22,Bochum,Wolfsburg,1,5,A,23,15,6,7,11,8,10,3,3,3,0,0,3.0,3.5,2.3,3.07,3.65,2.34,,,,,,,,2022/2023
D1,2023-04-22,Dortmund,Ein Frankfurt,4,0,H,14,9,7,2,10,13,5,2,2,3,0,0,1.62,4.5,4.75,1.62,4.67,5.03,,,,,,,,2022/2023
D1,2023-04-22,Hertha,Werder Bremen,2,4,A,13,11,5,4,11,12,8,4,2,2,0,0,2.25,3.5,3.1,2.31,3.58,3.16,,,,,,,,2022/2023
D1,2023-04-22,Mainz,Bayern Munich,3,1,H,13,11,4,2,14,6,2,7,2,0,0,0,5.25,4.5,1.57,5.23,4.7,1.6,,,,,,,,2022/2023
D1,2023-04-22,Hoffenheim,FC Koln,1,3,A,11,14,4,7,11,11,2,5,1,2,0,0,2.2,3.5,3.2,2.21,3.69,3.28,,,,,,,,2022/2023
D1,2023-04-23,M'gladbach,Union Berlin,0,1,A,8,14,4,4,10,12,2,2,3,2,0,0,2.38,3.3,3.1,2.42,3.36,3.16,,,,,,,,2022/2023
D1,2023-04-23,Freiburg,Schalke 04,4,0,H,25,10,12,4,9,10,6,5,1,2,0,0,1.8,3.75,4.5,1.81,3.7,4.84,,,,,,,,2022/2023
D1,2023-04-23,Leverkusen,RB Leipzig,2,0,H,8,26,6,8,10,9,0,9,3,5,0,1,2.5,3.6,2.63,2.55,3.74,2.72,,,,,,,,2022/2023
D1,2023-04-28,Bochum,Dortmund,1,1,D,10,21,4,6,13,9,4,11,1,2,0,0,6.0,5.25,1.44,6.55,5.26,1.47,,,,,,,,2022/2023
D1,2023-04-29,RB Leipzig,Hoffenheim,1,0,H,16,5,2,2,9,14,7,1,0,2,0,0,1.44,5.0,6.5,1.44,5.2,6.89,,,,,,,,2022/2023
D1,2023-04-29,Ein Frankfurt,Augsburg,1,1,D,7,9,1,3,6,11,5,7,2,2,0,0,1.53,4.5,5.5,1.57,4.6,5.63,,,,,,,,2022/2023
D1,2023-04-29,FC Koln,Freiburg,0,1,A,21,12,8,6,15,7,9,6,1,1,0,0,2.4,3.25,3.0,2.48,3.39,3.03,,,,,,,,2022/2023
D1,2023-04-29,Schalke 04,Werder Bremen,2,1,H,21,11,10,1,9,17,11,3,4,3,0,0,2.25,3.5,3.1,2.28,3.65,3.18,,,,,,,,2022/2023
D1,2023-04-29,Stuttgart,M'gladbach,2,1,H,18,9,5,4,11,14,5,8,2,2,0,1,1.8,4.0,4.2,1.84,4.08,4.15,,,,,,,,2022/2023
D1,2023-04-29,Union Berlin,Leverkusen,0,0,D,7,8,1,2,9,8,6,4,1,1,0,0,2.8,3.4,2.45,2.91,3.39,2.58,,,,,,,,2022/2023
D1,2023-04-30,Bayern Munich,Hertha,2,0,H,25,2,9,1,5,8,18,1,2,0,0,0,1.11,10.0,19.0,1.12,10.61,20.33,,,,,,,,2022/2023
D1,2023-04-30,Wolfsburg,Mainz,3,0,H,10,10,4,2,6,10,3,5,1,3,0,0,2.2,3.5,3.1,2.35,3.48,3.17,,,,,,,,2022/2023
D1,2023-05-05,Leverkusen,FC Koln,1,2,A,14,7,4,5,8,13,9,2,1,6,0,0,1.67,4.0,5.0,1.7,4.14,4.99,,,,,,,,2022/2023
D1,2023-05-05,Mainz,Schalke 04,2,3,A,9,15,4,10,12,10,7,6,4,1,0,0,1.62,4.0,5.25,1.65,4.13,5.52,,,,,,,,2022/2023
D1,2023-05-06,Hertha,Stuttgart,2,1,H,7,16,3,4,9,19,3,5,4,1,0,0,3.1,3.5,2.25,3.16,3.59,2.31,,,,,,,,2022/2023
D1,2023-05-06,Augsburg,Union Berlin,1,0,H,11,12,3,4,10,14,3,7,2,2,0,0,3.4,3.25,2.2,3.49,3.27,2.29,,,,,,,,2022/2023
D1,2023-05-06,Freiburg,RB Leipzig,0,1,A,5,13,2,6,9,11,3,3,2,4,0,0,4.0,3.75,1.85,4.05,3.69,1.95,,,,,,,,2022/2023
D1,2023-05-06,M'gladbach,Bochum,2,0,H,25,14,9,3,7,13,11,3,2,1,0,0,1.85,3.8,4.0,1.93,4.0,3.86,,,,,,,,2022/2023
D1,2023-05-06,Werder Bremen,Bayern Munich,1,2,A,12,12,2,4,14,11,1,11,2,1,0,0,8.5,6.0,1.3,7.8,6.23,1.33,,,,,,,,2022/2023
D1,2023-05-06,Hoffenheim,Ein Frankfurt,3,1,H,8,19,5,6,17,14,1,11,2,4,1,0,2.3,3.6,2.9,2.37,3.69,2.99,,,,,,,,2022/2023
D1,2023-05-07,Dortmund,Wolfsburg,6,0,H,20,10,10,3,11,14,10,6,0,1,0,0,1.44,5.25,5.75,1.54,5.16,5.32,,,,,,,,2022/2023
D1,2023-05-12,FC Koln,Hertha,5,2,H,28,9,15,3,11,14,12,3,2,7,0,0,1.85,3.75,4.0,1.9,3.86,4.19,,,,,,,,2022/2023
D1,2023-05-13,Union Berlin,Freiburg,4,2,H,10,13,4,8,18,13,1,7,3,1,0,0,2.2,3.2,3.5,2.23,3.19,3.76,,,,,,,,2022/2023
D1,2023-05-13,Wolfsburg,Hoffenheim,2,1,H,8,10,3,2,17,12,3,7,2,2,0,0,1.91,3.75,3.8,1.93,4.02,3.8,,,,,,,,2022/2023
D1,2023-05-13,Bayern Munich,Schalke 04,6,0,H,23,8,14,0,10,10,4,3,0,3,0,0,1.13,10.0,17.0,1.14,10.41,17.11,,,,,,,,2022/2023
D1,2023-05-13,Bochum,Augsburg,3,2,H,15,12,8,2,13,16,7,7,3,2,0,0,2.1,3.6,3.3,2.19,3.61,3.39,,,,,,,,2022/2023
D1,2023-05-13,Ein Frankfurt,Mainz,3,0,H,17,10,7,4,4,10,5,1,1,3,0,0,2.1,3.6,3.3,2.13,3.73,3.45,,,,,,,,2022/2023
D1,2023-05-13,Dortmund,M'gladbach,5,2,H,33,13,13,8,10,12,10,4,0,2,0,0,1.25,6.5,10.0,1.26,7.21,9.54,,,,,,,,2022/2023
D1,2023-05-14,Stuttgart,Leverkusen,1,1,D,9,12,1,3,7,14,7,3,3,4,0,0,2.5,3.4,2.75,2.51,3.71,2.78,,,,,,,,2022/2023
D1,2023-05-14,RB Leipzig,Werder Bremen,2,1,H,20,6,7,2,12,20,3,2,2,5,0,0,1.25,6.5,10.0,1.26,6.76,10.27,,,,,,,,2022/2023
D1,2023-05-19,Freiburg,Wolfsburg,2,0,H,16,9,7,2,15,16,4,4,1,3,1,0,2.0,3.8,3.4,2.04,3.83,3.69,,,,,,,,2022/2023
D1,2023-05-20,Hertha,Bochum,1,1,D,14,17,4,6,7,10,9,5,1,1,0,0,2.2,3.6,3.1,2.26,3.81,3.1,,,,,,,,2022/2023
D1,2023-05-20,Hoffenheim,Union Berlin,4,2,H,10,20,5,4,15,15,1,5,4,5,0,0,2.5,3.4,2.8,2.56,3.54,2.82,,,,,,,,2022/2023
D1,2023-05-20,Schalke 04,Ein Frankfurt,2,2,D,11,6,4,3,11,16,8,3,3,4,0,0,3.0,3.6,2.25,2.97,3.86,2.31,,,,,,,,2022/2023
D1,2023-05-20,Werder Bremen,FC Koln,1,1,D,13,13,6,4,10,9,4,9,4,2,0,0,2.6,3.6,2.55,2.58,3.88,2.62,,,,,,,,2022/2023
D1,2023-05-20,Bayern Munich,RB Leipzig,1,3,A,17,16,4,8,8,11,7,2,1,1,0,0,1.5,5.0,5.5,1.52,5.17,5.49,,,,,,,,2022/2023
D1,2023-05-21,Augsburg,Dortmund,0,3,A,4,28,1,10,12,9,3,8,3,3,1,0,7.0,5.5,1.36,6.52,5.7,1.42,,,,,,,,2022/2023
D1,2023-05-21,Leverkusen,M'gladbach,2,2,D,13,9,6,5,12,15,2,3,3,3,1,0,1.45,5.25,5.75,1.49,5.24,5.97,,,,,,,,2022/2023
D1,2023-05-21,Mainz,Stuttgart,1,4,A,9,8,6,6,18,11,6,3,3,1,0,0,2.5,3.5,2.7,2.58,3.66,2.72,,,,,,,,2022/2023
D1,2023-05-27,Wolfsburg,Hertha,1,2,A,19,9,9,5,9,18,7,3,1,5,0,0,1.36,5.25,8.0,1.33,6.05,8.12,,,,,,,,2022/2023
D1,2023-05-27,Bochum,Leverkusen,3,0,H,10,11,5,2,12,12,2,5,5,5,0,1,3.25,4.0,2.0,3.31,4.22,2.02,,,,,,,,2022/2023
D1,2023-05-27,Ein Frankfurt,Freiburg,2,1,H,14,13,8,7,13,10,3,6,4,2,0,0,2.4,3.75,2.7,2.41,3.91,2.76,,,,,,,,2022/2023
D1,2023-05-27,Dortmund,Mainz,2,2,D,30,10,12,4,5,14,6,3,1,1,0,0,1.14,8.5,15.0,1.15,9.75,14.9,,,,,,,,2022/2023
D1,2023-05-27,Stuttgart,Hoffenheim,1,1,D,19,8,4,2,12,10,9,2,0,0,0,0,1.57,4.75,5.0,1.61,4.68,4.92,,,,,,,,2022/2023
D1,2023-05-27,RB Leipzig,Schalke 04,4,2,H,19,16,12,4,13,11,4,5,2,2,0,0,1.6,4.5,4.75,1.63,4.74,4.7,,,,,,,,2022/2023
D1,2023-05-27,Union Berlin,Werder Bremen,1,0,H,16,7,4,4,9,10,15,1,1,3,0,0,1.44,4.75,7.0,1.43,4.82,7.44,,,,,,,,2022/2023
D1,2023-05-27,FC Koln,Bayern Munich,1,2,A,9,11,3,3,11,8,7,3,3,0,0,0,7.5,6.0,1.3,7.82,6.29,1.32,,,,,,,,2022/2023
D1,2023-05-27,M'gladbach,Augsburg,2,0,H,17,9,7,3,5,19,4,4,0,1,0,1,2.2,3.8,3.0,2.19,3.83,3.16,,,,,,,,2022/2023
D1,2023-08-18,Werder Bremen,Bayern Munich,0,4,A,6,25,1,10,16,11,0,6,2,1,0,0,7.5,6.5,1.3,8.59,6.36,1.33,,,,,,,,2023/2024
D1,2023-08-19,Hoffenheim,Freiburg,1,2,A,24,17,5,8,9,9,4,2,0,1,0,0,2.3,3.6,2.9,2.43,3.67,2.92,,,,,,,,2023/2024
D1,2023-08-19,Leverkusen,RB Leipzig,3,2,H,11,13,7,6,13,10,4,5,1,2,0,0,2.45,3.6,2.75,2.5,3.61,2.85,,,,,,,,2023/2024
D1,2023-08-19,Augsburg,M'gladbach,4,4,D,20,9,8,6,9,14,8,7,1,2,0,0,2.7,3.6,2.45,2.74,3.78,2.51,,,,,,,,2023/2024
D1,2023-08-19,Wolfsburg,Heidenheim,2,0,H,18,13,8,1,10,9,1,7,3,0,0,0,1.6,4.2,5.25,1.62,4.49,5.24,,,,,,,,2023/2024
D1,2023-08-19,Dortmund,FC Koln,1,0,H,12,11,2,4,13,11,6,3,1,0,0,0,1.4,5.0,7.0,1.41,5.42,7.25,,,,,,,,2023/2024
D1,2023-08-19,Stuttgart,Bochum,5,0,H,19,4,9,1,5,12,7,0,1,1,0,0,1.65,4.33,4.5,1.7,4.25,4.78,,,,,,,,2023/2024
D1,2023-08-20,Union Berlin,Mainz,4,1,H,12,9,7,3,15,16,3,1,1,5,0,0,1.95,3.5,3.9,2.02,3.5,4.02,,,,,,,,2023/2024
D1,2023-08-20,Ein Frankfurt,Darmstadt,1,0,H,10,11,4,2,9,14,7,3,2,3,0,0,1.36,5.25,7.5,1.4,5.42,7.44,,,,,,,,2023/2024
D1,2023-08-25,RB Leipzig,Stuttgart,5,1,H,20,8,11,3,12,10,4,4,1,1,0,0,1.5,4.75,5.75,1.53,4.69,6.14,,,,,,,,2023/2024
D1,2023-08-26,Bochum,Dortmund,1,1,D,17,13,6,3,21,7,5,4,2,1,0,0,7.0,5.0,1.4,6.63,5.36,1.44,,,,,,,,2023/2024
D1,2023-08-26,Darmstadt,Union Berlin,1,4,A,18,12,6,6,15,12,3,5,2,2,0,1,4.0,3.3,1.95,3.94,3.42,2.08,,,,,,,,2023/2024
D1,2023-08-26,FC Koln,Wolfsburg,1,2,A,14,9,2,6,6,10,6,1,1,5,0,0,2.3,3.4,3.0,2.41,3.53,3.04,,,,,,,,2023/2024
D1,2023-08-26,Freiburg,Werder Bremen,1,0,H,23,16,6,2,9,8,5,5,2,2,0,0,1.7,3.75,4.75,1.72,4.15,4.76,,,,,,,,2023/2024
D1,2023-08-26,Heidenheim,Hoffenheim,2,3,A,19,16,9,6,13,9,10,6,1,5,0,0,3.0,3.6,2.25,2.96,3.81,2.34,,,,,,,,2023/2024
D1,2023-08-26,M'gladbach,Leverkusen,0,3,A,13,24,2,10,7,8,5,8,2,3,0,0,3.8,3.8,1.85,3.73,4.2,1.91,,,,,,,,2023/2024
D1,2023-08-27,Mainz,Ein Frankfurt,1,1,D,13,8,7,2,23,12,5,4,3,4,0,1,2.38,3.5,2.88,2.39,3.74,2.92,,,,,,,,2023/2024
D1,2023-08-27,Bayern Munich,Augsburg,3,1,H,19,11,6,2,13,8,10,4,1,2,0,0,1.08,12.0,19.0,1.09,14.24,22.48,,,,,,,,2023/2024
D1,2023-09-01,Dortmund,Heidenheim,2,2,D,20,15,9,6,9,22,3,6,3,3,0,0,1.25,7.0,9.5,1.26,7.07,10.23,,,,,,,,2023/2024
D1,2023-09-02,Leverkusen,Darmstadt,5,1,H,24,5,13,1,8,11,4,2,3,2,0,0,1.2,7.0,12.0,1.2,7.79,13.72,,,,,,,,2023/2024
D1,2023-09-02,Hoffenheim,Wolfsburg,3,1,H,11,14,5,7,12,15,3,3,2,2,0,0,2.5,3.6,2.63,2.48,3.86,2.73,,,,,,,,2023/2024
D1,2023-09-02,Augsburg,Bochum,2,2,D,11,22,3,9,15,13,3,5,2,2,0,0,2.0,3.75,3.75,2.09,3.67,3.61,,,,,,,,2023/2024
D1,2023-09-02,Stuttgart,Freiburg,5,0,H,13,11,6,5,9,10,2,4,1,1,0,0,2.2,3.5,3.2,2.18,3.79,3.28,,,,,,,,2023/2024
D1,2023-09-02,M'gladbach,Bayern Munich,1,2,A,8,25,3,9,5,20,1,15,0,2,0,0,8.5,5.75,1.3,7.93,6.61,1.31,,,,,,,,2023/2024
D1,2023-09-02,Werder Bremen,Mainz,4,0,H,12,12,6,3,18,14,1,7,2,2,0,0,2.63,3.5,2.55,2.76,3.55,2.61,,,,,,,,2023/2024
D1,2023-09-03,Ein Frankfurt,FC Koln,1,1,D,12,6,4,2,10,10,8,1,1,3,0,0,2.1,3.4,3.5,2.18,3.49,3.54,,,,,,,,2023/2024
D1,2023-09-03,Union Berlin,RB Leipzig,0,3,A,4,15,1,8,16,9,3,7,3,1,1,0,3.4,3.25,2.2,3.24,3.48,2.31,,,,,,,,2023/2024
D1,2023-09-15,Bayern Munich,Leverkusen,2,2,D,15,12,9,5,6,6,7,4,0,3,0,0,1.65,4.5,4.5,1.65,4.7,4.78,,,,,,,,2023/2024
D1,2023-09-16,Mainz,Stuttgart,1,3,A,15,16,3,6,12,9,6,4,1,2,0,0,2.63,3.4,2.7,2.57,3.71,2.71,,,,,,,,2023/2024
D1,2023-09-16,Freiburg,Dortmund,2,4,A,14,14,4,6,12,16,6,8,2,3,1,0,3.1,3.8,2.1,3.16,3.86,2.21,,,,,,,,2023/2024
D1,2023-09-16,FC Koln,Hoffenheim,1,3,A,17,17,7,5,15,14,13,4,4,4,1,0,2.25,3.6,3.1,2.26,3.87,3.06,,,,,,,,2023/2024
D1,2023-09-16,RB Leipzig,Augsburg,3,0,H,9,16,6,4,16,12,1,6,0,0,0,0,1.25,7.0,10.0,1.24,7.19,11.19,,,,,,,,2023/2024
D1,2023-09-16,Bochum,Ein Frankfurt,1,1,D,24,8,10,6,13,14,8,2,3,2,0,0,2.88,3.6,2.38,2.95,3.63,2.42,,,,,,,,2023/2024
D1,2023-09-16,Wolfsburg,Union Berlin,2,1,H,8,17,3,5,6,8,3,7,1,0,0,0,2.25,3.4,3.2,2.27,3.55,3.27,,,,,,,,2023/2024
D1,2023-09-17,Heidenheim,Werder Bremen,4,2,H,19,11,4,4,21,9,10,1,1,1,0,0,2.3,4.0,2.7,2.39,3.88,2.85,,,,,,,,2023/2024
D1,2023-09-17,Darmstadt,M'gladbach,3,3,D,15,21,8,10,12,8,6,6,1,1,1,0,2.9,3.5,2.38,3.01,3.74,2.34,,,,,,,,2023/2024
D1,2023-09-22,Stuttgart,Darmstadt,3,1,H,18,3,11,0,7,12,5,4,1,6,0,0,1.36,4.5,8.0,1.4,5.24,8.18,,,,,,,,2023/2024
D1,2023-09-23,M'gladbach,RB Leipzig,0,1,A,13,8,1,4,14,7,11,6,1,1,0,0,4.75,4.75,1.57,5.26,4.74,1.59,,,,,,,,2023/2024
D1,2023-09-23,Union Berlin,Hoffenheim,0,2,A,22,11,6,4,11,13,11,6,1,3,0,0,2.05,3.6,3.4,2.15,3.72,3.39,,,,,,,,2023/2024
D1,2023-09-23,Augsburg,Mainz,2,1,H,6,13,3,3,16,14,3,4,2,3,1,0,2.55,3.5,2.63,2.61,3.7,2.68,,,,,,,,2023/2024
D1,2023-09-23,Bayern Munich,Bochum,7,0,H,26,4,16,1,8,10,8,1,0,1,0,0,1.11,10.0,19.0,1.1,12.85,20.11,,,,,,,,2023/2024
D1,2023-09-23,Dortmund,Wolfsburg,1,0,H,18,8,4,2,9,14,5,3,0,1,0,0,1.65,4.0,4.75,1.71,4.47,4.48,,,,,,,,2023/2024
D1,2023-09-23,Werder Bremen,FC Koln,2,1,H,17,13,6,5,18,16,9,8,2,1,0,0,2.5,3.6,2.6,2.56,3.69,2.74,,,,,,,,2023/2024
D1,2023-09-24,Leverkusen,Heidenheim,4,1,H,20,1,10,1,9,10,7,2,1,1,0,0,1.22,6.5,12.0,1.23,7.35,11.42,,,,,,,,2023/2024
D1,2023-09-24,Ein Frankfurt,Freiburg,0,0,D,13,9,5,2,12,5,7,3,4,2,0,0,2.05,3.6,3.4,2.16,3.66,3.42,,,,,,,,2023/2024
D1,2023-09-29,Hoffenheim,Dortmund,1,3,A,15,6,5,5,14,16,4,3,3,4,0,1,3.1,4.0,2.05,3.15,4.16,2.12,,,,,,,,2023/2024
D1,2023-09-30,Bochum,M'gladbach,1,3,A,23,25,5,9,12,12,5,10,2,3,0,0,2.3,3.75,2.9,2.32,3.88,2.96,,,,,,,,2023/2024
D1,2023-09-30,FC Koln,Stuttgart,0,2,A,14,18,5,4,16,8,8,4,2,1,0,0,2.88,3.5,2.38,2.89,3.64,2.46,,,,,,,,2023/2024
D1,2023-09-30,Heidenheim,Union Berlin,1,0,H,9,19,4,8,11,14,5,7,1,2,0,0,3.0,3.6,2.25,3.05,3.72,2.32,,,,,,,,2023/2024
D1,2023-09-30,Mainz,Leverkusen,0,3,A,10,6,3,3,13,11,3,1,4,1,0,0,5.75,4.5,1.53,5.85,4.72,1.54,,,,,,,,2023/2024
D1,2023-09-30,Wolfsburg,Ein Frankfurt,2,0,H,19,7,7,3,11,18,7,4,1,6,0,1,2.05,3.5,3.5,2.11,3.53,3.68,,,,,,,,2023/2024
D1,2023-09-30,RB Leipzig,Bayern Munich,2,2,D,7,11,2,5,10,11,5,1,2,5,0,0,3.4,4.2,1.91,3.73,4.2,1.91,,,,,,,,2023/2024
D1,2023-10-01,Darmstadt,Werder Bremen,4,2,H,14,10,5,7,19,19,2,4,3,2,0,0,2.8,3.8,2.3,2.82,3.74,2.47,,,,,,,,2023/2024
D1,2023-10-01,Freiburg,Augsburg,2,0,H,7,13,3,4,13,17,2,3,2,2,0,0,1.73,4.0,4.75,1.73,4.19,4.68,,,,,,,,2023/2024
D1,2023-10-06,M'gladbach,Mainz,2,2,D,20,13,9,7,9,9,10,3,3,1,0,0,2.05,3.75,3.4,2.08,3.93,3.48,,,,,,,,2023/2024
D1,2023-10-07,Werder Bremen,Hoffenheim,2,3,A,13,11,3,4,15,6,4,4,5,4,0,0,2.75,3.75,2.4,2.75,3.92,2.44,,,,,,,,2023/2024
D1,2023-10-07,Augsburg,Darmstadt,1,2,A,17,17,3,5,13,12,4,4,4,2,0,0,1.85,3.75,4.0,1.92,3.9,3.98,,,,,,,,2023/2024
D1,2023-10-07,Stuttgart,Wolfsburg,3,1,H,13,12,7,5,13,14,5,6,1,3,0,0,2.0,3.5,3.75,2.01,3.8,3.73,,,,,,,,2023/2024
D1,2023-10-07,Dortmund,Union Berlin,4,2,H,12,12,7,6,7,15,4,6,1,1,0,0,1.57,4.33,5.25,1.61,4.51,5.28,,,,,,,,2023/2024
D1,2023-10-07,RB Leipzig,Bochum,0,0,D,18,9,5,2,10,13,9,1,2,4,0,0,1.25,6.0,11.0,1.25,6.87,10.85,,,,,,,,2023/2024
D1,2023-10-08,Ein Frankfurt,Heidenheim,2,0,H,12,7,6,2,14,10,3,6,2,3,0,0,1.7,4.0,4.75,1.74,4.12,4.7,,,,,,,,2023/2024
D1,2023-10-08,Leverkusen,FC Koln,3,0,H,21,7,10,3,9,7,11,4,3,0,0,0,1.33,5.5,8.0,1.34,5.68,9.07,,,,,,,,2023/2024
D1,2023-10-08,Bayern Munich,Freiburg,3,0,H,21,2,5,0,7,8,7,1,1,0,0,0,1.14,8.5,17.0,1.16,9.23,14.64,,,,,,,,2023/2024
D1,2023-10-20,Dortmund,Werder Bremen,1,0,H,22,6,5,1,5,10,10,4,1,5,0,0,1.29,6.5,8.0,1.3,6.69,8.63,,,,,,,,2023/2024
D1,2023-10-21,Hoffenheim,Ein Frankfurt,1,3,A,14,13,5,5,7,7,6,3,3,0,0,0,2.1,3.5,3.4,2.15,3.72,3.4,,,,,,,,2023/2024
D1,2023-10-21,Freiburg,Bochum,2,1,H,15,13,5,5,11,16,5,2,3,4,0,0,1.7,3.75,5.0,1.76,4.02,4.73,,,,,,,,2023/2024
D1,2023-10-21,Darmstadt,RB Leipzig,1,3,A,16,10,3,7,16,12,6,0,6,3,0,0,6.5,4.75,1.44,6.38,5.09,1.47,,,,,,,,2023/2024
D1,2023-10-21,Mainz,Bayern Munich,1,3,A,14,12,3,5,12,10,2,7,3,2,0,0,9.0,6.0,1.29,9.99,6.69,1.27,,,,,,,,2023/2024
D1,2023-10-21,Wolfsburg,Leverkusen,1,2,A,18,13,7,6,15,14,4,3,3,5,0,0,4.33,4.0,1.75,4.52,4.2,1.75,,,,,,,,2023/2024
D1,2023-10-21,Union Berlin,Stuttgart,0,3,A,10,10,2,5,12,12,4,2,2,1,0,0,2.5,3.5,2.7,2.56,3.58,2.79,,,,,,,,2023/2024
D1,2023-10-22,FC Koln,M'gladbach,3,1,H,21,5,8,2,13,10,8,3,0,2,0,1,2.4,3.6,2.88,2.37,3.77,2.93,,,,,,,,2023/2024
D1,2023-10-22,Heidenheim,Augsburg,2,5,A,16,9,5,6,11,11,6,5,3,2,0,0,2.45,3.5,2.8,2.42,3.69,2.91,,,,,,,,2023/2024
D1,2023-10-27,Bochum,Mainz,2,2,D,10,10,4,4,14,21,5,4,3,3,0,0,2.7,3.3,2.55,2.78,3.57,2.57,,,,,,,,2023/2024
D1,2023-10-28,Augsburg,Wolfsburg,3,2,H,9,13,5,6,19,14,5,5,6,4,1,0,2.9,3.5,2.38,2.91,3.67,2.4,,,,,,,,2023/2024
D1,2023-10-28,Bayern Munich,Darmstadt,8,0,H,28,10,16,4,15,13,7,1,1,2,1,2,1.06,12.0,26.0,1.07,16.22,27.11,,,,,,,,2023/2024
D1,2023-10-28,M'gladbach,Heidenheim,2,1,H,11,8,6,3,5,18,6,4,0,3,0,0,1.8,4.0,4.0,1.8,4.26,4.16,,,,,,,,2023/2024
D1,2023-10-28,Stuttgart,Hoffenheim,2,3,A,23,7,10,5,13,11,6,0,2,1,0,0,1.85,4.0,3.8,1.88,4.15,3.82,,,,,,,,2023/2024
D1,2023-10-28,Werder Bremen,Union Berlin,2,0,H,9,7,3,2,12,14,3,3,1,4,0,1,2.7,3.3,2.6,2.73,3.61,2.6,,,,,,,,2023/2024
D1,2023-10-28,RB Leipzig,FC Koln,6,0,H,24,6,13,1,8,13,11,1,2,4,0,1,1.44,4.75,7.0,1.44,5.05,7.18,,,,,,,,2023/2024
D1,2023-10-29,Ein Frankfurt,Dortmund,3,3,D,11,14,7,4,11,10,0,4,3,2,0,0,3.4,3.4,2.15,3.31,3.73,2.18,,,,,,,,2023/2024
D1,2023-10-29,Leverkusen,Freiburg,2,1,H,19,10,4,4,9,10,11,4,0,2,0,0,1.29,5.5,11.0,1.29,6.08,10.27,,,,,,,,2023/2024
D1,2023-11-03,Darmstadt,Bochum,1,2,A,15,9,4,4,7,16,11,2,2,5,1,0,2.3,3.75,2.88,2.41,3.61,2.98,,,,,,,,2023/2024
D1,2023-11-04,Freiburg,M'gladbach,3,3,D,15,10,8,5,7,10,8,2,2,2,0,0,2.1,3.8,3.2,2.08,4.0,3.31,,,,,,,,2023/2024
D1,2023-11-04,FC Koln,Augsburg,1,1,D,28,18,12,3,10,10,10,2,1,4,0,0,2.3,3.6,2.9,2.32,3.75,2.97,,,,,,,,2023/2024
D1,2023-11-04,Hoffenheim,Leverkusen,2,3,A,12,10,7,4,6,10,4,3,3,2,0,0,5.0,4.5,1.57,4.92,4.9,1.59,,,,,,,,2023/2024
D1,2023-11-04,Mainz,RB Leipzig,2,0,H,10,10,3,2,13,9,2,7,3,1,0,0,5.75,4.2,1.6,5.42,4.56,1.58,,,,,,,,2023/2024
D1,2023-11-04,Dortmund,Bayern Munich,0,4,A,15,14,1,8,14,6,3,2,3,2,0,0,4.0,4.33,1.75,3.77,4.42,1.84,,,,,,,,2023/2024
D1,2023-11-04,Union Berlin,Ein Frankfurt,0,3,A,10,4,3,3,13,8,9,1,0,1,0,0,2.55,3.1,2.9,2.57,3.21,3.01,,,,,,,,2023/2024
D1,2023-11-05,Wolfsburg,Werder Bremen,2,2,D,15,13,5,4,14,17,5,2,4,1,1,0,1.7,4.33,4.33,1.74,4.29,4.37,,,,,,,,2023/2024
D1,2023-11-05,Heidenheim,Stuttgart,2,0,H,19,14,2,2,7,13,9,6,2,2,0,0,4.5,4.33,1.65,4.59,4.39,1.69,,,,,,,,2023/2024
D1,2023-11-10,M'gladbach,Wolfsburg,4,0,H,16,12,8,4,7,12,8,5,1,3,0,0,2.3,3.8,2.7,2.41,3.75,2.89,,,,,,,,2023/2024
D1,2023-11-11,Augsburg,Hoffenheim,1,1,D,11,12,6,6,9,11,3,5,1,2,0,0,2.63,3.6,2.55,2.62,3.92,2.52,,,,,,,,2023/2024
D1,2023-11-11,Bayern Munich,Heidenheim,4,2,H,18,7,8,2,8,8,7,2,1,0,0,0,1.06,17.0,21.0,1.06,18.13,28.2,,,,,,,,2023/2024
D1,2023-11-11,Darmstadt,Mainz,0,0,D,9,9,3,0,20,15,0,5,3,3,0,0,3.1,3.5,2.25,3.04,3.72,2.3,,,,,,,,2023/2024
D1,2023-11-11,Stuttgart,Dortmund,2,1,H,22,5,10,1,13,16,6,1,2,3,0,0,2.55,3.75,2.55,2.61,3.85,2.56,,,,,,,,2023/2024
D1,2023-11-11,Bochum,FC Koln,1,1,D,25,10,9,6,14,19,3,3,4,1,0,0,2.45,3.4,2.88,2.46,3.7,2.81,,,,,,,,2023/2024
D1,2023-11-12,Leverkusen,Union Berlin,4,0,H,19,2,10,2,8,5,10,1,0,1,0,0,1.29,6.0,9.0,1.29,6.09,10.4,,,,,,,,2023/2024
D1,2023-11-12,Werder Bremen,Ein Frankfurt,2,2,D,14,14,5,3,3,10,3,7,1,3,0,0,3.1,3.4,2.3,3.01,3.6,2.36,,,,,,,,2023/2024
D1,2023-11-12,RB Leipzig,Freiburg,3,1,H,15,9,6,3,10,12,7,3,2,0,0,0,1.44,5.0,6.5,1.46,4.96,6.59,,,,,,,,2023/2024
D1,2023-11-24,FC Koln,Bayern Munich,0,1,A,6,19,2,5,6,4,3,12,0,1,0,0,9.0,7.0,1.25,10.64,6.78,1.25,,,,,,,,2023/2024
D1,2023-11-25,Dortmund,M'gladbach,4,2,H,20,10,13,3,11,11,5,4,1,2,0,0,1.45,5.5,5.25,1.48,5.38,5.62,,,,,,,,2023/2024
D1,2023-11-25,Freiburg,Darmstadt,1,1,D,16,7,3,1,15,15,11,2,2,0,0,0,1.55,4.33,5.75,1.57,4.42,5.65,,,,,,,,2023/2024
D1,2023-11-25,Union Berlin,Augsburg,1,1,D,16,11,6,2,10,15,3,4,2,2,0,0,1.95,3.6,3.8,2.01,3.65,3.79,,,,,,,,2023/2024
D1,2023-11-25,Werder Bremen,Leverkusen,0,3,A,2,13,1,4,15,4,1,6,3,1,0,0,6.5,5.0,1.45,6.3,5.25,1.45,,,,,,,,2023/2024
D1,2023-11-25,Wolfsburg,RB Leipzig,2,1,H,10,26,4,10,18,11,1,12,4,2,0,0,3.6,4.0,1.91,3.79,3.97,1.93,,,,,,,,2023/2024
D1,2023-11-25,Ein Frankfurt,Stuttgart,1,2,A,14,11,1,5,14,8,4,2,0,1,0,0,2.6,3.6,2.6,2.65,3.7,2.6,,,,,,,,2023/2024
D1,2023-11-26,Heidenheim,Bochum,0,0,D,9,9,3,2,14,7,6,5,4,3,0,0,2.2,3.6,3.1,2.23,3.81,3.09,,,,,,,,2023/2024
D1,2023-11-26,Hoffenheim,Mainz,1,1,D,15,15,6,6,9,14,4,5,4,4,0,0,1.85,3.8,3.8,1.85,4.08,4.01,,,,,,,,2023/2024
D1,2023-12-01,Darmstadt,FC Koln,0,1,A,11,11,1,6,12,12,1,6,1,3,0,0,2.63,3.4,2.6,2.66,3.54,2.71,,,,,,,,2023/2024
D1,2023-12-02,Bochum,Wolfsburg,3,1,H,19,15,9,6,14,13,6,6,6,2,0,0,2.63,3.6,2.55,2.67,3.6,2.62,,,,,,,,2023/2024
D1,2023-12-02,M'gladbach,Hoffenheim,2,1,H,9,17,3,5,12,14,6,3,2,2,0,0,2.2,4.0,2.88,2.26,4.13,2.87,,,,,,,,2023/2024
D1,2023-12-02,RB Leipzig,Heidenheim,2,1,H,23,7,8,1,13,16,5,3,2,2,0,0,1.25,7.0,9.0,1.24,7.2,10.19,,,,,,,,2023/2024
D1,2023-12-02,Stuttgart,Werder Bremen,2,0,H,17,11,6,3,7,9,6,7,1,0,0,0,1.4,5.25,6.5,1.4,5.24,7.66,,,,,,,,2023/2024
D1,2023-12-03,Mainz,Freiburg,0,1,A,19,13,6,5,16,11,14,3,1,1,0,0,2.3,3.4,3.1,2.29,3.56,3.16,,,,,,,,2023/2024
D1,2023-12-03,Leverkusen,Dortmund,1,1,D,22,6,6,2,12,12,16,1,3,2,0,0,1.62,4.5,4.75,1.68,4.46,4.59,,,,,,,,2023/2024
D1,2023-12-03,Augsburg,Ein Frankfurt,2,1,H,9,12,4,6,9,10,2,4,1,1,0,0,2.63,3.6,2.55,2.69,3.6,2.61,,,,,,,,2023/2024
D1,2023-12-08,Hoffenheim,Bochum,3,1,H,18,22,7,5,18,11,4,5,3,2,0,0,1.67,4.2,4.75,1.73,4.32,4.52,,,,,,,,2023/2024
D1,2023-12-09,Ein Frankfurt,Bayern Munich,5,1,H,14,17,6,6,8,7,1,9,1,2,0,0,9.0,5.5,1.3,8.96,6.05,1.31,,,,,,,,2023/2024
D1,2023-12-09,Heidenheim,Darmstadt,3,2,H,16,20,7,7,17,13,8,3,2,2,0,0,2.05,3.5,3.5,2.07,3.73,3.53,,,,,,,,2023/2024
D1,2023-12-09,Union Berlin,M'gladbach,3,1,H,16,13,6,4,9,8,6,7,1,3,0,0,2.1,3.5,3.4,2.18,3.68,3.29,,,,,,,,2023/2024
D1,2023-12-09,Werder Bremen,Augsburg,2,0,H,12,11,5,1,13,9,5,2,1,2,0,0,2.38,3.6,2.8,2.45,3.71,2.81,,,,,,,,2023/2024
D1,2023-12-09,Wolfsburg,Freiburg,0,1,A,10,4,3,1,11,16,5,3,1,4,0,0,2.25,3.5,3.1,2.29,3.78,3.0,,,,,,,,2023/2024
D1,2023-12-09,Dortmund,RB Leipzig,2,3,A,18,24,6,8,6,11,6,6,1,3,1,0,2.6,3.6,2.55,2.59,3.87,2.57,,,,,,,,2023/2024
D1,2023-12-10,Stuttgart,Leverkusen,1,1,D,22,20,12,6,8,7,8,8,1,1,0,0,2.9,3.6,2.3,2.84,3.82,2.38,,,,,,,,2023/2024
D1,2023-12-10,FC Koln,Mainz,0,0,D,7,13,3,5,10,10,1,7,2,4,0,0,2.3,3.5,3.0,2.48,3.44,2.95,,,,,,,,2023/2024
D1,2023-12-15,M'gladbach,Werder Bremen,2,2,D,15,10,4,5,10,12,4,3,4,2,0,0,2.0,4.0,3.3,2.01,4.02,3.54,,,,,,,,2023/2024
D1,2023-12-16,Augsburg,Dortmund,1,1,D,20,24,4,6,13,4,4,7,2,1,0,0,3.5,4.2,1.91,3.64,4.24,1.91,,,,,,,,2023/2024
D1,2023-12-16,Bochum,Union Berlin,3,0,H,21,10,7,2,12,13,6,4,2,2,0,0,2.7,3.4,2.6,2.68,3.48,2.68,,,,,,,,2023/2024
D1,2023-12-16,Darmstadt,Wolfsburg,0,1,A,14,11,4,3,16,10,7,7,2,0,0,1,3.1,3.6,2.2,3.29,3.61,2.21,,,,,,,,2023/2024
D1,2023-12-16,Mainz,Heidenheim,0,1,A,16,5,4,2,9,20,8,1,3,3,0,0,1.67,4.2,4.75,1.67,4.23,4.93,,,,,,,,2023/2024
D1,2023-12-16,RB Leipzig,Hoffenheim,3,1,H,23,10,11,4,11,9,9,2,3,2,0,0,1.45,5.0,6.0,1.45,5.3,6.22,,,,,,,,2023/2024
D1,2023-12-17,Freiburg,FC Koln,2,0,H,23,7,7,1,13,10,5,2,1,4,0,1,1.8,3.8,4.2,1.82,3.75,4.57,,,,,,,,2023/2024
D1,2023-12-17,Leverkusen,Ein Frankfurt,3,0,H,14,4,6,2,4,13,5,5,1,1,0,0,1.36,5.0,8.5,1.36,5.67,7.93,,,,,,,,2023/2024
D1,2023-12-17,Bayern Munich,Stuttgart,3,0,H,17,5,8,2,7,8,6,2,0,3,0,0,1.45,5.25,5.5,1.44,5.56,6.06,,,,,,,,2023/2024
D1,2023-12-19,Werder Bremen,RB Leipzig,1,1,D,11,18,3,9,15,9,1,4,4,2,0,0,5.0,4.5,1.57,5.13,4.76,1.6,,,,,,,,2023/2024
D1,2023-12-19,Dortmund,Mainz,1,1,D,21,11,8,6,11,14,6,1,0,4,0,0,1.55,4.75,5.25,1.57,4.84,5.33,,,,,,,,2023/2024
D1,2023-12-19,Hoffenheim,Darmstadt,3,3,D,13,14,4,3,9,15,8,3,2,4,0,0,1.44,5.0,6.5,1.45,5.14,6.78,,,,,,,,2023/2024
D1,2023-12-20,Union Berlin,FC Koln,2,0,H,12,15,8,7,10,7,4,5,0,0,0,0,1.95,3.6,3.8,1.95,3.59,4.09,,,,,,,,2023/2024
D1,2023-12-20,Ein Frankfurt,M'gladbach,2,1,H,15,7,7,2,11,14,8,2,1,6,0,1,1.83,4.0,3.8,1.88,3.98,4.0,,,,,,,,2023/2024
D1,2023-12-20,Heidenheim,Freiburg,3,2,H,14,10,3,4,20,12,7,4,3,4,0,0,2.8,3.6,2.38,2.9,3.58,2.44,,,,,,,,2023/2024
D1,2023-12-20,Leverkusen,Bochum,4,0,H,15,6,8,1,7,12,4,3,0,2,0,0,1.17,8.0,15.0,1.18,8.42,13.23,,,,,,,,2023/2024
D1,2023-12-20,Stuttgart,Augsburg,3,0,H,17,6,7,5,8,14,4,4,0,4,0,0,1.36,5.25,7.5,1.37,5.46,7.98,,,,,,,,2023/2024
D1,2023-12-20,Wolfsburg,Bayern Munich,1,2,A,5,20,4,7,14,12,0,6,4,2,0,0,6.5,5.75,1.36,7.64,5.7,1.37,,,,,,,,2023/2024
D1,2024-01-12,Bayern Munich,Hoffenheim,3,0,H,27,12,12,4,8,6,11,2,1,3,0,1,1.14,9.0,12.0,1.15,9.94,16.13,,,,,,,,2023/2024
D1,2024-01-13,Augsburg,Leverkusen,0,1,A,2,25,0,6,11,4,0,12,3,1,0,0,5.25,4.75,1.5,5.74,4.65,1.54,,,,,,,,2023/2024
D1,2024-01-13,FC Koln,Heidenheim,1,1,D,13,10,6,2,12,11,9,6,2,1,0,0,2.05,3.6,3.4,2.1,3.67,3.51,,,,,,,,2023/2024
D1,2024-01-13,Freiburg,Union Berlin,0,0,D,14,8,4,4,7,9,4,3,0,2,0,0,2.05,3.6,3.5,2.1,3.62,3.54,,,,,,,,2023/2024
D1,2024-01-13,Mainz,Wolfsburg,1,1,D,12,9,4,4,21,16,7,3,3,4,0,0,2.2,3.4,3.25,2.25,3.47,3.33,,,,,,,,2023/2024
D1,2024-01-13,RB Leipzig,Ein Frankfurt,0,1,A,26,5,7,1,7,16,15,4,0,2,0,0,1.45,4.5,7.5,1.45,4.99,6.78,,,,,,,,2023/2024
D1,2024-01-13,Darmstadt,Dortmund,0,3,A,10,17,2,8,10,13,3,4,1,3,0,0,5.25,4.5,1.53,5.5,4.91,1.53,,,,,,,,2023/2024
D1,2024-01-14,Bochum,Werder Bremen,1,1,D,13,15,4,4,14,14,3,4,6,5,0,0,2.15,3.6,3.1,2.21,3.78,3.16,,,,,,,,2023/2024
D1,2024-01-14,M'gladbach,Stuttgart,3,1,H,8,14,4,2,7,11,0,3,3,3,0,0,3.5,4.0,1.91,3.67,4.14,1.92,,,,,,,,2023/2024
D1,2024-01-20,Bochum,Stuttgart,1,0,H,6,17,1,4,16,16,1,7,5,3,0,0,3.6,3.8,1.95,3.66,3.9,1.98,,,,,,,,2023/2024
D1,2024-01-20,Darmstadt,Ein Frankfurt,2,2,D,13,7,3,4,11,7,4,1,1,1,0,0,3.8,3.75,1.91,3.91,3.71,1.96,,,,,,,,2023/2024
D1,2024-01-20,FC Koln,Dortmund,0,4,A,16,11,5,7,16,7,13,4,2,2,0,0,4.5,4.0,1.73,4.27,4.29,1.76,,,,,,,,2023/2024
D1,2024-01-20,Freiburg,Hoffenheim,3,2,H,16,16,8,4,18,10,2,2,3,3,1,0,2.0,3.8,3.4,2.07,3.83,3.44,,,,,,,,2023/2024
D1,2024-01-20,Heidenheim,Wolfsburg,1,1,D,12,12,3,3,11,10,4,2,0,1,0,0,2.7,3.5,2.55,2.78,3.5,2.58,,,,,,,,2023/2024
D1,2024-01-20,RB Leipzig,Leverkusen,2,3,A,11,18,6,5,11,11,1,9,2,3,0,0,2.4,3.8,2.7,2.44,3.78,2.79,,,,,,,,2023/2024
D1,2024-01-21,Bayern Munich,Werder Bremen,0,1,A,21,8,6,3,12,7,10,2,2,1,0,0,1.09,11.0,21.0,1.08,11.78,20.98,,,,,,,,2023/2024
D1,2024-01-21,M'gladbach,Augsburg,1,2,A,18,15,4,7,10,20,5,7,1,2,0,0,1.91,3.8,3.8,1.91,3.98,3.61,,,,,,,,2023/2024
D1,2024-01-24,Bayern Munich,Union Berlin,1,0,H,24,4,10,1,5,9,12,1,2,4,0,0,1.18,7.0,17.0,1.15,8.7,17.25,,,,,,,,2023/2024
D1,2024-01-26,Ein Frankfurt,Mainz,1,0,H,13,7,4,0,10,12,2,1,2,1,0,0,2.15,3.4,3.5,2.17,3.44,3.54,,,,,,,,2023/2024
D1,2024-01-27,Augsburg,Bayern Munich,2,3,A,14,13,7,4,12,11,4,5,2,6,0,0,8.5,5.75,1.3,8.77,5.99,1.31,,,,,,,,2023/2024
D1,2024-01-27,Hoffenheim,Heidenheim,1,1,D,20,15,8,3,11,13,9,5,4,0,0,0,1.67,4.5,4.33,1.7,4.28,4.64,,,,,,,,2023/2024
D1,2024-01-27,Stuttgart,RB Leipzig,5,2,H,19,4,11,2,9,11,9,3,1,4,0,0,2.63,3.8,2.4,2.75,3.82,2.45,,,,,,,,2023/2024
D1,2024-01-27,Werder Bremen,Freiburg,3,1,H,14,7,4,4,14,10,5,5,2,1,0,0,2.4,3.5,2.88,2.45,3.52,2.94,,,,,,,,2023/2024
D1,2024-01-27,Wolfsburg,FC Koln,1,1,D,12,6,5,2,17,12,6,3,5,3,0,0,1.83,3.75,4.2,1.83,3.83,4.41,,,,,,,,2023/2024
D1,2024-01-27,Leverkusen,M'gladbach,0,0,D,28,4,8,3,15,6,8,2,3,1,0,0,1.29,5.5,10.0,1.27,6.56,9.6,,,,,,,,2023/2024
D1,2024-01-28,Union Berlin,Darmstadt,1,0,H,19,15,6,1,13,9,4,3,3,2,0,0,1.62,3.8,5.75,1.64,3.92,5.85,,,,,,,,2023/2024
D1,2024-01-28,Dortmund,Bochum,3,1,H,15,10,6,4,10,16,8,4,1,3,0,0,1.36,5.5,7.5,1.38,5.7,7.32,,,,,,,,2023/2024
D1,2024-02-02,Heidenheim,Dortmund,0,0,D,11,13,0,5,7,7,4,6,0,2,0,0,3.75,4.5,1.8,3.99,4.34,1.82,,,,,,,,2023/2024
D1,2024-02-03,Bayern Munich,M'gladbach,3,1,H,21,11,6,4,11,9,6,5,0,1,0,0,1.14,9.5,13.0,1.15,9.2,16.53,,,,,,,,2023/2024
D1,2024-02-03,Bochum,Augsburg,1,1,D,9,12,4,6,17,14,3,5,3,1,0,0,2.15,3.4,3.4,2.21,3.65,3.25,,,,,,,,2023/2024
D1,2024-02-03,Darmstadt,Leverkusen,0,2,A,8,18,6,7,14,8,4,3,2,2,0,0,9.5,6.5,1.25,9.27,6.36,1.28,,,,,,,,2023/2024
D1,2024-02-03,Freiburg,Stuttgart,1,3,A,7,17,4,9,10,7,1,6,4,2,1,0,3.1,3.6,2.2,3.15,3.79,2.21,,,,,,,,2023/2024
D1,2024-02-03,Mainz,Werder Bremen,0,1,A,20,6,5,1,22,16,11,1,4,3,0,0,2.1,3.5,3.5,2.12,3.52,3.59,,,,,,,,2023/2024
D1,2024-02-03,FC Koln,Ein Frankfurt,2,0,H,14,11,4,4,8,13,7,7,1,4,0,2,3.25,3.4,2.2,3.31,3.47,2.26,,,,,,,,2023/2024
D1,2024-02-04,Wolfsburg,Hoffenheim,2,2,D,14,17,8,7,12,16,7,2,2,3,0,0,2.1,3.75,3.2,2.14,3.83,3.28,,,,,,,,2023/2024
D1,2024-02-04,RB Leipzig,Union Berlin,2,0,H,16,10,6,2,13,11,5,4,1,2,0,1,1.4,5.0,7.5,1.4,4.98,7.93,,,,,,,,2023/2024
D1,2024-02-07,Mainz,Union Berlin,1,1,D,16,15,7,4,14,15,8,3,2,4,0,0,2.15,3.3,3.5,2.22,3.29,3.58,,,,,,,,2023/2024
D1,2024-02-09,Dortmund,Freiburg,3,0,H,17,6,8,3,13,7,5,3,2,0,0,0,1.45,4.75,6.5,1.47,5.13,6.36,,,,,,,,2023/2024
D1,2024-02-10,M'gladbach,Darmstadt,0,0,D,22,10,8,1,11,15,7,2,0,5,0,0,1.6,4.5,5.0,1.61,4.33,5.44,,,,,,,,2023/2024
D1,2024-02-10,Ein Frankfurt,Bochum,1,1,D,8,14,2,5,6,12,8,3,2,2,0,0,1.73,3.8,4.75,1.76,3.82,4.86,,,,,,,,2023/2024
D1,2024-02-10,Augsburg,RB Leipzig,2,2,D,11,9,4,6,15,10,1,3,5,1,0,0,4.0,4.2,1.75,4.19,4.26,1.78,,,,,,,,2023/2024
D1,2024-02-10,Leverkusen,Bayern Munich,3,0,H,14,8,8,1,13,13,4,6,3,2,0,0,2.63,3.8,2.4,2.68,3.9,2.47,,,,,,,,2023/2024
D1,2024-02-10,Werder Bremen,Heidenheim,1,2,A,14,10,3,3,10,13,5,10,1,2,0,0,1.8,3.8,4.33,1.86,3.79,4.25,,,,,,,,2023/2024
D1,2024-02-10,Union Berlin,Wolfsburg,1,0,H,7,15,2,5,12,9,6,10,1,2,0,0,2.25,3.4,3.2,2.35,3.37,3.22,,,,,,,,2023/2024
D1,2024-02-11,Stuttgart,Mainz,3,1,H,10,16,7,6,7,9,4,5,1,1,0,0,1.44,4.5,7.5,1.44,4.77,7.45,,,,,,,,2023/2024
D1,2024-02-11,Hoffenheim,FC Koln,1,1,D,10,5,4,1,12,13,10,3,3,4,0,0,1.8,3.8,4.33,1.86,3.9,4.12,,,,,,,,2023/2024
D1,2024-02-16,FC Koln,Werder Bremen,0,1,A,10,13,2,4,16,11,5,3,4,4,0,0,2.4,3.4,2.88,2.57,3.38,2.92,,,,,,,,2023/2024
D1,2024-02-17,Heidenheim,Leverkusen,1,2,A,6,17,3,4,15,5,4,5,2,1,0,0,8.0,5.75,1.33,8.03,5.8,1.35,,,,,,,,2023/2024
D1,2024-02-17,Hoffenheim,Union Berlin,0,1,A,16,10,4,3,10,7,6,2,3,4,1,1,2.0,3.6,3.6,2.06,3.71,3.58,,,,,,,,2023/2024
D1,2024-02-17,Darmstadt,Stuttgart,1,2,A,21,13,9,4,15,14,5,3,4,5,0,1,6.5,4.75,1.44,6.88,4.89,1.45,,,,,,,,2023/2024
D1,2024-02-17,Wolfsburg,Dortmund,1,1,D,9,12,4,5,18,5,5,3,3,1,0,0,3.2,3.8,2.1,3.32,3.79,2.13,,,,,,,,2023/2024
D1,2024-02-17,RB Leipzig,M'gladbach,2,0,H,16,13,9,0,12,13,8,4,1,5,0,0,1.36,5.5,7.0,1.38,5.63,7.27,,,,,,,,2023/2024
D1,2024-02-17,Mainz,Augsburg,1,0,H,19,10,4,4,8,16,7,7,3,2,0,1,2.0,3.5,3.8,2.03,3.66,3.72,,,,,,,,2023/2024
D1,2024-02-18,Freiburg,Ein Frankfurt,3,3,D,13,10,8,6,8,10,6,1,0,0,0,0,2.3,3.4,3.1,2.33,3.38,3.24,,,,,,,,2023/2024
D1,2024-02-18,Bochum,Bayern Munich,3,2,H,14,26,5,10,12,10,4,9,2,4,0,1,8.0,5.75,1.33,8.13,5.93,1.34,,,,,,,,2023/2024
D1,2024-02-23,Leverkusen,Mainz,2,1,H,18,13,7,4,14,16,11,2,3,5,0,1,1.22,6.5,13.0,1.26,6.53,12.14,,,,,,,,2023/2024
D1,2024-02-24,Stuttgart,FC Koln,1,1,D,13,12,5,6,11,13,9,4,1,0,0,0,1.3,5.25,10.0,1.32,5.75,9.52,,,,,,,,2023/2024
D1,2024-02-24,Werder Bremen,Darmstadt,1,1,D,13,11,4,3,10,13,4,6,3,4,0,0,1.65,4.2,5.0,1.69,3.94,5.22,,,,,,,,2023/2024
D1,2024-02-24,M'gladbach,Bochum,5,2,H,22,15,6,5,13,13,5,6,2,4,0,0,2.0,3.8,3.5,2.02,3.77,3.65,,,,,,,,2023/2024
D1,2024-02-24,Bayern Munich,RB Leipzig,2,1,H,16,11,4,5,11,10,6,4,3,3,0,0,1.67,4.33,4.5,1.7,4.4,4.53,,,,,,,,2023/2024
D1,2024-02-24,Union Berlin,Heidenheim,2,2,D,12,9,3,4,9,12,4,2,2,1,0,0,2.0,3.5,3.75,2.04,3.49,3.89,,,,,,,,2023/2024
D1,2024-02-25,Ein Frankfurt,Wolfsburg,2,2,D,12,14,5,8,9,7,5,3,2,1,0,0,2.25,3.4,3.2,2.29,3.48,3.24,,,,,,,,2023/2024
D1,2024-02-25,Dortmund,Hoffenheim,2,3,A,19,7,7,5,7,10,10,3,2,3,0,0,1.5,5.0,5.5,1.51,5.16,5.52,,,,,,,,2023/2024
D1,2024-02-25,Augsburg,Freiburg,2,1,H,21,5,8,1,16,11,10,2,3,1,0,0,2.2,3.6,3.1,2.28,3.66,3.11,,,,,,,,2023/2024
D1,2024-03-01,Freiburg,Bayern Munich,2,2,D,17,21,5,9,11,7,3,6,1,2,0,0,5.75,4.75,1.5,6.11,4.86,1.51,,,,,,,,2023/2024
D1,2024-03-02,Heidenheim,Ein Frankfurt,1,2,A,16,11,3,6,6,10,7,3,1,4,0,0,2.8,3.3,2.5,2.84,3.39,2.59,,,,,,,,2023/2024
D1,2024-03-02,Bochum,RB Leipzig,1,4,A,15,10,4,4,13,10,2,5,3,2,1,0,5.0,4.2,1.62,4.76,4.44,1.66,,,,,,,,2023/2024
D1,2024-03-02,Darmstadt,Augsburg,0,6,A,10,21,5,6,4,12,3,6,2,0,0,0,2.9,3.3,2.4,2.93,3.47,2.48,,,,,,,,2023/2024
D1,2024-03-02,Wolfsburg,Stuttgart,2,3,A,12,7,2,3,20,12,5,4,3,2,0,0,3.3,3.5,2.15,3.34,3.56,2.2,,,,,,,,2023/2024
D1,2024-03-02,Mainz,M'gladbach,1,1,D,21,14,5,5,12,15,12,6,5,1,1,0,1.91,3.75,3.75,1.98,3.81,3.73,,,,,,,,2023/2024
D1,2024-03-02,Union Berlin,Dortmund,0,2,A,13,12,5,7,11,8,8,7,2,1,0,0,3.4,3.6,2.05,3.44,3.62,2.14,,,,,,,,2023/2024
D1,2024-03-03,FC Koln,Leverkusen,0,2,A,6,17,0,6,10,9,1,9,2,2,1,0,9.0,4.75,1.36,8.08,5.15,1.39,,,,,,,,2023/2024
D1,2024-03-03,Hoffenheim,Werder Bremen,2,1,H,14,18,7,8,11,10,3,3,5,1,1,0,1.91,4.0,3.6,1.97,3.87,3.72,,,,,,,,2023/2024
D1,2024-03-08,Stuttgart,Union Berlin,2,0,H,14,10,5,4,7,14,4,3,1,2,0,1,1.45,4.5,7.0,1.48,4.62,7.08,,,,,,,,2023/2024
D1,2024-03-09,Augsburg,Heidenheim,1,0,H,8,6,4,1,14,20,5,2,1,3,0,0,1.85,4.2,3.5,1.88,3.89,4.07,,,,,,,,2023/2024
D1,2024-03-09,Bayern Munich,Mainz,8,1,H,25,13,12,3,8,7,6,7,1,1,0,0,1.25,7.0,10.0,1.23,6.97,11.21,,,,,,,,2023/2024
D1,2024-03-09,M'gladbach,FC Koln,3,3,D,16,12,5,5,15,15,8,3,3,4,0,0,1.83,4.0,4.0,1.85,3.77,4.32,,,,,,,,2023/2024
D1,2024-03-09,RB Leipzig,Darmstadt,2,0,H,28,9,8,4,3,14,8,4,0,3,0,0,1.14,8.5,15.0,1.15,8.79,16.82,,,,,,,,2023/2024
D1,2024-03-09,Werder Bremen,Dortmund,1,2,A,15,13,5,6,6,8,10,4,1,2,0,1,3.5,4.33,1.85,3.87,4.06,1.88,,,,,,,,2023/2024
D1,2024-03-10,Bochum,Freiburg,1,2,A,18,9,6,5,11,11,12,5,3,7,0,0,2.2,3.75,3.0,2.27,3.65,3.13,,,,,,,,2023/2024
D1,2024-03-10,Ein Frankfurt,Hoffenheim,3,1,H,17,6,7,2,11,10,5,1,2,3,0,2,2.0,4.0,3.3,2.06,3.9,3.43,,,,,,,,2023/2024
D1,2024-03-10,Leverkusen,Wolfsburg,2,0,H,19,2,7,1,6,7,9,2,1,3,0,1,1.33,5.75,8.5,1.32,5.89,9.05,,,,,,,,2023/2024
D1,2024-03-15,FC Koln,RB Leipzig,1,5,A,9,23,2,7,11,12,3,6,2,2,0,0,6.5,4.75,1.45,6.61,4.86,1.48,,,,,,,,2023/2024
D1,2024-03-16,Darmstadt,Bayern Munich,2,5,A,7,26,3,6,9,6,2,9,1,0,0,0,17.0,8.0,1.14,17.12,9.56,1.14,,,,,,,,2023/2024
D1,2024-03-16,Heidenheim,M'gladbach,1,1,D,16,6,5,2,16,8,10,4,1,3,0,0,2.45,3.6,2.7,2.49,3.63,2.8,,,,,,,,2023/2024
D1,2024-03-16,Mainz,Bochum,2,0,H,13,11,4,4,15,15,7,6,4,3,0,0,1.8,3.8,4.33,1.79,3.88,4.58,,,,,,,,2023/2024
D1,2024-03-16,Union Berlin,Werder Bremen,2,1,H,11,10,5,2,16,16,4,3,3,5,0,0,2.05,3.4,3.8,2.02,3.64,3.79,,,,,,,,2023/2024
D1,2024-03-16,Wolfsburg,Augsburg,1,3,A,15,14,4,5,12,19,8,6,1,3,1,0,2.05,3.5,3.5,2.12,3.65,3.46,,,,,,,,2023/2024
D1,2024-03-16,Hoffenheim,Stuttgart,0,3,A,8,25,1,12,8,12,5,6,1,0,0,0,3.8,4.0,1.83,3.77,4.23,1.88,,,,,,,,2023/2024
D1,2024-03-17,Freiburg,Leverkusen,2,3,A,9,18,3,7,13,6,2,8,1,0,0,0,6.0,4.33,1.53,5.92,4.39,1.56,,,,,,,,2023/2024
D1,2024-03-17,Dortmund,Ein Frankfurt,3,1,H,16,8,6,6,5,9,8,3,1,2,0,0,1.62,4.2,5.0,1.63,4.47,5.01,,,,,,,,2023/2024
D1,2024-03-30,Ein Frankfurt,Union Berlin,0,0,D,18,10,4,2,8,14,6,2,3,1,0,0,2.0,3.5,3.8,2.07,3.41,3.88,,,,,,,,2023/2024
D1,2024-03-30,Leverkusen,Hoffenheim,2,1,H,36,6,12,2,9,8,9,2,0,1,0,0,1.2,7.5,12.0,1.21,7.55,11.72,,,,,,,,2023/2024
D1,2024-03-30,M'gladbach,Freiburg,0,3,A,18,13,4,8,11,7,14,1,1,0,0,0,2.2,3.6,3.2,2.21,3.72,3.19,,,,,,,,2023/2024
D1,2024-03-30,RB Leipzig,Mainz,0,0,D,23,8,10,2,10,15,12,2,2,5,0,0,1.4,5.25,7.5,1.39,5.34,7.66,,,,,,,,2023/2024
D1,2024-03-30,Werder Bremen,Wolfsburg,0,2,A,6,15,1,5,13,15,3,6,4,4,1,1,2.88,3.5,2.4,2.88,3.61,2.44,,,,,,,,2023/2024
D1,2024-03-30,Bayern Munich,Dortmund,0,2,A,16,11,3,5,7,7,7,4,0,0,0,0,1.4,5.75,6.0,1.39,5.92,6.7,,,,,,,,2023/2024
D1,2024-03-31,Augsburg,FC Koln,1,1,D,24,12,6,2,9,13,12,6,0,3,0,0,1.75,4.0,4.5,1.81,3.84,4.51,,,,,,,,2023/2024
D1,2024-03-31,Stuttgart,Heidenheim,3,3,D,20,6,6,3,5,9,6,7,1,0,0,1,1.25,6.0,10.0,1.26,6.51,10.08,,,,,,,,2023/2024
D1,2024-03-31,Bochum,Darmstadt,2,2,D,20,13,7,3,7,15,6,5,2,2,0,0,1.62,4.0,5.25,1.63,4.3,5.25,,,,,,,,2023/2024
D1,2024-04-05,Ein Frankfurt,Werder Bremen,1,1,D,19,10,5,7,10,14,9,0,3,2,1,1,1.75,3.8,4.5,1.78,4.02,4.56,,,,,,,,2023/2024
D1,2024-04-06,FC Koln,Bochum,2,1,H,17,8,6,2,16,13,9,4,3,3,0,0,2.25,3.5,3.1,2.33,3.63,3.05,,,,,,,,2023/2024
D1,2024-04-06,Freiburg,RB Leipzig,1,4,A,15,15,4,6,7,12,8,4,3,4,0,0,4.75,4.33,1.65,4.79,4.31,1.68,,,,,,,,2023/2024
D1,2024-04-06,Heidenheim,Bayern Munich,3,2,H,9,15,4,8,9,8,3,3,2,0,0,0,6.5,6.0,1.36,7.05,6.07,1.37,,,,,,,,2023/2024
D1,2024-04-06,Mainz,Darmstadt,4,0,H,18,14,9,2,16,9,5,1,2,3,0,0,1.4,5.0,7.5,1.41,4.97,7.93,,,,,,,,2023/2024
D1,2024-04-06,Union Berlin,Leverkusen,0,1,A,8,19,1,8,10,14,7,10,3,2,1,0,5.75,4.33,1.55,6.19,4.31,1.55,,,,,,,,2023/2024
D1,2024-04-06,Dortmund,Stuttgart,0,1,A,14,10,7,2,8,8,8,3,2,4,0,0,2.25,4.0,2.8,2.31,3.95,2.88,,,,,,,,2023/2024
D1,2024-04-07,Hoffenheim,Augsburg,3,1,H,17,14,6,7,8,14,11,6,3,1,0,0,2.2,4.0,2.9,2.29,3.94,2.92,,,,,,,,2023/2024
D1,2024-04-07,Wolfsburg,M'gladbach,1,3,A,13,10,4,6,9,12,4,4,2,2,0,0,1.85,4.0,3.8,1.9,3.89,3.97,,,,,,,,2023/2024
D1,2024-04-12,Augsburg,Union Berlin,2,0,H,12,17,4,4,15,14,5,4,1,1,0,0,2.1,3.4,3.4,2.15,3.52,3.59,,,,,,,,2023/2024
D1,2024-04-13,Bayern Munich,FC Koln,2,0,H,17,11,7,5,3,15,5,5,0,3,0,0,1.22,7.5,11.0,1.18,8.25,13.01,,,,,,,,2023/2024
D1,2024-04-13,Bochum,Heidenheim,1,1,D,24,10,5,3,12,22,6,2,4,1,0,0,2.05,3.75,3.3,2.1,3.71,3.47,,,,,,,,2023/2024
D1,2024-04-13,Mainz,Hoffenheim,4,1,H,23,5,8,1,12,14,9,3,0,2,0,0,1.95,4.0,3.4,2.0,3.91,3.58,,,,,,,,2023/2024
D1,2024-04-13,M'gladbach,Dortmund,1,2,A,16,12,5,4,13,11,2,4,1,4,0,1,3.25,4.0,2.0,3.29,4.24,2.02,,,,,,,,2023/2024
D1,2024-04-13,RB Leipzig,Wolfsburg,3,0,H,15,10,6,3,12,7,6,4,2,4,0,0,1.36,5.0,8.0,1.36,5.66,7.8,,,,,,,,2023/2024
D1,2024-04-13,Stuttgart,Ein Frankfurt,3,0,H,9,10,6,3,4,15,4,5,1,3,0,0,1.53,4.5,5.5,1.51,4.76,6.01,,,,,,,,2023/2024
D1,2024-04-14,Darmstadt,Freiburg,0,1,A,16,9,4,3,6,12,2,2,0,1,0,0,4.0,3.8,1.83,3.98,3.98,1.88,,,,,,,,2023/2024
D1,2024-04-14,Leverkusen,Werder Bremen,5,0,H,19,7,10,3,10,4,7,0,2,1,0,0,1.2,7.0,13.0,1.2,7.49,12.7,,,,,,,,2023/2024
D1,2024-04-19,Ein Frankfurt,Augsburg,3,1,H,12,6,7,1,2,19,6,5,3,3,0,0,2.0,3.75,3.5,2.06,3.76,3.6,,,,,,,,2023/2024
D1,2024-04-20,FC Koln,Darmstadt,0,2,A,18,12,4,6,10,13,4,3,0,1,0,0,1.5,4.75,5.75,1.49,4.61,6.76,,,,,,,,2023/2024
D1,2024-04-20,Heidenheim,RB Leipzig,1,2,A,9,11,5,4,14,7,2,6,3,1,0,0,5.75,5.25,1.45,6.19,5.19,1.46,,,,,,,,2023/2024
D1,2024-04-20,Hoffenheim,M'gladbach,4,3,H,27,13,9,7,6,11,6,5,1,3,0,0,2.1,4.0,3.1,2.16,4.04,3.09,,,,,,,,2023/2024
D1,2024-04-20,Wolfsburg,Bochum,1,0,H,10,9,5,1,11,16,5,8,4,3,0,0,1.75,4.0,4.33,1.81,3.88,4.43,,,,,,,,2023/2024
D1,2024-04-20,Union Berlin,Bayern Munich,1,5,A,15,18,4,9,5,4,5,3,0,0,0,0,4.75,4.5,1.62,4.94,4.62,1.62,,,,,,,,2023/2024
D1,2024-04-21,Freiburg,Mainz,1,1,D,7,17,3,4,17,15,2,4,3,4,0,0,2.6,3.5,2.6,2.58,3.59,2.72,,,,,,,,2023/2024
D1,2024-04-21,Werder Bremen,Stuttgart,2,1,H,9,14,2,5,11,10,1,7,3,3,0,0,4.75,4.75,1.57,5.11,4.66,1.6,,,,,,,,2023/2024
D1,2024-04-21,Dortmund,Leverkusen,1,1,D,9,13,2,5,14,11,2,6,4,3,0,0,2.55,3.8,2.55,2.56,3.84,2.5,,,,,,,,2023/2024
D1,2024-04-26,Bochum,Hoffenheim,3,2,H,35,12,13,4,13,10,10,4,1,1,0,0,2.15,4.0,2.9,2.21,4.0,3.06,,,,,,,,2023/2024
D1,2024-04-27,Augsburg,Werder Bremen,0,3,A,14,16,1,8,18,8,6,4,1,2,0,0,1.8,4.0,4.0,1.8,4.19,4.13,,,,,,,,2023/2024
D1,2024-04-27,Bayern Munich,Ein Frankfurt,2,1,H,19,10,9,3,11,7,4,2,0,3,0,0,1.4,5.25,7.0,1.42,5.46,6.65,,,,,,,,2023/2024
D1,2024-04-27,Freiburg,Wolfsburg,1,2,A,16,13,3,5,12,7,3,6,4,2,1,0,2.3,3.6,2.88,2.37,3.58,3.01,,,,,,,,2023/2024
D1,2024-04-27,RB Leipzig,Dortmund,4,1,H,21,12,7,5,11,7,5,8,1,2,0,0,1.67,4.33,4.5,1.68,4.45,4.61,,,,,,,,2023/2024
D1,2024-04-27,Leverkusen,Stuttgart,2,2,D,14,11,6,4,10,19,5,2,4,3,0,0,1.75,4.2,4.33,1.76,4.31,4.25,,,,,,,,2023/2024
D1,2024-04-28,Mainz,FC Koln,1,1,D,16,16,4,6,17,13,6,6,4,4,1,0,1.55,4.33,6.0,1.54,4.37,6.2,,,,,,,,2023/2024
D1,2024-04-28,Darmstadt,Heidenheim,0,1,A,12,19,4,6,14,12,3,8,2,1,0,0,3.3,3.75,2.1,3.42,3.71,2.12,,,,,,,,2023/2024
D1,2024-04-28,M'gladbach,Union Berlin,0,0,D,13,14,4,7,3,13,3,4,2,2,0,0,2.3,3.5,3.0,2.38,3.45,3.1,,,,,,,,2023/2024
D1,2024-05-03,Hoffenheim,RB Leipzig,1,1,D,18,8,8,5,6,8,4,4,1,3,0,1,5.25,5.0,1.5,5.44,5.24,1.52,,,,,,,,2023/2024
D1,2024-05-04,Dortmund,Augsburg,5,1,H,21,20,10,4,4,11,6,9,0,1,0,0,1.85,4.33,3.6,1.86,4.37,3.7,,,,,,,,2023/2024
D1,2024-05-04,Stuttgart,Bayern Munich,3,1,H,24,10,11,3,10,8,3,1,1,2,0,0,2.1,4.0,3.1,2.13,4.14,3.09,,,,,,,,2023/2024
D1,2024-05-04,Werder Bremen,M'gladbach,2,2,D,17,17,6,7,6,7,7,2,0,0,0,0,2.25,3.75,3.0,2.31,3.83,2.94,,,,,,,,2023/2024
D1,2024-05-04,Wolfsburg,Darmstadt,3,0,H,18,6,6,1,11,13,9,2,0,3,0,0,1.4,5.0,8.0,1.4,5.13,7.8,,,,,,,,2023/2024
D1,2024-05-04,FC Koln,Freiburg,0,0,D,20,4,7,0,10,9,7,1,1,1,0,0,2.3,3.75,2.88,2.37,3.66,2.95,,,,,,,,2023/2024
D1,2024-05-05,Union Berlin,Bochum,3,4,A,12,17,6,5,13,16,6,4,0,1,0,0,1.95,3.5,4.0,1.97,3.51,4.12,,,,,,,,2023/2024
D1,2024-05-05,Ein Frankfurt,Leverkusen,1,5,A,16,10,5,6,10,4,10,5,0,0,0,0,3.2,3.5,2.2,3.27,3.68,2.19,,,,,,,,2023/2024
D1,2024-05-05,Heidenheim,Mainz,1,1,D,16,10,6,4,8,8,6,3,2,3,0,0,3.0,3.5,2.3,3.03,3.58,2.36,,,,,,,,2023/2024
D1,2024-05-10,Augsburg,Stuttgart,0,1,A,9,19,1,7,15,9,5,5,4,2,0,0,4.0,4.2,1.75,3.92,4.45,1.82,,,,,,,,2023/2024
D1,2024-05-11,FC Koln,Union Berlin,3,2,H,18,14,5,6,15,16,6,8,3,2,0,0,2.8,3.3,2.55,2.79,3.39,2.63,,,,,,,,2023/2024
D1,2024-05-11,Freiburg,Heidenheim,1,1,D,19,9,3,3,9,11,2,4,1,1,0,0,1.7,4.0,4.5,1.72,4.07,4.78,,,,,,,,2023/2024
D1,2024-05-11,M'gladbach,Ein Frankfurt,1,1,D,6,16,3,1,9,10,2,8,1,0,0,0,2.45,3.75,2.63,2.53,3.73,2.7,,,,,,,,2023/2024
D1,2024-05-11,RB Leipzig,Werder Bremen,1,1,D,13,10,5,1,12,6,4,3,1,0,0,0,1.29,6.5,8.0,1.29,6.72,8.41,,,,,,,,2023/2024
D1,2024-05-11,Mainz,Dortmund,3,0,H,14,10,6,2,14,11,4,2,2,2,0,0,2.2,3.6,3.1,2.19,3.97,3.08,,,,,,,,2023/2024
D1,2024-05-12,Darmstadt,Hoffenheim,0,6,A,9,12,1,7,9,3,2,3,3,0,0,0,4.75,4.5,1.62,4.67,4.73,1.64,,,,,,,,2023/2024
D1,2024-05-12,Bayern Munich,Wolfsburg,2,0,H,5,5,3,2,7,8,4,0,0,2,0,0,1.33,6.0,7.5,1.34,6.36,7.4,,,,,,,,2023/2024
D1,2024-05-12,Bochum,Leverkusen,0,5,A,2,28,0,10,5,10,2,6,2,1,1,0,4.2,4.33,1.7,4.42,4.35,1.72,,,,,,,,2023/2024
D1,2024-05-18,Ein Frankfurt,RB Leipzig,2,2,D,19,9,6,5,10,11,8,3,2,2,0,0,2.8,3.8,2.3,2.78,3.75,2.43,,,,,,,,2023/2024
D1,2024-05-18,Dortmund,Darmstadt,4,0,H,21,7,10,1,4,10,7,3,0,3,0,0,1.17,8.5,13.0,1.15,9.67,14.01,,,,,,,,2023/2024
D1,2024-05-18,Heidenheim,FC Koln,4,1,H,13,19,7,9,9,20,5,12,1,3,0,0,2.3,4.0,2.7,2.35,4.0,2.74,,,,,,,,2023/2024
D1,2024-05-18,Hoffenheim,Bayern Munich,4,2,H,17,12,9,4,7,9,6,5,3,1,0,0,2.88,4.5,2.0,3.07,4.34,2.07,,,,,,,,2023/2024
D1,2024-05-18,Leverkusen,Augsburg,2,1,H,19,8,8,2,6,7,5,4,0,1,0,0,1.3,6.0,9.0,1.3,6.65,7.63,,,,,,,,2023/2024
D1,2024-05-18,Union Berlin,Freiburg,2,1,H,14,11,5,5,14,9,3,7,7,4,0,0,2.1,3.4,3.5,2.15,3.39,3.57,,,,,,,,2023/2024
D1,2024-05-18,Stuttgart,M'gladbach,4,0,H,21,13,11,5,4,9,8,4,1,2,0,0,1.29,6.25,8.5,1.28,6.62,8.47,,,,,,,,2023/2024
D1,2024-05-18,Werder Bremen,Bochum,4,1,H,25,26,12,8,12,12,8,8,1,1,0,0,2.38,3.6,2.8,2.37,3.61,2.94,,,,,,,,2023/2024
D1,2024-05-18,Wolfsburg,Mainz,1,3,A,12,12,4,6,13,15,1,3,2,3,0,0,3.2,3.5,2.2,3.28,3.54,2.21,,,,,,,,2023/2024
